resolver,outcome,domain,cache_state,query_time_ns,response_rcode,ad_flag,timestamp,error
bind,expired,test.test-expired.example,cold,1666688,2,False,1788804150.387769,
bind,expired,test.test-expired.example,cold,1593930,2,False,1788804150.3894484,
bind,expired,test.test-expired.example,cold,1846809,2,False,1788804150.391363,
bind,expired,test.test-expired.example,cold,1502389,2,False,1788804150.3930838,
bind,expired,test.test-expired.example,cold,1406688,2,False,1788804150.3946035,
bind,expired,test.test-expired.example,cold,1535310,2,False,1788804150.3962119,
bind,expired,test.test-expired.example,cold,1744089,2,False,1788804150.3980238,
bind,expired,test.test-expired.example,cold,1544742,2,False,1788804150.3996751,
bind,expired,test.test-expired.example,cold,1488213,2,False,1788804150.4012501,
bind,expired,test.test-expired.example,cold,5503257,2,False,1788804150.4068325,
bind,expired,test.test-expired.example,cold,8245931,2,False,1788804150.4152021,
bind,expired,test.test-expired.example,cold,1822145,2,False,1788804150.4172113,
bind,expired,test.test-expired.example,cold,1340045,2,False,1788804150.418636,
bind,expired,test.test-expired.example,cold,1296815,2,False,1788804150.4200046,
bind,expired,test.test-expired.example,cold,1118727,2,False,1788804150.4211884,
bind,expired,test.test-expired.example,cold,1359815,2,False,1788804150.4226284,
bind,expired,test.test-expired.example,cold,1779967,2,False,1788804150.4244938,
bind,expired,test.test-expired.example,cold,1413687,2,False,1788804150.4260151,
bind,expired,test.test-expired.example,cold,1501846,2,False,1788804150.427591,
bind,expired,test.test-expired.example,cold,4371323,2,False,1788804150.4320338,
bind,expired,test.test-expired.example,cold,3226930,2,False,1788804150.4353561,
bind,expired,test.test-expired.example,cold,4458802,2,False,1788804150.439906,
bind,expired,test.test-expired.example,cold,1568490,2,False,1788804150.4415755,
bind,expired,test.test-expired.example,cold,5371912,2,False,1788804150.4470513,
bind,expired,test.test-expired.example,cold,2114339,2,False,1788804150.449323,
bind,expired,test.test-expired.example,cold,2380754,2,False,1788804150.4518423,
bind,expired,test.test-expired.example,cold,1974671,2,False,1788804150.4539387,
bind,expired,test.test-expired.example,cold,1637256,2,False,1788804150.4556904,
bind,expired,test.test-expired.example,cold,1326409,2,False,1788804150.4571059,
bind,expired,test.test-expired.example,cold,1350691,2,False,1788804150.4585385,
bind,expired,test.test-expired.example,cold,5761426,2,False,1788804150.4644353,
bind,expired,test.test-expired.example,cold,6557674,2,False,1788804150.4711452,
bind,expired,test.test-expired.example,cold,3587151,2,False,1788804150.4749396,
bind,expired,test.test-expired.example,cold,7068787,2,False,1788804150.482154,
bind,expired,test.test-expired.example,cold,1928672,2,False,1788804150.4842043,
bind,expired,test.test-expired.example,cold,6705017,2,False,1788804150.4910128,
bind,expired,test.test-expired.example,cold,5107503,2,False,1788804150.4963052,
bind,expired,test.test-expired.example,cold,1733630,2,False,1788804150.49816,
bind,expired,test.test-expired.example,cold,1490828,2,False,1788804150.4997694,
bind,expired,test.test-expired.example,cold,1489707,2,False,1788804150.5013363,
bind,expired,test.test-expired.example,cold,5815352,2,False,1788804150.5072637,
bind,expired,test.test-expired.example,cold,1914208,2,False,1788804150.5093293,
bind,expired,test.test-expired.example,cold,1337972,2,False,1788804150.5107708,
bind,expired,test.test-expired.example,cold,1377566,2,False,1788804150.5122325,
bind,expired,test.test-expired.example,cold,1158685,2,False,1788804150.5134716,
bind,expired,test.test-expired.example,cold,1458500,2,False,1788804150.5150123,
bind,expired,test.test-expired.example,cold,1899018,2,False,1788804150.5169888,
bind,expired,test.test-expired.example,cold,1690668,2,False,1788804150.518809,
bind,expired,test.test-expired.example,cold,2708533,2,False,1788804150.521604,
bind,expired,test.test-expired.example,cold,2692605,2,False,1788804150.5244324,
bind,expired,test.test-expired.example,cold,1960721,2,False,1788804150.5265172,
bind,expired,test.test-expired.example,cold,1552548,2,False,1788804150.5282693,
bind,expired,test.test-expired.example,cold,1557785,2,False,1788804150.5299144,
bind,expired,test.test-expired.example,cold,2856710,2,False,1788804150.5328517,
bind,expired,test.test-expired.example,cold,1736734,2,False,1788804150.534852,
bind,expired,test.test-expired.example,cold,1734372,2,False,1788804150.536689,
bind,expired,test.test-expired.example,cold,1618454,2,False,1788804150.5384061,
bind,expired,test.test-expired.example,cold,2130023,2,False,1788804150.5406222,
bind,expired,test.test-expired.example,cold,1780127,2,False,1788804150.5426135,
bind,expired,test.test-expired.example,cold,1778898,2,False,1788804150.5445051,
bind,expired,test.test-expired.example,cold,1698532,2,False,1788804150.5463018,
bind,expired,test.test-expired.example,cold,1379750,2,False,1788804150.547935,
bind,expired,test.test-expired.example,cold,1182476,2,False,1788804150.5491953,
bind,expired,test.test-expired.example,cold,1353732,2,False,1788804150.5506237,
bind,expired,test.test-expired.example,cold,1266835,2,False,1788804150.551956,
bind,expired,test.test-expired.example,cold,1299532,2,False,1788804150.5533333,
bind,expired,test.test-expired.example,cold,1545403,2,False,1788804150.555052,
bind,expired,test.test-expired.example,cold,1831988,2,False,1788804150.5569959,
bind,expired,test.test-expired.example,cold,2373176,2,False,1788804150.5595484,
bind,expired,test.test-expired.example,cold,2240613,2,False,1788804150.5619245,
bind,expired,test.test-expired.example,cold,2507512,2,False,1788804150.5645218,
bind,expired,test.test-expired.example,cold,1714938,2,False,1788804150.566345,
bind,expired,test.test-expired.example,cold,1552888,2,False,1788804150.5680733,
bind,expired,test.test-expired.example,cold,1518740,2,False,1788804150.569665,
bind,expired,test.test-expired.example,cold,2001408,2,False,1788804150.5717514,
bind,expired,test.test-expired.example,cold,1717504,2,False,1788804150.573671,
bind,expired,test.test-expired.example,cold,1869958,2,False,1788804150.5756512,
bind,expired,test.test-expired.example,cold,1553717,2,False,1788804150.5772872,
bind,expired,test.test-expired.example,cold,1653567,2,False,1788804150.5790248,
bind,expired,test.test-expired.example,cold,1747576,2,False,1788804150.5808578,
bind,expired,test.test-expired.example,cold,1730954,2,False,1788804150.582676,
bind,expired,test.test-expired.example,cold,1877460,2,False,1788804150.5846512,
bind,expired,test.test-expired.example,cold,2190787,2,False,1788804150.5869322,
bind,expired,test.test-expired.example,cold,1995312,2,False,1788804150.5890074,
bind,expired,test.test-expired.example,cold,2062937,2,False,1788804150.591162,
bind,expired,test.test-expired.example,cold,1378827,2,False,1788804150.5926344,
bind,expired,test.test-expired.example,cold,1854138,2,False,1788804150.5945702,
bind,expired,test.test-expired.example,cold,1938306,2,False,1788804150.5966117,
bind,expired,test.test-expired.example,cold,1754428,2,False,1788804150.5984693,
bind,expired,test.test-expired.example,cold,1844690,2,False,1788804150.600406,
bind,expired,test.test-expired.example,cold,2915278,2,False,1788804150.6034136,
bind,expired,test.test-expired.example,cold,2204948,2,False,1788804150.6057136,
bind,expired,test.test-expired.example,cold,1600239,2,False,1788804150.6074033,
bind,expired,test.test-expired.example,cold,1540775,2,False,1788804150.609024,
bind,expired,test.test-expired.example,cold,1529163,2,False,1788804150.6106322,
bind,expired,test.test-expired.example,cold,1661137,2,False,1788804150.6123664,
bind,expired,test.test-expired.example,cold,1627853,2,False,1788804150.6140728,
bind,expired,test.test-expired.example,cold,1777551,2,False,1788804150.6159327,
bind,expired,test.test-expired.example,cold,2992414,2,False,1788804150.6190567,
bind,expired,test.test-expired.example,cold,1976032,2,False,1788804150.6211653,
bind,expired,test.test-expired.example,cold,1613297,2,False,1788804150.6228597,
bind,expired,test.test-expired.example,cold,1412908,2,False,1788804150.6243544,
bind,expired,test.test-expired.example,cold,1472243,2,False,1788804150.6259181,
bind,expired,test.test-expired.example,cold,1582744,2,False,1788804150.6275973,
bind,expired,test.test-expired.example,cold,1563416,2,False,1788804150.629287,
bind,expired,test.test-expired.example,cold,1654148,2,False,1788804150.6310794,
bind,expired,test.test-expired.example,cold,1468090,2,False,1788804150.6327763,
bind,expired,test.test-expired.example,cold,1958680,2,False,1788804150.634815,
bind,expired,test.test-expired.example,cold,1758560,2,False,1788804150.636662,
bind,expired,test.test-expired.example,cold,5366842,2,False,1788804150.6421256,
bind,expired,test.test-expired.example,cold,2083298,2,False,1788804150.6443312,
bind,expired,test.test-expired.example,cold,1856959,2,False,1788804150.6462853,
bind,expired,test.test-expired.example,cold,2090430,2,False,1788804150.6484673,
bind,expired,test.test-expired.example,cold,2411653,2,False,1788804150.6509957,
bind,expired,test.test-expired.example,cold,6594201,2,False,1788804150.6576946,
bind,expired,test.test-expired.example,cold,1998929,2,False,1788804150.659924,
bind,expired,test.test-expired.example,cold,1563104,2,False,1788804150.6615736,
bind,expired,test.test-expired.example,cold,1622234,2,False,1788804150.6632695,
bind,expired,test.test-expired.example,cold,1838792,2,False,1788804150.6651902,
bind,expired,test.test-expired.example,cold,1784703,2,False,1788804150.6670597,
bind,expired,test.test-expired.example,cold,1658775,2,False,1788804150.668791,
bind,expired,test.test-expired.example,cold,1845506,2,False,1788804150.6707067,
bind,expired,test.test-expired.example,cold,1672065,2,False,1788804150.6724734,
bind,expired,test.test-expired.example,cold,1916755,2,False,1788804150.6744664,
bind,expired,test.test-expired.example,cold,2787299,2,False,1788804150.6773696,
bind,expired,test.test-expired.example,cold,2847260,2,False,1788804150.6803396,
bind,expired,test.test-expired.example,cold,2250462,2,False,1788804150.682727,
bind,expired,test.test-expired.example,cold,1740410,2,False,1788804150.684567,
bind,expired,test.test-expired.example,cold,1813533,2,False,1788804150.6865573,
bind,expired,test.test-expired.example,cold,1709166,2,False,1788804150.6883516,
bind,expired,test.test-expired.example,cold,1729874,2,False,1788804150.690159,
bind,expired,test.test-expired.example,cold,1820806,2,False,1788804150.6920583,
bind,expired,test.test-expired.example,cold,1572269,2,False,1788804150.693706,
bind,expired,test.test-expired.example,cold,5025762,2,False,1788804150.6988046,
bind,expired,test.test-expired.example,cold,2040144,2,False,1788804150.7009442,
bind,expired,test.test-expired.example,cold,1614542,2,False,1788804150.7026486,
bind,expired,test.test-expired.example,cold,1714014,2,False,1788804150.704538,
bind,expired,test.test-expired.example,cold,1454571,2,False,1788804150.7060676,
bind,expired,test.test-expired.example,cold,1931590,2,False,1788804150.7080762,
bind,expired,test.test-expired.example,cold,1866004,2,False,1788804150.7100306,
bind,expired,test.test-expired.example,cold,1778995,2,False,1788804150.7120254,
bind,expired,test.test-expired.example,cold,1629610,2,False,1788804150.7137308,
bind,expired,test.test-expired.example,cold,1822471,2,False,1788804150.715733,
bind,expired,test.test-expired.example,cold,1732770,2,False,1788804150.7175362,
bind,expired,test.test-expired.example,cold,1772721,2,False,1788804150.719387,
bind,expired,test.test-expired.example,cold,1775562,2,False,1788804150.7212508,
bind,expired,test.test-expired.example,cold,1727338,2,False,1788804150.723065,
bind,expired,test.test-expired.example,cold,1497252,2,False,1788804150.7246335,
bind,expired,test.test-expired.example,cold,1490986,2,False,1788804150.7262006,
bind,expired,test.test-expired.example,cold,1463649,2,False,1788804150.7277393,
bind,expired,test.test-expired.example,cold,1667091,2,False,1788804150.7294793,
bind,expired,test.test-expired.example,cold,1882419,2,False,1788804150.7315753,
bind,expired,test.test-expired.example,cold,2802727,2,False,1788804150.7344794,
bind,expired,test.test-expired.example,cold,1632764,2,False,1788804150.736208,
bind,expired,test.test-expired.example,cold,3377483,2,False,1788804150.739681,
bind,expired,test.test-expired.example,cold,1559599,2,False,1788804150.741412,
bind,expired,test.test-expired.example,cold,1650926,2,False,1788804150.7431526,
bind,expired,test.test-expired.example,cold,1626924,2,False,1788804150.7448695,
bind,expired,test.test-expired.example,cold,1278589,2,False,1788804150.7462459,
bind,expired,test.test-expired.example,cold,2011867,2,False,1788804150.7483466,
bind,expired,test.test-expired.example,cold,1466659,2,False,1788804150.7499087,
bind,expired,test.test-expired.example,cold,1749483,2,False,1788804150.751737,
bind,expired,test.test-expired.example,cold,1748672,2,False,1788804150.7535665,
bind,expired,test.test-expired.example,cold,1647103,2,False,1788804150.7552888,
bind,expired,test.test-expired.example,cold,1612046,2,False,1788804150.756974,
bind,expired,test.test-expired.example,cold,1600968,2,False,1788804150.7586486,
bind,expired,test.test-expired.example,cold,1720457,2,False,1788804150.7604442,
bind,expired,test.test-expired.example,cold,1718016,2,False,1788804150.762249,
bind,expired,test.test-expired.example,cold,1459037,2,False,1788804150.7638528,
bind,expired,test.test-expired.example,cold,1517065,2,False,1788804150.765437,
bind,expired,test.test-expired.example,cold,1764942,2,False,1788804150.7672737,
bind,expired,test.test-expired.example,cold,1427153,2,False,1788804150.768776,
bind,expired,test.test-expired.example,cold,1566762,2,False,1788804150.7704234,
bind,expired,test.test-expired.example,cold,1448332,2,False,1788804150.7719781,
bind,expired,test.test-expired.example,cold,5926947,2,False,1788804150.7779834,
bind,expired,test.test-expired.example,cold,2053963,2,False,1788804150.7801483,
bind,expired,test.test-expired.example,cold,1801693,2,False,1788804150.782059,
bind,expired,test.test-expired.example,cold,1535464,2,False,1788804150.7836857,
bind,expired,test.test-expired.example,cold,1514712,2,False,1788804150.7852936,
bind,expired,test.test-expired.example,cold,1513594,2,False,1788804150.786879,
bind,expired,test.test-expired.example,cold,1601424,2,False,1788804150.7885525,
bind,expired,test.test-expired.example,cold,1454575,2,False,1788804150.7900887,
bind,expired,test.test-expired.example,cold,2023010,2,False,1788804150.7921793,
bind,expired,test.test-expired.example,cold,1697125,2,False,1788804150.7939727,
bind,expired,test.test-expired.example,cold,1557925,2,False,1788804150.7956383,
bind,expired,test.test-expired.example,cold,1653160,2,False,1788804150.79735,
bind,expired,test.test-expired.example,cold,1389491,2,False,1788804150.7988214,
bind,expired,test.test-expired.example,cold,1432891,2,False,1788804150.8003478,
bind,expired,test.test-expired.example,cold,1425071,2,False,1788804150.8018746,
bind,expired,test.test-expired.example,cold,1342848,2,False,1788804150.8033009,
bind,expired,test.test-expired.example,cold,1499014,2,False,1788804150.804898,
bind,expired,test.test-expired.example,cold,1567990,2,False,1788804150.8065474,
bind,expired,test.test-expired.example,cold,1322592,2,False,1788804150.8079584,
bind,expired,test.test-expired.example,cold,1420467,2,False,1788804150.8094647,
bind,expired,test.test-expired.example,cold,2139565,2,False,1788804150.811858,
bind,expired,test.test-expired.example,cold,1825619,2,False,1788804150.8137846,
bind,expired,test.test-expired.example,cold,1520608,2,False,1788804150.8155913,
bind,expired,test.test-expired.example,cold,1823325,2,False,1788804150.8174968,
bind,expired,test.test-expired.example,cold,1806406,2,False,1788804150.819394,
bind,expired,test.test-expired.example,cold,1744995,2,False,1788804150.8212621,
bind,expired,test.test-expired.example,cold,4217405,2,False,1788804150.8256102,
bind,expired,test.test-expired.example,cold,1996975,2,False,1788804150.8277578,
bind,expired,test.test-expired.example,cold,1569104,2,False,1788804150.8294528,
bind,expired,test.test-expired.example,cold,1705905,2,False,1788804150.8312945,
bind,expired,test.test-expired.example,cold,1826640,2,False,1788804150.833194,
bind,expired,test.test-expired.example,cold,5398292,2,False,1788804150.838693,
bind,expired,test.test-expired.example,cold,1762315,2,False,1788804150.8405266,
bind,expired,test.test-expired.example,cold,1500624,2,False,1788804150.8420923,
bind,expired,test.test-expired.example,cold,1458771,2,False,1788804150.84363,
bind,expired,test.test-expired.example,cold,1390049,2,False,1788804150.8450735,
bind,expired,test.test-expired.example,cold,1568641,2,False,1788804150.8467379,
bind,expired,test.test-expired.example,cold,1444332,2,False,1788804150.848282,
bind,expired,test.test-expired.example,cold,1426300,2,False,1788804150.849914,
bind,expired,test.test-expired.example,cold,1334213,2,False,1788804150.8513262,
bind,expired,test.test-expired.example,cold,2107117,2,False,1788804150.8536272,
bind,expired,test.test-expired.example,cold,2319761,2,False,1788804150.8560407,
bind,expired,test.test-expired.example,cold,1573003,2,False,1788804150.8577077,
bind,expired,test.test-expired.example,cold,1898314,2,False,1788804150.8596826,
bind,expired,test.test-expired.example,cold,1643646,2,False,1788804150.861403,
bind,expired,test.test-expired.example,cold,1435247,2,False,1788804150.862922,
bind,expired,test.test-expired.example,cold,1339598,2,False,1788804150.8643367,
bind,expired,test.test-expired.example,cold,1351629,2,False,1788804150.865767,
bind,expired,test.test-expired.example,cold,1390557,2,False,1788804150.8673215,
bind,expired,test.test-expired.example,cold,1270503,2,False,1788804150.8687248,
bind,expired,test.test-expired.example,cold,1224301,2,False,1788804150.870083,
bind,expired,test.test-expired.example,cold,2043360,2,False,1788804150.8723187,
bind,expired,test.test-expired.example,cold,1511334,2,False,1788804150.8739154,
bind,expired,test.test-expired.example,cold,1411980,2,False,1788804150.8754094,
bind,expired,test.test-expired.example,cold,1288047,2,False,1788804150.8767781,
bind,expired,test.test-expired.example,cold,1298356,2,False,1788804150.8782349,
bind,expired,test.test-expired.example,cold,1501655,2,False,1788804150.879811,
bind,expired,test.test-expired.example,cold,1365554,2,False,1788804150.8813128,
bind,expired,test.test-expired.example,cold,1538866,2,False,1788804150.8829944,
bind,expired,test.test-expired.example,cold,1478809,2,False,1788804150.8845527,
bind,expired,test.test-expired.example,cold,1352404,2,False,1788804150.885984,
bind,expired,test.test-expired.example,cold,1654406,2,False,1788804150.8878942,
bind,expired,test.test-expired.example,cold,1567612,2,False,1788804150.8896494,
bind,expired,test.test-expired.example,cold,1359417,2,False,1788804150.8910832,
bind,expired,test.test-expired.example,cold,3192119,2,False,1788804150.8944676,
bind,expired,test.test-expired.example,cold,1900576,2,False,1788804150.896462,
bind,expired,test.test-expired.example,cold,1470889,2,False,1788804150.8980165,
bind,expired,test.test-expired.example,cold,3658332,2,False,1788804150.9018445,
bind,expired,test.test-expired.example,cold,4640428,2,False,1788804150.906551,
bind,expired,test.test-expired.example,cold,2184468,2,False,1788804150.908832,
bind,expired,test.test-expired.example,cold,1834695,2,False,1788804150.9107556,
bind,expired,test.test-expired.example,cold,1705830,2,False,1788804150.9125614,
bind,expired,test.test-expired.example,cold,1466403,2,False,1788804150.914111,
bind,expired,test.test-expired.example,cold,1669195,2,False,1788804150.9158566,
bind,expired,test.test-expired.example,cold,2525555,2,False,1788804150.9187741,
bind,expired,test.test-expired.example,cold,1940951,2,False,1788804150.920785,
bind,expired,test.test-expired.example,cold,1540989,2,False,1788804150.922415,
bind,expired,test.test-expired.example,cold,1501542,2,False,1788804150.924012,
bind,expired,test.test-expired.example,cold,1650861,2,False,1788804150.9257243,
bind,expired,test.test-expired.example,cold,1489171,2,False,1788804150.9273875,
bind,expired,test.test-expired.example,cold,1314399,2,False,1788804150.928775,
bind,expired,test.test-expired.example,cold,1459820,2,False,1788804150.9303014,
bind,expired,test.test-expired.example,cold,1633317,2,False,1788804150.932062,
bind,expired,test.test-expired.example,cold,3183121,2,False,1788804150.935328,
bind,expired,test.test-expired.example,cold,1854374,2,False,1788804150.9372883,
bind,expired,test.test-expired.example,cold,2022567,2,False,1788804150.93942,
bind,expired,test.test-expired.example,cold,1857024,2,False,1788804150.9414692,
bind,expired,test.test-expired.example,cold,1603791,2,False,1788804150.9431725,
bind,expired,test.test-expired.example,cold,1748494,2,False,1788804150.9450474,
bind,expired,test.test-expired.example,cold,1902270,2,False,1788804150.9470963,
bind,expired,test.test-expired.example,cold,1516211,2,False,1788804150.948712,
bind,expired,test.test-expired.example,cold,1875518,2,False,1788804150.9507275,
bind,expired,test.test-expired.example,cold,2391614,2,False,1788804150.953216,
bind,expired,test.test-expired.example,cold,5527729,2,False,1788804150.9588678,
bind,expired,test.test-expired.example,cold,2129064,2,False,1788804150.9611015,
bind,expired,test.test-expired.example,cold,2001526,2,False,1788804150.9632187,
bind,expired,test.test-expired.example,cold,1975080,2,False,1788804150.9653027,
bind,expired,test.test-expired.example,cold,3817891,2,False,1788804150.9692266,
bind,expired,test.test-expired.example,cold,2102200,2,False,1788804150.9714577,
bind,expired,test.test-expired.example,cold,2923745,2,False,1788804150.9744904,
bind,expired,test.test-expired.example,cold,2267033,2,False,1788804150.976897,
bind,expired,test.test-expired.example,cold,2645993,2,False,1788804150.9796581,
bind,expired,test.test-expired.example,cold,2328066,2,False,1788804150.982093,
bind,expired,test.test-expired.example,cold,1630687,2,False,1788804150.9838028,
bind,expired,test.test-expired.example,cold,1582219,2,False,1788804150.985538,
bind,expired,test.test-expired.example,cold,1833041,2,False,1788804150.9874644,
bind,expired,test.test-expired.example,cold,1875725,2,False,1788804150.9894228,
bind,expired,test.test-expired.example,cold,1887178,2,False,1788804150.9913955,
bind,expired,test.test-expired.example,cold,1854867,2,False,1788804150.9933279,
bind,expired,test.test-expired.example,cold,1717179,2,False,1788804150.9951203,
bind,expired,test.test-expired.example,cold,1430781,2,False,1788804150.996625,
bind,expired,test.test-expired.example,cold,1952732,2,False,1788804150.9986556,
bind,expired,test.test-expired.example,cold,1640787,2,False,1788804151.0003817,
bind,expired,test.test-expired.example,cold,1554095,2,False,1788804151.0020103,
bind,expired,test.test-expired.example,cold,1618988,2,False,1788804151.0037053,
bind,expired,test.test-expired.example,cold,1722367,2,False,1788804151.005503,
bind,expired,test.test-expired.example,cold,1644007,2,False,1788804151.0072873,
bind,expired,test.test-expired.example,cold,5951501,2,False,1788804151.01333,
bind,expired,test.test-expired.example,cold,1853969,2,False,1788804151.0153303,
bind,expired,test.test-expired.example,cold,1634201,2,False,1788804151.0170608,
bind,expired,test.test-expired.example,cold,1509919,2,False,1788804151.0186756,
bind,expired,test.test-expired.example,cold,5299927,2,False,1788804151.024125,
bind,expired,test.test-expired.example,cold,2216753,2,False,1788804151.0264583,
bind,expired,test.test-expired.example,cold,1714704,2,False,1788804151.0282893,
bind,expired,test.test-expired.example,cold,1899665,2,False,1788804151.0302863,
bind,expired,test.test-expired.example,cold,2282930,2,False,1788804151.0328267,
bind,expired,test.test-expired.example,cold,1915373,2,False,1788804151.03485,
bind,expired,test.test-expired.example,cold,1583715,2,False,1788804151.0365212,
bind,expired,test.test-expired.example,cold,1517537,2,False,1788804151.0381203,
bind,expired,test.test-expired.example,cold,1635452,2,False,1788804151.039833,
bind,expired,test.test-expired.example,cold,2144849,2,False,1788804151.0420566,
bind,expired,test.test-expired.example,cold,1718110,2,False,1788804151.0438735,
bind,expired,test.test-expired.example,cold,2026780,2,False,1788804151.04598,
bind,expired,test.test-expired.example,cold,1819041,2,False,1788804151.047885,
bind,expired,test.test-expired.example,cold,1704641,2,False,1788804151.049785,
bind,expired,test.test-expired.example,cold,1724195,2,False,1788804151.0515816,
bind,expired,test.test-expired.example,cold,6817504,2,False,1788804151.0585074,
bind,expired,test.test-expired.example,cold,2470353,2,False,1788804151.0611186,
bind,expired,test.test-expired.example,cold,2219352,2,False,1788804151.0634367,
bind,expired,test.test-expired.example,cold,4905473,2,False,1788804151.068494,
bind,expired,test.test-expired.example,cold,1943480,2,False,1788804151.0705793,
bind,expired,test.test-expired.example,cold,1761507,2,False,1788804151.072396,
bind,expired,test.test-expired.example,cold,1531453,2,False,1788804151.0740118,
bind,expired,test.test-expired.example,cold,1669863,2,False,1788804151.0757906,
bind,expired,test.test-expired.example,cold,2439433,2,False,1788804151.078328,
bind,expired,test.test-expired.example,cold,1843212,2,False,1788804151.0803246,
bind,expired,test.test-expired.example,cold,1544573,2,False,1788804151.0819747,
bind,expired,test.test-expired.example,cold,1519351,2,False,1788804151.083599,
bind,expired,test.test-expired.example,cold,1642262,2,False,1788804151.0853033,
bind,expired,test.test-expired.example,cold,1500639,2,False,1788804151.0868912,
bind,expired,test.test-expired.example,cold,1506201,2,False,1788804151.0884798,
bind,expired,test.test-expired.example,cold,1525311,2,False,1788804151.0900757,
bind,expired,test.test-expired.example,cold,1615138,2,False,1788804151.0918477,
bind,expired,test.test-expired.example,cold,2699980,2,False,1788804151.0947554,
bind,expired,test.test-expired.example,cold,4018018,2,False,1788804151.0989344,
bind,expired,test.test-expired.example,cold,1918080,2,False,1788804151.1009765,
bind,expired,test.test-expired.example,cold,1792231,2,False,1788804151.102862,
bind,expired,test.test-expired.example,cold,1507655,2,False,1788804151.1044693,
bind,expired,test.test-expired.example,cold,1686957,2,False,1788804151.1062276,
bind,expired,test.test-expired.example,cold,1872118,2,False,1788804151.1081786,
bind,expired,test.test-expired.example,cold,2493576,2,False,1788804151.1107645,
bind,expired,test.test-expired.example,cold,1456349,2,False,1788804151.1123133,
bind,expired,test.test-expired.example,cold,1713192,2,False,1788804151.114231,
bind,expired,test.test-expired.example,cold,1666385,2,False,1788804151.1159828,
bind,expired,test.test-expired.example,cold,1639849,2,False,1788804151.117716,
bind,expired,test.test-expired.example,cold,1883729,2,False,1788804151.1196961,
bind,expired,test.test-expired.example,cold,1741575,2,False,1788804151.121541,
bind,expired,test.test-expired.example,cold,3418106,2,False,1788804151.1250498,
bind,expired,test.test-expired.example,cold,2250803,2,False,1788804151.127544,
bind,expired,test.test-expired.example,cold,1888750,2,False,1788804151.129549,
bind,expired,test.test-expired.example,cold,4760443,2,False,1788804151.1344545,
bind,expired,test.test-expired.example,cold,1983607,2,False,1788804151.1365893,
bind,expired,test.test-expired.example,cold,3109324,2,False,1788804151.1398087,
bind,expired,test.test-expired.example,cold,2479060,2,False,1788804151.142397,
bind,expired,test.test-expired.example,cold,1647240,2,False,1788804151.1441355,
bind,expired,test.test-expired.example,cold,1766572,2,False,1788804151.1462755,
bind,expired,test.test-expired.example,cold,1654088,2,False,1788804151.1480436,
bind,expired,test.test-expired.example,cold,1439415,2,False,1788804151.1495702,
bind,expired,test.test-expired.example,cold,1262600,2,False,1788804151.1509147,
bind,expired,test.test-expired.example,cold,1483010,2,False,1788804151.1524842,
bind,expired,test.test-expired.example,cold,1492660,2,False,1788804151.1540647,
bind,expired,test.test-expired.example,cold,1600516,2,False,1788804151.155755,
bind,expired,test.test-expired.example,cold,1724597,2,False,1788804151.157576,
bind,expired,test.test-expired.example,cold,2497521,2,False,1788804151.1601896,
bind,expired,test.test-expired.example,cold,1794270,2,False,1788804151.1620908,
bind,expired,test.test-expired.example,cold,1590436,2,False,1788804151.1637704,
bind,expired,test.test-expired.example,cold,1250662,2,False,1788804151.165109,
bind,expired,test.test-expired.example,cold,1704805,2,False,1788804151.1669512,
bind,expired,test.test-expired.example,cold,1629673,2,False,1788804151.168671,
bind,expired,test.test-expired.example,cold,3494069,2,False,1788804151.17227,
bind,expired,test.test-expired.example,cold,3686609,2,False,1788804151.176074,
bind,expired,test.test-expired.example,cold,1724438,2,False,1788804151.177906,
bind,expired,test.test-expired.example,cold,1546904,2,False,1788804151.1797333,
bind,expired,test.test-expired.example,cold,1625431,2,False,1788804151.181423,
bind,expired,test.test-expired.example,cold,1474397,2,False,1788804151.1829662,
bind,expired,test.test-expired.example,cold,1719917,2,False,1788804151.1847918,
bind,expired,test.test-expired.example,cold,1689787,2,False,1788804151.186591,
bind,expired,test.test-expired.example,cold,1702982,2,False,1788804151.1884184,
bind,expired,test.test-expired.example,cold,1644651,2,False,1788804151.190152,
bind,expired,test.test-expired.example,cold,2070605,2,False,1788804151.1923215,
bind,expired,test.test-expired.example,cold,2565386,2,False,1788804151.1950302,
bind,expired,test.test-expired.example,cold,1680911,2,False,1788804151.1968358,
bind,expired,test.test-expired.example,cold,2757195,2,False,1788804151.199705,
bind,expired,test.test-expired.example,cold,3343170,2,False,1788804151.2031746,
bind,expired,test.test-expired.example,cold,2062151,2,False,1788804151.205339,
bind,expired,test.test-expired.example,cold,2155704,2,False,1788804151.2075853,
bind,expired,test.test-expired.example,cold,6152812,2,False,1788804151.213963,
bind,expired,test.test-expired.example,cold,2601398,2,False,1788804151.2166734,
bind,expired,test.test-expired.example,cold,2344990,2,False,1788804151.2191353,
bind,expired,test.test-expired.example,cold,2679536,2,False,1788804151.2220314,
bind,expired,test.test-expired.example,cold,5590487,2,False,1788804151.227748,
bind,expired,test.test-expired.example,cold,2282824,2,False,1788804151.2301524,
bind,expired,test.test-expired.example,cold,3253050,2,False,1788804151.2358994,
bind,expired,test.test-expired.example,cold,3848378,2,False,1788804151.239931,
bind,expired,test.test-expired.example,cold,2404104,2,False,1788804151.242597,
bind,expired,test.test-expired.example,cold,2627796,2,False,1788804151.2453256,
bind,expired,test.test-expired.example,cold,2310589,2,False,1788804151.2478743,
bind,expired,test.test-expired.example,cold,3264407,2,False,1788804151.2512445,
bind,expired,test.test-expired.example,cold,1485130,2,False,1788804151.25288,
bind,expired,test.test-expired.example,cold,1993523,2,False,1788804151.2549605,
bind,expired,test.test-expired.example,cold,2208229,2,False,1788804151.2600558,
bind,expired,test.test-expired.example,cold,1749809,2,False,1788804151.262001,
bind,expired,test.test-expired.example,cold,1719223,2,False,1788804151.2638004,
bind,expired,test.test-expired.example,cold,1684437,2,False,1788804151.2655418,
bind,expired,test.test-expired.example,cold,1834883,2,False,1788804151.2674665,
bind,expired,test.test-expired.example,cold,1538269,2,False,1788804151.2691507,
bind,expired,test.test-expired.example,cold,1494779,2,False,1788804151.270723,
bind,expired,test.test-expired.example,cold,1479130,2,False,1788804151.2722766,
bind,expired,test.test-expired.example,cold,1418686,2,False,1788804151.2737668,
bind,expired,test.test-expired.example,cold,1418165,2,False,1788804151.2752576,
bind,expired,test.test-expired.example,cold,1338082,2,False,1788804151.2766726,
bind,expired,test.test-expired.example,cold,1130537,2,False,1788804151.2778723,
bind,expired,test.test-expired.example,cold,1548483,2,False,1788804151.2794852,
bind,expired,test.test-expired.example,cold,1833656,2,False,1788804151.2813878,
bind,expired,test.test-expired.example,cold,1563851,2,False,1788804151.2830393,
bind,expired,test.test-expired.example,cold,1649356,2,False,1788804151.2847548,
bind,expired,test.test-expired.example,cold,1744785,2,False,1788804151.2865767,
bind,expired,test.test-expired.example,cold,1318864,2,False,1788804151.2879763,
bind,expired,test.test-expired.example,cold,1640489,2,False,1788804151.2896864,
bind,expired,test.test-expired.example,cold,1328512,2,False,1788804151.2910867,
bind,expired,test.test-expired.example,cold,1309178,2,False,1788804151.292472,
bind,expired,test.test-expired.example,cold,1452283,2,False,1788804151.2939944,
bind,expired,test.test-expired.example,cold,4587352,2,False,1788804151.298657,
bind,expired,test.test-expired.example,cold,1914621,2,False,1788804151.300668,
bind,expired,test.test-expired.example,cold,2990262,2,False,1788804151.3037674,
bind,expired,test.test-expired.example,cold,3984025,2,False,1788804151.3078697,
bind,expired,test.test-expired.example,cold,3116625,2,False,1788804151.3111258,
bind,expired,test.test-expired.example,cold,2110721,2,False,1788804151.3133476,
bind,expired,test.test-expired.example,cold,2243937,2,False,1788804151.3156893,
bind,expired,test.test-expired.example,cold,2516784,2,False,1788804151.3183045,
bind,expired,test.test-expired.example,cold,1609024,2,False,1788804151.3200443,
bind,expired,test.test-expired.example,cold,1547010,2,False,1788804151.3217888,
bind,expired,test.test-expired.example,cold,1587720,2,False,1788804151.3234713,
bind,expired,test.test-expired.example,cold,1465432,2,False,1788804151.325018,
bind,expired,test.test-expired.example,cold,1667661,2,False,1788804151.3268707,
bind,expired,test.test-expired.example,cold,1629127,2,False,1788804151.3285809,
bind,expired,test.test-expired.example,cold,1866859,2,False,1788804151.3305418,
bind,expired,test.test-expired.example,cold,2262895,2,False,1788804151.3329167,
bind,expired,test.test-expired.example,cold,4228028,2,False,1788804151.3372388,
bind,expired,test.test-expired.example,cold,1843001,2,False,1788804151.3391697,
bind,expired,test.test-expired.example,cold,2668720,2,False,1788804151.3419256,
bind,expired,test.test-expired.example,cold,1953727,2,False,1788804151.3439786,
bind,expired,test.test-expired.example,cold,1726478,2,False,1788804151.3457892,
bind,expired,test.test-expired.example,cold,1769945,2,False,1788804151.3476477,
bind,expired,test.test-expired.example,cold,1684273,2,False,1788804151.3494117,
bind,expired,test.test-expired.example,cold,1405034,2,False,1788804151.3508947,
bind,expired,test.test-expired.example,cold,1505474,2,False,1788804151.3524714,
bind,expired,test.test-expired.example,cold,1480994,2,False,1788804151.3540215,
bind,expired,test.test-expired.example,cold,1525321,2,False,1788804151.3556151,
bind,expired,test.test-expired.example,cold,1684668,2,False,1788804151.3573692,
bind,expired,test.test-expired.example,cold,1662718,2,False,1788804151.3591008,
bind,expired,test.test-expired.example,cold,1548656,2,False,1788804151.360728,
bind,expired,test.test-expired.example,cold,1554151,2,False,1788804151.3623583,
bind,expired,test.test-expired.example,cold,1478492,2,False,1788804151.3639119,
bind,expired,test.test-expired.example,cold,1651784,2,False,1788804151.3656402,
bind,expired,test.test-expired.example,cold,1803146,2,False,1788804151.3675203,
bind,expired,test.test-expired.example,cold,1440527,2,False,1788804151.3690374,
bind,expired,test.test-expired.example,cold,1510565,2,False,1788804151.370626,
bind,expired,test.test-expired.example,cold,1427052,2,False,1788804151.3721325,
bind,expired,test.test-expired.example,cold,1376714,2,False,1788804151.3735864,
bind,expired,test.test-expired.example,cold,8753804,2,False,1788804151.382467,
bind,expired,test.test-expired.example,cold,2503994,2,False,1788804151.3851545,
bind,expired,test.test-expired.example,cold,1928736,2,False,1788804151.3872252,
bind,expired,test.test-expired.example,cold,1691293,2,False,1788804151.3890326,
bind,expired,test.test-expired.example,cold,3794224,2,False,1788804151.3929698,
bind,expired,test.test-expired.example,cold,2404624,2,False,1788804151.395515,
bind,expired,test.test-expired.example,cold,1800874,2,False,1788804151.3974745,
bind,expired,test.test-expired.example,cold,2045156,2,False,1788804151.399616,
bind,expired,test.test-expired.example,cold,2358066,2,False,1788804151.4021235,
bind,expired,test.test-expired.example,cold,2201412,2,False,1788804151.4046266,
bind,expired,test.test-expired.example,cold,1814329,2,False,1788804151.4065433,
bind,expired,test.test-expired.example,cold,1943028,2,False,1788804151.4086034,
bind,expired,test.test-expired.example,cold,2050932,2,False,1788804151.4107506,
bind,expired,test.test-expired.example,cold,1794194,2,False,1788804151.4126265,
bind,expired,test.test-expired.example,cold,1293675,2,False,1788804151.4140744,
bind,expired,test.test-expired.example,cold,1591263,2,False,1788804151.415739,
bind,expired,test.test-expired.example,cold,1919551,2,False,1788804151.4177437,
bind,expired,test.test-expired.example,cold,1393770,2,False,1788804151.4192135,
bind,expired,test.test-expired.example,cold,1614992,2,False,1788804151.4209,
bind,expired,test.test-expired.example,cold,1338576,2,False,1788804151.4223104,
bind,expired,test.test-expired.example,cold,1831045,2,False,1788804151.4243643,
bind,expired,test.test-expired.example,cold,1584148,2,False,1788804151.4260328,
bind,expired,test.test-expired.example,cold,1665714,2,False,1788804151.4278502,
bind,expired,test.test-expired.example,cold,1750904,2,False,1788804151.4296877,
bind,expired,test.test-expired.example,cold,1542900,2,False,1788804151.4313176,
bind,expired,test.test-expired.example,cold,1593450,2,False,1788804151.4329956,
bind,expired,test.test-expired.example,cold,1513753,2,False,1788804151.4346032,
bind,expired,test.test-expired.example,cold,5212069,2,False,1788804151.4398894,
bind,expired,test.test-expired.example,cold,1772028,2,False,1788804151.4417393,
bind,expired,test.test-expired.example,cold,1982070,2,False,1788804151.44381,
bind,expired,test.test-expired.example,cold,1584348,2,False,1788804151.4454944,
bind,expired,test.test-expired.example,cold,1601546,2,False,1788804151.447182,
bind,expired,test.test-expired.example,cold,1748777,2,False,1788804151.4490206,
bind,expired,test.test-expired.example,cold,6128100,2,False,1788804151.455252,
bind,expired,test.test-expired.example,cold,1761275,2,False,1788804151.4571316,
bind,expired,test.test-expired.example,cold,1889693,2,False,1788804151.4591186,
bind,expired,test.test-expired.example,cold,1576310,2,False,1788804151.4607842,
bind,expired,test.test-expired.example,cold,1340448,2,False,1788804151.4622226,
bind,expired,test.test-expired.example,cold,4409466,2,False,1788804151.4667907,
bind,expired,test.test-expired.example,cold,2143426,2,False,1788804151.469037,
bind,expired,test.test-expired.example,cold,1555891,2,False,1788804151.4707031,
bind,expired,test.test-expired.example,cold,1495242,2,False,1788804151.4722838,
bind,expired,test.test-expired.example,cold,6161097,2,False,1788804151.478538,
bind,expired,test.test-expired.example,cold,1554032,2,False,1788804151.4802072,
bind,expired,test.test-expired.example,cold,2662521,2,False,1788804151.482966,
bind,expired,test.test-expired.example,cold,2206583,2,False,1788804151.4852908,
bind,expired,test.test-expired.example,cold,1614345,2,False,1788804151.4870021,
bind,expired,test.test-expired.example,cold,2566169,2,False,1788804151.4896674,
bind,expired,test.test-expired.example,cold,2570280,2,False,1788804151.492351,
bind,expired,test.test-expired.example,cold,1714182,2,False,1788804151.49417,
bind,expired,test.test-expired.example,cold,1407167,2,False,1788804151.4956574,
bind,expired,test.test-expired.example,cold,1254448,2,False,1788804151.4969864,
bind,expired,test.test-expired.example,cold,1515075,2,False,1788804151.4985816,
bind,expired,test.test-expired.example,cold,1360558,2,False,1788804151.5000467,
bind,expired,test.test-expired.example,cold,1649749,2,False,1788804151.5017834,
bind,expired,test.test-expired.example,cold,1550049,2,False,1788804151.503412,
bind,expired,test.test-expired.example,cold,3076945,2,False,1788804151.5065749,
bind,expired,test.test-expired.example,cold,2157763,2,False,1788804151.508851,
bind,expired,test.test-expired.example,cold,1607635,2,False,1788804151.5105593,
bind,expired,test.test-expired.example,cold,1555837,2,False,1788804151.512203,
bind,expired,test.test-expired.example,cold,1323079,2,False,1788804151.5136037,
bind,expired,test.test-expired.example,cold,1276262,2,False,1788804151.514959,
bind,expired,test.test-expired.example,cold,1242170,2,False,1788804151.5162723,
bind,expired,test.test-expired.example,cold,1160769,2,False,1788804151.5175061,
bind,expired,test.test-expired.example,cold,1271203,2,False,1788804151.518846,
bind,expired,test.test-expired.example,cold,1206952,2,False,1788804151.520125,
bind,expired,test.test-expired.example,cold,1502327,2,False,1788804151.521701,
bind,expired,test.test-expired.example,cold,1522886,2,False,1788804151.523316,
bind,expired,test.test-expired.example,cold,1443958,2,False,1788804151.5248468,
bind,expired,test.test-expired.example,cold,1404640,2,False,1788804151.5263498,
bind,expired,test.test-expired.example,cold,1348105,2,False,1788804151.5277772,
bind,expired,test.test-expired.example,cold,1380459,2,False,1788804151.5292406,
bind,expired,test.test-expired.example,cold,1308161,2,False,1788804151.530651,
bind,expired,test.test-expired.example,cold,1288907,2,False,1788804151.5320158,
bind,expired,test.test-expired.example,cold,1329018,2,False,1788804151.533443,
bind,expired,test.test-expired.example,cold,1585896,2,False,1788804151.535107,
bind,expired,test.test-expired.example,cold,1253043,2,False,1788804151.536443,
bind,expired,test.test-expired.example,cold,1191379,2,False,1788804151.5377357,
bind,expired,test.test-expired.example,cold,1265479,2,False,1788804151.5390751,
bind,expired,test.test-expired.example,cold,1277045,2,False,1788804151.540455,
bind,expired,test.test-expired.example,cold,1374384,2,False,1788804151.5419133,
bind,expired,test.test-expired.example,cold,1321074,2,False,1788804151.5433376,
bind,expired,test.test-expired.example,cold,6523597,2,False,1788804151.5499928,
bind,expired,test.test-expired.example,cold,1838042,2,False,1788804151.5519526,
bind,expired,test.test-expired.example,cold,1604274,2,False,1788804151.5536816,
bind,expired,test.test-expired.example,cold,1523645,2,False,1788804151.5553,
bind,expired,test.test-expired.example,cold,3307269,2,False,1788804151.5587323,
bind,expired,test.test-expired.example,cold,2105708,2,False,1788804151.5609612,
bind,expired,test.test-expired.example,cold,1960848,2,False,1788804151.5630343,
bind,expired,test.test-expired.example,cold,1735282,2,False,1788804151.5648484,
bind,expired,test.test-expired.example,cold,1366349,2,False,1788804151.5663173,
bind,expired,test.test-expired.example,cold,1390351,2,False,1788804151.5678177,
bind,expired,test.test-expired.example,cold,1501622,2,False,1788804151.5694032,
bind,expired,test.test-expired.example,cold,1642770,2,False,1788804151.571126,
bind,expired,test.test-expired.example,cold,1554909,2,False,1788804151.5727577,
bind,expired,test.test-expired.example,cold,1368912,2,False,1788804151.5742104,
bind,expired,test.test-expired.example,cold,1265345,2,False,1788804151.5755723,
bind,expired,test.test-expired.example,cold,1356226,2,False,1788804151.5770023,
bind,expired,test.test-expired.example,cold,1488913,2,False,1788804151.5799885,
bind,expired,test.test-expired.example,cold,2790671,2,False,1788804151.5828826,
bind,expired,test.test-expired.example,cold,4049427,2,False,1788804151.587024,
bind,expired,test.test-expired.example,cold,1700828,2,False,1788804151.588884,
bind,expired,test.test-expired.example,cold,1640741,2,False,1788804151.5906372,
bind,expired,test.test-expired.example,cold,2152879,2,False,1788804151.5928955,
bind,expired,test.test-expired.example,cold,1522628,2,False,1788804151.5945277,
bind,expired,test.test-expired.example,cold,1662956,2,False,1788804151.5962653,
bind,expired,test.test-expired.example,cold,1296075,2,False,1788804151.5976505,
bind,expired,test.test-expired.example,cold,1617599,2,False,1788804151.5993385,
bind,expired,test.test-expired.example,cold,1970576,2,False,1788804151.6014,
bind,expired,test.test-expired.example,cold,1564734,2,False,1788804151.6030598,
bind,expired,test.test-expired.example,cold,1347244,2,False,1788804151.6044896,
bind,expired,test.test-expired.example,cold,1403296,2,False,1788804151.6059728,
bind,expired,test.test-expired.example,cold,1519254,2,False,1788804151.607579,
bind,expired,test.test-expired.example,cold,1656456,2,False,1788804151.6093261,
bind,expired,test.test-expired.example,cold,1343371,2,False,1788804151.6107764,
bind,expired,test.test-expired.example,cold,3976518,2,False,1788804151.6148465,
bind,expired,test.test-expired.example,cold,2153909,2,False,1788804151.6171129,
bind,expired,test.test-expired.example,cold,1670066,2,False,1788804151.6189046,
bind,expired,test.test-expired.example,cold,3624137,2,False,1788804151.6226406,
bind,expired,test.test-expired.example,cold,1635018,2,False,1788804151.6243725,
bind,expired,test.test-expired.example,cold,1559942,2,False,1788804151.6260319,
bind,expired,test.test-expired.example,cold,2068743,2,False,1788804151.6282258,
bind,expired,test.test-expired.example,cold,1535626,2,False,1788804151.6298604,
bind,expired,test.test-expired.example,cold,1528578,2,False,1788804151.631475,
bind,expired,test.test-expired.example,cold,1454544,2,False,1788804151.6330128,
bind,expired,test.test-expired.example,cold,1247429,2,False,1788804151.6343343,
bind,expired,test.test-expired.example,cold,1229036,2,False,1788804151.6356921,
bind,expired,test.test-expired.example,cold,1220904,2,False,1788804151.637,
bind,expired,test.test-expired.example,cold,1379472,2,False,1788804151.6384735,
bind,expired,test.test-expired.example,cold,1448870,2,False,1788804151.6399925,
bind,expired,test.test-expired.example,cold,1355740,2,False,1788804151.6414225,
bind,expired,test.test-expired.example,cold,1515110,2,False,1788804151.6430085,
bind,expired,test.test-expired.example,cold,1450496,2,False,1788804151.6445746,
bind,expired,test.test-expired.example,cold,1438502,2,False,1788804151.6460986,
bind,expired,test.test-expired.example,cold,1645297,2,False,1788804151.6478088,
bind,expired,test.test-expired.example,cold,1654924,2,False,1788804151.64963,
bind,expired,test.test-expired.example,cold,1517458,2,False,1788804151.6512516,
bind,expired,test.test-expired.example,cold,1465142,2,False,1788804151.6527903,
bind,expired,test.test-expired.example,cold,1445923,2,False,1788804151.654317,
bind,expired,test.test-expired.example,cold,1521085,2,False,1788804151.6559598,
bind,expired,test.test-expired.example,cold,1584387,2,False,1788804151.6576362,
bind,expired,test.test-expired.example,cold,1639742,2,False,1788804151.6593702,
bind,expired,test.test-expired.example,cold,2111456,2,False,1788804151.6615608,
bind,expired,test.test-expired.example,cold,3774862,2,False,1788804151.6654444,
bind,expired,test.test-expired.example,cold,5212575,2,False,1788804151.6707914,
bind,expired,test.test-expired.example,cold,2410167,2,False,1788804151.6733003,
bind,expired,test.test-expired.example,cold,2096825,2,False,1788804151.6755037,
bind,expired,test.test-expired.example,cold,4102159,2,False,1788804151.6796975,
bind,expired,test.test-expired.example,cold,1635000,2,False,1788804151.6814568,
bind,expired,test.test-expired.example,cold,3049035,2,False,1788804151.6845825,
bind,expired,test.test-expired.example,cold,1939275,2,False,1788804151.6866302,
bind,expired,test.test-expired.example,cold,1540369,2,False,1788804151.6882806,
bind,expired,test.test-expired.example,cold,1407861,2,False,1788804151.689794,
bind,expired,test.test-expired.example,cold,1370070,2,False,1788804151.6912389,
bind,expired,test.test-expired.example,cold,1494160,2,False,1788804151.6928139,
bind,expired,test.test-expired.example,cold,1683826,2,False,1788804151.6945722,
bind,expired,test.test-expired.example,cold,2465787,2,False,1788804151.6971455,
bind,expired,test.test-expired.example,cold,1780978,2,False,1788804151.6990352,
bind,expired,test.test-expired.example,cold,1507164,2,False,1788804151.7006624,
bind,expired,test.test-expired.example,cold,1857425,2,False,1788804151.7025988,
bind,expired,test.test-expired.example,cold,1738607,2,False,1788804151.7044306,
bind,expired,test.test-expired.example,cold,1464945,2,False,1788804151.7059827,
bind,expired,test.test-expired.example,cold,1445666,2,False,1788804151.7075086,
bind,expired,test.test-expired.example,cold,1332186,2,False,1788804151.7089946,
bind,expired,test.test-expired.example,cold,1472330,2,False,1788804151.71054,
bind,expired,test.test-expired.example,cold,1725317,2,False,1788804151.7123458,
bind,expired,test.test-expired.example,cold,1842783,2,False,1788804151.7142656,
bind,expired,test.test-expired.example,cold,1679351,2,False,1788804151.716042,
bind,expired,test.test-expired.example,cold,1437078,2,False,1788804151.717561,
bind,expired,test.test-expired.example,cold,2136493,2,False,1788804151.7197917,
bind,expired,test.test-expired.example,cold,1480360,2,False,1788804151.7213607,
bind,expired,test.test-expired.example,cold,2334699,2,False,1788804151.7237644,
bind,expired,test.test-expired.example,cold,2519181,2,False,1788804151.7264307,
bind,expired,test.test-expired.example,cold,2145865,2,False,1788804151.7286844,
bind,expired,test.test-expired.example,cold,2061075,2,False,1788804151.73085,
bind,expired,test.test-expired.example,cold,1623335,2,False,1788804151.7325501,
bind,expired,test.test-expired.example,cold,1403350,2,False,1788804151.7340257,
bind,expired,test.test-expired.example,cold,1561175,2,False,1788804151.7357497,
bind,expired,test.test-expired.example,cold,1623719,2,False,1788804151.7374456,
bind,expired,test.test-expired.example,cold,1437312,2,False,1788804151.7389584,
bind,expired,test.test-expired.example,cold,1687957,2,False,1788804151.7408109,
bind,expired,test.test-expired.example,cold,1355445,2,False,1788804151.742244,
bind,expired,test.test-expired.example,cold,5003527,2,False,1788804151.7473216,
bind,expired,test.test-expired.example,cold,1923023,2,False,1788804151.749333,
bind,expired,test.test-expired.example,cold,1591981,2,False,1788804151.7510087,
bind,expired,test.test-expired.example,cold,1475085,2,False,1788804151.7525628,
bind,expired,test.test-expired.example,cold,1438451,2,False,1788804151.7540808,
bind,expired,test.test-expired.example,cold,1799187,2,False,1788804151.7559648,
bind,expired,test.test-expired.example,cold,1458696,2,False,1788804151.7575226,
bind,expired,test.test-expired.example,cold,1839853,2,False,1788804151.7594438,
bind,expired,test.test-expired.example,cold,1413471,2,False,1788804151.7609582,
bind,expired,test.test-expired.example,cold,1432852,2,False,1788804151.7624507,
bind,expired,test.test-expired.example,cold,1371478,2,False,1788804151.764047,
bind,expired,test.test-expired.example,cold,1348113,2,False,1788804151.7656782,
bind,expired,test.test-expired.example,cold,1534469,2,False,1788804151.7673483,
bind,expired,test.test-expired.example,cold,1409090,2,False,1788804151.768836,
bind,expired,test.test-expired.example,cold,1503726,2,False,1788804151.7704272,
bind,expired,test.test-expired.example,cold,1378847,2,False,1788804151.7718866,
bind,expired,test.test-expired.example,cold,6475373,2,False,1788804151.7784767,
bind,expired,test.test-expired.example,cold,2224857,2,False,1788804151.7808359,
bind,expired,test.test-expired.example,cold,1883644,2,False,1788804151.7828283,
bind,expired,test.test-expired.example,cold,1550898,2,False,1788804151.7844687,
bind,expired,test.test-expired.example,cold,6237245,2,False,1788804151.7908978,
bind,expired,test.test-expired.example,cold,2459595,2,False,1788804151.7934754,
bind,expired,test.test-expired.example,cold,3012456,2,False,1788804151.7965958,
bind,expired,test.test-expired.example,cold,1740727,2,False,1788804151.7984512,
bind,expired,test.test-expired.example,cold,1811579,2,False,1788804151.8003836,
bind,expired,test.test-expired.example,cold,1760770,2,False,1788804151.8022606,
bind,expired,test.test-expired.example,cold,1500198,2,False,1788804151.8038645,
bind,expired,test.test-expired.example,cold,1695646,2,False,1788804151.8056357,
bind,expired,test.test-expired.example,cold,2969422,2,False,1788804151.8086798,
bind,expired,test.test-expired.example,cold,2138688,2,False,1788804151.8109164,
bind,expired,test.test-expired.example,cold,1475312,2,False,1788804151.8124845,
bind,expired,test.test-expired.example,cold,1484453,2,False,1788804151.8140695,
bind,expired,test.test-expired.example,cold,1536945,2,False,1788804151.8156905,
bind,expired,test.test-expired.example,cold,1483051,2,False,1788804151.817243,
bind,expired,test.test-expired.example,cold,1695111,2,False,1788804151.8190098,
bind,expired,test.test-expired.example,cold,1729857,2,False,1788804151.8208463,
bind,expired,test.test-expired.example,cold,1882888,2,False,1788804151.8228064,
bind,expired,test.test-expired.example,cold,1650272,2,False,1788804151.824545,
bind,expired,test.test-expired.example,cold,1538798,2,False,1788804151.8261702,
bind,expired,test.test-expired.example,cold,1521848,2,False,1788804151.8277764,
bind,expired,test.test-expired.example,cold,1531385,2,False,1788804151.8293815,
bind,expired,test.test-expired.example,cold,1859360,2,False,1788804151.8313222,
bind,expired,test.test-expired.example,cold,1644496,2,False,1788804151.8330736,
bind,expired,test.test-expired.example,cold,1879432,2,False,1788804151.8350544,
bind,expired,test.test-expired.example,cold,1617973,2,False,1788804151.8368084,
bind,expired,test.test-expired.example,cold,1771022,2,False,1788804151.8387003,
bind,expired,test.test-expired.example,cold,1752611,2,False,1788804151.8406436,
bind,expired,test.test-expired.example,cold,1698946,2,False,1788804151.842433,
bind,expired,test.test-expired.example,cold,1793604,2,False,1788804151.844303,
bind,expired,test.test-expired.example,cold,1608933,2,False,1788804151.846042,
bind,expired,test.test-expired.example,cold,1391724,2,False,1788804151.847509,
bind,expired,test.test-expired.example,cold,1348150,2,False,1788804151.8489308,
bind,expired,test.test-expired.example,cold,1597832,2,False,1788804151.8506036,
bind,expired,test.test-expired.example,cold,1627222,2,False,1788804151.852299,
bind,expired,test.test-expired.example,cold,1582783,2,False,1788804151.8539662,
bind,expired,test.test-expired.example,cold,3805172,2,False,1788804151.8578508,
bind,expired,test.test-expired.example,cold,1637456,2,False,1788804151.8595757,
bind,expired,test.test-expired.example,cold,1267319,2,False,1788804151.860929,
bind,expired,test.test-expired.example,cold,5649792,2,False,1788804151.866731,
bind,expired,test.test-expired.example,cold,1972684,2,False,1788804151.8688102,
bind,expired,test.test-expired.example,cold,1814781,2,False,1788804151.8707218,
bind,expired,test.test-expired.example,cold,1695842,2,False,1788804151.872503,
bind,expired,test.test-expired.example,cold,1382662,2,False,1788804151.8739712,
bind,expired,test.test-expired.example,cold,1704265,2,False,1788804151.8757555,
bind,expired,test.test-expired.example,cold,2319202,2,False,1788804151.8784196,
bind,expired,test.test-expired.example,cold,2994757,2,False,1788804151.8815858,
bind,expired,test.test-expired.example,cold,1643809,2,False,1788804151.8833277,
bind,expired,test.test-expired.example,cold,1817693,2,False,1788804151.885231,
bind,expired,test.test-expired.example,cold,1654375,2,False,1788804151.8869762,
bind,expired,test.test-expired.example,cold,1567758,2,False,1788804151.8886662,
bind,expired,test.test-expired.example,cold,1495504,2,False,1788804151.8902678,
bind,expired,test.test-expired.example,cold,1490798,2,False,1788804151.891858,
bind,expired,test.test-expired.example,cold,1506006,2,False,1788804151.8934639,
bind,expired,test.test-expired.example,cold,1565882,2,False,1788804151.895099,
bind,expired,test.test-expired.example,cold,1500167,2,False,1788804151.8966997,
bind,expired,test.test-expired.example,cold,1550990,2,False,1788804151.898486,
bind,expired,test.test-expired.example,cold,1821968,2,False,1788804151.9003797,
bind,expired,test.test-expired.example,cold,6474478,2,False,1788804151.906939,
bind,expired,test.test-expired.example,cold,2045903,2,False,1788804151.9091399,
bind,expired,test.test-expired.example,cold,1748056,2,False,1788804151.9111235,
bind,expired,test.test-expired.example,cold,1620688,2,False,1788804151.9128232,
bind,expired,test.test-expired.example,cold,1573105,2,False,1788804151.9144652,
bind,expired,test.test-expired.example,cold,1616966,2,False,1788804151.91616,
bind,expired,test.test-expired.example,cold,1725252,2,False,1788804151.9179745,
bind,expired,test.test-expired.example,cold,1550323,2,False,1788804151.919582,
bind,expired,test.test-expired.example,cold,1503101,2,False,1788804151.9211452,
bind,expired,test.test-expired.example,cold,1716569,2,False,1788804151.9229493,
bind,expired,test.test-expired.example,cold,1396507,2,False,1788804151.924421,
bind,expired,test.test-expired.example,cold,1311242,2,False,1788804151.9258068,
bind,expired,test.test-expired.example,cold,1255029,2,False,1788804151.9271338,
bind,expired,test.test-expired.example,cold,1404697,2,False,1788804151.9285908,
bind,expired,test.test-expired.example,cold,1451088,2,False,1788804151.9301,
bind,expired,test.test-expired.example,cold,1178184,2,False,1788804151.931359,
bind,expired,test.test-expired.example,cold,1472142,2,False,1788804151.9329085,
bind,expired,test.test-expired.example,cold,1810600,2,False,1788804151.9347968,
bind,expired,test.test-expired.example,cold,4684410,2,False,1788804151.9396825,
bind,expired,test.test-expired.example,cold,1702066,2,False,1788804151.9414823,
bind,expired,test.test-expired.example,cold,1622146,2,False,1788804151.9432192,
bind,expired,test.test-expired.example,cold,1411810,2,False,1788804151.944716,
bind,expired,test.test-expired.example,cold,2093862,2,False,1788804151.9469037,
bind,expired,test.test-expired.example,cold,4884426,2,False,1788804151.9519162,
bind,expired,test.test-expired.example,cold,2061510,2,False,1788804151.9541185,
bind,expired,test.test-expired.example,cold,3750319,2,False,1788804151.9579597,
bind,expired,test.test-expired.example,cold,1728050,2,False,1788804151.9597864,
bind,expired,test.test-expired.example,cold,1666210,2,False,1788804151.961541,
bind,expired,test.test-expired.example,cold,4108735,2,False,1788804151.9658847,
bind,expired,test.test-expired.example,cold,1973292,2,False,1788804151.9688892,
bind,expired,test.test-expired.example,cold,1972126,2,False,1788804151.970984,
bind,expired,test.test-expired.example,cold,3695715,2,False,1788804151.9747834,
bind,expired,test.test-expired.example,cold,1682579,2,False,1788804151.9766939,
bind,expired,test.test-expired.example,cold,1501471,2,False,1788804151.9783041,
bind,expired,test.test-expired.example,cold,1572832,2,False,1788804151.9799955,
bind,expired,test.test-expired.example,cold,2225331,2,False,1788804151.982307,
bind,expired,test.test-expired.example,cold,2074517,2,False,1788804151.984621,
bind,expired,test.test-expired.example,cold,1573910,2,False,1788804151.9863,
bind,expired,test.test-expired.example,cold,1506375,2,False,1788804151.9879432,
bind,expired,test.test-expired.example,cold,1577854,2,False,1788804151.9896076,
bind,expired,test.test-expired.example,cold,4596934,2,False,1788804151.9943056,
bind,expired,test.test-expired.example,cold,2029672,2,False,1788804151.9964843,
bind,expired,test.test-expired.example,cold,10284779,2,False,1788804152.0069923,
bind,expired,test.test-expired.example,cold,1853281,2,False,1788804152.0089836,
bind,expired,test.test-expired.example,cold,1560407,2,False,1788804152.0106385,
bind,expired,test.test-expired.example,cold,1310376,2,False,1788804152.012095,
bind,expired,test.test-expired.example,cold,3165743,2,False,1788804152.0153542,
bind,expired,test.test-expired.example,cold,2021209,2,False,1788804152.0174968,
bind,expired,test.test-expired.example,cold,1843951,2,False,1788804152.0194557,
bind,expired,test.test-expired.example,cold,4382240,2,False,1788804152.0239289,
bind,expired,test.test-expired.example,cold,7883145,2,False,1788804152.0319185,
bind,expired,test.test-expired.example,cold,3511301,2,False,1788804152.0355365,
bind,expired,test.test-expired.example,cold,2039883,2,False,1788804152.0406215,
bind,expired,test.test-expired.example,cold,1836942,2,False,1788804152.0426333,
bind,expired,test.test-expired.example,cold,1863740,2,False,1788804152.0445945,
bind,expired,test.test-expired.example,cold,1725083,2,False,1788804152.0464227,
bind,expired,test.test-expired.example,cold,1404568,2,False,1788804152.0479212,
bind,expired,test.test-expired.example,cold,1392745,2,False,1788804152.049401,
bind,expired,test.test-expired.example,cold,1612191,2,False,1788804152.051123,
bind,expired,test.test-expired.example,cold,1675158,2,False,1788804152.0528789,
bind,expired,test.test-expired.example,cold,1713242,2,False,1788804152.054704,
bind,expired,test.test-expired.example,cold,1392519,2,False,1788804152.05619,
bind,expired,test.test-expired.example,cold,1535387,2,False,1788804152.0578146,
bind,expired,test.test-expired.example,cold,1376728,2,False,1788804152.0592663,
bind,expired,test.test-expired.example,cold,1800256,2,False,1788804152.0611367,
bind,expired,test.test-expired.example,cold,1411853,2,False,1788804152.0626352,
bind,expired,test.test-expired.example,cold,1268671,2,False,1788804152.0639732,
bind,expired,test.test-expired.example,cold,1333216,2,False,1788804152.065382,
bind,expired,test.test-expired.example,cold,1400474,2,False,1788804152.0668602,
bind,expired,test.test-expired.example,cold,1526722,2,False,1788804152.0684698,
bind,expired,test.test-expired.example,cold,1468848,2,False,1788804152.070017,
bind,expired,test.test-expired.example,cold,1581969,2,False,1788804152.0716913,
bind,expired,test.test-expired.example,cold,1523039,2,False,1788804152.0733047,
bind,expired,test.test-expired.example,cold,1453728,2,False,1788804152.0748475,
bind,expired,test.test-expired.example,cold,1467526,2,False,1788804152.076434,
bind,expired,test.test-expired.example,cold,1549246,2,False,1788804152.0780735,
bind,expired,test.test-expired.example,cold,1540354,2,False,1788804152.0797281,
bind,expired,test.test-expired.example,cold,1534098,2,False,1788804152.08137,
bind,expired,test.test-expired.example,cold,1458945,2,False,1788804152.0829325,
bind,expired,test.test-expired.example,cold,1518269,2,False,1788804152.0845463,
bind,expired,test.test-expired.example,cold,1474793,2,False,1788804152.0861027,
bind,expired,test.test-expired.example,cold,1631009,2,False,1788804152.0878022,
bind,expired,test.test-expired.example,cold,1577059,2,False,1788804152.0894687,
bind,expired,test.test-expired.example,cold,1304903,2,False,1788804152.0908704,
bind,expired,test.test-expired.example,cold,1592721,2,False,1788804152.0925748,
bind,expired,test.test-expired.example,cold,1477773,2,False,1788804152.094133,
bind,expired,test.test-expired.example,cold,1422211,2,False,1788804152.0956588,
bind,expired,test.test-expired.example,cold,3100918,2,False,1788804152.0988312,
bind,expired,test.test-expired.example,cold,1520321,2,False,1788804152.100502,
bind,expired,test.test-expired.example,cold,1412435,2,False,1788804152.1020298,
bind,expired,test.test-expired.example,cold,1444159,2,False,1788804152.1035469,
bind,expired,test.test-expired.example,cold,1879083,2,False,1788804152.1055086,
bind,expired,test.test-expired.example,cold,1501083,2,False,1788804152.1070971,
bind,expired,test.test-expired.example,cold,1669003,2,False,1788804152.1088672,
bind,expired,test.test-expired.example,cold,1709556,2,False,1788804152.1106863,
bind,expired,test.test-expired.example,cold,1434750,2,False,1788804152.112205,
bind,expired,test.test-expired.example,cold,1246229,2,False,1788804152.1135352,
bind,expired,test.test-expired.example,cold,2056049,2,False,1788804152.1156695,
bind,expired,test.test-expired.example,cold,1687062,2,False,1788804152.1174495,
bind,expired,test.test-expired.example,cold,3169424,2,False,1788804152.1207392,
bind,expired,test.test-expired.example,cold,2040859,2,False,1788804152.122914,
bind,expired,test.test-expired.example,cold,1600281,2,False,1788804152.1246078,
bind,expired,test.test-expired.example,cold,1865317,2,False,1788804152.126555,
bind,expired,test.test-expired.example,cold,1547491,2,False,1788804152.128202,
bind,expired,test.test-expired.example,cold,1364748,2,False,1788804152.129643,
bind,expired,test.test-expired.example,cold,1577159,2,False,1788804152.131296,
bind,expired,test.test-expired.example,cold,1400707,2,False,1788804152.1327946,
bind,expired,test.test-expired.example,cold,1619846,2,False,1788804152.134494,
bind,expired,test.test-expired.example,cold,1736826,2,False,1788804152.1363022,
bind,expired,test.test-expired.example,cold,1364621,2,False,1788804152.1377559,
bind,expired,test.test-expired.example,cold,1518694,2,False,1788804152.1394434,
bind,expired,test.test-expired.example,cold,1642323,2,False,1788804152.1411853,
bind,expired,test.test-expired.example,cold,1889200,2,False,1788804152.1431618,
bind,expired,test.test-expired.example,cold,1644107,2,False,1788804152.1448836,
bind,expired,test.test-expired.example,cold,1509333,2,False,1788804152.1464448,
bind,expired,test.test-expired.example,cold,1414523,2,False,1788804152.1479158,
bind,expired,test.test-expired.example,cold,1542134,2,False,1788804152.1495385,
bind,expired,test.test-expired.example,cold,1948214,2,False,1788804152.1516604,
bind,expired,test.test-expired.example,cold,1596396,2,False,1788804152.153347,
bind,expired,test.test-expired.example,cold,1621019,2,False,1788804152.1550508,
bind,expired,test.test-expired.example,cold,1999455,2,False,1788804152.1571481,
bind,expired,test.test-expired.example,cold,1677409,2,False,1788804152.1589196,
bind,expired,test.test-expired.example,cold,1849579,2,False,1788804152.1608827,
bind,expired,test.test-expired.example,cold,1658295,2,False,1788804152.1626894,
bind,expired,test.test-expired.example,cold,1675396,2,False,1788804152.1644933,
bind,expired,test.test-expired.example,cold,1550192,2,False,1788804152.1661415,
bind,expired,test.test-expired.example,cold,1562652,2,False,1788804152.167783,
bind,expired,test.test-expired.example,cold,1517513,2,False,1788804152.1693897,
bind,expired,test.test-expired.example,cold,1432727,2,False,1788804152.1709352,
bind,expired,test.test-expired.example,cold,2099388,2,False,1788804152.1731153,
bind,expired,test.test-expired.example,cold,1876256,2,False,1788804152.1750944,
bind,expired,test.test-expired.example,cold,1931046,2,False,1788804152.1771145,
bind,expired,test.test-expired.example,cold,6668036,2,False,1788804152.1838584,
bind,expired,test.test-expired.example,cold,1881168,2,False,1788804152.185841,
bind,expired,test.test-expired.example,cold,6438600,2,False,1788804152.1923945,
bind,expired,test.test-expired.example,cold,1715981,2,False,1788804152.1942446,
bind,expired,test.test-expired.example,cold,2228177,2,False,1788804152.1966057,
bind,expired,test.test-expired.example,cold,2315088,2,False,1788804152.1990192,
bind,expired,test.test-expired.example,cold,1578727,2,False,1788804152.2006645,
bind,expired,test.test-expired.example,cold,2125521,2,False,1788804152.2028687,
bind,expired,test.test-expired.example,cold,1931302,2,False,1788804152.2048943,
bind,expired,test.test-expired.example,cold,1657741,2,False,1788804152.206639,
bind,expired,test.test-expired.example,cold,1632059,2,False,1788804152.2083607,
bind,expired,test.test-expired.example,cold,3264600,2,False,1788804152.2117198,
bind,expired,test.test-expired.example,cold,1614982,2,False,1788804152.2134728,
bind,expired,test.test-expired.example,cold,1446235,2,False,1788804152.2150106,
bind,expired,test.test-expired.example,cold,1394415,2,False,1788804152.2164905,
bind,expired,test.test-expired.example,cold,1412919,2,False,1788804152.2179892,
bind,expired,test.test-expired.example,cold,1542492,2,False,1788804152.219623,
bind,expired,test.test-expired.example,cold,1461999,2,False,1788804152.2211838,
bind,expired,test.test-expired.example,cold,1382429,2,False,1788804152.222653,
bind,expired,test.test-expired.example,cold,1409230,2,False,1788804152.2241452,
bind,expired,test.test-expired.example,cold,1542895,2,False,1788804152.2257679,
bind,expired,test.test-expired.example,cold,1439586,2,False,1788804152.227287,
bind,expired,test.test-expired.example,cold,1576639,2,False,1788804152.2289467,
bind,expired,test.test-expired.example,cold,1363218,2,False,1788804152.2304015,
bind,expired,test.test-expired.example,cold,1556753,2,False,1788804152.2320392,
bind,expired,test.test-expired.example,cold,1434566,2,False,1788804152.233586,
bind,expired,test.test-expired.example,cold,1766228,2,False,1788804152.2354362,
bind,expired,test.test-expired.example,cold,1542053,2,False,1788804152.2370703,
bind,expired,test.test-expired.example,cold,1324205,2,False,1788804152.238499,
bind,expired,test.test-expired.example,cold,1495814,2,False,1788804152.2400746,
bind,expired,test.test-expired.example,cold,1366497,2,False,1788804152.2415237,
bind,expired,test.test-expired.example,cold,1398797,2,False,1788804152.2429967,
bind,expired,test.test-expired.example,cold,1387169,2,False,1788804152.244456,
bind,expired,test.test-expired.example,cold,1544516,2,False,1788804152.2460816,
bind,expired,test.test-expired.example,cold,1635289,2,False,1788804152.247808,
bind,expired,test.test-expired.example,cold,1644986,2,False,1788804152.2495308,
bind,expired,test.test-expired.example,cold,1691697,2,False,1788804152.2512999,
bind,expired,test.test-expired.example,cold,1648910,2,False,1788804152.2530382,
bind,expired,test.test-expired.example,cold,1544556,2,False,1788804152.254666,
bind,expired,test.test-expired.example,cold,1447520,2,False,1788804152.2561965,
bind,expired,test.test-expired.example,cold,6142292,2,False,1788804152.2624407,
bind,expired,test.test-expired.example,cold,2077375,2,False,1788804152.2646532,
bind,expired,test.test-expired.example,cold,1577463,2,False,1788804152.2664099,
bind,expired,test.test-expired.example,cold,1671989,2,False,1788804152.2681763,
bind,expired,test.test-expired.example,cold,1401740,2,False,1788804152.2696729,
bind,expired,test.test-expired.example,cold,1538126,2,False,1788804152.2712986,
bind,expired,test.test-expired.example,cold,1592761,2,False,1788804152.2729785,
bind,expired,test.test-expired.example,cold,2732759,2,False,1788804152.2757986,
bind,expired,test.test-expired.example,cold,1540149,2,False,1788804152.2774274,
bind,expired,test.test-expired.example,cold,4976739,2,False,1788804152.28251,
bind,expired,test.test-expired.example,cold,2442517,2,False,1788804152.2851064,
bind,expired,test.test-expired.example,cold,1689076,2,False,1788804152.28691,
bind,expired,test.test-expired.example,cold,1561635,2,False,1788804152.2885609,
bind,expired,test.test-expired.example,cold,2043487,2,False,1788804152.2906992,
bind,expired,test.test-expired.example,cold,1535748,2,False,1788804152.2923439,
bind,expired,test.test-expired.example,cold,1698772,2,False,1788804152.2941406,
bind,expired,test.test-expired.example,cold,1551283,2,False,1788804152.2957942,
bind,expired,test.test-expired.example,cold,1286203,2,False,1788804152.2971628,
bind,expired,test.test-expired.example,cold,5629252,2,False,1788804152.3028803,
bind,expired,test.test-expired.example,cold,1633330,2,False,1788804152.3046203,
bind,expired,test.test-expired.example,cold,1420159,2,False,1788804152.3061244,
bind,expired,test.test-expired.example,cold,1264631,2,False,1788804152.3074653,
bind,expired,test.test-expired.example,cold,1355358,2,False,1788804152.3088899,
bind,expired,test.test-expired.example,cold,1592924,2,False,1788804152.3105483,
bind,expired,test.test-expired.example,cold,1819954,2,False,1788804152.312463,
bind,expired,test.test-expired.example,cold,1649173,2,False,1788804152.3142176,
bind,expired,test.test-expired.example,cold,1768173,2,False,1788804152.3160806,
bind,expired,test.test-expired.example,cold,2245467,2,False,1788804152.318411,
bind,expired,test.test-expired.example,cold,1830777,2,False,1788804152.3203228,
bind,expired,test.test-expired.example,cold,1636888,2,False,1788804152.3220434,
bind,expired,test.test-expired.example,cold,1608187,2,False,1788804152.3237286,
bind,expired,test.test-expired.example,cold,1689703,2,False,1788804152.3254852,
bind,expired,test.test-expired.example,cold,1778984,2,False,1788804152.3273418,
bind,expired,test.test-expired.example,cold,1613316,2,False,1788804152.3290322,
bind,expired,test.test-expired.example,cold,2068669,2,False,1788804152.3311691,
bind,expired,test.test-expired.example,cold,1855996,2,False,1788804152.3331058,
bind,expired,test.test-expired.example,cold,1753774,2,False,1788804152.3349373,
bind,expired,test.test-expired.example,cold,1833835,2,False,1788804152.3368492,
bind,expired,test.test-expired.example,cold,1955780,2,False,1788804152.3388977,
bind,expired,test.test-expired.example,cold,1384491,2,False,1788804152.340376,
bind,expired,test.test-expired.example,cold,1373849,2,False,1788804152.3418345,
bind,expired,test.test-expired.example,cold,1588109,2,False,1788804152.343542,
bind,expired,test.test-expired.example,cold,1183875,2,False,1788804152.3448038,
bind,expired,test.test-expired.example,cold,1405134,2,False,1788804152.3462784,
bind,expired,test.test-expired.example,cold,1367168,2,False,1788804152.3477638,
bind,expired,test.test-expired.example,cold,1418526,2,False,1788804152.3492527,
bind,expired,test.test-expired.example,cold,1351609,2,False,1788804152.3506875,
bind,expired,test.test-expired.example,cold,1454181,2,False,1788804152.3522544,
bind,expired,test.test-expired.example,cold,1314099,2,False,1788804152.353649,
bind,expired,test.test-expired.example,cold,1442731,2,False,1788804152.3551662,
bind,expired,test.test-expired.example,cold,1480145,2,False,1788804152.3567193,
bind,expired,test.test-expired.example,cold,1508979,2,False,1788804152.3582964,
bind,expired,test.test-expired.example,cold,1904806,2,False,1788804152.3603194,
bind,expired,test.test-expired.example,cold,2541894,2,False,1788804152.3630762,
bind,expired,test.test-expired.example,cold,1895254,2,False,1788804152.3650696,
bind,expired,test.test-expired.example,cold,1651437,2,False,1788804152.3668256,
bind,expired,test.test-expired.example,cold,1483023,2,False,1788804152.3684018,
bind,expired,test.test-expired.example,cold,1537127,2,False,1788804152.3700256,
bind,expired,test.test-expired.example,cold,1532616,2,False,1788804152.3716466,
bind,expired,test.test-expired.example,cold,1471503,2,False,1788804152.373219,
bind,expired,test.test-expired.example,cold,1355008,2,False,1788804152.3746605,
bind,expired,test.test-expired.example,cold,1548710,2,False,1788804152.3762934,
bind,expired,test.test-expired.example,cold,1796020,2,False,1788804152.3781734,
bind,expired,test.test-expired.example,cold,1354920,2,False,1788804152.3796096,
bind,expired,test.test-expired.example,cold,1326445,2,False,1788804152.3810077,
bind,expired,test.test-expired.example,cold,1341002,2,False,1788804152.3824236,
bind,expired,test.test-expired.example,cold,1456672,2,False,1788804152.383973,
bind,expired,test.test-expired.example,cold,1999242,2,False,1788804152.3860455,
bind,expired,test.test-expired.example,cold,1561163,2,False,1788804152.3876927,
bind,expired,test.test-expired.example,cold,1495115,2,False,1788804152.3892703,
bind,expired,test.test-expired.example,cold,1457250,2,False,1788804152.3908064,
bind,expired,test.test-expired.example,cold,1577976,2,False,1788804152.3924968,
bind,expired,test.test-expired.example,cold,2215441,2,False,1788804152.3948019,
bind,expired,test.test-expired.example,cold,1737928,2,False,1788804152.3966758,
bind,expired,test.test-expired.example,cold,1706382,2,False,1788804152.398482,
bind,expired,test.test-expired.example,cold,1252886,2,False,1788804152.3998315,
bind,expired,test.test-expired.example,cold,1312009,2,False,1788804152.4012134,
bind,expired,test.test-expired.example,cold,1475046,2,False,1788804152.402765,
bind,expired,test.test-expired.example,cold,1424581,2,False,1788804152.404269,
bind,expired,test.test-expired.example,cold,1285463,2,False,1788804152.4056284,
bind,expired,test.test-expired.example,cold,1406464,2,False,1788804152.4071114,
bind,expired,test.test-expired.example,cold,1338435,2,False,1788804152.4085276,
bind,expired,test.test-expired.example,cold,1354145,2,False,1788804152.409976,
bind,expired,test.test-expired.example,cold,1527733,2,False,1788804152.411602,
bind,expired,test.test-expired.example,cold,1662996,2,False,1788804152.4133458,
bind,expired,test.test-expired.example,cold,1432988,2,False,1788804152.4148793,
bind,expired,test.test-expired.example,cold,1371240,2,False,1788804152.4163437,
bind,expired,test.test-expired.example,cold,1361701,2,False,1788804152.417809,
bind,expired,test.test-expired.example,cold,1550732,2,False,1788804152.4194367,
bind,expired,test.test-expired.example,cold,1393697,2,False,1788804152.4209082,
bind,expired,test.test-expired.example,cold,1493169,2,False,1788804152.4224792,
bind,expired,test.test-expired.example,cold,1417517,2,False,1788804152.423987,
bind,expired,test.test-expired.example,cold,1500433,2,False,1788804152.4256,
bind,expired,test.test-expired.example,cold,1584788,2,False,1788804152.4272742,
bind,expired,test.test-expired.example,cold,1455610,2,False,1788804152.428813,
bind,expired,test.test-expired.example,cold,4797156,2,False,1788804152.4337099,
bind,expired,test.test-expired.example,cold,6560517,2,False,1788804152.4404204,
bind,expired,test.test-expired.example,cold,2416904,2,False,1788804152.4429753,
bind,expired,test.test-expired.example,cold,2011272,2,False,1788804152.445095,
bind,expired,test.test-expired.example,cold,1557424,2,False,1788804152.4467633,
bind,expired,test.test-expired.example,cold,1397200,2,False,1788804152.4482903,
bind,expired,test.test-expired.example,cold,1356243,2,False,1788804152.4497554,
bind,expired,test.test-expired.example,cold,1453812,2,False,1788804152.451317,
bind,expired,test.test-expired.example,cold,1822970,2,False,1788804152.4532752,
bind,expired,test.test-expired.example,cold,1573437,2,False,1788804152.4549406,
bind,expired,test.test-expired.example,cold,1243314,2,False,1788804152.456249,
bind,expired,test.test-expired.example,cold,1611666,2,False,1788804152.4579394,
bind,expired,test.test-expired.example,cold,1690217,2,False,1788804152.4597204,
bind,expired,test.test-expired.example,cold,1474065,2,False,1788804152.4612732,
bind,expired,test.test-expired.example,cold,1384232,2,False,1788804152.4627259,
bind,expired,test.test-expired.example,cold,1328333,2,False,1788804152.4641352,
bind,expired,test.test-expired.example,cold,1314386,2,False,1788804152.4655201,
bind,expired,test.test-expired.example,cold,1486011,2,False,1788804152.4670784,
bind,expired,test.test-expired.example,cold,1646423,2,False,1788804152.468822,
bind,expired,test.test-expired.example,cold,1412337,2,False,1788804152.4703271,
bind,expired,test.test-expired.example,cold,1622160,2,False,1788804152.4721177,
bind,expired,test.test-expired.example,cold,1839604,2,False,1788804152.4740474,
bind,expired,test.test-expired.example,cold,1639242,2,False,1788804152.47577,
bind,expired,test.test-expired.example,cold,1468235,2,False,1788804152.4773297,
bind,expired,test.test-expired.example,cold,1908353,2,False,1788804152.479319,
bind,expired,test.test-expired.example,cold,1394418,2,False,1788804152.4807842,
bind,expired,test.test-expired.example,cold,1603757,2,False,1788804152.482451,
bind,expired,test.test-expired.example,cold,1274876,2,False,1788804152.4837925,
bind,expired,test.test-expired.example,cold,1428861,2,False,1788804152.4852853,
bind,expired,test.test-expired.example,cold,1280013,2,False,1788804152.4866304,
bind,expired,test.test-expired.example,cold,1400968,2,False,1788804152.488087,
bind,expired,test.test-expired.example,cold,1514563,2,False,1788804152.4896748,
bind,expired,test.test-expired.example,cold,1310718,2,False,1788804152.4910576,
bind,expired,test.test-expired.example,cold,1280327,2,False,1788804152.4924097,
bind,expired,test.test-expired.example,cold,1196704,2,False,1788804152.4936726,
bind,expired,test.test-expired.example,cold,1546018,2,False,1788804152.495288,
bind,expired,test.test-expired.example,cold,1501330,2,False,1788804152.4968755,
bind,expired,test.test-expired.example,cold,1351757,2,False,1788804152.4983056,
bind,expired,test.test-expired.example,cold,1644728,2,False,1788804152.5000908,
bind,expired,test.test-expired.example,cold,1514764,2,False,1788804152.501694,
bind,expired,test.test-expired.example,cold,1416664,2,False,1788804152.5031807,
bind,expired,test.test-expired.example,cold,1833525,2,False,1788804152.505093,
bind,expired,test.test-expired.example,cold,1589432,2,False,1788804152.5067563,
bind,expired,test.test-expired.example,cold,5694883,2,False,1788804152.5125256,
bind,expired,test.test-expired.example,cold,3930828,2,False,1788804152.516686,
bind,expired,test.test-expired.example,cold,2104722,2,False,1788804152.5188904,
bind,expired,test.test-expired.example,cold,2874797,2,False,1788804152.5219579,
bind,expired,test.test-expired.example,cold,2286308,2,False,1788804152.524402,
bind,expired,test.test-expired.example,cold,1721536,2,False,1788804152.5262058,
bind,expired,test.test-expired.example,cold,2458706,2,False,1788804152.5287693,
bind,expired,test.test-expired.example,cold,2341666,2,False,1788804152.5312238,
bind,expired,test.test-expired.example,cold,1969708,2,False,1788804152.5332794,
bind,expired,test.test-expired.example,cold,1996348,2,False,1788804152.5353556,
bind,expired,test.test-expired.example,cold,2187093,2,False,1788804152.5376318,
bind,expired,test.test-expired.example,cold,2176881,2,False,1788804152.5398889,
bind,expired,test.test-expired.example,cold,1842789,2,False,1788804152.54188,
bind,expired,test.test-expired.example,cold,1816032,2,False,1788804152.543773,
bind,expired,test.test-expired.example,cold,1419409,2,False,1788804152.5452678,
bind,expired,test.test-expired.example,cold,1612912,2,False,1788804152.5469525,
bind,expired,test.test-expired.example,cold,1435082,2,False,1788804152.5484612,
bind,expired,test.test-expired.example,cold,1418324,2,False,1788804152.5499527,
bind,expired,test.test-expired.example,cold,6000252,2,False,1788804152.5560286,
bind,expired,test.test-expired.example,cold,1820513,2,False,1788804152.5579581,
bind,expired,test.test-expired.example,cold,1623978,2,False,1788804152.559671,
bind,expired,test.test-expired.example,cold,1517238,2,False,1788804152.5612705,
bind,expired,test.test-expired.example,cold,1555861,2,False,1788804152.5630062,
bind,expired,test.test-expired.example,cold,1504381,2,False,1788804152.564564,
bind,expired,test.test-expired.example,cold,1517953,2,False,1788804152.5661428,
bind,expired,test.test-expired.example,cold,1513106,2,False,1788804152.567719,
bind,expired,test.test-expired.example,cold,1861389,2,False,1788804152.569657,
bind,expired,test.test-expired.example,cold,1982153,2,False,1788804152.5717177,
bind,expired,test.test-expired.example,cold,1595021,2,False,1788804152.573386,
bind,expired,test.test-expired.example,cold,1592953,2,False,1788804152.5751865,
bind,expired,test.test-expired.example,cold,1505151,2,False,1788804152.5767677,
bind,expired,test.test-expired.example,cold,1843766,2,False,1788804152.5786836,
bind,expired,test.test-expired.example,cold,1600763,2,False,1788804152.5803657,
bind,expired,test.test-expired.example,cold,1306643,2,False,1788804152.5817552,
bind,expired,test.test-expired.example,cold,1570175,2,False,1788804152.5834043,
bind,expired,test.test-expired.example,cold,2123042,2,False,1788804152.5856225,
bind,expired,test.test-expired.example,cold,2021576,2,False,1788804152.5878015,
bind,expired,test.test-expired.example,cold,1889229,2,False,1788804152.589791,
bind,expired,test.test-expired.example,cold,3238522,2,False,1788804152.5931172,
bind,expired,test.test-expired.example,cold,2293151,2,False,1788804152.595504,
bind,expired,test.test-expired.example,cold,1906919,2,False,1788804152.5975032,
bind,expired,test.test-expired.example,cold,3053818,2,False,1788804152.600927,
bind,expired,test.test-expired.example,cold,2312900,2,False,1788804152.6033683,
bind,expired,test.test-expired.example,cold,1946856,2,False,1788804152.605414,
bind,expired,test.test-expired.example,cold,2019929,2,False,1788804152.607517,
bind,expired,test.test-expired.example,cold,2806498,2,False,1788804152.6104581,
bind,expired,test.test-expired.example,cold,2578780,2,False,1788804152.6131637,
bind,expired,test.test-expired.example,cold,2159850,2,False,1788804152.6167305,
bind,expired,test.test-expired.example,cold,1972095,2,False,1788804152.6188154,
bind,expired,test.test-expired.example,cold,2538343,2,False,1788804152.6214633,
bind,expired,test.test-expired.example,cold,2091693,2,False,1788804152.6236682,
bind,expired,test.test-expired.example,cold,1746001,2,False,1788804152.6254938,
bind,expired,test.test-expired.example,cold,2108113,2,False,1788804152.627677,
bind,expired,test.test-expired.example,cold,1623801,2,False,1788804152.6294012,
bind,expired,test.test-expired.example,cold,2022068,2,False,1788804152.6315076,
bind,expired,test.test-expired.example,cold,2210997,2,False,1788804152.6338217,
bind,expired,test.test-expired.example,cold,1835399,2,False,1788804152.6357534,
bind,expired,test.test-expired.example,cold,1911732,2,False,1788804152.6377559,
bind,expired,test.test-expired.example,cold,1875311,2,False,1788804152.6397266,
bind,expired,test.test-expired.example,cold,1986086,2,False,1788804152.6418107,
bind,expired,test.test-expired.example,cold,1898504,2,False,1788804152.6438072,
bind,expired,test.test-expired.example,cold,1715230,2,False,1788804152.6455977,
bind,expired,test.test-expired.example,cold,1828169,2,False,1788804152.647485,
bind,expired,test.test-expired.example,cold,1993108,2,False,1788804152.6495574,
bind,expired,test.test-expired.example,cold,1875033,2,False,1788804152.6515129,
bind,expired,test.test-expired.example,cold,1692234,2,False,1788804152.6532946,
bind,expired,test.test-expired.example,cold,1866019,2,False,1788804152.655235,
bind,expired,test.test-expired.example,cold,1675284,2,False,1788804152.6569834,
bind,expired,test.test-expired.example,cold,1916266,2,False,1788804152.6589706,
bind,expired,test.test-expired.example,cold,2294638,2,False,1788804152.6613474,
bind,expired,test.test-expired.example,cold,2202594,2,False,1788804152.6636662,
bind,expired,test.test-expired.example,cold,2153597,2,False,1788804152.665898,
bind,expired,test.test-expired.example,cold,1926762,2,False,1788804152.6679125,
bind,expired,test.test-expired.example,cold,1606172,2,False,1788804152.6696117,
bind,expired,test.test-expired.example,cold,1615744,2,False,1788804152.6713266,
bind,expired,test.test-expired.example,cold,1697088,2,False,1788804152.6731439,
bind,expired,test.test-expired.example,cold,1822260,2,False,1788804152.6750603,
bind,expired,test.test-expired.example,cold,1655562,2,False,1788804152.6768072,
bind,expired,test.test-expired.example,cold,1475780,2,False,1788804152.6783838,
bind,expired,test.test-expired.example,cold,1929188,2,False,1788804152.6804025,
bind,expired,test.test-expired.example,cold,3836351,2,False,1788804152.684352,
bind,expired,test.test-expired.example,cold,1910165,2,False,1788804152.68639,
bind,expired,test.test-expired.example,cold,1612607,2,False,1788804152.6880946,
bind,expired,test.test-expired.example,cold,1439137,2,False,1788804152.6896098,
bind,expired,test.test-expired.example,cold,1208135,2,False,1788804152.6908865,
bind,expired,test.test-expired.example,cold,2275777,2,False,1788804152.6932323,
bind,expired,test.test-expired.example,cold,1926368,2,False,1788804152.69524,
bind,expired,test.test-expired.example,cold,2037888,2,False,1788804152.6973612,
bind,expired,test.test-expired.example,cold,1805752,2,False,1788804152.6992428,
bind,expired,test.test-expired.example,cold,3287616,2,False,1788804152.702794,
bind,expired,test.test-expired.example,cold,2054392,2,False,1788804152.7049432,
bind,expired,test.test-expired.example,cold,2069525,2,False,1788804152.7072635,
bind,expired,test.test-expired.example,cold,1808881,2,False,1788804152.709165,
bind,expired,test.test-expired.example,cold,1542093,2,False,1788804152.7107825,
bind,expired,test.test-expired.example,cold,1733246,2,False,1788804152.7125964,
bind,expired,test.test-expired.example,cold,1833125,2,False,1788804152.7145214,
bind,expired,test.test-expired.example,cold,1741080,2,False,1788804152.716348,
bind,expired,test.test-expired.example,cold,1652941,2,False,1788804152.7180798,
bind,expired,test.test-expired.example,cold,1635962,2,False,1788804152.7197928,
bind,expired,test.test-expired.example,cold,1704441,2,False,1788804152.721673,
bind,expired,test.test-expired.example,cold,1842685,2,False,1788804152.7236903,
bind,expired,test.test-expired.example,cold,1331521,2,False,1788804152.7250926,
bind,expired,test.test-expired.example,cold,1694585,2,False,1788804152.7268565,
bind,expired,test.test-expired.example,cold,2542712,2,False,1788804152.7294788,
bind,expired,test.test-expired.example,cold,1807272,2,False,1788804152.7313826,
bind,expired,test.test-expired.example,cold,1477184,2,False,1788804152.732931,
bind,expired,test.test-expired.example,cold,1646153,2,False,1788804152.7346983,
bind,expired,test.test-expired.example,cold,1845344,2,False,1788804152.7366388,
bind,expired,test.test-expired.example,cold,1335797,2,False,1788804152.7381072,
bind,expired,test.test-expired.example,cold,1633207,2,False,1788804152.739827,
bind,expired,test.test-expired.example,cold,1666398,2,False,1788804152.741611,
bind,expired,test.test-expired.example,cold,1865811,2,False,1788804152.7436237,
bind,expired,test.test-expired.example,cold,3730767,2,False,1788804152.747523,
bind,expired,test.test-expired.example,cold,2064137,2,False,1788804152.7497134,
bind,expired,test.test-expired.example,cold,1922821,2,False,1788804152.7517347,
bind,expired,test.test-expired.example,cold,2428201,2,False,1788804152.7547271,
bind,expired,test.test-expired.example,cold,3698426,2,False,1788804152.7588563,
bind,expired,test.test-expired.example,cold,3654714,2,False,1788804152.763336,
bind,expired,test.test-expired.example,cold,2352302,2,False,1788804152.7660887,
bind,expired,test.test-expired.example,cold,1978716,2,False,1788804152.7681866,
bind,expired,test.test-expired.example,cold,2033849,2,False,1788804152.7703748,
bind,expired,test.test-expired.example,cold,1828896,2,False,1788804152.77234,
bind,expired,test.test-expired.example,cold,3469294,2,False,1788804152.7759807,
bind,expired,test.test-expired.example,cold,3437648,2,False,1788804152.7795472,
bind,expired,test.test-expired.example,cold,2935310,2,False,1788804152.7830117,
bind,expired,test.test-expired.example,cold,2945461,2,False,1788804152.786101,
bind,expired,test.test-expired.example,cold,2535679,2,False,1788804152.7888353,
bind,expired,test.test-expired.example,cold,2671811,2,False,1788804152.7916644,
bind,expired,test.test-expired.example,cold,2331741,2,False,1788804152.7940893,
bind,expired,test.test-expired.example,cold,2681359,2,False,1788804152.796931,
bind,expired,test.test-expired.example,cold,1552169,2,False,1788804152.7986004,
bind,expired,test.test-expired.example,cold,1323585,2,False,1788804152.800087,
bind,expired,test.test-expired.example,cold,1558701,2,False,1788804152.8017244,
bind,expired,test.test-expired.example,cold,3097790,2,False,1788804152.8049407,
bind,expired,test.test-expired.example,cold,2188842,2,False,1788804152.807239,
bind,expired,test.test-expired.example,cold,1683971,2,False,1788804152.80902,
bind,expired,test.test-expired.example,cold,1441752,2,False,1788804152.8106256,
bind,expired,test.test-expired.example,cold,1510721,2,False,1788804152.8123374,
bind,expired,test.test-expired.example,cold,3113802,2,False,1788804152.8155184,
bind,expired,test.test-expired.example,cold,1300443,2,False,1788804152.8169203,
bind,expired,test.test-expired.example,cold,3438728,2,False,1788804152.820438,
bind,expired,test.test-expired.example,cold,2212167,2,False,1788804152.8227775,
bind,expired,test.test-expired.example,cold,2253267,2,False,1788804152.8251312,
bind,expired,test.test-expired.example,cold,1762875,2,False,1788804152.8269975,
bind,expired,test.test-expired.example,cold,1463562,2,False,1788804152.8285499,
bind,expired,test.test-expired.example,cold,1440802,2,False,1788804152.8300846,
bind,expired,test.test-expired.example,cold,1388405,2,False,1788804152.8316174,
bind,expired,test.test-expired.example,cold,1557748,2,False,1788804152.8332565,
bind,expired,test.test-expired.example,cold,1474140,2,False,1788804152.8348541,
bind,expired,test.test-expired.example,cold,1857405,2,False,1788804152.8368087,
bind,expired,test.test-expired.example,cold,1281381,2,False,1788804152.8381894,
bind,expired,test.test-expired.example,cold,3532261,2,False,1788804152.8417773,
bind,expired,test.test-expired.example,cold,2292534,2,False,1788804152.8441916,
bind,expired,test.test-expired.example,cold,1831090,2,False,1788804152.846175,
bind,expired,test.test-expired.example,cold,1511633,2,False,1788804152.847785,
bind,expired,test.test-expired.example,cold,1255690,2,False,1788804152.849126,
bind,expired,test.test-expired.example,cold,1195301,2,False,1788804152.8504064,
bind,expired,test.test-expired.example,cold,1205714,2,False,1788804152.8517003,
bind,expired,test.test-expired.example,cold,1561033,2,False,1788804152.8533413,
bind,expired,test.test-expired.example,cold,1389387,2,False,1788804152.8548121,
bind,expired,test.test-expired.example,cold,2251335,2,False,1788804152.8571436,
bind,expired,test.test-expired.example,cold,2471535,2,False,1788804152.859811,
bind,expired,test.test-expired.example,cold,1850830,2,False,1788804152.861766,
bind,expired,test.test-expired.example,cold,2039906,2,False,1788804152.8638945,
bind,expired,test.test-expired.example,cold,1417982,2,False,1788804152.8653939,
bind,expired,test.test-expired.example,cold,2216884,2,False,1788804152.8677351,
bind,expired,test.test-expired.example,cold,1599647,2,False,1788804152.869455,
bind,expired,test.test-expired.example,cold,1447485,2,False,1788804152.8710039,
bind,expired,test.test-expired.example,cold,1738969,2,False,1788804152.8728178,
bind,expired,test.test-expired.example,cold,1335494,2,False,1788804152.8742487,
bind,expired,test.test-expired.example,cold,2694747,2,False,1788804152.8771563,
bind,expired,test.test-expired.example,cold,1398931,2,False,1788804152.8787088,
bind,expired,test.test-expired.example,cold,1337765,2,False,1788804152.8801174,
bind,expired,test.test-expired.example,cold,1350844,2,False,1788804152.8815663,
bind,expired,test.test-expired.example,cold,1334206,2,False,1788804152.883088,
bind,expired,test.test-expired.example,cold,1100533,2,False,1788804152.8843505,
bind,expired,test.test-expired.example,cold,1256139,2,False,1788804152.8856618,
bind,expired,test.test-expired.example,cold,1530884,2,False,1788804152.8872943,
bind,expired,test.test-expired.example,cold,1363051,2,False,1788804152.8887722,
bind,expired,test.test-expired.example,cold,1278345,2,False,1788804152.8901234,
bind,expired,test.test-expired.example,cold,1433340,2,False,1788804152.8916285,
bind,expired,test.test-expired.example,cold,1210911,2,False,1788804152.8929513,
bind,expired,test.test-expired.example,cold,1283802,2,False,1788804152.8943057,
bind,expired,test.test-expired.example,cold,1448299,2,False,1788804152.8958468,
bind,expired,test.test-expired.example,cold,1298522,2,False,1788804152.8972256,
bind,expired,test.test-expired.example,cold,1949025,2,False,1788804152.8993056,
bind,expired,test.test-expired.example,cold,1482872,2,False,1788804152.900881,
bind,expired,test.test-expired.example,cold,1422928,2,False,1788804152.902431,
bind,expired,test.test-expired.example,cold,4009640,2,False,1788804152.9065354,
bind,expired,test.test-expired.example,cold,2073939,2,False,1788804152.9087126,
bind,expired,test.test-expired.example,cold,2287935,2,False,1788804152.9111066,
bind,expired,test.test-expired.example,cold,1913296,2,False,1788804152.9131265,
bind,expired,test.test-expired.example,cold,1657970,2,False,1788804152.9148989,
bind,expired,test.test-expired.example,cold,1998661,2,False,1788804152.9170005,
bind,expired,test.test-expired.example,cold,1972473,2,False,1788804152.9192185,
bind,expired,test.test-expired.example,cold,1927449,2,False,1788804152.921258,
bind,expired,test.test-expired.example,cold,5336597,2,False,1788804152.9268255,
bind,expired,test.test-expired.example,cold,2548154,2,False,1788804152.9295006,
bind,expired,test.test-expired.example,cold,2526342,2,False,1788804152.932167,
bind,expired,test.test-expired.example,cold,2389752,2,False,1788804152.934707,
bind,expired,test.test-expired.example,cold,1985511,2,False,1788804152.9368093,
bind,expired,test.test-expired.example,cold,1745904,2,False,1788804152.9386117,
bind,expired,test.test-expired.example,cold,1743519,2,False,1788804152.9404347,
bind,expired,test.test-expired.example,cold,1600034,2,False,1788804152.942134,
bind,expired,test.test-expired.example,cold,2045850,2,False,1788804152.9442606,
bind,expired,test.test-expired.example,cold,1806003,2,False,1788804152.9461815,
bind,expired,test.test-expired.example,cold,1779594,2,False,1788804152.9480808,
bind,expired,test.test-expired.example,cold,3858999,2,False,1788804152.952042,
bind,expired,test.test-expired.example,cold,2247204,2,False,1788804152.9543984,
bind,expired,test.test-expired.example,cold,2015070,2,False,1788804152.9564977,
bind,expired,test.test-expired.example,cold,1942527,2,False,1788804152.9585166,
bind,expired,test.test-expired.example,cold,2146420,2,False,1788804152.960848,
bind,expired,test.test-expired.example,cold,1876519,2,False,1788804152.9628356,
bind,expired,test.test-expired.example,cold,1727889,2,False,1788804152.9646592,
bind,expired,test.test-expired.example,cold,2028910,2,False,1788804152.966783,
bind,expired,test.test-expired.example,cold,7611445,2,False,1788804152.9744866,
bind,expired,test.test-expired.example,cold,3311670,2,False,1788804152.9779227,
bind,expired,test.test-expired.example,cold,2512713,2,False,1788804152.9812584,
bind,expired,test.test-expired.example,cold,1775816,2,False,1788804152.9831598,
bind,expired,test.test-expired.example,cold,1395003,2,False,1788804152.9846349,
bind,expired,test.test-expired.example,cold,1765935,2,False,1788804152.9864838,
bind,expired,test.test-expired.example,cold,4981209,2,False,1788804152.9915714,
bind,expired,test.test-expired.example,cold,1572669,2,False,1788804152.9932585,
bind,expired,test.test-expired.example,cold,1616922,2,False,1788804152.9949658,
bind,expired,test.test-expired.example,cold,1329723,2,False,1788804152.99637,
bind,expired,test.test-expired.example,cold,1867089,2,False,1788804152.9983156,
bind,expired,test.test-expired.example,cold,1562889,2,False,1788804153.0000167,
bind,expired,test.test-expired.example,cold,1579986,2,False,1788804153.0016806,
bind,expired,test.test-expired.example,cold,1543647,2,False,1788804153.0033112,
bind,expired,test.test-expired.example,cold,1495889,2,False,1788804153.0048938,
bind,expired,test.test-expired.example,cold,1741608,2,False,1788804153.0067272,
bind,expired,test.test-expired.example,cold,1559176,2,False,1788804153.0083692,
bind,expired,test.test-expired.example,cold,1719892,2,False,1788804153.0101657,
bind,expired,test.test-expired.example,cold,1506066,2,False,1788804153.0117657,
bind,expired,test.test-expired.example,cold,1875394,2,False,1788804153.0137384,
bind,expired,test.test-expired.example,cold,5282194,2,False,1788804153.019136,
bind,expired,test.test-expired.example,cold,1739314,2,False,1788804153.0210283,
bind,expired,test.test-expired.example,cold,1677301,2,False,1788804153.0228019,
bind,expired,test.test-expired.example,cold,1883047,2,False,1788804153.024777,
bind,expired,test.test-expired.example,cold,1635055,2,False,1788804153.0265026,
bind,expired,test.test-expired.example,cold,1483241,2,False,1788804153.0280771,
bind,expired,test.test-expired.example,cold,3160074,2,False,1788804153.031318,
bind,expired,test.test-expired.example,cold,4600954,2,False,1788804153.0360072,
bind,expired,test.test-expired.example,cold,1700750,2,False,1788804153.0378313,
bind,expired,test.test-expired.example,cold,2705367,2,False,1788804153.0406203,
bind,expired,test.test-expired.example,cold,5750836,2,False,1788804153.0464814,
bind,expired,test.test-expired.example,cold,3316448,2,False,1788804153.0499482,
bind,expired,test.test-expired.example,cold,2009574,2,False,1788804153.0520582,
bind,expired,test.test-expired.example,cold,2581475,2,False,1788804153.0547504,
bind,expired,test.test-expired.example,cold,1836132,2,False,1788804153.056701,
bind,expired,test.test-expired.example,cold,1581194,2,False,1788804153.0583754,
bind,expired,test.test-expired.example,cold,2137172,2,False,1788804153.0605874,
bind,expired,test.test-expired.example,cold,1703100,2,False,1788804153.0623803,
bind,expired,test.test-expired.example,cold,1497653,2,False,1788804153.06397,
bind,expired,test.test-expired.example,cold,1388131,2,False,1788804153.0654345,
bind,expired,test.test-expired.example,cold,1727875,2,False,1788804153.067229,
bind,expired,test.test-expired.example,cold,1665353,2,False,1788804153.068978,
bind,expired,test.test-expired.example,cold,1362410,2,False,1788804153.0704243,
bind,expired,test.test-expired.example,cold,1252635,2,False,1788804153.0717573,
bind,expired,test.test-expired.example,cold,2726441,2,False,1788804153.0745604,
bind,expired,test.test-expired.example,cold,3662321,2,False,1788804153.0783114,
bind,expired,test.test-expired.example,cold,1647191,2,False,1788804153.0801005,
bind,expired,test.test-expired.example,cold,2149952,2,False,1788804153.0823643,
bind,expired,test.test-expired.example,cold,2303453,2,False,1788804153.084796,
bind,expired,test.test-expired.example,cold,1699397,2,False,1788804153.086589,
bind,expired,test.test-expired.example,cold,1358879,2,False,1788804153.088024,
bind,expired,test.test-expired.example,cold,1454416,2,False,1788804153.0895565,
bind,expired,test.test-expired.example,cold,1365695,2,False,1788804153.091005,
bind,expired,test.test-expired.example,cold,1428212,2,False,1788804153.0924976,
bind,expired,test.test-expired.example,cold,1242202,2,False,1788804153.0939085,
bind,expired,test.test-expired.example,cold,1501308,2,False,1788804153.0956125,
bind,expired,test.test-expired.example,cold,1188078,2,False,1788804153.0968814,
bind,expired,test.test-expired.example,cold,1374385,2,False,1788804153.098366,
bind,expired,test.test-expired.example,cold,1461142,2,False,1788804153.0999086,
bind,expired,test.test-expired.example,cold,1351875,2,False,1788804153.1013246,
bind,expired,test.test-expired.example,cold,1278581,2,False,1788804153.1026793,
bind,expired,test.test-expired.example,cold,1267583,2,False,1788804153.1040373,
bind,expired,test.test-expired.example,cold,1367807,2,False,1788804153.105482,
bind,expired,test.test-expired.example,cold,1598979,2,False,1788804153.1071663,
bind,expired,test.test-expired.example,cold,1755740,2,False,1788804153.109124,
bind,expired,test.test-expired.example,cold,2048707,2,False,1788804153.1113513,
bind,expired,test.test-expired.example,cold,2003432,2,False,1788804153.1135113,
bind,expired,test.test-expired.example,cold,6217130,2,False,1788804153.1199217,
bind,expired,test.test-expired.example,cold,1783667,2,False,1788804153.1218302,
bind,expired,test.test-expired.example,cold,1793948,2,False,1788804153.1238,
bind,expired,test.test-expired.example,cold,1950275,2,False,1788804153.1258478,
bind,expired,test.test-expired.example,cold,1594286,2,False,1788804153.1275387,
bind,expired,test.test-expired.example,cold,1640852,2,False,1788804153.1292627,
bind,expired,test.test-expired.example,cold,1728993,2,False,1788804153.1310685,
bind,expired,test.test-expired.example,cold,1730233,2,False,1788804153.1329017,
bind,expired,test.test-expired.example,cold,1685543,2,False,1788804153.1347518,
bind,expired,test.test-expired.example,cold,1412109,2,False,1788804153.1362476,
bind,expired,test.test-expired.example,cold,1706995,2,False,1788804153.1380334,
bind,expired,test.test-expired.example,cold,1939930,2,False,1788804153.1400495,
bind,expired,test.test-expired.example,cold,1614488,2,False,1788804153.1417677,
bind,expired,test.test-expired.example,cold,4852381,2,False,1788804153.146704,
bind,expired,test.test-expired.example,cold,2002949,2,False,1788804153.1488104,
bind,expired,test.test-expired.example,cold,1718429,2,False,1788804153.1507344,
bind,expired,test.test-expired.example,cold,2545730,2,False,1788804153.157096,
bind,expired,test.test-expired.example,cold,1513096,2,False,1788804153.1587653,
bind,expired,test.test-expired.example,cold,2689482,2,False,1788804153.1615567,
bind,expired,test.test-expired.example,cold,2805611,2,False,1788804153.1644828,
bind,expired,test.test-expired.example,cold,3289625,2,False,1788804153.1678889,
bind,expired,test.test-expired.example,cold,1793819,2,False,1788804153.169797,
bind,expired,test.test-expired.example,cold,1612127,2,False,1788804153.1715229,
bind,expired,test.test-expired.example,cold,1471574,2,False,1788804153.1730752,
bind,expired,test.test-expired.example,cold,1909086,2,False,1788804153.1751313,
bind,expired,test.test-expired.example,cold,1626617,2,False,1788804153.176849,
bind,expired,test.test-expired.example,cold,1705033,2,False,1788804153.1786342,
bind,expired,test.test-expired.example,cold,1689072,2,False,1788804153.1804104,
bind,expired,test.test-expired.example,cold,1538486,2,False,1788804153.1820228,
bind,expired,test.test-expired.example,cold,1843691,2,False,1788804153.1839676,
bind,expired,test.test-expired.example,cold,1744081,2,False,1788804153.1857996,
bind,expired,test.test-expired.example,cold,1588707,2,False,1788804153.187469,
bind,expired,test.test-expired.example,cold,1311666,2,False,1788804153.1888564,
bind,expired,test.test-expired.example,cold,1517484,2,False,1788804153.1904595,
bind,expired,test.test-expired.example,cold,1736444,2,False,1788804153.192309,
bind,expired,test.test-expired.example,cold,1523169,2,False,1788804153.1939325,
bind,expired,test.test-expired.example,cold,1527563,2,False,1788804153.195551,
bind,expired,test.test-expired.example,cold,1409526,2,False,1788804153.19705,
bind,expired,test.test-expired.example,cold,1525739,2,False,1788804153.198679,
bind,expired,test.test-expired.example,cold,1520773,2,False,1788804153.20028,
bind,expired,test.test-expired.example,cold,1897632,2,False,1788804153.2022579,
bind,expired,test.test-expired.example,cold,1533238,2,False,1788804153.2039425,
bind,expired,test.test-expired.example,cold,1625386,2,False,1788804153.2056475,
bind,expired,test.test-expired.example,cold,1731204,2,False,1788804153.2074575,
bind,expired,test.test-expired.example,cold,1583321,2,False,1788804153.2091196,
bind,expired,test.test-expired.example,cold,2335768,2,False,1788804153.2115316,
bind,expired,test.test-expired.example,cold,1585897,2,False,1788804153.2133276,
bind,expired,test.test-expired.example,cold,1614120,2,False,1788804153.2150848,
bind,expired,test.test-expired.example,cold,10202306,2,False,1788804153.2253997,
bind,expired,test.test-expired.example,cold,2029435,2,False,1788804153.2275534,
bind,expired,test.test-expired.example,cold,1868815,2,False,1788804153.2294993,
bind,expired,test.test-expired.example,cold,5842868,2,False,1788804153.2354321,
bind,expired,test.test-expired.example,cold,2251294,2,False,1788804153.2378092,
bind,expired,test.test-expired.example,cold,1948192,2,False,1788804153.2398562,
bind,expired,test.test-expired.example,cold,1359001,2,False,1788804153.2413023,
bind,expired,test.test-expired.example,cold,1342359,2,False,1788804153.2427247,
bind,expired,test.test-expired.example,cold,1351575,2,False,1788804153.2441528,
bind,expired,test.test-expired.example,cold,1938013,2,False,1788804153.2461715,
bind,expired,test.test-expired.example,cold,1823477,2,False,1788804153.2480986,
bind,expired,test.test-expired.example,cold,1637568,2,False,1788804153.249853,
bind,expired,test.test-expired.example,cold,1593388,2,False,1788804153.251533,
bind,expired,test.test-expired.example,cold,1519656,2,False,1788804153.2531333,
bind,expired,test.test-expired.example,cold,1457637,2,False,1788804153.254668,
bind,expired,test.test-expired.example,cold,1428839,2,False,1788804153.256171,
bind,expired,test.test-expired.example,cold,1492140,2,False,1788804153.257747,
bind,expired,test.test-expired.example,cold,1877619,2,False,1788804153.2597556,
bind,expired,test.test-expired.example,cold,1366349,2,False,1788804153.2612946,
bind,expired,test.test-expired.example,cold,1462893,2,False,1788804153.262835,
bind,expired,test.test-expired.example,cold,1659995,2,False,1788804153.2645912,
bind,expired,test.test-expired.example,cold,1650274,2,False,1788804153.2664425,
bind,expired,test.test-expired.example,cold,1482468,2,False,1788804153.2680066,
bind,expired,test.test-expired.example,cold,1499477,2,False,1788804153.2697005,
bind,expired,test.test-expired.example,cold,1421474,2,False,1788804153.2713132,
bind,expired,test.test-expired.example,cold,1537875,2,False,1788804153.2729461,
bind,expired,test.test-expired.example,cold,1711935,2,False,1788804153.2747426,
bind,expired,test.test-expired.example,cold,1519977,2,False,1788804153.2763445,
bind,expired,test.test-expired.example,cold,1482162,2,False,1788804153.277914,
bind,expired,test.test-expired.example,cold,1621175,2,False,1788804153.2796204,
bind,expired,test.test-expired.example,cold,1569474,2,False,1788804153.2812676,
bind,expired,test.test-expired.example,cold,1432369,2,False,1788804153.2827852,
bind,expired,test.test-expired.example,cold,1551401,2,False,1788804153.284416,
bind,expired,test.test-expired.example,cold,1383871,2,False,1788804153.2858775,
bind,expired,test.test-expired.example,cold,1165072,2,False,1788804153.2871118,
bind,expired,test.test-expired.example,cold,1129138,2,False,1788804153.2883127,
bind,expired,test.test-expired.example,cold,1432555,2,False,1788804153.2899215,
bind,expired,test.test-expired.example,cold,1660610,2,False,1788804153.2916524,
bind,expired,test.test-expired.example,cold,1508282,2,False,1788804153.2932417,
bind,expired,test.test-expired.example,cold,1645419,2,False,1788804153.295029,
bind,expired,test.test-expired.example,cold,1601095,2,False,1788804153.2967079,
bind,expired,test.test-expired.example,cold,1710373,2,False,1788804153.2984982,
bind,expired,test.test-expired.example,cold,1475256,2,False,1788804153.3000581,
bind,expired,test.test-expired.example,cold,1797621,2,False,1788804153.301929,
bind,expired,test.test-expired.example,cold,1648482,2,False,1788804153.3037212,
bind,expired,test.test-expired.example,cold,1632760,2,False,1788804153.30545,
bind,expired,test.test-expired.example,cold,4194752,2,False,1788804153.3097258,
bind,expired,test.test-expired.example,cold,1709732,2,False,1788804153.3115377,
bind,expired,test.test-expired.example,cold,1617058,2,False,1788804153.313253,
bind,expired,test.test-expired.example,cold,1365746,2,False,1788804153.3147054,
bind,expired,test.test-expired.example,cold,3927790,2,False,1788804153.3187246,
bind,expired,test.test-expired.example,cold,2023680,2,False,1788804153.3208816,
bind,expired,test.test-expired.example,cold,1711535,2,False,1788804153.3227124,
bind,expired,test.test-expired.example,cold,2145834,2,False,1788804153.3249817,
bind,expired,test.test-expired.example,cold,2223814,2,False,1788804153.3273025,
bind,expired,test.test-expired.example,cold,1801970,2,False,1788804153.3292222,
bind,expired,test.test-expired.example,cold,2342892,2,False,1788804153.3316796,
bind,expired,test.test-expired.example,cold,2305402,2,False,1788804153.3341548,
bind,expired,test.test-expired.example,cold,2333804,2,False,1788804153.3365853,
bind,expired,test.test-expired.example,cold,2013994,2,False,1788804153.3386934,
bind,expired,test.test-expired.example,cold,2077307,2,False,1788804153.3408937,
bind,expired,test.test-expired.example,cold,1637859,2,False,1788804153.34263,
bind,expired,test.test-expired.example,cold,1586696,2,False,1788804153.3442934,
bind,expired,test.test-expired.example,cold,1521705,2,False,1788804153.345903,
bind,expired,test.test-expired.example,cold,1626051,2,False,1788804153.3476255,
bind,expired,test.test-expired.example,cold,1373826,2,False,1788804153.3491857,
bind,expired,test.test-expired.example,cold,1327748,2,False,1788804153.3505914,
bind,expired,test.test-expired.example,cold,1732736,2,False,1788804153.3524914,
bind,expired,test.test-expired.example,cold,1486927,2,False,1788804153.3540735,
bind,expired,test.test-expired.example,cold,1621515,2,False,1788804153.3557808,
bind,expired,test.test-expired.example,cold,2021661,2,False,1788804153.357906,
bind,expired,test.test-expired.example,cold,2215947,2,False,1788804153.360216,
bind,expired,test.test-expired.example,cold,2107796,2,False,1788804153.3625042,
bind,expired,test.test-expired.example,cold,1547726,2,False,1788804153.3641481,
bind,expired,test.test-expired.example,cold,1542394,2,False,1788804153.3657696,
bind,expired,test.test-expired.example,cold,1697476,2,False,1788804153.36755,
bind,expired,test.test-expired.example,cold,1557318,2,False,1788804153.369276,
bind,expired,test.test-expired.example,cold,1317907,2,False,1788804153.3706841,
bind,expired,test.test-expired.example,cold,1285699,2,False,1788804153.372047,
bind,expired,test.test-expired.example,cold,1245860,2,False,1788804153.3734305,
bind,expired,test.test-expired.example,cold,1788001,2,False,1788804153.3753738,
bind,expired,test.test-expired.example,cold,1332667,2,False,1788804153.3767967,
bind,expired,test.test-expired.example,cold,1279440,2,False,1788804153.378152,
bind,expired,test.test-expired.example,cold,1358208,2,False,1788804153.379587,
bind,expired,test.test-expired.example,cold,1567275,2,False,1788804153.3812275,
bind,expired,test.test-expired.example,cold,1484178,2,False,1788804153.3828912,
bind,expired,test.test-expired.example,cold,1331660,2,False,1788804153.3843932,
bind,expired,test.test-expired.example,cold,5762755,2,False,1788804153.3902366,
bind,expired,test.test-expired.example,cold,1549492,2,False,1788804153.392019,
bind,expired,test.test-expired.example,cold,5803766,2,False,1788804153.3980253,
bind,expired,test.test-expired.example,cold,1911277,2,False,1788804153.400043,
bind,expired,test.test-expired.example,cold,2678826,2,False,1788804153.4028125,
bind,expired,test.test-expired.example,cold,1578016,2,False,1788804153.4044867,
bind,expired,test.test-expired.example,cold,1552782,2,False,1788804153.4061267,
bind,expired,test.test-expired.example,cold,1563040,2,False,1788804153.4078605,
bind,expired,test.test-expired.example,cold,1474032,2,False,1788804153.4094155,
bind,expired,test.test-expired.example,cold,1342624,2,False,1788804153.4108357,
bind,expired,test.test-expired.example,cold,1330985,2,False,1788804153.412242,
bind,expired,test.test-expired.example,cold,1239180,2,False,1788804153.4135609,
bind,expired,test.test-expired.example,cold,1659370,2,False,1788804153.4152877,
bind,expired,test.test-expired.example,cold,1622033,2,False,1788804153.416983,
bind,expired,test.test-expired.example,cold,1616156,2,False,1788804153.4193318,
bind,expired,test.test-expired.example,cold,1391725,2,False,1788804153.42095,
bind,expired,test.test-expired.example,cold,1381872,2,False,1788804153.4224195,
bind,expired,test.test-expired.example,cold,1583071,2,False,1788804153.4241061,
bind,expired,test.test-expired.example,cold,1379311,2,False,1788804153.4255633,
bind,expired,test.test-expired.example,cold,1655010,2,False,1788804153.4272945,
bind,expired,test.test-expired.example,cold,1713037,2,False,1788804153.4290836,
bind,expired,test.test-expired.example,cold,1510436,2,False,1788804153.4306686,
bind,expired,test.test-expired.example,cold,1544941,2,False,1788804153.432288,
bind,expired,test.test-expired.example,cold,1564690,2,False,1788804153.4339335,
bind,expired,test.test-expired.example,cold,1692359,2,False,1788804153.4357133,
bind,expired,test.test-expired.example,cold,1496633,2,False,1788804153.4373014,
bind,expired,test.test-expired.example,cold,1499723,2,False,1788804153.4388833,
bind,expired,test.test-expired.example,cold,1781928,2,False,1788804153.4410172,
bind,expired,test.test-expired.example,cold,1514654,2,False,1788804153.442744,
bind,expired,test.test-expired.example,cold,1528420,2,False,1788804153.4443507,
bind,expired,test.test-expired.example,cold,1464790,2,False,1788804153.445911,
bind,expired,test.test-expired.example,cold,1425924,2,False,1788804153.4475071,
bind,expired,test.test-expired.example,cold,1248179,2,False,1788804153.448947,
bind,expired,test.test-expired.example,cold,1477899,2,False,1788804153.4505765,
bind,expired,test.test-expired.example,cold,1406081,2,False,1788804153.4520648,
bind,expired,test.test-expired.example,cold,1514908,2,False,1788804153.4536521,
bind,expired,test.test-expired.example,cold,1451077,2,False,1788804153.4552124,
bind,expired,test.test-expired.example,cold,1401508,2,False,1788804153.456701,
bind,expired,test.test-expired.example,cold,1331714,2,False,1788804153.4581747,
bind,expired,test.test-expired.example,cold,1285669,2,False,1788804153.459685,
bind,expired,test.test-expired.example,cold,1238480,2,False,1788804153.461067,
bind,expired,test.test-expired.example,cold,1360442,2,False,1788804153.4625027,
bind,expired,test.test-expired.example,cold,1177882,2,False,1788804153.4637513,
bind,expired,test.test-expired.example,cold,1324627,2,False,1788804153.4651494,
bind,expired,test.test-expired.example,cold,2860622,2,False,1788804153.4681206,
bind,expired,test.test-expired.example,cold,1536167,2,False,1788804153.4697804,
bind,expired,test.test-expired.example,cold,1560047,2,False,1788804153.4714334,
bind,expired,test.test-expired.example,cold,3160967,2,False,1788804153.4746792,
bind,expired,test.test-expired.example,cold,2115389,2,False,1788804153.477025,
bind,expired,test.test-expired.example,cold,2222972,2,False,1788804153.4793384,
bind,expired,test.test-expired.example,cold,3101731,2,False,1788804153.4825299,
bind,expired,test.test-expired.example,cold,1756645,2,False,1788804153.4845128,
bind,expired,test.test-expired.example,cold,1875467,2,False,1788804153.4864888,
bind,expired,test.test-expired.example,cold,1948187,2,False,1788804153.488536,
bind,expired,test.test-expired.example,cold,1329576,2,False,1788804153.4900918,
bind,expired,test.test-expired.example,cold,1314480,2,False,1788804153.4914827,
bind,expired,test.test-expired.example,cold,1366061,2,False,1788804153.492902,
bind,expired,test.test-expired.example,cold,1355301,2,False,1788804153.4943602,
bind,expired,test.test-expired.example,cold,1326632,2,False,1788804153.4957647,
bind,expired,test.test-expired.example,cold,1369244,2,False,1788804153.497307,
bind,expired,test.test-expired.example,cold,1311719,2,False,1788804153.4986935,
bind,expired,test.test-expired.example,cold,1161703,2,False,1788804153.499927,
bind,expired,test.test-expired.example,cold,1402482,2,False,1788804153.5013988,
bind,expired,test.test-expired.example,cold,1380287,2,False,1788804153.502853,
bind,expired,test.test-expired.example,cold,1392457,2,False,1788804153.5043387,
bind,expired,test.test-expired.example,cold,1436453,2,False,1788804153.5058503,
bind,expired,test.test-expired.example,cold,1820610,2,False,1788804153.507833,
bind,expired,test.test-expired.example,cold,1957403,2,False,1788804153.509869,
bind,expired,test.test-expired.example,cold,1561895,2,False,1788804153.5115163,
bind,expired,test.test-expired.example,cold,1646969,2,False,1788804153.5132437,
bind,expired,test.test-expired.example,cold,1743584,2,False,1788804153.5150745,
bind,expired,test.test-expired.example,cold,1340421,2,False,1788804153.516496,
bind,expired,test.test-expired.example,cold,1535706,2,False,1788804153.5181108,
bind,expired,test.test-expired.example,cold,1788322,2,False,1788804153.5200086,
bind,expired,test.test-expired.example,cold,1464600,2,False,1788804153.5216784,
bind,expired,test.test-expired.example,cold,1550430,2,False,1788804153.5233145,
bind,expired,test.test-expired.example,cold,1692826,2,False,1788804153.5250945,
bind,expired,test.test-expired.example,cold,2579337,2,False,1788804153.5277648,
bind,expired,test.test-expired.example,cold,1783621,2,False,1788804153.5296562,
bind,expired,test.test-expired.example,cold,1560841,2,False,1788804153.531309,
bind,expired,test.test-expired.example,cold,1668530,2,False,1788804153.5330613,
bind,expired,test.test-expired.example,cold,1594544,2,False,1788804153.5348449,
bind,expired,test.test-expired.example,cold,1668781,2,False,1788804153.5366056,
bind,expired,test.test-expired.example,cold,1547916,2,False,1788804153.538232,
bind,expired,test.test-expired.example,cold,1558853,2,False,1788804153.5398672,
bind,expired,test.test-expired.example,cold,1645582,2,False,1788804153.5416167,
bind,expired,test.test-expired.example,cold,1343928,2,False,1788804153.5430396,
bind,expired,test.test-expired.example,cold,1296997,2,False,1788804153.5444756,
bind,expired,test.test-expired.example,cold,1321976,2,False,1788804153.5458813,
bind,expired,test.test-expired.example,cold,1509517,2,False,1788804153.5475593,
bind,expired,test.test-expired.example,cold,5244044,2,False,1788804153.5529857,
bind,expired,test.test-expired.example,cold,1709567,2,False,1788804153.5548072,
bind,expired,test.test-expired.example,cold,2180878,2,False,1788804153.560129,
bind,expired,test.test-expired.example,cold,1668424,2,False,1788804153.5618925,
bind,expired,test.test-expired.example,cold,1768797,2,False,1788804153.5637634,
bind,expired,test.test-expired.example,cold,4656619,2,False,1788804153.5685213,
bind,expired,test.test-expired.example,cold,2893362,2,False,1788804153.5715313,
bind,expired,test.test-expired.example,cold,2127965,2,False,1788804153.5737548,
bind,expired,test.test-expired.example,cold,2332393,2,False,1788804153.5761755,
bind,expired,test.test-expired.example,cold,1508549,2,False,1788804153.5777879,
bind,expired,test.test-expired.example,cold,1454626,2,False,1788804153.5794494,
bind,expired,test.test-expired.example,cold,1616178,2,False,1788804153.5811455,
bind,expired,test.test-expired.example,cold,1335310,2,False,1788804153.582562,
bind,expired,test.test-expired.example,cold,1488224,2,False,1788804153.5841327,
bind,expired,test.test-expired.example,cold,1310076,2,False,1788804153.585516,
bind,expired,test.test-expired.example,cold,1298162,2,False,1788804153.5868914,
bind,expired,test.test-expired.example,cold,1378049,2,False,1788804153.5884006,
bind,expired,test.test-expired.example,cold,1666022,2,False,1788804153.5901375,
bind,expired,test.test-expired.example,cold,1495573,2,False,1788804153.5917904,
bind,expired,test.test-expired.example,cold,1444726,2,False,1788804153.593306,
bind,expired,test.test-expired.example,cold,1438298,2,False,1788804153.5948253,
bind,expired,test.test-expired.example,cold,1830108,2,False,1788804153.5967326,
bind,expired,test.test-expired.example,cold,1902310,2,False,1788804153.5988348,
bind,expired,test.test-expired.example,cold,1599227,2,False,1788804153.6006477,
bind,expired,test.test-expired.example,cold,1530981,2,False,1788804153.602262,
bind,expired,test.test-expired.example,cold,1472561,2,False,1788804153.6038454,
bind,expired,test.test-expired.example,cold,1542322,2,False,1788804153.60546,
bind,expired,test.test-expired.example,cold,1583600,2,False,1788804153.6071873,
bind,expired,test.test-expired.example,cold,4862097,2,False,1788804153.6121573,
bind,expired,test.test-expired.example,cold,2813309,2,False,1788804153.615115,
bind,expired,test.test-expired.example,cold,2187761,2,False,1788804153.6174266,
bind,expired,test.test-expired.example,cold,2025616,2,False,1788804153.619554,
bind,expired,test.test-expired.example,cold,2410435,2,False,1788804153.6220858,
bind,expired,test.test-expired.example,cold,2381217,2,False,1788804153.6250355,
bind,expired,test.test-expired.example,cold,1608056,2,False,1788804153.6267111,
bind,expired,test.test-expired.example,cold,1896873,2,False,1788804153.6287196,
bind,expired,test.test-expired.example,cold,6385400,2,False,1788804153.6352324,
bind,expired,test.test-expired.example,cold,2342540,2,False,1788804153.6377847,
bind,expired,test.test-expired.example,cold,1760772,2,False,1788804153.639652,
bind,expired,test.test-expired.example,cold,1442625,2,False,1788804153.6411903,
bind,expired,test.test-expired.example,cold,1345861,2,False,1788804153.6426272,
bind,expired,test.test-expired.example,cold,1879459,2,False,1788804153.6445851,
bind,expired,test.test-expired.example,cold,1349105,2,False,1788804153.646027,
bind,expired,test.test-expired.example,cold,1445926,2,False,1788804153.6475523,
bind,expired,test.test-expired.example,cold,1329320,2,False,1788804153.648956,
bind,expired,test.test-expired.example,cold,1419747,2,False,1788804153.6504507,
bind,expired,test.test-expired.example,cold,1548657,2,False,1788804153.6520946,
bind,expired,test.test-expired.example,cold,1481554,2,False,1788804153.653656,
bind,expired,test.test-expired.example,cold,1502943,2,False,1788804153.6552312,
bind,expired,test.test-expired.example,cold,1290307,2,False,1788804153.6565871,
bind,expired,test.test-expired.example,cold,1535376,2,False,1788804153.6582205,
bind,expired,test.test-expired.example,cold,1756443,2,False,1788804153.6600616,
bind,expired,test.test-expired.example,cold,1608412,2,False,1788804153.6617637,
bind,expired,test.test-expired.example,cold,1756770,2,False,1788804153.6636012,
bind,expired,test.test-expired.example,cold,1723042,2,False,1788804153.6654096,
bind,expired,test.test-expired.example,cold,1472364,2,False,1788804153.6670601,
bind,expired,test.test-expired.example,cold,1340242,2,False,1788804153.6684818,
bind,expired,test.test-expired.example,cold,2897084,2,False,1788804153.6714597,
bind,expired,test.test-expired.example,cold,1484217,2,False,1788804153.6730506,
bind,expired,test.test-expired.example,cold,1514423,2,False,1788804153.6747112,
bind,expired,test.test-expired.example,cold,1599824,2,False,1788804153.6764076,
bind,expired,test.test-expired.example,cold,1436444,2,False,1788804153.6779342,
bind,expired,test.test-expired.example,cold,1406916,2,False,1788804153.6794217,
bind,expired,test.test-expired.example,cold,2416327,2,False,1788804153.6819336,
bind,expired,test.test-expired.example,cold,1833329,2,False,1788804153.6838791,
bind,expired,test.test-expired.example,cold,1662223,2,False,1788804153.685626,
bind,expired,test.test-expired.example,cold,1449607,2,False,1788804153.6871634,
bind,expired,test.test-expired.example,cold,1426660,2,False,1788804153.6886652,
bind,expired,test.test-expired.example,cold,1273232,2,False,1788804153.690083,
bind,expired,test.test-expired.example,cold,1739600,2,False,1788804153.6919,
bind,expired,test.test-expired.example,cold,1779451,2,False,1788804153.693761,
bind,expired,test.test-expired.example,cold,1354791,2,False,1788804153.6952348,
bind,expired,test.test-expired.example,cold,1475059,2,False,1788804153.6967869,
bind,expired,test.test-expired.example,cold,1335149,2,False,1788804153.6982005,
bind,expired,test.test-expired.example,cold,1245287,2,False,1788804153.6995318,
bind,expired,test.test-expired.example,cold,1293934,2,False,1788804153.700904,
bind,expired,test.test-expired.example,cold,1262586,2,False,1788804153.7022429,
bind,expired,test.test-expired.example,cold,1332187,2,False,1788804153.7036977,
bind,expired,test.test-expired.example,cold,1145659,2,False,1788804153.7049127,
bind,expired,test.test-expired.example,cold,1296030,2,False,1788804153.7062833,
bind,expired,test.test-expired.example,cold,4258416,2,False,1788804153.7106414,
bind,expired,test.test-expired.example,cold,1744128,2,False,1788804153.7124999,
bind,expired,test.test-expired.example,cold,1648094,2,False,1788804153.7142675,
bind,expired,test.test-expired.example,cold,1534415,2,False,1788804153.7159133,
bind,expired,test.test-expired.example,cold,5276010,2,False,1788804153.7212834,
bind,expired,test.test-expired.example,cold,1939487,2,False,1788804153.7233436,
bind,expired,test.test-expired.example,cold,3246146,2,False,1788804153.7266881,
bind,expired,test.test-expired.example,cold,3317271,2,False,1788804153.7301111,
bind,expired,test.test-expired.example,cold,3682610,2,False,1788804153.7339327,
bind,expired,test.test-expired.example,cold,3654270,2,False,1788804153.7377074,
bind,expired,test.test-expired.example,cold,2028592,2,False,1788804153.7398515,
bind,expired,test.test-expired.example,cold,1573607,2,False,1788804153.741511,
bind,expired,test.test-expired.example,cold,1409585,2,False,1788804153.7430565,
bind,expired,test.test-expired.example,cold,1322844,2,False,1788804153.7444549,
bind,expired,test.test-expired.example,cold,1474772,2,False,1788804153.7460122,
bind,expired,test.test-expired.example,cold,1582028,2,False,1788804153.7477374,
bind,expired,test.test-expired.example,cold,1572330,2,False,1788804153.749397,
bind,expired,test.test-expired.example,cold,1512081,2,False,1788804153.7509868,
bind,expired,test.test-expired.example,cold,1387822,2,False,1788804153.7524536,
bind,expired,test.test-expired.example,cold,1415949,2,False,1788804153.7539485,
bind,expired,test.test-expired.example,cold,1735595,2,False,1788804153.7557642,
bind,expired,test.test-expired.example,cold,1519285,2,False,1788804153.7573698,
bind,expired,test.test-expired.example,cold,1543810,2,False,1788804153.7589972,
bind,expired,test.test-expired.example,cold,1444755,2,False,1788804153.760516,
bind,expired,test.test-expired.example,cold,1318196,2,False,1788804153.7619097,
bind,expired,test.test-expired.example,cold,1315855,2,False,1788804153.7634068,
bind,expired,test.test-expired.example,cold,1392755,2,False,1788804153.7649012,
bind,expired,test.test-expired.example,cold,1199980,2,False,1788804153.7661805,
bind,expired,test.test-expired.example,cold,1381262,2,False,1788804153.7676342,
bind,expired,test.test-expired.example,cold,1229634,2,False,1788804153.7689393,
bind,expired,test.test-expired.example,cold,1344036,2,False,1788804153.7704256,
bind,expired,test.test-expired.example,cold,1503475,2,False,1788804153.7720172,
bind,expired,test.test-expired.example,cold,1476161,2,False,1788804153.7735708,
bind,expired,test.test-expired.example,cold,1430450,2,False,1788804153.7750726,
bind,expired,test.test-expired.example,cold,1528625,2,False,1788804153.776676,
bind,expired,test.test-expired.example,cold,1448972,2,False,1788804153.7782056,
bind,expired,test.test-expired.example,cold,1375355,2,False,1788804153.7799182,
bind,expired,test.test-expired.example,cold,1360953,2,False,1788804153.781353,
bind,expired,test.test-expired.example,cold,1303374,2,False,1788804153.782729,
bind,expired,test.test-expired.example,cold,1289102,2,False,1788804153.7840917,
bind,expired,test.test-expired.example,cold,1395942,2,False,1788804153.7855775,
bind,expired,test.test-expired.example,cold,1452062,2,False,1788804153.7871113,
bind,expired,test.test-expired.example,cold,3517980,2,False,1788804153.790705,
bind,expired,test.test-expired.example,cold,4204001,2,False,1788804153.7949972,
bind,expired,test.test-expired.example,cold,4546728,2,False,1788804153.7999303,
bind,expired,test.test-expired.example,cold,1910310,2,False,1788804153.8019822,
bind,expired,test.test-expired.example,cold,2079210,2,False,1788804153.8041725,
bind,expired,test.test-expired.example,cold,1469419,2,False,1788804153.805735,
bind,expired,test.test-expired.example,cold,2192241,2,False,1788804153.8080113,
bind,expired,test.test-expired.example,cold,1415409,2,False,1788804153.8095675,
bind,expired,test.test-expired.example,cold,1265720,2,False,1788804153.8110018,
bind,expired,test.test-expired.example,cold,1427160,2,False,1788804153.812569,
bind,expired,test.test-expired.example,cold,1577130,2,False,1788804153.8142307,
bind,expired,test.test-expired.example,cold,1406323,2,False,1788804153.8157222,
bind,expired,test.test-expired.example,cold,1424642,2,False,1788804153.8172247,
bind,expired,test.test-expired.example,cold,1700265,2,False,1788804153.8190053,
bind,expired,test.test-expired.example,cold,1437758,2,False,1788804153.8205268,
bind,expired,test.test-expired.example,cold,1326909,2,False,1788804153.822014,
bind,expired,test.test-expired.example,cold,1312566,2,False,1788804153.823397,
bind,expired,test.test-expired.example,cold,1329773,2,False,1788804153.8247967,
bind,expired,test.test-expired.example,cold,1358928,2,False,1788804153.8262308,
bind,expired,test.test-expired.example,cold,1373345,2,False,1788804153.827676,
bind,expired,test.test-expired.example,cold,1597205,2,False,1788804153.8295588,
bind,expired,test.test-expired.example,cold,1388772,2,False,1788804153.8310258,
bind,expired,test.test-expired.example,cold,1340280,2,False,1788804153.832438,
bind,expired,test.test-expired.example,cold,1687143,2,False,1788804153.8341992,
bind,expired,test.test-expired.example,cold,1399893,2,False,1788804153.8356774,
bind,expired,test.test-expired.example,cold,1341302,2,False,1788804153.8370922,
bind,expired,test.test-expired.example,cold,1375072,2,False,1788804153.8386269,
bind,expired,test.test-expired.example,cold,1307982,2,False,1788804153.8400092,
bind,expired,test.test-expired.example,cold,1187955,2,False,1788804153.841272,
bind,expired,test.test-expired.example,cold,1322703,2,False,1788804153.8426678,
bind,expired,test.test-expired.example,cold,1211547,2,False,1788804153.843953,
bind,expired,test.test-expired.example,cold,1491580,2,False,1788804153.8455253,
bind,expired,test.test-expired.example,cold,1235533,2,False,1788804153.8469238,
bind,expired,test.test-expired.example,cold,1564574,2,False,1788804153.848559,
bind,expired,test.test-expired.example,cold,1545244,2,False,1788804153.850191,
bind,expired,test.test-expired.example,cold,1348616,2,False,1788804153.8516202,
bind,expired,test.test-expired.example,cold,1451075,2,False,1788804153.853154,
bind,expired,test.test-expired.example,cold,1304297,2,False,1788804153.8545365,
bind,expired,test.test-expired.example,cold,1417231,2,False,1788804153.856029,
bind,expired,test.test-expired.example,cold,1269818,2,False,1788804153.8574426,
bind,expired,test.test-expired.example,cold,1298052,2,False,1788804153.8588986,
bind,expired,test.test-expired.example,cold,1249991,2,False,1788804153.8602102,
bind,expired,test.test-expired.example,cold,1286249,2,False,1788804153.8615518,
bind,expired,test.test-expired.example,cold,1317339,2,False,1788804153.8629432,
bind,expired,test.test-expired.example,cold,1257304,2,False,1788804153.864299,
bind,expired,test.test-expired.example,cold,1691605,2,False,1788804153.8660705,
bind,expired,test.test-expired.example,cold,1626175,2,False,1788804153.867785,
bind,expired,test.test-expired.example,cold,1538215,2,False,1788804153.869407,
bind,expired,test.test-expired.example,cold,5144708,2,False,1788804153.8746417,
bind,expired,test.test-expired.example,cold,1615689,2,False,1788804153.8763726,
bind,expired,test.test-expired.example,cold,1457463,2,False,1788804153.877926,
bind,expired,test.test-expired.example,cold,3466987,2,False,1788804153.881491,
bind,expired,test.test-expired.example,cold,1790711,2,False,1788804153.8833838,
bind,expired,test.test-expired.example,cold,1465884,2,False,1788804153.8849404,
bind,expired,test.test-expired.example,cold,1574060,2,False,1788804153.88659,
bind,expired,test.test-expired.example,cold,1516762,2,False,1788804153.888187,
bind,expired,test.test-expired.example,cold,1729088,2,False,1788804153.8900027,
bind,expired,test.test-expired.example,cold,1662335,2,False,1788804153.8917599,
bind,expired,test.test-expired.example,cold,1513271,2,False,1788804153.8933578,
bind,expired,test.test-expired.example,cold,1237405,2,False,1788804153.8946738,
bind,expired,test.test-expired.example,cold,1558159,2,False,1788804153.8963912,
bind,expired,test.test-expired.example,cold,1502049,2,False,1788804153.8979633,
bind,expired,test.test-expired.example,cold,1263104,2,False,1788804153.8993087,
bind,expired,test.test-expired.example,cold,1300581,2,False,1788804153.900688,
bind,expired,test.test-expired.example,cold,1149546,2,False,1788804153.901927,
bind,expired,test.test-expired.example,cold,1330318,2,False,1788804153.9033306,
bind,expired,test.test-expired.example,cold,1187177,2,False,1788804153.9045954,
bind,expired,test.test-expired.example,cold,1251542,2,False,1788804153.9059367,
bind,expired,test.test-expired.example,cold,1360343,2,False,1788804153.9073718,
bind,expired,test.test-expired.example,cold,1267842,2,False,1788804153.9087162,
bind,expired,test.test-expired.example,cold,1242181,2,False,1788804153.9100332,
bind,expired,test.test-expired.example,cold,1250887,2,False,1788804153.9114602,
bind,expired,test.test-expired.example,cold,1335058,2,False,1788804153.912866,
bind,expired,test.test-expired.example,cold,1147721,2,False,1788804153.914089,
bind,expired,test.test-expired.example,cold,1383148,2,False,1788804153.915655,
bind,expired,test.test-expired.example,cold,1360633,2,False,1788804153.9170973,
bind,expired,test.test-expired.example,cold,1173317,2,False,1788804153.9183474,
bind,expired,test.test-expired.example,cold,1263689,2,False,1788804153.9197028,
bind,expired,test.test-expired.example,cold,1291038,2,False,1788804153.921075,
bind,expired,test.test-expired.example,cold,1711022,2,False,1788804153.9228652,
bind,expired,test.test-expired.example,cold,1391202,2,False,1788804153.9243498,
bind,expired,test.test-expired.example,cold,1391355,2,False,1788804153.9259584,
bind,expired,test.test-expired.example,cold,1334146,2,False,1788804153.9273605,
bind,expired,test.test-expired.example,cold,1387575,2,False,1788804153.9288292,
bind,expired,test.test-expired.example,cold,1840710,2,False,1788804153.93076,
bind,expired,test.test-expired.example,cold,1456786,2,False,1788804153.9323103,
bind,expired,test.test-expired.example,cold,1425901,2,False,1788804153.9338167,
bind,expired,test.test-expired.example,cold,1550085,2,False,1788804153.9354637,
bind,expired,test.test-expired.example,cold,1589567,2,False,1788804153.9371328,
bind,expired,test.test-expired.example,cold,1460409,2,False,1788804153.9386685,
bind,expired,test.test-expired.example,cold,1377300,2,False,1788804153.940126,
bind,expired,test.test-expired.example,cold,1488261,2,False,1788804153.9416907,
bind,expired,test.test-expired.example,cold,1442266,2,False,1788804153.9432094,
bind,expired,test.test-expired.example,cold,1425143,2,False,1788804153.9447215,
bind,expired,test.test-expired.example,cold,1519723,2,False,1788804153.9464335,
bind,expired,test.test-expired.example,cold,1410482,2,False,1788804153.9480345,
bind,expired,test.test-expired.example,cold,1454293,2,False,1788804153.9495707,
bind,expired,test.test-expired.example,cold,1295655,2,False,1788804153.9509528,
bind,expired,test.test-expired.example,cold,5491025,2,False,1788804153.9565575,
bind,expired,test.test-expired.example,cold,3093757,2,False,1788804153.9597743,
bind,expired,test.test-expired.example,cold,3373701,2,False,1788804153.9632392,
bind,expired,test.test-expired.example,cold,1933130,2,False,1788804153.965482,
bind,expired,test.test-expired.example,cold,1686790,2,False,1788804153.9672549,
bind,expired,test.test-expired.example,cold,3086983,2,False,1788804153.9704416,
bind,expired,test.test-expired.example,cold,1874990,2,False,1788804153.9724824,
bind,expired,test.test-expired.example,cold,1465408,2,False,1788804153.9740286,
bind,expired,test.test-expired.example,cold,1548517,2,False,1788804153.975649,
bind,expired,test.test-expired.example,cold,1707031,2,False,1788804153.9774308,
bind,expired,test.test-expired.example,cold,1601058,2,False,1788804153.9791183,
bind,expired,test.test-expired.example,cold,1412290,2,False,1788804153.980741,
bind,expired,test.test-expired.example,cold,1373601,2,False,1788804153.9823198,
bind,expired,test.test-expired.example,cold,1394442,2,False,1788804153.9838102,
bind,expired,test.test-expired.example,cold,1284071,2,False,1788804153.9851878,
bind,expired,test.test-expired.example,cold,1438561,2,False,1788804153.9867024,
bind,expired,test.test-expired.example,cold,1444360,2,False,1788804153.9883015,
bind,expired,test.test-expired.example,cold,1289849,2,False,1788804153.989692,
bind,expired,test.test-expired.example,cold,1368432,2,False,1788804153.9911351,
bind,expired,test.test-expired.example,cold,1753127,2,False,1788804153.9929674,
bind,expired,test.test-expired.example,cold,1541001,2,False,1788804153.9945867,
bind,expired,test.test-expired.example,cold,1592414,2,False,1788804153.996394,
bind,expired,test.test-expired.example,cold,1491559,2,False,1788804153.9979634,
bind,expired,test.test-expired.example,cold,1850822,2,False,1788804153.9998953,
bind,expired,test.test-expired.example,cold,1678092,2,False,1788804154.001672,
bind,expired,test.test-expired.example,cold,1681313,2,False,1788804154.003429,
bind,expired,test.test-expired.example,cold,3380880,2,False,1788804154.0068946,
bind,expired,test.test-expired.example,cold,1699271,2,False,1788804154.0087197,
bind,expired,test.test-expired.example,cold,3557866,2,False,1788804154.0123732,
bind,expired,test.test-expired.example,cold,1766415,2,False,1788804154.0142465,
bind,expired,test.test-expired.example,cold,1507056,2,False,1788804154.0158932,
bind,expired,test.test-expired.example,cold,1376378,2,False,1788804154.0173476,
bind,expired,test.test-expired.example,cold,1532039,2,False,1788804154.018958,
bind,expired,test.test-expired.example,cold,1393345,2,False,1788804154.0204291,
bind,expired,test.test-expired.example,cold,1325787,2,False,1788804154.0218303,
bind,expired,test.test-expired.example,cold,1350416,2,False,1788804154.023256,
bind,expired,test.test-expired.example,cold,1498556,2,False,1788804154.0248268,
bind,expired,test.test-expired.example,cold,1431194,2,False,1788804154.026353,
bind,expired,test.test-expired.example,cold,1385087,2,False,1788804154.0278196,
bind,expired,test.test-expired.example,cold,1408461,2,False,1788804154.0293078,
bind,expired,test.test-expired.example,cold,1510799,2,False,1788804154.0309017,
bind,expired,test.test-expired.example,cold,10841605,2,False,1788804154.041835,
bind,expired,test.test-expired.example,cold,2126310,2,False,1788804154.044284,
bind,expired,test.test-expired.example,cold,2403631,2,False,1788804154.0468028,
bind,expired,test.test-expired.example,cold,2400961,2,False,1788804154.049346,
bind,expired,test.test-expired.example,cold,4694395,2,False,1788804154.0541854,
bind,expired,test.test-expired.example,cold,6246796,2,False,1788804154.0605736,
bind,expired,test.test-expired.example,cold,2694312,2,False,1788804154.0634034,
bind,expired,test.test-expired.example,cold,2385774,2,False,1788804154.0659015,
bind,expired,test.test-expired.example,cold,2088928,2,False,1788804154.0680819,
bind,expired,test.test-expired.example,cold,2334774,2,False,1788804154.0705612,
bind,expired,test.test-expired.example,cold,2241344,2,False,1788804154.072916,
bind,expired,test.test-expired.example,cold,2591585,2,False,1788804154.0756524,
bind,expired,test.test-expired.example,cold,1663485,2,False,1788804154.0774121,
bind,expired,test.test-expired.example,cold,5034585,2,False,1788804154.082538,
bind,expired,test.test-expired.example,cold,5664714,2,False,1788804154.0883505,
bind,expired,test.test-expired.example,cold,4414381,2,False,1788804154.0929139,
bind,expired,test.test-expired.example,cold,8622645,2,False,1788804154.1016543,
bind,expired,test.test-expired.example,cold,2380820,2,False,1788804154.104171,
bind,expired,test.test-expired.example,cold,1859341,2,False,1788804154.1061473,
bind,expired,test.test-expired.example,cold,2501784,2,False,1788804154.1087842,
bind,expired,test.test-expired.example,cold,4004651,2,False,1788804154.1128829,
bind,expired,test.test-expired.example,cold,10933047,2,False,1788804154.1239455,
bind,expired,test.test-expired.example,cold,2050578,2,False,1788804154.1261427,
bind,expired,test.test-expired.example,cold,2998951,2,False,1788804154.129257,
bind,expired,test.test-expired.example,cold,4451989,2,False,1788804154.1338582,
bind,expired,test.test-expired.example,cold,2824038,2,False,1788804154.1368327,
bind,expired,test.test-expired.example,cold,3130838,2,False,1788804154.1401103,
bind,expired,test.test-expired.example,cold,2428303,2,False,1788804154.1426504,
bind,expired,test.test-expired.example,cold,2319382,2,False,1788804154.1450999,
bind,expired,test.test-expired.example,cold,3300044,2,False,1788804154.1485069,
bind,expired,test.test-expired.example,cold,2654948,2,False,1788804154.151267,
bind,expired,test.test-expired.example,cold,2140694,2,False,1788804154.1535037,
bind,expired,test.test-expired.example,cold,2971517,2,False,1788804154.1565733,
bind,expired,test.test-expired.example,cold,1816343,2,False,1788804154.1584954,
bind,expired,test.test-expired.example,cold,1429549,2,False,1788804154.1600173,
bind,expired,test.test-expired.example,cold,1235839,2,False,1788804154.1613312,
bind,expired,test.test-expired.example,cold,1852378,2,False,1788804154.1633315,
bind,expired,test.test-expired.example,cold,1785963,2,False,1788804154.1652048,
bind,expired,test.test-expired.example,cold,1595452,2,False,1788804154.1669166,
bind,expired,test.test-expired.example,cold,1447644,2,False,1788804154.168449,
bind,expired,test.test-expired.example,cold,1549854,2,False,1788804154.1700826,
bind,expired,test.test-expired.example,cold,1323189,2,False,1788804154.1714845,
bind,expired,test.test-expired.example,cold,1483908,2,False,1788804154.1730437,
bind,expired,test.test-expired.example,cold,1470612,2,False,1788804154.174586,
bind,expired,test.test-expired.example,cold,1351986,2,False,1788804154.176009,
bind,expired,test.test-expired.example,cold,1557806,2,False,1788804154.177637,
bind,expired,test.test-expired.example,cold,1707812,2,False,1788804154.1794212,
bind,expired,test.test-expired.example,cold,1555578,2,False,1788804154.1811242,
bind,expired,test.test-expired.example,cold,1501651,2,False,1788804154.182716,
bind,expired,test.test-expired.example,cold,1382151,2,False,1788804154.1841726,
bind,expired,test.test-expired.example,cold,1304984,2,False,1788804154.1855521,
bind,expired,test.test-expired.example,cold,1393254,2,False,1788804154.1870217,
bind,expired,test.test-expired.example,cold,1507776,2,False,1788804154.1886892,
bind,expired,test.test-expired.example,cold,1406905,2,False,1788804154.1901731,
bind,expired,test.test-expired.example,cold,6139861,2,False,1788804154.1963928,
bind,expired,test.test-expired.example,cold,1742771,2,False,1788804154.1982276,
bind,expired,test.test-expired.example,cold,1905575,2,False,1788804154.200211,
bind,expired,test.test-expired.example,cold,1467119,2,False,1788804154.2017608,
bind,expired,test.test-expired.example,cold,2332888,2,False,1788804154.2041814,
bind,expired,test.test-expired.example,cold,1566893,2,False,1788804154.2058585,
bind,expired,test.test-expired.example,cold,1330082,2,False,1788804154.2072694,
bind,expired,test.test-expired.example,cold,1368829,2,False,1788804154.2087116,
bind,expired,test.test-expired.example,cold,2266485,2,False,1788804154.2110734,
bind,expired,test.test-expired.example,cold,2291412,2,False,1788804154.2134922,
bind,expired,test.test-expired.example,cold,1472265,2,False,1788804154.215072,
bind,expired,test.test-expired.example,cold,1504659,2,False,1788804154.2166576,
bind,expired,test.test-expired.example,cold,1537195,2,False,1788804154.2182794,
bind,expired,test.test-expired.example,cold,1381002,2,False,1788804154.2197912,
bind,expired,test.test-expired.example,cold,1409830,2,False,1788804154.2212768,
bind,expired,test.test-expired.example,cold,1488607,2,False,1788804154.2228422,
bind,expired,test.test-expired.example,cold,1441725,2,False,1788804154.2244494,
bind,expired,test.test-expired.example,cold,1308887,2,False,1788804154.2258475,
bind,expired,test.test-expired.example,cold,1465638,2,False,1788804154.22739,
bind,expired,test.test-expired.example,cold,1576702,2,False,1788804154.2290442,
bind,expired,test.test-expired.example,cold,1434916,2,False,1788804154.2305589,
bind,expired,test.test-expired.example,cold,1497637,2,False,1788804154.232132,
bind,expired,test.test-expired.example,cold,1350619,2,False,1788804154.2335591,
bind,expired,test.test-expired.example,cold,1499261,2,False,1788804154.2351434,
bind,expired,test.test-expired.example,cold,1436077,2,False,1788804154.2366548,
bind,expired,test.test-expired.example,cold,1537499,2,False,1788804154.2383742,
bind,expired,test.test-expired.example,cold,1266339,2,False,1788804154.2397182,
bind,expired,test.test-expired.example,cold,1810020,2,False,1788804154.241604,
bind,expired,test.test-expired.example,cold,5936337,2,False,1788804154.2476373,
bind,expired,test.test-expired.example,cold,1822559,2,False,1788804154.2495778,
bind,expired,test.test-expired.example,cold,1529025,2,False,1788804154.2512016,
bind,expired,test.test-expired.example,cold,1309044,2,False,1788804154.2525887,
bind,expired,test.test-expired.example,cold,1363073,2,False,1788804154.2540994,
bind,expired,test.test-expired.example,cold,1410076,2,False,1788804154.2555935,
bind,expired,test.test-expired.example,cold,1368231,2,False,1788804154.2570336,
bind,expired,test.test-expired.example,cold,1733687,2,False,1788804154.2588408,
bind,expired,test.test-expired.example,cold,1242221,2,False,1788804154.260169,
bind,expired,test.test-expired.example,cold,1286157,2,False,1788804154.2615397,
bind,expired,test.test-expired.example,cold,1395356,2,False,1788804154.2630086,
bind,expired,test.test-expired.example,cold,1240104,2,False,1788804154.2643235,
bind,expired,test.test-expired.example,cold,1290863,2,False,1788804154.265691,
bind,expired,test.test-expired.example,cold,1261568,2,False,1788804154.267025,
bind,expired,test.test-expired.example,cold,1236926,2,False,1788804154.268336,
bind,expired,test.test-expired.example,cold,1158591,2,False,1788804154.2695675,
bind,expired,test.test-expired.example,cold,1522683,2,False,1788804154.271158,
bind,expired,test.test-expired.example,cold,1583096,2,False,1788804154.272822,
bind,expired,test.test-expired.example,cold,1458347,2,False,1788804154.2743661,
bind,expired,test.test-expired.example,cold,3925565,2,False,1788804154.278409,
bind,expired,test.test-expired.example,cold,2106685,2,False,1788804154.2806566,
bind,expired,test.test-expired.example,cold,1712584,2,False,1788804154.2824833,
bind,expired,test.test-expired.example,cold,1347085,2,False,1788804154.2840085,
bind,expired,test.test-expired.example,cold,1363116,2,False,1788804154.2854815,
bind,expired,test.test-expired.example,cold,2060262,2,False,1788804154.2876341,
bind,expired,test.test-expired.example,cold,2114002,2,False,1788804154.289856,
bind,expired,test.test-expired.example,cold,1738107,2,False,1788804154.2916884,
bind,expired,test.test-expired.example,cold,1495292,2,False,1788804154.2932763,
bind,expired,test.test-expired.example,cold,1542669,2,False,1788804154.2949817,
bind,expired,test.test-expired.example,cold,1440920,2,False,1788804154.2965076,
bind,expired,test.test-expired.example,cold,1379624,2,False,1788804154.2979622,
bind,expired,test.test-expired.example,cold,1447672,2,False,1788804154.299503,
bind,expired,test.test-expired.example,cold,1429149,2,False,1788804154.3010082,
bind,expired,test.test-expired.example,cold,1536063,2,False,1788804154.3026214,
bind,expired,test.test-expired.example,cold,1436408,2,False,1788804154.3041441,
bind,expired,test.test-expired.example,cold,1366445,2,False,1788804154.3057027,
bind,expired,test.test-expired.example,cold,1487712,2,False,1788804154.3072789,
bind,expired,test.test-expired.example,cold,1858429,2,False,1788804154.3092315,
bind,expired,test.test-expired.example,cold,2611846,2,False,1788804154.3121386,
bind,expired,test.test-expired.example,cold,2848744,2,False,1788804154.3150854,
bind,expired,test.test-expired.example,cold,2437797,2,False,1788804154.3177035,
bind,expired,test.test-expired.example,cold,3378755,2,False,1788804154.3214157,
bind,expired,test.test-expired.example,cold,2524163,2,False,1788804154.3242936,
bind,expired,test.test-expired.example,cold,2633386,2,False,1788804154.3270977,
bind,expired,test.test-expired.example,cold,2260188,2,False,1788804154.3294775,
bind,expired,test.test-expired.example,cold,2639429,2,False,1788804154.3323176,
bind,expired,test.test-expired.example,cold,2280937,2,False,1788804154.334699,
bind,expired,test.test-expired.example,cold,2872102,2,False,1788804154.3378441,
bind,expired,test.test-expired.example,cold,2983230,2,False,1788804154.3413055,
bind,expired,test.test-expired.example,cold,2146866,2,False,1788804154.343635,
bind,expired,test.test-expired.example,cold,2161512,2,False,1788804154.3458965,
bind,expired,test.test-expired.example,cold,2208241,2,False,1788804154.348246,
bind,expired,test.test-expired.example,cold,2413143,2,False,1788804154.3508236,
bind,expired,test.test-expired.example,cold,3623331,2,False,1788804154.354538,
bind,expired,test.test-expired.example,cold,2535128,2,False,1788804154.3572242,
bind,expired,test.test-expired.example,cold,1598273,2,False,1788804154.3589308,
bind,expired,test.test-expired.example,cold,1954000,2,False,1788804154.3609645,
bind,expired,test.test-expired.example,cold,1519623,2,False,1788804154.3625815,
bind,expired,test.test-expired.example,cold,1201389,2,False,1788804154.363869,
bind,expired,test.test-expired.example,cold,1689888,2,False,1788804154.3656437,
bind,expired,test.test-expired.example,cold,1589538,2,False,1788804154.3673174,
bind,expired,test.test-expired.example,cold,2180830,2,False,1788804154.3695734,
bind,expired,test.test-expired.example,cold,1568863,2,False,1788804154.3713253,
bind,expired,test.test-expired.example,cold,1363631,2,False,1788804154.3727672,
bind,expired,test.test-expired.example,cold,1262791,2,False,1788804154.374109,
bind,expired,test.test-expired.example,cold,2364024,2,False,1788804154.3766675,
bind,expired,test.test-expired.example,cold,1919600,2,False,1788804154.378724,
bind,expired,test.test-expired.example,cold,1457533,2,False,1788804154.3802757,
bind,expired,test.test-expired.example,cold,1677877,2,False,1788804154.3820474,
bind,expired,test.test-expired.example,cold,1597604,2,False,1788804154.3837306,
bind,expired,test.test-expired.example,cold,1361858,2,False,1788804154.3851967,
bind,expired,test.test-expired.example,cold,1483432,2,False,1788804154.38676,
bind,expired,test.test-expired.example,cold,1307667,2,False,1788804154.388156,
bind,expired,test.test-expired.example,cold,1358300,2,False,1788804154.389593,
bind,expired,test.test-expired.example,cold,1265684,2,False,1788804154.3909438,
bind,expired,test.test-expired.example,cold,1374124,2,False,1788804154.3923895,
bind,expired,test.test-expired.example,cold,1241142,2,False,1788804154.393705,
bind,expired,test.test-expired.example,cold,1178992,2,False,1788804154.3949714,
bind,expired,test.test-expired.example,cold,1516412,2,False,1788804154.3965712,
bind,expired,test.test-expired.example,cold,1457844,2,False,1788804154.3981106,
bind,expired,test.test-expired.example,cold,1563086,2,False,1788804154.39977,
bind,expired,test.test-expired.example,cold,1259135,2,False,1788804154.4011457,
bind,expired,test.test-expired.example,cold,1255488,2,False,1788804154.4024737,
bind,expired,test.test-expired.example,cold,2092841,2,False,1788804154.404633,
bind,expired,test.test-expired.example,cold,2827464,2,False,1788804154.407622,
bind,expired,test.test-expired.example,cold,1663190,2,False,1788804154.409379,
bind,expired,test.test-expired.example,cold,1722875,2,False,1788804154.4112043,
bind,expired,test.test-expired.example,cold,1476331,2,False,1788804154.4127722,
bind,expired,test.test-expired.example,cold,1282939,2,False,1788804154.4141338,
bind,expired,test.test-expired.example,cold,1344288,2,False,1788804154.4155736,
bind,expired,test.test-expired.example,cold,1287268,2,False,1788804154.4169388,
bind,expired,test.test-expired.example,cold,1180894,2,False,1788804154.418192,
bind,expired,test.test-expired.example,cold,1393836,2,False,1788804154.419659,
bind,expired,test.test-expired.example,cold,1197419,2,False,1788804154.4209278,
bind,expired,test.test-expired.example,cold,1244860,2,False,1788804154.4223683,
bind,expired,test.test-expired.example,cold,1241385,2,False,1788804154.4236891,
bind,expired,test.test-expired.example,cold,1158442,2,False,1788804154.424924,
bind,expired,test.test-expired.example,cold,1404394,2,False,1788804154.4265244,
bind,expired,test.test-expired.example,cold,1369818,2,False,1788804154.427995,
bind,expired,test.test-expired.example,cold,1378106,2,False,1788804154.4294555,
bind,expired,test.test-expired.example,cold,1445710,2,False,1788804154.430992,
bind,expired,test.test-expired.example,cold,3630173,2,False,1788804154.434813,
bind,expired,test.test-expired.example,cold,1994432,2,False,1788804154.4369118,
bind,expired,test.test-expired.example,cold,3000763,2,False,1788804154.4400082,
bind,expired,test.test-expired.example,cold,1483536,2,False,1788804154.44162,
bind,expired,test.test-expired.example,cold,2188496,2,False,1788804154.4438982,
bind,expired,test.test-expired.example,cold,1714524,2,False,1788804154.4457042,
bind,expired,test.test-expired.example,cold,1919029,2,False,1788804154.4477053,
bind,expired,test.test-expired.example,cold,1874501,2,False,1788804154.4496968,
bind,expired,test.test-expired.example,cold,1680365,2,False,1788804154.451576,
bind,expired,test.test-expired.example,cold,1523002,2,False,1788804154.453187,
bind,expired,test.test-expired.example,cold,1671984,2,False,1788804154.4549417,
bind,expired,test.test-expired.example,cold,1568344,2,False,1788804154.4565866,
bind,expired,test.test-expired.example,cold,1738417,2,False,1788804154.4584115,
bind,expired,test.test-expired.example,cold,1586928,2,False,1788804154.4600902,
bind,expired,test.test-expired.example,cold,1310946,2,False,1788804154.461477,
bind,expired,test.test-expired.example,cold,1918352,2,False,1788804154.463471,
bind,expired,test.test-expired.example,cold,1480678,2,False,1788804154.465033,
bind,expired,test.test-expired.example,cold,1334510,2,False,1788804154.4664466,
bind,expired,test.test-expired.example,cold,1579586,2,False,1788804154.4681036,
bind,expired,test.test-expired.example,cold,1604307,2,False,1788804154.4697855,
bind,expired,test.test-expired.example,cold,1443001,2,False,1788804154.4712996,
bind,expired,test.test-expired.example,cold,1355314,2,False,1788804154.4727306,
bind,expired,test.test-expired.example,cold,1436112,2,False,1788804154.4742448,
bind,expired,test.test-expired.example,cold,1474907,2,False,1788804154.4758077,
bind,expired,test.test-expired.example,cold,1358686,2,False,1788804154.4772391,
bind,expired,test.test-expired.example,cold,2186028,2,False,1788804154.479529,
bind,expired,test.test-expired.example,cold,1452886,2,False,1788804154.4811132,
bind,expired,test.test-expired.example,cold,1432268,2,False,1788804154.482629,
bind,expired,test.test-expired.example,cold,1492209,2,False,1788804154.4842002,
bind,expired,test.test-expired.example,cold,1349691,2,False,1788804154.4856238,
bind,expired,test.test-expired.example,cold,1524736,2,False,1788804154.4872227,
bind,expired,test.test-expired.example,cold,1335759,2,False,1788804154.488642,
bind,expired,test.test-expired.example,cold,1331986,2,False,1788804154.4900506,
bind,expired,test.test-expired.example,cold,1409981,2,False,1788804154.4915292,
bind,expired,test.test-expired.example,cold,1329828,2,False,1788804154.4929385,
bind,expired,test.test-expired.example,cold,1607841,2,False,1788804154.494742,
bind,expired,test.test-expired.example,cold,1386668,2,False,1788804154.4962063,
bind,expired,test.test-expired.example,cold,1426572,2,False,1788804154.497822,
bind,expired,test.test-expired.example,cold,1409714,2,False,1788804154.4993029,
bind,expired,test.test-expired.example,cold,1415807,2,False,1788804154.5007977,
bind,expired,test.test-expired.example,cold,1347311,2,False,1788804154.5022218,
bind,expired,test.test-expired.example,cold,1577420,2,False,1788804154.5038767,
bind,expired,test.test-expired.example,cold,1565452,2,False,1788804154.505522,
bind,expired,test.test-expired.example,cold,1457250,2,False,1788804154.5070636,
bind,expired,test.test-expired.example,cold,1523374,2,False,1788804154.5086768,
bind,expired,test.test-expired.example,cold,1324641,2,False,1788804154.5100834,
bind,expired,test.test-expired.example,cold,1402046,2,False,1788804154.5115695,
bind,expired,test.test-expired.example,cold,4448315,2,False,1788804154.516098,
bind,expired,test.test-expired.example,cold,2590146,2,False,1788804154.5187812,
bind,expired,test.test-expired.example,cold,1368769,2,False,1788804154.5203273,
bind,expired,test.test-expired.example,cold,1552171,2,False,1788804154.5219696,
bind,expired,test.test-expired.example,cold,1538910,2,False,1788804154.5236008,
bind,expired,test.test-expired.example,cold,1594461,2,False,1788804154.5252829,
bind,expired,test.test-expired.example,cold,1684050,2,False,1788804154.527063,
bind,expired,test.test-expired.example,cold,1571407,2,False,1788804154.5287266,
bind,expired,test.test-expired.example,cold,1508284,2,False,1788804154.530358,
bind,expired,test.test-expired.example,cold,1534013,2,False,1788804154.531992,
bind,expired,test.test-expired.example,cold,1472487,2,False,1788804154.533549,
bind,expired,test.test-expired.example,cold,1607910,2,False,1788804154.5352454,
bind,expired,test.test-expired.example,cold,1569914,2,False,1788804154.5369043,
bind,expired,test.test-expired.example,cold,1315872,2,False,1788804154.5384135,
bind,expired,test.test-expired.example,cold,1339569,2,False,1788804154.539828,
bind,expired,test.test-expired.example,cold,2124722,2,False,1788804154.5420446,
bind,expired,test.test-expired.example,cold,1797824,2,False,1788804154.543939,
bind,expired,test.test-expired.example,cold,1254743,2,False,1788804154.5452828,
bind,expired,test.test-expired.example,cold,1313677,2,False,1788804154.5466754,
bind,expired,test.test-expired.example,cold,1498725,2,False,1788804154.5482485,
bind,expired,test.test-expired.example,cold,1214627,2,False,1788804154.549538,
bind,expired,test.test-expired.example,cold,1244399,2,False,1788804154.550857,
bind,expired,test.test-expired.example,cold,1307747,2,False,1788804154.5522437,
bind,expired,test.test-expired.example,cold,1238608,2,False,1788804154.553568,
bind,expired,test.test-expired.example,cold,1276200,2,False,1788804154.555023,
bind,expired,test.test-expired.example,cold,1444429,2,False,1788804154.5565436,
bind,expired,test.test-expired.example,cold,1383557,2,False,1788804154.5580015,
bind,expired,test.test-expired.example,cold,1275673,2,False,1788804154.559351,
bind,expired,test.test-expired.example,cold,1293243,2,False,1788804154.5607238,
bind,expired,test.test-expired.example,cold,1371678,2,False,1788804154.562232,
bind,expired,test.test-expired.example,cold,1622282,2,False,1788804154.5639398,
bind,expired,test.test-expired.example,cold,1643172,2,False,1788804154.5656812,
bind,expired,test.test-expired.example,cold,1505910,2,False,1788804154.5672772,
bind,expired,test.test-expired.example,cold,1449916,2,False,1788804154.5688064,
bind,expired,test.test-expired.example,cold,1602922,2,False,1788804154.5705068,
bind,expired,test.test-expired.example,cold,1771699,2,False,1788804154.5723672,
bind,expired,test.test-expired.example,cold,1530085,2,False,1788804154.573998,
bind,expired,test.test-expired.example,cold,1512808,2,False,1788804154.5756793,
bind,expired,test.test-expired.example,cold,1410123,2,False,1788804154.5771842,
bind,expired,test.test-expired.example,cold,1572134,2,False,1788804154.578832,
bind,expired,test.test-expired.example,cold,4755151,2,False,1788804154.5836682,
bind,expired,test.test-expired.example,cold,2320930,2,False,1788804154.5860987,
bind,expired,test.test-expired.example,cold,2499034,2,False,1788804154.5886922,
bind,expired,test.test-expired.example,cold,2393477,2,False,1788804154.5912414,
bind,expired,test.test-expired.example,cold,6521574,2,False,1788804154.5978665,
bind,expired,test.test-expired.example,cold,2071451,2,False,1788804154.600044,
bind,expired,test.test-expired.example,cold,10595662,2,False,1788804154.610764,
bind,expired,test.test-expired.example,cold,3137075,2,False,1788804154.6140583,
bind,expired,test.test-expired.example,cold,1964265,2,False,1788804154.6161532,
bind,expired,test.test-expired.example,cold,1726503,2,False,1788804154.6190474,
bind,expired,test.test-expired.example,cold,2422966,2,False,1788804154.6216364,
bind,expired,test.test-expired.example,cold,1501884,2,False,1788804154.6232414,
bind,expired,test.test-expired.example,cold,1511407,2,False,1788804154.6248443,
bind,expired,test.test-expired.example,cold,1363482,2,False,1788804154.626349,
bind,expired,test.test-expired.example,cold,1444424,2,False,1788804154.6278708,
bind,expired,test.test-expired.example,cold,1286558,2,False,1788804154.6292355,
bind,expired,test.test-expired.example,cold,1286869,2,False,1788804154.6305985,
bind,expired,test.test-expired.example,cold,1393311,2,False,1788804154.6320937,
bind,expired,test.test-expired.example,cold,1505754,2,False,1788804154.6336803,
bind,expired,test.test-expired.example,cold,1836760,2,False,1788804154.635594,
bind,expired,test.test-expired.example,cold,1526300,2,False,1788804154.637207,
bind,expired,test.test-expired.example,cold,1326674,2,False,1788804154.638616,
bind,expired,test.test-expired.example,cold,1477773,2,False,1788804154.640699,
bind,expired,test.test-expired.example,cold,1724304,2,False,1788804154.6425483,
bind,expired,test.test-expired.example,cold,1454241,2,False,1788804154.6440957,
bind,expired,test.test-expired.example,cold,1895660,2,False,1788804154.6484547,
bind,expired,test.test-expired.example,cold,3459253,2,False,1788804154.652036,
bind,expired,test.test-expired.example,cold,1880638,2,False,1788804154.6541367,
bind,expired,test.test-expired.example,cold,1495084,2,False,1788804154.655731,
bind,expired,test.test-expired.example,cold,1492749,2,False,1788804154.6573186,
bind,expired,test.test-expired.example,cold,1820012,2,False,1788804154.6594908,
bind,expired,test.test-expired.example,cold,1838637,2,False,1788804154.6614373,
bind,expired,test.test-expired.example,cold,1673588,2,False,1788804154.663207,
bind,expired,test.test-expired.example,cold,1639526,2,False,1788804154.664937,
bind,expired,test.test-expired.example,cold,1519108,2,False,1788804154.6665397,
bind,expired,test.test-expired.example,cold,1727823,2,False,1788804154.6683598,
bind,expired,test.test-expired.example,cold,1558339,2,False,1788804154.6700058,
bind,expired,test.test-expired.example,cold,1576208,2,False,1788804154.6716645,
bind,expired,test.test-expired.example,cold,1586766,2,False,1788804154.6733649,
bind,expired,test.test-expired.example,cold,1509037,2,False,1788804154.6749694,
bind,expired,test.test-expired.example,cold,1678522,2,False,1788804154.6767328,
bind,expired,test.test-expired.example,cold,6926935,2,False,1788804154.6837523,
bind,expired,test.test-expired.example,cold,1764707,2,False,1788804154.6856148,
bind,expired,test.test-expired.example,cold,1581124,2,False,1788804154.687409,
bind,expired,test.test-expired.example,cold,2394596,2,False,1788804154.6900148,
bind,expired,test.test-expired.example,cold,1789022,2,False,1788804154.6919422,
bind,expired,test.test-expired.example,cold,1435741,2,False,1788804154.6934648,
bind,expired,test.test-expired.example,cold,1268793,2,False,1788804154.694808,
bind,expired,test.test-expired.example,cold,1237786,2,False,1788804154.696124,
bind,expired,test.test-expired.example,cold,1169014,2,False,1788804154.6973803,
bind,expired,test.test-expired.example,cold,1696034,2,False,1788804154.6991582,
bind,expired,test.test-expired.example,cold,1434531,2,False,1788804154.7006955,
bind,expired,test.test-expired.example,cold,1400148,2,False,1788804154.7021847,
bind,expired,test.test-expired.example,cold,1556589,2,False,1788804154.703816,
bind,expired,test.test-expired.example,cold,1337206,2,False,1788804154.7052305,
bind,expired,test.test-expired.example,cold,1439407,2,False,1788804154.7067509,
bind,expired,test.test-expired.example,cold,1471218,2,False,1788804154.7083838,
bind,expired,test.test-expired.example,cold,1288469,2,False,1788804154.7097542,
bind,expired,test.test-expired.example,cold,1439635,2,False,1788804154.711283,
bind,expired,test.test-expired.example,cold,1382838,2,False,1788804154.7127457,
bind,expired,test.test-expired.example,cold,1652369,2,False,1788804154.7144763,
bind,expired,test.test-expired.example,cold,1433814,2,False,1788804154.7159915,
bind,expired,test.test-expired.example,cold,1495191,2,False,1788804154.7175634,
bind,expired,test.test-expired.example,cold,1416961,2,False,1788804154.7190561,
bind,expired,test.test-expired.example,cold,1393793,2,False,1788804154.7205384,
bind,expired,test.test-expired.example,cold,1372505,2,False,1788804154.7219856,
bind,expired,test.test-expired.example,cold,1475235,2,False,1788804154.7235367,
bind,expired,test.test-expired.example,cold,1332838,2,False,1788804154.724949,
bind,expired,test.test-expired.example,cold,1466934,2,False,1788804154.7264888,
bind,expired,test.test-expired.example,cold,1358905,2,False,1788804154.7279258,
bind,expired,test.test-expired.example,cold,1525919,2,False,1788804154.7295265,
bind,expired,test.test-expired.example,cold,1469087,2,False,1788804154.731161,
bind,expired,test.test-expired.example,cold,1461613,2,False,1788804154.732702,
bind,expired,test.test-expired.example,cold,1466937,2,False,1788804154.7342942,
bind,expired,test.test-expired.example,cold,1467792,2,False,1788804154.7359896,
bind,expired,test.test-expired.example,cold,1396208,2,False,1788804154.737572,
bind,expired,test.test-expired.example,cold,2359106,2,False,1788804154.7400892,
bind,expired,test.test-expired.example,cold,1447603,2,False,1788804154.7416294,
bind,expired,test.test-expired.example,cold,1526836,2,False,1788804154.7432399,
bind,expired,test.test-expired.example,cold,1348591,2,False,1788804154.7446733,
bind,expired,test.test-expired.example,cold,1941619,2,False,1788804154.7466903,
bind,expired,test.test-expired.example,cold,1502583,2,False,1788804154.7482834,
bind,expired,test.test-expired.example,cold,1767287,2,False,1788804154.7501385,
bind,expired,test.test-expired.example,cold,1531046,2,False,1788804154.7517667,
bind,expired,test.test-expired.example,cold,3399597,2,False,1788804154.7552452,
bind,expired,test.test-expired.example,cold,11157796,2,False,1788804154.766511,
bind,expired,test.test-expired.example,cold,5147838,2,False,1788804154.7718933,
bind,expired,test.test-expired.example,cold,2134912,2,False,1788804154.7741263,
bind,expired,test.test-expired.example,cold,4601186,2,False,1788804154.7788513,
bind,expired,test.test-expired.example,cold,4185354,2,False,1788804154.783152,
bind,expired,test.test-expired.example,cold,1621083,2,False,1788804154.785265,
bind,expired,test.test-expired.example,cold,1472608,2,False,1788804154.7868366,
bind,expired,test.test-expired.example,cold,2718505,2,False,1788804154.7896588,
bind,expired,test.test-expired.example,cold,4793106,2,False,1788804154.7945824,
bind,expired,test.test-expired.example,cold,1733024,2,False,1788804154.7966106,
bind,expired,test.test-expired.example,cold,1574797,2,False,1788804154.7982671,
bind,expired,test.test-expired.example,cold,1426559,2,False,1788804154.7999096,
bind,expired,test.test-expired.example,cold,1358139,2,False,1788804154.8013527,
bind,expired,test.test-expired.example,cold,1317525,2,False,1788804154.8027465,
bind,expired,test.test-expired.example,cold,1375001,2,False,1788804154.8042166,
bind,expired,test.test-expired.example,cold,1230563,2,False,1788804154.805551,
bind,expired,test.test-expired.example,cold,1750946,2,False,1788804154.8073773,
bind,expired,test.test-expired.example,cold,1650612,2,False,1788804154.8092692,
bind,expired,test.test-expired.example,cold,1602899,2,False,1788804154.8109615,
bind,expired,test.test-expired.example,cold,1567275,2,False,1788804154.8126092,
bind,expired,test.test-expired.example,cold,1386609,2,False,1788804154.814087,
bind,expired,test.test-expired.example,cold,1514186,2,False,1788804154.8157823,
bind,expired,test.test-expired.example,cold,1452686,2,False,1788804154.8173127,
bind,expired,test.test-expired.example,cold,1405982,2,False,1788804154.8189244,
bind,expired,test.test-expired.example,cold,1377388,2,False,1788804154.8203812,
bind,expired,test.test-expired.example,cold,1426134,2,False,1788804154.8218815,
bind,expired,test.test-expired.example,cold,1962332,2,False,1788804154.8240204,
bind,expired,test.test-expired.example,cold,1638585,2,False,1788804154.8257606,
bind,expired,test.test-expired.example,cold,1518754,2,False,1788804154.8273613,
bind,expired,test.test-expired.example,cold,1410981,2,False,1788804154.828859,
bind,expired,test.test-expired.example,cold,1534313,2,False,1788804154.8304653,
bind,expired,test.test-expired.example,cold,1640225,2,False,1788804154.83223,
bind,expired,test.test-expired.example,cold,1555763,2,False,1788804154.8338797,
bind,expired,test.test-expired.example,cold,1493748,2,False,1788804154.8354657,
bind,expired,test.test-expired.example,cold,1494455,2,False,1788804154.8370507,
bind,expired,test.test-expired.example,cold,6260300,2,False,1788804154.8434103,
bind,expired,test.test-expired.example,cold,1677833,2,False,1788804154.8451972,
bind,expired,test.test-expired.example,cold,1523333,2,False,1788804154.8468075,
bind,expired,test.test-expired.example,cold,1549518,2,False,1788804154.848472,
bind,expired,test.test-expired.example,cold,1693857,2,False,1788804154.8502529,
bind,expired,test.test-expired.example,cold,1854877,2,False,1788804154.8523033,
bind,expired,test.test-expired.example,cold,1547817,2,False,1788804154.8539605,
bind,expired,test.test-expired.example,cold,2238987,2,False,1788804154.856295,
bind,expired,test.test-expired.example,cold,2329191,2,False,1788804154.858715,
bind,expired,test.test-expired.example,cold,1488580,2,False,1788804154.8603053,
bind,expired,test.test-expired.example,cold,1360412,2,False,1788804154.861755,
bind,expired,test.test-expired.example,cold,1331270,2,False,1788804154.8631592,
bind,expired,test.test-expired.example,cold,1263776,2,False,1788804154.8645015,
bind,expired,test.test-expired.example,cold,1359314,2,False,1788804154.8659406,
bind,expired,test.test-expired.example,cold,1355343,2,False,1788804154.8673658,
bind,expired,test.test-expired.example,cold,1209358,2,False,1788804154.8687363,
bind,expired,test.test-expired.example,cold,1590360,2,False,1788804154.8705144,
bind,expired,test.test-expired.example,cold,1732676,2,False,1788804154.8724122,
bind,expired,test.test-expired.example,cold,1565520,2,False,1788804154.8741565,
bind,expired,test.test-expired.example,cold,1479706,2,False,1788804154.8757224,
bind,expired,test.test-expired.example,cold,1439495,2,False,1788804154.8772373,
bind,expired,test.test-expired.example,cold,1494119,2,False,1788804154.8788078,
bind,expired,test.test-expired.example,cold,1433108,2,False,1788804154.8804438,
bind,expired,test.test-expired.example,cold,1321076,2,False,1788804154.8818357,
bind,expired,test.test-expired.example,cold,1348118,2,False,1788804154.8833435,
bind,expired,test.test-expired.example,cold,1420341,2,False,1788804154.884945,
bind,expired,test.test-expired.example,cold,1282099,2,False,1788804154.886309,
bind,expired,test.test-expired.example,cold,1320818,2,False,1788804154.8878102,
bind,expired,test.test-expired.example,cold,1275893,2,False,1788804154.8891485,
bind,expired,test.test-expired.example,cold,1259718,2,False,1788804154.8904815,
bind,expired,test.test-expired.example,cold,1207303,2,False,1788804154.8917646,
bind,expired,test.test-expired.example,cold,1183657,2,False,1788804154.8930318,
bind,expired,test.test-expired.example,cold,1331631,2,False,1788804154.8944373,
bind,expired,test.test-expired.example,cold,1262045,2,False,1788804154.8959346,
bind,expired,test.test-expired.example,cold,1196052,2,False,1788804154.8972216,
bind,expired,test.test-expired.example,cold,1414330,2,False,1788804154.898734,
bind,expired,test.test-expired.example,cold,1286108,2,False,1788804154.9001164,
bind,expired,test.test-expired.example,cold,6685563,2,False,1788804154.9068747,
bind,expired,test.test-expired.example,cold,1852271,2,False,1788804154.9088476,
bind,expired,test.test-expired.example,cold,1419284,2,False,1788804154.9103878,
bind,expired,test.test-expired.example,cold,1207472,2,False,1788804154.9116828,
bind,expired,test.test-expired.example,cold,1307034,2,False,1788804154.913064,
bind,expired,test.test-expired.example,cold,5150163,2,False,1788804154.9182885,
bind,expired,test.test-expired.example,cold,2176704,2,False,1788804154.9247036,
bind,expired,test.test-expired.example,cold,1631003,2,False,1788804154.9265566,
bind,expired,test.test-expired.example,cold,1728563,2,False,1788804154.9283774,
bind,expired,test.test-expired.example,cold,1551845,2,False,1788804154.9301305,
bind,expired,test.test-expired.example,cold,1812984,2,False,1788804154.9320269,
bind,expired,test.test-expired.example,cold,2072018,2,False,1788804154.9342096,
bind,expired,test.test-expired.example,cold,1638452,2,False,1788804154.9359448,
bind,expired,test.test-expired.example,cold,1606300,2,False,1788804154.937639,
bind,expired,test.test-expired.example,cold,1541003,2,False,1788804154.9392793,
bind,expired,test.test-expired.example,cold,1878098,2,False,1788804154.9413302,
bind,expired,test.test-expired.example,cold,1400276,2,False,1788804154.9428234,
bind,expired,test.test-expired.example,cold,1484739,2,False,1788804154.9444084,
bind,expired,test.test-expired.example,cold,1554372,2,False,1788804154.9460378,
bind,expired,test.test-expired.example,cold,1615183,2,False,1788804154.94774,
bind,expired,test.test-expired.example,cold,1498222,2,False,1788804154.949642,
bind,expired,test.test-expired.example,cold,1673805,2,False,1788804154.9514217,
bind,expired,test.test-expired.example,cold,1427604,2,False,1788804154.9529378,
bind,expired,test.test-expired.example,cold,1358465,2,False,1788804154.954375,
bind,expired,test.test-expired.example,cold,1356038,2,False,1788804154.9558039,
bind,expired,test.test-expired.example,cold,1438884,2,False,1788804154.9573174,
bind,expired,test.test-expired.example,cold,1441768,2,False,1788804154.9588282,
bind,expired,test.test-expired.example,cold,5140552,2,False,1788804154.964067,
bind,expired,test.test-expired.example,cold,3350055,2,False,1788804154.9675767,
bind,expired,test.test-expired.example,cold,8105296,2,False,1788804154.9757905,
bind,expired,test.test-expired.example,cold,2087050,2,False,1788804154.9782262,
bind,expired,test.test-expired.example,cold,1883307,2,False,1788804154.9802194,
bind,expired,test.test-expired.example,cold,2293819,2,False,1788804154.9827006,
bind,expired,test.test-expired.example,cold,2236344,2,False,1788804154.9850454,
bind,expired,test.test-expired.example,cold,3550313,2,False,1788804154.9886925,
bind,expired,test.test-expired.example,cold,3015398,2,False,1788804154.9919064,
bind,expired,test.test-expired.example,cold,2918136,2,False,1788804154.9949594,
bind,expired,test.test-expired.example,cold,2050758,2,False,1788804154.997111,
bind,expired,test.test-expired.example,cold,2291813,2,False,1788804154.9995143,
bind,expired,test.test-expired.example,cold,2855694,2,False,1788804155.0024605,
bind,expired,test.test-expired.example,cold,1824858,2,False,1788804155.0044193,
bind,expired,test.test-expired.example,cold,1658818,2,False,1788804155.006172,
bind,expired,test.test-expired.example,cold,2583548,2,False,1788804155.0088341,
bind,expired,test.test-expired.example,cold,5262959,2,False,1788804155.0142944,
bind,expired,test.test-expired.example,cold,1891226,2,False,1788804155.0163255,
bind,expired,test.test-expired.example,cold,2182938,2,False,1788804155.0187428,
bind,expired,test.test-expired.example,cold,1538825,2,False,1788804155.0203843,
bind,expired,test.test-expired.example,cold,1516329,2,False,1788804155.022006,
bind,expired,test.test-expired.example,cold,1711607,2,False,1788804155.0239553,
bind,expired,test.test-expired.example,cold,1392604,2,False,1788804155.025432,
bind,expired,test.test-expired.example,cold,2865566,2,False,1788804155.0283742,
bind,expired,test.test-expired.example,cold,2699320,2,False,1788804155.0316176,
bind,expired,test.test-expired.example,cold,1741055,2,False,1788804155.0334697,
bind,expired,test.test-expired.example,cold,1967880,2,False,1788804155.035528,
bind,expired,test.test-expired.example,cold,1820082,2,False,1788804155.0374467,
bind,expired,test.test-expired.example,cold,2604009,2,False,1788804155.0401425,
bind,expired,test.test-expired.example,cold,1839757,2,False,1788804155.04208,
bind,expired,test.test-expired.example,cold,1764940,2,False,1788804155.0439844,
bind,expired,test.test-expired.example,cold,2954112,2,False,1788804155.0470357,
bind,expired,test.test-expired.example,cold,1452037,2,False,1788804155.0485916,
bind,expired,test.test-expired.example,cold,1208011,2,False,1788804155.0499842,
bind,expired,test.test-expired.example,cold,1245105,2,False,1788804155.05134,
bind,expired,test.test-expired.example,cold,1223719,2,False,1788804155.0526505,
bind,expired,test.test-expired.example,cold,1283511,2,False,1788804155.054064,
bind,expired,test.test-expired.example,cold,1687110,2,False,1788804155.0558126,
bind,expired,test.test-expired.example,cold,2011732,2,False,1788804155.0579033,
bind,expired,test.test-expired.example,cold,1524261,2,False,1788804155.059521,
bind,expired,test.test-expired.example,cold,1365536,2,False,1788804155.0609639,
bind,expired,test.test-expired.example,cold,1398386,2,False,1788804155.0624394,
bind,expired,test.test-expired.example,cold,1429936,2,False,1788804155.0640998,
bind,expired,test.test-expired.example,cold,1253192,2,False,1788804155.0654392,
bind,expired,test.test-expired.example,cold,1304973,2,False,1788804155.0669177,
bind,expired,test.test-expired.example,cold,1494988,2,False,1788804155.068487,
bind,expired,test.test-expired.example,cold,1527322,2,False,1788804155.070093,
bind,expired,test.test-expired.example,cold,1530187,2,False,1788804155.0717049,
bind,expired,test.test-expired.example,cold,1530744,2,False,1788804155.0733156,
bind,expired,test.test-expired.example,cold,2929225,2,False,1788804155.0763218,
bind,expired,test.test-expired.example,cold,1789666,2,False,1788804155.0782037,
bind,expired,test.test-expired.example,cold,3013877,2,False,1788804155.0813258,
bind,expired,test.test-expired.example,cold,1971385,2,False,1788804155.0834126,
bind,expired,test.test-expired.example,cold,1461158,2,False,1788804155.0849862,
bind,expired,test.test-expired.example,cold,1412627,2,False,1788804155.0864823,
bind,expired,test.test-expired.example,cold,1477823,2,False,1788804155.0880425,
bind,expired,test.test-expired.example,cold,1734646,2,False,1788804155.089869,
bind,expired,test.test-expired.example,cold,1502247,2,False,1788804155.0914643,
bind,expired,test.test-expired.example,cold,2187654,2,False,1788804155.0937357,
bind,expired,test.test-expired.example,cold,1608165,2,False,1788804155.0954487,
bind,expired,test.test-expired.example,cold,1601021,2,False,1788804155.0971487,
bind,expired,test.test-expired.example,cold,1500624,2,False,1788804155.0987582,
bind,expired,test.test-expired.example,cold,1445236,2,False,1788804155.1002972,
bind,expired,test.test-expired.example,cold,1441737,2,False,1788804155.1018178,
bind,expired,test.test-expired.example,cold,1438431,2,False,1788804155.1033313,
bind,expired,test.test-expired.example,cold,1481910,2,False,1788804155.1048892,
bind,expired,test.test-expired.example,cold,1534116,2,False,1788804155.1064975,
bind,expired,test.test-expired.example,cold,1248527,2,False,1788804155.1078312,
bind,expired,test.test-expired.example,cold,1340239,2,False,1788804155.1092472,
bind,expired,test.test-expired.example,cold,1315368,2,False,1788804155.1107485,
bind,expired,test.test-expired.example,cold,1340767,2,False,1788804155.112288,
bind,expired,test.test-expired.example,cold,1474516,2,False,1788804155.1138399,
bind,expired,test.test-expired.example,cold,1330621,2,False,1788804155.1152587,
bind,expired,test.test-expired.example,cold,1480193,2,False,1788804155.1168156,
bind,expired,test.test-expired.example,cold,1462629,2,False,1788804155.1183593,
bind,expired,test.test-expired.example,cold,1359317,2,False,1788804155.1198292,
bind,expired,test.test-expired.example,cold,1554117,2,False,1788804155.121467,
bind,expired,test.test-expired.example,cold,2252452,2,False,1788804155.1238098,
bind,expired,test.test-expired.example,cold,2299764,2,False,1788804155.1262186,
bind,expired,test.test-expired.example,cold,1795116,2,False,1788804155.1281505,
bind,expired,test.test-expired.example,cold,1921134,2,False,1788804155.1301448,
bind,expired,test.test-expired.example,cold,1583541,2,False,1788804155.1318123,
bind,expired,test.test-expired.example,cold,1448979,2,False,1788804155.1333516,
bind,expired,test.test-expired.example,cold,1838314,2,False,1788804155.135276,
bind,expired,test.test-expired.example,cold,1706893,2,False,1788804155.137082,
bind,expired,test.test-expired.example,cold,1523031,2,False,1788804155.138707,
bind,expired,test.test-expired.example,cold,1526506,2,False,1788804155.140333,
bind,expired,test.test-expired.example,cold,1374741,2,False,1788804155.1418927,
bind,expired,test.test-expired.example,cold,1470199,2,False,1788804155.143437,
bind,expired,test.test-expired.example,cold,1358817,2,False,1788804155.1448724,
bind,expired,test.test-expired.example,cold,1450440,2,False,1788804155.1463964,
bind,expired,test.test-expired.example,cold,1381221,2,False,1788804155.1478608,
bind,expired,test.test-expired.example,cold,1487865,2,False,1788804155.1495261,
bind,expired,test.test-expired.example,cold,1502406,2,False,1788804155.151116,
bind,expired,test.test-expired.example,cold,1829857,2,False,1788804155.1531227,
bind,expired,test.test-expired.example,cold,1437270,2,False,1788804155.1546593,
bind,expired,test.test-expired.example,cold,1804421,2,False,1788804155.1603124,
bind,expired,test.test-expired.example,cold,1741872,2,False,1788804155.162153,
bind,expired,test.test-expired.example,cold,1553543,2,False,1788804155.163806,
bind,expired,test.test-expired.example,cold,2111292,2,False,1788804155.1660268,
bind,expired,test.test-expired.example,cold,2469697,2,False,1788804155.1686163,
bind,expired,test.test-expired.example,cold,2849826,2,False,1788804155.1715958,
bind,expired,test.test-expired.example,cold,3124215,2,False,1788804155.1748397,
bind,expired,test.test-expired.example,cold,2319520,2,False,1788804155.1773236,
bind,expired,test.test-expired.example,cold,2125132,2,False,1788804155.1795475,
bind,expired,test.test-expired.example,cold,1928986,2,False,1788804155.1816201,
bind,expired,test.test-expired.example,cold,1894008,2,False,1788804155.1836257,
bind,expired,test.test-expired.example,cold,2053471,2,False,1788804155.1858885,
bind,expired,test.test-expired.example,cold,2442483,2,False,1788804155.1884222,
bind,expired,test.test-expired.example,cold,1571188,2,False,1788804155.1900916,
bind,expired,test.test-expired.example,cold,2334621,2,False,1788804155.1925373,
bind,expired,test.test-expired.example,cold,2175361,2,False,1788804155.19486,
bind,expired,test.test-expired.example,cold,1848832,2,False,1788804155.1968029,
bind,expired,test.test-expired.example,cold,2148674,2,False,1788804155.1995125,
bind,expired,test.test-expired.example,cold,1372529,2,False,1788804155.2010036,
bind,expired,test.test-expired.example,cold,1628126,2,False,1788804155.2027063,
bind,expired,test.test-expired.example,cold,2228827,2,False,1788804155.2050235,
bind,expired,test.test-expired.example,cold,1780333,2,False,1788804155.2069092,
bind,expired,test.test-expired.example,cold,2459775,2,False,1788804155.2099063,
bind,expired,test.test-expired.example,cold,2377583,2,False,1788804155.2124119,
bind,expired,test.test-expired.example,cold,1671702,2,False,1788804155.2147756,
bind,expired,test.test-expired.example,cold,1608434,2,False,1788804155.2164729,
bind,expired,test.test-expired.example,cold,1553615,2,False,1788804155.2181246,
bind,expired,test.test-expired.example,cold,1563067,2,False,1788804155.2197714,
bind,expired,test.test-expired.example,cold,1411164,2,False,1788804155.2212594,
bind,expired,test.test-expired.example,cold,1246741,2,False,1788804155.222589,
bind,expired,test.test-expired.example,cold,1254199,2,False,1788804155.2239804,
bind,expired,test.test-expired.example,cold,1236732,2,False,1788804155.2252924,
bind,expired,test.test-expired.example,cold,1310943,2,False,1788804155.22679,
bind,expired,test.test-expired.example,cold,1345702,2,False,1788804155.2282152,
bind,expired,test.test-expired.example,cold,1220352,2,False,1788804155.2295153,
bind,expired,test.test-expired.example,cold,1837070,2,False,1788804155.2314303,
bind,expired,test.test-expired.example,cold,1331515,2,False,1788804155.2328525,
bind,expired,test.test-expired.example,cold,1264402,2,False,1788804155.2342432,
bind,expired,test.test-expired.example,cold,4743919,2,False,1788804155.2390795,
bind,expired,test.test-expired.example,cold,6305646,2,False,1788804155.2455034,
bind,expired,test.test-expired.example,cold,2144539,2,False,1788804155.2477543,
bind,expired,test.test-expired.example,cold,1960768,2,False,1788804155.2498143,
bind,expired,test.test-expired.example,cold,3323896,2,False,1788804155.253231,
bind,expired,test.test-expired.example,cold,4494644,2,False,1788804155.257837,
bind,expired,test.test-expired.example,cold,4947714,2,False,1788804155.2629027,
bind,expired,test.test-expired.example,cold,1897757,2,False,1788804155.2649047,
bind,expired,test.test-expired.example,cold,1779338,2,False,1788804155.2667773,
bind,expired,test.test-expired.example,cold,1627796,2,False,1788804155.2685134,
bind,expired,test.test-expired.example,cold,1877429,2,False,1788804155.270491,
bind,expired,test.test-expired.example,cold,4196764,2,False,1788804155.274954,
bind,expired,test.test-expired.example,cold,3450384,2,False,1788804155.278635,
bind,expired,test.test-expired.example,cold,3398562,2,False,1788804155.2821672,
bind,expired,test.test-expired.example,cold,3201206,2,False,1788804155.2855089,
bind,expired,test.test-expired.example,cold,2671280,2,False,1788804155.2886064,
bind,expired,test.test-expired.example,cold,1981380,2,False,1788804155.2906756,
bind,expired,test.test-expired.example,cold,3301643,2,False,1788804155.2940588,
bind,expired,test.test-expired.example,cold,2383494,2,False,1788804155.2965302,
bind,expired,test.test-expired.example,cold,4821278,2,False,1788804155.301474,
bind,expired,test.test-expired.example,cold,2601146,2,False,1788804155.3042095,
bind,expired,test.test-expired.example,cold,2663415,2,False,1788804155.3069968,
bind,expired,test.test-expired.example,cold,2131922,2,False,1788804155.3094292,
bind,expired,test.test-expired.example,cold,2066943,2,False,1788804155.3115876,
bind,expired,test.test-expired.example,cold,1790360,2,False,1788804155.3134532,
bind,expired,test.test-expired.example,cold,10688156,2,False,1788804155.3242579,
bind,expired,test.test-expired.example,cold,4468465,2,False,1788804155.3288639,
bind,expired,test.test-expired.example,cold,3877468,2,False,1788804155.3328857,
bind,expired,test.test-expired.example,cold,3105302,2,False,1788804155.336458,
bind,expired,test.test-expired.example,cold,2506256,2,False,1788804155.339302,
bind,expired,test.test-expired.example,cold,2285722,2,False,1788804155.3417392,
bind,expired,test.test-expired.example,cold,3395073,2,False,1788804155.3454385,
bind,expired,test.test-expired.example,cold,2041841,2,False,1788804155.3476112,
bind,expired,test.test-expired.example,cold,1994352,2,False,1788804155.3496892,
bind,expired,test.test-expired.example,cold,1646132,2,False,1788804155.3514216,
bind,expired,test.test-expired.example,cold,2597500,2,False,1788804155.3541076,
bind,expired,test.test-expired.example,cold,1793776,2,False,1788804155.3559935,
bind,expired,test.test-expired.example,cold,5227323,2,False,1788804155.3613243,
bind,expired,test.test-expired.example,cold,4658879,2,False,1788804155.3661273,
bind,expired,test.test-expired.example,cold,2843527,2,False,1788804155.3691068,
bind,expired,test.test-expired.example,cold,4822319,2,False,1788804155.3741264,
bind,expired,test.test-expired.example,cold,2690880,2,False,1788804155.3769562,
bind,expired,test.test-expired.example,cold,2010131,2,False,1788804155.37994,
bind,expired,test.test-expired.example,cold,1739891,2,False,1788804155.3817945,
bind,expired,test.test-expired.example,cold,3586095,2,False,1788804155.3855069,
bind,expired,test.test-expired.example,cold,1930056,2,False,1788804155.3884375,
bind,expired,test.test-expired.example,cold,1830900,2,False,1788804155.39037,
bind,expired,test.test-expired.example,cold,1729910,2,False,1788804155.3921807,
bind,expired,test.test-expired.example,cold,4286644,2,False,1788804155.3965473,
bind,expired,test.test-expired.example,cold,2128224,2,False,1788804155.3987927,
bind,expired,test.test-expired.example,cold,3947123,2,False,1788804155.4028614,
bind,expired,test.test-expired.example,cold,6139877,2,False,1788804155.409117,
bind,expired,test.test-expired.example,cold,3742949,2,False,1788804155.4129884,
bind,expired,test.test-expired.example,cold,2158834,2,False,1788804155.4153974,
bind,expired,test.test-expired.example,cold,1360570,2,False,1788804155.41687,
bind,expired,test.test-expired.example,cold,1409469,2,False,1788804155.4184175,
bind,expired,test.test-expired.example,cold,2305987,2,False,1788804155.4208066,
bind,expired,test.test-expired.example,cold,1597986,2,False,1788804155.422513,
bind,expired,test.test-expired.example,cold,1814057,2,False,1788804155.4244225,
bind,expired,test.test-expired.example,cold,1579824,2,False,1788804155.4260957,
bind,expired,test.test-expired.example,cold,1434911,2,False,1788804155.427628,
bind,expired,test.test-expired.example,cold,1565515,2,False,1788804155.4292672,
bind,expired,test.test-expired.example,cold,2275297,2,False,1788804155.4316363,
bind,expired,test.test-expired.example,cold,1648450,2,False,1788804155.4333963,
bind,expired,test.test-expired.example,cold,1418733,2,False,1788804155.43493,
bind,expired,test.test-expired.example,cold,1390413,2,False,1788804155.4364038,
bind,expired,test.test-expired.example,cold,1193677,2,False,1788804155.4376805,
bind,expired,test.test-expired.example,cold,1356688,2,False,1788804155.4391077,
bind,expired,test.test-expired.example,cold,1297199,2,False,1788804155.4404745,
bind,expired,test.test-expired.example,cold,1359431,2,False,1788804155.4418986,
bind,expired,test.test-expired.example,cold,1435696,2,False,1788804155.4434,
bind,expired,test.test-expired.example,cold,1443957,2,False,1788804155.4448948,
bind,expired,test.test-expired.example,cold,1302277,2,False,1788804155.446247,
bind,expired,test.test-expired.example,cold,1677637,2,False,1788804155.4479766,
bind,expired,test.test-expired.example,cold,1505752,2,False,1788804155.4495826,
bind,expired,test.test-expired.example,cold,1724752,2,False,1788804155.4513922,
bind,expired,test.test-expired.example,cold,1534259,2,False,1788804155.4530265,
bind,expired,test.test-expired.example,cold,1495515,2,False,1788804155.4546134,
bind,expired,test.test-expired.example,cold,1404814,2,False,1788804155.456126,
bind,expired,test.test-expired.example,cold,1520102,2,False,1788804155.4577267,
bind,expired,test.test-expired.example,cold,1399185,2,False,1788804155.4592052,
bind,expired,test.test-expired.example,cold,1350794,2,False,1788804155.4606335,
bind,expired,test.test-expired.example,cold,1277718,2,False,1788804155.4619868,
bind,expired,test.test-expired.example,cold,1353294,2,False,1788804155.4634142,
bind,expired,test.test-expired.example,cold,1326630,2,False,1788804155.4648223,
bind,expired,test.test-expired.example,cold,1184440,2,False,1788804155.4660854,
bind,expired,test.test-expired.example,cold,2175445,2,False,1788804155.4683359,
bind,expired,test.test-expired.example,cold,1331878,2,False,1788804155.469796,
bind,expired,test.test-expired.example,cold,4973936,2,False,1788804155.4748616,
bind,expired,test.test-expired.example,cold,1568776,2,False,1788804155.4765224,
bind,expired,test.test-expired.example,cold,1379639,2,False,1788804155.477986,
bind,expired,test.test-expired.example,cold,1265282,2,False,1788804155.4793265,
bind,expired,test.test-expired.example,cold,1228808,2,False,1788804155.4806275,
bind,expired,test.test-expired.example,cold,1222973,2,False,1788804155.4819212,
bind,expired,test.test-expired.example,cold,1882207,2,False,1788804155.4838767,
bind,expired,test.test-expired.example,cold,1247922,2,False,1788804155.4852214,
bind,expired,test.test-expired.example,cold,1202093,2,False,1788804155.486507,
bind,expired,test.test-expired.example,cold,2338488,2,False,1788804155.4889321,
bind,expired,test.test-expired.example,cold,1631767,2,False,1788804155.4906757,
bind,expired,test.test-expired.example,cold,1333731,2,False,1788804155.4920988,
bind,expired,test.test-expired.example,cold,1384907,2,False,1788804155.493568,
bind,expired,test.test-expired.example,cold,1209436,2,False,1788804155.4948819,
bind,expired,test.test-expired.example,cold,1106424,2,False,1788804155.496063,
bind,expired,test.test-expired.example,cold,5882198,2,False,1788804155.5021033,
bind,expired,test.test-expired.example,cold,3296398,2,False,1788804155.5055625,
bind,expired,test.test-expired.example,cold,4786773,2,False,1788804155.5105047,
bind,expired,test.test-expired.example,cold,1768520,2,False,1788804155.5123997,
bind,expired,test.test-expired.example,cold,1620413,2,False,1788804155.514135,
bind,expired,test.test-expired.example,cold,1633653,2,False,1788804155.5158863,
bind,expired,test.test-expired.example,cold,1493319,2,False,1788804155.5174725,
bind,expired,test.test-expired.example,cold,1527673,2,False,1788804155.5190864,
bind,expired,test.test-expired.example,cold,1258633,2,False,1788804155.5204453,
bind,expired,test.test-expired.example,cold,1374565,2,False,1788804155.5218909,
bind,expired,test.test-expired.example,cold,1248801,2,False,1788804155.5232108,
bind,expired,test.test-expired.example,cold,1238859,2,False,1788804155.524522,
bind,expired,test.test-expired.example,cold,1195460,2,False,1788804155.5257928,
bind,expired,test.test-expired.example,cold,1377607,2,False,1788804155.5272653,
bind,expired,test.test-expired.example,cold,1471353,2,False,1788804155.528832,
bind,expired,test.test-expired.example,cold,1318898,2,False,1788804155.5302343,
bind,expired,test.test-expired.example,cold,1263493,2,False,1788804155.5315807,
bind,expired,test.test-expired.example,cold,1214875,2,False,1788804155.5328603,
bind,expired,test.test-expired.example,cold,1197633,2,False,1788804155.5341296,
bind,expired,test.test-expired.example,cold,5475739,2,False,1788804155.5396953,
bind,expired,test.test-expired.example,cold,1469424,2,False,1788804155.5412502,
bind,expired,test.test-expired.example,cold,1515425,2,False,1788804155.5428448,
bind,expired,test.test-expired.example,cold,1568256,2,False,1788804155.5447216,
bind,expired,test.test-expired.example,cold,1614290,2,False,1788804155.5464346,
bind,expired,test.test-expired.example,cold,1476151,2,False,1788804155.5479925,
bind,expired,test.test-expired.example,cold,2565832,2,False,1788804155.550633,
bind,expired,test.test-expired.example,cold,1399489,2,False,1788804155.552114,
bind,expired,test.test-expired.example,cold,1336536,2,False,1788804155.5536666,
bind,expired,test.test-expired.example,cold,1540526,2,False,1788804155.555279,
bind,expired,test.test-expired.example,cold,1395302,2,False,1788804155.5567422,
bind,expired,test.test-expired.example,cold,5978423,2,False,1788804155.5628066,
bind,expired,test.test-expired.example,cold,1646983,2,False,1788804155.5645585,
bind,expired,test.test-expired.example,cold,1440742,2,False,1788804155.5661497,
bind,expired,test.test-expired.example,cold,1528580,2,False,1788804155.5677955,
bind,expired,test.test-expired.example,cold,1357499,2,False,1788804155.569249,
bind,expired,test.test-expired.example,cold,1332766,2,False,1788804155.5706701,
bind,expired,test.test-expired.example,cold,1317618,2,False,1788804155.572098,
bind,expired,test.test-expired.example,cold,1495246,2,False,1788804155.5736778,
bind,expired,test.test-expired.example,cold,1452151,2,False,1788804155.5752184,
bind,expired,test.test-expired.example,cold,1480589,2,False,1788804155.5767899,
bind,expired,test.test-expired.example,cold,1313264,2,False,1788804155.5781956,
bind,expired,test.test-expired.example,cold,1452411,2,False,1788804155.5797727,
bind,expired,test.test-expired.example,cold,1347480,2,False,1788804155.5812066,
bind,expired,test.test-expired.example,cold,1315846,2,False,1788804155.582603,
bind,expired,test.test-expired.example,cold,1367382,2,False,1788804155.5840764,
bind,expired,test.test-expired.example,cold,1350343,2,False,1788804155.5855088,
bind,expired,test.test-expired.example,cold,1473526,2,False,1788804155.5870957,
bind,expired,test.test-expired.example,cold,2046105,2,False,1788804155.5892377,
bind,expired,test.test-expired.example,cold,1694036,2,False,1788804155.5910573,
bind,expired,test.test-expired.example,cold,1285923,2,False,1788804155.5924366,
bind,expired,test.test-expired.example,cold,1369780,2,False,1788804155.593893,
bind,expired,test.test-expired.example,cold,1266041,2,False,1788804155.5952284,
bind,expired,test.test-expired.example,cold,1237590,2,False,1788804155.5965383,
bind,expired,test.test-expired.example,cold,1233846,2,False,1788804155.5978432,
bind,expired,test.test-expired.example,cold,1411758,2,False,1788804155.5993297,
bind,expired,test.test-expired.example,cold,1475419,2,False,1788804155.6008973,
bind,expired,test.test-expired.example,cold,1456953,2,False,1788804155.6024373,
bind,expired,test.test-expired.example,cold,1420977,2,False,1788804155.6039555,
bind,expired,test.test-expired.example,cold,1363640,2,False,1788804155.6053998,
bind,expired,test.test-expired.example,cold,1370402,2,False,1788804155.6068506,
bind,expired,test.test-expired.example,cold,1504926,2,False,1788804155.608463,
bind,expired,test.test-expired.example,cold,1379749,2,False,1788804155.609949,
bind,expired,test.test-expired.example,cold,1185307,2,False,1788804155.6112137,
bind,expired,test.test-expired.example,cold,1188590,2,False,1788804155.6125011,
bind,expired,test.test-expired.example,cold,1171556,2,False,1788804155.6137495,
bind,expired,test.test-expired.example,cold,1203947,2,False,1788804155.6150248,
bind,expired,test.test-expired.example,cold,1158518,2,False,1788804155.6162539,
bind,expired,test.test-expired.example,cold,1421784,2,False,1788804155.6177683,
bind,expired,test.test-expired.example,cold,1584950,2,False,1788804155.6194475,
bind,expired,test.test-expired.example,cold,1343084,2,False,1788804155.6208773,
bind,expired,test.test-expired.example,cold,1306893,2,False,1788804155.622264,
bind,expired,test.test-expired.example,cold,1249327,2,False,1788804155.6235976,
bind,expired,test.test-expired.example,cold,2301335,2,False,1788804155.6259768,
bind,expired,test.test-expired.example,cold,6052151,2,False,1788804155.6321375,
bind,expired,test.test-expired.example,cold,1516369,2,False,1788804155.6337464,
bind,expired,test.test-expired.example,cold,1592143,2,False,1788804155.6354086,
bind,expired,test.test-expired.example,cold,1335069,2,False,1788804155.6368334,
bind,expired,test.test-expired.example,cold,8253167,2,False,1788804155.6452343,
bind,expired,test.test-expired.example,cold,2002051,2,False,1788804155.6474235,
bind,expired,test.test-expired.example,cold,1420346,2,False,1788804155.64895,
bind,expired,test.test-expired.example,cold,1396367,2,False,1788804155.6504352,
bind,expired,test.test-expired.example,cold,1320507,2,False,1788804155.6518617,
bind,expired,test.test-expired.example,cold,1248328,2,False,1788804155.653228,
bind,expired,test.test-expired.example,cold,3311180,2,False,1788804155.6566556,
bind,expired,test.test-expired.example,cold,1677416,2,False,1788804155.6584365,
bind,expired,test.test-expired.example,cold,1398605,2,False,1788804155.659927,
bind,expired,test.test-expired.example,cold,4850605,2,False,1788804155.664899,
bind,expired,test.test-expired.example,cold,2421709,2,False,1788804155.667452,
bind,expired,test.test-expired.example,cold,1675563,2,False,1788804155.6692438,
bind,expired,test.test-expired.example,cold,1992472,2,False,1788804155.671349,
bind,expired,test.test-expired.example,cold,3544738,2,False,1788804155.6750023,
bind,expired,test.test-expired.example,cold,1613286,2,False,1788804155.6767235,
bind,expired,test.test-expired.example,cold,1376362,2,False,1788804155.6782165,
bind,expired,test.test-expired.example,cold,1809084,2,False,1788804155.6801078,
bind,expired,test.test-expired.example,cold,1225435,2,False,1788804155.681416,
bind,expired,test.test-expired.example,cold,1870655,2,False,1788804155.683363,
bind,expired,test.test-expired.example,cold,1516596,2,False,1788804155.6849837,
bind,expired,test.test-expired.example,cold,1211521,2,False,1788804155.686267,
bind,expired,test.test-expired.example,cold,1569000,2,False,1788804155.688184,
bind,expired,test.test-expired.example,cold,1593640,2,False,1788804155.6898682,
bind,expired,test.test-expired.example,cold,1214714,2,False,1788804155.6911502,
bind,expired,test.test-expired.example,cold,1292936,2,False,1788804155.692491,
bind,expired,test.test-expired.example,cold,1328330,2,False,1788804155.693878,
bind,expired,test.test-expired.example,cold,1424681,2,False,1788804155.6953704,
bind,expired,test.test-expired.example,cold,3720792,2,False,1788804155.6991649,
bind,expired,test.test-expired.example,cold,1592502,2,False,1788804155.700844,
bind,expired,test.test-expired.example,cold,1364812,2,False,1788804155.7022922,
bind,expired,test.test-expired.example,cold,1359580,2,False,1788804155.7037816,
bind,expired,test.test-expired.example,cold,1308112,2,False,1788804155.705166,
bind,expired,test.test-expired.example,cold,1344809,2,False,1788804155.7065823,
bind,expired,test.test-expired.example,cold,1310033,2,False,1788804155.707959,
bind,expired,test.test-expired.example,cold,1259210,2,False,1788804155.7092898,
bind,expired,test.test-expired.example,cold,1327082,2,False,1788804155.7106872,
bind,expired,test.test-expired.example,cold,1298834,2,False,1788804155.7120366,
bind,expired,test.test-expired.example,cold,1236390,2,False,1788804155.713345,
bind,expired,test.test-expired.example,cold,1336342,2,False,1788804155.714738,
bind,expired,test.test-expired.example,cold,1421081,2,False,1788804155.71623,
bind,expired,test.test-expired.example,cold,1695126,2,False,1788804155.7179928,
bind,expired,test.test-expired.example,cold,5534711,2,False,1788804155.7236297,
bind,expired,test.test-expired.example,cold,1753157,2,False,1788804155.7255192,
bind,expired,test.test-expired.example,cold,1407667,2,False,1788804155.727023,
bind,expired,test.test-expired.example,cold,1404092,2,False,1788804155.7285242,
bind,expired,test.test-expired.example,cold,1252532,2,False,1788804155.7298641,
bind,expired,test.test-expired.example,cold,1981039,2,False,1788804155.731922,
bind,expired,test.test-expired.example,cold,1381369,2,False,1788804155.733396,
bind,expired,test.test-expired.example,cold,3780201,2,False,1788804155.7372658,
bind,expired,test.test-expired.example,cold,3212460,2,False,1788804155.7406197,
bind,expired,test.test-expired.example,cold,1912655,2,False,1788804155.7426553,
bind,expired,test.test-expired.example,cold,1337804,2,False,1788804155.744101,
bind,expired,test.test-expired.example,cold,1361130,2,False,1788804155.745568,
bind,expired,test.test-expired.example,cold,1341267,2,False,1788804155.7469914,
bind,expired,test.test-expired.example,cold,1267035,2,False,1788804155.7483668,
bind,expired,test.test-expired.example,cold,2223897,2,False,1788804155.7506816,
bind,expired,test.test-expired.example,cold,1867854,2,False,1788804155.752677,
bind,expired,test.test-expired.example,cold,1414496,2,False,1788804155.7541838,
bind,expired,test.test-expired.example,cold,1507026,2,False,1788804155.7557955,
bind,expired,test.test-expired.example,cold,1566051,2,False,1788804155.757454,
bind,expired,test.test-expired.example,cold,1381707,2,False,1788804155.7589104,
bind,expired,test.test-expired.example,cold,1247108,2,False,1788804155.760228,
bind,expired,test.test-expired.example,cold,1120235,2,False,1788804155.7614198,
bind,expired,test.test-expired.example,cold,1348228,2,False,1788804155.762833,
bind,expired,test.test-expired.example,cold,1405075,2,False,1788804155.7643106,
bind,expired,test.test-expired.example,cold,2115320,2,False,1788804155.7665234,
bind,expired,test.test-expired.example,cold,1446129,2,False,1788804155.7680566,
bind,expired,test.test-expired.example,cold,1535568,2,False,1788804155.7696614,
bind,expired,test.test-expired.example,cold,5840737,2,False,1788804155.7755988,
bind,expired,test.test-expired.example,cold,1703574,2,False,1788804155.7774038,
bind,expired,test.test-expired.example,cold,1429013,2,False,1788804155.778934,
bind,expired,test.test-expired.example,cold,2101560,2,False,1788804155.7811153,
bind,expired,test.test-expired.example,cold,5619835,2,False,1788804155.7868373,
bind,expired,test.test-expired.example,cold,1549194,2,False,1788804155.7884934,
bind,expired,test.test-expired.example,cold,1359643,2,False,1788804155.7899365,
bind,expired,test.test-expired.example,cold,1457389,2,False,1788804155.7914755,
bind,expired,test.test-expired.example,cold,1288368,2,False,1788804155.792848,
bind,expired,test.test-expired.example,cold,1249945,2,False,1788804155.7941823,
bind,expired,test.test-expired.example,cold,1355941,2,False,1788804155.795614,
bind,expired,test.test-expired.example,cold,1294674,2,False,1788804155.7970157,
bind,expired,test.test-expired.example,cold,1270241,2,False,1788804155.7983818,
bind,expired,test.test-expired.example,cold,1348517,2,False,1788804155.7997973,
bind,expired,test.test-expired.example,cold,1781353,2,False,1788804155.8016593,
bind,expired,test.test-expired.example,cold,1509963,2,False,1788804155.8032808,
bind,expired,test.test-expired.example,cold,1364203,2,False,1788804155.804736,
bind,expired,test.test-expired.example,cold,1338776,2,False,1788804155.8061554,
bind,expired,test.test-expired.example,cold,1213882,2,False,1788804155.807467,
bind,expired,test.test-expired.example,cold,1441001,2,False,1788804155.808997,
bind,expired,test.test-expired.example,cold,1397683,2,False,1788804155.8104959,
bind,expired,test.test-expired.example,cold,1311849,2,False,1788804155.8118865,
bind,expired,test.test-expired.example,cold,1300771,2,False,1788804155.8132656,
bind,expired,test.test-expired.example,cold,6092852,2,False,1788804155.8194482,
bind,expired,test.test-expired.example,cold,1916710,2,False,1788804155.821483,
bind,expired,test.test-expired.example,cold,1409052,2,False,1788804155.8229687,
bind,expired,test.test-expired.example,cold,2121031,2,False,1788804155.8251798,
bind,expired,test.test-expired.example,cold,2532950,2,False,1788804155.8278556,
bind,expired,test.test-expired.example,cold,1456352,2,False,1788804155.8294241,
bind,expired,test.test-expired.example,cold,1683345,2,False,1788804155.8312027,
bind,expired,test.test-expired.example,cold,1707550,2,False,1788804155.8330016,
bind,expired,test.test-expired.example,cold,1496513,2,False,1788804155.834579,
bind,expired,test.test-expired.example,cold,1499959,2,False,1788804155.8361573,
bind,expired,test.test-expired.example,cold,1504678,2,False,1788804155.8377402,
bind,expired,test.test-expired.example,cold,1356548,2,False,1788804155.8391795,
bind,expired,test.test-expired.example,cold,1417665,2,False,1788804155.8406818,
bind,expired,test.test-expired.example,cold,1415820,2,False,1788804155.8421757,
bind,expired,test.test-expired.example,cold,1619112,2,False,1788804155.843874,
bind,expired,test.test-expired.example,cold,1236519,2,False,1788804155.8452063,
bind,expired,test.test-expired.example,cold,1433527,2,False,1788804155.8467035,
bind,expired,test.test-expired.example,cold,1662609,2,False,1788804155.8484457,
bind,expired,test.test-expired.example,cold,2059606,2,False,1788804155.8506048,
bind,expired,test.test-expired.example,cold,1545684,2,False,1788804155.8522444,
bind,expired,test.test-expired.example,cold,1464020,2,False,1788804155.8537862,
bind,expired,test.test-expired.example,cold,1456745,2,False,1788804155.8553104,
bind,expired,test.test-expired.example,cold,1327872,2,False,1788804155.8567185,
bind,expired,test.test-expired.example,cold,1325074,2,False,1788804155.8581183,
bind,expired,test.test-expired.example,cold,1653524,2,False,1788804155.8598502,
bind,expired,test.test-expired.example,cold,1992112,2,False,1788804155.8619425,
bind,expired,test.test-expired.example,cold,1706683,2,False,1788804155.8637507,
bind,expired,test.test-expired.example,cold,2637504,2,False,1788804155.8665082,
bind,expired,test.test-expired.example,cold,2658580,2,False,1788804155.8693817,
bind,expired,test.test-expired.example,cold,1680382,2,False,1788804155.871173,
bind,expired,test.test-expired.example,cold,1551224,2,False,1788804155.8729057,
bind,expired,test.test-expired.example,cold,2012301,2,False,1788804155.8750095,
bind,expired,test.test-expired.example,cold,2647660,2,False,1788804155.8778005,
bind,expired,test.test-expired.example,cold,1840926,2,False,1788804155.8803973,
bind,expired,test.test-expired.example,cold,1808313,2,False,1788804155.8823388,
bind,expired,test.test-expired.example,cold,1518670,2,False,1788804155.883965,
bind,expired,test.test-expired.example,cold,1478566,2,False,1788804155.8855479,
bind,expired,test.test-expired.example,cold,1577549,2,False,1788804155.8872204,
bind,expired,test.test-expired.example,cold,1616016,2,False,1788804155.888942,
bind,expired,test.test-expired.example,cold,1594060,2,False,1788804155.8906474,
bind,expired,test.test-expired.example,cold,2979355,2,False,1788804155.8937426,
bind,expired,test.test-expired.example,cold,3115796,2,False,1788804155.897036,
bind,expired,test.test-expired.example,cold,2368938,2,False,1788804155.8995655,
bind,expired,test.test-expired.example,cold,1701891,2,False,1788804155.901376,
bind,expired,test.test-expired.example,cold,1370773,2,False,1788804155.9028451,
bind,expired,test.test-expired.example,cold,1431046,2,False,1788804155.9044483,
bind,expired,test.test-expired.example,cold,1340775,2,False,1788804155.9058728,
bind,expired,test.test-expired.example,cold,3369638,2,False,1788804155.9094477,
bind,expired,test.test-expired.example,cold,7848727,2,False,1788804155.9177365,
bind,expired,test.test-expired.example,cold,2588243,2,False,1788804155.9204528,
bind,expired,test.test-expired.example,cold,3305888,2,False,1788804155.9238827,
bind,expired,test.test-expired.example,cold,1879863,2,False,1788804155.9258683,
bind,expired,test.test-expired.example,cold,1799647,2,False,1788804155.9277735,
bind,expired,test.test-expired.example,cold,5109106,2,False,1788804155.9329758,
bind,expired,test.test-expired.example,cold,2928378,2,False,1788804155.9360118,
bind,expired,test.test-expired.example,cold,3172104,2,False,1788804155.939311,
bind,expired,test.test-expired.example,cold,2717808,2,False,1788804155.9421804,
bind,expired,test.test-expired.example,cold,1749304,2,False,1788804155.9440534,
bind,expired,test.test-expired.example,cold,1774530,2,False,1788804155.9459255,
bind,expired,test.test-expired.example,cold,1698552,2,False,1788804155.947722,
bind,expired,test.test-expired.example,cold,4045093,2,False,1788804155.951988,
bind,expired,test.test-expired.example,cold,2196490,2,False,1788804155.9545202,
bind,expired,test.test-expired.example,cold,2652424,2,False,1788804155.957334,
bind,expired,test.test-expired.example,cold,2856065,2,False,1788804155.9603035,
bind,expired,test.test-expired.example,cold,2084750,2,False,1788804155.9625425,
bind,expired,test.test-expired.example,cold,3231320,2,False,1788804155.9659111,
bind,expired,test.test-expired.example,cold,2276476,2,False,1788804155.968331,
bind,expired,test.test-expired.example,cold,9715168,2,False,1788804155.978175,
bind,expired,test.test-expired.example,cold,3743249,2,False,1788804155.982152,
bind,expired,test.test-expired.example,cold,7826048,2,False,1788804155.990564,
bind,expired,test.test-expired.example,cold,1815547,2,False,1788804155.9924984,
bind,expired,test.test-expired.example,cold,1635679,2,False,1788804155.9943202,
bind,expired,test.test-expired.example,cold,1977757,2,False,1788804155.9964297,
bind,expired,test.test-expired.example,cold,2090576,2,False,1788804155.9986217,
bind,expired,test.test-expired.example,cold,5008992,2,False,1788804156.003885,
bind,expired,test.test-expired.example,cold,2044007,2,False,1788804156.0060344,
bind,expired,test.test-expired.example,cold,2405753,2,False,1788804156.0085428,
bind,expired,test.test-expired.example,cold,2443319,2,False,1788804156.0110812,
bind,expired,test.test-expired.example,cold,8254765,2,False,1788804156.0195134,
bind,expired,test.test-expired.example,cold,1967062,2,False,1788804156.0216444,
bind,expired,test.test-expired.example,cold,1486013,2,False,1788804156.0232465,
bind,expired,test.test-expired.example,cold,1572455,2,False,1788804156.024906,
bind,expired,test.test-expired.example,cold,1411304,2,False,1788804156.0264032,
bind,expired,test.test-expired.example,cold,2171906,2,False,1788804156.0286858,
bind,expired,test.test-expired.example,cold,5405137,2,False,1788804156.03422,
bind,expired,test.test-expired.example,cold,1937452,2,False,1788804156.0362954,
bind,expired,test.test-expired.example,cold,3449558,2,False,1788804156.0399003,
bind,expired,test.test-expired.example,cold,6602923,2,False,1788804156.0467653,
bind,expired,test.test-expired.example,cold,3000571,2,False,1788804156.0498888,
bind,expired,test.test-expired.example,cold,2388518,2,False,1788804156.052443,
bind,expired,test.test-expired.example,cold,2158033,2,False,1788804156.054702,
bind,expired,test.test-expired.example,cold,2677641,2,False,1788804156.057702,
bind,expired,test.test-expired.example,cold,2707928,2,False,1788804156.0605314,
bind,expired,test.test-expired.example,cold,1506934,2,False,1788804156.0621655,
bind,expired,test.test-expired.example,cold,1349955,2,False,1788804156.0636075,
bind,expired,test.test-expired.example,cold,1246367,2,False,1788804156.064965,
bind,expired,test.test-expired.example,cold,1349660,2,False,1788804156.06639,
bind,expired,test.test-expired.example,cold,1324092,2,False,1788804156.0678124,
bind,expired,test.test-expired.example,cold,1414428,2,False,1788804156.069303,
bind,expired,test.test-expired.example,cold,1338467,2,False,1788804156.0707345,
bind,expired,test.test-expired.example,cold,1343199,2,False,1788804156.0721781,
bind,expired,test.test-expired.example,cold,1444693,2,False,1788804156.073715,
bind,expired,test.test-expired.example,cold,1566238,2,False,1788804156.0753653,
bind,expired,test.test-expired.example,cold,1953213,2,False,1788804156.0774238,
bind,expired,test.test-expired.example,cold,2468039,2,False,1788804156.079978,
bind,expired,test.test-expired.example,cold,1435280,2,False,1788804156.0815148,
bind,expired,test.test-expired.example,cold,1471840,2,False,1788804156.083092,
bind,expired,test.test-expired.example,cold,1466264,2,False,1788804156.0846522,
bind,expired,test.test-expired.example,cold,1520825,2,False,1788804156.086282,
bind,expired,test.test-expired.example,cold,1437627,2,False,1788804156.087832,
bind,expired,test.test-expired.example,cold,1389293,2,False,1788804156.089299,
bind,expired,test.test-expired.example,cold,1242169,2,False,1788804156.0906265,
bind,expired,test.test-expired.example,cold,1542011,2,False,1788804156.0922494,
bind,expired,test.test-expired.example,cold,1580567,2,False,1788804156.0939102,
bind,expired,test.test-expired.example,cold,1305182,2,False,1788804156.095299,
bind,expired,test.test-expired.example,cold,1958446,2,False,1788804156.0973456,
bind,expired,test.test-expired.example,cold,1476715,2,False,1788804156.0989017,
bind,expired,test.test-expired.example,cold,1267576,2,False,1788804156.1002479,
bind,expired,test.test-expired.example,cold,1290050,2,False,1788804156.1016114,
bind,expired,test.test-expired.example,cold,1217897,2,False,1788804156.1029139,
bind,expired,test.test-expired.example,cold,1210999,2,False,1788804156.1042092,
bind,expired,test.test-expired.example,cold,1404321,2,False,1788804156.1056912,
bind,expired,test.test-expired.example,cold,1423154,2,False,1788804156.1071947,
bind,expired,test.test-expired.example,cold,1774775,2,False,1788804156.109106,
bind,expired,test.test-expired.example,cold,1382524,2,False,1788804156.1105673,
bind,expired,test.test-expired.example,cold,1480003,2,False,1788804156.1121294,
bind,expired,test.test-expired.example,cold,1351437,2,False,1788804156.1135657,
bind,expired,test.test-expired.example,cold,1498149,2,False,1788804156.1151235,
bind,expired,test.test-expired.example,cold,1553262,2,False,1788804156.1168082,
bind,expired,test.test-expired.example,cold,1593335,2,False,1788804156.1184957,
bind,expired,test.test-expired.example,cold,1484570,2,False,1788804156.120093,
bind,expired,test.test-expired.example,cold,1649155,2,False,1788804156.121834,
bind,expired,test.test-expired.example,cold,1950972,2,False,1788804156.1238837,
bind,expired,test.test-expired.example,cold,3195493,2,False,1788804156.1271648,
bind,expired,test.test-expired.example,cold,1885696,2,False,1788804156.1299226,
bind,expired,test.test-expired.example,cold,1429477,2,False,1788804156.1314564,
bind,expired,test.test-expired.example,cold,1318164,2,False,1788804156.1328928,
bind,expired,test.test-expired.example,cold,2972577,2,False,1788804156.1360376,
bind,expired,test.test-expired.example,cold,1376597,2,False,1788804156.1375127,
bind,expired,test.test-expired.example,cold,1307011,2,False,1788804156.1389873,
bind,expired,test.test-expired.example,cold,1519108,2,False,1788804156.1406815,
bind,expired,test.test-expired.example,cold,1440593,2,False,1788804156.142217,
bind,expired,test.test-expired.example,cold,1398264,2,False,1788804156.1436915,
bind,expired,test.test-expired.example,cold,1186746,2,False,1788804156.144953,
bind,expired,test.test-expired.example,cold,1489140,2,False,1788804156.146517,
bind,expired,test.test-expired.example,cold,1259490,2,False,1788804156.1478639,
bind,expired,test.test-expired.example,cold,1396029,2,False,1788804156.1493404,
bind,expired,test.test-expired.example,cold,1308946,2,False,1788804156.1507356,
bind,expired,test.test-expired.example,cold,1266067,2,False,1788804156.1521783,
bind,expired,test.test-expired.example,cold,1201957,2,False,1788804156.1534786,
bind,expired,test.test-expired.example,cold,1196461,2,False,1788804156.1549377,
bind,expired,test.test-expired.example,cold,1265512,2,False,1788804156.1562784,
bind,expired,test.test-expired.example,cold,2154195,2,False,1788804156.1585188,
bind,expired,test.test-expired.example,cold,1695244,2,False,1788804156.1603212,
bind,expired,test.test-expired.example,cold,1853992,2,False,1788804156.162262,
bind,expired,test.test-expired.example,cold,3121060,2,False,1788804156.1655142,
bind,expired,test.test-expired.example,cold,1807916,2,False,1788804156.167428,
bind,expired,test.test-expired.example,cold,2386554,2,False,1788804156.1698825,
bind,expired,test.test-expired.example,cold,1923111,2,False,1788804156.171895,
bind,expired,test.test-expired.example,cold,1373145,2,False,1788804156.173362,
bind,expired,test.test-expired.example,cold,1320191,2,False,1788804156.174835,
bind,expired,test.test-expired.example,cold,1173188,2,False,1788804156.1761484,
bind,expired,test.test-expired.example,cold,1601868,2,False,1788804156.1778243,
bind,expired,test.test-expired.example,cold,1540685,2,False,1788804156.1794412,
bind,expired,test.test-expired.example,cold,4497766,2,False,1788804156.184085,
bind,expired,test.test-expired.example,cold,3367104,2,False,1788804156.1875892,
bind,expired,test.test-expired.example,cold,2744385,2,False,1788804156.1904793,
bind,expired,test.test-expired.example,cold,4358862,2,False,1788804156.1949646,
bind,expired,test.test-expired.example,cold,1968714,2,False,1788804156.197117,
bind,expired,test.test-expired.example,cold,1622737,2,False,1788804156.1988628,
bind,expired,test.test-expired.example,cold,1552580,2,False,1788804156.2005816,
bind,expired,test.test-expired.example,cold,3942106,2,False,1788804156.2046645,
bind,expired,test.test-expired.example,cold,1483615,2,False,1788804156.2062683,
bind,expired,test.test-expired.example,cold,1502244,2,False,1788804156.2079635,
bind,expired,test.test-expired.example,cold,1750593,2,False,1788804156.2097995,
bind,expired,test.test-expired.example,cold,1944931,2,False,1788804156.211838,
bind,expired,test.test-expired.example,cold,1813648,2,False,1788804156.2137513,
bind,expired,test.test-expired.example,cold,1636657,2,False,1788804156.2154806,
bind,expired,test.test-expired.example,cold,1561897,2,False,1788804156.2171316,
bind,expired,test.test-expired.example,cold,1839937,2,False,1788804156.2190568,
bind,expired,test.test-expired.example,cold,2155038,2,False,1788804156.2213118,
bind,expired,test.test-expired.example,cold,1657787,2,False,1788804156.2231293,
bind,expired,test.test-expired.example,cold,1496078,2,False,1788804156.2247071,
bind,expired,test.test-expired.example,cold,1609018,2,False,1788804156.2263901,
bind,expired,test.test-expired.example,cold,1761827,2,False,1788804156.2282465,
bind,expired,test.test-expired.example,cold,1571232,2,False,1788804156.2299118,
bind,expired,test.test-expired.example,cold,1839489,2,False,1788804156.2318547,
bind,expired,test.test-expired.example,cold,1388088,2,False,1788804156.2333288,
bind,expired,test.test-expired.example,cold,1480310,2,False,1788804156.2348893,
bind,expired,test.test-expired.example,cold,1380463,2,False,1788804156.2363434,
bind,expired,test.test-expired.example,cold,1530697,2,False,1788804156.2379458,
bind,expired,test.test-expired.example,cold,9038438,2,False,1788804156.2470727,
bind,expired,test.test-expired.example,cold,2051132,2,False,1788804156.2492716,
bind,expired,test.test-expired.example,cold,2656472,2,False,1788804156.2520347,
bind,expired,test.test-expired.example,cold,2673848,2,False,1788804156.2548974,
bind,expired,test.test-expired.example,cold,2390565,2,False,1788804156.257395,
bind,expired,test.test-expired.example,cold,2080150,2,False,1788804156.2595804,
bind,expired,test.test-expired.example,cold,1800856,2,False,1788804156.2614667,
bind,expired,test.test-expired.example,cold,1737267,2,False,1788804156.2632806,
bind,expired,test.test-expired.example,cold,1823416,2,False,1788804156.2651784,
bind,expired,test.test-expired.example,cold,2175747,2,False,1788804156.2674408,
bind,expired,test.test-expired.example,cold,2312928,2,False,1788804156.269855,
bind,expired,test.test-expired.example,cold,1726089,2,False,1788804156.271669,
bind,expired,test.test-expired.example,cold,1627341,2,False,1788804156.2733772,
bind,expired,test.test-expired.example,cold,1708698,2,False,1788804156.275189,
bind,expired,test.test-expired.example,cold,1783244,2,False,1788804156.2770636,
bind,expired,test.test-expired.example,cold,1445174,2,False,1788804156.278596,
bind,expired,test.test-expired.example,cold,1713567,2,False,1788804156.280399,
bind,expired,test.test-expired.example,cold,8035927,2,False,1788804156.2885022,
bind,expired,test.test-expired.example,cold,2062955,2,False,1788804156.290681,
bind,expired,test.test-expired.example,cold,1628205,2,False,1788804156.2924047,
bind,expired,test.test-expired.example,cold,2029596,2,False,1788804156.294556,
bind,expired,test.test-expired.example,cold,1529217,2,False,1788804156.2961924,
bind,expired,test.test-expired.example,cold,9293853,2,False,1788804156.3055985,
bind,expired,test.test-expired.example,cold,16513375,2,False,1788804156.323122,
bind,expired,test.test-expired.example,cold,2812410,2,False,1788804156.326127,
bind,expired,test.test-expired.example,cold,1994571,2,False,1788804156.3282526,
bind,expired,test.test-expired.example,cold,1804823,2,False,1788804156.3301787,
bind,expired,test.test-expired.example,cold,2561578,2,False,1788804156.3328528,
bind,expired,test.test-expired.example,cold,2086810,2,False,1788804156.3350515,
bind,expired,test.test-expired.example,cold,2047396,2,False,1788804156.3374555,
bind,expired,test.test-expired.example,cold,2544328,2,False,1788804156.3401084,
bind,expired,test.test-expired.example,cold,2681767,2,False,1788804156.3429182,
bind,expired,test.test-expired.example,cold,1629826,2,False,1788804156.3446684,
bind,expired,test.test-expired.example,cold,1657943,2,False,1788804156.3464346,
bind,expired,test.test-expired.example,cold,2301633,2,False,1788804156.3488371,
bind,expired,test.test-expired.example,cold,1758319,2,False,1788804156.350697,
bind,expired,test.test-expired.example,cold,6740183,2,False,1788804156.3575256,
bind,expired,test.test-expired.example,cold,3958176,2,False,1788804156.361579,
bind,expired,test.test-expired.example,cold,3760783,2,False,1788804156.3654406,
bind,expired,test.test-expired.example,cold,2055867,2,False,1788804156.3675945,
bind,expired,test.test-expired.example,cold,2259520,2,False,1788804156.3728359,
bind,expired,test.test-expired.example,cold,2095580,2,False,1788804156.3750603,
bind,expired,test.test-expired.example,cold,1907505,2,False,1788804156.3770695,
bind,expired,test.test-expired.example,cold,7168445,2,False,1788804156.3843868,
bind,expired,test.test-expired.example,cold,3150490,2,False,1788804156.3876793,
bind,expired,test.test-expired.example,cold,2588256,2,False,1788804156.3903787,
bind,expired,test.test-expired.example,cold,1709170,2,False,1788804156.3921928,
bind,expired,test.test-expired.example,cold,1386284,2,False,1788804156.3936772,
bind,expired,test.test-expired.example,cold,5435220,2,False,1788804156.3992262,
bind,expired,test.test-expired.example,cold,4180915,2,False,1788804156.4035463,
bind,expired,test.test-expired.example,cold,2058944,2,False,1788804156.4057262,
bind,expired,test.test-expired.example,cold,1565147,2,False,1788804156.4074082,
bind,expired,test.test-expired.example,cold,1413912,2,False,1788804156.4089265,
bind,expired,test.test-expired.example,cold,1410520,2,False,1788804156.4104335,
bind,expired,test.test-expired.example,cold,1761374,2,False,1788804156.4123425,
bind,expired,test.test-expired.example,cold,3505012,2,False,1788804156.4159353,
bind,expired,test.test-expired.example,cold,1924385,2,False,1788804156.41797,
bind,expired,test.test-expired.example,cold,2058415,2,False,1788804156.4201412,
bind,expired,test.test-expired.example,cold,1653673,2,False,1788804156.421928,
bind,expired,test.test-expired.example,cold,1454696,2,False,1788804156.4234827,
bind,expired,test.test-expired.example,cold,1822285,2,False,1788804156.4254055,
bind,expired,test.test-expired.example,cold,1995444,2,False,1788804156.427865,
bind,expired,test.test-expired.example,cold,1578074,2,False,1788804156.4296215,
bind,expired,test.test-expired.example,cold,1533427,2,False,1788804156.4312754,
bind,expired,test.test-expired.example,cold,1564720,2,False,1788804156.4329329,
bind,expired,test.test-expired.example,cold,5727389,2,False,1788804156.4387777,
bind,expired,test.test-expired.example,cold,1692238,2,False,1788804156.4405901,
bind,expired,test.test-expired.example,cold,1957995,2,False,1788804156.446876,
bind,expired,test.test-expired.example,cold,1704026,2,False,1788804156.4486837,
bind,expired,test.test-expired.example,cold,1986157,2,False,1788804156.4507697,
bind,expired,test.test-expired.example,cold,4006482,2,False,1788804156.4548972,
bind,expired,test.test-expired.example,cold,1427727,2,False,1788804156.456479,
bind,expired,test.test-expired.example,cold,1224501,2,False,1788804156.4577973,
bind,expired,test.test-expired.example,cold,4407043,2,False,1788804156.4623003,
bind,expired,test.test-expired.example,cold,2550439,2,False,1788804156.4649968,
bind,expired,test.test-expired.example,cold,1922069,2,False,1788804156.467045,
bind,expired,test.test-expired.example,cold,1589879,2,False,1788804156.4687517,
bind,expired,test.test-expired.example,cold,1483914,2,False,1788804156.4703226,
bind,expired,test.test-expired.example,cold,1399990,2,False,1788804156.4718144,
bind,expired,test.test-expired.example,cold,1223917,2,False,1788804156.4731195,
bind,expired,test.test-expired.example,cold,1145266,2,False,1788804156.474356,
bind,expired,test.test-expired.example,cold,1270309,2,False,1788804156.4756963,
bind,expired,test.test-expired.example,cold,1299056,2,False,1788804156.4770765,
bind,expired,test.test-expired.example,cold,1170526,2,False,1788804156.4783125,
bind,expired,test.test-expired.example,cold,1164320,2,False,1788804156.479559,
bind,expired,test.test-expired.example,cold,1153525,2,False,1788804156.480783,
bind,expired,test.test-expired.example,cold,1450920,2,False,1788804156.4823022,
bind,expired,test.test-expired.example,cold,1830587,2,False,1788804156.4842284,
bind,expired,test.test-expired.example,cold,2237936,2,False,1788804156.4865513,
bind,expired,test.test-expired.example,cold,2194040,2,False,1788804156.4888577,
bind,expired,test.test-expired.example,cold,2769461,2,False,1788804156.4916997,
bind,expired,test.test-expired.example,cold,1757043,2,False,1788804156.4935396,
bind,expired,test.test-expired.example,cold,1685997,2,False,1788804156.4954584,
bind,expired,test.test-expired.example,cold,1554554,2,False,1788804156.4971201,
bind,expired,test.test-expired.example,cold,4013769,2,False,1788804156.501359,
bind,expired,test.test-expired.example,cold,1868861,2,False,1788804156.5033348,
bind,expired,test.test-expired.example,cold,3525487,2,False,1788804156.5069673,
bind,expired,test.test-expired.example,cold,1704504,2,False,1788804156.5087976,
bind,expired,test.test-expired.example,cold,1624789,2,False,1788804156.510547,
bind,expired,test.test-expired.example,cold,1973981,2,False,1788804156.5126996,
bind,expired,test.test-expired.example,cold,2041077,2,False,1788804156.514828,
bind,expired,test.test-expired.example,cold,1691404,2,False,1788804156.5168083,
bind,expired,test.test-expired.example,cold,1591699,2,False,1788804156.51848,
bind,expired,test.test-expired.example,cold,1424101,2,False,1788804156.5200858,
bind,expired,test.test-expired.example,cold,1547464,2,False,1788804156.5217092,
bind,expired,test.test-expired.example,cold,1846616,2,False,1788804156.5236323,
bind,expired,test.test-expired.example,cold,1501909,2,False,1788804156.525244,
bind,expired,test.test-expired.example,cold,1556813,2,False,1788804156.526995,
bind,expired,test.test-expired.example,cold,1528526,2,False,1788804156.5286195,
bind,expired,test.test-expired.example,cold,1485364,2,False,1788804156.5302901,
bind,expired,test.test-expired.example,cold,1419230,2,False,1788804156.5319293,
bind,expired,test.test-expired.example,cold,1481256,2,False,1788804156.5334842,
bind,expired,test.test-expired.example,cold,1531896,2,False,1788804156.5350828,
bind,expired,test.test-expired.example,cold,1606073,2,False,1788804156.5368023,
bind,expired,test.test-expired.example,cold,2015234,2,False,1788804156.5388958,
bind,expired,test.test-expired.example,cold,1473218,2,False,1788804156.5404742,
bind,expired,test.test-expired.example,cold,1317423,2,False,1788804156.5419292,
bind,expired,test.test-expired.example,cold,1530422,2,False,1788804156.5435262,
bind,expired,test.test-expired.example,cold,1880947,2,False,1788804156.5454905,
bind,expired,test.test-expired.example,cold,4508834,2,False,1788804156.550238,
bind,expired,test.test-expired.example,cold,1966364,2,False,1788804156.5523608,
bind,expired,test.test-expired.example,cold,1876676,2,False,1788804156.554368,
bind,expired,test.test-expired.example,cold,1389152,2,False,1788804156.555868,
bind,expired,test.test-expired.example,cold,1506834,2,False,1788804156.5574675,
bind,expired,test.test-expired.example,cold,1440262,2,False,1788804156.5591605,
bind,expired,test.test-expired.example,cold,1499149,2,False,1788804156.5607305,
bind,expired,test.test-expired.example,cold,1504622,2,False,1788804156.5623055,
bind,expired,test.test-expired.example,cold,1543696,2,False,1788804156.5640726,
bind,expired,test.test-expired.example,cold,1331411,2,False,1788804156.5654805,
bind,expired,test.test-expired.example,cold,1534517,2,False,1788804156.567092,
bind,expired,test.test-expired.example,cold,2225783,2,False,1788804156.5693946,
bind,expired,test.test-expired.example,cold,1841200,2,False,1788804156.5713375,
bind,expired,test.test-expired.example,cold,1552426,2,False,1788804156.5729854,
bind,expired,test.test-expired.example,cold,1622251,2,False,1788804156.5755138,
bind,expired,test.test-expired.example,cold,8130790,2,False,1788804156.5840583,
bind,expired,test.test-expired.example,cold,2589513,2,False,1788804156.5867646,
bind,expired,test.test-expired.example,cold,1811336,2,False,1788804156.5886784,
bind,expired,test.test-expired.example,cold,1795265,2,False,1788804156.5906558,
bind,expired,test.test-expired.example,cold,2145502,2,False,1788804156.5928986,
bind,expired,test.test-expired.example,cold,1817771,2,False,1788804156.594817,
bind,expired,test.test-expired.example,cold,1480952,2,False,1788804156.5963783,
bind,expired,test.test-expired.example,cold,1503309,2,False,1788804156.597957,
bind,expired,test.test-expired.example,cold,1471426,2,False,1788804156.5995014,
bind,expired,test.test-expired.example,cold,1499270,2,False,1788804156.6012187,
bind,expired,test.test-expired.example,cold,1438518,2,False,1788804156.6027315,
bind,expired,test.test-expired.example,cold,1696069,2,False,1788804156.6045964,
bind,expired,test.test-expired.example,cold,1479089,2,False,1788804156.6061573,
bind,expired,test.test-expired.example,cold,2315281,2,False,1788804156.6087139,
bind,expired,test.test-expired.example,cold,1452811,2,False,1788804156.6102881,
bind,expired,test.test-expired.example,cold,1364493,2,False,1788804156.6117506,
bind,expired,test.test-expired.example,cold,1685460,2,False,1788804156.6135128,
bind,expired,test.test-expired.example,cold,1522366,2,False,1788804156.615121,
bind,expired,test.test-expired.example,cold,1585035,2,False,1788804156.6167977,
bind,expired,test.test-expired.example,cold,1598117,2,False,1788804156.6185088,
bind,expired,test.test-expired.example,cold,1648164,2,False,1788804156.6203244,
bind,expired,test.test-expired.example,cold,1469057,2,False,1788804156.6219387,
bind,expired,test.test-expired.example,cold,3473618,2,False,1788804156.62549,
bind,expired,test.test-expired.example,cold,2058424,2,False,1788804156.627651,
bind,expired,test.test-expired.example,cold,1553316,2,False,1788804156.6292906,
bind,expired,test.test-expired.example,cold,1607957,2,False,1788804156.6310742,
bind,expired,test.test-expired.example,cold,1436426,2,False,1788804156.6325898,
bind,expired,test.test-expired.example,cold,1340909,2,False,1788804156.6340046,
bind,expired,test.test-expired.example,cold,1473672,2,False,1788804156.6355636,
bind,expired,test.test-expired.example,cold,1482883,2,False,1788804156.63712,
bind,expired,test.test-expired.example,cold,1551493,2,False,1788804156.6387477,
bind,expired,test.test-expired.example,cold,1614663,2,False,1788804156.6406329,
bind,expired,test.test-expired.example,cold,1319376,2,False,1788804156.6420999,
bind,expired,test.test-expired.example,cold,1500239,2,False,1788804156.6436841,
bind,expired,test.test-expired.example,cold,1335055,2,False,1788804156.6451924,
bind,expired,test.test-expired.example,cold,1538891,2,False,1788804156.6468198,
bind,expired,test.test-expired.example,cold,1558498,2,False,1788804156.648581,
bind,expired,test.test-expired.example,cold,1568997,2,False,1788804156.650222,
bind,expired,test.test-expired.example,cold,1519254,2,False,1788804156.6518145,
bind,expired,test.test-expired.example,cold,1212053,2,False,1788804156.6532187,
bind,expired,test.test-expired.example,cold,2132893,2,False,1788804156.6554232,
bind,expired,test.test-expired.example,cold,1737880,2,False,1788804156.661339,
bind,expired,test.test-expired.example,cold,2394665,2,False,1788804156.6638746,
bind,expired,test.test-expired.example,cold,1848109,2,False,1788804156.6658497,
bind,expired,test.test-expired.example,cold,1490650,2,False,1788804156.6674302,
bind,expired,test.test-expired.example,cold,6026911,2,False,1788804156.674277,
bind,expired,test.test-expired.example,cold,3942907,2,False,1788804156.6784222,
bind,expired,test.test-expired.example,cold,2596831,2,False,1788804156.681165,
bind,expired,test.test-expired.example,cold,5608371,2,False,1788804156.6868896,
bind,expired,test.test-expired.example,cold,1653343,2,False,1788804156.6886744,
bind,expired,test.test-expired.example,cold,1335814,2,False,1788804156.6901128,
bind,expired,test.test-expired.example,cold,1525807,2,False,1788804156.6918132,
bind,expired,test.test-expired.example,cold,1321466,2,False,1788804156.6932116,
bind,expired,test.test-expired.example,cold,1315905,2,False,1788804156.6946027,
bind,expired,test.test-expired.example,cold,1637112,2,False,1788804156.6963098,
bind,expired,test.test-expired.example,cold,1508229,2,False,1788804156.6980686,
bind,expired,test.test-expired.example,cold,1608059,2,False,1788804156.6997533,
bind,expired,test.test-expired.example,cold,1672541,2,False,1788804156.7017791,
bind,expired,test.test-expired.example,cold,1524648,2,False,1788804156.7033825,
bind,expired,test.test-expired.example,cold,1557548,2,False,1788804156.705041,
bind,expired,test.test-expired.example,cold,1713120,2,False,1788804156.7069604,
bind,expired,test.test-expired.example,cold,1804114,2,False,1788804156.708879,
bind,expired,test.test-expired.example,cold,1539675,2,False,1788804156.710607,
bind,expired,test.test-expired.example,cold,1548247,2,False,1788804156.7122598,
bind,expired,test.test-expired.example,cold,1597714,2,False,1788804156.7139335,
bind,expired,test.test-expired.example,cold,1434935,2,False,1788804156.7154465,
bind,expired,test.test-expired.example,cold,3983380,2,False,1788804156.7195098,
bind,expired,test.test-expired.example,cold,2559784,2,False,1788804156.7221913,
bind,expired,test.test-expired.example,cold,5752734,2,False,1788804156.7280378,
bind,expired,test.test-expired.example,cold,2406601,2,False,1788804156.7318566,
bind,expired,test.test-expired.example,cold,4459037,2,False,1788804156.73642,
bind,expired,test.test-expired.example,cold,1638080,2,False,1788804156.7383099,
bind,expired,test.test-expired.example,cold,1452301,2,False,1788804156.7399478,
bind,expired,test.test-expired.example,cold,1843840,2,False,1788804156.7419357,
bind,expired,test.test-expired.example,cold,1441439,2,False,1788804156.7435763,
bind,expired,test.test-expired.example,cold,1496184,2,False,1788804156.7451506,
bind,expired,test.test-expired.example,cold,1413484,2,False,1788804156.7466388,
bind,expired,test.test-expired.example,cold,1608654,2,False,1788804156.7483273,
bind,expired,test.test-expired.example,cold,1551583,2,False,1788804156.7499666,
bind,expired,test.test-expired.example,cold,1454452,2,False,1788804156.751503,
bind,expired,test.test-expired.example,cold,1831288,2,False,1788804156.753414,
bind,expired,test.test-expired.example,cold,1406501,2,False,1788804156.7549071,
bind,expired,test.test-expired.example,cold,1661764,2,False,1788804156.756674,
bind,expired,test.test-expired.example,cold,1555637,2,False,1788804156.7584126,
bind,expired,test.test-expired.example,cold,1415184,2,False,1788804156.7599027,
bind,expired,test.test-expired.example,cold,1210934,2,False,1788804156.7611873,
bind,expired,test.test-expired.example,cold,1735276,2,False,1788804156.7630062,
bind,expired,test.test-expired.example,cold,1926883,2,False,1788804156.7650793,
bind,expired,test.test-expired.example,cold,1745770,2,False,1788804156.7669055,
bind,expired,test.test-expired.example,cold,1955055,2,False,1788804156.7689369,
bind,expired,test.test-expired.example,cold,1803536,2,False,1788804156.770834,
bind,expired,test.test-expired.example,cold,1649126,2,False,1788804156.7725646,
bind,expired,test.test-expired.example,cold,1524773,2,False,1788804156.7741828,
bind,expired,test.test-expired.example,cold,1544615,2,False,1788804156.7758207,
bind,expired,test.test-expired.example,cold,1396555,2,False,1788804156.7773094,
bind,expired,test.test-expired.example,cold,1902518,2,False,1788804156.7792819,
bind,expired,test.test-expired.example,cold,1569908,2,False,1788804156.7809134,
bind,expired,test.test-expired.example,cold,1378870,2,False,1788804156.7824295,
bind,expired,test.test-expired.example,cold,1425379,2,False,1788804156.7839303,
bind,expired,test.test-expired.example,cold,1507927,2,False,1788804156.7855153,
bind,expired,test.test-expired.example,cold,1427360,2,False,1788804156.7870176,
bind,expired,test.test-expired.example,cold,1463203,2,False,1788804156.7885625,
bind,expired,test.test-expired.example,cold,5849359,2,False,1788804156.7945337,
bind,expired,test.test-expired.example,cold,3820920,2,False,1788804156.7984757,
bind,expired,test.test-expired.example,cold,2019589,2,False,1788804156.8006036,
bind,expired,test.test-expired.example,cold,1400389,2,False,1788804156.8022022,
bind,expired,test.test-expired.example,cold,1409393,2,False,1788804156.8037734,
bind,expired,test.test-expired.example,cold,1424897,2,False,1788804156.8053067,
bind,expired,test.test-expired.example,cold,1508660,2,False,1788804156.8070161,
bind,expired,test.test-expired.example,cold,1388620,2,False,1788804156.808479,
bind,expired,test.test-expired.example,cold,2042859,2,False,1788804156.8108175,
bind,expired,test.test-expired.example,cold,1676924,2,False,1788804156.8125951,
bind,expired,test.test-expired.example,cold,1497006,2,False,1788804156.814325,
bind,expired,test.test-expired.example,cold,1578389,2,False,1788804156.8161173,
bind,expired,test.test-expired.example,cold,1588748,2,False,1788804156.817797,
bind,expired,test.test-expired.example,cold,1530141,2,False,1788804156.819478,
bind,expired,test.test-expired.example,cold,1358023,2,False,1788804156.820916,
bind,expired,test.test-expired.example,cold,2126551,2,False,1788804156.8232162,
bind,expired,test.test-expired.example,cold,1600572,2,False,1788804156.8248904,
bind,expired,test.test-expired.example,cold,1529779,2,False,1788804156.8264945,
bind,expired,test.test-expired.example,cold,1613037,2,False,1788804156.82845,
bind,expired,test.test-expired.example,cold,1405400,2,False,1788804156.8300433,
bind,expired,test.test-expired.example,cold,1352993,2,False,1788804156.8315964,
bind,expired,test.test-expired.example,cold,1472372,2,False,1788804156.8331409,
bind,expired,test.test-expired.example,cold,1288988,2,False,1788804156.8344996,
bind,expired,test.test-expired.example,cold,1633845,2,False,1788804156.8362112,
bind,expired,test.test-expired.example,cold,1578990,2,False,1788804156.8378909,
bind,expired,test.test-expired.example,cold,1999906,2,False,1788804156.8399782,
bind,expired,test.test-expired.example,cold,2125671,2,False,1788804156.8421907,
bind,expired,test.test-expired.example,cold,2097143,2,False,1788804156.844393,
bind,expired,test.test-expired.example,cold,1449982,2,False,1788804156.8460534,
bind,expired,test.test-expired.example,cold,1941182,2,False,1788804156.8480742,
bind,expired,test.test-expired.example,cold,1332840,2,False,1788804156.8494866,
bind,expired,test.test-expired.example,cold,2107156,2,False,1788804156.8544314,
bind,expired,test.test-expired.example,cold,2380779,2,False,1788804156.8569589,
bind,expired,test.test-expired.example,cold,1833180,2,False,1788804156.8589272,
bind,expired,test.test-expired.example,cold,1696910,2,False,1788804156.8607974,
bind,expired,test.test-expired.example,cold,1523955,2,False,1788804156.86241,
bind,expired,test.test-expired.example,cold,1384443,2,False,1788804156.8638659,
bind,expired,test.test-expired.example,cold,1543381,2,False,1788804156.8654659,
bind,expired,test.test-expired.example,cold,1367877,2,False,1788804156.866977,
bind,expired,test.test-expired.example,cold,1472196,2,False,1788804156.868532,
bind,expired,test.test-expired.example,cold,1424489,2,False,1788804156.8700306,
bind,expired,test.test-expired.example,cold,1445439,2,False,1788804156.8715308,
bind,expired,test.test-expired.example,cold,1536865,2,False,1788804156.8731253,
bind,expired,test.test-expired.example,cold,1788222,2,False,1788804156.875015,
bind,expired,test.test-expired.example,cold,2529394,2,False,1788804156.8776605,
bind,expired,test.test-expired.example,cold,2602545,2,False,1788804156.88051,
bind,expired,test.test-expired.example,cold,1988969,2,False,1788804156.8828037,
bind,expired,test.test-expired.example,cold,1497676,2,False,1788804156.8844073,
bind,expired,test.test-expired.example,cold,1962815,2,False,1788804156.8864548,
bind,expired,test.test-expired.example,cold,1547375,2,False,1788804156.8880997,
bind,expired,test.test-expired.example,cold,1754142,2,False,1788804156.889935,
bind,expired,test.test-expired.example,cold,1659622,2,False,1788804156.8917108,
bind,expired,test.test-expired.example,cold,1762193,2,False,1788804156.893555,
bind,expired,test.test-expired.example,cold,1455974,2,False,1788804156.895085,
bind,expired,test.test-expired.example,cold,1538650,2,False,1788804156.896699,
bind,expired,test.test-expired.example,cold,1584103,2,False,1788804156.8985045,
bind,expired,test.test-expired.example,cold,1285827,2,False,1788804156.8998687,
bind,expired,test.test-expired.example,cold,1688977,2,False,1788804156.901675,
bind,expired,test.test-expired.example,cold,1534569,2,False,1788804156.9032922,
bind,expired,test.test-expired.example,cold,1435013,2,False,1788804156.904803,
bind,expired,test.test-expired.example,cold,1540679,2,False,1788804156.906415,
bind,expired,test.test-expired.example,cold,1551399,2,False,1788804156.9081602,
bind,expired,test.test-expired.example,cold,1749969,2,False,1788804156.9100888,
bind,expired,test.test-expired.example,cold,1521651,2,False,1788804156.911695,
bind,expired,test.test-expired.example,cold,1723425,2,False,1788804156.9135091,
bind,expired,test.test-expired.example,cold,2110903,2,False,1788804156.9157007,
bind,expired,test.test-expired.example,cold,2753811,2,False,1788804156.9185324,
bind,expired,test.test-expired.example,cold,1720052,2,False,1788804156.9203312,
bind,expired,test.test-expired.example,cold,1755779,2,False,1788804156.9221964,
bind,expired,test.test-expired.example,cold,1659320,2,False,1788804156.9240537,
bind,expired,test.test-expired.example,cold,2527734,2,False,1788804156.9266698,
bind,expired,test.test-expired.example,cold,1860508,2,False,1788804156.9286206,
bind,expired,test.test-expired.example,cold,1582946,2,False,1788804156.9302945,
bind,expired,test.test-expired.example,cold,1577965,2,False,1788804156.9319875,
bind,expired,test.test-expired.example,cold,1496167,2,False,1788804156.9336202,
bind,expired,test.test-expired.example,cold,1809632,2,False,1788804156.9355004,
bind,expired,test.test-expired.example,cold,1822957,2,False,1788804156.93742,
bind,expired,test.test-expired.example,cold,1742866,2,False,1788804156.9392788,
bind,expired,test.test-expired.example,cold,1639336,2,False,1788804156.9410117,
bind,expired,test.test-expired.example,cold,1641776,2,False,1788804156.9427376,
bind,expired,test.test-expired.example,cold,1677892,2,False,1788804156.944495,
bind,expired,test.test-expired.example,cold,2322124,2,False,1788804156.9469767,
bind,expired,test.test-expired.example,cold,1915181,2,False,1788804156.9489734,
bind,expired,test.test-expired.example,cold,2119577,2,False,1788804156.9513147,
bind,expired,test.test-expired.example,cold,2049221,2,False,1788804156.9534512,
bind,expired,test.test-expired.example,cold,1650334,2,False,1788804156.955318,
bind,expired,test.test-expired.example,cold,1847231,2,False,1788804156.9574745,
bind,expired,test.test-expired.example,cold,1819984,2,False,1788804156.9593654,
bind,expired,test.test-expired.example,cold,6242648,2,False,1788804156.9656947,
bind,expired,test.test-expired.example,cold,2706192,2,False,1788804156.9687479,
bind,expired,test.test-expired.example,cold,2010103,2,False,1788804156.9709525,
bind,expired,test.test-expired.example,cold,1717312,2,False,1788804156.9727702,
bind,expired,test.test-expired.example,cold,1619515,2,False,1788804156.9744833,
bind,expired,test.test-expired.example,cold,2061720,2,False,1788804156.9766462,
bind,expired,test.test-expired.example,cold,1749901,2,False,1788804156.9785447,
bind,expired,test.test-expired.example,cold,1648442,2,False,1788804156.980295,
bind,expired,test.test-expired.example,cold,1506415,2,False,1788804156.9818861,
bind,expired,test.test-expired.example,cold,1428702,2,False,1788804156.9833846,
bind,expired,test.test-expired.example,cold,1993019,2,False,1788804156.985467,
bind,expired,test.test-expired.example,cold,2267869,2,False,1788804156.987848,
bind,expired,test.test-expired.example,cold,1583901,2,False,1788804156.9895513,
bind,expired,test.test-expired.example,cold,2000544,2,False,1788804156.9917288,
bind,expired,test.test-expired.example,cold,1689541,2,False,1788804156.9934938,
bind,expired,test.test-expired.example,cold,3498863,2,False,1788804156.9970634,
bind,expired,test.test-expired.example,cold,2477933,2,False,1788804157.0010288,
bind,expired,test.test-expired.example,cold,5065521,2,False,1788804157.0062423,
bind,expired,test.test-expired.example,cold,1991703,2,False,1788804157.0083878,
bind,expired,test.test-expired.example,cold,1549676,2,False,1788804157.010054,
bind,expired,test.test-expired.example,cold,2079274,2,False,1788804157.0122395,
bind,expired,test.test-expired.example,cold,2361296,2,False,1788804157.0146956,
bind,expired,test.test-expired.example,cold,2227928,2,False,1788804157.0170817,
bind,expired,test.test-expired.example,cold,2207526,2,False,1788804157.0193708,
bind,expired,test.test-expired.example,cold,2288518,2,False,1788804157.0217836,
bind,expired,test.test-expired.example,cold,1564257,2,False,1788804157.02344,
bind,expired,test.test-expired.example,cold,1551729,2,False,1788804157.0250978,
bind,expired,test.test-expired.example,cold,1393798,2,False,1788804157.0265899,
bind,expired,test.test-expired.example,cold,1531656,2,False,1788804157.028267,
bind,expired,test.test-expired.example,cold,1565562,2,False,1788804157.0299215,
bind,expired,test.test-expired.example,cold,1648095,2,False,1788804157.0316484,
bind,expired,test.test-expired.example,cold,2148914,2,False,1788804157.0339956,
bind,expired,test.test-expired.example,cold,2354120,2,False,1788804157.0366178,
bind,expired,test.test-expired.example,cold,2692287,2,False,1788804157.0394247,
bind,expired,test.test-expired.example,cold,4380341,2,False,1788804157.0439181,
bind,expired,test.test-expired.example,cold,2834192,2,False,1788804157.046868,
bind,expired,test.test-expired.example,cold,1875595,2,False,1788804157.0488591,
bind,expired,test.test-expired.example,cold,1553297,2,False,1788804157.0505774,
bind,expired,test.test-expired.example,cold,1526807,2,False,1788804157.0521908,
bind,expired,test.test-expired.example,cold,1574832,2,False,1788804157.053836,
bind,expired,test.test-expired.example,cold,1515995,2,False,1788804157.0554266,
bind,expired,test.test-expired.example,cold,1688594,2,False,1788804157.0571878,
bind,expired,test.test-expired.example,cold,1624840,2,False,1788804157.0588825,
bind,expired,test.test-expired.example,cold,1401985,2,False,1788804157.0603633,
bind,expired,test.test-expired.example,cold,1532174,2,False,1788804157.0619824,
bind,expired,test.test-expired.example,cold,1567228,2,False,1788804157.063622,
bind,expired,test.test-expired.example,cold,1554772,2,False,1788804157.0652828,
bind,expired,test.test-expired.example,cold,1610294,2,False,1788804157.066981,
bind,expired,test.test-expired.example,cold,1588729,2,False,1788804157.0686455,
bind,expired,test.test-expired.example,cold,1601067,2,False,1788804157.0703192,
bind,expired,test.test-expired.example,cold,1473569,2,False,1788804157.0718791,
bind,expired,test.test-expired.example,cold,1491242,2,False,1788804157.0734446,
bind,expired,test.test-expired.example,cold,6276469,2,False,1788804157.0798037,
bind,expired,test.test-expired.example,cold,1882875,2,False,1788804157.0817997,
bind,expired,test.test-expired.example,cold,1522019,2,False,1788804157.0833912,
bind,expired,test.test-expired.example,cold,1267845,2,False,1788804157.0848565,
bind,expired,test.test-expired.example,cold,4493060,2,False,1788804157.0894246,
bind,expired,test.test-expired.example,cold,1994290,2,False,1788804157.0915103,
bind,expired,test.test-expired.example,cold,1847534,2,False,1788804157.0934463,
bind,expired,test.test-expired.example,cold,1891707,2,False,1788804157.0954723,
bind,expired,test.test-expired.example,cold,2097809,2,False,1788804157.097658,
bind,expired,test.test-expired.example,cold,1646936,2,False,1788804157.0994422,
bind,expired,test.test-expired.example,cold,1572648,2,False,1788804157.101162,
bind,expired,test.test-expired.example,cold,1584046,2,False,1788804157.1028166,
bind,expired,test.test-expired.example,cold,1542877,2,False,1788804157.104413,
bind,expired,test.test-expired.example,cold,1511285,2,False,1788804157.1060894,
bind,expired,test.test-expired.example,cold,1544814,2,False,1788804157.107718,
bind,expired,test.test-expired.example,cold,1577230,2,False,1788804157.1093907,
bind,expired,test.test-expired.example,cold,1889900,2,False,1788804157.1113555,
bind,expired,test.test-expired.example,cold,1841238,2,False,1788804157.1132793,
bind,expired,test.test-expired.example,cold,1474932,2,False,1788804157.1148353,
bind,expired,test.test-expired.example,cold,1584107,2,False,1788804157.1165009,
bind,expired,test.test-expired.example,cold,2143818,2,False,1788804157.1187487,
bind,expired,test.test-expired.example,cold,2223922,2,False,1788804157.1210852,
bind,expired,test.test-expired.example,cold,2273408,2,False,1788804157.1234927,
bind,expired,test.test-expired.example,cold,1644502,2,False,1788804157.125237,
bind,expired,test.test-expired.example,cold,1926948,2,False,1788804157.127239,
bind,expired,test.test-expired.example,cold,1469250,2,False,1788804157.1287985,
bind,expired,test.test-expired.example,cold,1594245,2,False,1788804157.130598,
bind,expired,test.test-expired.example,cold,1444548,2,False,1788804157.1321175,
bind,expired,test.test-expired.example,cold,1537079,2,False,1788804157.1337588,
bind,expired,test.test-expired.example,cold,1688615,2,False,1788804157.1355674,
bind,expired,test.test-expired.example,cold,1519652,2,False,1788804157.137155,
bind,expired,test.test-expired.example,cold,1370430,2,False,1788804157.138685,
bind,expired,test.test-expired.example,cold,1646182,2,False,1788804157.140405,
bind,expired,test.test-expired.example,cold,1370875,2,False,1788804157.1418765,
bind,expired,test.test-expired.example,cold,1868969,2,False,1788804157.1438158,
bind,expired,test.test-expired.example,cold,1402773,2,False,1788804157.1452978,
bind,expired,test.test-expired.example,cold,1402354,2,False,1788804157.1468985,
bind,expired,test.test-expired.example,cold,1323424,2,False,1788804157.1484158,
bind,expired,test.test-expired.example,cold,2289447,2,False,1788804157.1508007,
bind,expired,test.test-expired.example,cold,1413243,2,False,1788804157.1523027,
bind,expired,test.test-expired.example,cold,1450771,2,False,1788804157.1538296,
bind,expired,test.test-expired.example,cold,4886586,2,False,1788804157.1587942,
bind,expired,test.test-expired.example,cold,2530795,2,False,1788804157.1614304,
bind,expired,test.test-expired.example,cold,1340878,2,False,1788804157.1628604,
bind,expired,test.test-expired.example,cold,1780717,2,False,1788804157.1647296,
bind,expired,test.test-expired.example,cold,5902074,2,False,1788804157.1707168,
bind,expired,test.test-expired.example,cold,4468383,2,False,1788804157.1753025,
bind,expired,test.test-expired.example,cold,2537312,2,False,1788804157.177957,
bind,expired,test.test-expired.example,cold,4908715,2,False,1788804157.1829855,
bind,expired,test.test-expired.example,cold,3214367,2,False,1788804157.186507,
bind,expired,test.test-expired.example,cold,8297486,2,False,1788804157.1949594,
bind,expired,test.test-expired.example,cold,10628480,2,False,1788804157.2056866,
bind,expired,test.test-expired.example,cold,2908797,2,False,1788804157.2094545,
bind,expired,test.test-expired.example,cold,1879773,2,False,1788804157.211452,
bind,expired,test.test-expired.example,cold,1825551,2,False,1788804157.2133782,
bind,expired,test.test-expired.example,cold,5399516,2,False,1788804157.2188866,
bind,expired,test.test-expired.example,cold,3816142,2,False,1788804157.222799,
bind,expired,test.test-expired.example,cold,1417845,2,False,1788804157.2243268,
bind,expired,test.test-expired.example,cold,1556698,2,False,1788804157.225981,
bind,expired,test.test-expired.example,cold,1305349,2,False,1788804157.2273974,
bind,expired,test.test-expired.example,cold,1854309,2,False,1788804157.229334,
bind,expired,test.test-expired.example,cold,1483488,2,False,1788804157.2309067,
bind,expired,test.test-expired.example,cold,1705254,2,False,1788804157.232789,
bind,expired,test.test-expired.example,cold,2156245,2,False,1788804157.2351701,
bind,expired,test.test-expired.example,cold,1679310,2,False,1788804157.2369473,
bind,expired,test.test-expired.example,cold,1631304,2,False,1788804157.2386613,
bind,expired,test.test-expired.example,cold,1392680,2,False,1788804157.24016,
bind,expired,test.test-expired.example,cold,1464799,2,False,1788804157.2417102,
bind,expired,test.test-expired.example,cold,1243027,2,False,1788804157.2430303,
bind,expired,test.test-expired.example,cold,1371429,2,False,1788804157.244463,
bind,expired,test.test-expired.example,cold,1473339,2,False,1788804157.2460096,
bind,expired,test.test-expired.example,cold,1530443,2,False,1788804157.2476268,
bind,expired,test.test-expired.example,cold,1431589,2,False,1788804157.2491376,
bind,expired,test.test-expired.example,cold,1468153,2,False,1788804157.2506912,
bind,expired,test.test-expired.example,cold,1665186,2,False,1788804157.2524583,
bind,expired,test.test-expired.example,cold,1563434,2,False,1788804157.254117,
bind,expired,test.test-expired.example,cold,1414593,2,False,1788804157.255595,
bind,expired,test.test-expired.example,cold,1247306,2,False,1788804157.2570174,
bind,expired,test.test-expired.example,cold,1436020,2,False,1788804157.2585652,
bind,expired,test.test-expired.example,cold,1369928,2,False,1788804157.26001,
bind,expired,test.test-expired.example,cold,1169639,2,False,1788804157.2612495,
bind,expired,test.test-expired.example,cold,1429762,2,False,1788804157.2628617,
bind,expired,test.test-expired.example,cold,1324186,2,False,1788804157.2643588,
bind,expired,test.test-expired.example,cold,1282995,2,False,1788804157.265701,
bind,expired,test.test-expired.example,cold,1980393,2,False,1788804157.267768,
bind,expired,test.test-expired.example,cold,1660124,2,False,1788804157.2695248,
bind,expired,test.test-expired.example,cold,1509758,2,False,1788804157.271116,
bind,expired,test.test-expired.example,cold,1424200,2,False,1788804157.272613,
bind,expired,test.test-expired.example,cold,1429344,2,False,1788804157.2741237,
bind,expired,test.test-expired.example,cold,1526420,2,False,1788804157.275729,
bind,expired,test.test-expired.example,cold,1487759,2,False,1788804157.277303,
bind,expired,test.test-expired.example,cold,1507397,2,False,1788804157.2790463,
bind,expired,test.test-expired.example,cold,1427854,2,False,1788804157.2805667,
bind,expired,test.test-expired.example,cold,1440325,2,False,1788804157.282107,
bind,expired,test.test-expired.example,cold,1429167,2,False,1788804157.2836268,
bind,expired,test.test-expired.example,cold,1560066,2,False,1788804157.2852743,
bind,expired,test.test-expired.example,cold,2704783,2,False,1788804157.2880754,
bind,expired,test.test-expired.example,cold,2776589,2,False,1788804157.2909532,
bind,expired,test.test-expired.example,cold,2212970,2,False,1788804157.29327,
bind,expired,test.test-expired.example,cold,1600197,2,False,1788804157.2949736,
bind,expired,test.test-expired.example,cold,1213117,2,False,1788804157.296268,
bind,expired,test.test-expired.example,cold,1931759,2,False,1788804157.2982738,
bind,expired,test.test-expired.example,cold,1474120,2,False,1788804157.299856,
bind,expired,test.test-expired.example,cold,1551396,2,False,1788804157.3014915,
bind,expired,test.test-expired.example,cold,1317576,2,False,1788804157.3028884,
bind,expired,test.test-expired.example,cold,1525596,2,False,1788804157.304487,
bind,expired,test.test-expired.example,cold,1283674,2,False,1788804157.3058429,
bind,expired,test.test-expired.example,cold,1396706,2,False,1788804157.307291,
bind,expired,test.test-expired.example,cold,1232818,2,False,1788804157.3086936,
bind,expired,test.test-expired.example,cold,1361336,2,False,1788804157.3102572,
bind,expired,test.test-expired.example,cold,1592841,2,False,1788804157.3119252,
bind,expired,test.test-expired.example,cold,2714519,2,False,1788804157.3147788,
bind,expired,test.test-expired.example,cold,4530877,2,False,1788804157.3194308,
bind,expired,test.test-expired.example,cold,1674986,2,False,1788804157.3212163,
bind,expired,test.test-expired.example,cold,1682072,2,False,1788804157.3229895,
bind,expired,test.test-expired.example,cold,1392921,2,False,1788804157.3244689,
bind,expired,test.test-expired.example,cold,1429750,2,False,1788804157.3260078,
bind,expired,test.test-expired.example,cold,4547831,2,False,1788804157.33067,
bind,expired,test.test-expired.example,cold,1738261,2,False,1788804157.332531,
bind,expired,test.test-expired.example,cold,1489097,2,False,1788804157.3341124,
bind,expired,test.test-expired.example,cold,1684978,2,False,1788804157.3359578,
bind,expired,test.test-expired.example,cold,1671504,2,False,1788804157.337739,
bind,expired,test.test-expired.example,cold,1966807,2,False,1788804157.3397968,
bind,expired,test.test-expired.example,cold,1753001,2,False,1788804157.3416479,
bind,expired,test.test-expired.example,cold,1651856,2,False,1788804157.343397,
bind,expired,test.test-expired.example,cold,2047792,2,False,1788804157.345535,
bind,expired,test.test-expired.example,cold,1463202,2,False,1788804157.3470774,
bind,expired,test.test-expired.example,cold,3673020,2,False,1788804157.3508167,
bind,expired,test.test-expired.example,cold,1797652,2,False,1788804157.3528368,
bind,expired,test.test-expired.example,cold,1551640,2,False,1788804157.3544772,
bind,expired,test.test-expired.example,cold,1425867,2,False,1788804157.356,
bind,expired,test.test-expired.example,cold,1392147,2,False,1788804157.3574739,
bind,expired,test.test-expired.example,cold,1478532,2,False,1788804157.359036,
bind,expired,test.test-expired.example,cold,2271670,2,False,1788804157.3614137,
bind,expired,test.test-expired.example,cold,2149737,2,False,1788804157.3636677,
bind,expired,test.test-expired.example,cold,1938848,2,False,1788804157.3658078,
bind,expired,test.test-expired.example,cold,1512581,2,False,1788804157.3674114,
bind,expired,test.test-expired.example,cold,1351518,2,False,1788804157.3688436,
bind,expired,test.test-expired.example,cold,1299058,2,False,1788804157.3701994,
bind,expired,test.test-expired.example,cold,1603578,2,False,1788804157.371862,
bind,expired,test.test-expired.example,cold,1374693,2,False,1788804157.3733115,
bind,expired,test.test-expired.example,cold,1416893,2,False,1788804157.3748114,
bind,expired,test.test-expired.example,cold,1408316,2,False,1788804157.3763146,
bind,expired,test.test-expired.example,cold,1445287,2,False,1788804157.3778262,
bind,expired,test.test-expired.example,cold,1381086,2,False,1788804157.3792965,
bind,expired,test.test-expired.example,cold,1231249,2,False,1788804157.3805788,
bind,expired,test.test-expired.example,cold,1550048,2,False,1788804157.3822925,
bind,expired,test.test-expired.example,cold,1300291,2,False,1788804157.3837178,
bind,expired,test.test-expired.example,cold,1395595,2,False,1788804157.3852239,
bind,expired,test.test-expired.example,cold,1390273,2,False,1788804157.3866878,
bind,expired,test.test-expired.example,cold,1412812,2,False,1788804157.388197,
bind,expired,test.test-expired.example,cold,1483436,2,False,1788804157.389777,
bind,expired,test.test-expired.example,cold,2091041,2,False,1788804157.391948,
bind,expired,test.test-expired.example,cold,6936123,2,False,1788804157.398988,
bind,expired,test.test-expired.example,cold,2312828,2,False,1788804157.40145,
bind,expired,test.test-expired.example,cold,5000492,2,False,1788804157.406947,
bind,expired,test.test-expired.example,cold,5741463,2,False,1788804157.4128702,
bind,expired,test.test-expired.example,cold,2249593,2,False,1788804157.4152586,
bind,expired,test.test-expired.example,cold,2661146,2,False,1788804157.4180894,
bind,expired,test.test-expired.example,cold,13083026,2,False,1788804157.431335,
bind,expired,test.test-expired.example,cold,3222324,2,False,1788804157.4347436,
bind,expired,test.test-expired.example,cold,10692439,2,False,1788804157.445622,
bind,expired,test.test-expired.example,cold,3622461,2,False,1788804157.4494884,
bind,expired,test.test-expired.example,cold,1902939,2,False,1788804157.4515336,
bind,expired,test.test-expired.example,cold,1639828,2,False,1788804157.4532843,
bind,expired,test.test-expired.example,cold,3313350,2,False,1788804157.456706,
bind,expired,test.test-expired.example,cold,3931643,2,False,1788804157.4607823,
bind,expired,test.test-expired.example,cold,3330272,2,False,1788804157.4643753,
bind,expired,test.test-expired.example,cold,2268055,2,False,1788804157.4670124,
bind,expired,test.test-expired.example,cold,3055030,2,False,1788804157.470167,
bind,expired,test.test-expired.example,cold,2574504,2,False,1788804157.4734395,
bind,expired,test.test-expired.example,cold,6633974,2,False,1788804157.4802637,
bind,expired,test.test-expired.example,cold,2231615,2,False,1788804157.4826372,
bind,expired,test.test-expired.example,cold,2216515,2,False,1788804157.484944,
bind,expired,test.test-expired.example,cold,1775073,2,False,1788804157.4868088,
bind,expired,test.test-expired.example,cold,1618295,2,False,1788804157.488532,
bind,expired,test.test-expired.example,cold,1509249,2,False,1788804157.4901164,
bind,expired,test.test-expired.example,cold,1670968,2,False,1788804157.4918613,
bind,expired,test.test-expired.example,cold,1607064,2,False,1788804157.4935486,
bind,expired,test.test-expired.example,cold,1606830,2,False,1788804157.4952385,
bind,expired,test.test-expired.example,cold,1749020,2,False,1788804157.4970636,
bind,expired,test.test-expired.example,cold,1601283,2,False,1788804157.4987702,
bind,expired,test.test-expired.example,cold,1742706,2,False,1788804157.5006015,
bind,expired,test.test-expired.example,cold,1597238,2,False,1788804157.5022879,
bind,expired,test.test-expired.example,cold,1396749,2,False,1788804157.5037827,
bind,expired,test.test-expired.example,cold,2025638,2,False,1788804157.5059397,
bind,expired,test.test-expired.example,cold,1583311,2,False,1788804157.5076,
bind,expired,test.test-expired.example,cold,1456300,2,False,1788804157.509145,
bind,expired,test.test-expired.example,cold,1515460,2,False,1788804157.5107355,
bind,expired,test.test-expired.example,cold,1532726,2,False,1788804157.5123584,
bind,expired,test.test-expired.example,cold,1543724,2,False,1788804157.513953,
bind,expired,test.test-expired.example,cold,4476222,2,False,1788804157.5185447,
bind,expired,test.test-expired.example,cold,2362567,2,False,1788804157.5210614,
bind,expired,test.test-expired.example,cold,1740026,2,False,1788804157.5228865,
bind,expired,test.test-expired.example,cold,2336024,2,False,1788804157.525347,
bind,expired,test.test-expired.example,cold,2016810,2,False,1788804157.5274804,
bind,expired,test.test-expired.example,cold,1474585,2,False,1788804157.5290427,
bind,expired,test.test-expired.example,cold,1345869,2,False,1788804157.530458,
bind,expired,test.test-expired.example,cold,1779756,2,False,1788804157.5323102,
bind,expired,test.test-expired.example,cold,1732558,2,False,1788804157.5341284,
bind,expired,test.test-expired.example,cold,1699877,2,False,1788804157.5359201,
bind,expired,test.test-expired.example,cold,1525233,2,False,1788804157.5376542,
bind,expired,test.test-expired.example,cold,1462806,2,False,1788804157.5391977,
bind,expired,test.test-expired.example,cold,2339698,2,False,1788804157.5417454,
bind,expired,test.test-expired.example,cold,5584588,2,False,1788804157.5477288,
bind,expired,test.test-expired.example,cold,2614035,2,False,1788804157.5505905,
bind,expired,test.test-expired.example,cold,1568526,2,False,1788804157.552382,
bind,expired,test.test-expired.example,cold,1510268,2,False,1788804157.5539863,
bind,expired,test.test-expired.example,cold,1598942,2,False,1788804157.5556576,
bind,expired,test.test-expired.example,cold,1296659,2,False,1788804157.557029,
bind,expired,test.test-expired.example,cold,1504129,2,False,1788804157.5586681,
bind,expired,test.test-expired.example,cold,1212179,2,False,1788804157.5599444,
bind,expired,test.test-expired.example,cold,1357843,2,False,1788804157.5613594,
bind,expired,test.test-expired.example,cold,1305950,2,False,1788804157.5627244,
bind,expired,test.test-expired.example,cold,1919332,2,False,1788804157.5647151,
bind,expired,test.test-expired.example,cold,1393567,2,False,1788804157.566204,
bind,expired,test.test-expired.example,cold,1705490,2,False,1788804157.567993,
bind,expired,test.test-expired.example,cold,1406202,2,False,1788804157.5694823,
bind,expired,test.test-expired.example,cold,1680433,2,False,1788804157.57126,
bind,expired,test.test-expired.example,cold,1755517,2,False,1788804157.57311,
bind,expired,test.test-expired.example,cold,1706326,2,False,1788804157.5749123,
bind,expired,test.test-expired.example,cold,1408516,2,False,1788804157.576414,
bind,expired,test.test-expired.example,cold,1454953,2,False,1788804157.5779457,
bind,expired,test.test-expired.example,cold,1838530,2,False,1788804157.5798624,
bind,expired,test.test-expired.example,cold,1451046,2,False,1788804157.581385,
bind,expired,test.test-expired.example,cold,1580553,2,False,1788804157.583067,
bind,expired,test.test-expired.example,cold,1424052,2,False,1788804157.5845897,
bind,expired,test.test-expired.example,cold,1366655,2,False,1788804157.5860436,
bind,expired,test.test-expired.example,cold,1293449,2,False,1788804157.5874162,
bind,expired,test.test-expired.example,cold,1259688,2,False,1788804157.5887523,
bind,expired,test.test-expired.example,cold,1764469,2,False,1788804157.5905874,
bind,expired,test.test-expired.example,cold,3104696,2,False,1788804157.593778,
bind,expired,test.test-expired.example,cold,2001802,2,False,1788804157.595875,
bind,expired,test.test-expired.example,cold,4404583,2,False,1788804157.600374,
bind,expired,test.test-expired.example,cold,1428716,2,False,1788804157.6019163,
bind,expired,test.test-expired.example,cold,1667365,2,False,1788804157.603697,
bind,expired,test.test-expired.example,cold,1556192,2,False,1788804157.6053665,
bind,expired,test.test-expired.example,cold,1906669,2,False,1788804157.6073751,
bind,expired,test.test-expired.example,cold,1371986,2,False,1788804157.6088393,
bind,expired,test.test-expired.example,cold,1801902,2,False,1788804157.6107323,
bind,expired,test.test-expired.example,cold,2322648,2,False,1788804157.6131415,
bind,expired,test.test-expired.example,cold,1919061,2,False,1788804157.615175,
bind,expired,test.test-expired.example,cold,1311417,2,False,1788804157.6165807,
bind,expired,test.test-expired.example,cold,1497061,2,False,1788804157.6181872,
bind,expired,test.test-expired.example,cold,1384409,2,False,1788804157.6196442,
bind,expired,test.test-expired.example,cold,1331632,2,False,1788804157.6210272,
bind,expired,test.test-expired.example,cold,1352108,2,False,1788804157.6224458,
bind,expired,test.test-expired.example,cold,4277228,2,False,1788804157.6268108,
bind,expired,test.test-expired.example,cold,5573011,2,False,1788804157.6325674,
bind,expired,test.test-expired.example,cold,3002174,2,False,1788804157.6357195,
bind,expired,test.test-expired.example,cold,3049562,2,False,1788804157.6389112,
bind,expired,test.test-expired.example,cold,1972301,2,False,1788804157.6410117,
bind,expired,test.test-expired.example,cold,8127987,2,False,1788804157.649225,
bind,expired,test.test-expired.example,cold,3636267,2,False,1788804157.6530774,
bind,expired,test.test-expired.example,cold,1680189,2,False,1788804157.654876,
bind,expired,test.test-expired.example,cold,1528386,2,False,1788804157.656636,
bind,expired,test.test-expired.example,cold,1767157,2,False,1788804157.6584828,
bind,expired,test.test-expired.example,cold,1458420,2,False,1788804157.6600327,
bind,expired,test.test-expired.example,cold,1298117,2,False,1788804157.6614134,
bind,expired,test.test-expired.example,cold,1579711,2,False,1788804157.6630635,
bind,expired,test.test-expired.example,cold,1230924,2,False,1788804157.6643782,
bind,expired,test.test-expired.example,cold,1498823,2,False,1788804157.6659687,
bind,expired,test.test-expired.example,cold,1501045,2,False,1788804157.667547,
bind,expired,test.test-expired.example,cold,1400408,2,False,1788804157.669026,
bind,expired,test.test-expired.example,cold,1322527,2,False,1788804157.6705267,
bind,expired,test.test-expired.example,cold,5323880,2,False,1788804157.6759288,
bind,expired,test.test-expired.example,cold,1951229,2,False,1788804157.6800938,
bind,expired,test.test-expired.example,cold,1922803,2,False,1788804157.6841106,
bind,expired,test.test-expired.example,cold,1209608,2,False,1788804157.685397,
bind,expired,test.test-expired.example,cold,2013785,2,False,1788804157.68756,
bind,expired,test.test-expired.example,cold,2217912,2,False,1788804157.689964,
bind,expired,test.test-expired.example,cold,1535976,2,False,1788804157.6916125,
bind,expired,test.test-expired.example,cold,1441260,2,False,1788804157.6932592,
bind,expired,test.test-expired.example,cold,1547525,2,False,1788804157.6949518,
bind,expired,test.test-expired.example,cold,1468940,2,False,1788804157.6965227,
bind,expired,test.test-expired.example,cold,1602358,2,False,1788804157.698282,
bind,expired,test.test-expired.example,cold,1568145,2,False,1788804157.6999586,
bind,expired,test.test-expired.example,cold,1533415,2,False,1788804157.7016718,
bind,expired,test.test-expired.example,cold,1608007,2,False,1788804157.7033637,
bind,expired,test.test-expired.example,cold,2492927,2,False,1788804157.7059455,
bind,expired,test.test-expired.example,cold,2473244,2,False,1788804157.7085602,
bind,expired,test.test-expired.example,cold,2568397,2,False,1788804157.711242,
bind,expired,test.test-expired.example,cold,1986033,2,False,1788804157.7133176,
bind,expired,test.test-expired.example,cold,1561335,2,False,1788804157.7149758,
bind,expired,test.test-expired.example,cold,6048366,2,False,1788804157.7211573,
bind,expired,test.test-expired.example,cold,2400215,2,False,1788804157.72367,
bind,expired,test.test-expired.example,cold,1462197,2,False,1788804157.7252994,
bind,expired,test.test-expired.example,cold,1757667,2,False,1788804157.7271345,
bind,expired,test.test-expired.example,cold,1387379,2,False,1788804157.728602,
bind,expired,test.test-expired.example,cold,1338314,2,False,1788804157.7300203,
bind,expired,test.test-expired.example,cold,1159280,2,False,1788804157.731254,
bind,expired,test.test-expired.example,cold,1591994,2,False,1788804157.7329118,
bind,expired,test.test-expired.example,cold,1725692,2,False,1788804157.7347422,
bind,expired,test.test-expired.example,cold,2009965,2,False,1788804157.736854,
bind,expired,test.test-expired.example,cold,1366566,2,False,1788804157.7383823,
bind,expired,test.test-expired.example,cold,1627035,2,False,1788804157.740091,
bind,expired,test.test-expired.example,cold,1434879,2,False,1788804157.7416182,
bind,expired,test.test-expired.example,cold,1422875,2,False,1788804157.7431457,
bind,expired,test.test-expired.example,cold,1431884,2,False,1788804157.7446525,
bind,expired,test.test-expired.example,cold,2060096,2,False,1788804157.7467964,
bind,expired,test.test-expired.example,cold,1376436,2,False,1788804157.7483218,
bind,expired,test.test-expired.example,cold,1400850,2,False,1788804157.7498236,
bind,expired,test.test-expired.example,cold,1715723,2,False,1788804157.7516334,
bind,expired,test.test-expired.example,cold,1573758,2,False,1788804157.7532892,
bind,expired,test.test-expired.example,cold,1435407,2,False,1788804157.7548048,
bind,expired,test.test-expired.example,cold,1569711,2,False,1788804157.7564497,
bind,expired,test.test-expired.example,cold,1584573,2,False,1788804157.7581215,
bind,expired,test.test-expired.example,cold,1564656,2,False,1788804157.7597866,
bind,expired,test.test-expired.example,cold,1498395,2,False,1788804157.761375,
bind,expired,test.test-expired.example,cold,1670448,2,False,1788804157.7631269,
bind,expired,test.test-expired.example,cold,2787195,2,False,1788804157.765993,
bind,expired,test.test-expired.example,cold,3829222,2,False,1788804157.7699108,
bind,expired,test.test-expired.example,cold,1689561,2,False,1788804157.7717223,
bind,expired,test.test-expired.example,cold,1363962,2,False,1788804157.7731793,
bind,expired,test.test-expired.example,cold,1347515,2,False,1788804157.774611,
bind,expired,test.test-expired.example,cold,1233139,2,False,1788804157.775925,
bind,expired,test.test-expired.example,cold,1173339,2,False,1788804157.7771742,
bind,expired,test.test-expired.example,cold,1181815,2,False,1788804157.7784276,
bind,expired,test.test-expired.example,cold,1451309,2,False,1788804157.7799406,
bind,expired,test.test-expired.example,cold,1357914,2,False,1788804157.7814693,
bind,expired,test.test-expired.example,cold,2254577,2,False,1788804157.7838213,
bind,expired,test.test-expired.example,cold,1928758,2,False,1788804157.7858374,
bind,expired,test.test-expired.example,cold,1532997,2,False,1788804157.7874465,
bind,expired,test.test-expired.example,cold,1487026,2,False,1788804157.7890444,
bind,expired,test.test-expired.example,cold,1310034,2,False,1788804157.7904487,
bind,expired,test.test-expired.example,cold,1320127,2,False,1788804157.7918546,
bind,expired,test.test-expired.example,cold,1134172,2,False,1788804157.7930748,
bind,expired,test.test-expired.example,cold,1382825,2,False,1788804157.7945457,
bind,expired,test.test-expired.example,cold,1741044,2,False,1788804157.796391,
bind,expired,test.test-expired.example,cold,3453599,2,False,1788804157.7999218,
bind,expired,test.test-expired.example,cold,1759439,2,False,1788804157.8017986,
bind,expired,test.test-expired.example,cold,4795399,2,False,1788804157.806677,
bind,expired,test.test-expired.example,cold,1761587,2,False,1788804157.8085346,
bind,expired,test.test-expired.example,cold,1805643,2,False,1788804157.810539,
bind,expired,test.test-expired.example,cold,2195751,2,False,1788804157.8128335,
bind,expired,test.test-expired.example,cold,1970913,2,False,1788804157.8148916,
bind,expired,test.test-expired.example,cold,1521904,2,False,1788804157.8165174,
bind,expired,test.test-expired.example,cold,1557869,2,False,1788804157.8181849,
bind,expired,test.test-expired.example,cold,1649866,2,False,1788804157.8199177,
bind,expired,test.test-expired.example,cold,1387753,2,False,1788804157.8214839,
bind,expired,test.test-expired.example,cold,1552411,2,False,1788804157.8232226,
bind,expired,test.test-expired.example,cold,2159514,2,False,1788804157.8254657,
bind,expired,test.test-expired.example,cold,1788236,2,False,1788804157.827347,
bind,expired,test.test-expired.example,cold,1344403,2,False,1788804157.8288317,
bind,expired,test.test-expired.example,cold,1643818,2,False,1788804157.8306904,
bind,expired,test.test-expired.example,cold,1622629,2,False,1788804157.8323922,
bind,expired,test.test-expired.example,cold,1470011,2,False,1788804157.8339584,
bind,expired,test.test-expired.example,cold,1314144,2,False,1788804157.835355,
bind,expired,test.test-expired.example,cold,1616201,2,False,1788804157.8370686,
bind,expired,test.test-expired.example,cold,4608400,2,False,1788804157.8417668,
bind,expired,test.test-expired.example,cold,1384184,2,False,1788804157.8432481,
bind,expired,test.test-expired.example,cold,2827673,2,False,1788804157.846156,
bind,expired,test.test-expired.example,cold,1696024,2,False,1788804157.847959,
bind,expired,test.test-expired.example,cold,1300956,2,False,1788804157.8493483,
bind,expired,test.test-expired.example,cold,1544088,2,False,1788804157.8509767,
bind,expired,test.test-expired.example,cold,1643761,2,False,1788804157.8527653,
bind,expired,test.test-expired.example,cold,1664805,2,False,1788804157.8545182,
bind,expired,test.test-expired.example,cold,1381361,2,False,1788804157.8559718,
bind,expired,test.test-expired.example,cold,1213681,2,False,1788804157.8573644,
bind,expired,test.test-expired.example,cold,1317847,2,False,1788804157.8587508,
bind,expired,test.test-expired.example,cold,1404337,2,False,1788804157.8602104,
bind,expired,test.test-expired.example,cold,1484474,2,False,1788804157.8617773,
bind,expired,test.test-expired.example,cold,1466263,2,False,1788804157.8634207,
bind,expired,test.test-expired.example,cold,1528580,2,False,1788804157.8650298,
bind,expired,test.test-expired.example,cold,1323958,2,False,1788804157.8664348,
bind,expired,test.test-expired.example,cold,1464798,2,False,1788804157.8681211,
bind,expired,test.test-expired.example,cold,1386721,2,False,1788804157.869581,
bind,expired,test.test-expired.example,cold,1325572,2,False,1788804157.8709798,
bind,expired,test.test-expired.example,cold,1351368,2,False,1788804157.8724003,
bind,expired,test.test-expired.example,cold,1358404,2,False,1788804157.8738148,
bind,expired,test.test-expired.example,cold,1301550,2,False,1788804157.875198,
bind,expired,test.test-expired.example,cold,6006584,2,False,1788804157.8812826,
bind,expired,test.test-expired.example,cold,1524165,2,False,1788804157.8829129,
bind,expired,test.test-expired.example,cold,1446183,2,False,1788804157.8845243,
bind,expired,test.test-expired.example,cold,1273068,2,False,1788804157.885869,
bind,expired,test.test-expired.example,cold,1442647,2,False,1788804157.887496,
bind,expired,test.test-expired.example,cold,1274869,2,False,1788804157.888853,
bind,expired,test.test-expired.example,cold,1276994,2,False,1788804157.890289,
bind,expired,test.test-expired.example,cold,1378971,2,False,1788804157.891761,
bind,expired,test.test-expired.example,cold,1647894,2,False,1788804157.893491,
bind,expired,test.test-expired.example,cold,1767462,2,False,1788804157.8954723,
bind,expired,test.test-expired.example,cold,1647386,2,False,1788804157.8972075,
bind,expired,test.test-expired.example,cold,1894185,2,False,1788804157.8991814,
bind,expired,test.test-expired.example,cold,1603725,2,False,1788804157.9008822,
bind,expired,test.test-expired.example,cold,1552009,2,False,1788804157.9025366,
bind,expired,test.test-expired.example,cold,1398285,2,False,1788804157.9041278,
bind,expired,test.test-expired.example,cold,1455063,2,False,1788804157.905782,
bind,expired,test.test-expired.example,cold,1356944,2,False,1788804157.907213,
bind,expired,test.test-expired.example,cold,1326936,2,False,1788804157.9086156,
bind,expired,test.test-expired.example,cold,1268259,2,False,1788804157.9100413,
bind,expired,test.test-expired.example,cold,1546170,2,False,1788804157.9116628,
bind,expired,test.test-expired.example,cold,1547322,2,False,1788804157.9132931,
bind,expired,test.test-expired.example,cold,1889747,2,False,1788804157.9153516,
bind,expired,test.test-expired.example,cold,7343607,2,False,1788804157.9227815,
bind,expired,test.test-expired.example,cold,3319132,2,False,1788804157.9262195,
bind,expired,test.test-expired.example,cold,1925674,2,False,1788804157.928341,
bind,expired,test.test-expired.example,cold,1557310,2,False,1788804157.929997,
bind,expired,test.test-expired.example,cold,1704891,2,False,1788804157.9317908,
bind,expired,test.test-expired.example,cold,2206345,2,False,1788804157.9340808,
bind,expired,test.test-expired.example,cold,1552464,2,False,1788804157.935836,
bind,expired,test.test-expired.example,cold,1302553,2,False,1788804157.9372177,
bind,expired,test.test-expired.example,cold,2212926,2,False,1788804157.9395175,
bind,expired,test.test-expired.example,cold,1667030,2,False,1788804157.9413133,
bind,expired,test.test-expired.example,cold,1610435,2,False,1788804157.943003,
bind,expired,test.test-expired.example,cold,1577504,2,False,1788804157.9446585,
bind,expired,test.test-expired.example,cold,1511463,2,False,1788804157.94625,
bind,expired,test.test-expired.example,cold,1499181,2,False,1788804157.9478228,
bind,expired,test.test-expired.example,cold,1667831,2,False,1788804157.9495661,
bind,expired,test.test-expired.example,cold,1544218,2,False,1788804157.9511867,
bind,expired,test.test-expired.example,cold,1249782,2,False,1788804157.9525104,
bind,expired,test.test-expired.example,cold,1459369,2,False,1788804157.9540403,
bind,expired,test.test-expired.example,cold,1468594,2,False,1788804157.9555793,
bind,expired,test.test-expired.example,cold,1768785,2,False,1788804157.9574242,
bind,expired,test.test-expired.example,cold,1732582,2,False,1788804157.9592478,
bind,expired,test.test-expired.example,cold,1940621,2,False,1788804157.9612863,
bind,expired,test.test-expired.example,cold,1335648,2,False,1788804157.962716,
bind,expired,test.test-expired.example,cold,1510495,2,False,1788804157.9643059,
bind,expired,test.test-expired.example,cold,1450618,2,False,1788804157.9659648,
bind,expired,test.test-expired.example,cold,1291256,2,False,1788804157.9673326,
bind,expired,test.test-expired.example,cold,1413712,2,False,1788804157.9688256,
bind,expired,test.test-expired.example,cold,1369426,2,False,1788804157.9702792,
bind,expired,test.test-expired.example,cold,7222084,2,False,1788804157.978175,
bind,expired,test.test-expired.example,cold,5209909,2,False,1788804157.9834907,
bind,expired,test.test-expired.example,cold,2066139,2,False,1788804157.9856772,
bind,expired,test.test-expired.example,cold,2475974,2,False,1788804157.9882376,
bind,expired,test.test-expired.example,cold,1388662,2,False,1788804157.989821,
bind,expired,test.test-expired.example,cold,1576966,2,False,1788804157.9914782,
bind,expired,test.test-expired.example,cold,1291190,2,False,1788804157.9928439,
bind,expired,test.test-expired.example,cold,1383255,2,False,1788804157.9943068,
bind,expired,test.test-expired.example,cold,1300863,2,False,1788804157.9957168,
bind,expired,test.test-expired.example,cold,1572775,2,False,1788804157.9974267,
bind,expired,test.test-expired.example,cold,1480103,2,False,1788804157.9989886,
bind,expired,test.test-expired.example,cold,1368679,2,False,1788804158.0004475,
bind,expired,test.test-expired.example,cold,1232281,2,False,1788804158.001758,
bind,expired,test.test-expired.example,cold,1453689,2,False,1788804158.003287,
bind,expired,test.test-expired.example,cold,1642604,2,False,1788804158.0050955,
bind,expired,test.test-expired.example,cold,1347141,2,False,1788804158.0065286,
bind,expired,test.test-expired.example,cold,1634282,2,False,1788804158.008234,
bind,expired,test.test-expired.example,cold,1412637,2,False,1788804158.0097218,
bind,expired,test.test-expired.example,cold,1553550,2,False,1788804158.0114236,
bind,expired,test.test-expired.example,cold,1474304,2,False,1788804158.0129778,
bind,expired,test.test-expired.example,cold,1509422,2,False,1788804158.0145566,
bind,expired,test.test-expired.example,cold,1442305,2,False,1788804158.0165844,
bind,expired,test.test-expired.example,cold,1395684,2,False,1788804158.0180607,
bind,expired,test.test-expired.example,cold,2292952,2,False,1788804158.0204568,
bind,expired,test.test-expired.example,cold,1660581,2,False,1788804158.0223098,
bind,expired,test.test-expired.example,cold,1773844,2,False,1788804158.024383,
bind,expired,test.test-expired.example,cold,1549724,2,False,1788804158.0260363,
bind,expired,test.test-expired.example,cold,1515270,2,False,1788804158.0276399,
bind,expired,test.test-expired.example,cold,1660011,2,False,1788804158.0294418,
bind,expired,test.test-expired.example,cold,2139954,2,False,1788804158.031692,
bind,expired,test.test-expired.example,cold,1725931,2,False,1788804158.0335119,
bind,expired,test.test-expired.example,cold,5386810,2,False,1788804158.0390613,
bind,expired,test.test-expired.example,cold,2484572,2,False,1788804158.0416627,
bind,expired,test.test-expired.example,cold,2398814,2,False,1788804158.0441642,
bind,expired,test.test-expired.example,cold,1913089,2,False,1788804158.0461836,
bind,expired,test.test-expired.example,cold,1663681,2,False,1788804158.048073,
bind,expired,test.test-expired.example,cold,1446998,2,False,1788804158.0495996,
bind,expired,test.test-expired.example,cold,2010180,2,False,1788804158.0516915,
bind,expired,test.test-expired.example,cold,1402422,2,False,1788804158.0532875,
bind,expired,test.test-expired.example,cold,1467450,2,False,1788804158.0549405,
bind,expired,test.test-expired.example,cold,1478992,2,False,1788804158.0565012,
bind,expired,test.test-expired.example,cold,2874773,2,False,1788804158.0594568,
bind,expired,test.test-expired.example,cold,1551422,2,False,1788804158.0610852,
bind,expired,test.test-expired.example,cold,1401282,2,False,1788804158.0625427,
bind,expired,test.test-expired.example,cold,1540146,2,False,1788804158.064165,
bind,expired,test.test-expired.example,cold,1508023,2,False,1788804158.0657587,
bind,expired,test.test-expired.example,cold,1448003,2,False,1788804158.067286,
bind,expired,test.test-expired.example,cold,1322001,2,False,1788804158.0686865,
bind,expired,test.test-expired.example,cold,1379485,2,False,1788804158.0701466,
bind,expired,test.test-expired.example,cold,1434633,2,False,1788804158.0716567,
bind,expired,test.test-expired.example,cold,1464005,2,False,1788804158.073196,
bind,expired,test.test-expired.example,cold,1198139,2,False,1788804158.0744693,
bind,expired,test.test-expired.example,cold,1380471,2,False,1788804158.075927,
bind,expired,test.test-expired.example,cold,1229412,2,False,1788804158.0772254,
bind,expired,test.test-expired.example,cold,2393678,2,False,1788804158.0796907,
bind,expired,test.test-expired.example,cold,2117295,2,False,1788804158.0819178,
bind,expired,test.test-expired.example,cold,1890195,2,False,1788804158.0839055,
bind,expired,test.test-expired.example,cold,1525295,2,False,1788804158.0855172,
bind,expired,test.test-expired.example,cold,1246719,2,False,1788804158.0868444,
bind,expired,test.test-expired.example,cold,1368423,2,False,1788804158.0882983,
bind,expired,test.test-expired.example,cold,1973690,2,False,1788804158.090375,
bind,expired,test.test-expired.example,cold,4157653,2,False,1788804158.0946395,
bind,expired,test.test-expired.example,cold,2095043,2,False,1788804158.0968635,
bind,expired,test.test-expired.example,cold,1681996,2,False,1788804158.0986402,
bind,expired,test.test-expired.example,cold,1517786,2,False,1788804158.1002448,
bind,expired,test.test-expired.example,cold,1680495,2,False,1788804158.1020133,
bind,expired,test.test-expired.example,cold,1571795,2,False,1788804158.1036615,
bind,expired,test.test-expired.example,cold,1565525,2,False,1788804158.1054142,
bind,expired,test.test-expired.example,cold,1425121,2,False,1788804158.1069283,
bind,expired,test.test-expired.example,cold,1424387,2,False,1788804158.1085148,
bind,expired,test.test-expired.example,cold,1310526,2,False,1788804158.1098995,
bind,expired,test.test-expired.example,cold,1308712,2,False,1788804158.1112828,
bind,expired,test.test-expired.example,cold,1814236,2,False,1788804158.11331,
bind,expired,test.test-expired.example,cold,1521264,2,False,1788804158.1149018,
bind,expired,test.test-expired.example,cold,3800414,2,False,1788804158.1187878,
bind,expired,test.test-expired.example,cold,2371593,2,False,1788804158.1212842,
bind,expired,test.test-expired.example,cold,1895099,2,False,1788804158.1233704,
bind,expired,test.test-expired.example,cold,1436739,2,False,1788804158.1248941,
bind,expired,test.test-expired.example,cold,1384879,2,False,1788804158.126373,
bind,expired,test.test-expired.example,cold,1526506,2,False,1788804158.1279736,
bind,expired,test.test-expired.example,cold,1533394,2,False,1788804158.1295893,
bind,expired,test.test-expired.example,cold,4786468,2,False,1788804158.1344914,
bind,expired,test.test-expired.example,cold,1798742,2,False,1788804158.1364148,
bind,expired,test.test-expired.example,cold,1916646,2,False,1788804158.1384,
bind,expired,test.test-expired.example,cold,1824482,2,False,1788804158.1404417,
bind,expired,test.test-expired.example,cold,1440565,2,False,1788804158.1419604,
bind,expired,test.test-expired.example,cold,1930284,2,False,1788804158.143969,
bind,expired,test.test-expired.example,cold,1575427,2,False,1788804158.1457515,
bind,expired,test.test-expired.example,cold,1788985,2,False,1788804158.1476214,
bind,expired,test.test-expired.example,cold,1776632,2,False,1788804158.1494715,
bind,expired,test.test-expired.example,cold,1702284,2,False,1788804158.1512516,
bind,expired,test.test-expired.example,cold,1538727,2,False,1788804158.152873,
bind,expired,test.test-expired.example,cold,1521496,2,False,1788804158.154471,
bind,expired,test.test-expired.example,cold,1523918,2,False,1788804158.1560745,
bind,expired,test.test-expired.example,cold,1636319,2,False,1788804158.157799,
bind,expired,test.test-expired.example,cold,5702685,2,False,1788804158.1635838,
bind,expired,test.test-expired.example,cold,3357848,2,False,1788804158.1670475,
bind,expired,test.test-expired.example,cold,4417722,2,False,1788804158.1715648,
bind,expired,test.test-expired.example,cold,1951679,2,False,1788804158.1736124,
bind,expired,test.test-expired.example,cold,1737527,2,False,1788804158.175592,
bind,expired,test.test-expired.example,cold,1632825,2,False,1788804158.177313,
bind,expired,test.test-expired.example,cold,1468795,2,False,1788804158.1788611,
bind,expired,test.test-expired.example,cold,1435503,2,False,1788804158.1804461,
bind,expired,test.test-expired.example,cold,1607222,2,False,1788804158.182147,
bind,expired,test.test-expired.example,cold,1616208,2,False,1788804158.1838384,
bind,expired,test.test-expired.example,cold,1317554,2,False,1788804158.1852314,
bind,expired,test.test-expired.example,cold,2355773,2,False,1788804158.1876657,
bind,expired,test.test-expired.example,cold,1559415,2,False,1788804158.1893108,
bind,expired,test.test-expired.example,cold,1365132,2,False,1788804158.1907678,
bind,expired,test.test-expired.example,cold,1828205,2,False,1788804158.1926713,
bind,expired,test.test-expired.example,cold,1656647,2,False,1788804158.1944103,
bind,expired,test.test-expired.example,cold,4310426,2,False,1788804158.1988072,
bind,expired,test.test-expired.example,cold,1913878,2,False,1788804158.2008226,
bind,expired,test.test-expired.example,cold,1547305,2,False,1788804158.2024646,
bind,expired,test.test-expired.example,cold,1637725,2,False,1788804158.2042136,
bind,expired,test.test-expired.example,cold,1357119,2,False,1788804158.2056546,
bind,expired,test.test-expired.example,cold,2092163,2,False,1788804158.2078314,
bind,expired,test.test-expired.example,cold,1615347,2,False,1788804158.20954,
bind,expired,test.test-expired.example,cold,1968697,2,False,1788804158.21159,
bind,expired,test.test-expired.example,cold,2979393,2,False,1788804158.214663,
bind,expired,test.test-expired.example,cold,1901701,2,False,1788804158.2166593,
bind,expired,test.test-expired.example,cold,1844607,2,False,1788804158.2186012,
bind,expired,test.test-expired.example,cold,2109714,2,False,1788804158.2208028,
bind,expired,test.test-expired.example,cold,2447959,2,False,1788804158.2233586,
bind,expired,test.test-expired.example,cold,2754612,2,False,1788804158.2262335,
bind,expired,test.test-expired.example,cold,2957951,2,False,1788804158.229336,
bind,expired,test.test-expired.example,cold,2366364,2,False,1788804158.231808,
bind,expired,test.test-expired.example,cold,1955229,2,False,1788804158.2339618,
bind,expired,test.test-expired.example,cold,1642192,2,False,1788804158.2357848,
bind,expired,test.test-expired.example,cold,1362942,2,False,1788804158.2372448,
bind,expired,test.test-expired.example,cold,2317512,2,False,1788804158.2396433,
bind,expired,test.test-expired.example,cold,2915933,2,False,1788804158.2426524,
bind,expired,test.test-expired.example,cold,4732174,2,False,1788804158.2474885,
bind,expired,test.test-expired.example,cold,4282855,2,False,1788804158.2519038,
bind,expired,test.test-expired.example,cold,6068540,2,False,1788804158.2581427,
bind,expired,test.test-expired.example,cold,2079005,2,False,1788804158.2604067,
bind,expired,test.test-expired.example,cold,1757161,2,False,1788804158.2624428,
bind,expired,test.test-expired.example,cold,1506332,2,False,1788804158.2640197,
bind,expired,test.test-expired.example,cold,1329333,2,False,1788804158.2654488,
bind,expired,test.test-expired.example,cold,1558731,2,False,1788804158.267068,
bind,expired,test.test-expired.example,cold,1447804,2,False,1788804158.2685933,
bind,expired,test.test-expired.example,cold,1929330,2,False,1788804158.2706022,
bind,expired,test.test-expired.example,cold,1602365,2,False,1788804158.272286,
bind,expired,test.test-expired.example,cold,1571349,2,False,1788804158.2739148,
bind,expired,test.test-expired.example,cold,1249899,2,False,1788804158.2752273,
bind,expired,test.test-expired.example,cold,1749621,2,False,1788804158.277058,
bind,expired,test.test-expired.example,cold,1358331,2,False,1788804158.278502,
bind,expired,test.test-expired.example,cold,1269547,2,False,1788804158.2798512,
bind,expired,test.test-expired.example,cold,1172269,2,False,1788804158.2811024,
bind,expired,test.test-expired.example,cold,1260235,2,False,1788804158.2824435,
bind,expired,test.test-expired.example,cold,1219601,2,False,1788804158.2837553,
bind,expired,test.test-expired.example,cold,1166499,2,False,1788804158.2849984,
bind,expired,test.test-expired.example,cold,1625911,2,False,1788804158.2867036,
bind,expired,test.test-expired.example,cold,1235101,2,False,1788804158.288029,
bind,expired,test.test-expired.example,cold,1272628,2,False,1788804158.289377,
bind,expired,test.test-expired.example,cold,6474331,2,False,1788804158.295931,
bind,expired,test.test-expired.example,cold,1778147,2,False,1788804158.2978182,
bind,expired,test.test-expired.example,cold,1716613,2,False,1788804158.299654,
bind,expired,test.test-expired.example,cold,1480892,2,False,1788804158.3012445,
bind,expired,test.test-expired.example,cold,1221529,2,False,1788804158.3025472,
bind,expired,test.test-expired.example,cold,1512421,2,False,1788804158.304195,
bind,expired,test.test-expired.example,cold,1431321,2,False,1788804158.3057146,
bind,expired,test.test-expired.example,cold,1406095,2,False,1788804158.307198,
bind,expired,test.test-expired.example,cold,1266039,2,False,1788804158.3085399,
bind,expired,test.test-expired.example,cold,1261272,2,False,1788804158.3098772,
bind,expired,test.test-expired.example,cold,1302218,2,False,1788804158.311251,
bind,expired,test.test-expired.example,cold,3302948,2,False,1788804158.314625,
bind,expired,test.test-expired.example,cold,1609018,2,False,1788804158.316349,
bind,expired,test.test-expired.example,cold,6943424,2,False,1788804158.323482,
bind,expired,test.test-expired.example,cold,2621230,2,False,1788804158.3262162,
bind,expired,test.test-expired.example,cold,2429773,2,False,1788804158.3287551,
bind,expired,test.test-expired.example,cold,2256719,2,False,1788804158.3311,
bind,expired,test.test-expired.example,cold,2204620,2,False,1788804158.3333817,
bind,expired,test.test-expired.example,cold,1650177,2,False,1788804158.3351653,
bind,expired,test.test-expired.example,cold,1705977,2,False,1788804158.3370988,
bind,expired,test.test-expired.example,cold,1673954,2,False,1788804158.338869,
bind,expired,test.test-expired.example,cold,1458275,2,False,1788804158.3404233,
bind,expired,test.test-expired.example,cold,1546307,2,False,1788804158.342041,
bind,expired,test.test-expired.example,cold,1306316,2,False,1788804158.3434064,
bind,expired,test.test-expired.example,cold,1315320,2,False,1788804158.344822,
bind,expired,test.test-expired.example,cold,1266023,2,False,1788804158.3462775,
bind,expired,test.test-expired.example,cold,1285357,2,False,1788804158.3476841,
bind,expired,test.test-expired.example,cold,1514310,2,False,1788804158.3494663,
bind,expired,test.test-expired.example,cold,1625612,2,False,1788804158.3511944,
bind,expired,test.test-expired.example,cold,1633856,2,False,1788804158.3529825,
bind,expired,test.test-expired.example,cold,1536119,2,False,1788804158.3546002,
bind,expired,test.test-expired.example,cold,1552127,2,False,1788804158.3562403,
bind,expired,test.test-expired.example,cold,5312700,2,False,1788804158.3616252,
bind,expired,test.test-expired.example,cold,2003491,2,False,1788804158.3637373,
bind,expired,test.test-expired.example,cold,1718468,2,False,1788804158.3655522,
bind,expired,test.test-expired.example,cold,1550237,2,False,1788804158.3671966,
bind,expired,test.test-expired.example,cold,1638240,2,False,1788804158.3690035,
bind,expired,test.test-expired.example,cold,1450285,2,False,1788804158.3705502,
bind,expired,test.test-expired.example,cold,1422239,2,False,1788804158.372039,
bind,expired,test.test-expired.example,cold,1760295,2,False,1788804158.3738756,
bind,expired,test.test-expired.example,cold,1492301,2,False,1788804158.375446,
bind,expired,test.test-expired.example,cold,2684040,2,False,1788804158.3782141,
bind,expired,test.test-expired.example,cold,1665163,2,False,1788804158.3800669,
bind,expired,test.test-expired.example,cold,1488449,2,False,1788804158.3816416,
bind,expired,test.test-expired.example,cold,1548434,2,False,1788804158.383381,
bind,expired,test.test-expired.example,cold,1653086,2,False,1788804158.385107,
bind,expired,test.test-expired.example,cold,1527006,2,False,1788804158.3868134,
bind,expired,test.test-expired.example,cold,1736482,2,False,1788804158.3887613,
bind,expired,test.test-expired.example,cold,1417764,2,False,1788804158.3902721,
bind,expired,test.test-expired.example,cold,1592554,2,False,1788804158.3919482,
bind,expired,test.test-expired.example,cold,1610800,2,False,1788804158.3937485,
bind,expired,test.test-expired.example,cold,1480925,2,False,1788804158.395395,
bind,expired,test.test-expired.example,cold,1798776,2,False,1788804158.3972645,
bind,expired,test.test-expired.example,cold,2600869,2,False,1788804158.3999512,
bind,expired,test.test-expired.example,cold,1384413,2,False,1788804158.4014227,
bind,expired,test.test-expired.example,cold,1554701,2,False,1788804158.403051,
bind,expired,test.test-expired.example,cold,1455283,2,False,1788804158.4045942,
bind,expired,test.test-expired.example,cold,1632797,2,False,1788804158.4063108,
bind,expired,test.test-expired.example,cold,1568388,2,False,1788804158.407979,
bind,expired,test.test-expired.example,cold,2740103,2,False,1788804158.4107966,
bind,expired,test.test-expired.example,cold,2197384,2,False,1788804158.4138129,
bind,expired,test.test-expired.example,cold,1684794,2,False,1788804158.4157033,
bind,expired,test.test-expired.example,cold,1521368,2,False,1788804158.417301,
bind,expired,test.test-expired.example,cold,1872448,2,False,1788804158.4192445,
bind,expired,test.test-expired.example,cold,2426795,2,False,1788804158.4217443,
bind,expired,test.test-expired.example,cold,2918314,2,False,1788804158.4249337,
bind,expired,test.test-expired.example,cold,3297992,2,False,1788804158.4283454,
bind,expired,test.test-expired.example,cold,4285130,2,False,1788804158.4328263,
bind,expired,test.test-expired.example,cold,3953702,2,False,1788804158.4369986,
bind,expired,test.test-expired.example,cold,3448519,2,False,1788804158.4406235,
bind,expired,test.test-expired.example,cold,2397790,2,False,1788804158.443179,
bind,expired,test.test-expired.example,cold,2409470,2,False,1788804158.4456997,
bind,expired,test.test-expired.example,cold,8610466,2,False,1788804158.4544392,
bind,expired,test.test-expired.example,cold,3989617,2,False,1788804158.4586508,
bind,expired,test.test-expired.example,cold,6586991,2,False,1788804158.4653323,
bind,expired,test.test-expired.example,cold,2843219,2,False,1788804158.4683185,
bind,expired,test.test-expired.example,cold,2478986,2,False,1788804158.4709918,
bind,expired,test.test-expired.example,cold,2399378,2,False,1788804158.4734867,
bind,expired,test.test-expired.example,cold,2202390,2,False,1788804158.4757845,
bind,expired,test.test-expired.example,cold,1895852,2,False,1788804158.4777753,
bind,expired,test.test-expired.example,cold,3996038,2,False,1788804158.4818811,
bind,expired,test.test-expired.example,cold,6585923,2,False,1788804158.4885767,
bind,expired,test.test-expired.example,cold,4876249,2,False,1788804158.4935622,
bind,expired,test.test-expired.example,cold,2798036,2,False,1788804158.4967923,
bind,expired,test.test-expired.example,cold,2449429,2,False,1788804158.499403,
bind,expired,test.test-expired.example,cold,2022266,2,False,1788804158.5015175,
bind,expired,test.test-expired.example,cold,1807869,2,False,1788804158.5034091,
bind,expired,test.test-expired.example,cold,2670684,2,False,1788804158.506171,
bind,expired,test.test-expired.example,cold,2527947,2,False,1788804158.5088034,
bind,expired,test.test-expired.example,cold,2526100,2,False,1788804158.511426,
bind,expired,test.test-expired.example,cold,1922918,2,False,1788804158.5134842,
bind,expired,test.test-expired.example,cold,1967222,2,False,1788804158.5157752,
bind,expired,test.test-expired.example,cold,1989835,2,False,1788804158.517886,
bind,expired,test.test-expired.example,cold,7101652,2,False,1788804158.5251193,
bind,expired,test.test-expired.example,cold,1988931,2,False,1788804158.5272443,
bind,expired,test.test-expired.example,cold,2305949,2,False,1788804158.5296576,
bind,expired,test.test-expired.example,cold,1917464,2,False,1788804158.5316784,
bind,expired,test.test-expired.example,cold,1740772,2,False,1788804158.5335941,
bind,expired,test.test-expired.example,cold,5298144,2,False,1788804158.539027,
bind,expired,test.test-expired.example,cold,4428774,2,False,1788804158.5436275,
bind,expired,test.test-expired.example,cold,3781187,2,False,1788804158.5475287,
bind,expired,test.test-expired.example,cold,3125526,2,False,1788804158.5507898,
bind,expired,test.test-expired.example,cold,2298241,2,False,1788804158.5531883,
bind,expired,test.test-expired.example,cold,2563670,2,False,1788804158.5558462,
bind,expired,test.test-expired.example,cold,1961619,2,False,1788804158.5578926,
bind,expired,test.test-expired.example,cold,6746473,2,False,1788804158.5647485,
bind,expired,test.test-expired.example,cold,2087843,2,False,1788804158.5669727,
bind,expired,test.test-expired.example,cold,1735809,2,False,1788804158.568815,
bind,expired,test.test-expired.example,cold,5067663,2,False,1788804158.5739853,
bind,expired,test.test-expired.example,cold,3708412,2,False,1788804158.5778317,
bind,expired,test.test-expired.example,cold,3927822,2,False,1788804158.5818985,
bind,expired,test.test-expired.example,cold,2065791,2,False,1788804158.584081,
bind,expired,test.test-expired.example,cold,1884246,2,False,1788804158.5860589,
bind,expired,test.test-expired.example,cold,1487567,2,False,1788804158.587654,
bind,expired,test.test-expired.example,cold,1372517,2,False,1788804158.5891454,
bind,expired,test.test-expired.example,cold,4103465,2,False,1788804158.5933423,
bind,expired,test.test-expired.example,cold,3525877,2,False,1788804158.5969758,
bind,expired,test.test-expired.example,cold,2324138,2,False,1788804158.5994124,
bind,expired,test.test-expired.example,cold,1926863,2,False,1788804158.6014428,
bind,expired,test.test-expired.example,cold,2772150,2,False,1788804158.6043093,
bind,expired,test.test-expired.example,cold,2177287,2,False,1788804158.6066105,
bind,expired,test.test-expired.example,cold,1978256,2,False,1788804158.608685,
bind,expired,test.test-expired.example,cold,9632299,2,False,1788804158.618431,
bind,expired,test.test-expired.example,cold,2707456,2,False,1788804158.6212962,
bind,expired,test.test-expired.example,cold,7338974,2,False,1788804158.628743,
bind,expired,test.test-expired.example,cold,4313006,2,False,1788804158.6331835,
bind,expired,test.test-expired.example,cold,2708815,2,False,1788804158.6360157,
bind,expired,test.test-expired.example,cold,2876533,2,False,1788804158.63902,
bind,expired,test.test-expired.example,cold,2021397,2,False,1788804158.641158,
bind,expired,test.test-expired.example,cold,3107766,2,False,1788804158.6443787,
bind,expired,test.test-expired.example,cold,3541405,2,False,1788804158.6480415,
bind,expired,test.test-expired.example,cold,2873925,2,False,1788804158.6510284,
bind,expired,test.test-expired.example,cold,2754683,2,False,1788804158.6539087,
bind,expired,test.test-expired.example,cold,1982964,2,False,1788804158.6560082,
bind,expired,test.test-expired.example,cold,2306064,2,False,1788804158.6586697,
bind,expired,test.test-expired.example,cold,1829754,2,False,1788804158.6607854,
bind,expired,test.test-expired.example,cold,6918335,2,False,1788804158.667819,
bind,expired,test.test-expired.example,cold,2825440,2,False,1788804158.6707637,
bind,expired,test.test-expired.example,cold,2175642,2,False,1788804158.673037,
bind,expired,test.test-expired.example,cold,1861974,2,False,1788804158.6750464,
bind,expired,test.test-expired.example,cold,1654439,2,False,1788804158.6767898,
bind,expired,test.test-expired.example,cold,1714078,2,False,1788804158.6793435,
bind,expired,test.test-expired.example,cold,6981985,2,False,1788804158.6864855,
bind,expired,test.test-expired.example,cold,6433436,2,False,1788804158.693188,
bind,expired,test.test-expired.example,cold,6762773,2,False,1788804158.700088,
bind,expired,test.test-expired.example,cold,4641301,2,False,1788804158.704841,
bind,expired,test.test-expired.example,cold,1854406,2,False,1788804158.7068133,
bind,expired,test.test-expired.example,cold,1569175,2,False,1788804158.7085853,
bind,expired,test.test-expired.example,cold,2439600,2,False,1788804158.7111242,
bind,expired,test.test-expired.example,cold,1608681,2,False,1788804158.7128386,
bind,expired,test.test-expired.example,cold,1847510,2,False,1788804158.7147796,
bind,expired,test.test-expired.example,cold,2455983,2,False,1788804158.7173302,
bind,expired,test.test-expired.example,cold,1937505,2,False,1788804158.7193685,
bind,expired,test.test-expired.example,cold,2981388,2,False,1788804158.723087,
bind,expired,test.test-expired.example,cold,9738169,2,False,1788804158.7329834,
bind,expired,test.test-expired.example,cold,2087998,2,False,1788804158.7352178,
bind,expired,test.test-expired.example,cold,1647547,2,False,1788804158.736982,
bind,expired,test.test-expired.example,cold,1459966,2,False,1788804158.7385347,
bind,expired,test.test-expired.example,cold,14648678,2,False,1788804158.7532666,
bind,expired,test.test-expired.example,cold,6095408,2,False,1788804158.7594938,
bind,expired,test.test-expired.example,cold,2609522,2,False,1788804158.7632732,
bind,expired,test.test-expired.example,cold,2593697,2,False,1788804158.7659767,
bind,expired,test.test-expired.example,cold,2840213,2,False,1788804158.7689047,
bind,expired,test.test-expired.example,cold,2401557,2,False,1788804158.771405,
bind,expired,test.test-expired.example,cold,5786187,2,False,1788804158.777288,
bind,expired,test.test-expired.example,cold,1534460,2,False,1788804158.7789278,
bind,expired,test.test-expired.example,cold,2911089,2,False,1788804158.781948,
bind,expired,test.test-expired.example,cold,1685880,2,False,1788804158.7837272,
bind,expired,test.test-expired.example,cold,1742745,2,False,1788804158.7855606,
bind,expired,test.test-expired.example,cold,4828233,2,False,1788804158.79048,
bind,expired,test.test-expired.example,cold,1209591,2,False,1788804158.7917788,
bind,expired,test.test-expired.example,cold,1456039,2,False,1788804158.7933602,
bind,expired,test.test-expired.example,cold,1402470,2,False,1788804158.794864,
bind,expired,test.test-expired.example,cold,1513746,2,False,1788804158.7964804,
bind,expired,test.test-expired.example,cold,1500093,2,False,1788804158.7981017,
bind,expired,test.test-expired.example,cold,1409775,2,False,1788804158.799607,
bind,expired,test.test-expired.example,cold,4925251,2,False,1788804158.80461,
bind,expired,test.test-expired.example,cold,3017108,2,False,1788804158.8077343,
bind,expired,test.test-expired.example,cold,2788643,2,False,1788804158.8106494,
bind,expired,test.test-expired.example,cold,1793341,2,False,1788804158.8125844,
bind,expired,test.test-expired.example,cold,1636490,2,False,1788804158.814316,
bind,expired,test.test-expired.example,cold,1481579,2,False,1788804158.815921,
bind,expired,test.test-expired.example,cold,1353052,2,False,1788804158.8173442,
bind,expired,test.test-expired.example,cold,1556778,2,False,1788804158.8189723,
bind,expired,test.test-expired.example,cold,3707499,2,False,1788804158.8227563,
bind,expired,test.test-expired.example,cold,2470092,2,False,1788804158.825337,
bind,expired,test.test-expired.example,cold,2213456,2,False,1788804158.827671,
bind,expired,test.test-expired.example,cold,2946695,2,False,1788804158.8307257,
bind,expired,test.test-expired.example,cold,2039141,2,False,1788804158.8328903,
bind,expired,test.test-expired.example,cold,1766674,2,False,1788804158.8347487,
bind,expired,test.test-expired.example,cold,1887499,2,False,1788804158.8367288,
bind,expired,test.test-expired.example,cold,1341495,2,False,1788804158.8381598,
bind,expired,test.test-expired.example,cold,1571749,2,False,1788804158.8398273,
bind,expired,test.test-expired.example,cold,1309006,2,False,1788804158.841222,
bind,expired,test.test-expired.example,cold,1554161,2,False,1788804158.8428464,
bind,expired,test.test-expired.example,cold,1284721,2,False,1788804158.844235,
bind,expired,test.test-expired.example,cold,1455306,2,False,1788804158.8457637,
bind,expired,test.test-expired.example,cold,1387061,2,False,1788804158.847232,
bind,expired,test.test-expired.example,cold,1324939,2,False,1788804158.8486352,
bind,expired,test.test-expired.example,cold,1814341,2,False,1788804158.8505893,
bind,expired,test.test-expired.example,cold,2438840,2,False,1788804158.8531218,
bind,expired,test.test-expired.example,cold,1976188,2,False,1788804158.8552022,
bind,expired,test.test-expired.example,cold,2200961,2,False,1788804158.8574884,
bind,expired,test.test-expired.example,cold,2073310,2,False,1788804158.8596551,
bind,expired,test.test-expired.example,cold,1893074,2,False,1788804158.8616402,
bind,expired,test.test-expired.example,cold,1965074,2,False,1788804158.863693,
bind,expired,test.test-expired.example,cold,1901910,2,False,1788804158.8656871,
bind,expired,test.test-expired.example,cold,1944997,2,False,1788804158.867723,
bind,expired,test.test-expired.example,cold,1612716,2,False,1788804158.8694158,
bind,expired,test.test-expired.example,cold,1757629,2,False,1788804158.8712544,
bind,expired,test.test-expired.example,cold,1801562,2,False,1788804158.8732383,
bind,expired,test.test-expired.example,cold,1585944,2,False,1788804158.8749926,
bind,expired,test.test-expired.example,cold,1583577,2,False,1788804158.876664,
bind,expired,test.test-expired.example,cold,1540509,2,False,1788804158.8782864,
bind,expired,test.test-expired.example,cold,1703763,2,False,1788804158.8801131,
bind,expired,test.test-expired.example,cold,3675597,2,False,1788804158.8838973,
bind,expired,test.test-expired.example,cold,2017141,2,False,1788804158.8860497,
bind,expired,test.test-expired.example,cold,1688696,2,False,1788804158.887844,
bind,expired,test.test-expired.example,cold,2057425,2,False,1788804158.8900216,
bind,expired,test.test-expired.example,cold,2342642,2,False,1788804158.8925006,
bind,expired,test.test-expired.example,cold,2315365,2,False,1788804158.894916,
bind,expired,test.test-expired.example,cold,1857066,2,False,1788804158.8968768,
bind,expired,test.test-expired.example,cold,1910887,2,False,1788804158.8989074,
bind,expired,test.test-expired.example,cold,1340689,2,False,1788804158.900331,
bind,expired,test.test-expired.example,cold,1569605,2,False,1788804158.9019754,
bind,expired,test.test-expired.example,cold,5465723,2,False,1788804158.9075255,
bind,expired,test.test-expired.example,cold,1655104,2,False,1788804158.909271,
bind,expired,test.test-expired.example,cold,1546484,2,False,1788804158.9108956,
bind,expired,test.test-expired.example,cold,1260654,2,False,1788804158.9122412,
bind,expired,test.test-expired.example,cold,1240960,2,False,1788804158.9135585,
bind,expired,test.test-expired.example,cold,1912443,2,False,1788804158.915547,
bind,expired,test.test-expired.example,cold,2392494,2,False,1788804158.9180498,
bind,expired,test.test-expired.example,cold,1906389,2,False,1788804158.920046,
bind,expired,test.test-expired.example,cold,3424481,2,False,1788804158.9235547,
bind,expired,test.test-expired.example,cold,4492823,2,False,1788804158.9281473,
bind,expired,test.test-expired.example,cold,2754943,2,False,1788804158.931028,
bind,expired,test.test-expired.example,cold,3519816,2,False,1788804158.9347734,
bind,expired,test.test-expired.example,cold,1760889,2,False,1788804158.9367998,
bind,expired,test.test-expired.example,cold,1261208,2,False,1788804158.9381394,
bind,expired,test.test-expired.example,cold,1332381,2,False,1788804158.9395273,
bind,expired,test.test-expired.example,cold,1598357,2,False,1788804158.9412582,
bind,expired,test.test-expired.example,cold,1728983,2,False,1788804158.9430995,
bind,expired,test.test-expired.example,cold,1961959,2,False,1788804158.9453263,
bind,expired,test.test-expired.example,cold,2131925,2,False,1788804158.9475627,
bind,expired,test.test-expired.example,cold,1584348,2,False,1788804158.949238,
bind,expired,test.test-expired.example,cold,1361142,2,False,1788804158.9506807,
bind,expired,test.test-expired.example,cold,1246108,2,False,1788804158.952004,
bind,expired,test.test-expired.example,cold,1245547,2,False,1788804158.9533212,
bind,expired,test.test-expired.example,cold,1710606,2,False,1788804158.955115,
bind,expired,test.test-expired.example,cold,1364938,2,False,1788804158.9565542,
bind,expired,test.test-expired.example,cold,1192584,2,False,1788804158.9579449,
bind,expired,test.test-expired.example,cold,1425476,2,False,1788804158.959541,
bind,expired,test.test-expired.example,cold,1321166,2,False,1788804158.960938,
bind,expired,test.test-expired.example,cold,7197474,2,False,1788804158.9682093,
bind,expired,test.test-expired.example,cold,2188370,2,False,1788804158.9705307,
bind,expired,test.test-expired.example,cold,2074859,2,False,1788804158.9726985,
bind,expired,test.test-expired.example,cold,1573738,2,False,1788804158.9743998,
bind,expired,test.test-expired.example,cold,1600087,2,False,1788804158.976099,
bind,expired,test.test-expired.example,cold,1488940,2,False,1788804158.9776757,
bind,expired,test.test-expired.example,cold,1735195,2,False,1788804158.9795954,
bind,expired,test.test-expired.example,cold,1860639,2,False,1788804158.9815366,
bind,expired,test.test-expired.example,cold,1909528,2,False,1788804158.9836066,
bind,expired,test.test-expired.example,cold,1902327,2,False,1788804158.9856124,
bind,expired,test.test-expired.example,cold,2369446,2,False,1788804158.9882004,
bind,expired,test.test-expired.example,cold,1872300,2,False,1788804158.99037,
bind,expired,test.test-expired.example,cold,2258129,2,False,1788804158.9927454,
bind,expired,test.test-expired.example,cold,2133480,2,False,1788804158.9951577,
bind,expired,test.test-expired.example,cold,2120870,2,False,1788804158.9974158,
bind,expired,test.test-expired.example,cold,1672544,2,False,1788804158.9991868,
bind,expired,test.test-expired.example,cold,1937951,2,False,1788804159.0012765,
bind,expired,test.test-expired.example,cold,1954318,2,False,1788804159.0033724,
bind,expired,test.test-expired.example,cold,2045677,2,False,1788804159.005751,
bind,expired,test.test-expired.example,cold,2894963,2,False,1788804159.0090122,
bind,expired,test.test-expired.example,cold,3160431,2,False,1788804159.0124052,
bind,expired,test.test-expired.example,cold,4468227,2,False,1788804159.017058,
bind,expired,test.test-expired.example,cold,2618285,2,False,1788804159.0198467,
bind,expired,test.test-expired.example,cold,3198567,2,False,1788804159.0232518,
bind,expired,test.test-expired.example,cold,2307701,2,False,1788804159.0256693,
bind,expired,test.test-expired.example,cold,1839312,2,False,1788804159.0275877,
bind,expired,test.test-expired.example,cold,1946538,2,False,1788804159.0296123,
bind,expired,test.test-expired.example,cold,2214094,2,False,1788804159.032083,
bind,expired,test.test-expired.example,cold,1837970,2,False,1788804159.034035,
bind,expired,test.test-expired.example,cold,2051570,2,False,1788804159.0362983,
bind,expired,test.test-expired.example,cold,1737688,2,False,1788804159.0381005,
bind,expired,test.test-expired.example,cold,1665135,2,False,1788804159.0398557,
bind,expired,test.test-expired.example,cold,1525067,2,False,1788804159.0414636,
bind,expired,test.test-expired.example,cold,1251235,2,False,1788804159.042777,
bind,expired,test.test-expired.example,cold,1504341,2,False,1788804159.0443537,
bind,expired,test.test-expired.example,cold,3705787,2,False,1788804159.0481272,
bind,expired,test.test-expired.example,cold,1678843,2,False,1788804159.0498934,
bind,expired,test.test-expired.example,cold,1963513,2,False,1788804159.0519617,
bind,expired,test.test-expired.example,cold,1479590,2,False,1788804159.053532,
bind,expired,test.test-expired.example,cold,1421412,2,False,1788804159.055028,
bind,expired,test.test-expired.example,cold,1720322,2,False,1788804159.0568275,
bind,expired,test.test-expired.example,cold,1588697,2,False,1788804159.0585098,
bind,expired,test.test-expired.example,cold,1411382,2,False,1788804159.0600066,
bind,expired,test.test-expired.example,cold,1271652,2,False,1788804159.0613341,
bind,expired,test.test-expired.example,cold,1243757,2,False,1788804159.062644,
bind,expired,test.test-expired.example,cold,1416036,2,False,1788804159.0641265,
bind,expired,test.test-expired.example,cold,1238318,2,False,1788804159.0654278,
bind,expired,test.test-expired.example,cold,1218240,2,False,1788804159.0667057,
bind,expired,test.test-expired.example,cold,1461088,2,False,1788804159.068227,
bind,expired,test.test-expired.example,cold,1249330,2,False,1788804159.0695388,
bind,expired,test.test-expired.example,cold,1191488,2,False,1788804159.070786,
bind,expired,test.test-expired.example,cold,1211273,2,False,1788804159.0720546,
bind,expired,test.test-expired.example,cold,1275658,2,False,1788804159.0733912,
bind,expired,test.test-expired.example,cold,1398301,2,False,1788804159.0748575,
bind,expired,test.test-expired.example,cold,1505063,2,False,1788804159.0764363,
bind,expired,test.test-expired.example,cold,1229213,2,False,1788804159.0777376,
bind,expired,test.test-expired.example,cold,1317315,2,False,1788804159.0791194,
bind,expired,test.test-expired.example,cold,1311923,2,False,1788804159.0804982,
bind,expired,test.test-expired.example,cold,1148145,2,False,1788804159.081703,
bind,expired,test.test-expired.example,cold,1301166,2,False,1788804159.0830705,
bind,expired,test.test-expired.example,cold,1362909,2,False,1788804159.0845022,
bind,expired,test.test-expired.example,cold,1232151,2,False,1788804159.0858083,
bind,expired,test.test-expired.example,cold,1432364,2,False,1788804159.0873876,
bind,expired,test.test-expired.example,cold,1445619,2,False,1788804159.0889206,
bind,expired,test.test-expired.example,cold,1296476,2,False,1788804159.0902948,
bind,expired,test.test-expired.example,cold,1312250,2,False,1788804159.091696,
bind,expired,test.test-expired.example,cold,4168864,2,False,1788804159.0959423,
bind,expired,test.test-expired.example,cold,1489479,2,False,1788804159.0975916,
bind,expired,test.test-expired.example,cold,1307596,2,False,1788804159.098985,
bind,expired,test.test-expired.example,cold,1207750,2,False,1788804159.1002698,
bind,expired,test.test-expired.example,cold,1207450,2,False,1788804159.1015503,
bind,expired,test.test-expired.example,cold,1834959,2,False,1788804159.1034586,
bind,expired,test.test-expired.example,cold,1333414,2,False,1788804159.1048791,
bind,expired,test.test-expired.example,cold,1402167,2,False,1788804159.1063774,
bind,expired,test.test-expired.example,cold,1452494,2,False,1788804159.1080263,
bind,expired,test.test-expired.example,cold,1420154,2,False,1788804159.1095905,
bind,expired,test.test-expired.example,cold,1483109,2,False,1788804159.111155,
bind,expired,test.test-expired.example,cold,1359320,2,False,1788804159.1125975,
bind,expired,test.test-expired.example,cold,1424517,2,False,1788804159.114076,
bind,expired,test.test-expired.example,cold,1358678,2,False,1788804159.1155171,
bind,expired,test.test-expired.example,cold,1344294,2,False,1788804159.116933,
bind,expired,test.test-expired.example,cold,1445499,2,False,1788804159.1184528,
bind,expired,test.test-expired.example,cold,1229517,2,False,1788804159.119751,
bind,expired,test.test-expired.example,cold,1347580,2,False,1788804159.121154,
bind,expired,test.test-expired.example,cold,1150073,2,False,1788804159.122374,
bind,expired,test.test-expired.example,cold,4399695,2,False,1788804159.1268532,
bind,expired,test.test-expired.example,cold,1949542,2,False,1788804159.1289911,
bind,expired,test.test-expired.example,cold,1833554,2,False,1788804159.1309123,
bind,expired,test.test-expired.example,cold,1788995,2,False,1788804159.132795,
bind,expired,test.test-expired.example,cold,1936748,2,False,1788804159.134813,
bind,expired,test.test-expired.example,cold,1512909,2,False,1788804159.1364152,
bind,expired,test.test-expired.example,cold,1733793,2,False,1788804159.1382332,
bind,expired,test.test-expired.example,cold,1344803,2,False,1788804159.1396644,
bind,expired,test.test-expired.example,cold,1480089,2,False,1788804159.1412165,
bind,expired,test.test-expired.example,cold,1430926,2,False,1788804159.1429005,
bind,expired,test.test-expired.example,cold,1347044,2,False,1788804159.1443167,
bind,expired,test.test-expired.example,cold,1332098,2,False,1788804159.1457238,
bind,expired,test.test-expired.example,cold,1360156,2,False,1788804159.147157,
bind,expired,test.test-expired.example,cold,1338913,2,False,1788804159.1485617,
bind,expired,test.test-expired.example,cold,2847825,2,False,1788804159.1514728,
bind,expired,test.test-expired.example,cold,1450143,2,False,1788804159.1530006,
bind,expired,test.test-expired.example,cold,1437615,2,False,1788804159.1545157,
bind,expired,test.test-expired.example,cold,1360808,2,False,1788804159.1559627,
bind,expired,test.test-expired.example,cold,1362731,2,False,1788804159.1573973,
bind,expired,test.test-expired.example,cold,1435291,2,False,1788804159.1589065,
bind,expired,test.test-expired.example,cold,1298616,2,False,1788804159.160283,
bind,expired,test.test-expired.example,cold,1208871,2,False,1788804159.1615634,
bind,expired,test.test-expired.example,cold,1354761,2,False,1788804159.1629863,
bind,expired,test.test-expired.example,cold,1332756,2,False,1788804159.1643822,
bind,expired,test.test-expired.example,cold,1340084,2,False,1788804159.1657884,
bind,expired,test.test-expired.example,cold,1680980,2,False,1788804159.1677399,
bind,expired,test.test-expired.example,cold,1722050,2,False,1788804159.1695387,
bind,expired,test.test-expired.example,cold,1301164,2,False,1788804159.1709127,
bind,expired,test.test-expired.example,cold,1339973,2,False,1788804159.1723285,
bind,expired,test.test-expired.example,cold,1321102,2,False,1788804159.1737278,
bind,expired,test.test-expired.example,cold,3494786,2,False,1788804159.177301,
bind,expired,test.test-expired.example,cold,1506902,2,False,1788804159.1788993,
bind,expired,test.test-expired.example,cold,1374949,2,False,1788804159.1803544,
bind,expired,test.test-expired.example,cold,2772613,2,False,1788804159.183201,
bind,expired,test.test-expired.example,cold,1558125,2,False,1788804159.184866,
bind,expired,test.test-expired.example,cold,1511287,2,False,1788804159.186463,
bind,expired,test.test-expired.example,cold,1391074,2,False,1788804159.1879325,
bind,expired,test.test-expired.example,cold,1307289,2,False,1788804159.189386,
bind,expired,test.test-expired.example,cold,1236126,2,False,1788804159.1906843,
bind,expired,test.test-expired.example,cold,1265076,2,False,1788804159.19201,
bind,expired,test.test-expired.example,cold,1372625,2,False,1788804159.1934707,
bind,expired,test.test-expired.example,cold,1538843,2,False,1788804159.1950955,
bind,expired,test.test-expired.example,cold,1426437,2,False,1788804159.1965973,
bind,expired,test.test-expired.example,cold,1302175,2,False,1788804159.1979835,
bind,expired,test.test-expired.example,cold,1359092,2,False,1788804159.1994092,
bind,expired,test.test-expired.example,cold,1369815,2,False,1788804159.200856,
bind,expired,test.test-expired.example,cold,1254298,2,False,1788804159.2022333,
bind,expired,test.test-expired.example,cold,1386363,2,False,1788804159.2037184,
bind,expired,test.test-expired.example,cold,1405366,2,False,1788804159.2051983,
bind,expired,test.test-expired.example,cold,1280780,2,False,1788804159.2065525,
bind,expired,test.test-expired.example,cold,1563184,2,False,1788804159.2081897,
bind,expired,test.test-expired.example,cold,2357173,2,False,1788804159.2106242,
bind,expired,test.test-expired.example,cold,1788701,2,False,1788804159.2125034,
bind,expired,test.test-expired.example,cold,1648737,2,False,1788804159.2142448,
bind,expired,test.test-expired.example,cold,1415891,2,False,1788804159.215772,
bind,expired,test.test-expired.example,cold,1842591,2,False,1788804159.2176898,
bind,expired,test.test-expired.example,cold,2114741,2,False,1788804159.2198844,
bind,expired,test.test-expired.example,cold,1290385,2,False,1788804159.2212427,
bind,expired,test.test-expired.example,cold,1317510,2,False,1788804159.2226243,
bind,expired,test.test-expired.example,cold,1370527,2,False,1788804159.224058,
bind,expired,test.test-expired.example,cold,1426805,2,False,1788804159.225562,
bind,expired,test.test-expired.example,cold,1195806,2,False,1788804159.2268372,
bind,expired,test.test-expired.example,cold,1263084,2,False,1788804159.2281713,
bind,expired,test.test-expired.example,cold,1565293,2,False,1788804159.2297869,
bind,expired,test.test-expired.example,cold,1255401,2,False,1788804159.2311757,
bind,expired,test.test-expired.example,cold,1315214,2,False,1788804159.2325644,
bind,expired,test.test-expired.example,cold,1147217,2,False,1788804159.2338517,
bind,expired,test.test-expired.example,cold,1279639,2,False,1788804159.2351944,
bind,expired,test.test-expired.example,cold,1198121,2,False,1788804159.2365065,
bind,expired,test.test-expired.example,cold,1678065,2,False,1788804159.238255,
bind,expired,test.test-expired.example,cold,1305804,2,False,1788804159.2396297,
bind,expired,test.test-expired.example,cold,1144315,2,False,1788804159.2408466,
bind,expired,test.test-expired.example,cold,1235186,2,False,1788804159.2423804,
bind,expired,test.test-expired.example,cold,1227336,2,False,1788804159.2436671,
bind,expired,test.test-expired.example,cold,1399706,2,False,1788804159.2451234,
bind,expired,test.test-expired.example,cold,1319886,2,False,1788804159.246529,
bind,expired,test.test-expired.example,cold,1285101,2,False,1788804159.2478943,
bind,expired,test.test-expired.example,cold,1134802,2,False,1788804159.2491484,
bind,expired,test.test-expired.example,cold,1204173,2,False,1788804159.2504268,
bind,expired,test.test-expired.example,cold,1250812,2,False,1788804159.2517571,
bind,expired,test.test-expired.example,cold,1186296,2,False,1788804159.253013,
bind,expired,test.test-expired.example,cold,1509644,2,False,1788804159.2546062,
bind,expired,test.test-expired.example,cold,1470083,2,False,1788804159.2561665,
bind,expired,test.test-expired.example,cold,1626157,2,False,1788804159.2580476,
bind,expired,test.test-expired.example,cold,1336874,2,False,1788804159.2594638,
bind,expired,test.test-expired.example,cold,1929234,2,False,1788804159.2614617,
bind,expired,test.test-expired.example,cold,3700502,2,False,1788804159.2652647,
bind,expired,test.test-expired.example,cold,1943309,2,False,1788804159.2673295,
bind,expired,test.test-expired.example,cold,1482733,2,False,1788804159.268908,
bind,expired,test.test-expired.example,cold,1861079,2,False,1788804159.2708542,
bind,expired,test.test-expired.example,cold,1375965,2,False,1788804159.2723374,
bind,expired,test.test-expired.example,cold,1320969,2,False,1788804159.2737706,
bind,expired,test.test-expired.example,cold,1266010,2,False,1788804159.2751255,
bind,expired,test.test-expired.example,cold,1478505,2,False,1788804159.2767355,
bind,expired,test.test-expired.example,cold,1343834,2,False,1788804159.2781806,
bind,expired,test.test-expired.example,cold,1438868,2,False,1788804159.279674,
bind,expired,test.test-expired.example,cold,1501928,2,False,1788804159.2813294,
bind,expired,test.test-expired.example,cold,1351366,2,False,1788804159.2827563,
bind,expired,test.test-expired.example,cold,5713225,2,False,1788804159.2885396,
bind,expired,test.test-expired.example,cold,2419907,2,False,1788804159.2912097,
bind,expired,test.test-expired.example,cold,1822302,2,False,1788804159.2931054,
bind,expired,test.test-expired.example,cold,1521619,2,False,1788804159.29472,
bind,expired,test.test-expired.example,cold,1588676,2,False,1788804159.2963996,
bind,expired,test.test-expired.example,cold,1378152,2,False,1788804159.2978816,
bind,expired,test.test-expired.example,cold,1278805,2,False,1788804159.2992337,
bind,expired,test.test-expired.example,cold,1309289,2,False,1788804159.3005998,
bind,expired,test.test-expired.example,cold,1360307,2,False,1788804159.3020358,
bind,expired,test.test-expired.example,cold,1285143,2,False,1788804159.3033974,
bind,expired,test.test-expired.example,cold,1420314,2,False,1788804159.3048875,
bind,expired,test.test-expired.example,cold,1392995,2,False,1788804159.3063571,
bind,expired,test.test-expired.example,cold,1514344,2,False,1788804159.3079495,
bind,expired,test.test-expired.example,cold,1483990,2,False,1788804159.309739,
bind,expired,test.test-expired.example,cold,1311124,2,False,1788804159.3111475,
bind,expired,test.test-expired.example,cold,1358800,2,False,1788804159.3126264,
bind,expired,test.test-expired.example,cold,1248665,2,False,1788804159.313948,
bind,expired,test.test-expired.example,cold,1268513,2,False,1788804159.315286,
bind,expired,test.test-expired.example,cold,1325407,2,False,1788804159.316721,
bind,expired,test.test-expired.example,cold,1247843,2,False,1788804159.3181124,
bind,expired,test.test-expired.example,cold,1516051,2,False,1788804159.3198261,
bind,expired,test.test-expired.example,cold,1355872,2,False,1788804159.3212626,
bind,expired,test.test-expired.example,cold,1237304,2,False,1788804159.3225725,
bind,expired,test.test-expired.example,cold,1479639,2,False,1788804159.324131,
bind,expired,test.test-expired.example,cold,1821331,2,False,1788804159.326029,
bind,expired,test.test-expired.example,cold,1539717,2,False,1788804159.3276532,
bind,expired,test.test-expired.example,cold,1336165,2,False,1788804159.3290646,
bind,expired,test.test-expired.example,cold,1444529,2,False,1788804159.3305795,
bind,expired,test.test-expired.example,cold,1401304,2,False,1788804159.332056,
bind,expired,test.test-expired.example,cold,1536302,2,False,1788804159.333669,
bind,expired,test.test-expired.example,cold,1744731,2,False,1788804159.3355536,
bind,expired,test.test-expired.example,cold,2069414,2,False,1788804159.337745,
bind,expired,test.test-expired.example,cold,1832583,2,False,1788804159.3396833,
bind,expired,test.test-expired.example,cold,1501360,2,False,1788804159.341276,
bind,expired,test.test-expired.example,cold,1762494,2,False,1788804159.3431258,
bind,expired,test.test-expired.example,cold,1566439,2,False,1788804159.3448758,
bind,expired,test.test-expired.example,cold,1553518,2,False,1788804159.3465033,
bind,expired,test.test-expired.example,cold,1241378,2,False,1788804159.3478198,
bind,expired,test.test-expired.example,cold,1396747,2,False,1788804159.3492758,
bind,expired,test.test-expired.example,cold,1317632,2,False,1788804159.3506713,
bind,expired,test.test-expired.example,cold,1264444,2,False,1788804159.3520262,
bind,expired,test.test-expired.example,cold,1252867,2,False,1788804159.3534448,
bind,expired,test.test-expired.example,cold,1544196,2,False,1788804159.3550594,
bind,expired,test.test-expired.example,cold,1388926,2,False,1788804159.3565416,
bind,expired,test.test-expired.example,cold,1310925,2,False,1788804159.3579357,
bind,expired,test.test-expired.example,cold,1448324,2,False,1788804159.3594599,
bind,expired,test.test-expired.example,cold,1411213,2,False,1788804159.3609388,
bind,expired,test.test-expired.example,cold,1213438,2,False,1788804159.3622148,
bind,expired,test.test-expired.example,cold,1343140,2,False,1788804159.3636274,
bind,expired,test.test-expired.example,cold,1427761,2,False,1788804159.365128,
bind,expired,test.test-expired.example,cold,1793255,2,False,1788804159.3669994,
bind,expired,test.test-expired.example,cold,1611204,2,False,1788804159.3688211,
bind,expired,test.test-expired.example,cold,1357966,2,False,1788804159.3702617,
bind,expired,test.test-expired.example,cold,2380059,2,False,1788804159.3728461,
bind,expired,test.test-expired.example,cold,1789991,2,False,1788804159.374738,
bind,expired,test.test-expired.example,cold,1540403,2,False,1788804159.3763473,
bind,expired,test.test-expired.example,cold,1323026,2,False,1788804159.3777514,
bind,expired,test.test-expired.example,cold,1426463,2,False,1788804159.3792458,
bind,expired,test.test-expired.example,cold,1378863,2,False,1788804159.3806944,
bind,expired,test.test-expired.example,cold,1438323,2,False,1788804159.38221,
bind,expired,test.test-expired.example,cold,1279511,2,False,1788804159.3835738,
bind,expired,test.test-expired.example,cold,1195005,2,False,1788804159.3848395,
bind,expired,test.test-expired.example,cold,1448824,2,False,1788804159.3863556,
bind,expired,test.test-expired.example,cold,1327474,2,False,1788804159.387821,
bind,expired,test.test-expired.example,cold,1365973,2,False,1788804159.389257,
bind,expired,test.test-expired.example,cold,1406568,2,False,1788804159.390741,
bind,expired,test.test-expired.example,cold,1358433,2,False,1788804159.3921833,
bind,expired,test.test-expired.example,cold,1400636,2,False,1788804159.393644,
bind,expired,test.test-expired.example,cold,1214874,2,False,1788804159.3949356,
bind,expired,test.test-expired.example,cold,1278246,2,False,1788804159.3962843,
bind,expired,test.test-expired.example,cold,1283414,2,False,1788804159.3976293,
bind,expired,test.test-expired.example,cold,1382522,2,False,1788804159.3990827,
bind,expired,test.test-expired.example,cold,1319212,2,False,1788804159.4004834,
bind,expired,test.test-expired.example,cold,1223956,2,False,1788804159.4017756,
bind,expired,test.test-expired.example,cold,1384860,2,False,1788804159.403228,
bind,expired,test.test-expired.example,cold,1301242,2,False,1788804159.4046037,
bind,expired,test.test-expired.example,cold,1268478,2,False,1788804159.4059374,
bind,expired,test.test-expired.example,cold,1256113,2,False,1788804159.4072676,
bind,expired,test.test-expired.example,cold,1239027,2,False,1788804159.4085753,
bind,expired,test.test-expired.example,cold,1167494,2,False,1788804159.4098098,
bind,expired,test.test-expired.example,cold,1280152,2,False,1788804159.4111571,
bind,expired,test.test-expired.example,cold,3399169,2,False,1788804159.4146345,
bind,expired,test.test-expired.example,cold,1418530,2,False,1788804159.4161353,
bind,expired,test.test-expired.example,cold,1244401,2,False,1788804159.4174914,
bind,expired,test.test-expired.example,cold,1352883,2,False,1788804159.4189193,
bind,expired,test.test-expired.example,cold,1376300,2,False,1788804159.4203806,
bind,expired,test.test-expired.example,cold,1346065,2,False,1788804159.421803,
bind,expired,test.test-expired.example,cold,4275786,2,False,1788804159.4261577,
bind,expired,test.test-expired.example,cold,1463190,2,False,1788804159.427721,
bind,expired,test.test-expired.example,cold,1320637,2,False,1788804159.4291213,
bind,expired,test.test-expired.example,cold,1343589,2,False,1788804159.430534,
bind,expired,test.test-expired.example,cold,1450975,2,False,1788804159.4320686,
bind,expired,test.test-expired.example,cold,1630582,2,False,1788804159.4337695,
bind,expired,test.test-expired.example,cold,1557079,2,False,1788804159.435414,
bind,expired,test.test-expired.example,cold,1430103,2,False,1788804159.4369192,
bind,expired,test.test-expired.example,cold,1881801,2,False,1788804159.4388733,
bind,expired,test.test-expired.example,cold,1335941,2,False,1788804159.4402912,
bind,expired,test.test-expired.example,cold,1245570,2,False,1788804159.4416137,
bind,expired,test.test-expired.example,cold,1584860,2,False,1788804159.4432898,
bind,expired,test.test-expired.example,cold,1287567,2,False,1788804159.4446583,
bind,expired,test.test-expired.example,cold,2765668,2,False,1788804159.4475024,
bind,expired,test.test-expired.example,cold,2724997,2,False,1788804159.4503198,
bind,expired,test.test-expired.example,cold,1429225,2,False,1788804159.4518726,
bind,expired,test.test-expired.example,cold,2948421,2,False,1788804159.4549162,
bind,expired,test.test-expired.example,cold,1931909,2,False,1788804159.456943,
bind,expired,test.test-expired.example,cold,2108164,2,False,1788804159.4591477,
bind,expired,test.test-expired.example,cold,1311177,2,False,1788804159.4605465,
bind,expired,test.test-expired.example,cold,1282249,2,False,1788804159.4619105,
bind,expired,test.test-expired.example,cold,1544912,2,False,1788804159.4635186,
bind,expired,test.test-expired.example,cold,2639248,2,False,1788804159.4662504,
bind,expired,test.test-expired.example,cold,1377001,2,False,1788804159.467726,
bind,expired,test.test-expired.example,cold,1447545,2,False,1788804159.4692535,
bind,expired,test.test-expired.example,cold,1514301,2,False,1788804159.470866,
bind,expired,test.test-expired.example,cold,1368551,2,False,1788804159.47232,
bind,expired,test.test-expired.example,cold,1418076,2,False,1788804159.4738271,
bind,expired,test.test-expired.example,cold,1301430,2,False,1788804159.4752007,
bind,expired,test.test-expired.example,cold,1459534,2,False,1788804159.4767215,
bind,expired,test.test-expired.example,cold,1288581,2,False,1788804159.4780955,
bind,expired,test.test-expired.example,cold,1618751,2,False,1788804159.479801,
bind,expired,test.test-expired.example,cold,1372312,2,False,1788804159.4812665,
bind,expired,test.test-expired.example,cold,1168036,2,False,1788804159.4825103,
bind,expired,test.test-expired.example,cold,1609226,2,False,1788804159.4842088,
bind,expired,test.test-expired.example,cold,1422876,2,False,1788804159.48573,
bind,expired,test.test-expired.example,cold,1339801,2,False,1788804159.487186,
bind,expired,test.test-expired.example,cold,1263938,2,False,1788804159.4885893,
bind,expired,test.test-expired.example,cold,1286516,2,False,1788804159.4899347,
bind,expired,test.test-expired.example,cold,4730009,2,False,1788804159.494894,
bind,expired,test.test-expired.example,cold,1545401,2,False,1788804159.4965875,
bind,expired,test.test-expired.example,cold,1380452,2,False,1788804159.4980462,
bind,expired,test.test-expired.example,cold,1327953,2,False,1788804159.4994502,
bind,expired,test.test-expired.example,cold,1288958,2,False,1788804159.5008092,
bind,expired,test.test-expired.example,cold,1467121,2,False,1788804159.5024097,
bind,expired,test.test-expired.example,cold,1297513,2,False,1788804159.5037909,
bind,expired,test.test-expired.example,cold,1263303,2,False,1788804159.5051765,
bind,expired,test.test-expired.example,cold,1260530,2,False,1788804159.5065124,
bind,expired,test.test-expired.example,cold,1398237,2,False,1788804159.5079827,
bind,expired,test.test-expired.example,cold,1308788,2,False,1788804159.5093632,
bind,expired,test.test-expired.example,cold,1405508,2,False,1788804159.5108705,
bind,expired,test.test-expired.example,cold,1515696,2,False,1788804159.5124602,
bind,expired,test.test-expired.example,cold,1221368,2,False,1788804159.5137634,
bind,expired,test.test-expired.example,cold,1387398,2,False,1788804159.5153277,
bind,expired,test.test-expired.example,cold,1352476,2,False,1788804159.5167518,
bind,expired,test.test-expired.example,cold,1348931,2,False,1788804159.518168,
bind,expired,test.test-expired.example,cold,1776886,2,False,1788804159.5200088,
bind,expired,test.test-expired.example,cold,1444706,2,False,1788804159.5215337,
bind,expired,test.test-expired.example,cold,1492087,2,False,1788804159.5230975,
bind,expired,test.test-expired.example,cold,1522813,2,False,1788804159.5246882,
bind,expired,test.test-expired.example,cold,2643558,2,False,1788804159.527406,
bind,expired,test.test-expired.example,cold,1738177,2,False,1788804159.5292346,
bind,expired,test.test-expired.example,cold,1638182,2,False,1788804159.530966,
bind,expired,test.test-expired.example,cold,2003405,2,False,1788804159.5330405,
bind,expired,test.test-expired.example,cold,1972987,2,False,1788804159.5351467,
bind,expired,test.test-expired.example,cold,2086891,2,False,1788804159.5373304,
bind,expired,test.test-expired.example,cold,1342865,2,False,1788804159.5387533,
bind,expired,test.test-expired.example,cold,1331993,2,False,1788804159.540158,
bind,expired,test.test-expired.example,cold,1690321,2,False,1788804159.5419204,
bind,expired,test.test-expired.example,cold,1660310,2,False,1788804159.5436544,
bind,expired,test.test-expired.example,cold,1805918,2,False,1788804159.5455618,
bind,expired,test.test-expired.example,cold,1388829,2,False,1788804159.5470426,
bind,expired,test.test-expired.example,cold,1660445,2,False,1788804159.5487826,
bind,expired,test.test-expired.example,cold,3803519,2,False,1788804159.552681,
bind,expired,test.test-expired.example,cold,2047694,2,False,1788804159.5548532,
bind,expired,test.test-expired.example,cold,2504563,2,False,1788804159.5575876,
bind,expired,test.test-expired.example,cold,2519059,2,False,1788804159.5602083,
bind,expired,test.test-expired.example,cold,1515102,2,False,1788804159.561805,
bind,expired,test.test-expired.example,cold,1339268,2,False,1788804159.5632243,
bind,expired,test.test-expired.example,cold,1585345,2,False,1788804159.5648754,
bind,expired,test.test-expired.example,cold,1248365,2,False,1788804159.5661929,
bind,expired,test.test-expired.example,cold,1542909,2,False,1788804159.5678124,
bind,expired,test.test-expired.example,cold,1690051,2,False,1788804159.5695827,
bind,expired,test.test-expired.example,cold,1343203,2,False,1788804159.5710864,
bind,expired,test.test-expired.example,cold,1432605,2,False,1788804159.5726693,
bind,expired,test.test-expired.example,cold,1768149,2,False,1788804159.5745342,
bind,expired,test.test-expired.example,cold,1600881,2,False,1788804159.5762396,
bind,expired,test.test-expired.example,cold,1179365,2,False,1788804159.5774848,
bind,expired,test.test-expired.example,cold,1166192,2,False,1788804159.578703,
bind,expired,test.test-expired.example,cold,1423113,2,False,1788804159.5802095,
bind,expired,test.test-expired.example,cold,1373457,2,False,1788804159.5816407,
bind,expired,test.test-expired.example,cold,2725510,2,False,1788804159.5846617,
bind,expired,test.test-expired.example,cold,2084990,2,False,1788804159.5868556,
bind,expired,test.test-expired.example,cold,1533899,2,False,1788804159.5885124,
bind,expired,test.test-expired.example,cold,1941071,2,False,1788804159.5905247,
bind,expired,test.test-expired.example,cold,1559259,2,False,1788804159.592166,
bind,expired,test.test-expired.example,cold,1510967,2,False,1788804159.593765,
bind,expired,test.test-expired.example,cold,1320739,2,False,1788804159.5951605,
bind,expired,test.test-expired.example,cold,1382205,2,False,1788804159.5967155,
bind,expired,test.test-expired.example,cold,1254641,2,False,1788804159.5981536,
bind,expired,test.test-expired.example,cold,1341359,2,False,1788804159.5995705,
bind,expired,test.test-expired.example,cold,1296534,2,False,1788804159.6009424,
bind,expired,test.test-expired.example,cold,1348574,2,False,1788804159.6023564,
bind,expired,test.test-expired.example,cold,1427788,2,False,1788804159.6038654,
bind,expired,test.test-expired.example,cold,1287447,2,False,1788804159.6052365,
bind,expired,test.test-expired.example,cold,1656915,2,False,1788804159.6069627,
bind,expired,test.test-expired.example,cold,3693761,2,False,1788804159.6107373,
bind,expired,test.test-expired.example,cold,1983439,2,False,1788804159.6128192,
bind,expired,test.test-expired.example,cold,2224870,2,False,1788804159.6156178,
bind,expired,test.test-expired.example,cold,1617041,2,False,1788804159.6174283,
bind,expired,test.test-expired.example,cold,1480391,2,False,1788804159.6189916,
bind,expired,test.test-expired.example,cold,1265298,2,False,1788804159.6203375,
bind,expired,test.test-expired.example,cold,1359816,2,False,1788804159.6217725,
bind,expired,test.test-expired.example,cold,4914509,2,False,1788804159.6267734,
bind,expired,test.test-expired.example,cold,1860262,2,False,1788804159.6287355,
bind,expired,test.test-expired.example,cold,1443471,2,False,1788804159.6302726,
bind,expired,test.test-expired.example,cold,1580179,2,False,1788804159.631969,
bind,expired,test.test-expired.example,cold,1334415,2,False,1788804159.6333835,
bind,expired,test.test-expired.example,cold,1384888,2,False,1788804159.6348388,
bind,expired,test.test-expired.example,cold,1322674,2,False,1788804159.6362295,
bind,expired,test.test-expired.example,cold,1596940,2,False,1788804159.6379044,
bind,expired,test.test-expired.example,cold,1341380,2,False,1788804159.6393209,
bind,expired,test.test-expired.example,cold,1414031,2,False,1788804159.6408074,
bind,expired,test.test-expired.example,cold,1373033,2,False,1788804159.6422565,
bind,expired,test.test-expired.example,cold,1206783,2,False,1788804159.6435382,
bind,expired,test.test-expired.example,cold,1137179,2,False,1788804159.6447446,
bind,expired,test.test-expired.example,cold,1312668,2,False,1788804159.646125,
bind,expired,test.test-expired.example,cold,1510538,2,False,1788804159.6478312,
bind,expired,test.test-expired.example,cold,1544021,2,False,1788804159.6495826,
bind,expired,test.test-expired.example,cold,1305762,2,False,1788804159.6509671,
bind,expired,test.test-expired.example,cold,2010576,2,False,1788804159.6530519,
bind,expired,test.test-expired.example,cold,1544788,2,False,1788804159.654684,
bind,expired,test.test-expired.example,cold,1214642,2,False,1788804159.655991,
bind,expired,test.test-expired.example,cold,1184280,2,False,1788804159.6572666,
bind,expired,test.test-expired.example,cold,1151194,2,False,1788804159.6584868,
bind,expired,test.test-expired.example,cold,1232220,2,False,1788804159.6597903,
bind,expired,test.test-expired.example,cold,1147187,2,False,1788804159.6610153,
bind,expired,test.test-expired.example,cold,1291378,2,False,1788804159.6623812,
bind,expired,test.test-expired.example,cold,1288376,2,False,1788804159.6637492,
bind,expired,test.test-expired.example,cold,1173893,2,False,1788804159.6650386,
bind,expired,test.test-expired.example,cold,1445856,2,False,1788804159.6665688,
bind,expired,test.test-expired.example,cold,1622692,2,False,1788804159.6682665,
bind,expired,test.test-expired.example,cold,1322546,2,False,1788804159.669666,
bind,expired,test.test-expired.example,cold,1365830,2,False,1788804159.6711042,
bind,expired,test.test-expired.example,cold,1228428,2,False,1788804159.6724014,
bind,expired,test.test-expired.example,cold,1271808,2,False,1788804159.673752,
bind,expired,test.test-expired.example,cold,1368939,2,False,1788804159.6752908,
bind,expired,test.test-expired.example,cold,1274171,2,False,1788804159.6766317,
bind,expired,test.test-expired.example,cold,1207841,2,False,1788804159.6779115,
bind,expired,test.test-expired.example,cold,1440103,2,False,1788804159.6794271,
bind,expired,test.test-expired.example,cold,1297555,2,False,1788804159.6808038,
bind,expired,test.test-expired.example,cold,1313152,2,False,1788804159.6821902,
bind,expired,test.test-expired.example,cold,1205065,2,False,1788804159.6834745,
bind,expired,test.test-expired.example,cold,1473248,2,False,1788804159.6850197,
bind,expired,test.test-expired.example,cold,1692066,2,False,1788804159.6867907,
bind,expired,test.test-expired.example,cold,1421711,2,False,1788804159.6883025,
bind,expired,test.test-expired.example,cold,1665335,2,False,1788804159.6900468,
bind,expired,test.test-expired.example,cold,1345930,2,False,1788804159.6914732,
bind,expired,test.test-expired.example,cold,1733006,2,False,1788804159.6932871,
bind,expired,test.test-expired.example,cold,1532146,2,False,1788804159.6949072,
bind,expired,test.test-expired.example,cold,1459167,2,False,1788804159.696457,
bind,expired,test.test-expired.example,cold,1361153,2,False,1788804159.6978846,
bind,expired,test.test-expired.example,cold,1491731,2,False,1788804159.6994581,
bind,expired,test.test-expired.example,cold,1435603,2,False,1788804159.7009583,
bind,expired,test.test-expired.example,cold,1492858,2,False,1788804159.702528,
bind,expired,test.test-expired.example,cold,1325778,2,False,1788804159.7039406,
bind,expired,test.test-expired.example,cold,1276270,2,False,1788804159.705288,
bind,expired,test.test-expired.example,cold,1355579,2,False,1788804159.7067134,
bind,expired,test.test-expired.example,cold,1404072,2,False,1788804159.708191,
bind,expired,test.test-expired.example,cold,1385410,2,False,1788804159.7096522,
bind,expired,test.test-expired.example,cold,1413212,2,False,1788804159.711122,
bind,expired,test.test-expired.example,cold,1319812,2,False,1788804159.712509,
bind,expired,test.test-expired.example,cold,1276808,2,False,1788804159.7138524,
bind,expired,test.test-expired.example,cold,1508330,2,False,1788804159.7154224,
bind,expired,test.test-expired.example,cold,1437917,2,False,1788804159.7169406,
bind,expired,test.test-expired.example,cold,1318418,2,False,1788804159.7183492,
bind,expired,test.test-expired.example,cold,1380907,2,False,1788804159.7198067,
bind,expired,test.test-expired.example,cold,1282580,2,False,1788804159.7211578,
bind,expired,test.test-expired.example,cold,1280068,2,False,1788804159.7225003,
bind,expired,test.test-expired.example,cold,1389555,2,False,1788804159.7239573,
bind,expired,test.test-expired.example,cold,1309702,2,False,1788804159.7255008,
bind,expired,test.test-expired.example,cold,1280617,2,False,1788804159.7268453,
bind,expired,test.test-expired.example,cold,1346656,2,False,1788804159.7282624,
bind,expired,test.test-expired.example,cold,1315093,2,False,1788804159.7297184,
bind,expired,test.test-expired.example,cold,1244208,2,False,1788804159.7310252,
bind,expired,test.test-expired.example,cold,1429409,2,False,1788804159.7325842,
bind,expired,test.test-expired.example,cold,3364695,2,False,1788804159.736041,
bind,expired,test.test-expired.example,cold,2140246,2,False,1788804159.7383096,
bind,expired,test.test-expired.example,cold,1661475,2,False,1788804159.7400875,
bind,expired,test.test-expired.example,cold,1276338,2,False,1788804159.7414467,
bind,expired,test.test-expired.example,cold,1489188,2,False,1788804159.7430131,
bind,expired,test.test-expired.example,cold,1486900,2,False,1788804159.744646,
bind,expired,test.test-expired.example,cold,1570995,2,False,1788804159.7462902,
bind,expired,test.test-expired.example,cold,1805093,2,False,1788804159.7481833,
bind,expired,test.test-expired.example,cold,1418940,2,False,1788804159.7496731,
bind,expired,test.test-expired.example,cold,1323783,2,False,1788804159.7510674,
bind,expired,test.test-expired.example,cold,1215326,2,False,1788804159.7523565,
bind,expired,test.test-expired.example,cold,1194939,2,False,1788804159.7536252,
bind,expired,test.test-expired.example,cold,1138924,2,False,1788804159.7548327,
bind,expired,test.test-expired.example,cold,1362320,2,False,1788804159.7562609,
bind,expired,test.test-expired.example,cold,1257789,2,False,1788804159.7575855,
bind,expired,test.test-expired.example,cold,1566412,2,False,1788804159.7592127,
bind,expired,test.test-expired.example,cold,2948775,2,False,1788804159.7622375,
bind,expired,test.test-expired.example,cold,1981380,2,False,1788804159.7643192,
bind,expired,test.test-expired.example,cold,1684141,2,False,1788804159.766104,
bind,expired,test.test-expired.example,cold,1617168,2,False,1788804159.7678285,
bind,expired,test.test-expired.example,cold,1680470,2,False,1788804159.7695885,
bind,expired,test.test-expired.example,cold,2065178,2,False,1788804159.7717414,
bind,expired,test.test-expired.example,cold,1624526,2,False,1788804159.7734463,
bind,expired,test.test-expired.example,cold,1749956,2,False,1788804159.7752638,
bind,expired,test.test-expired.example,cold,1335539,2,False,1788804159.7767246,
bind,expired,test.test-expired.example,cold,1301543,2,False,1788804159.7780993,
bind,expired,test.test-expired.example,cold,1730305,2,False,1788804159.7798986,
bind,expired,test.test-expired.example,cold,2025760,2,False,1788804159.7820053,
bind,expired,test.test-expired.example,cold,1619082,2,False,1788804159.783837,
bind,expired,test.test-expired.example,cold,1483271,2,False,1788804159.7854006,
bind,expired,test.test-expired.example,cold,1488415,2,False,1788804159.7869682,
bind,expired,test.test-expired.example,cold,1438119,2,False,1788804159.788493,
bind,expired,test.test-expired.example,cold,1421774,2,False,1788804159.7899954,
bind,expired,test.test-expired.example,cold,1293674,2,False,1788804159.7913575,
bind,expired,test.test-expired.example,cold,1350928,2,False,1788804159.79277,
bind,expired,test.test-expired.example,cold,1293370,2,False,1788804159.7941248,
bind,expired,test.test-expired.example,cold,1446489,2,False,1788804159.7956378,
bind,expired,test.test-expired.example,cold,1355492,2,False,1788804159.7970672,
bind,expired,test.test-expired.example,cold,1381039,2,False,1788804159.7985227,
bind,expired,test.test-expired.example,cold,1373668,2,False,1788804159.7999716,
bind,expired,test.test-expired.example,cold,1322525,2,False,1788804159.8013685,
bind,expired,test.test-expired.example,cold,1657467,2,False,1788804159.8030891,
bind,expired,test.test-expired.example,cold,1742192,2,False,1788804159.8049076,
bind,expired,test.test-expired.example,cold,1922382,2,False,1788804159.8069062,
bind,expired,test.test-expired.example,cold,3720778,2,False,1788804159.8107169,
bind,expired,test.test-expired.example,cold,1576619,2,False,1788804159.8123872,
bind,expired,test.test-expired.example,cold,1473088,2,False,1788804159.8140333,
bind,expired,test.test-expired.example,cold,1459716,2,False,1788804159.8155746,
bind,expired,test.test-expired.example,cold,1528617,2,False,1788804159.817183,
bind,expired,test.test-expired.example,cold,1621329,2,False,1788804159.8190205,
bind,expired,test.test-expired.example,cold,1391903,2,False,1788804159.8204913,
bind,expired,test.test-expired.example,cold,1244792,2,False,1788804159.8219123,
bind,expired,test.test-expired.example,cold,1387432,2,False,1788804159.8235133,
bind,expired,test.test-expired.example,cold,3956502,2,False,1788804159.8275437,
bind,expired,test.test-expired.example,cold,1495587,2,False,1788804159.829152,
bind,expired,test.test-expired.example,cold,1364537,2,False,1788804159.830582,
bind,expired,test.test-expired.example,cold,1345424,2,False,1788804159.8320951,
bind,expired,test.test-expired.example,cold,1462294,2,False,1788804159.833653,
bind,expired,test.test-expired.example,cold,1604288,2,False,1788804159.8353252,
bind,expired,test.test-expired.example,cold,1571048,2,False,1788804159.837007,
bind,expired,test.test-expired.example,cold,1267235,2,False,1788804159.838463,
bind,expired,test.test-expired.example,cold,1283747,2,False,1788804159.839837,
bind,expired,test.test-expired.example,cold,1719140,2,False,1788804159.8416204,
bind,expired,test.test-expired.example,cold,1411593,2,False,1788804159.8431032,
bind,expired,test.test-expired.example,cold,1398410,2,False,1788804159.8445833,
bind,expired,test.test-expired.example,cold,1516107,2,False,1788804159.8461845,
bind,expired,test.test-expired.example,cold,1629753,2,False,1788804159.8479033,
bind,expired,test.test-expired.example,cold,1434746,2,False,1788804159.8494358,
bind,expired,test.test-expired.example,cold,1488081,2,False,1788804159.8510058,
bind,expired,test.test-expired.example,cold,2994546,2,False,1788804159.8541107,
bind,expired,test.test-expired.example,cold,2511514,2,False,1788804159.8567128,
bind,expired,test.test-expired.example,cold,1457321,2,False,1788804159.8582573,
bind,expired,test.test-expired.example,cold,1633722,2,False,1788804159.8600326,
bind,expired,test.test-expired.example,cold,1578467,2,False,1788804159.8617058,
bind,expired,test.test-expired.example,cold,1508199,2,False,1788804159.863289,
bind,expired,test.test-expired.example,cold,1345918,2,False,1788804159.8647118,
bind,expired,test.test-expired.example,cold,1306624,2,False,1788804159.8660905,
bind,expired,test.test-expired.example,cold,1329463,2,False,1788804159.8674896,
bind,expired,test.test-expired.example,cold,1229994,2,False,1788804159.8687878,
bind,expired,test.test-expired.example,cold,1662030,2,False,1788804159.8705227,
bind,expired,test.test-expired.example,cold,1246583,2,False,1788804159.8718517,
bind,expired,test.test-expired.example,cold,1711731,2,False,1788804159.87363,
bind,expired,test.test-expired.example,cold,1318333,2,False,1788804159.8750272,
bind,expired,test.test-expired.example,cold,1312758,2,False,1788804159.8765068,
bind,expired,test.test-expired.example,cold,1242782,2,False,1788804159.8778274,
bind,expired,test.test-expired.example,cold,1277070,2,False,1788804159.8792975,
bind,expired,test.test-expired.example,cold,1500039,2,False,1788804159.8808687,
bind,expired,test.test-expired.example,cold,1376232,2,False,1788804159.882318,
bind,expired,test.test-expired.example,cold,1254313,2,False,1788804159.883677,
bind,expired,test.test-expired.example,cold,1239579,2,False,1788804159.8849864,
bind,expired,test.test-expired.example,cold,1410731,2,False,1788804159.886476,
bind,expired,test.test-expired.example,cold,1411823,2,False,1788804159.88809,
bind,expired,test.test-expired.example,cold,1522581,2,False,1788804159.8898883,
bind,expired,test.test-expired.example,cold,1940963,2,False,1788804159.8919132,
bind,expired,test.test-expired.example,cold,1463995,2,False,1788804159.8934636,
bind,expired,test.test-expired.example,cold,1558813,2,False,1788804159.8951037,
bind,expired,test.test-expired.example,cold,1568347,2,False,1788804159.8967566,
bind,expired,test.test-expired.example,cold,1452799,2,False,1788804159.8983197,
bind,expired,test.test-expired.example,cold,1404769,2,False,1788804159.8999047,
bind,expired,test.test-expired.example,cold,1407362,2,False,1788804159.9013906,
bind,expired,test.test-expired.example,cold,1376119,2,False,1788804159.9028606,
bind,expired,test.test-expired.example,cold,3786721,2,False,1788804159.9067147,
bind,expired,test.test-expired.example,cold,1536608,2,False,1788804159.9083476,
bind,expired,test.test-expired.example,cold,1384278,2,False,1788804159.9099638,
bind,expired,test.test-expired.example,cold,1285201,2,False,1788804159.9113257,
bind,expired,test.test-expired.example,cold,1394057,2,False,1788804159.9127877,
bind,expired,test.test-expired.example,cold,1337654,2,False,1788804159.9141989,
bind,expired,test.test-expired.example,cold,1182859,2,False,1788804159.915474,
bind,expired,test.test-expired.example,cold,1243573,2,False,1788804159.916814,
bind,expired,test.test-expired.example,cold,1252639,2,False,1788804159.9181824,
bind,expired,test.test-expired.example,cold,1364117,2,False,1788804159.919613,
bind,expired,test.test-expired.example,cold,1537168,2,False,1788804159.921224,
bind,expired,test.test-expired.example,cold,1483506,2,False,1788804159.9228106,
bind,expired,test.test-expired.example,cold,1302383,2,False,1788804159.9241867,
bind,expired,test.test-expired.example,cold,1356381,2,False,1788804159.9256196,
bind,expired,test.test-expired.example,cold,1699981,2,False,1788804159.9274087,
bind,expired,test.test-expired.example,cold,1738254,2,False,1788804159.9292297,
bind,expired,test.test-expired.example,cold,1345468,2,False,1788804159.9306507,
bind,expired,test.test-expired.example,cold,1594429,2,False,1788804159.932349,
bind,expired,test.test-expired.example,cold,2173805,2,False,1788804159.9346282,
bind,expired,test.test-expired.example,cold,2329117,2,False,1788804159.9370592,
bind,expired,test.test-expired.example,cold,1627179,2,False,1788804159.9387782,
bind,expired,test.test-expired.example,cold,1185898,2,False,1788804159.9400403,
bind,expired,test.test-expired.example,cold,1207944,2,False,1788804159.9413166,
bind,expired,test.test-expired.example,cold,1312216,2,False,1788804159.9426975,
bind,expired,test.test-expired.example,cold,1411294,2,False,1788804159.9441876,
bind,expired,test.test-expired.example,cold,1503415,2,False,1788804159.945768,
bind,expired,test.test-expired.example,cold,1447979,2,False,1788804159.9472883,
bind,expired,test.test-expired.example,cold,2667789,2,False,1788804159.9500508,
bind,expired,test.test-expired.example,cold,4813086,2,False,1788804159.9549844,
bind,expired,test.test-expired.example,cold,2646961,2,False,1788804159.9578621,
bind,expired,test.test-expired.example,cold,1769126,2,False,1788804159.9597337,
bind,expired,test.test-expired.example,cold,1464995,2,False,1788804159.961288,
bind,expired,test.test-expired.example,cold,1558912,2,False,1788804159.9629214,
bind,expired,test.test-expired.example,cold,1477678,2,False,1788804159.9645884,
bind,expired,test.test-expired.example,cold,1523176,2,False,1788804159.966285,
bind,expired,test.test-expired.example,cold,1591921,2,False,1788804159.9680011,
bind,expired,test.test-expired.example,cold,1406275,2,False,1788804159.9696305,
bind,expired,test.test-expired.example,cold,1328257,2,False,1788804159.9710395,
bind,expired,test.test-expired.example,cold,1456808,2,False,1788804159.972579,
bind,expired,test.test-expired.example,cold,5816430,2,False,1788804159.9785032,
bind,expired,test.test-expired.example,cold,3511110,2,False,1788804159.9821424,
bind,expired,test.test-expired.example,cold,2127797,2,False,1788804159.9843717,
bind,expired,test.test-expired.example,cold,1511795,2,False,1788804159.986114,
bind,expired,test.test-expired.example,cold,1466389,2,False,1788804159.9876618,
bind,expired,test.test-expired.example,cold,1513796,2,False,1788804159.9892638,
bind,expired,test.test-expired.example,cold,1384710,2,False,1788804159.990841,
bind,expired,test.test-expired.example,cold,1452130,2,False,1788804159.9923854,
bind,expired,test.test-expired.example,cold,1472395,2,False,1788804159.9939337,
bind,expired,test.test-expired.example,cold,1278003,2,False,1788804159.9952843,
bind,expired,test.test-expired.example,cold,1281017,2,False,1788804159.9966314,
bind,expired,test.test-expired.example,cold,1082671,2,False,1788804159.9977748,
bind,expired,test.test-expired.example,cold,1399765,2,False,1788804159.999292,
bind,expired,test.test-expired.example,cold,1326674,2,False,1788804160.000686,
bind,expired,test.test-expired.example,cold,1227794,2,False,1788804160.0019891,
bind,expired,test.test-expired.example,cold,1161150,2,False,1788804160.0032258,
bind,expired,test.test-expired.example,cold,1355503,2,False,1788804160.0046525,
bind,expired,test.test-expired.example,cold,1271431,2,False,1788804160.0060136,
bind,expired,test.test-expired.example,cold,1528597,2,False,1788804160.0076234,
bind,expired,test.test-expired.example,cold,1337263,2,False,1788804160.0091026,
bind,expired,test.test-expired.example,cold,1279100,2,False,1788804160.0104425,
bind,expired,test.test-expired.example,cold,1202046,2,False,1788804160.0117157,
bind,expired,test.test-expired.example,cold,1234123,2,False,1788804160.0130198,
bind,expired,test.test-expired.example,cold,1727940,2,False,1788804160.0148246,
bind,expired,test.test-expired.example,cold,1560442,2,False,1788804160.0164638,
bind,expired,test.test-expired.example,cold,1202261,2,False,1788804160.0177696,
bind,expired,test.test-expired.example,cold,1598459,2,False,1788804160.0194385,
bind,expired,test.test-expired.example,cold,1814141,2,False,1788804160.0213473,
bind,expired,test.test-expired.example,cold,1362128,2,False,1788804160.0228593,
bind,expired,test.test-expired.example,cold,1120916,2,False,1788804160.0240462,
bind,expired,test.test-expired.example,cold,1219095,2,False,1788804160.0253313,
bind,expired,test.test-expired.example,cold,1324776,2,False,1788804160.02672,
bind,expired,test.test-expired.example,cold,1360530,2,False,1788804160.0281434,
bind,expired,test.test-expired.example,cold,1195337,2,False,1788804160.0294056,
bind,expired,test.test-expired.example,cold,1448102,2,False,1788804160.0311155,
bind,expired,test.test-expired.example,cold,1238989,2,False,1788804160.032434,
bind,expired,test.test-expired.example,cold,1274504,2,False,1788804160.0337715,
bind,expired,test.test-expired.example,cold,1235993,2,False,1788804160.0351117,
bind,expired,test.test-expired.example,cold,1318826,2,False,1788804160.0364988,
bind,expired,test.test-expired.example,cold,1238705,2,False,1788804160.0378363,
bind,expired,test.test-expired.example,cold,1253126,2,False,1788804160.0391467,
bind,expired,test.test-expired.example,cold,1285686,2,False,1788804160.0405023,
bind,expired,test.test-expired.example,cold,2955030,2,False,1788804160.0435593,
bind,expired,test.test-expired.example,cold,1642937,2,False,1788804160.0453427,
bind,expired,test.test-expired.example,cold,1854180,2,False,1788804160.0472977,
bind,expired,test.test-expired.example,cold,1637693,2,False,1788804160.0491297,
bind,expired,test.test-expired.example,cold,1674356,2,False,1788804160.050905,
bind,expired,test.test-expired.example,cold,1335171,2,False,1788804160.0523179,
bind,expired,test.test-expired.example,cold,1244690,2,False,1788804160.0536432,
bind,expired,test.test-expired.example,cold,1432046,2,False,1788804160.0551517,
bind,expired,test.test-expired.example,cold,1490964,2,False,1788804160.0569136,
bind,expired,test.test-expired.example,cold,1825061,2,False,1788804160.0588255,
bind,expired,test.test-expired.example,cold,2283202,2,False,1788804160.0612464,
bind,expired,test.test-expired.example,cold,2489090,2,False,1788804160.063842,
bind,expired,test.test-expired.example,cold,3705522,2,False,1788804160.0676353,
bind,expired,test.test-expired.example,cold,2280991,2,False,1788804160.0700185,
bind,expired,test.test-expired.example,cold,1629859,2,False,1788804160.071766,
bind,expired,test.test-expired.example,cold,1579198,2,False,1788804160.0734437,
bind,expired,test.test-expired.example,cold,1595078,2,False,1788804160.0751207,
bind,expired,test.test-expired.example,cold,1339619,2,False,1788804160.0765402,
bind,expired,test.test-expired.example,cold,1638333,2,False,1788804160.0782528,
bind,expired,test.test-expired.example,cold,2047580,2,False,1788804160.0804012,
bind,expired,test.test-expired.example,cold,1544313,2,False,1788804160.082019,
bind,expired,test.test-expired.example,cold,1356585,2,False,1788804160.0834517,
bind,expired,test.test-expired.example,cold,1423672,2,False,1788804160.0849493,
bind,expired,test.test-expired.example,cold,4745035,2,False,1788804160.0897596,
bind,expired,test.test-expired.example,cold,1952122,2,False,1788804160.0919318,
bind,expired,test.test-expired.example,cold,1903829,2,False,1788804160.0939085,
bind,expired,test.test-expired.example,cold,1988834,2,False,1788804160.0960019,
bind,expired,test.test-expired.example,cold,1480954,2,False,1788804160.0975766,
bind,expired,test.test-expired.example,cold,1286030,2,False,1788804160.0989501,
bind,expired,test.test-expired.example,cold,1270990,2,False,1788804160.1003048,
bind,expired,test.test-expired.example,cold,1416811,2,False,1788804160.101797,
bind,expired,test.test-expired.example,cold,1346057,2,False,1788804160.1032968,
bind,expired,test.test-expired.example,cold,1492298,2,False,1788804160.1048663,
bind,expired,test.test-expired.example,cold,1292825,2,False,1788804160.1063268,
bind,expired,test.test-expired.example,cold,1381732,2,False,1788804160.1078007,
bind,expired,test.test-expired.example,cold,1606110,2,False,1788804160.1094809,
bind,expired,test.test-expired.example,cold,1463279,2,False,1788804160.1110272,
bind,expired,test.test-expired.example,cold,1312242,2,False,1788804160.1124163,
bind,expired,test.test-expired.example,cold,1392663,2,False,1788804160.1138818,
bind,expired,test.test-expired.example,cold,1327233,2,False,1788804160.115289,
bind,expired,test.test-expired.example,cold,1367187,2,False,1788804160.116728,
bind,expired,test.test-expired.example,cold,1321497,2,False,1788804160.1181226,
bind,expired,test.test-expired.example,cold,1488234,2,False,1788804160.1196835,
bind,expired,test.test-expired.example,cold,1533187,2,False,1788804160.1213045,
bind,expired,test.test-expired.example,cold,1414445,2,False,1788804160.122803,
bind,expired,test.test-expired.example,cold,1255437,2,False,1788804160.124131,
bind,expired,test.test-expired.example,cold,1353879,2,False,1788804160.125581,
bind,expired,test.test-expired.example,cold,1226044,2,False,1788804160.1268845,
bind,expired,test.test-expired.example,cold,1280463,2,False,1788804160.1282418,
bind,expired,test.test-expired.example,cold,1218329,2,False,1788804160.1295173,
bind,expired,test.test-expired.example,cold,1371941,2,False,1788804160.1309514,
bind,expired,test.test-expired.example,cold,1334969,2,False,1788804160.1323576,
bind,expired,test.test-expired.example,cold,4495829,2,False,1788804160.136927,
bind,expired,test.test-expired.example,cold,1538080,2,False,1788804160.1385503,
bind,expired,test.test-expired.example,cold,1412467,2,False,1788804160.1400442,
bind,expired,test.test-expired.example,cold,1400556,2,False,1788804160.1415281,
bind,expired,test.test-expired.example,cold,1318274,2,False,1788804160.1429234,
bind,expired,test.test-expired.example,cold,1173520,2,False,1788804160.1441665,
bind,expired,test.test-expired.example,cold,1578510,2,False,1788804160.1458433,
bind,expired,test.test-expired.example,cold,1823911,2,False,1788804160.147825,
bind,expired,test.test-expired.example,cold,1745603,2,False,1788804160.1496637,
bind,expired,test.test-expired.example,cold,1557501,2,False,1788804160.1514573,
bind,expired,test.test-expired.example,cold,1535685,2,False,1788804160.1530645,
bind,expired,test.test-expired.example,cold,1397431,2,False,1788804160.1545398,
bind,expired,test.test-expired.example,cold,1349648,2,False,1788804160.1559627,
bind,expired,test.test-expired.example,cold,1565172,2,False,1788804160.1576016,
bind,expired,test.test-expired.example,cold,1420663,2,False,1788804160.1591086,
bind,expired,test.test-expired.example,cold,1336402,2,False,1788804160.160515,
bind,expired,test.test-expired.example,cold,1328851,2,False,1788804160.161901,
bind,expired,test.test-expired.example,cold,1374833,2,False,1788804160.1633463,
bind,expired,test.test-expired.example,cold,1475218,2,False,1788804160.1648965,
bind,expired,test.test-expired.example,cold,1362087,2,False,1788804160.166374,
bind,expired,test.test-expired.example,cold,1576248,2,False,1788804160.1680315,
bind,expired,test.test-expired.example,cold,2716054,2,False,1788804160.1708546,
bind,expired,test.test-expired.example,cold,2022087,2,False,1788804160.172984,
bind,expired,test.test-expired.example,cold,1327929,2,False,1788804160.1746058,
bind,expired,test.test-expired.example,cold,1703909,2,False,1788804160.1763864,
bind,expired,test.test-expired.example,cold,1929692,2,False,1788804160.1785886,
bind,expired,test.test-expired.example,cold,1960530,2,False,1788804160.1806424,
bind,expired,test.test-expired.example,cold,1417376,2,False,1788804160.1821382,
bind,expired,test.test-expired.example,cold,1400024,2,False,1788804160.1836195,
bind,expired,test.test-expired.example,cold,1310200,2,False,1788804160.1850066,
bind,expired,test.test-expired.example,cold,1434188,2,False,1788804160.1865284,
bind,expired,test.test-expired.example,cold,1486999,2,False,1788804160.188105,
bind,expired,test.test-expired.example,cold,1337229,2,False,1788804160.1895313,
bind,expired,test.test-expired.example,cold,1446384,2,False,1788804160.191104,
bind,expired,test.test-expired.example,cold,1351104,2,False,1788804160.1925337,
bind,expired,test.test-expired.example,cold,1253273,2,False,1788804160.1938493,
bind,expired,test.test-expired.example,cold,1246066,2,False,1788804160.1951635,
bind,expired,test.test-expired.example,cold,1275174,2,False,1788804160.1964998,
bind,expired,test.test-expired.example,cold,1265571,2,False,1788804160.1978168,
bind,expired,test.test-expired.example,cold,1453915,2,False,1788804160.1993368,
bind,expired,test.test-expired.example,cold,1216278,2,False,1788804160.2006226,
bind,expired,test.test-expired.example,cold,1233778,2,False,1788804160.2019968,
bind,expired,test.test-expired.example,cold,1343145,2,False,1788804160.203402,
bind,expired,test.test-expired.example,cold,1201631,2,False,1788804160.2046776,
bind,expired,test.test-expired.example,cold,1254924,2,False,1788804160.2060103,
bind,expired,test.test-expired.example,cold,1428141,2,False,1788804160.2075164,
bind,expired,test.test-expired.example,cold,1230051,2,False,1788804160.2088802,
bind,expired,test.test-expired.example,cold,1228000,2,False,1788804160.2101693,
bind,expired,test.test-expired.example,cold,1093716,2,False,1788804160.2113311,
bind,expired,test.test-expired.example,cold,1289806,2,False,1788804160.212732,
bind,expired,test.test-expired.example,cold,1221354,2,False,1788804160.2140203,
bind,expired,test.test-expired.example,cold,1444375,2,False,1788804160.2155635,
bind,expired,test.test-expired.example,cold,1304154,2,False,1788804160.2170005,
bind,expired,test.test-expired.example,cold,1448614,2,False,1788804160.2185624,
bind,expired,test.test-expired.example,cold,1377980,2,False,1788804160.220012,
bind,expired,test.test-expired.example,cold,1254161,2,False,1788804160.2213364,
bind,expired,test.test-expired.example,cold,1424348,2,False,1788804160.2228255,
bind,expired,test.test-expired.example,cold,1475805,2,False,1788804160.2243686,
bind,expired,test.test-expired.example,cold,1353387,2,False,1788804160.2257986,
bind,expired,test.test-expired.example,cold,1530409,2,False,1788804160.2273982,
bind,expired,test.test-expired.example,cold,1393439,2,False,1788804160.228863,
bind,expired,test.test-expired.example,cold,1356430,2,False,1788804160.2302992,
bind,expired,test.test-expired.example,cold,1295703,2,False,1788804160.2317057,
bind,expired,test.test-expired.example,cold,1447157,2,False,1788804160.2332227,
bind,expired,test.test-expired.example,cold,1389780,2,False,1788804160.2347035,
bind,expired,test.test-expired.example,cold,1395277,2,False,1788804160.2361798,
bind,expired,test.test-expired.example,cold,1375496,2,False,1788804160.2376456,
bind,expired,test.test-expired.example,cold,1230191,2,False,1788804160.2389483,
bind,expired,test.test-expired.example,cold,1193652,2,False,1788804160.2402163,
bind,expired,test.test-expired.example,cold,1376711,2,False,1788804160.2416706,
bind,expired,test.test-expired.example,cold,1460626,2,False,1788804160.2432752,
bind,expired,test.test-expired.example,cold,1378326,2,False,1788804160.2447193,
bind,expired,test.test-expired.example,cold,1380433,2,False,1788804160.2461684,
bind,expired,test.test-expired.example,cold,1804181,2,False,1788804160.2483103,
bind,expired,test.test-expired.example,cold,1662822,2,False,1788804160.2500637,
bind,expired,test.test-expired.example,cold,1399776,2,False,1788804160.2515478,
bind,expired,test.test-expired.example,cold,1767808,2,False,1788804160.253616,
bind,expired,test.test-expired.example,cold,1775789,2,False,1788804160.2554998,
bind,expired,test.test-expired.example,cold,1944631,2,False,1788804160.257531,
bind,expired,test.test-expired.example,cold,1529776,2,False,1788804160.259282,
bind,expired,test.test-expired.example,cold,1581878,2,False,1788804160.2609415,
bind,expired,test.test-expired.example,cold,1473320,2,False,1788804160.2625213,
bind,expired,test.test-expired.example,cold,1487638,2,False,1788804160.2640927,
bind,expired,test.test-expired.example,cold,1536738,2,False,1788804160.2657146,
bind,expired,test.test-expired.example,cold,1371898,2,False,1788804160.2671752,
bind,expired,test.test-expired.example,cold,1257894,2,False,1788804160.2685184,
bind,expired,test.test-expired.example,cold,1331268,2,False,1788804160.269927,
bind,expired,test.test-expired.example,cold,1345367,2,False,1788804160.2713275,
bind,expired,test.test-expired.example,cold,1793429,2,False,1788804160.273191,
bind,expired,test.test-expired.example,cold,1421403,2,False,1788804160.2747078,
bind,expired,test.test-expired.example,cold,1268945,2,False,1788804160.2760901,
bind,expired,test.test-expired.example,cold,1251240,2,False,1788804160.277445,
bind,expired,test.test-expired.example,cold,1408153,2,False,1788804160.2789092,
bind,expired,test.test-expired.example,cold,1298627,2,False,1788804160.2802777,
bind,expired,test.test-expired.example,cold,1348784,2,False,1788804160.281682,
bind,expired,test.test-expired.example,cold,1296419,2,False,1788804160.2831347,
bind,expired,test.test-expired.example,cold,1261040,2,False,1788804160.284468,
bind,expired,test.test-expired.example,cold,1234872,2,False,1788804160.2857747,
bind,expired,test.test-expired.example,cold,1439518,2,False,1788804160.2873614,
bind,expired,test.test-expired.example,cold,1293618,2,False,1788804160.2887194,
bind,expired,test.test-expired.example,cold,1395499,2,False,1788804160.2901819,
bind,expired,test.test-expired.example,cold,1287604,2,False,1788804160.2915468,
bind,expired,test.test-expired.example,cold,1219305,2,False,1788804160.2928412,
bind,expired,test.test-expired.example,cold,1436923,2,False,1788804160.294351,
bind,expired,test.test-expired.example,cold,3725657,2,False,1788804160.2981532,
bind,expired,test.test-expired.example,cold,1985925,2,False,1788804160.300228,
bind,expired,test.test-expired.example,cold,1651236,2,False,1788804160.301973,
bind,expired,test.test-expired.example,cold,1656476,2,False,1788804160.3038414,
bind,expired,test.test-expired.example,cold,4788400,2,False,1788804160.3087296,
bind,expired,test.test-expired.example,cold,1632478,2,False,1788804160.3104844,
bind,expired,test.test-expired.example,cold,1431646,2,False,1788804160.3119993,
bind,expired,test.test-expired.example,cold,1416390,2,False,1788804160.3134897,
bind,expired,test.test-expired.example,cold,1626409,2,False,1788804160.3151803,
bind,expired,test.test-expired.example,cold,1408097,2,False,1788804160.316679,
bind,expired,test.test-expired.example,cold,1237033,2,False,1788804160.3179972,
bind,expired,test.test-expired.example,cold,1275314,2,False,1788804160.3193455,
bind,expired,test.test-expired.example,cold,1341440,2,False,1788804160.3207638,
bind,expired,test.test-expired.example,cold,1149515,2,False,1788804160.321981,
bind,expired,test.test-expired.example,cold,1576063,2,False,1788804160.3236122,
bind,expired,test.test-expired.example,cold,1260247,2,False,1788804160.32495,
bind,expired,test.test-expired.example,cold,1239237,2,False,1788804160.3262615,
bind,expired,test.test-expired.example,cold,1990111,2,False,1788804160.3283234,
bind,expired,test.test-expired.example,cold,1647684,2,False,1788804160.3301995,
bind,expired,test.test-expired.example,cold,1526085,2,False,1788804160.3318088,
bind,expired,test.test-expired.example,cold,2796082,2,False,1788804160.3346834,
bind,expired,test.test-expired.example,cold,1992143,2,False,1788804160.336846,
bind,expired,test.test-expired.example,cold,1400653,2,False,1788804160.3383512,
bind,expired,test.test-expired.example,cold,1664877,2,False,1788804160.3401017,
bind,expired,test.test-expired.example,cold,1651533,2,False,1788804160.3418403,
bind,expired,test.test-expired.example,cold,1283461,2,False,1788804160.3432205,
bind,expired,test.test-expired.example,cold,1383305,2,False,1788804160.3446913,
bind,expired,test.test-expired.example,cold,1174666,2,False,1788804160.3459506,
bind,expired,test.test-expired.example,cold,1362362,2,False,1788804160.3473854,
bind,expired,test.test-expired.example,cold,1258146,2,False,1788804160.34873,
bind,expired,test.test-expired.example,cold,1291255,2,False,1788804160.3501196,
bind,expired,test.test-expired.example,cold,1463042,2,False,1788804160.3516514,
bind,expired,test.test-expired.example,cold,1296010,2,False,1788804160.3530378,
bind,expired,test.test-expired.example,cold,1357838,2,False,1788804160.354484,
bind,expired,test.test-expired.example,cold,1237456,2,False,1788804160.3558977,
bind,expired,test.test-expired.example,cold,1481561,2,False,1788804160.35754,
bind,expired,test.test-expired.example,cold,1335622,2,False,1788804160.3589525,
bind,expired,test.test-expired.example,cold,1439123,2,False,1788804160.3604825,
bind,expired,test.test-expired.example,cold,1539609,2,False,1788804160.362119,
bind,expired,test.test-expired.example,cold,1422056,2,False,1788804160.3636224,
bind,expired,test.test-expired.example,cold,1327508,2,False,1788804160.3650868,
bind,expired,test.test-expired.example,cold,1806231,2,False,1788804160.367001,
bind,expired,test.test-expired.example,cold,4053564,2,False,1788804160.3711362,
bind,expired,test.test-expired.example,cold,3650816,2,False,1788804160.3748858,
bind,expired,test.test-expired.example,cold,5156406,2,False,1788804160.380146,
bind,expired,test.test-expired.example,cold,3928840,2,False,1788804160.3841865,
bind,expired,test.test-expired.example,cold,2627427,2,False,1788804160.3869338,
bind,expired,test.test-expired.example,cold,3031848,2,False,1788804160.3901541,
bind,expired,test.test-expired.example,cold,2515543,2,False,1788804160.392787,
bind,expired,test.test-expired.example,cold,2120530,2,False,1788804160.3951426,
bind,expired,test.test-expired.example,cold,2066697,2,False,1788804160.3973067,
bind,expired,test.test-expired.example,cold,1829521,2,False,1788804160.3992896,
bind,expired,test.test-expired.example,cold,1587733,2,False,1788804160.4009635,
bind,expired,test.test-expired.example,cold,1798133,2,False,1788804160.402842,
bind,expired,test.test-expired.example,cold,1789612,2,False,1788804160.4047275,
bind,expired,test.test-expired.example,cold,1795434,2,False,1788804160.4066281,
bind,expired,test.test-expired.example,cold,1907393,2,False,1788804160.4086466,
bind,expired,test.test-expired.example,cold,1940370,2,False,1788804160.4107296,
bind,expired,test.test-expired.example,cold,1997515,2,False,1788804160.412846,
bind,expired,test.test-expired.example,cold,1764056,2,False,1788804160.4148629,
bind,expired,test.test-expired.example,cold,1598633,2,False,1788804160.4167626,
bind,expired,test.test-expired.example,cold,2352238,2,False,1788804160.4192042,
bind,expired,test.test-expired.example,cold,2212731,2,False,1788804160.4215117,
bind,expired,test.test-expired.example,cold,2152277,2,False,1788804160.4238865,
bind,expired,test.test-expired.example,cold,1714187,2,False,1788804160.425695,
bind,expired,test.test-expired.example,cold,4656122,2,False,1788804160.4304512,
bind,expired,test.test-expired.example,cold,2099548,2,False,1788804160.432661,
bind,expired,test.test-expired.example,cold,2323014,2,False,1788804160.4351032,
bind,expired,test.test-expired.example,cold,1671469,2,False,1788804160.436867,
bind,expired,test.test-expired.example,cold,2951801,2,False,1788804160.4399312,
bind,expired,test.test-expired.example,cold,1914113,2,False,1788804160.441965,
bind,expired,test.test-expired.example,cold,1883310,2,False,1788804160.443934,
bind,expired,test.test-expired.example,cold,1635054,2,False,1788804160.445794,
bind,expired,test.test-expired.example,cold,1834239,2,False,1788804160.4477227,
bind,expired,test.test-expired.example,cold,2472445,2,False,1788804160.450411,
bind,expired,test.test-expired.example,cold,2268894,2,False,1788804160.452789,
bind,expired,test.test-expired.example,cold,2172092,2,False,1788804160.455169,
bind,expired,test.test-expired.example,cold,2259069,2,False,1788804160.4575055,
bind,expired,test.test-expired.example,cold,1471516,2,False,1788804160.459067,
bind,expired,test.test-expired.example,cold,1704433,2,False,1788804160.4608386,
bind,expired,test.test-expired.example,cold,1741982,2,False,1788804160.4627044,
bind,expired,test.test-expired.example,cold,7477018,2,False,1788804160.4703012,
bind,expired,test.test-expired.example,cold,2271708,2,False,1788804160.4729476,
bind,expired,test.test-expired.example,cold,1519938,2,False,1788804160.4745595,
bind,expired,test.test-expired.example,cold,1186831,2,False,1788804160.4758177,
bind,expired,test.test-expired.example,cold,1341118,2,False,1788804160.4772332,
bind,expired,test.test-expired.example,cold,1326285,2,False,1788804160.4786332,
bind,expired,test.test-expired.example,cold,1274402,2,False,1788804160.479982,
bind,expired,test.test-expired.example,cold,1343430,2,False,1788804160.4814408,
bind,expired,test.test-expired.example,cold,1441511,2,False,1788804160.4829576,
bind,expired,test.test-expired.example,cold,1407619,2,False,1788804160.4844608,
bind,expired,test.test-expired.example,cold,1492812,2,False,1788804160.4861836,
bind,expired,test.test-expired.example,cold,5987514,2,False,1788804160.4922912,
bind,expired,test.test-expired.example,cold,2309464,2,False,1788804160.4947245,
bind,expired,test.test-expired.example,cold,1626199,2,False,1788804160.496453,
bind,expired,test.test-expired.example,cold,1430327,2,False,1788804160.4979756,
bind,expired,test.test-expired.example,cold,1256618,2,False,1788804160.4993017,
bind,expired,test.test-expired.example,cold,1317466,2,False,1788804160.5006866,
bind,expired,test.test-expired.example,cold,1731859,2,False,1788804160.5024934,
bind,expired,test.test-expired.example,cold,13920970,2,False,1788804160.5165727,
bind,expired,test.test-expired.example,cold,6560990,2,False,1788804160.5232606,
bind,expired,test.test-expired.example,cold,1874805,2,False,1788804160.5252428,
bind,expired,test.test-expired.example,cold,1749503,2,False,1788804160.527093,
bind,expired,test.test-expired.example,cold,1499798,2,False,1788804160.5286913,
bind,expired,test.test-expired.example,cold,1436334,2,False,1788804160.5301986,
bind,expired,test.test-expired.example,cold,1289376,2,False,1788804160.5315647,
bind,expired,test.test-expired.example,cold,1239027,2,False,1788804160.532873,
bind,expired,test.test-expired.example,cold,3682369,2,False,1788804160.5366263,
bind,expired,test.test-expired.example,cold,1459819,2,False,1788804160.5381827,
bind,expired,test.test-expired.example,cold,1447588,2,False,1788804160.5397599,
bind,expired,test.test-expired.example,cold,1925095,2,False,1788804160.5417628,
bind,expired,test.test-expired.example,cold,2193202,2,False,1788804160.5440452,
bind,expired,test.test-expired.example,cold,2019249,2,False,1788804160.5462573,
bind,expired,test.test-expired.example,cold,1872082,2,False,1788804160.548263,
bind,expired,test.test-expired.example,cold,1733562,2,False,1788804160.5501153,
bind,expired,test.test-expired.example,cold,1756532,2,False,1788804160.5519757,
bind,expired,test.test-expired.example,cold,1662680,2,False,1788804160.553725,
bind,expired,test.test-expired.example,cold,1842787,2,False,1788804160.5556555,
bind,expired,test.test-expired.example,cold,2142585,2,False,1788804160.5578887,
bind,expired,test.test-expired.example,cold,1854234,2,False,1788804160.5598528,
bind,expired,test.test-expired.example,cold,1701486,2,False,1788804160.5616517,
bind,expired,test.test-expired.example,cold,1946300,2,False,1788804160.5636775,
bind,expired,test.test-expired.example,cold,2087824,2,False,1788804160.5659168,
bind,expired,test.test-expired.example,cold,1963495,2,False,1788804160.56798,
bind,expired,test.test-expired.example,cold,1667615,2,False,1788804160.5699735,
bind,expired,test.test-expired.example,cold,1943224,2,False,1788804160.5720458,
bind,expired,test.test-expired.example,cold,1680747,2,False,1788804160.5738473,
bind,expired,test.test-expired.example,cold,1869964,2,False,1788804160.5759192,
bind,expired,test.test-expired.example,cold,4854359,2,False,1788804160.580912,
bind,expired,test.test-expired.example,cold,3279712,2,False,1788804160.5843024,
bind,expired,test.test-expired.example,cold,2555285,2,False,1788804160.586966,
bind,expired,test.test-expired.example,cold,2074465,2,False,1788804160.5891469,
bind,expired,test.test-expired.example,cold,2160065,2,False,1788804160.591398,
bind,expired,test.test-expired.example,cold,2036467,2,False,1788804160.593533,
bind,expired,test.test-expired.example,cold,1479458,2,False,1788804160.5950975,
bind,expired,test.test-expired.example,cold,1406482,2,False,1788804160.596594,
bind,expired,test.test-expired.example,cold,1514700,2,False,1788804160.5982547,
bind,expired,test.test-expired.example,cold,1433832,2,False,1788804160.5997846,
bind,expired,test.test-expired.example,cold,1350450,2,False,1788804160.6011882,
bind,expired,test.test-expired.example,cold,1671927,2,False,1788804160.6029375,
bind,expired,test.test-expired.example,cold,1478336,2,False,1788804160.604507,
bind,expired,test.test-expired.example,cold,1536034,2,False,1788804160.6061287,
bind,expired,test.test-expired.example,cold,1257198,2,False,1788804160.6075573,
bind,expired,test.test-expired.example,cold,1227271,2,False,1788804160.608866,
bind,expired,test.test-expired.example,cold,1769584,2,False,1788804160.6106985,
bind,expired,test.test-expired.example,cold,1631057,2,False,1788804160.612528,
bind,expired,test.test-expired.example,cold,1696017,2,False,1788804160.6143098,
bind,expired,test.test-expired.example,cold,1558834,2,False,1788804160.6160038,
bind,expired,test.test-expired.example,cold,1318332,2,False,1788804160.617399,
bind,expired,test.test-expired.example,cold,1345266,2,False,1788804160.6188245,
bind,expired,test.test-expired.example,cold,1279378,2,False,1788804160.6201735,
bind,expired,test.test-expired.example,cold,1250190,2,False,1788804160.6214855,
bind,expired,test.test-expired.example,cold,2014320,2,False,1788804160.6235845,
bind,expired,test.test-expired.example,cold,1453182,2,False,1788804160.6251204,
bind,expired,test.test-expired.example,cold,1502476,2,False,1788804160.6267054,
bind,expired,test.test-expired.example,cold,1712135,2,False,1788804160.628521,
bind,expired,test.test-expired.example,cold,1491635,2,False,1788804160.6301448,
bind,expired,test.test-expired.example,cold,1772307,2,False,1788804160.632006,
bind,expired,test.test-expired.example,cold,1435383,2,False,1788804160.633529,
bind,expired,test.test-expired.example,cold,1412107,2,False,1788804160.6350167,
