resolver,outcome,domain,cache_state,query_time_ns,response_rcode,ad_flag,timestamp,error
bind,nsec3,nonexistent.test-nsec3.example,cold,1029195,3,True,1788804162.1304033,
bind,nsec3,nonexistent.test-nsec3.example,cold,923117,3,True,1788804162.1314163,
bind,nsec3,nonexistent.test-nsec3.example,cold,1000974,3,True,1788804162.1325321,
bind,nsec3,nonexistent.test-nsec3.example,cold,836962,3,True,1788804162.1334343,
bind,nsec3,nonexistent.test-nsec3.example,cold,864949,3,True,1788804162.1343694,
bind,nsec3,nonexistent.test-nsec3.example,cold,1017994,3,True,1788804162.1354582,
bind,nsec3,nonexistent.test-nsec3.example,cold,973812,3,True,1788804162.1365016,
bind,nsec3,nonexistent.test-nsec3.example,cold,879063,3,True,1788804162.1374474,
bind,nsec3,nonexistent.test-nsec3.example,cold,1126392,3,True,1788804162.1386497,
bind,nsec3,nonexistent.test-nsec3.example,cold,1435948,3,True,1788804162.1401794,
bind,nsec3,nonexistent.test-nsec3.example,cold,1414805,3,True,1788804162.1417084,
bind,nsec3,nonexistent.test-nsec3.example,cold,1235881,3,True,1788804162.1430237,
bind,nsec3,nonexistent.test-nsec3.example,cold,1829761,3,True,1788804162.1449864,
bind,nsec3,nonexistent.test-nsec3.example,cold,1200330,3,True,1788804162.1462786,
bind,nsec3,nonexistent.test-nsec3.example,cold,1242155,3,True,1788804162.1476655,
bind,nsec3,nonexistent.test-nsec3.example,cold,1039677,3,True,1788804162.148891,
bind,nsec3,nonexistent.test-nsec3.example,cold,1016394,3,True,1788804162.1500883,
bind,nsec3,nonexistent.test-nsec3.example,cold,1025778,3,True,1788804162.1511962,
bind,nsec3,nonexistent.test-nsec3.example,cold,797062,3,True,1788804162.1520662,
bind,nsec3,nonexistent.test-nsec3.example,cold,852522,3,True,1788804162.1529846,
bind,nsec3,nonexistent.test-nsec3.example,cold,790108,3,True,1788804162.1538448,
bind,nsec3,nonexistent.test-nsec3.example,cold,841675,3,True,1788804162.1547494,
bind,nsec3,nonexistent.test-nsec3.example,cold,755548,3,True,1788804162.1556027,
bind,nsec3,nonexistent.test-nsec3.example,cold,908655,3,True,1788804162.1565742,
bind,nsec3,nonexistent.test-nsec3.example,cold,773444,3,True,1788804162.1574316,
bind,nsec3,nonexistent.test-nsec3.example,cold,990195,3,True,1788804162.1584852,
bind,nsec3,nonexistent.test-nsec3.example,cold,981730,3,True,1788804162.1595433,
bind,nsec3,nonexistent.test-nsec3.example,cold,1066991,3,True,1788804162.1606767,
bind,nsec3,nonexistent.test-nsec3.example,cold,1061635,3,True,1788804162.1618242,
bind,nsec3,nonexistent.test-nsec3.example,cold,4006194,3,True,1788804162.166041,
bind,nsec3,nonexistent.test-nsec3.example,cold,1522872,3,True,1788804162.1676867,
bind,nsec3,nonexistent.test-nsec3.example,cold,1169366,3,True,1788804162.1689818,
bind,nsec3,nonexistent.test-nsec3.example,cold,1142347,3,True,1788804162.1702263,
bind,nsec3,nonexistent.test-nsec3.example,cold,4622031,3,True,1788804162.1749156,
bind,nsec3,nonexistent.test-nsec3.example,cold,1097769,3,True,1788804162.1761017,
bind,nsec3,nonexistent.test-nsec3.example,cold,924761,3,True,1788804162.1770918,
bind,nsec3,nonexistent.test-nsec3.example,cold,1020500,3,True,1788804162.1781795,
bind,nsec3,nonexistent.test-nsec3.example,cold,917480,3,True,1788804162.179182,
bind,nsec3,nonexistent.test-nsec3.example,cold,975201,3,True,1788804162.180232,
bind,nsec3,nonexistent.test-nsec3.example,cold,1041831,3,True,1788804162.181342,
bind,nsec3,nonexistent.test-nsec3.example,cold,810101,3,True,1788804162.182224,
bind,nsec3,nonexistent.test-nsec3.example,cold,864346,3,True,1788804162.1831462,
bind,nsec3,nonexistent.test-nsec3.example,cold,744414,3,True,1788804162.1839485,
bind,nsec3,nonexistent.test-nsec3.example,cold,792004,3,True,1788804162.1847937,
bind,nsec3,nonexistent.test-nsec3.example,cold,709994,3,True,1788804162.185573,
bind,nsec3,nonexistent.test-nsec3.example,cold,855711,3,True,1788804162.1864932,
bind,nsec3,nonexistent.test-nsec3.example,cold,743911,3,True,1788804162.1873019,
bind,nsec3,nonexistent.test-nsec3.example,cold,645351,3,True,1788804162.1880155,
bind,nsec3,nonexistent.test-nsec3.example,cold,809176,3,True,1788804162.188905,
bind,nsec3,nonexistent.test-nsec3.example,cold,1016189,3,True,1788804162.18999,
bind,nsec3,nonexistent.test-nsec3.example,cold,752261,3,True,1788804162.1908975,
bind,nsec3,nonexistent.test-nsec3.example,cold,695752,3,True,1788804162.1916566,
bind,nsec3,nonexistent.test-nsec3.example,cold,663084,3,True,1788804162.1923656,
bind,nsec3,nonexistent.test-nsec3.example,cold,727802,3,True,1788804162.1931486,
bind,nsec3,nonexistent.test-nsec3.example,cold,769216,3,True,1788804162.1939783,
bind,nsec3,nonexistent.test-nsec3.example,cold,1004494,3,True,1788804162.1950366,
bind,nsec3,nonexistent.test-nsec3.example,cold,861520,3,True,1788804162.1959705,
bind,nsec3,nonexistent.test-nsec3.example,cold,884826,3,True,1788804162.1969304,
bind,nsec3,nonexistent.test-nsec3.example,cold,775454,3,True,1788804162.1977744,
bind,nsec3,nonexistent.test-nsec3.example,cold,745109,3,True,1788804162.1985831,
bind,nsec3,nonexistent.test-nsec3.example,cold,761167,3,True,1788804162.1994,
bind,nsec3,nonexistent.test-nsec3.example,cold,670499,3,True,1788804162.200127,
bind,nsec3,nonexistent.test-nsec3.example,cold,627894,3,True,1788804162.200811,
bind,nsec3,nonexistent.test-nsec3.example,cold,649344,3,True,1788804162.2016056,
bind,nsec3,nonexistent.test-nsec3.example,cold,907247,3,True,1788804162.202567,
bind,nsec3,nonexistent.test-nsec3.example,cold,676924,3,True,1788804162.2033076,
bind,nsec3,nonexistent.test-nsec3.example,cold,823601,3,True,1788804162.2041886,
bind,nsec3,nonexistent.test-nsec3.example,cold,842050,3,True,1788804162.2052088,
bind,nsec3,nonexistent.test-nsec3.example,cold,679604,3,True,1788804162.2059553,
bind,nsec3,nonexistent.test-nsec3.example,cold,978306,3,True,1788804162.207,
bind,nsec3,nonexistent.test-nsec3.example,cold,775651,3,True,1788804162.20784,
bind,nsec3,nonexistent.test-nsec3.example,cold,898807,3,True,1788804162.2088077,
bind,nsec3,nonexistent.test-nsec3.example,cold,930283,3,True,1788804162.2098055,
bind,nsec3,nonexistent.test-nsec3.example,cold,794783,3,True,1788804162.210661,
bind,nsec3,nonexistent.test-nsec3.example,cold,859568,3,True,1788804162.2116463,
bind,nsec3,nonexistent.test-nsec3.example,cold,672819,3,True,1788804162.2123747,
bind,nsec3,nonexistent.test-nsec3.example,cold,778426,3,True,1788804162.2132099,
bind,nsec3,nonexistent.test-nsec3.example,cold,752533,3,True,1788804162.2140334,
bind,nsec3,nonexistent.test-nsec3.example,cold,715523,3,True,1788804162.2147958,
bind,nsec3,nonexistent.test-nsec3.example,cold,696570,3,True,1788804162.2155552,
bind,nsec3,nonexistent.test-nsec3.example,cold,710268,3,True,1788804162.2163372,
bind,nsec3,nonexistent.test-nsec3.example,cold,687165,3,True,1788804162.217078,
bind,nsec3,nonexistent.test-nsec3.example,cold,700821,3,True,1788804162.2178342,
bind,nsec3,nonexistent.test-nsec3.example,cold,727310,3,True,1788804162.2186224,
bind,nsec3,nonexistent.test-nsec3.example,cold,814313,3,True,1788804162.219488,
bind,nsec3,nonexistent.test-nsec3.example,cold,961636,3,True,1788804162.2205088,
bind,nsec3,nonexistent.test-nsec3.example,cold,737878,3,True,1788804162.2213156,
bind,nsec3,nonexistent.test-nsec3.example,cold,702600,3,True,1788804162.2220738,
bind,nsec3,nonexistent.test-nsec3.example,cold,689465,3,True,1788804162.2228189,
bind,nsec3,nonexistent.test-nsec3.example,cold,1571796,3,True,1788804162.2244482,
bind,nsec3,nonexistent.test-nsec3.example,cold,1717461,3,True,1788804162.2262442,
bind,nsec3,nonexistent.test-nsec3.example,cold,1519058,3,True,1788804162.2278507,
bind,nsec3,nonexistent.test-nsec3.example,cold,1279799,3,True,1788804162.2293625,
bind,nsec3,nonexistent.test-nsec3.example,cold,5172109,3,True,1788804162.234618,
bind,nsec3,nonexistent.test-nsec3.example,cold,1052111,3,True,1788804162.2357402,
bind,nsec3,nonexistent.test-nsec3.example,cold,754714,3,True,1788804162.2365716,
bind,nsec3,nonexistent.test-nsec3.example,cold,821410,3,True,1788804162.2374554,
bind,nsec3,nonexistent.test-nsec3.example,cold,757582,3,True,1788804162.238281,
bind,nsec3,nonexistent.test-nsec3.example,cold,990958,3,True,1788804162.2393641,
bind,nsec3,nonexistent.test-nsec3.example,cold,844468,3,True,1788804162.2402792,
bind,nsec3,nonexistent.test-nsec3.example,cold,858338,3,True,1788804162.2412033,
bind,nsec3,nonexistent.test-nsec3.example,cold,907524,3,True,1788804162.2422564,
bind,nsec3,nonexistent.test-nsec3.example,cold,846898,3,True,1788804162.2431648,
bind,nsec3,nonexistent.test-nsec3.example,cold,685810,3,True,1788804162.2439497,
bind,nsec3,nonexistent.test-nsec3.example,cold,737486,3,True,1788804162.2447505,
bind,nsec3,nonexistent.test-nsec3.example,cold,841405,3,True,1788804162.245656,
bind,nsec3,nonexistent.test-nsec3.example,cold,792873,3,True,1788804162.246512,
bind,nsec3,nonexistent.test-nsec3.example,cold,669021,3,True,1788804162.2472486,
bind,nsec3,nonexistent.test-nsec3.example,cold,723909,3,True,1788804162.2480283,
bind,nsec3,nonexistent.test-nsec3.example,cold,597674,3,True,1788804162.2487078,
bind,nsec3,nonexistent.test-nsec3.example,cold,799579,3,True,1788804162.2495682,
bind,nsec3,nonexistent.test-nsec3.example,cold,691056,3,True,1788804162.2503443,
bind,nsec3,nonexistent.test-nsec3.example,cold,677232,3,True,1788804162.2510846,
bind,nsec3,nonexistent.test-nsec3.example,cold,693658,3,True,1788804162.2518306,
bind,nsec3,nonexistent.test-nsec3.example,cold,757985,3,True,1788804162.2526498,
bind,nsec3,nonexistent.test-nsec3.example,cold,697896,3,True,1788804162.2535017,
bind,nsec3,nonexistent.test-nsec3.example,cold,734308,3,True,1788804162.2542984,
bind,nsec3,nonexistent.test-nsec3.example,cold,721213,3,True,1788804162.2551076,
bind,nsec3,nonexistent.test-nsec3.example,cold,1008282,3,True,1788804162.2562666,
bind,nsec3,nonexistent.test-nsec3.example,cold,986656,3,True,1788804162.2573214,
bind,nsec3,nonexistent.test-nsec3.example,cold,734451,3,True,1788804162.2581255,
bind,nsec3,nonexistent.test-nsec3.example,cold,829385,3,True,1788804162.2590258,
bind,nsec3,nonexistent.test-nsec3.example,cold,858055,3,True,1788804162.259948,
bind,nsec3,nonexistent.test-nsec3.example,cold,1156541,3,True,1788804162.2611709,
bind,nsec3,nonexistent.test-nsec3.example,cold,880472,3,True,1788804162.2621171,
bind,nsec3,nonexistent.test-nsec3.example,cold,897947,3,True,1788804162.263088,
bind,nsec3,nonexistent.test-nsec3.example,cold,894084,3,True,1788804162.2640464,
bind,nsec3,nonexistent.test-nsec3.example,cold,739672,3,True,1788804162.264854,
bind,nsec3,nonexistent.test-nsec3.example,cold,685597,3,True,1788804162.2656002,
bind,nsec3,nonexistent.test-nsec3.example,cold,636650,3,True,1788804162.266296,
bind,nsec3,nonexistent.test-nsec3.example,cold,617287,3,True,1788804162.2670116,
bind,nsec3,nonexistent.test-nsec3.example,cold,894469,3,True,1788804162.267971,
bind,nsec3,nonexistent.test-nsec3.example,cold,790456,3,True,1788804162.2688258,
bind,nsec3,nonexistent.test-nsec3.example,cold,627349,3,True,1788804162.2695148,
bind,nsec3,nonexistent.test-nsec3.example,cold,845565,3,True,1788804162.2704954,
bind,nsec3,nonexistent.test-nsec3.example,cold,742379,3,True,1788804162.271304,
bind,nsec3,nonexistent.test-nsec3.example,cold,676329,3,True,1788804162.2720463,
bind,nsec3,nonexistent.test-nsec3.example,cold,849686,3,True,1788804162.2729611,
bind,nsec3,nonexistent.test-nsec3.example,cold,640600,3,True,1788804162.273664,
bind,nsec3,nonexistent.test-nsec3.example,cold,730495,3,True,1788804162.2744627,
bind,nsec3,nonexistent.test-nsec3.example,cold,654112,3,True,1788804162.2751892,
bind,nsec3,nonexistent.test-nsec3.example,cold,670854,3,True,1788804162.275922,
bind,nsec3,nonexistent.test-nsec3.example,cold,610674,3,True,1788804162.276599,
bind,nsec3,nonexistent.test-nsec3.example,cold,799192,3,True,1788804162.2774599,
bind,nsec3,nonexistent.test-nsec3.example,cold,654652,3,True,1788804162.2781672,
bind,nsec3,nonexistent.test-nsec3.example,cold,684228,3,True,1788804162.278908,
bind,nsec3,nonexistent.test-nsec3.example,cold,622811,3,True,1788804162.2795837,
bind,nsec3,nonexistent.test-nsec3.example,cold,693938,3,True,1788804162.2803295,
bind,nsec3,nonexistent.test-nsec3.example,cold,600698,3,True,1788804162.2809908,
bind,nsec3,nonexistent.test-nsec3.example,cold,665319,3,True,1788804162.2817183,
bind,nsec3,nonexistent.test-nsec3.example,cold,680991,3,True,1788804162.2824564,
bind,nsec3,nonexistent.test-nsec3.example,cold,563551,3,True,1788804162.2830815,
bind,nsec3,nonexistent.test-nsec3.example,cold,701837,3,True,1788804162.2838416,
bind,nsec3,nonexistent.test-nsec3.example,cold,611821,3,True,1788804162.2845054,
bind,nsec3,nonexistent.test-nsec3.example,cold,643918,3,True,1788804162.2852013,
bind,nsec3,nonexistent.test-nsec3.example,cold,662766,3,True,1788804162.285918,
bind,nsec3,nonexistent.test-nsec3.example,cold,736416,3,True,1788804162.2867076,
bind,nsec3,nonexistent.test-nsec3.example,cold,785869,3,True,1788804162.2875495,
bind,nsec3,nonexistent.test-nsec3.example,cold,746194,3,True,1788804162.2883632,
bind,nsec3,nonexistent.test-nsec3.example,cold,668154,3,True,1788804162.2890992,
bind,nsec3,nonexistent.test-nsec3.example,cold,700414,3,True,1788804162.2898686,
bind,nsec3,nonexistent.test-nsec3.example,cold,828914,3,True,1788804162.290758,
bind,nsec3,nonexistent.test-nsec3.example,cold,929746,3,True,1788804162.2917547,
bind,nsec3,nonexistent.test-nsec3.example,cold,750332,3,True,1788804162.2925723,
bind,nsec3,nonexistent.test-nsec3.example,cold,664991,3,True,1788804162.2932928,
bind,nsec3,nonexistent.test-nsec3.example,cold,728264,3,True,1788804162.294078,
bind,nsec3,nonexistent.test-nsec3.example,cold,875315,3,True,1788804162.2951815,
bind,nsec3,nonexistent.test-nsec3.example,cold,832049,3,True,1788804162.2960794,
bind,nsec3,nonexistent.test-nsec3.example,cold,773300,3,True,1788804162.2969077,
bind,nsec3,nonexistent.test-nsec3.example,cold,710189,3,True,1788804162.2976727,
bind,nsec3,nonexistent.test-nsec3.example,cold,702311,3,True,1788804162.2984333,
bind,nsec3,nonexistent.test-nsec3.example,cold,624116,3,True,1788804162.2991157,
bind,nsec3,nonexistent.test-nsec3.example,cold,633205,3,True,1788804162.2998116,
bind,nsec3,nonexistent.test-nsec3.example,cold,696070,3,True,1788804162.300568,
bind,nsec3,nonexistent.test-nsec3.example,cold,605164,3,True,1788804162.3012242,
bind,nsec3,nonexistent.test-nsec3.example,cold,666618,3,True,1788804162.3019493,
bind,nsec3,nonexistent.test-nsec3.example,cold,776612,3,True,1788804162.302786,
bind,nsec3,nonexistent.test-nsec3.example,cold,635989,3,True,1788804162.3034897,
bind,nsec3,nonexistent.test-nsec3.example,cold,813151,3,True,1788804162.3043652,
bind,nsec3,nonexistent.test-nsec3.example,cold,726502,3,True,1788804162.30516,
bind,nsec3,nonexistent.test-nsec3.example,cold,764117,3,True,1788804162.3059886,
bind,nsec3,nonexistent.test-nsec3.example,cold,694755,3,True,1788804162.3067443,
bind,nsec3,nonexistent.test-nsec3.example,cold,775896,3,True,1788804162.3075762,
bind,nsec3,nonexistent.test-nsec3.example,cold,769592,3,True,1788804162.30841,
bind,nsec3,nonexistent.test-nsec3.example,cold,633991,3,True,1788804162.309099,
bind,nsec3,nonexistent.test-nsec3.example,cold,1698828,3,True,1788804162.3108625,
bind,nsec3,nonexistent.test-nsec3.example,cold,683018,3,True,1788804162.3116148,
bind,nsec3,nonexistent.test-nsec3.example,cold,2935074,3,True,1788804162.3147182,
bind,nsec3,nonexistent.test-nsec3.example,cold,1039368,3,True,1788804162.3158698,
bind,nsec3,nonexistent.test-nsec3.example,cold,794461,3,True,1788804162.3167293,
bind,nsec3,nonexistent.test-nsec3.example,cold,719616,3,True,1788804162.3175128,
bind,nsec3,nonexistent.test-nsec3.example,cold,650815,3,True,1788804162.3182158,
bind,nsec3,nonexistent.test-nsec3.example,cold,911830,3,True,1788804162.319184,
bind,nsec3,nonexistent.test-nsec3.example,cold,676136,3,True,1788804162.3199275,
bind,nsec3,nonexistent.test-nsec3.example,cold,795725,3,True,1788804162.3207831,
bind,nsec3,nonexistent.test-nsec3.example,cold,665499,3,True,1788804162.321517,
bind,nsec3,nonexistent.test-nsec3.example,cold,718908,3,True,1788804162.3223,
bind,nsec3,nonexistent.test-nsec3.example,cold,701024,3,True,1788804162.3230863,
bind,nsec3,nonexistent.test-nsec3.example,cold,692966,3,True,1788804162.3238435,
bind,nsec3,nonexistent.test-nsec3.example,cold,704441,3,True,1788804162.3246107,
bind,nsec3,nonexistent.test-nsec3.example,cold,704508,3,True,1788804162.3253736,
bind,nsec3,nonexistent.test-nsec3.example,cold,741812,3,True,1788804162.326171,
bind,nsec3,nonexistent.test-nsec3.example,cold,709180,3,True,1788804162.3269427,
bind,nsec3,nonexistent.test-nsec3.example,cold,773407,3,True,1788804162.3277762,
bind,nsec3,nonexistent.test-nsec3.example,cold,690050,3,True,1788804162.3285482,
bind,nsec3,nonexistent.test-nsec3.example,cold,725350,3,True,1788804162.3293343,
bind,nsec3,nonexistent.test-nsec3.example,cold,783681,3,True,1788804162.330174,
bind,nsec3,nonexistent.test-nsec3.example,cold,703859,3,True,1788804162.330942,
bind,nsec3,nonexistent.test-nsec3.example,cold,785866,3,True,1788804162.3317745,
bind,nsec3,nonexistent.test-nsec3.example,cold,774643,3,True,1788804162.332598,
bind,nsec3,nonexistent.test-nsec3.example,cold,828407,3,True,1788804162.333507,
bind,nsec3,nonexistent.test-nsec3.example,cold,952655,3,True,1788804162.3345847,
bind,nsec3,nonexistent.test-nsec3.example,cold,1047632,3,True,1788804162.3357115,
bind,nsec3,nonexistent.test-nsec3.example,cold,830812,3,True,1788804162.3366148,
bind,nsec3,nonexistent.test-nsec3.example,cold,794710,3,True,1788804162.337574,
bind,nsec3,nonexistent.test-nsec3.example,cold,858188,3,True,1788804162.3385446,
bind,nsec3,nonexistent.test-nsec3.example,cold,873761,3,True,1788804162.3394794,
bind,nsec3,nonexistent.test-nsec3.example,cold,1574626,3,True,1788804162.3411403,
bind,nsec3,nonexistent.test-nsec3.example,cold,1352195,3,True,1788804162.342653,
bind,nsec3,nonexistent.test-nsec3.example,cold,1013452,3,True,1788804162.343746,
bind,nsec3,nonexistent.test-nsec3.example,cold,1165075,3,True,1788804162.3451102,
bind,nsec3,nonexistent.test-nsec3.example,cold,778409,3,True,1788804162.34596,
bind,nsec3,nonexistent.test-nsec3.example,cold,825895,3,True,1788804162.3468459,
bind,nsec3,nonexistent.test-nsec3.example,cold,757508,3,True,1788804162.347665,
bind,nsec3,nonexistent.test-nsec3.example,cold,662445,3,True,1788804162.3483973,
bind,nsec3,nonexistent.test-nsec3.example,cold,698521,3,True,1788804162.3491662,
bind,nsec3,nonexistent.test-nsec3.example,cold,787332,3,True,1788804162.3500226,
bind,nsec3,nonexistent.test-nsec3.example,cold,995483,3,True,1788804162.3510664,
bind,nsec3,nonexistent.test-nsec3.example,cold,784748,3,True,1788804162.3519602,
bind,nsec3,nonexistent.test-nsec3.example,cold,665431,3,True,1788804162.352681,
bind,nsec3,nonexistent.test-nsec3.example,cold,862349,3,True,1788804162.353589,
bind,nsec3,nonexistent.test-nsec3.example,cold,760998,3,True,1788804162.3544166,
bind,nsec3,nonexistent.test-nsec3.example,cold,783910,3,True,1788804162.355264,
bind,nsec3,nonexistent.test-nsec3.example,cold,778252,3,True,1788804162.3561115,
bind,nsec3,nonexistent.test-nsec3.example,cold,622536,3,True,1788804162.356799,
bind,nsec3,nonexistent.test-nsec3.example,cold,727691,3,True,1788804162.3575878,
bind,nsec3,nonexistent.test-nsec3.example,cold,795896,3,True,1788804162.358451,
bind,nsec3,nonexistent.test-nsec3.example,cold,797233,3,True,1788804162.359308,
bind,nsec3,nonexistent.test-nsec3.example,cold,792412,3,True,1788804162.3601725,
bind,nsec3,nonexistent.test-nsec3.example,cold,930614,3,True,1788804162.3611684,
bind,nsec3,nonexistent.test-nsec3.example,cold,728597,3,True,1788804162.3619642,
bind,nsec3,nonexistent.test-nsec3.example,cold,654735,3,True,1788804162.3627067,
bind,nsec3,nonexistent.test-nsec3.example,cold,865099,3,True,1788804162.363638,
bind,nsec3,nonexistent.test-nsec3.example,cold,757931,3,True,1788804162.3644528,
bind,nsec3,nonexistent.test-nsec3.example,cold,725524,3,True,1788804162.365234,
bind,nsec3,nonexistent.test-nsec3.example,cold,679866,3,True,1788804162.3659697,
bind,nsec3,nonexistent.test-nsec3.example,cold,860787,3,True,1788804162.3668866,
bind,nsec3,nonexistent.test-nsec3.example,cold,686727,3,True,1788804162.36764,
bind,nsec3,nonexistent.test-nsec3.example,cold,704496,3,True,1788804162.3683994,
bind,nsec3,nonexistent.test-nsec3.example,cold,692480,3,True,1788804162.3691447,
bind,nsec3,nonexistent.test-nsec3.example,cold,753981,3,True,1788804162.369957,
bind,nsec3,nonexistent.test-nsec3.example,cold,714588,3,True,1788804162.3707206,
bind,nsec3,nonexistent.test-nsec3.example,cold,798389,3,True,1788804162.371574,
bind,nsec3,nonexistent.test-nsec3.example,cold,804651,3,True,1788804162.3724465,
bind,nsec3,nonexistent.test-nsec3.example,cold,789253,3,True,1788804162.3733015,
bind,nsec3,nonexistent.test-nsec3.example,cold,780913,3,True,1788804162.374143,
bind,nsec3,nonexistent.test-nsec3.example,cold,755222,3,True,1788804162.3749633,
bind,nsec3,nonexistent.test-nsec3.example,cold,734722,3,True,1788804162.3757572,
bind,nsec3,nonexistent.test-nsec3.example,cold,771328,3,True,1788804162.3765857,
bind,nsec3,nonexistent.test-nsec3.example,cold,732276,3,True,1788804162.3773825,
bind,nsec3,nonexistent.test-nsec3.example,cold,723698,3,True,1788804162.378196,
bind,nsec3,nonexistent.test-nsec3.example,cold,707673,3,True,1788804162.37897,
bind,nsec3,nonexistent.test-nsec3.example,cold,707585,3,True,1788804162.3797324,
bind,nsec3,nonexistent.test-nsec3.example,cold,793743,3,True,1788804162.3805828,
bind,nsec3,nonexistent.test-nsec3.example,cold,724907,3,True,1788804162.3813732,
bind,nsec3,nonexistent.test-nsec3.example,cold,743807,3,True,1788804162.3821743,
bind,nsec3,nonexistent.test-nsec3.example,cold,916891,3,True,1788804162.383156,
bind,nsec3,nonexistent.test-nsec3.example,cold,748700,3,True,1788804162.3840244,
bind,nsec3,nonexistent.test-nsec3.example,cold,748119,3,True,1788804162.3848417,
bind,nsec3,nonexistent.test-nsec3.example,cold,912804,3,True,1788804162.3859558,
bind,nsec3,nonexistent.test-nsec3.example,cold,1003753,3,True,1788804162.3871665,
bind,nsec3,nonexistent.test-nsec3.example,cold,1016206,3,True,1788804162.388255,
bind,nsec3,nonexistent.test-nsec3.example,cold,2855369,3,True,1788804162.3915071,
bind,nsec3,nonexistent.test-nsec3.example,cold,1695879,3,True,1788804162.3933163,
bind,nsec3,nonexistent.test-nsec3.example,cold,4640627,3,True,1788804162.398048,
bind,nsec3,nonexistent.test-nsec3.example,cold,1295559,3,True,1788804162.3994324,
bind,nsec3,nonexistent.test-nsec3.example,cold,840273,3,True,1788804162.4003558,
bind,nsec3,nonexistent.test-nsec3.example,cold,865629,3,True,1788804162.401306,
bind,nsec3,nonexistent.test-nsec3.example,cold,722366,3,True,1788804162.4021018,
bind,nsec3,nonexistent.test-nsec3.example,cold,774409,3,True,1788804162.402938,
bind,nsec3,nonexistent.test-nsec3.example,cold,648402,3,True,1788804162.4036467,
bind,nsec3,nonexistent.test-nsec3.example,cold,726155,3,True,1788804162.4044344,
bind,nsec3,nonexistent.test-nsec3.example,cold,768151,3,True,1788804162.405333,
bind,nsec3,nonexistent.test-nsec3.example,cold,720213,3,True,1788804162.406105,
bind,nsec3,nonexistent.test-nsec3.example,cold,858465,3,True,1788804162.4070098,
bind,nsec3,nonexistent.test-nsec3.example,cold,850299,3,True,1788804162.4079292,
bind,nsec3,nonexistent.test-nsec3.example,cold,747113,3,True,1788804162.408733,
bind,nsec3,nonexistent.test-nsec3.example,cold,707519,3,True,1788804162.4094982,
bind,nsec3,nonexistent.test-nsec3.example,cold,838792,3,True,1788804162.410392,
bind,nsec3,nonexistent.test-nsec3.example,cold,687444,3,True,1788804162.411146,
bind,nsec3,nonexistent.test-nsec3.example,cold,825200,3,True,1788804162.4120276,
bind,nsec3,nonexistent.test-nsec3.example,cold,2848942,3,True,1788804162.4149408,
bind,nsec3,nonexistent.test-nsec3.example,cold,4856301,3,True,1788804162.4199002,
bind,nsec3,nonexistent.test-nsec3.example,cold,2460396,3,True,1788804162.4227705,
bind,nsec3,nonexistent.test-nsec3.example,cold,899059,3,True,1788804162.4238198,
bind,nsec3,nonexistent.test-nsec3.example,cold,962244,3,True,1788804162.4248374,
bind,nsec3,nonexistent.test-nsec3.example,cold,913127,3,True,1788804162.4258285,
bind,nsec3,nonexistent.test-nsec3.example,cold,903276,3,True,1788804162.4269953,
bind,nsec3,nonexistent.test-nsec3.example,cold,768009,3,True,1788804162.4279115,
bind,nsec3,nonexistent.test-nsec3.example,cold,776207,3,True,1788804162.4287667,
bind,nsec3,nonexistent.test-nsec3.example,cold,743880,3,True,1788804162.4295733,
bind,nsec3,nonexistent.test-nsec3.example,cold,1117838,3,True,1788804162.43075,
bind,nsec3,nonexistent.test-nsec3.example,cold,727941,3,True,1788804162.4315443,
bind,nsec3,nonexistent.test-nsec3.example,cold,646537,3,True,1788804162.4322486,
bind,nsec3,nonexistent.test-nsec3.example,cold,741136,3,True,1788804162.4330447,
bind,nsec3,nonexistent.test-nsec3.example,cold,792005,3,True,1788804162.4338858,
bind,nsec3,nonexistent.test-nsec3.example,cold,758688,3,True,1788804162.4347064,
bind,nsec3,nonexistent.test-nsec3.example,cold,771034,3,True,1788804162.4355464,
bind,nsec3,nonexistent.test-nsec3.example,cold,740711,3,True,1788804162.4363482,
bind,nsec3,nonexistent.test-nsec3.example,cold,672284,3,True,1788804162.4370875,
bind,nsec3,nonexistent.test-nsec3.example,cold,578860,3,True,1788804162.4377258,
bind,nsec3,nonexistent.test-nsec3.example,cold,897801,3,True,1788804162.4386675,
bind,nsec3,nonexistent.test-nsec3.example,cold,610328,3,True,1788804162.4393408,
bind,nsec3,nonexistent.test-nsec3.example,cold,668802,3,True,1788804162.4400706,
bind,nsec3,nonexistent.test-nsec3.example,cold,765018,3,True,1788804162.4409475,
bind,nsec3,nonexistent.test-nsec3.example,cold,697446,3,True,1788804162.4416974,
bind,nsec3,nonexistent.test-nsec3.example,cold,869087,3,True,1788804162.4426138,
bind,nsec3,nonexistent.test-nsec3.example,cold,793042,3,True,1788804162.4435425,
bind,nsec3,nonexistent.test-nsec3.example,cold,714111,3,True,1788804162.4443724,
bind,nsec3,nonexistent.test-nsec3.example,cold,710921,3,True,1788804162.4451408,
bind,nsec3,nonexistent.test-nsec3.example,cold,890831,3,True,1788804162.446089,
bind,nsec3,nonexistent.test-nsec3.example,cold,867543,3,True,1788804162.4470284,
bind,nsec3,nonexistent.test-nsec3.example,cold,770959,3,True,1788804162.4478753,
bind,nsec3,nonexistent.test-nsec3.example,cold,787422,3,True,1788804162.4487314,
bind,nsec3,nonexistent.test-nsec3.example,cold,748569,3,True,1788804162.449551,
bind,nsec3,nonexistent.test-nsec3.example,cold,810110,3,True,1788804162.4504306,
bind,nsec3,nonexistent.test-nsec3.example,cold,781666,3,True,1788804162.4513288,
bind,nsec3,nonexistent.test-nsec3.example,cold,731971,3,True,1788804162.4521272,
bind,nsec3,nonexistent.test-nsec3.example,cold,723766,3,True,1788804162.452908,
bind,nsec3,nonexistent.test-nsec3.example,cold,684425,3,True,1788804162.453664,
bind,nsec3,nonexistent.test-nsec3.example,cold,781220,3,True,1788804162.454515,
bind,nsec3,nonexistent.test-nsec3.example,cold,727016,3,True,1788804162.455327,
bind,nsec3,nonexistent.test-nsec3.example,cold,690722,3,True,1788804162.4560883,
bind,nsec3,nonexistent.test-nsec3.example,cold,693253,3,True,1788804162.4569001,
bind,nsec3,nonexistent.test-nsec3.example,cold,603822,3,True,1788804162.4575543,
bind,nsec3,nonexistent.test-nsec3.example,cold,692554,3,True,1788804162.4583843,
bind,nsec3,nonexistent.test-nsec3.example,cold,599623,3,True,1788804162.459042,
bind,nsec3,nonexistent.test-nsec3.example,cold,647005,3,True,1788804162.4597502,
bind,nsec3,nonexistent.test-nsec3.example,cold,674884,3,True,1788804162.4604857,
bind,nsec3,nonexistent.test-nsec3.example,cold,979398,3,True,1788804162.4615295,
bind,nsec3,nonexistent.test-nsec3.example,cold,989459,3,True,1788804162.462685,
bind,nsec3,nonexistent.test-nsec3.example,cold,730395,3,True,1788804162.4634817,
bind,nsec3,nonexistent.test-nsec3.example,cold,711777,3,True,1788804162.4642553,
bind,nsec3,nonexistent.test-nsec3.example,cold,573382,3,True,1788804162.4648945,
bind,nsec3,nonexistent.test-nsec3.example,cold,673107,3,True,1788804162.4656255,
bind,nsec3,nonexistent.test-nsec3.example,cold,787693,3,True,1788804162.466468,
bind,nsec3,nonexistent.test-nsec3.example,cold,581144,3,True,1788804162.4671032,
bind,nsec3,nonexistent.test-nsec3.example,cold,614975,3,True,1788804162.4677696,
bind,nsec3,nonexistent.test-nsec3.example,cold,670384,3,True,1788804162.4684942,
bind,nsec3,nonexistent.test-nsec3.example,cold,641057,3,True,1788804162.469197,
bind,nsec3,nonexistent.test-nsec3.example,cold,657691,3,True,1788804162.4699187,
bind,nsec3,nonexistent.test-nsec3.example,cold,680414,3,True,1788804162.4706585,
bind,nsec3,nonexistent.test-nsec3.example,cold,691417,3,True,1788804162.4714148,
bind,nsec3,nonexistent.test-nsec3.example,cold,740228,3,True,1788804162.472218,
bind,nsec3,nonexistent.test-nsec3.example,cold,681320,3,True,1788804162.4729626,
bind,nsec3,nonexistent.test-nsec3.example,cold,712570,3,True,1788804162.4737477,
bind,nsec3,nonexistent.test-nsec3.example,cold,761533,3,True,1788804162.4745736,
bind,nsec3,nonexistent.test-nsec3.example,cold,696135,3,True,1788804162.4753375,
bind,nsec3,nonexistent.test-nsec3.example,cold,626713,3,True,1788804162.4760303,
bind,nsec3,nonexistent.test-nsec3.example,cold,661847,3,True,1788804162.476757,
bind,nsec3,nonexistent.test-nsec3.example,cold,1367348,3,True,1788804162.4781878,
bind,nsec3,nonexistent.test-nsec3.example,cold,903627,3,True,1788804162.4791691,
bind,nsec3,nonexistent.test-nsec3.example,cold,689960,3,True,1788804162.4799297,
bind,nsec3,nonexistent.test-nsec3.example,cold,707937,3,True,1788804162.4807057,
bind,nsec3,nonexistent.test-nsec3.example,cold,612717,3,True,1788804162.481379,
bind,nsec3,nonexistent.test-nsec3.example,cold,733356,3,True,1788804162.4821677,
bind,nsec3,nonexistent.test-nsec3.example,cold,711717,3,True,1788804162.4829364,
bind,nsec3,nonexistent.test-nsec3.example,cold,682709,3,True,1788804162.483684,
bind,nsec3,nonexistent.test-nsec3.example,cold,661330,3,True,1788804162.4844117,
bind,nsec3,nonexistent.test-nsec3.example,cold,646037,3,True,1788804162.4851158,
bind,nsec3,nonexistent.test-nsec3.example,cold,713128,3,True,1788804162.4858923,
bind,nsec3,nonexistent.test-nsec3.example,cold,663966,3,True,1788804162.486612,
bind,nsec3,nonexistent.test-nsec3.example,cold,624281,3,True,1788804162.487297,
bind,nsec3,nonexistent.test-nsec3.example,cold,690824,3,True,1788804162.4880445,
bind,nsec3,nonexistent.test-nsec3.example,cold,767472,3,True,1788804162.4888756,
bind,nsec3,nonexistent.test-nsec3.example,cold,659244,3,True,1788804162.4896128,
bind,nsec3,nonexistent.test-nsec3.example,cold,770726,3,True,1788804162.4904468,
bind,nsec3,nonexistent.test-nsec3.example,cold,875776,3,True,1788804162.4913862,
bind,nsec3,nonexistent.test-nsec3.example,cold,626998,3,True,1788804162.4920838,
bind,nsec3,nonexistent.test-nsec3.example,cold,789420,3,True,1788804162.4929426,
bind,nsec3,nonexistent.test-nsec3.example,cold,2580257,3,True,1788804162.4955838,
bind,nsec3,nonexistent.test-nsec3.example,cold,1195057,3,True,1788804162.4968562,
bind,nsec3,nonexistent.test-nsec3.example,cold,957712,3,True,1788804162.4979002,
bind,nsec3,nonexistent.test-nsec3.example,cold,732552,3,True,1788804162.4987085,
bind,nsec3,nonexistent.test-nsec3.example,cold,798393,3,True,1788804162.4995685,
bind,nsec3,nonexistent.test-nsec3.example,cold,633790,3,True,1788804162.5002592,
bind,nsec3,nonexistent.test-nsec3.example,cold,636199,3,True,1788804162.5009537,
bind,nsec3,nonexistent.test-nsec3.example,cold,682569,3,True,1788804162.5017,
bind,nsec3,nonexistent.test-nsec3.example,cold,699429,3,True,1788804162.5024598,
bind,nsec3,nonexistent.test-nsec3.example,cold,1452953,3,True,1788804162.503968,
bind,nsec3,nonexistent.test-nsec3.example,cold,3466881,3,True,1788804162.5075185,
bind,nsec3,nonexistent.test-nsec3.example,cold,1474264,3,True,1788804162.5090954,
bind,nsec3,nonexistent.test-nsec3.example,cold,980477,3,True,1788804162.510245,
bind,nsec3,nonexistent.test-nsec3.example,cold,815613,3,True,1788804162.5111346,
bind,nsec3,nonexistent.test-nsec3.example,cold,707939,3,True,1788804162.5119028,
bind,nsec3,nonexistent.test-nsec3.example,cold,780450,3,True,1788804162.5127501,
bind,nsec3,nonexistent.test-nsec3.example,cold,617570,3,True,1788804162.5134294,
bind,nsec3,nonexistent.test-nsec3.example,cold,904923,3,True,1788804162.5143938,
bind,nsec3,nonexistent.test-nsec3.example,cold,833369,3,True,1788804162.5152984,
bind,nsec3,nonexistent.test-nsec3.example,cold,795138,3,True,1788804162.5161593,
bind,nsec3,nonexistent.test-nsec3.example,cold,627446,3,True,1788804162.5168517,
bind,nsec3,nonexistent.test-nsec3.example,cold,683310,3,True,1788804162.517604,
bind,nsec3,nonexistent.test-nsec3.example,cold,831724,3,True,1788804162.518502,
bind,nsec3,nonexistent.test-nsec3.example,cold,805889,3,True,1788804162.519373,
bind,nsec3,nonexistent.test-nsec3.example,cold,726261,3,True,1788804162.5201588,
bind,nsec3,nonexistent.test-nsec3.example,cold,625013,3,True,1788804162.5208423,
bind,nsec3,nonexistent.test-nsec3.example,cold,880714,3,True,1788804162.5217898,
bind,nsec3,nonexistent.test-nsec3.example,cold,761029,3,True,1788804162.5226252,
bind,nsec3,nonexistent.test-nsec3.example,cold,709528,3,True,1788804162.5233989,
bind,nsec3,nonexistent.test-nsec3.example,cold,845386,3,True,1788804162.5243118,
bind,nsec3,nonexistent.test-nsec3.example,cold,755176,3,True,1788804162.5251405,
bind,nsec3,nonexistent.test-nsec3.example,cold,656744,3,True,1788804162.5258543,
bind,nsec3,nonexistent.test-nsec3.example,cold,715831,3,True,1788804162.5266275,
bind,nsec3,nonexistent.test-nsec3.example,cold,721008,3,True,1788804162.5274105,
bind,nsec3,nonexistent.test-nsec3.example,cold,661730,3,True,1788804162.528135,
bind,nsec3,nonexistent.test-nsec3.example,cold,674969,3,True,1788804162.5288641,
bind,nsec3,nonexistent.test-nsec3.example,cold,644171,3,True,1788804162.5295627,
bind,nsec3,nonexistent.test-nsec3.example,cold,758875,3,True,1788804162.5303874,
bind,nsec3,nonexistent.test-nsec3.example,cold,699993,3,True,1788804162.5311558,
bind,nsec3,nonexistent.test-nsec3.example,cold,663450,3,True,1788804162.5318725,
bind,nsec3,nonexistent.test-nsec3.example,cold,695012,3,True,1788804162.5326288,
bind,nsec3,nonexistent.test-nsec3.example,cold,663719,3,True,1788804162.533356,
bind,nsec3,nonexistent.test-nsec3.example,cold,738621,3,True,1788804162.534153,
bind,nsec3,nonexistent.test-nsec3.example,cold,700673,3,True,1788804162.534919,
bind,nsec3,nonexistent.test-nsec3.example,cold,624236,3,True,1788804162.5356054,
bind,nsec3,nonexistent.test-nsec3.example,cold,620911,3,True,1788804162.5362873,
bind,nsec3,nonexistent.test-nsec3.example,cold,659899,3,True,1788804162.5370126,
bind,nsec3,nonexistent.test-nsec3.example,cold,630073,3,True,1788804162.5377078,
bind,nsec3,nonexistent.test-nsec3.example,cold,935830,3,True,1788804162.538712,
bind,nsec3,nonexistent.test-nsec3.example,cold,751176,3,True,1788804162.5395353,
bind,nsec3,nonexistent.test-nsec3.example,cold,1022008,3,True,1788804162.5406213,
bind,nsec3,nonexistent.test-nsec3.example,cold,909909,3,True,1788804162.541601,
bind,nsec3,nonexistent.test-nsec3.example,cold,911287,3,True,1788804162.5425832,
bind,nsec3,nonexistent.test-nsec3.example,cold,665272,3,True,1788804162.543319,
bind,nsec3,nonexistent.test-nsec3.example,cold,832371,3,True,1788804162.5442126,
bind,nsec3,nonexistent.test-nsec3.example,cold,970570,3,True,1788804162.54526,
bind,nsec3,nonexistent.test-nsec3.example,cold,850856,3,True,1788804162.5462358,
bind,nsec3,nonexistent.test-nsec3.example,cold,829014,3,True,1788804162.5472147,
bind,nsec3,nonexistent.test-nsec3.example,cold,1196108,3,True,1788804162.548474,
bind,nsec3,nonexistent.test-nsec3.example,cold,5499548,3,True,1788804162.5540612,
bind,nsec3,nonexistent.test-nsec3.example,cold,1244778,3,True,1788804162.5554209,
bind,nsec3,nonexistent.test-nsec3.example,cold,2306745,3,True,1788804162.5578482,
bind,nsec3,nonexistent.test-nsec3.example,cold,1015358,3,True,1788804162.558946,
bind,nsec3,nonexistent.test-nsec3.example,cold,892881,3,True,1788804162.559903,
bind,nsec3,nonexistent.test-nsec3.example,cold,894120,3,True,1788804162.5609457,
bind,nsec3,nonexistent.test-nsec3.example,cold,882339,3,True,1788804162.5619042,
bind,nsec3,nonexistent.test-nsec3.example,cold,811074,3,True,1788804162.5627809,
bind,nsec3,nonexistent.test-nsec3.example,cold,910375,3,True,1788804162.563759,
bind,nsec3,nonexistent.test-nsec3.example,cold,1002779,3,True,1788804162.5648363,
bind,nsec3,nonexistent.test-nsec3.example,cold,885115,3,True,1788804162.5658011,
bind,nsec3,nonexistent.test-nsec3.example,cold,2165542,3,True,1788804162.568038,
bind,nsec3,nonexistent.test-nsec3.example,cold,926347,3,True,1788804162.5690327,
bind,nsec3,nonexistent.test-nsec3.example,cold,826009,3,True,1788804162.569944,
bind,nsec3,nonexistent.test-nsec3.example,cold,856563,3,True,1788804162.5708675,
bind,nsec3,nonexistent.test-nsec3.example,cold,831297,3,True,1788804162.5717645,
bind,nsec3,nonexistent.test-nsec3.example,cold,1066420,3,True,1788804162.572903,
bind,nsec3,nonexistent.test-nsec3.example,cold,1220591,3,True,1788804162.5742068,
bind,nsec3,nonexistent.test-nsec3.example,cold,1193002,3,True,1788804162.5754976,
bind,nsec3,nonexistent.test-nsec3.example,cold,988122,3,True,1788804162.576619,
bind,nsec3,nonexistent.test-nsec3.example,cold,1070427,3,True,1788804162.577909,
bind,nsec3,nonexistent.test-nsec3.example,cold,752818,3,True,1788804162.5787337,
bind,nsec3,nonexistent.test-nsec3.example,cold,782731,3,True,1788804162.5795882,
bind,nsec3,nonexistent.test-nsec3.example,cold,707785,3,True,1788804162.5803473,
bind,nsec3,nonexistent.test-nsec3.example,cold,848193,3,True,1788804162.5812557,
bind,nsec3,nonexistent.test-nsec3.example,cold,895422,3,True,1788804162.5822887,
bind,nsec3,nonexistent.test-nsec3.example,cold,859682,3,True,1788804162.5832617,
bind,nsec3,nonexistent.test-nsec3.example,cold,1346236,3,True,1788804162.5846777,
bind,nsec3,nonexistent.test-nsec3.example,cold,1081867,3,True,1788804162.5858488,
bind,nsec3,nonexistent.test-nsec3.example,cold,1478497,3,True,1788804162.5874212,
bind,nsec3,nonexistent.test-nsec3.example,cold,1459527,3,True,1788804162.5889788,
bind,nsec3,nonexistent.test-nsec3.example,cold,726685,3,True,1788804162.5897794,
bind,nsec3,nonexistent.test-nsec3.example,cold,784066,3,True,1788804162.5906258,
bind,nsec3,nonexistent.test-nsec3.example,cold,807484,3,True,1788804162.591532,
bind,nsec3,nonexistent.test-nsec3.example,cold,1010037,3,True,1788804162.5926156,
bind,nsec3,nonexistent.test-nsec3.example,cold,915266,3,True,1788804162.5936062,
bind,nsec3,nonexistent.test-nsec3.example,cold,1014002,3,True,1788804162.5946918,
bind,nsec3,nonexistent.test-nsec3.example,cold,922149,3,True,1788804162.595714,
bind,nsec3,nonexistent.test-nsec3.example,cold,1135818,3,True,1788804162.5969334,
bind,nsec3,nonexistent.test-nsec3.example,cold,911176,3,True,1788804162.5980334,
bind,nsec3,nonexistent.test-nsec3.example,cold,786694,3,True,1788804162.598898,
bind,nsec3,nonexistent.test-nsec3.example,cold,811579,3,True,1788804162.5997791,
bind,nsec3,nonexistent.test-nsec3.example,cold,710617,3,True,1788804162.6005626,
bind,nsec3,nonexistent.test-nsec3.example,cold,705290,3,True,1788804162.6013324,
bind,nsec3,nonexistent.test-nsec3.example,cold,987890,3,True,1788804162.6023884,
bind,nsec3,nonexistent.test-nsec3.example,cold,726135,3,True,1788804162.603187,
bind,nsec3,nonexistent.test-nsec3.example,cold,722016,3,True,1788804162.6039755,
bind,nsec3,nonexistent.test-nsec3.example,cold,758318,3,True,1788804162.6047986,
bind,nsec3,nonexistent.test-nsec3.example,cold,794229,3,True,1788804162.6056657,
bind,nsec3,nonexistent.test-nsec3.example,cold,871063,3,True,1788804162.6066666,
bind,nsec3,nonexistent.test-nsec3.example,cold,835536,3,True,1788804162.6075902,
bind,nsec3,nonexistent.test-nsec3.example,cold,981920,3,True,1788804162.6086373,
bind,nsec3,nonexistent.test-nsec3.example,cold,777050,3,True,1788804162.609465,
bind,nsec3,nonexistent.test-nsec3.example,cold,788167,3,True,1788804162.6103125,
bind,nsec3,nonexistent.test-nsec3.example,cold,873154,3,True,1788804162.61139,
bind,nsec3,nonexistent.test-nsec3.example,cold,3184223,3,True,1788804162.614639,
bind,nsec3,nonexistent.test-nsec3.example,cold,839231,3,True,1788804162.6155667,
bind,nsec3,nonexistent.test-nsec3.example,cold,891369,3,True,1788804162.616533,
bind,nsec3,nonexistent.test-nsec3.example,cold,1049139,3,True,1788804162.6176503,
bind,nsec3,nonexistent.test-nsec3.example,cold,877909,3,True,1788804162.6185987,
bind,nsec3,nonexistent.test-nsec3.example,cold,850938,3,True,1788804162.6195123,
bind,nsec3,nonexistent.test-nsec3.example,cold,768873,3,True,1788804162.6203482,
bind,nsec3,nonexistent.test-nsec3.example,cold,737229,3,True,1788804162.6211548,
bind,nsec3,nonexistent.test-nsec3.example,cold,893109,3,True,1788804162.622112,
bind,nsec3,nonexistent.test-nsec3.example,cold,773082,3,True,1788804162.622946,
bind,nsec3,nonexistent.test-nsec3.example,cold,779130,3,True,1788804162.6237886,
bind,nsec3,nonexistent.test-nsec3.example,cold,3414914,3,True,1788804162.6272736,
bind,nsec3,nonexistent.test-nsec3.example,cold,901480,3,True,1788804162.6282673,
bind,nsec3,nonexistent.test-nsec3.example,cold,780902,3,True,1788804162.6291184,
bind,nsec3,nonexistent.test-nsec3.example,cold,1672931,3,True,1788804162.630957,
bind,nsec3,nonexistent.test-nsec3.example,cold,736984,3,True,1788804162.6317413,
bind,nsec3,nonexistent.test-nsec3.example,cold,781209,3,True,1788804162.6326272,
bind,nsec3,nonexistent.test-nsec3.example,cold,686338,3,True,1788804162.6333735,
bind,nsec3,nonexistent.test-nsec3.example,cold,1394592,3,True,1788804162.6348374,
bind,nsec3,nonexistent.test-nsec3.example,cold,1456103,3,True,1788804162.636377,
bind,nsec3,nonexistent.test-nsec3.example,cold,991083,3,True,1788804162.637452,
bind,nsec3,nonexistent.test-nsec3.example,cold,781994,3,True,1788804162.6383052,
bind,nsec3,nonexistent.test-nsec3.example,cold,810715,3,True,1788804162.6392214,
bind,nsec3,nonexistent.test-nsec3.example,cold,791260,3,True,1788804162.6400793,
bind,nsec3,nonexistent.test-nsec3.example,cold,857160,3,True,1788804162.641003,
bind,nsec3,nonexistent.test-nsec3.example,cold,765106,3,True,1788804162.641838,
bind,nsec3,nonexistent.test-nsec3.example,cold,869747,3,True,1788804162.6427794,
bind,nsec3,nonexistent.test-nsec3.example,cold,953015,3,True,1788804162.643891,
bind,nsec3,nonexistent.test-nsec3.example,cold,784913,3,True,1788804162.644743,
bind,nsec3,nonexistent.test-nsec3.example,cold,764337,3,True,1788804162.645571,
bind,nsec3,nonexistent.test-nsec3.example,cold,870928,3,True,1788804162.64652,
bind,nsec3,nonexistent.test-nsec3.example,cold,808086,3,True,1788804162.647418,
bind,nsec3,nonexistent.test-nsec3.example,cold,982156,3,True,1788804162.6484716,
bind,nsec3,nonexistent.test-nsec3.example,cold,1169373,3,True,1788804162.6498063,
bind,nsec3,nonexistent.test-nsec3.example,cold,1001388,3,True,1788804162.6508718,
bind,nsec3,nonexistent.test-nsec3.example,cold,806849,3,True,1788804162.6519358,
bind,nsec3,nonexistent.test-nsec3.example,cold,812933,3,True,1788804162.6528096,
bind,nsec3,nonexistent.test-nsec3.example,cold,708013,3,True,1788804162.653588,
bind,nsec3,nonexistent.test-nsec3.example,cold,682111,3,True,1788804162.6543927,
bind,nsec3,nonexistent.test-nsec3.example,cold,685417,3,True,1788804162.6551442,
bind,nsec3,nonexistent.test-nsec3.example,cold,706587,3,True,1788804162.6559172,
bind,nsec3,nonexistent.test-nsec3.example,cold,850487,3,True,1788804162.6568868,
bind,nsec3,nonexistent.test-nsec3.example,cold,855917,3,True,1788804162.657829,
bind,nsec3,nonexistent.test-nsec3.example,cold,890510,3,True,1788804162.658787,
bind,nsec3,nonexistent.test-nsec3.example,cold,899097,3,True,1788804162.6600232,
bind,nsec3,nonexistent.test-nsec3.example,cold,1118523,3,True,1788804162.6612809,
bind,nsec3,nonexistent.test-nsec3.example,cold,1724262,3,True,1788804162.663085,
bind,nsec3,nonexistent.test-nsec3.example,cold,1302927,3,True,1788804162.6645796,
bind,nsec3,nonexistent.test-nsec3.example,cold,1030314,3,True,1788804162.6657085,
bind,nsec3,nonexistent.test-nsec3.example,cold,1115486,3,True,1788804162.666906,
bind,nsec3,nonexistent.test-nsec3.example,cold,1016110,3,True,1788804162.6680238,
bind,nsec3,nonexistent.test-nsec3.example,cold,770244,3,True,1788804162.6688688,
bind,nsec3,nonexistent.test-nsec3.example,cold,946835,3,True,1788804162.6698909,
bind,nsec3,nonexistent.test-nsec3.example,cold,944563,3,True,1788804162.6709075,
bind,nsec3,nonexistent.test-nsec3.example,cold,1169485,3,True,1788804162.6721568,
bind,nsec3,nonexistent.test-nsec3.example,cold,862627,3,True,1788804162.6732368,
bind,nsec3,nonexistent.test-nsec3.example,cold,878263,3,True,1788804162.674184,
bind,nsec3,nonexistent.test-nsec3.example,cold,1180080,3,True,1788804162.6754336,
bind,nsec3,nonexistent.test-nsec3.example,cold,1020952,3,True,1788804162.6765318,
bind,nsec3,nonexistent.test-nsec3.example,cold,787565,3,True,1788804162.6773872,
bind,nsec3,nonexistent.test-nsec3.example,cold,5906903,3,True,1788804162.683383,
bind,nsec3,nonexistent.test-nsec3.example,cold,1254565,3,True,1788804162.6848722,
bind,nsec3,nonexistent.test-nsec3.example,cold,1196039,3,True,1788804162.6861608,
bind,nsec3,nonexistent.test-nsec3.example,cold,863103,3,True,1788804162.6871083,
bind,nsec3,nonexistent.test-nsec3.example,cold,1034499,3,True,1788804162.6882167,
bind,nsec3,nonexistent.test-nsec3.example,cold,995098,3,True,1788804162.689295,
bind,nsec3,nonexistent.test-nsec3.example,cold,862016,3,True,1788804162.690233,
bind,nsec3,nonexistent.test-nsec3.example,cold,850329,3,True,1788804162.6911473,
bind,nsec3,nonexistent.test-nsec3.example,cold,823692,3,True,1788804162.6920326,
bind,nsec3,nonexistent.test-nsec3.example,cold,1196066,3,True,1788804162.6932962,
bind,nsec3,nonexistent.test-nsec3.example,cold,833911,3,True,1788804162.6942096,
bind,nsec3,nonexistent.test-nsec3.example,cold,811600,3,True,1788804162.6950967,
bind,nsec3,nonexistent.test-nsec3.example,cold,772039,3,True,1788804162.6959672,
bind,nsec3,nonexistent.test-nsec3.example,cold,738434,3,True,1788804162.6967638,
bind,nsec3,nonexistent.test-nsec3.example,cold,903206,3,True,1788804162.697741,
bind,nsec3,nonexistent.test-nsec3.example,cold,921588,3,True,1788804162.6987362,
bind,nsec3,nonexistent.test-nsec3.example,cold,779752,3,True,1788804162.6995952,
bind,nsec3,nonexistent.test-nsec3.example,cold,785963,3,True,1788804162.7004511,
bind,nsec3,nonexistent.test-nsec3.example,cold,789386,3,True,1788804162.7013016,
bind,nsec3,nonexistent.test-nsec3.example,cold,808569,3,True,1788804162.7022796,
bind,nsec3,nonexistent.test-nsec3.example,cold,875835,3,True,1788804162.7032435,
bind,nsec3,nonexistent.test-nsec3.example,cold,761843,3,True,1788804162.7040744,
bind,nsec3,nonexistent.test-nsec3.example,cold,962812,3,True,1788804162.7051072,
bind,nsec3,nonexistent.test-nsec3.example,cold,850119,3,True,1788804162.7060301,
bind,nsec3,nonexistent.test-nsec3.example,cold,862804,3,True,1788804162.7069578,
bind,nsec3,nonexistent.test-nsec3.example,cold,814536,3,True,1788804162.7078326,
bind,nsec3,nonexistent.test-nsec3.example,cold,1004474,3,True,1788804162.7089005,
bind,nsec3,nonexistent.test-nsec3.example,cold,1052382,3,True,1788804162.7100468,
bind,nsec3,nonexistent.test-nsec3.example,cold,1279687,3,True,1788804162.711436,
bind,nsec3,nonexistent.test-nsec3.example,cold,2306293,3,True,1788804162.7138247,
bind,nsec3,nonexistent.test-nsec3.example,cold,1103944,3,True,1788804162.715008,
bind,nsec3,nonexistent.test-nsec3.example,cold,1006627,3,True,1788804162.716118,
bind,nsec3,nonexistent.test-nsec3.example,cold,1769671,3,True,1788804162.71797,
bind,nsec3,nonexistent.test-nsec3.example,cold,947789,3,True,1788804162.7189982,
bind,nsec3,nonexistent.test-nsec3.example,cold,783723,3,True,1788804162.7199597,
bind,nsec3,nonexistent.test-nsec3.example,cold,803782,3,True,1788804162.7208257,
bind,nsec3,nonexistent.test-nsec3.example,cold,721461,3,True,1788804162.7216208,
bind,nsec3,nonexistent.test-nsec3.example,cold,845334,3,True,1788804162.7225926,
bind,nsec3,nonexistent.test-nsec3.example,cold,736514,3,True,1788804162.7234004,
bind,nsec3,nonexistent.test-nsec3.example,cold,877219,3,True,1788804162.7243507,
bind,nsec3,nonexistent.test-nsec3.example,cold,816523,3,True,1788804162.7252371,
bind,nsec3,nonexistent.test-nsec3.example,cold,921026,3,True,1788804162.726233,
bind,nsec3,nonexistent.test-nsec3.example,cold,860778,3,True,1788804162.7271733,
bind,nsec3,nonexistent.test-nsec3.example,cold,844119,3,True,1788804162.7280865,
bind,nsec3,nonexistent.test-nsec3.example,cold,968098,3,True,1788804162.7291164,
bind,nsec3,nonexistent.test-nsec3.example,cold,769175,3,True,1788804162.7299683,
bind,nsec3,nonexistent.test-nsec3.example,cold,831874,3,True,1788804162.73087,
bind,nsec3,nonexistent.test-nsec3.example,cold,789018,3,True,1788804162.731723,
bind,nsec3,nonexistent.test-nsec3.example,cold,949682,3,True,1788804162.7327268,
bind,nsec3,nonexistent.test-nsec3.example,cold,2240564,3,True,1788804162.735073,
bind,nsec3,nonexistent.test-nsec3.example,cold,990129,3,True,1788804162.7361598,
bind,nsec3,nonexistent.test-nsec3.example,cold,1679841,3,True,1788804162.737911,
bind,nsec3,nonexistent.test-nsec3.example,cold,2727750,3,True,1788804162.7407486,
bind,nsec3,nonexistent.test-nsec3.example,cold,1598572,3,True,1788804162.7425368,
bind,nsec3,nonexistent.test-nsec3.example,cold,1493411,3,True,1788804162.7441945,
bind,nsec3,nonexistent.test-nsec3.example,cold,1303635,3,True,1788804162.7456193,
bind,nsec3,nonexistent.test-nsec3.example,cold,933706,3,True,1788804162.7466884,
bind,nsec3,nonexistent.test-nsec3.example,cold,1004485,3,True,1788804162.747758,
bind,nsec3,nonexistent.test-nsec3.example,cold,847112,3,True,1788804162.7486765,
bind,nsec3,nonexistent.test-nsec3.example,cold,916925,3,True,1788804162.74966,
bind,nsec3,nonexistent.test-nsec3.example,cold,971996,3,True,1788804162.7507253,
bind,nsec3,nonexistent.test-nsec3.example,cold,864046,3,True,1788804162.7516704,
bind,nsec3,nonexistent.test-nsec3.example,cold,797978,3,True,1788804162.7525415,
bind,nsec3,nonexistent.test-nsec3.example,cold,862233,3,True,1788804162.7534642,
bind,nsec3,nonexistent.test-nsec3.example,cold,888642,3,True,1788804162.7544188,
bind,nsec3,nonexistent.test-nsec3.example,cold,1005454,3,True,1788804162.7554903,
bind,nsec3,nonexistent.test-nsec3.example,cold,707877,3,True,1788804162.7562714,
bind,nsec3,nonexistent.test-nsec3.example,cold,721278,3,True,1788804162.7570622,
bind,nsec3,nonexistent.test-nsec3.example,cold,706722,3,True,1788804162.7578368,
bind,nsec3,nonexistent.test-nsec3.example,cold,1021565,3,True,1788804162.7590566,
bind,nsec3,nonexistent.test-nsec3.example,cold,1135948,3,True,1788804162.7602792,
bind,nsec3,nonexistent.test-nsec3.example,cold,999196,3,True,1788804162.7613468,
bind,nsec3,nonexistent.test-nsec3.example,cold,1471484,3,True,1788804162.762887,
bind,nsec3,nonexistent.test-nsec3.example,cold,850016,3,True,1788804162.763805,
bind,nsec3,nonexistent.test-nsec3.example,cold,864123,3,True,1788804162.7647216,
bind,nsec3,nonexistent.test-nsec3.example,cold,1077259,3,True,1788804162.7658627,
bind,nsec3,nonexistent.test-nsec3.example,cold,964469,3,True,1788804162.7668953,
bind,nsec3,nonexistent.test-nsec3.example,cold,961594,3,True,1788804162.7679257,
bind,nsec3,nonexistent.test-nsec3.example,cold,751889,3,True,1788804162.7687504,
bind,nsec3,nonexistent.test-nsec3.example,cold,1234930,3,True,1788804162.770064,
bind,nsec3,nonexistent.test-nsec3.example,cold,1376342,3,True,1788804162.7715495,
bind,nsec3,nonexistent.test-nsec3.example,cold,921234,3,True,1788804162.7725704,
bind,nsec3,nonexistent.test-nsec3.example,cold,1006523,3,True,1788804162.7737548,
bind,nsec3,nonexistent.test-nsec3.example,cold,919876,3,True,1788804162.7747521,
bind,nsec3,nonexistent.test-nsec3.example,cold,924427,3,True,1788804162.7757373,
bind,nsec3,nonexistent.test-nsec3.example,cold,790795,3,True,1788804162.776598,
bind,nsec3,nonexistent.test-nsec3.example,cold,788826,3,True,1788804162.7774446,
bind,nsec3,nonexistent.test-nsec3.example,cold,1404677,3,True,1788804162.7789118,
bind,nsec3,nonexistent.test-nsec3.example,cold,1124433,3,True,1788804162.780207,
bind,nsec3,nonexistent.test-nsec3.example,cold,819143,3,True,1788804162.7811,
bind,nsec3,nonexistent.test-nsec3.example,cold,902404,3,True,1788804162.782073,
bind,nsec3,nonexistent.test-nsec3.example,cold,820807,3,True,1788804162.782964,
bind,nsec3,nonexistent.test-nsec3.example,cold,710878,3,True,1788804162.7837348,
bind,nsec3,nonexistent.test-nsec3.example,cold,679615,3,True,1788804162.784464,
bind,nsec3,nonexistent.test-nsec3.example,cold,785360,3,True,1788804162.7853107,
bind,nsec3,nonexistent.test-nsec3.example,cold,818924,3,True,1788804162.7861805,
bind,nsec3,nonexistent.test-nsec3.example,cold,1069899,3,True,1788804162.7873204,
bind,nsec3,nonexistent.test-nsec3.example,cold,820010,3,True,1788804162.7882092,
bind,nsec3,nonexistent.test-nsec3.example,cold,854102,3,True,1788804162.7891297,
bind,nsec3,nonexistent.test-nsec3.example,cold,845246,3,True,1788804162.790058,
bind,nsec3,nonexistent.test-nsec3.example,cold,966836,3,True,1788804162.791094,
bind,nsec3,nonexistent.test-nsec3.example,cold,670208,3,True,1788804162.7918336,
bind,nsec3,nonexistent.test-nsec3.example,cold,719198,3,True,1788804162.7926185,
bind,nsec3,nonexistent.test-nsec3.example,cold,675333,3,True,1788804162.7933645,
bind,nsec3,nonexistent.test-nsec3.example,cold,635098,3,True,1788804162.7940655,
bind,nsec3,nonexistent.test-nsec3.example,cold,1045364,3,True,1788804162.7952282,
bind,nsec3,nonexistent.test-nsec3.example,cold,3863012,3,True,1788804162.799169,
bind,nsec3,nonexistent.test-nsec3.example,cold,956399,3,True,1788804162.8002112,
bind,nsec3,nonexistent.test-nsec3.example,cold,797983,3,True,1788804162.8010862,
bind,nsec3,nonexistent.test-nsec3.example,cold,893594,3,True,1788804162.8020434,
bind,nsec3,nonexistent.test-nsec3.example,cold,3411023,3,True,1788804162.8057463,
bind,nsec3,nonexistent.test-nsec3.example,cold,837406,3,True,1788804162.806677,
bind,nsec3,nonexistent.test-nsec3.example,cold,1309066,3,True,1788804162.80806,
bind,nsec3,nonexistent.test-nsec3.example,cold,894805,3,True,1788804162.8090386,
bind,nsec3,nonexistent.test-nsec3.example,cold,731634,3,True,1788804162.8098419,
bind,nsec3,nonexistent.test-nsec3.example,cold,860658,3,True,1788804162.810775,
bind,nsec3,nonexistent.test-nsec3.example,cold,846441,3,True,1788804162.811686,
bind,nsec3,nonexistent.test-nsec3.example,cold,3813026,3,True,1788804162.8155684,
bind,nsec3,nonexistent.test-nsec3.example,cold,1392865,3,True,1788804162.8170853,
bind,nsec3,nonexistent.test-nsec3.example,cold,821051,3,True,1788804162.8181214,
bind,nsec3,nonexistent.test-nsec3.example,cold,2124257,3,True,1788804162.8203213,
bind,nsec3,nonexistent.test-nsec3.example,cold,1484548,3,True,1788804162.821903,
bind,nsec3,nonexistent.test-nsec3.example,cold,1155581,3,True,1788804162.8231544,
bind,nsec3,nonexistent.test-nsec3.example,cold,957453,3,True,1788804162.8242025,
bind,nsec3,nonexistent.test-nsec3.example,cold,701072,3,True,1788804162.8249786,
bind,nsec3,nonexistent.test-nsec3.example,cold,754121,3,True,1788804162.8258011,
bind,nsec3,nonexistent.test-nsec3.example,cold,1050244,3,True,1788804162.8269203,
bind,nsec3,nonexistent.test-nsec3.example,cold,755675,3,True,1788804162.8277495,
bind,nsec3,nonexistent.test-nsec3.example,cold,938004,3,True,1788804162.8287573,
bind,nsec3,nonexistent.test-nsec3.example,cold,720298,3,True,1788804162.8295488,
bind,nsec3,nonexistent.test-nsec3.example,cold,656429,3,True,1788804162.8302734,
bind,nsec3,nonexistent.test-nsec3.example,cold,728344,3,True,1788804162.8310857,
bind,nsec3,nonexistent.test-nsec3.example,cold,732707,3,True,1788804162.831883,
bind,nsec3,nonexistent.test-nsec3.example,cold,880470,3,True,1788804162.8328364,
bind,nsec3,nonexistent.test-nsec3.example,cold,1129014,3,True,1788804162.8340354,
bind,nsec3,nonexistent.test-nsec3.example,cold,1033294,3,True,1788804162.835144,
bind,nsec3,nonexistent.test-nsec3.example,cold,812931,3,True,1788804162.8360229,
bind,nsec3,nonexistent.test-nsec3.example,cold,784276,3,True,1788804162.8368683,
bind,nsec3,nonexistent.test-nsec3.example,cold,795968,3,True,1788804162.8377273,
bind,nsec3,nonexistent.test-nsec3.example,cold,1083016,3,True,1788804162.838883,
bind,nsec3,nonexistent.test-nsec3.example,cold,847901,3,True,1788804162.839965,
bind,nsec3,nonexistent.test-nsec3.example,cold,642323,3,True,1788804162.8406813,
bind,nsec3,nonexistent.test-nsec3.example,cold,821977,3,True,1788804162.8415663,
bind,nsec3,nonexistent.test-nsec3.example,cold,1658589,3,True,1788804162.8432868,
bind,nsec3,nonexistent.test-nsec3.example,cold,1271735,3,True,1788804162.8446476,
bind,nsec3,nonexistent.test-nsec3.example,cold,840729,3,True,1788804162.8455617,
bind,nsec3,nonexistent.test-nsec3.example,cold,859804,3,True,1788804162.8464825,
bind,nsec3,nonexistent.test-nsec3.example,cold,706316,3,True,1788804162.847243,
bind,nsec3,nonexistent.test-nsec3.example,cold,774961,3,True,1788804162.8480854,
bind,nsec3,nonexistent.test-nsec3.example,cold,1488343,3,True,1788804162.8496454,
bind,nsec3,nonexistent.test-nsec3.example,cold,1114567,3,True,1788804162.8508441,
bind,nsec3,nonexistent.test-nsec3.example,cold,862518,3,True,1788804162.8518863,
bind,nsec3,nonexistent.test-nsec3.example,cold,724082,3,True,1788804162.852683,
bind,nsec3,nonexistent.test-nsec3.example,cold,815420,3,True,1788804162.8535578,
bind,nsec3,nonexistent.test-nsec3.example,cold,694153,3,True,1788804162.8543162,
bind,nsec3,nonexistent.test-nsec3.example,cold,683324,3,True,1788804162.8550966,
bind,nsec3,nonexistent.test-nsec3.example,cold,1107799,3,True,1788804162.8562675,
bind,nsec3,nonexistent.test-nsec3.example,cold,774001,3,True,1788804162.8571167,
bind,nsec3,nonexistent.test-nsec3.example,cold,725360,3,True,1788804162.8578997,
bind,nsec3,nonexistent.test-nsec3.example,cold,647498,3,True,1788804162.8586023,
bind,nsec3,nonexistent.test-nsec3.example,cold,610499,3,True,1788804162.8592672,
bind,nsec3,nonexistent.test-nsec3.example,cold,885454,3,True,1788804162.8602102,
bind,nsec3,nonexistent.test-nsec3.example,cold,1501944,3,True,1788804162.8618002,
bind,nsec3,nonexistent.test-nsec3.example,cold,802187,3,True,1788804162.8626776,
bind,nsec3,nonexistent.test-nsec3.example,cold,866048,3,True,1788804162.8637571,
bind,nsec3,nonexistent.test-nsec3.example,cold,1365784,3,True,1788804162.8652349,
bind,nsec3,nonexistent.test-nsec3.example,cold,1506059,3,True,1788804162.86682,
bind,nsec3,nonexistent.test-nsec3.example,cold,767402,3,True,1788804162.867674,
bind,nsec3,nonexistent.test-nsec3.example,cold,682720,3,True,1788804162.8684216,
bind,nsec3,nonexistent.test-nsec3.example,cold,770554,3,True,1788804162.8692486,
bind,nsec3,nonexistent.test-nsec3.example,cold,845146,3,True,1788804162.8702888,
bind,nsec3,nonexistent.test-nsec3.example,cold,842868,3,True,1788804162.8712618,
bind,nsec3,nonexistent.test-nsec3.example,cold,813364,3,True,1788804162.8721418,
bind,nsec3,nonexistent.test-nsec3.example,cold,758412,3,True,1788804162.8729672,
bind,nsec3,nonexistent.test-nsec3.example,cold,732078,3,True,1788804162.8738234,
bind,nsec3,nonexistent.test-nsec3.example,cold,816934,3,True,1788804162.8747041,
bind,nsec3,nonexistent.test-nsec3.example,cold,752286,3,True,1788804162.8755207,
bind,nsec3,nonexistent.test-nsec3.example,cold,3525097,3,True,1788804162.879122,
bind,nsec3,nonexistent.test-nsec3.example,cold,1199202,3,True,1788804162.8804293,
bind,nsec3,nonexistent.test-nsec3.example,cold,1131807,3,True,1788804162.8817706,
bind,nsec3,nonexistent.test-nsec3.example,cold,973151,3,True,1788804162.8828254,
bind,nsec3,nonexistent.test-nsec3.example,cold,830083,3,True,1788804162.8837273,
bind,nsec3,nonexistent.test-nsec3.example,cold,2600179,3,True,1788804162.8864534,
bind,nsec3,nonexistent.test-nsec3.example,cold,1836269,3,True,1788804162.8883986,
bind,nsec3,nonexistent.test-nsec3.example,cold,994804,3,True,1788804162.889635,
bind,nsec3,nonexistent.test-nsec3.example,cold,794959,3,True,1788804162.8904936,
bind,nsec3,nonexistent.test-nsec3.example,cold,766042,3,True,1788804162.8913116,
bind,nsec3,nonexistent.test-nsec3.example,cold,921574,3,True,1788804162.8922985,
bind,nsec3,nonexistent.test-nsec3.example,cold,645430,3,True,1788804162.8929963,
bind,nsec3,nonexistent.test-nsec3.example,cold,1217051,3,True,1788804162.89429,
bind,nsec3,nonexistent.test-nsec3.example,cold,1014498,3,True,1788804162.8956008,
bind,nsec3,nonexistent.test-nsec3.example,cold,946377,3,True,1788804162.8966331,
bind,nsec3,nonexistent.test-nsec3.example,cold,1061737,3,True,1788804162.8977845,
bind,nsec3,nonexistent.test-nsec3.example,cold,986855,3,True,1788804162.8989081,
bind,nsec3,nonexistent.test-nsec3.example,cold,691303,3,True,1788804162.8996868,
bind,nsec3,nonexistent.test-nsec3.example,cold,841295,3,True,1788804162.900599,
bind,nsec3,nonexistent.test-nsec3.example,cold,942236,3,True,1788804162.901627,
bind,nsec3,nonexistent.test-nsec3.example,cold,1292154,3,True,1788804162.9038622,
bind,nsec3,nonexistent.test-nsec3.example,cold,1588887,3,True,1788804162.9055476,
bind,nsec3,nonexistent.test-nsec3.example,cold,1600601,3,True,1788804162.9074252,
bind,nsec3,nonexistent.test-nsec3.example,cold,1201030,3,True,1788804162.9087253,
bind,nsec3,nonexistent.test-nsec3.example,cold,1229624,3,True,1788804162.9100728,
bind,nsec3,nonexistent.test-nsec3.example,cold,946853,3,True,1788804162.9110975,
bind,nsec3,nonexistent.test-nsec3.example,cold,903151,3,True,1788804162.912071,
bind,nsec3,nonexistent.test-nsec3.example,cold,798535,3,True,1788804162.912963,
bind,nsec3,nonexistent.test-nsec3.example,cold,911403,3,True,1788804162.9139326,
bind,nsec3,nonexistent.test-nsec3.example,cold,816297,3,True,1788804162.9148178,
bind,nsec3,nonexistent.test-nsec3.example,cold,862939,3,True,1788804162.9157488,
bind,nsec3,nonexistent.test-nsec3.example,cold,634104,3,True,1788804162.9164455,
bind,nsec3,nonexistent.test-nsec3.example,cold,819927,3,True,1788804162.917324,
bind,nsec3,nonexistent.test-nsec3.example,cold,924982,3,True,1788804162.9183133,
bind,nsec3,nonexistent.test-nsec3.example,cold,1012423,3,True,1788804162.919429,
bind,nsec3,nonexistent.test-nsec3.example,cold,862042,3,True,1788804162.9203575,
bind,nsec3,nonexistent.test-nsec3.example,cold,1063278,3,True,1788804162.9214907,
bind,nsec3,nonexistent.test-nsec3.example,cold,1237563,3,True,1788804162.922802,
bind,nsec3,nonexistent.test-nsec3.example,cold,917523,3,True,1788804162.9237967,
bind,nsec3,nonexistent.test-nsec3.example,cold,842056,3,True,1788804162.9247108,
bind,nsec3,nonexistent.test-nsec3.example,cold,790636,3,True,1788804162.9255729,
bind,nsec3,nonexistent.test-nsec3.example,cold,672667,3,True,1788804162.9263117,
bind,nsec3,nonexistent.test-nsec3.example,cold,797758,3,True,1788804162.9271972,
bind,nsec3,nonexistent.test-nsec3.example,cold,740451,3,True,1788804162.928004,
bind,nsec3,nonexistent.test-nsec3.example,cold,682687,3,True,1788804162.9287355,
bind,nsec3,nonexistent.test-nsec3.example,cold,636329,3,True,1788804162.9294302,
bind,nsec3,nonexistent.test-nsec3.example,cold,666380,3,True,1788804162.9301546,
bind,nsec3,nonexistent.test-nsec3.example,cold,746377,3,True,1788804162.930966,
bind,nsec3,nonexistent.test-nsec3.example,cold,676247,3,True,1788804162.9317803,
bind,nsec3,nonexistent.test-nsec3.example,cold,748844,3,True,1788804162.9325883,
bind,nsec3,nonexistent.test-nsec3.example,cold,672960,3,True,1788804162.9333293,
bind,nsec3,nonexistent.test-nsec3.example,cold,906745,3,True,1788804162.9343045,
bind,nsec3,nonexistent.test-nsec3.example,cold,990236,3,True,1788804162.9355276,
bind,nsec3,nonexistent.test-nsec3.example,cold,730369,3,True,1788804162.9363294,
bind,nsec3,nonexistent.test-nsec3.example,cold,675709,3,True,1788804162.9370773,
bind,nsec3,nonexistent.test-nsec3.example,cold,693123,3,True,1788804162.9378412,
bind,nsec3,nonexistent.test-nsec3.example,cold,789019,3,True,1788804162.9386916,
bind,nsec3,nonexistent.test-nsec3.example,cold,648072,3,True,1788804162.9394076,
bind,nsec3,nonexistent.test-nsec3.example,cold,755543,3,True,1788804162.940228,
bind,nsec3,nonexistent.test-nsec3.example,cold,778094,3,True,1788804162.9410768,
bind,nsec3,nonexistent.test-nsec3.example,cold,633654,3,True,1788804162.9417782,
bind,nsec3,nonexistent.test-nsec3.example,cold,723973,3,True,1788804162.9425688,
bind,nsec3,nonexistent.test-nsec3.example,cold,779223,3,True,1788804162.943413,
bind,nsec3,nonexistent.test-nsec3.example,cold,671682,3,True,1788804162.9441502,
bind,nsec3,nonexistent.test-nsec3.example,cold,828521,3,True,1788804162.9450457,
bind,nsec3,nonexistent.test-nsec3.example,cold,727576,3,True,1788804162.9458468,
bind,nsec3,nonexistent.test-nsec3.example,cold,840831,3,True,1788804162.946754,
bind,nsec3,nonexistent.test-nsec3.example,cold,743408,3,True,1788804162.9475687,
bind,nsec3,nonexistent.test-nsec3.example,cold,903198,3,True,1788804162.948543,
bind,nsec3,nonexistent.test-nsec3.example,cold,792795,3,True,1788804162.9493997,
bind,nsec3,nonexistent.test-nsec3.example,cold,985218,3,True,1788804162.9508278,
bind,nsec3,nonexistent.test-nsec3.example,cold,890053,3,True,1788804162.9518251,
bind,nsec3,nonexistent.test-nsec3.example,cold,888043,3,True,1788804162.9528148,
bind,nsec3,nonexistent.test-nsec3.example,cold,831604,3,True,1788804162.9537942,
bind,nsec3,nonexistent.test-nsec3.example,cold,903841,3,True,1788804162.9547966,
bind,nsec3,nonexistent.test-nsec3.example,cold,821069,3,True,1788804162.9556856,
bind,nsec3,nonexistent.test-nsec3.example,cold,836690,3,True,1788804162.9566913,
bind,nsec3,nonexistent.test-nsec3.example,cold,928137,3,True,1788804162.9576998,
bind,nsec3,nonexistent.test-nsec3.example,cold,882353,3,True,1788804162.95867,
bind,nsec3,nonexistent.test-nsec3.example,cold,781830,3,True,1788804162.9595141,
bind,nsec3,nonexistent.test-nsec3.example,cold,755920,3,True,1788804162.960333,
bind,nsec3,nonexistent.test-nsec3.example,cold,810885,3,True,1788804162.9612126,
bind,nsec3,nonexistent.test-nsec3.example,cold,1310581,3,True,1788804162.9625938,
bind,nsec3,nonexistent.test-nsec3.example,cold,2309924,3,True,1788804162.9650178,
bind,nsec3,nonexistent.test-nsec3.example,cold,1353525,3,True,1788804162.966459,
bind,nsec3,nonexistent.test-nsec3.example,cold,1314312,3,True,1788804162.967859,
bind,nsec3,nonexistent.test-nsec3.example,cold,858000,3,True,1788804162.968792,
bind,nsec3,nonexistent.test-nsec3.example,cold,714800,3,True,1788804162.969573,
bind,nsec3,nonexistent.test-nsec3.example,cold,774430,3,True,1788804162.970421,
bind,nsec3,nonexistent.test-nsec3.example,cold,706500,3,True,1788804162.9713068,
bind,nsec3,nonexistent.test-nsec3.example,cold,5128670,3,True,1788804162.9764967,
bind,nsec3,nonexistent.test-nsec3.example,cold,1548832,3,True,1788804162.9781628,
bind,nsec3,nonexistent.test-nsec3.example,cold,983182,3,True,1788804162.9793375,
bind,nsec3,nonexistent.test-nsec3.example,cold,872514,3,True,1788804162.9802911,
bind,nsec3,nonexistent.test-nsec3.example,cold,1228323,3,True,1788804162.9815912,
bind,nsec3,nonexistent.test-nsec3.example,cold,1198139,3,True,1788804162.9828866,
bind,nsec3,nonexistent.test-nsec3.example,cold,1226181,3,True,1788804162.98429,
bind,nsec3,nonexistent.test-nsec3.example,cold,1220837,3,True,1788804162.9856055,
bind,nsec3,nonexistent.test-nsec3.example,cold,1140009,3,True,1788804162.9868267,
bind,nsec3,nonexistent.test-nsec3.example,cold,1022614,3,True,1788804162.9879246,
bind,nsec3,nonexistent.test-nsec3.example,cold,1474675,3,True,1788804162.9894795,
bind,nsec3,nonexistent.test-nsec3.example,cold,1048063,3,True,1788804162.9906104,
bind,nsec3,nonexistent.test-nsec3.example,cold,967990,3,True,1788804162.9917827,
bind,nsec3,nonexistent.test-nsec3.example,cold,1072855,3,True,1788804162.9929304,
bind,nsec3,nonexistent.test-nsec3.example,cold,958384,3,True,1788804162.9940526,
bind,nsec3,nonexistent.test-nsec3.example,cold,862573,3,True,1788804162.9949896,
bind,nsec3,nonexistent.test-nsec3.example,cold,959810,3,True,1788804162.9961936,
bind,nsec3,nonexistent.test-nsec3.example,cold,763043,3,True,1788804162.9970257,
bind,nsec3,nonexistent.test-nsec3.example,cold,1060820,3,True,1788804162.9985526,
bind,nsec3,nonexistent.test-nsec3.example,cold,2327039,3,True,1788804163.0009575,
bind,nsec3,nonexistent.test-nsec3.example,cold,798857,3,True,1788804163.0018377,
bind,nsec3,nonexistent.test-nsec3.example,cold,717268,3,True,1788804163.0026114,
bind,nsec3,nonexistent.test-nsec3.example,cold,3297633,3,True,1788804163.0059595,
bind,nsec3,nonexistent.test-nsec3.example,cold,936821,3,True,1788804163.0070126,
bind,nsec3,nonexistent.test-nsec3.example,cold,751957,3,True,1788804163.0078344,
bind,nsec3,nonexistent.test-nsec3.example,cold,690751,3,True,1788804163.008629,
bind,nsec3,nonexistent.test-nsec3.example,cold,671181,3,True,1788804163.00936,
bind,nsec3,nonexistent.test-nsec3.example,cold,776867,3,True,1788804163.0102055,
bind,nsec3,nonexistent.test-nsec3.example,cold,824690,3,True,1788804163.0110872,
bind,nsec3,nonexistent.test-nsec3.example,cold,683549,3,True,1788804163.0118327,
bind,nsec3,nonexistent.test-nsec3.example,cold,781070,3,True,1788804163.0126734,
bind,nsec3,nonexistent.test-nsec3.example,cold,647159,3,True,1788804163.0133755,
bind,nsec3,nonexistent.test-nsec3.example,cold,613347,3,True,1788804163.014049,
bind,nsec3,nonexistent.test-nsec3.example,cold,741818,3,True,1788804163.0148454,
bind,nsec3,nonexistent.test-nsec3.example,cold,835188,3,True,1788804163.0157373,
bind,nsec3,nonexistent.test-nsec3.example,cold,3440999,3,True,1788804163.0192451,
bind,nsec3,nonexistent.test-nsec3.example,cold,807493,3,True,1788804163.0201302,
bind,nsec3,nonexistent.test-nsec3.example,cold,788299,3,True,1788804163.020986,
bind,nsec3,nonexistent.test-nsec3.example,cold,757774,3,True,1788804163.0218112,
bind,nsec3,nonexistent.test-nsec3.example,cold,824934,3,True,1788804163.0226932,
bind,nsec3,nonexistent.test-nsec3.example,cold,696261,3,True,1788804163.0234587,
bind,nsec3,nonexistent.test-nsec3.example,cold,629948,3,True,1788804163.0241504,
bind,nsec3,nonexistent.test-nsec3.example,cold,697523,3,True,1788804163.024904,
bind,nsec3,nonexistent.test-nsec3.example,cold,689437,3,True,1788804163.025656,
bind,nsec3,nonexistent.test-nsec3.example,cold,643695,3,True,1788804163.026365,
bind,nsec3,nonexistent.test-nsec3.example,cold,695315,3,True,1788804163.0271173,
bind,nsec3,nonexistent.test-nsec3.example,cold,1086070,3,True,1788804163.028269,
bind,nsec3,nonexistent.test-nsec3.example,cold,970013,3,True,1788804163.0293472,
bind,nsec3,nonexistent.test-nsec3.example,cold,813929,3,True,1788804163.0302353,
bind,nsec3,nonexistent.test-nsec3.example,cold,755598,3,True,1788804163.0310593,
bind,nsec3,nonexistent.test-nsec3.example,cold,828653,3,True,1788804163.0319536,
bind,nsec3,nonexistent.test-nsec3.example,cold,831757,3,True,1788804163.0328572,
bind,nsec3,nonexistent.test-nsec3.example,cold,726556,3,True,1788804163.0336535,
bind,nsec3,nonexistent.test-nsec3.example,cold,829903,3,True,1788804163.034546,
bind,nsec3,nonexistent.test-nsec3.example,cold,823982,3,True,1788804163.0354197,
bind,nsec3,nonexistent.test-nsec3.example,cold,883181,3,True,1788804163.036414,
bind,nsec3,nonexistent.test-nsec3.example,cold,752405,3,True,1788804163.0372415,
bind,nsec3,nonexistent.test-nsec3.example,cold,669750,3,True,1788804163.037977,
bind,nsec3,nonexistent.test-nsec3.example,cold,944722,3,True,1788804163.038999,
bind,nsec3,nonexistent.test-nsec3.example,cold,677738,3,True,1788804163.0397563,
bind,nsec3,nonexistent.test-nsec3.example,cold,775300,3,True,1788804163.0406218,
bind,nsec3,nonexistent.test-nsec3.example,cold,753531,3,True,1788804163.0414376,
bind,nsec3,nonexistent.test-nsec3.example,cold,601607,3,True,1788804163.0420992,
bind,nsec3,nonexistent.test-nsec3.example,cold,696702,3,True,1788804163.0429227,
bind,nsec3,nonexistent.test-nsec3.example,cold,679214,3,True,1788804163.0436504,
bind,nsec3,nonexistent.test-nsec3.example,cold,634349,3,True,1788804163.0443723,
bind,nsec3,nonexistent.test-nsec3.example,cold,619942,3,True,1788804163.0450637,
bind,nsec3,nonexistent.test-nsec3.example,cold,716400,3,True,1788804163.0459015,
bind,nsec3,nonexistent.test-nsec3.example,cold,781791,3,True,1788804163.0467293,
bind,nsec3,nonexistent.test-nsec3.example,cold,630453,3,True,1788804163.0474226,
bind,nsec3,nonexistent.test-nsec3.example,cold,623449,3,True,1788804163.0481844,
bind,nsec3,nonexistent.test-nsec3.example,cold,602409,3,True,1788804163.0488338,
bind,nsec3,nonexistent.test-nsec3.example,cold,570129,3,True,1788804163.0495226,
bind,nsec3,nonexistent.test-nsec3.example,cold,687499,3,True,1788804163.0502548,
bind,nsec3,nonexistent.test-nsec3.example,cold,628782,3,True,1788804163.050928,
bind,nsec3,nonexistent.test-nsec3.example,cold,806229,3,True,1788804163.0518453,
bind,nsec3,nonexistent.test-nsec3.example,cold,2897923,3,True,1788804163.0548055,
bind,nsec3,nonexistent.test-nsec3.example,cold,2197431,3,True,1788804163.0570784,
bind,nsec3,nonexistent.test-nsec3.example,cold,1334166,3,True,1788804163.0585794,
bind,nsec3,nonexistent.test-nsec3.example,cold,1145509,3,True,1788804163.0598056,
bind,nsec3,nonexistent.test-nsec3.example,cold,1057983,3,True,1788804163.0610466,
bind,nsec3,nonexistent.test-nsec3.example,cold,1008014,3,True,1788804163.062161,
bind,nsec3,nonexistent.test-nsec3.example,cold,970955,3,True,1788804163.0632176,
bind,nsec3,nonexistent.test-nsec3.example,cold,924220,3,True,1788804163.0642066,
bind,nsec3,nonexistent.test-nsec3.example,cold,662407,3,True,1788804163.0649817,
bind,nsec3,nonexistent.test-nsec3.example,cold,809348,3,True,1788804163.0658424,
bind,nsec3,nonexistent.test-nsec3.example,cold,668159,3,True,1788804163.0665824,
bind,nsec3,nonexistent.test-nsec3.example,cold,712712,3,True,1788804163.067345,
bind,nsec3,nonexistent.test-nsec3.example,cold,705299,3,True,1788804163.0681143,
bind,nsec3,nonexistent.test-nsec3.example,cold,746875,3,True,1788804163.0690134,
bind,nsec3,nonexistent.test-nsec3.example,cold,919069,3,True,1788804163.0700016,
bind,nsec3,nonexistent.test-nsec3.example,cold,952311,3,True,1788804163.071147,
bind,nsec3,nonexistent.test-nsec3.example,cold,1198860,3,True,1788804163.0724218,
bind,nsec3,nonexistent.test-nsec3.example,cold,805505,3,True,1788804163.0733082,
bind,nsec3,nonexistent.test-nsec3.example,cold,667087,3,True,1788804163.074049,
bind,nsec3,nonexistent.test-nsec3.example,cold,707711,3,True,1788804163.0748076,
bind,nsec3,nonexistent.test-nsec3.example,cold,764264,3,True,1788804163.0756392,
bind,nsec3,nonexistent.test-nsec3.example,cold,585456,3,True,1788804163.0762713,
bind,nsec3,nonexistent.test-nsec3.example,cold,724288,3,True,1788804163.0770402,
bind,nsec3,nonexistent.test-nsec3.example,cold,620917,3,True,1788804163.077708,
bind,nsec3,nonexistent.test-nsec3.example,cold,752905,3,True,1788804163.07851,
bind,nsec3,nonexistent.test-nsec3.example,cold,740462,3,True,1788804163.0793183,
bind,nsec3,nonexistent.test-nsec3.example,cold,719897,3,True,1788804163.0801892,
bind,nsec3,nonexistent.test-nsec3.example,cold,701521,3,True,1788804163.0809546,
bind,nsec3,nonexistent.test-nsec3.example,cold,606198,3,True,1788804163.0817096,
bind,nsec3,nonexistent.test-nsec3.example,cold,727628,3,True,1788804163.0825782,
bind,nsec3,nonexistent.test-nsec3.example,cold,602299,3,True,1788804163.083229,
bind,nsec3,nonexistent.test-nsec3.example,cold,694850,3,True,1788804163.083971,
bind,nsec3,nonexistent.test-nsec3.example,cold,722591,3,True,1788804163.0847442,
bind,nsec3,nonexistent.test-nsec3.example,cold,790689,3,True,1788804163.0856042,
bind,nsec3,nonexistent.test-nsec3.example,cold,613979,3,True,1788804163.0862849,
bind,nsec3,nonexistent.test-nsec3.example,cold,663389,3,True,1788804163.0870135,
bind,nsec3,nonexistent.test-nsec3.example,cold,634229,3,True,1788804163.0876942,
bind,nsec3,nonexistent.test-nsec3.example,cold,878415,3,True,1788804163.0887082,
bind,nsec3,nonexistent.test-nsec3.example,cold,720750,3,True,1788804163.0894983,
bind,nsec3,nonexistent.test-nsec3.example,cold,581557,3,True,1788804163.0901575,
bind,nsec3,nonexistent.test-nsec3.example,cold,850265,3,True,1788804163.0910664,
bind,nsec3,nonexistent.test-nsec3.example,cold,705578,3,True,1788804163.0918233,
bind,nsec3,nonexistent.test-nsec3.example,cold,963200,3,True,1788804163.0929692,
bind,nsec3,nonexistent.test-nsec3.example,cold,982966,3,True,1788804163.0941918,
bind,nsec3,nonexistent.test-nsec3.example,cold,924818,3,True,1788804163.0951939,
bind,nsec3,nonexistent.test-nsec3.example,cold,1038836,3,True,1788804163.0963888,
bind,nsec3,nonexistent.test-nsec3.example,cold,809664,3,True,1788804163.0972788,
bind,nsec3,nonexistent.test-nsec3.example,cold,719811,3,True,1788804163.098069,
bind,nsec3,nonexistent.test-nsec3.example,cold,741158,3,True,1788804163.0988579,
bind,nsec3,nonexistent.test-nsec3.example,cold,717655,3,True,1788804163.099626,
bind,nsec3,nonexistent.test-nsec3.example,cold,880328,3,True,1788804163.100602,
bind,nsec3,nonexistent.test-nsec3.example,cold,756060,3,True,1788804163.1014383,
bind,nsec3,nonexistent.test-nsec3.example,cold,600475,3,True,1788804163.1021025,
bind,nsec3,nonexistent.test-nsec3.example,cold,804007,3,True,1788804163.1029887,
bind,nsec3,nonexistent.test-nsec3.example,cold,787276,3,True,1788804163.1038313,
bind,nsec3,nonexistent.test-nsec3.example,cold,925819,3,True,1788804163.1048248,
bind,nsec3,nonexistent.test-nsec3.example,cold,840782,3,True,1788804163.1057336,
bind,nsec3,nonexistent.test-nsec3.example,cold,825004,3,True,1788804163.1066232,
bind,nsec3,nonexistent.test-nsec3.example,cold,720378,3,True,1788804163.1074076,
bind,nsec3,nonexistent.test-nsec3.example,cold,778836,3,True,1788804163.1082473,
bind,nsec3,nonexistent.test-nsec3.example,cold,2707612,3,True,1788804163.1110194,
bind,nsec3,nonexistent.test-nsec3.example,cold,966440,3,True,1788804163.112306,
bind,nsec3,nonexistent.test-nsec3.example,cold,786542,3,True,1788804163.113158,
bind,nsec3,nonexistent.test-nsec3.example,cold,731482,3,True,1788804163.1139476,
bind,nsec3,nonexistent.test-nsec3.example,cold,632565,3,True,1788804163.114638,
bind,nsec3,nonexistent.test-nsec3.example,cold,832151,3,True,1788804163.1155248,
bind,nsec3,nonexistent.test-nsec3.example,cold,644358,3,True,1788804163.1162345,
bind,nsec3,nonexistent.test-nsec3.example,cold,805108,3,True,1788804163.1170957,
bind,nsec3,nonexistent.test-nsec3.example,cold,660999,3,True,1788804163.1178184,
bind,nsec3,nonexistent.test-nsec3.example,cold,712332,3,True,1788804163.118588,
bind,nsec3,nonexistent.test-nsec3.example,cold,626117,3,True,1788804163.1192808,
bind,nsec3,nonexistent.test-nsec3.example,cold,693029,3,True,1788804163.1200366,
bind,nsec3,nonexistent.test-nsec3.example,cold,612140,3,True,1788804163.120695,
bind,nsec3,nonexistent.test-nsec3.example,cold,701638,3,True,1788804163.121444,
bind,nsec3,nonexistent.test-nsec3.example,cold,551071,3,True,1788804163.1220434,
bind,nsec3,nonexistent.test-nsec3.example,cold,1096497,3,True,1788804163.123181,
bind,nsec3,nonexistent.test-nsec3.example,cold,739744,3,True,1788804163.123984,
bind,nsec3,nonexistent.test-nsec3.example,cold,2758377,3,True,1788804163.126803,
bind,nsec3,nonexistent.test-nsec3.example,cold,701580,3,True,1788804163.1275663,
bind,nsec3,nonexistent.test-nsec3.example,cold,722574,3,True,1788804163.128347,
bind,nsec3,nonexistent.test-nsec3.example,cold,669890,3,True,1788804163.1290727,
bind,nsec3,nonexistent.test-nsec3.example,cold,605475,3,True,1788804163.1297362,
bind,nsec3,nonexistent.test-nsec3.example,cold,726304,3,True,1788804163.1305149,
bind,nsec3,nonexistent.test-nsec3.example,cold,603545,3,True,1788804163.1311727,
bind,nsec3,nonexistent.test-nsec3.example,cold,737281,3,True,1788804163.131966,
bind,nsec3,nonexistent.test-nsec3.example,cold,736471,3,True,1788804163.1327555,
bind,nsec3,nonexistent.test-nsec3.example,cold,785916,3,True,1788804163.1335971,
bind,nsec3,nonexistent.test-nsec3.example,cold,763588,3,True,1788804163.1344192,
bind,nsec3,nonexistent.test-nsec3.example,cold,728980,3,True,1788804163.1352136,
bind,nsec3,nonexistent.test-nsec3.example,cold,957284,3,True,1788804163.1362388,
bind,nsec3,nonexistent.test-nsec3.example,cold,808719,3,True,1788804163.1371212,
bind,nsec3,nonexistent.test-nsec3.example,cold,853812,3,True,1788804163.1380618,
bind,nsec3,nonexistent.test-nsec3.example,cold,799469,3,True,1788804163.1393855,
bind,nsec3,nonexistent.test-nsec3.example,cold,760003,3,True,1788804163.1402102,
bind,nsec3,nonexistent.test-nsec3.example,cold,702815,3,True,1788804163.1409826,
bind,nsec3,nonexistent.test-nsec3.example,cold,838303,3,True,1788804163.1418881,
bind,nsec3,nonexistent.test-nsec3.example,cold,1315145,3,True,1788804163.1433387,
bind,nsec3,nonexistent.test-nsec3.example,cold,921133,3,True,1788804163.1443353,
bind,nsec3,nonexistent.test-nsec3.example,cold,775753,3,True,1788804163.14528,
bind,nsec3,nonexistent.test-nsec3.example,cold,747091,3,True,1788804163.1460898,
bind,nsec3,nonexistent.test-nsec3.example,cold,1023548,3,True,1788804163.1471703,
bind,nsec3,nonexistent.test-nsec3.example,cold,690048,3,True,1788804163.147932,
bind,nsec3,nonexistent.test-nsec3.example,cold,751443,3,True,1788804163.1487465,
bind,nsec3,nonexistent.test-nsec3.example,cold,724937,3,True,1788804163.1495693,
bind,nsec3,nonexistent.test-nsec3.example,cold,730674,3,True,1788804163.1503828,
bind,nsec3,nonexistent.test-nsec3.example,cold,613078,3,True,1788804163.1510627,
bind,nsec3,nonexistent.test-nsec3.example,cold,682916,3,True,1788804163.1518068,
bind,nsec3,nonexistent.test-nsec3.example,cold,811060,3,True,1788804163.1526709,
bind,nsec3,nonexistent.test-nsec3.example,cold,803154,3,True,1788804163.153537,
bind,nsec3,nonexistent.test-nsec3.example,cold,805858,3,True,1788804163.154417,
bind,nsec3,nonexistent.test-nsec3.example,cold,1081879,3,True,1788804163.1556306,
bind,nsec3,nonexistent.test-nsec3.example,cold,1163141,3,True,1788804163.156863,
bind,nsec3,nonexistent.test-nsec3.example,cold,1051061,3,True,1788804163.157983,
bind,nsec3,nonexistent.test-nsec3.example,cold,1202943,3,True,1788804163.1592524,
bind,nsec3,nonexistent.test-nsec3.example,cold,982306,3,True,1788804163.1603067,
bind,nsec3,nonexistent.test-nsec3.example,cold,913468,3,True,1788804163.1612933,
bind,nsec3,nonexistent.test-nsec3.example,cold,865884,3,True,1788804163.1622212,
bind,nsec3,nonexistent.test-nsec3.example,cold,1194726,3,True,1788804163.163483,
bind,nsec3,nonexistent.test-nsec3.example,cold,871473,3,True,1788804163.1644206,
bind,nsec3,nonexistent.test-nsec3.example,cold,807274,3,True,1788804163.1652966,
bind,nsec3,nonexistent.test-nsec3.example,cold,776149,3,True,1788804163.166139,
bind,nsec3,nonexistent.test-nsec3.example,cold,1210477,3,True,1788804163.167497,
bind,nsec3,nonexistent.test-nsec3.example,cold,820378,3,True,1788804163.1683898,
bind,nsec3,nonexistent.test-nsec3.example,cold,846208,3,True,1788804163.1692946,
bind,nsec3,nonexistent.test-nsec3.example,cold,1140211,3,True,1788804163.1705012,
bind,nsec3,nonexistent.test-nsec3.example,cold,1060757,3,True,1788804163.17164,
bind,nsec3,nonexistent.test-nsec3.example,cold,1794593,3,True,1788804163.1735682,
bind,nsec3,nonexistent.test-nsec3.example,cold,995414,3,True,1788804163.1746578,
bind,nsec3,nonexistent.test-nsec3.example,cold,843419,3,True,1788804163.1755784,
bind,nsec3,nonexistent.test-nsec3.example,cold,915440,3,True,1788804163.1766539,
bind,nsec3,nonexistent.test-nsec3.example,cold,742631,3,True,1788804163.1775389,
bind,nsec3,nonexistent.test-nsec3.example,cold,853369,3,True,1788804163.1784651,
bind,nsec3,nonexistent.test-nsec3.example,cold,727042,3,True,1788804163.1792657,
bind,nsec3,nonexistent.test-nsec3.example,cold,688033,3,True,1788804163.1800253,
bind,nsec3,nonexistent.test-nsec3.example,cold,622840,3,True,1788804163.1807156,
bind,nsec3,nonexistent.test-nsec3.example,cold,635927,3,True,1788804163.1814547,
bind,nsec3,nonexistent.test-nsec3.example,cold,621111,3,True,1788804163.1821778,
bind,nsec3,nonexistent.test-nsec3.example,cold,961445,3,True,1788804163.1833038,
bind,nsec3,nonexistent.test-nsec3.example,cold,839474,3,True,1788804163.1842258,
bind,nsec3,nonexistent.test-nsec3.example,cold,940483,3,True,1788804163.1852438,
bind,nsec3,nonexistent.test-nsec3.example,cold,1070435,3,True,1788804163.1864064,
bind,nsec3,nonexistent.test-nsec3.example,cold,852786,3,True,1788804163.1873355,
bind,nsec3,nonexistent.test-nsec3.example,cold,742327,3,True,1788804163.1881948,
bind,nsec3,nonexistent.test-nsec3.example,cold,2638520,3,True,1788804163.1909204,
bind,nsec3,nonexistent.test-nsec3.example,cold,1344391,3,True,1788804163.1923769,
bind,nsec3,nonexistent.test-nsec3.example,cold,930753,3,True,1788804163.1933978,
bind,nsec3,nonexistent.test-nsec3.example,cold,1499264,3,True,1788804163.195088,
bind,nsec3,nonexistent.test-nsec3.example,cold,831719,3,True,1788804163.196005,
bind,nsec3,nonexistent.test-nsec3.example,cold,925291,3,True,1788804163.19702,
bind,nsec3,nonexistent.test-nsec3.example,cold,820083,3,True,1788804163.1979158,
bind,nsec3,nonexistent.test-nsec3.example,cold,881726,3,True,1788804163.1990123,
bind,nsec3,nonexistent.test-nsec3.example,cold,706278,3,True,1788804163.1997883,
bind,nsec3,nonexistent.test-nsec3.example,cold,804825,3,True,1788804163.2007115,
bind,nsec3,nonexistent.test-nsec3.example,cold,747037,3,True,1788804163.201529,
bind,nsec3,nonexistent.test-nsec3.example,cold,732944,3,True,1788804163.2024121,
bind,nsec3,nonexistent.test-nsec3.example,cold,715609,3,True,1788804163.203187,
bind,nsec3,nonexistent.test-nsec3.example,cold,662399,3,True,1788804163.2039528,
bind,nsec3,nonexistent.test-nsec3.example,cold,840251,3,True,1788804163.204857,
bind,nsec3,nonexistent.test-nsec3.example,cold,839794,3,True,1788804163.2057612,
bind,nsec3,nonexistent.test-nsec3.example,cold,900065,3,True,1788804163.2067225,
bind,nsec3,nonexistent.test-nsec3.example,cold,762700,3,True,1788804163.2075505,
bind,nsec3,nonexistent.test-nsec3.example,cold,770006,3,True,1788804163.2083755,
bind,nsec3,nonexistent.test-nsec3.example,cold,740126,3,True,1788804163.2092218,
bind,nsec3,nonexistent.test-nsec3.example,cold,959325,3,True,1788804163.2102556,
bind,nsec3,nonexistent.test-nsec3.example,cold,767329,3,True,1788804163.2110956,
bind,nsec3,nonexistent.test-nsec3.example,cold,753777,3,True,1788804163.211914,
bind,nsec3,nonexistent.test-nsec3.example,cold,725030,3,True,1788804163.2127028,
bind,nsec3,nonexistent.test-nsec3.example,cold,803756,3,True,1788804163.213573,
bind,nsec3,nonexistent.test-nsec3.example,cold,760231,3,True,1788804163.2144046,
bind,nsec3,nonexistent.test-nsec3.example,cold,874796,3,True,1788804163.2153494,
bind,nsec3,nonexistent.test-nsec3.example,cold,769475,3,True,1788804163.2161856,
bind,nsec3,nonexistent.test-nsec3.example,cold,726927,3,True,1788804163.2169802,
bind,nsec3,nonexistent.test-nsec3.example,cold,812483,3,True,1788804163.2178586,
bind,nsec3,nonexistent.test-nsec3.example,cold,766672,3,True,1788804163.218689,
bind,nsec3,nonexistent.test-nsec3.example,cold,944461,3,True,1788804163.2197046,
bind,nsec3,nonexistent.test-nsec3.example,cold,883438,3,True,1788804163.2206566,
bind,nsec3,nonexistent.test-nsec3.example,cold,906351,3,True,1788804163.221738,
bind,nsec3,nonexistent.test-nsec3.example,cold,3897277,3,True,1788804163.225714,
bind,nsec3,nonexistent.test-nsec3.example,cold,1022898,3,True,1788804163.226814,
bind,nsec3,nonexistent.test-nsec3.example,cold,772627,3,True,1788804163.2276425,
bind,nsec3,nonexistent.test-nsec3.example,cold,943527,3,True,1788804163.2286606,
bind,nsec3,nonexistent.test-nsec3.example,cold,724226,3,True,1788804163.2294548,
bind,nsec3,nonexistent.test-nsec3.example,cold,738131,3,True,1788804163.2302523,
bind,nsec3,nonexistent.test-nsec3.example,cold,882114,3,True,1788804163.231195,
bind,nsec3,nonexistent.test-nsec3.example,cold,717182,3,True,1788804163.231981,
bind,nsec3,nonexistent.test-nsec3.example,cold,726681,3,True,1788804163.2327733,
bind,nsec3,nonexistent.test-nsec3.example,cold,714795,3,True,1788804163.2335565,
bind,nsec3,nonexistent.test-nsec3.example,cold,663973,3,True,1788804163.234287,
bind,nsec3,nonexistent.test-nsec3.example,cold,717700,3,True,1788804163.2350872,
bind,nsec3,nonexistent.test-nsec3.example,cold,680591,3,True,1788804163.2358296,
bind,nsec3,nonexistent.test-nsec3.example,cold,633497,3,True,1788804163.2365203,
bind,nsec3,nonexistent.test-nsec3.example,cold,642404,3,True,1788804163.2373166,
bind,nsec3,nonexistent.test-nsec3.example,cold,634358,3,True,1788804163.2380118,
bind,nsec3,nonexistent.test-nsec3.example,cold,887584,3,True,1788804163.2389553,
bind,nsec3,nonexistent.test-nsec3.example,cold,736782,3,True,1788804163.2397552,
bind,nsec3,nonexistent.test-nsec3.example,cold,768110,3,True,1788804163.2406743,
bind,nsec3,nonexistent.test-nsec3.example,cold,761050,3,True,1788804163.2415004,
bind,nsec3,nonexistent.test-nsec3.example,cold,759453,3,True,1788804163.2423513,
bind,nsec3,nonexistent.test-nsec3.example,cold,746715,3,True,1788804163.2431855,
bind,nsec3,nonexistent.test-nsec3.example,cold,709633,3,True,1788804163.2440028,
bind,nsec3,nonexistent.test-nsec3.example,cold,831803,3,True,1788804163.244913,
bind,nsec3,nonexistent.test-nsec3.example,cold,737646,3,True,1788804163.2457268,
bind,nsec3,nonexistent.test-nsec3.example,cold,929094,3,True,1788804163.2467113,
bind,nsec3,nonexistent.test-nsec3.example,cold,674231,3,True,1788804163.2474535,
bind,nsec3,nonexistent.test-nsec3.example,cold,857180,3,True,1788804163.2483785,
bind,nsec3,nonexistent.test-nsec3.example,cold,2609735,3,True,1788804163.2511542,
bind,nsec3,nonexistent.test-nsec3.example,cold,844364,3,True,1788804163.2520816,
bind,nsec3,nonexistent.test-nsec3.example,cold,722145,3,True,1788804163.2528741,
bind,nsec3,nonexistent.test-nsec3.example,cold,831572,3,True,1788804163.253801,
bind,nsec3,nonexistent.test-nsec3.example,cold,745984,3,True,1788804163.2546163,
bind,nsec3,nonexistent.test-nsec3.example,cold,870498,3,True,1788804163.2555478,
bind,nsec3,nonexistent.test-nsec3.example,cold,773954,3,True,1788804163.2563896,
bind,nsec3,nonexistent.test-nsec3.example,cold,786480,3,True,1788804163.2572343,
bind,nsec3,nonexistent.test-nsec3.example,cold,759580,3,True,1788804163.2580616,
bind,nsec3,nonexistent.test-nsec3.example,cold,917186,3,True,1788804163.2590392,
bind,nsec3,nonexistent.test-nsec3.example,cold,804336,3,True,1788804163.2599123,
bind,nsec3,nonexistent.test-nsec3.example,cold,813007,3,True,1788804163.2607872,
bind,nsec3,nonexistent.test-nsec3.example,cold,665336,3,True,1788804163.2616167,
bind,nsec3,nonexistent.test-nsec3.example,cold,889059,3,True,1788804163.2625632,
bind,nsec3,nonexistent.test-nsec3.example,cold,725965,3,True,1788804163.2633567,
bind,nsec3,nonexistent.test-nsec3.example,cold,725253,3,True,1788804163.2641525,
bind,nsec3,nonexistent.test-nsec3.example,cold,691225,3,True,1788804163.2649121,
bind,nsec3,nonexistent.test-nsec3.example,cold,766308,3,True,1788804163.265764,
bind,nsec3,nonexistent.test-nsec3.example,cold,722755,3,True,1788804163.266552,
bind,nsec3,nonexistent.test-nsec3.example,cold,812538,3,True,1788804163.2674356,
bind,nsec3,nonexistent.test-nsec3.example,cold,816169,3,True,1788804163.2683206,
bind,nsec3,nonexistent.test-nsec3.example,cold,810836,3,True,1788804163.2691987,
bind,nsec3,nonexistent.test-nsec3.example,cold,868408,3,True,1788804163.270132,
bind,nsec3,nonexistent.test-nsec3.example,cold,819232,3,True,1788804163.271031,
bind,nsec3,nonexistent.test-nsec3.example,cold,952652,3,True,1788804163.2720523,
bind,nsec3,nonexistent.test-nsec3.example,cold,924692,3,True,1788804163.2731037,
bind,nsec3,nonexistent.test-nsec3.example,cold,796758,3,True,1788804163.2739725,
bind,nsec3,nonexistent.test-nsec3.example,cold,851129,3,True,1788804163.2749267,
bind,nsec3,nonexistent.test-nsec3.example,cold,767779,3,True,1788804163.2757566,
bind,nsec3,nonexistent.test-nsec3.example,cold,839388,3,True,1788804163.2766552,
bind,nsec3,nonexistent.test-nsec3.example,cold,724281,3,True,1788804163.277443,
bind,nsec3,nonexistent.test-nsec3.example,cold,725824,3,True,1788804163.2782364,
bind,nsec3,nonexistent.test-nsec3.example,cold,730824,3,True,1788804163.2790296,
bind,nsec3,nonexistent.test-nsec3.example,cold,668357,3,True,1788804163.2797647,
bind,nsec3,nonexistent.test-nsec3.example,cold,1332663,3,True,1788804163.2811663,
bind,nsec3,nonexistent.test-nsec3.example,cold,1054105,3,True,1788804163.2824686,
bind,nsec3,nonexistent.test-nsec3.example,cold,759400,3,True,1788804163.2833045,
bind,nsec3,nonexistent.test-nsec3.example,cold,752615,3,True,1788804163.2841141,
bind,nsec3,nonexistent.test-nsec3.example,cold,773849,3,True,1788804163.285025,
bind,nsec3,nonexistent.test-nsec3.example,cold,1103089,3,True,1788804163.2861938,
bind,nsec3,nonexistent.test-nsec3.example,cold,1027267,3,True,1788804163.2873008,
bind,nsec3,nonexistent.test-nsec3.example,cold,815371,3,True,1788804163.2881882,
bind,nsec3,nonexistent.test-nsec3.example,cold,877031,3,True,1788804163.2891293,
bind,nsec3,nonexistent.test-nsec3.example,cold,662156,3,True,1788804163.2898529,
bind,nsec3,nonexistent.test-nsec3.example,cold,801829,3,True,1788804163.2907205,
bind,nsec3,nonexistent.test-nsec3.example,cold,894148,3,True,1788804163.2916844,
bind,nsec3,nonexistent.test-nsec3.example,cold,748427,3,True,1788804163.2924986,
bind,nsec3,nonexistent.test-nsec3.example,cold,846329,3,True,1788804163.29341,
bind,nsec3,nonexistent.test-nsec3.example,cold,849040,3,True,1788804163.2944424,
bind,nsec3,nonexistent.test-nsec3.example,cold,871701,3,True,1788804163.295477,
bind,nsec3,nonexistent.test-nsec3.example,cold,823515,3,True,1788804163.296378,
bind,nsec3,nonexistent.test-nsec3.example,cold,686611,3,True,1788804163.2971303,
bind,nsec3,nonexistent.test-nsec3.example,cold,2552941,3,True,1788804163.299793,
bind,nsec3,nonexistent.test-nsec3.example,cold,720082,3,True,1788804163.300591,
bind,nsec3,nonexistent.test-nsec3.example,cold,838985,3,True,1788804163.3015013,
bind,nsec3,nonexistent.test-nsec3.example,cold,821489,3,True,1788804163.3023875,
bind,nsec3,nonexistent.test-nsec3.example,cold,819935,3,True,1788804163.3032706,
bind,nsec3,nonexistent.test-nsec3.example,cold,734328,3,True,1788804163.3040714,
bind,nsec3,nonexistent.test-nsec3.example,cold,756753,3,True,1788804163.304893,
bind,nsec3,nonexistent.test-nsec3.example,cold,679416,3,True,1788804163.3056362,
bind,nsec3,nonexistent.test-nsec3.example,cold,670764,3,True,1788804163.3063762,
bind,nsec3,nonexistent.test-nsec3.example,cold,669486,3,True,1788804163.307108,
bind,nsec3,nonexistent.test-nsec3.example,cold,645445,3,True,1788804163.307809,
bind,nsec3,nonexistent.test-nsec3.example,cold,835494,3,True,1788804163.3087091,
bind,nsec3,nonexistent.test-nsec3.example,cold,694517,3,True,1788804163.3094695,
bind,nsec3,nonexistent.test-nsec3.example,cold,615857,3,True,1788804163.3101337,
bind,nsec3,nonexistent.test-nsec3.example,cold,755311,3,True,1788804163.3109558,
bind,nsec3,nonexistent.test-nsec3.example,cold,858833,3,True,1788804163.3118796,
bind,nsec3,nonexistent.test-nsec3.example,cold,777049,3,True,1788804163.3127239,
bind,nsec3,nonexistent.test-nsec3.example,cold,816871,3,True,1788804163.3136106,
bind,nsec3,nonexistent.test-nsec3.example,cold,801148,3,True,1788804163.314475,
bind,nsec3,nonexistent.test-nsec3.example,cold,687000,3,True,1788804163.3152223,
bind,nsec3,nonexistent.test-nsec3.example,cold,718366,3,True,1788804163.3160026,
bind,nsec3,nonexistent.test-nsec3.example,cold,704776,3,True,1788804163.3167613,
bind,nsec3,nonexistent.test-nsec3.example,cold,673886,3,True,1788804163.3174927,
bind,nsec3,nonexistent.test-nsec3.example,cold,708446,3,True,1788804163.3182652,
bind,nsec3,nonexistent.test-nsec3.example,cold,756378,3,True,1788804163.3190825,
bind,nsec3,nonexistent.test-nsec3.example,cold,822159,3,True,1788804163.3199708,
bind,nsec3,nonexistent.test-nsec3.example,cold,684045,3,True,1788804163.3207214,
bind,nsec3,nonexistent.test-nsec3.example,cold,655104,3,True,1788804163.3214324,
bind,nsec3,nonexistent.test-nsec3.example,cold,677347,3,True,1788804163.3221796,
bind,nsec3,nonexistent.test-nsec3.example,cold,709656,3,True,1788804163.3229477,
bind,nsec3,nonexistent.test-nsec3.example,cold,668100,3,True,1788804163.3237407,
bind,nsec3,nonexistent.test-nsec3.example,cold,679567,3,True,1788804163.3244727,
bind,nsec3,nonexistent.test-nsec3.example,cold,694224,3,True,1788804163.325289,
bind,nsec3,nonexistent.test-nsec3.example,cold,621946,3,True,1788804163.3259768,
bind,nsec3,nonexistent.test-nsec3.example,cold,840262,3,True,1788804163.3268921,
bind,nsec3,nonexistent.test-nsec3.example,cold,941361,3,True,1788804163.3279445,
bind,nsec3,nonexistent.test-nsec3.example,cold,841358,3,True,1788804163.328856,
bind,nsec3,nonexistent.test-nsec3.example,cold,708645,3,True,1788804163.3296301,
bind,nsec3,nonexistent.test-nsec3.example,cold,692317,3,True,1788804163.330385,
bind,nsec3,nonexistent.test-nsec3.example,cold,782724,3,True,1788804163.3312309,
bind,nsec3,nonexistent.test-nsec3.example,cold,721832,3,True,1788804163.332013,
bind,nsec3,nonexistent.test-nsec3.example,cold,733133,3,True,1788804163.3328052,
bind,nsec3,nonexistent.test-nsec3.example,cold,653360,3,True,1788804163.3335187,
bind,nsec3,nonexistent.test-nsec3.example,cold,635743,3,True,1788804163.334218,
bind,nsec3,nonexistent.test-nsec3.example,cold,836796,3,True,1788804163.335113,
bind,nsec3,nonexistent.test-nsec3.example,cold,618305,3,True,1788804163.3358047,
bind,nsec3,nonexistent.test-nsec3.example,cold,666730,3,True,1788804163.3365405,
bind,nsec3,nonexistent.test-nsec3.example,cold,692878,3,True,1788804163.3372998,
bind,nsec3,nonexistent.test-nsec3.example,cold,739566,3,True,1788804163.3380997,
bind,nsec3,nonexistent.test-nsec3.example,cold,777730,3,True,1788804163.3389316,
bind,nsec3,nonexistent.test-nsec3.example,cold,645461,3,True,1788804163.3396351,
bind,nsec3,nonexistent.test-nsec3.example,cold,730757,3,True,1788804163.3404195,
bind,nsec3,nonexistent.test-nsec3.example,cold,778600,3,True,1788804163.3412635,
bind,nsec3,nonexistent.test-nsec3.example,cold,685728,3,True,1788804163.3420098,
bind,nsec3,nonexistent.test-nsec3.example,cold,671538,3,True,1788804163.3427298,
bind,nsec3,nonexistent.test-nsec3.example,cold,757627,3,True,1788804163.343551,
bind,nsec3,nonexistent.test-nsec3.example,cold,768634,3,True,1788804163.3443801,
bind,nsec3,nonexistent.test-nsec3.example,cold,682687,3,True,1788804163.345126,
bind,nsec3,nonexistent.test-nsec3.example,cold,733411,3,True,1788804163.3459568,
bind,nsec3,nonexistent.test-nsec3.example,cold,710339,3,True,1788804163.346721,
bind,nsec3,nonexistent.test-nsec3.example,cold,637496,3,True,1788804163.3474126,
bind,nsec3,nonexistent.test-nsec3.example,cold,766827,3,True,1788804163.348298,
bind,nsec3,nonexistent.test-nsec3.example,cold,735041,3,True,1788804163.3491,
bind,nsec3,nonexistent.test-nsec3.example,cold,838174,3,True,1788804163.3500848,
bind,nsec3,nonexistent.test-nsec3.example,cold,830446,3,True,1788804163.3509874,
bind,nsec3,nonexistent.test-nsec3.example,cold,749424,3,True,1788804163.3518033,
bind,nsec3,nonexistent.test-nsec3.example,cold,720710,3,True,1788804163.3525913,
bind,nsec3,nonexistent.test-nsec3.example,cold,726051,3,True,1788804163.3533854,
bind,nsec3,nonexistent.test-nsec3.example,cold,820041,3,True,1788804163.3542707,
bind,nsec3,nonexistent.test-nsec3.example,cold,671505,3,True,1788804163.3550298,
bind,nsec3,nonexistent.test-nsec3.example,cold,677999,3,True,1788804163.3557637,
bind,nsec3,nonexistent.test-nsec3.example,cold,591875,3,True,1788804163.356408,
bind,nsec3,nonexistent.test-nsec3.example,cold,632775,3,True,1788804163.3570952,
bind,nsec3,nonexistent.test-nsec3.example,cold,625525,3,True,1788804163.357776,
bind,nsec3,nonexistent.test-nsec3.example,cold,1090541,3,True,1788804163.358948,
bind,nsec3,nonexistent.test-nsec3.example,cold,922830,3,True,1788804163.3599946,
bind,nsec3,nonexistent.test-nsec3.example,cold,840469,3,True,1788804163.3609266,
bind,nsec3,nonexistent.test-nsec3.example,cold,845183,3,True,1788804163.3618982,
bind,nsec3,nonexistent.test-nsec3.example,cold,1014110,3,True,1788804163.3629954,
bind,nsec3,nonexistent.test-nsec3.example,cold,770415,3,True,1788804163.3638349,
bind,nsec3,nonexistent.test-nsec3.example,cold,883680,3,True,1788804163.3647857,
bind,nsec3,nonexistent.test-nsec3.example,cold,608058,3,True,1788804163.365458,
bind,nsec3,nonexistent.test-nsec3.example,cold,811613,3,True,1788804163.3663163,
bind,nsec3,nonexistent.test-nsec3.example,cold,691726,3,True,1788804163.3670886,
bind,nsec3,nonexistent.test-nsec3.example,cold,1573675,3,True,1788804163.3687298,
bind,nsec3,nonexistent.test-nsec3.example,cold,791026,3,True,1788804163.3695924,
bind,nsec3,nonexistent.test-nsec3.example,cold,794546,3,True,1788804163.3704464,
bind,nsec3,nonexistent.test-nsec3.example,cold,637822,3,True,1788804163.371155,
bind,nsec3,nonexistent.test-nsec3.example,cold,698338,3,True,1788804163.3719196,
bind,nsec3,nonexistent.test-nsec3.example,cold,812475,3,True,1788804163.3728,
bind,nsec3,nonexistent.test-nsec3.example,cold,5795460,3,True,1788804163.3787227,
bind,nsec3,nonexistent.test-nsec3.example,cold,880875,3,True,1788804163.3796992,
bind,nsec3,nonexistent.test-nsec3.example,cold,1102683,3,True,1788804163.3810837,
bind,nsec3,nonexistent.test-nsec3.example,cold,1375114,3,True,1788804163.382586,
bind,nsec3,nonexistent.test-nsec3.example,cold,979107,3,True,1788804163.3836403,
bind,nsec3,nonexistent.test-nsec3.example,cold,863056,3,True,1788804163.3845832,
bind,nsec3,nonexistent.test-nsec3.example,cold,829860,3,True,1788804163.3854887,
bind,nsec3,nonexistent.test-nsec3.example,cold,845692,3,True,1788804163.3864007,
bind,nsec3,nonexistent.test-nsec3.example,cold,689071,3,True,1788804163.3871567,
bind,nsec3,nonexistent.test-nsec3.example,cold,921303,3,True,1788804163.38815,
bind,nsec3,nonexistent.test-nsec3.example,cold,776618,3,True,1788804163.388995,
bind,nsec3,nonexistent.test-nsec3.example,cold,782756,3,True,1788804163.3898416,
bind,nsec3,nonexistent.test-nsec3.example,cold,781600,3,True,1788804163.3906922,
bind,nsec3,nonexistent.test-nsec3.example,cold,742185,3,True,1788804163.3915045,
bind,nsec3,nonexistent.test-nsec3.example,cold,750009,3,True,1788804163.3923147,
bind,nsec3,nonexistent.test-nsec3.example,cold,776012,3,True,1788804163.3931603,
bind,nsec3,nonexistent.test-nsec3.example,cold,788248,3,True,1788804163.394016,
bind,nsec3,nonexistent.test-nsec3.example,cold,733455,3,True,1788804163.3948135,
bind,nsec3,nonexistent.test-nsec3.example,cold,723663,3,True,1788804163.3955927,
bind,nsec3,nonexistent.test-nsec3.example,cold,849704,3,True,1788804163.3964994,
bind,nsec3,nonexistent.test-nsec3.example,cold,787767,3,True,1788804163.3974435,
bind,nsec3,nonexistent.test-nsec3.example,cold,803124,3,True,1788804163.3983145,
bind,nsec3,nonexistent.test-nsec3.example,cold,682572,3,True,1788804163.399088,
bind,nsec3,nonexistent.test-nsec3.example,cold,754785,3,True,1788804163.3999116,
bind,nsec3,nonexistent.test-nsec3.example,cold,770678,3,True,1788804163.4007492,
bind,nsec3,nonexistent.test-nsec3.example,cold,803744,3,True,1788804163.40162,
bind,nsec3,nonexistent.test-nsec3.example,cold,908917,3,True,1788804163.4026556,
bind,nsec3,nonexistent.test-nsec3.example,cold,830659,3,True,1788804163.4035537,
bind,nsec3,nonexistent.test-nsec3.example,cold,933273,3,True,1788804163.404557,
bind,nsec3,nonexistent.test-nsec3.example,cold,806458,3,True,1788804163.405434,
bind,nsec3,nonexistent.test-nsec3.example,cold,727938,3,True,1788804163.406222,
bind,nsec3,nonexistent.test-nsec3.example,cold,847523,3,True,1788804163.4072332,
bind,nsec3,nonexistent.test-nsec3.example,cold,693818,3,True,1788804163.4079933,
bind,nsec3,nonexistent.test-nsec3.example,cold,803238,3,True,1788804163.4088612,
bind,nsec3,nonexistent.test-nsec3.example,cold,789086,3,True,1788804163.409715,
bind,nsec3,nonexistent.test-nsec3.example,cold,796968,3,True,1788804163.410572,
bind,nsec3,nonexistent.test-nsec3.example,cold,2821468,3,True,1788804163.4134507,
bind,nsec3,nonexistent.test-nsec3.example,cold,1039909,3,True,1788804163.4145494,
bind,nsec3,nonexistent.test-nsec3.example,cold,842473,3,True,1788804163.4155216,
bind,nsec3,nonexistent.test-nsec3.example,cold,723518,3,True,1788804163.416304,
bind,nsec3,nonexistent.test-nsec3.example,cold,729217,3,True,1788804163.417173,
bind,nsec3,nonexistent.test-nsec3.example,cold,636661,3,True,1788804163.4178784,
bind,nsec3,nonexistent.test-nsec3.example,cold,801396,3,True,1788804163.4187477,
bind,nsec3,nonexistent.test-nsec3.example,cold,657326,3,True,1788804163.419467,
bind,nsec3,nonexistent.test-nsec3.example,cold,774300,3,True,1788804163.4202988,
bind,nsec3,nonexistent.test-nsec3.example,cold,676930,3,True,1788804163.421039,
bind,nsec3,nonexistent.test-nsec3.example,cold,786836,3,True,1788804163.4218917,
bind,nsec3,nonexistent.test-nsec3.example,cold,812811,3,True,1788804163.4227724,
bind,nsec3,nonexistent.test-nsec3.example,cold,819050,3,True,1788804163.4236608,
bind,nsec3,nonexistent.test-nsec3.example,cold,890308,3,True,1788804163.4246168,
bind,nsec3,nonexistent.test-nsec3.example,cold,1056715,3,True,1788804163.4257615,
bind,nsec3,nonexistent.test-nsec3.example,cold,980661,3,True,1788804163.4269557,
bind,nsec3,nonexistent.test-nsec3.example,cold,866774,3,True,1788804163.4279926,
bind,nsec3,nonexistent.test-nsec3.example,cold,920119,3,True,1788804163.4289832,
bind,nsec3,nonexistent.test-nsec3.example,cold,1353351,3,True,1788804163.4304087,
bind,nsec3,nonexistent.test-nsec3.example,cold,1386937,3,True,1788804163.4318783,
bind,nsec3,nonexistent.test-nsec3.example,cold,791809,3,True,1788804163.4327881,
bind,nsec3,nonexistent.test-nsec3.example,cold,728020,3,True,1788804163.4336824,
bind,nsec3,nonexistent.test-nsec3.example,cold,945469,3,True,1788804163.4346812,
bind,nsec3,nonexistent.test-nsec3.example,cold,834878,3,True,1788804163.4355738,
bind,nsec3,nonexistent.test-nsec3.example,cold,612348,3,True,1788804163.4362445,
bind,nsec3,nonexistent.test-nsec3.example,cold,651415,3,True,1788804163.436951,
bind,nsec3,nonexistent.test-nsec3.example,cold,768944,3,True,1788804163.437774,
bind,nsec3,nonexistent.test-nsec3.example,cold,763079,3,True,1788804163.4386053,
bind,nsec3,nonexistent.test-nsec3.example,cold,859644,3,True,1788804163.4395356,
bind,nsec3,nonexistent.test-nsec3.example,cold,811702,3,True,1788804163.4404974,
bind,nsec3,nonexistent.test-nsec3.example,cold,811893,3,True,1788804163.4414318,
bind,nsec3,nonexistent.test-nsec3.example,cold,746533,3,True,1788804163.442361,
bind,nsec3,nonexistent.test-nsec3.example,cold,759396,3,True,1788804163.4431934,
bind,nsec3,nonexistent.test-nsec3.example,cold,656593,3,True,1788804163.4439545,
bind,nsec3,nonexistent.test-nsec3.example,cold,762196,3,True,1788804163.444774,
bind,nsec3,nonexistent.test-nsec3.example,cold,991805,3,True,1788804163.445852,
bind,nsec3,nonexistent.test-nsec3.example,cold,853217,3,True,1788804163.4467824,
bind,nsec3,nonexistent.test-nsec3.example,cold,764469,3,True,1788804163.447619,
bind,nsec3,nonexistent.test-nsec3.example,cold,723886,3,True,1788804163.4483917,
bind,nsec3,nonexistent.test-nsec3.example,cold,864398,3,True,1788804163.449308,
bind,nsec3,nonexistent.test-nsec3.example,cold,627438,3,True,1788804163.4500027,
bind,nsec3,nonexistent.test-nsec3.example,cold,774879,3,True,1788804163.4508429,
bind,nsec3,nonexistent.test-nsec3.example,cold,674560,3,True,1788804163.4515827,
bind,nsec3,nonexistent.test-nsec3.example,cold,863933,3,True,1788804163.4525144,
bind,nsec3,nonexistent.test-nsec3.example,cold,860074,3,True,1788804163.4534466,
bind,nsec3,nonexistent.test-nsec3.example,cold,1561683,3,True,1788804163.4550755,
bind,nsec3,nonexistent.test-nsec3.example,cold,1003112,3,True,1788804163.456151,
bind,nsec3,nonexistent.test-nsec3.example,cold,870327,3,True,1788804163.457219,
bind,nsec3,nonexistent.test-nsec3.example,cold,1356232,3,True,1788804163.4586577,
bind,nsec3,nonexistent.test-nsec3.example,cold,705962,3,True,1788804163.4594357,
bind,nsec3,nonexistent.test-nsec3.example,cold,765212,3,True,1788804163.4603207,
bind,nsec3,nonexistent.test-nsec3.example,cold,852772,3,True,1788804163.461267,
bind,nsec3,nonexistent.test-nsec3.example,cold,869391,3,True,1788804163.4622154,
bind,nsec3,nonexistent.test-nsec3.example,cold,1122332,3,True,1788804163.4634237,
bind,nsec3,nonexistent.test-nsec3.example,cold,1054729,3,True,1788804163.4645808,
bind,nsec3,nonexistent.test-nsec3.example,cold,845826,3,True,1788804163.4655025,
bind,nsec3,nonexistent.test-nsec3.example,cold,955476,3,True,1788804163.4665303,
bind,nsec3,nonexistent.test-nsec3.example,cold,686222,3,True,1788804163.4672854,
bind,nsec3,nonexistent.test-nsec3.example,cold,702220,3,True,1788804163.4680378,
bind,nsec3,nonexistent.test-nsec3.example,cold,1041427,3,True,1788804163.4691358,
bind,nsec3,nonexistent.test-nsec3.example,cold,742718,3,True,1788804163.4699516,
bind,nsec3,nonexistent.test-nsec3.example,cold,735583,3,True,1788804163.4707453,
bind,nsec3,nonexistent.test-nsec3.example,cold,717446,3,True,1788804163.4715223,
bind,nsec3,nonexistent.test-nsec3.example,cold,859323,3,True,1788804163.4724495,
bind,nsec3,nonexistent.test-nsec3.example,cold,695675,3,True,1788804163.4732144,
bind,nsec3,nonexistent.test-nsec3.example,cold,910409,3,True,1788804163.474192,
bind,nsec3,nonexistent.test-nsec3.example,cold,762320,3,True,1788804163.4750226,
bind,nsec3,nonexistent.test-nsec3.example,cold,761163,3,True,1788804163.475844,
bind,nsec3,nonexistent.test-nsec3.example,cold,846225,3,True,1788804163.4767683,
bind,nsec3,nonexistent.test-nsec3.example,cold,758365,3,True,1788804163.4775982,
bind,nsec3,nonexistent.test-nsec3.example,cold,807372,3,True,1788804163.478467,
bind,nsec3,nonexistent.test-nsec3.example,cold,736965,3,True,1788804163.4792528,
bind,nsec3,nonexistent.test-nsec3.example,cold,694027,3,True,1788804163.4800043,
bind,nsec3,nonexistent.test-nsec3.example,cold,647661,3,True,1788804163.4807045,
bind,nsec3,nonexistent.test-nsec3.example,cold,653760,3,True,1788804163.4814153,
bind,nsec3,nonexistent.test-nsec3.example,cold,1526823,3,True,1788804163.483001,
bind,nsec3,nonexistent.test-nsec3.example,cold,898079,3,True,1788804163.484026,
bind,nsec3,nonexistent.test-nsec3.example,cold,980776,3,True,1788804163.485137,
bind,nsec3,nonexistent.test-nsec3.example,cold,802975,3,True,1788804163.4860098,
bind,nsec3,nonexistent.test-nsec3.example,cold,767166,3,True,1788804163.4869015,
bind,nsec3,nonexistent.test-nsec3.example,cold,752507,3,True,1788804163.4877095,
bind,nsec3,nonexistent.test-nsec3.example,cold,755209,3,True,1788804163.4885223,
bind,nsec3,nonexistent.test-nsec3.example,cold,689837,3,True,1788804163.4892697,
bind,nsec3,nonexistent.test-nsec3.example,cold,944441,3,True,1788804163.4902751,
bind,nsec3,nonexistent.test-nsec3.example,cold,829867,3,True,1788804163.4912095,
bind,nsec3,nonexistent.test-nsec3.example,cold,681219,3,True,1788804163.4919558,
bind,nsec3,nonexistent.test-nsec3.example,cold,664645,3,True,1788804163.4926887,
bind,nsec3,nonexistent.test-nsec3.example,cold,729849,3,True,1788804163.4934828,
bind,nsec3,nonexistent.test-nsec3.example,cold,666085,3,True,1788804163.4942148,
bind,nsec3,nonexistent.test-nsec3.example,cold,610214,3,True,1788804163.494889,
bind,nsec3,nonexistent.test-nsec3.example,cold,765604,3,True,1788804163.495719,
bind,nsec3,nonexistent.test-nsec3.example,cold,811522,3,True,1788804163.4965937,
bind,nsec3,nonexistent.test-nsec3.example,cold,868966,3,True,1788804163.4975321,
bind,nsec3,nonexistent.test-nsec3.example,cold,773441,3,True,1788804163.4983778,
bind,nsec3,nonexistent.test-nsec3.example,cold,1020151,3,True,1788804163.4994767,
bind,nsec3,nonexistent.test-nsec3.example,cold,677891,3,True,1788804163.500225,
bind,nsec3,nonexistent.test-nsec3.example,cold,808407,3,True,1788804163.5011415,
bind,nsec3,nonexistent.test-nsec3.example,cold,724231,3,True,1788804163.5019872,
bind,nsec3,nonexistent.test-nsec3.example,cold,685595,3,True,1788804163.5027282,
bind,nsec3,nonexistent.test-nsec3.example,cold,684859,3,True,1788804163.5035603,
bind,nsec3,nonexistent.test-nsec3.example,cold,647679,3,True,1788804163.5042696,
bind,nsec3,nonexistent.test-nsec3.example,cold,638469,3,True,1788804163.504984,
bind,nsec3,nonexistent.test-nsec3.example,cold,657894,3,True,1788804163.5057034,
bind,nsec3,nonexistent.test-nsec3.example,cold,756746,3,True,1788804163.5065162,
bind,nsec3,nonexistent.test-nsec3.example,cold,683862,3,True,1788804163.5072563,
bind,nsec3,nonexistent.test-nsec3.example,cold,596895,3,True,1788804163.5079067,
bind,nsec3,nonexistent.test-nsec3.example,cold,684865,3,True,1788804163.5086567,
bind,nsec3,nonexistent.test-nsec3.example,cold,2153153,3,True,1788804163.5108736,
bind,nsec3,nonexistent.test-nsec3.example,cold,1455696,3,True,1788804163.5124052,
bind,nsec3,nonexistent.test-nsec3.example,cold,813079,3,True,1788804163.5134256,
bind,nsec3,nonexistent.test-nsec3.example,cold,690326,3,True,1788804163.514176,
bind,nsec3,nonexistent.test-nsec3.example,cold,741046,3,True,1788804163.5150576,
bind,nsec3,nonexistent.test-nsec3.example,cold,705525,3,True,1788804163.515882,
bind,nsec3,nonexistent.test-nsec3.example,cold,640871,3,True,1788804163.5165772,
bind,nsec3,nonexistent.test-nsec3.example,cold,658099,3,True,1788804163.517279,
bind,nsec3,nonexistent.test-nsec3.example,cold,836518,3,True,1788804163.5181713,
bind,nsec3,nonexistent.test-nsec3.example,cold,774454,3,True,1788804163.5190117,
bind,nsec3,nonexistent.test-nsec3.example,cold,1322452,3,True,1788804163.5203974,
bind,nsec3,nonexistent.test-nsec3.example,cold,752624,3,True,1788804163.5212045,
bind,nsec3,nonexistent.test-nsec3.example,cold,874400,3,True,1788804163.5221388,
bind,nsec3,nonexistent.test-nsec3.example,cold,786399,3,True,1788804163.5229938,
bind,nsec3,nonexistent.test-nsec3.example,cold,725772,3,True,1788804163.523779,
bind,nsec3,nonexistent.test-nsec3.example,cold,789527,3,True,1788804163.5246317,
bind,nsec3,nonexistent.test-nsec3.example,cold,704133,3,True,1788804163.5253959,
bind,nsec3,nonexistent.test-nsec3.example,cold,716407,3,True,1788804163.5261729,
bind,nsec3,nonexistent.test-nsec3.example,cold,760588,3,True,1788804163.5269969,
bind,nsec3,nonexistent.test-nsec3.example,cold,689809,3,True,1788804163.5277462,
bind,nsec3,nonexistent.test-nsec3.example,cold,733185,3,True,1788804163.5285544,
bind,nsec3,nonexistent.test-nsec3.example,cold,731978,3,True,1788804163.529342,
bind,nsec3,nonexistent.test-nsec3.example,cold,718614,3,True,1788804163.5301795,
bind,nsec3,nonexistent.test-nsec3.example,cold,798989,3,True,1788804163.531047,
bind,nsec3,nonexistent.test-nsec3.example,cold,791309,3,True,1788804163.5319002,
bind,nsec3,nonexistent.test-nsec3.example,cold,822582,3,True,1788804163.5327864,
bind,nsec3,nonexistent.test-nsec3.example,cold,4448499,3,True,1788804163.5373,
bind,nsec3,nonexistent.test-nsec3.example,cold,1126836,3,True,1788804163.5386643,
bind,nsec3,nonexistent.test-nsec3.example,cold,973052,3,True,1788804163.5397153,
bind,nsec3,nonexistent.test-nsec3.example,cold,1319561,3,True,1788804163.5411098,
bind,nsec3,nonexistent.test-nsec3.example,cold,989188,3,True,1788804163.5421731,
bind,nsec3,nonexistent.test-nsec3.example,cold,820041,3,True,1788804163.5430639,
bind,nsec3,nonexistent.test-nsec3.example,cold,764970,3,True,1788804163.5438945,
bind,nsec3,nonexistent.test-nsec3.example,cold,688288,3,True,1788804163.5446472,
bind,nsec3,nonexistent.test-nsec3.example,cold,880073,3,True,1788804163.5456414,
bind,nsec3,nonexistent.test-nsec3.example,cold,931850,3,True,1788804163.5466473,
bind,nsec3,nonexistent.test-nsec3.example,cold,823236,3,True,1788804163.547535,
bind,nsec3,nonexistent.test-nsec3.example,cold,744618,3,True,1788804163.5483515,
bind,nsec3,nonexistent.test-nsec3.example,cold,840397,3,True,1788804163.5492628,
bind,nsec3,nonexistent.test-nsec3.example,cold,673036,3,True,1788804163.5499997,
bind,nsec3,nonexistent.test-nsec3.example,cold,809266,3,True,1788804163.5508666,
bind,nsec3,nonexistent.test-nsec3.example,cold,769981,3,True,1788804163.55169,
bind,nsec3,nonexistent.test-nsec3.example,cold,920646,3,True,1788804163.552729,
bind,nsec3,nonexistent.test-nsec3.example,cold,665505,3,True,1788804163.553463,
bind,nsec3,nonexistent.test-nsec3.example,cold,750593,3,True,1788804163.5542858,
bind,nsec3,nonexistent.test-nsec3.example,cold,2843744,3,True,1788804163.5572233,
bind,nsec3,nonexistent.test-nsec3.example,cold,847108,3,True,1788804163.5581615,
bind,nsec3,nonexistent.test-nsec3.example,cold,991481,3,True,1788804163.55922,
bind,nsec3,nonexistent.test-nsec3.example,cold,713980,3,True,1788804163.560011,
bind,nsec3,nonexistent.test-nsec3.example,cold,669974,3,True,1788804163.5607498,
bind,nsec3,nonexistent.test-nsec3.example,cold,721047,3,True,1788804163.5615351,
bind,nsec3,nonexistent.test-nsec3.example,cold,862285,3,True,1788804163.5624592,
bind,nsec3,nonexistent.test-nsec3.example,cold,773088,3,True,1788804163.5633094,
bind,nsec3,nonexistent.test-nsec3.example,cold,833337,3,True,1788804163.5642092,
bind,nsec3,nonexistent.test-nsec3.example,cold,734100,3,True,1788804163.5650783,
bind,nsec3,nonexistent.test-nsec3.example,cold,684292,3,True,1788804163.5658162,
bind,nsec3,nonexistent.test-nsec3.example,cold,797487,3,True,1788804163.5666811,
bind,nsec3,nonexistent.test-nsec3.example,cold,828967,3,True,1788804163.5675762,
bind,nsec3,nonexistent.test-nsec3.example,cold,813682,3,True,1788804163.568457,
bind,nsec3,nonexistent.test-nsec3.example,cold,787242,3,True,1788804163.5693095,
bind,nsec3,nonexistent.test-nsec3.example,cold,809616,3,True,1788804163.5701828,
bind,nsec3,nonexistent.test-nsec3.example,cold,770331,3,True,1788804163.571016,
bind,nsec3,nonexistent.test-nsec3.example,cold,646586,3,True,1788804163.5717268,
bind,nsec3,nonexistent.test-nsec3.example,cold,702473,3,True,1788804163.5724998,
bind,nsec3,nonexistent.test-nsec3.example,cold,742151,3,True,1788804163.5733018,
bind,nsec3,nonexistent.test-nsec3.example,cold,780307,3,True,1788804163.57415,
bind,nsec3,nonexistent.test-nsec3.example,cold,678329,3,True,1788804163.5748935,
bind,nsec3,nonexistent.test-nsec3.example,cold,781420,3,True,1788804163.5757258,
bind,nsec3,nonexistent.test-nsec3.example,cold,715177,3,True,1788804163.5764894,
bind,nsec3,nonexistent.test-nsec3.example,cold,845174,3,True,1788804163.5773983,
bind,nsec3,nonexistent.test-nsec3.example,cold,771857,3,True,1788804163.5782354,
bind,nsec3,nonexistent.test-nsec3.example,cold,1030874,3,True,1788804163.5793355,
bind,nsec3,nonexistent.test-nsec3.example,cold,843919,3,True,1788804163.580245,
bind,nsec3,nonexistent.test-nsec3.example,cold,677440,3,True,1788804163.5809884,
bind,nsec3,nonexistent.test-nsec3.example,cold,746794,3,True,1788804163.5818536,
bind,nsec3,nonexistent.test-nsec3.example,cold,794018,3,True,1788804163.5827162,
bind,nsec3,nonexistent.test-nsec3.example,cold,793347,3,True,1788804163.5835752,
bind,nsec3,nonexistent.test-nsec3.example,cold,817421,3,True,1788804163.5844615,
bind,nsec3,nonexistent.test-nsec3.example,cold,988622,3,True,1788804163.5855157,
bind,nsec3,nonexistent.test-nsec3.example,cold,922853,3,True,1788804163.5865188,
bind,nsec3,nonexistent.test-nsec3.example,cold,1019726,3,True,1788804163.587614,
bind,nsec3,nonexistent.test-nsec3.example,cold,823305,3,True,1788804163.5885308,
bind,nsec3,nonexistent.test-nsec3.example,cold,739776,3,True,1788804163.589341,
bind,nsec3,nonexistent.test-nsec3.example,cold,717290,3,True,1788804163.5901232,
bind,nsec3,nonexistent.test-nsec3.example,cold,716928,3,True,1788804163.590903,
bind,nsec3,nonexistent.test-nsec3.example,cold,746158,3,True,1788804163.5916994,
bind,nsec3,nonexistent.test-nsec3.example,cold,741788,3,True,1788804163.5925117,
bind,nsec3,nonexistent.test-nsec3.example,cold,752726,3,True,1788804163.5934403,
bind,nsec3,nonexistent.test-nsec3.example,cold,741559,3,True,1788804163.5942533,
bind,nsec3,nonexistent.test-nsec3.example,cold,875755,3,True,1788804163.5951982,
bind,nsec3,nonexistent.test-nsec3.example,cold,753590,3,True,1788804163.5960956,
bind,nsec3,nonexistent.test-nsec3.example,cold,716487,3,True,1788804163.5968773,
bind,nsec3,nonexistent.test-nsec3.example,cold,800975,3,True,1788804163.5977454,
bind,nsec3,nonexistent.test-nsec3.example,cold,612479,3,True,1788804163.5984259,
bind,nsec3,nonexistent.test-nsec3.example,cold,703024,3,True,1788804163.5991957,
bind,nsec3,nonexistent.test-nsec3.example,cold,834985,3,True,1788804163.6000936,
bind,nsec3,nonexistent.test-nsec3.example,cold,729826,3,True,1788804163.6008933,
bind,nsec3,nonexistent.test-nsec3.example,cold,770096,3,True,1788804163.6017263,
bind,nsec3,nonexistent.test-nsec3.example,cold,785787,3,True,1788804163.6025825,
bind,nsec3,nonexistent.test-nsec3.example,cold,691639,3,True,1788804163.6033409,
bind,nsec3,nonexistent.test-nsec3.example,cold,711948,3,True,1788804163.6041183,
bind,nsec3,nonexistent.test-nsec3.example,cold,731380,3,True,1788804163.6049008,
bind,nsec3,nonexistent.test-nsec3.example,cold,631020,3,True,1788804163.6055949,
bind,nsec3,nonexistent.test-nsec3.example,cold,723356,3,True,1788804163.6063745,
bind,nsec3,nonexistent.test-nsec3.example,cold,577891,3,True,1788804163.607016,
bind,nsec3,nonexistent.test-nsec3.example,cold,736298,3,True,1788804163.6078155,
bind,nsec3,nonexistent.test-nsec3.example,cold,629355,3,True,1788804163.608507,
bind,nsec3,nonexistent.test-nsec3.example,cold,879436,3,True,1788804163.6094506,
bind,nsec3,nonexistent.test-nsec3.example,cold,788635,3,True,1788804163.6103077,
bind,nsec3,nonexistent.test-nsec3.example,cold,768411,3,True,1788804163.6111803,
bind,nsec3,nonexistent.test-nsec3.example,cold,882047,3,True,1788804163.612129,
bind,nsec3,nonexistent.test-nsec3.example,cold,780164,3,True,1788804163.6129763,
bind,nsec3,nonexistent.test-nsec3.example,cold,961871,3,True,1788804163.6140058,
bind,nsec3,nonexistent.test-nsec3.example,cold,2663372,3,True,1788804163.6167395,
bind,nsec3,nonexistent.test-nsec3.example,cold,856381,3,True,1788804163.6176796,
bind,nsec3,nonexistent.test-nsec3.example,cold,841749,3,True,1788804163.6185923,
bind,nsec3,nonexistent.test-nsec3.example,cold,784297,3,True,1788804163.6194396,
bind,nsec3,nonexistent.test-nsec3.example,cold,766673,3,True,1788804163.6202724,
bind,nsec3,nonexistent.test-nsec3.example,cold,881355,3,True,1788804163.621217,
bind,nsec3,nonexistent.test-nsec3.example,cold,672361,3,True,1788804163.621959,
bind,nsec3,nonexistent.test-nsec3.example,cold,725918,3,True,1788804163.622749,
bind,nsec3,nonexistent.test-nsec3.example,cold,773784,3,True,1788804163.6235895,
bind,nsec3,nonexistent.test-nsec3.example,cold,829584,3,True,1788804163.6244855,
bind,nsec3,nonexistent.test-nsec3.example,cold,802347,3,True,1788804163.6253555,
bind,nsec3,nonexistent.test-nsec3.example,cold,1317989,3,True,1788804163.6267388,
bind,nsec3,nonexistent.test-nsec3.example,cold,991923,3,True,1788804163.6278005,
bind,nsec3,nonexistent.test-nsec3.example,cold,953862,3,True,1788804163.6288269,
bind,nsec3,nonexistent.test-nsec3.example,cold,696609,3,True,1788804163.6295903,
bind,nsec3,nonexistent.test-nsec3.example,cold,746663,3,True,1788804163.6304061,
bind,nsec3,nonexistent.test-nsec3.example,cold,675261,3,True,1788804163.6311512,
bind,nsec3,nonexistent.test-nsec3.example,cold,741921,3,True,1788804163.6319566,
bind,nsec3,nonexistent.test-nsec3.example,cold,725820,3,True,1788804163.63275,
bind,nsec3,nonexistent.test-nsec3.example,cold,850905,3,True,1788804163.6336784,
bind,nsec3,nonexistent.test-nsec3.example,cold,793887,3,True,1788804163.6345422,
bind,nsec3,nonexistent.test-nsec3.example,cold,781515,3,True,1788804163.6353943,
bind,nsec3,nonexistent.test-nsec3.example,cold,745078,3,True,1788804163.6361992,
bind,nsec3,nonexistent.test-nsec3.example,cold,735921,3,True,1788804163.6369946,
bind,nsec3,nonexistent.test-nsec3.example,cold,824701,3,True,1788804163.6378832,
bind,nsec3,nonexistent.test-nsec3.example,cold,823320,3,True,1788804163.63877,
bind,nsec3,nonexistent.test-nsec3.example,cold,784388,3,True,1788804163.6396124,
bind,nsec3,nonexistent.test-nsec3.example,cold,650946,3,True,1788804163.6403275,
bind,nsec3,nonexistent.test-nsec3.example,cold,714683,3,True,1788804163.6410973,
bind,nsec3,nonexistent.test-nsec3.example,cold,876324,3,True,1788804163.6420352,
bind,nsec3,nonexistent.test-nsec3.example,cold,825266,3,True,1788804163.6429186,
bind,nsec3,nonexistent.test-nsec3.example,cold,736069,3,True,1788804163.6437194,
bind,nsec3,nonexistent.test-nsec3.example,cold,755683,3,True,1788804163.64454,
bind,nsec3,nonexistent.test-nsec3.example,cold,676807,3,True,1788804163.6452792,
bind,nsec3,nonexistent.test-nsec3.example,cold,657455,3,True,1788804163.6459997,
bind,nsec3,nonexistent.test-nsec3.example,cold,761434,3,True,1788804163.6468148,
bind,nsec3,nonexistent.test-nsec3.example,cold,729898,3,True,1788804163.6475985,
bind,nsec3,nonexistent.test-nsec3.example,cold,703447,3,True,1788804163.6483617,
bind,nsec3,nonexistent.test-nsec3.example,cold,967089,3,True,1788804163.6493943,
bind,nsec3,nonexistent.test-nsec3.example,cold,1008975,3,True,1788804163.6505933,
bind,nsec3,nonexistent.test-nsec3.example,cold,1038214,3,True,1788804163.6517086,
bind,nsec3,nonexistent.test-nsec3.example,cold,7092668,3,True,1788804163.658881,
bind,nsec3,nonexistent.test-nsec3.example,cold,1690142,3,True,1788804163.6607153,
bind,nsec3,nonexistent.test-nsec3.example,cold,1642244,3,True,1788804163.662452,
bind,nsec3,nonexistent.test-nsec3.example,cold,1538407,3,True,1788804163.6641903,
bind,nsec3,nonexistent.test-nsec3.example,cold,1417413,3,True,1788804163.66599,
bind,nsec3,nonexistent.test-nsec3.example,cold,1510346,3,True,1788804163.6676133,
bind,nsec3,nonexistent.test-nsec3.example,cold,1146943,3,True,1788804163.6688507,
bind,nsec3,nonexistent.test-nsec3.example,cold,1225090,3,True,1788804163.670137,
bind,nsec3,nonexistent.test-nsec3.example,cold,4614479,3,True,1788804163.674831,
bind,nsec3,nonexistent.test-nsec3.example,cold,1666787,3,True,1788804163.6767087,
bind,nsec3,nonexistent.test-nsec3.example,cold,960174,3,True,1788804163.6777663,
bind,nsec3,nonexistent.test-nsec3.example,cold,903583,3,True,1788804163.6787539,
bind,nsec3,nonexistent.test-nsec3.example,cold,1043033,3,True,1788804163.6798747,
bind,nsec3,nonexistent.test-nsec3.example,cold,863020,3,True,1788804163.6808136,
bind,nsec3,nonexistent.test-nsec3.example,cold,844397,3,True,1788804163.6817358,
bind,nsec3,nonexistent.test-nsec3.example,cold,1008577,3,True,1788804163.6828227,
bind,nsec3,nonexistent.test-nsec3.example,cold,1118032,3,True,1788804163.684025,
bind,nsec3,nonexistent.test-nsec3.example,cold,1007671,3,True,1788804163.6851192,
bind,nsec3,nonexistent.test-nsec3.example,cold,1081581,3,True,1788804163.6863663,
bind,nsec3,nonexistent.test-nsec3.example,cold,1147076,3,True,1788804163.687919,
bind,nsec3,nonexistent.test-nsec3.example,cold,1147149,3,True,1788804163.6892827,
bind,nsec3,nonexistent.test-nsec3.example,cold,923473,3,True,1788804163.6903017,
bind,nsec3,nonexistent.test-nsec3.example,cold,1086838,3,True,1788804163.6915903,
bind,nsec3,nonexistent.test-nsec3.example,cold,910036,3,True,1788804163.6925774,
bind,nsec3,nonexistent.test-nsec3.example,cold,1125223,3,True,1788804163.693773,
bind,nsec3,nonexistent.test-nsec3.example,cold,1021157,3,True,1788804163.6948657,
bind,nsec3,nonexistent.test-nsec3.example,cold,1536908,3,True,1788804163.6964657,
bind,nsec3,nonexistent.test-nsec3.example,cold,1707924,3,True,1788804163.6985335,
bind,nsec3,nonexistent.test-nsec3.example,cold,1338228,3,True,1788804163.6999755,
bind,nsec3,nonexistent.test-nsec3.example,cold,1302142,3,True,1788804163.7013698,
bind,nsec3,nonexistent.test-nsec3.example,cold,2808470,3,True,1788804163.704364,
bind,nsec3,nonexistent.test-nsec3.example,cold,944814,3,True,1788804163.7053995,
bind,nsec3,nonexistent.test-nsec3.example,cold,1192372,3,True,1788804163.7066674,
bind,nsec3,nonexistent.test-nsec3.example,cold,1121079,3,True,1788804163.7078633,
bind,nsec3,nonexistent.test-nsec3.example,cold,954236,3,True,1788804163.7089002,
bind,nsec3,nonexistent.test-nsec3.example,cold,1032480,3,True,1788804163.71001,
bind,nsec3,nonexistent.test-nsec3.example,cold,718518,3,True,1788804163.7108016,
bind,nsec3,nonexistent.test-nsec3.example,cold,726631,3,True,1788804163.7115958,
bind,nsec3,nonexistent.test-nsec3.example,cold,780187,3,True,1788804163.712479,
bind,nsec3,nonexistent.test-nsec3.example,cold,665197,3,True,1788804163.7132113,
bind,nsec3,nonexistent.test-nsec3.example,cold,705915,3,True,1788804163.713969,
bind,nsec3,nonexistent.test-nsec3.example,cold,779446,3,True,1788804163.714802,
bind,nsec3,nonexistent.test-nsec3.example,cold,666895,3,True,1788804163.715544,
bind,nsec3,nonexistent.test-nsec3.example,cold,712283,3,True,1788804163.7163134,
bind,nsec3,nonexistent.test-nsec3.example,cold,677048,3,True,1788804163.7170584,
bind,nsec3,nonexistent.test-nsec3.example,cold,680995,3,True,1788804163.7178035,
bind,nsec3,nonexistent.test-nsec3.example,cold,715099,3,True,1788804163.7185726,
bind,nsec3,nonexistent.test-nsec3.example,cold,752190,3,True,1788804163.7193792,
bind,nsec3,nonexistent.test-nsec3.example,cold,654442,3,True,1788804163.7200897,
bind,nsec3,nonexistent.test-nsec3.example,cold,683592,3,True,1788804163.7208297,
bind,nsec3,nonexistent.test-nsec3.example,cold,885758,3,True,1788804163.7217815,
bind,nsec3,nonexistent.test-nsec3.example,cold,830011,3,True,1788804163.7226863,
bind,nsec3,nonexistent.test-nsec3.example,cold,913023,3,True,1788804163.7236764,
bind,nsec3,nonexistent.test-nsec3.example,cold,895162,3,True,1788804163.724718,
bind,nsec3,nonexistent.test-nsec3.example,cold,715816,3,True,1788804163.7255094,
bind,nsec3,nonexistent.test-nsec3.example,cold,787997,3,True,1788804163.7263677,
bind,nsec3,nonexistent.test-nsec3.example,cold,595595,3,True,1788804163.7270236,
bind,nsec3,nonexistent.test-nsec3.example,cold,724925,3,True,1788804163.727882,
bind,nsec3,nonexistent.test-nsec3.example,cold,636640,3,True,1788804163.7285728,
bind,nsec3,nonexistent.test-nsec3.example,cold,712582,3,True,1788804163.7293422,
bind,nsec3,nonexistent.test-nsec3.example,cold,799849,3,True,1788804163.7302513,
bind,nsec3,nonexistent.test-nsec3.example,cold,747445,3,True,1788804163.7310574,
bind,nsec3,nonexistent.test-nsec3.example,cold,663900,3,True,1788804163.731778,
bind,nsec3,nonexistent.test-nsec3.example,cold,770900,3,True,1788804163.7326007,
bind,nsec3,nonexistent.test-nsec3.example,cold,715358,3,True,1788804163.7333803,
bind,nsec3,nonexistent.test-nsec3.example,cold,812332,3,True,1788804163.7342503,
bind,nsec3,nonexistent.test-nsec3.example,cold,751789,3,True,1788804163.7350693,
bind,nsec3,nonexistent.test-nsec3.example,cold,832196,3,True,1788804163.7359626,
bind,nsec3,nonexistent.test-nsec3.example,cold,827933,3,True,1788804163.73685,
bind,nsec3,nonexistent.test-nsec3.example,cold,706434,3,True,1788804163.7376215,
bind,nsec3,nonexistent.test-nsec3.example,cold,692294,3,True,1788804163.7383614,
bind,nsec3,nonexistent.test-nsec3.example,cold,806901,3,True,1788804163.739229,
bind,nsec3,nonexistent.test-nsec3.example,cold,665295,3,True,1788804163.7399468,
bind,nsec3,nonexistent.test-nsec3.example,cold,718299,3,True,1788804163.740718,
bind,nsec3,nonexistent.test-nsec3.example,cold,604155,3,True,1788804163.7413723,
bind,nsec3,nonexistent.test-nsec3.example,cold,665020,3,True,1788804163.7420878,
bind,nsec3,nonexistent.test-nsec3.example,cold,614273,3,True,1788804163.7427576,
bind,nsec3,nonexistent.test-nsec3.example,cold,573080,3,True,1788804163.7433817,
bind,nsec3,nonexistent.test-nsec3.example,cold,687372,3,True,1788804163.7441308,
bind,nsec3,nonexistent.test-nsec3.example,cold,648917,3,True,1788804163.744843,
bind,nsec3,nonexistent.test-nsec3.example,cold,804026,3,True,1788804163.7457066,
bind,nsec3,nonexistent.test-nsec3.example,cold,726717,3,True,1788804163.7464843,
bind,nsec3,nonexistent.test-nsec3.example,cold,764805,3,True,1788804163.7473016,
bind,nsec3,nonexistent.test-nsec3.example,cold,643174,3,True,1788804163.7479997,
bind,nsec3,nonexistent.test-nsec3.example,cold,632790,3,True,1788804163.748684,
bind,nsec3,nonexistent.test-nsec3.example,cold,729772,3,True,1788804163.749533,
bind,nsec3,nonexistent.test-nsec3.example,cold,1208318,3,True,1788804163.7507958,
bind,nsec3,nonexistent.test-nsec3.example,cold,1281390,3,True,1788804163.7522473,
bind,nsec3,nonexistent.test-nsec3.example,cold,822579,3,True,1788804163.7531927,
bind,nsec3,nonexistent.test-nsec3.example,cold,797757,3,True,1788804163.7540557,
bind,nsec3,nonexistent.test-nsec3.example,cold,1159338,3,True,1788804163.7553077,
bind,nsec3,nonexistent.test-nsec3.example,cold,971237,3,True,1788804163.7563548,
bind,nsec3,nonexistent.test-nsec3.example,cold,726895,3,True,1788804163.7571511,
bind,nsec3,nonexistent.test-nsec3.example,cold,711384,3,True,1788804163.757932,
bind,nsec3,nonexistent.test-nsec3.example,cold,788697,3,True,1788804163.7587793,
bind,nsec3,nonexistent.test-nsec3.example,cold,883457,3,True,1788804163.759723,
bind,nsec3,nonexistent.test-nsec3.example,cold,777048,3,True,1788804163.7605696,
bind,nsec3,nonexistent.test-nsec3.example,cold,603773,3,True,1788804163.7612283,
bind,nsec3,nonexistent.test-nsec3.example,cold,766466,3,True,1788804163.7620523,
bind,nsec3,nonexistent.test-nsec3.example,cold,828630,3,True,1788804163.7629476,
bind,nsec3,nonexistent.test-nsec3.example,cold,710456,3,True,1788804163.7637262,
bind,nsec3,nonexistent.test-nsec3.example,cold,791489,3,True,1788804163.7645776,
bind,nsec3,nonexistent.test-nsec3.example,cold,713028,3,True,1788804163.7653534,
bind,nsec3,nonexistent.test-nsec3.example,cold,967844,3,True,1788804163.7663841,
bind,nsec3,nonexistent.test-nsec3.example,cold,733380,3,True,1788804163.7671854,
bind,nsec3,nonexistent.test-nsec3.example,cold,917877,3,True,1788804163.768228,
bind,nsec3,nonexistent.test-nsec3.example,cold,810135,3,True,1788804163.769107,
bind,nsec3,nonexistent.test-nsec3.example,cold,714737,3,True,1788804163.7699263,
bind,nsec3,nonexistent.test-nsec3.example,cold,839692,3,True,1788804163.7708235,
bind,nsec3,nonexistent.test-nsec3.example,cold,667549,3,True,1788804163.77155,
bind,nsec3,nonexistent.test-nsec3.example,cold,685396,3,True,1788804163.7723482,
bind,nsec3,nonexistent.test-nsec3.example,cold,648484,3,True,1788804163.7730615,
bind,nsec3,nonexistent.test-nsec3.example,cold,717712,3,True,1788804163.7739096,
bind,nsec3,nonexistent.test-nsec3.example,cold,886776,3,True,1788804163.774856,
bind,nsec3,nonexistent.test-nsec3.example,cold,960368,3,True,1788804163.7759573,
bind,nsec3,nonexistent.test-nsec3.example,cold,1033668,3,True,1788804163.7770715,
bind,nsec3,nonexistent.test-nsec3.example,cold,897197,3,True,1788804163.778109,
bind,nsec3,nonexistent.test-nsec3.example,cold,1025146,3,True,1788804163.7792144,
bind,nsec3,nonexistent.test-nsec3.example,cold,863208,3,True,1788804163.7802098,
bind,nsec3,nonexistent.test-nsec3.example,cold,869209,3,True,1788804163.7811487,
bind,nsec3,nonexistent.test-nsec3.example,cold,691985,3,True,1788804163.7819996,
bind,nsec3,nonexistent.test-nsec3.example,cold,927590,3,True,1788804163.783039,
bind,nsec3,nonexistent.test-nsec3.example,cold,2120201,3,True,1788804163.7853374,
bind,nsec3,nonexistent.test-nsec3.example,cold,1586893,3,True,1788804163.787044,
bind,nsec3,nonexistent.test-nsec3.example,cold,1368394,3,True,1788804163.7885005,
bind,nsec3,nonexistent.test-nsec3.example,cold,892134,3,True,1788804163.789468,
bind,nsec3,nonexistent.test-nsec3.example,cold,968488,3,True,1788804163.7905111,
bind,nsec3,nonexistent.test-nsec3.example,cold,803016,3,True,1788804163.7913876,
bind,nsec3,nonexistent.test-nsec3.example,cold,943323,3,True,1788804163.7924316,
bind,nsec3,nonexistent.test-nsec3.example,cold,848338,3,True,1788804163.7933588,
bind,nsec3,nonexistent.test-nsec3.example,cold,847297,3,True,1788804163.7942762,
bind,nsec3,nonexistent.test-nsec3.example,cold,891842,3,True,1788804163.7952478,
bind,nsec3,nonexistent.test-nsec3.example,cold,892624,3,True,1788804163.796215,
bind,nsec3,nonexistent.test-nsec3.example,cold,1042251,3,True,1788804163.7973294,
bind,nsec3,nonexistent.test-nsec3.example,cold,1152157,3,True,1788804163.7985587,
bind,nsec3,nonexistent.test-nsec3.example,cold,1169956,3,True,1788804163.799792,
bind,nsec3,nonexistent.test-nsec3.example,cold,1441455,3,True,1788804163.8013008,
bind,nsec3,nonexistent.test-nsec3.example,cold,1134333,3,True,1788804163.802505,
bind,nsec3,nonexistent.test-nsec3.example,cold,1533585,3,True,1788804163.8041146,
bind,nsec3,nonexistent.test-nsec3.example,cold,902559,3,True,1788804163.8050966,
bind,nsec3,nonexistent.test-nsec3.example,cold,899835,3,True,1788804163.806069,
bind,nsec3,nonexistent.test-nsec3.example,cold,1198510,3,True,1788804163.8073387,
bind,nsec3,nonexistent.test-nsec3.example,cold,948434,3,True,1788804163.8083582,
bind,nsec3,nonexistent.test-nsec3.example,cold,957138,3,True,1788804163.8094704,
bind,nsec3,nonexistent.test-nsec3.example,cold,1141015,3,True,1788804163.810679,
bind,nsec3,nonexistent.test-nsec3.example,cold,978035,3,True,1788804163.8117294,
bind,nsec3,nonexistent.test-nsec3.example,cold,878505,3,True,1788804163.8126771,
bind,nsec3,nonexistent.test-nsec3.example,cold,934754,3,True,1788804163.8136783,
bind,nsec3,nonexistent.test-nsec3.example,cold,1315394,3,True,1788804163.8150673,
bind,nsec3,nonexistent.test-nsec3.example,cold,2020604,3,True,1788804163.8171654,
bind,nsec3,nonexistent.test-nsec3.example,cold,965954,3,True,1788804163.818221,
bind,nsec3,nonexistent.test-nsec3.example,cold,997100,3,True,1788804163.819292,
bind,nsec3,nonexistent.test-nsec3.example,cold,889854,3,True,1788804163.820262,
bind,nsec3,nonexistent.test-nsec3.example,cold,734175,3,True,1788804163.8210652,
bind,nsec3,nonexistent.test-nsec3.example,cold,902243,3,True,1788804163.8220308,
bind,nsec3,nonexistent.test-nsec3.example,cold,738185,3,True,1788804163.8228393,
bind,nsec3,nonexistent.test-nsec3.example,cold,752464,3,True,1788804163.823651,
bind,nsec3,nonexistent.test-nsec3.example,cold,857327,3,True,1788804163.824578,
bind,nsec3,nonexistent.test-nsec3.example,cold,744009,3,True,1788804163.8253884,
bind,nsec3,nonexistent.test-nsec3.example,cold,721068,3,True,1788804163.8262126,
bind,nsec3,nonexistent.test-nsec3.example,cold,827965,3,True,1788804163.8271086,
bind,nsec3,nonexistent.test-nsec3.example,cold,808932,3,True,1788804163.827989,
bind,nsec3,nonexistent.test-nsec3.example,cold,778708,3,True,1788804163.8288267,
bind,nsec3,nonexistent.test-nsec3.example,cold,737796,3,True,1788804163.829652,
bind,nsec3,nonexistent.test-nsec3.example,cold,755973,3,True,1788804163.830466,
bind,nsec3,nonexistent.test-nsec3.example,cold,1204507,3,True,1788804163.831757,
bind,nsec3,nonexistent.test-nsec3.example,cold,800535,3,True,1788804163.8327026,
bind,nsec3,nonexistent.test-nsec3.example,cold,1038282,3,True,1788804163.833922,
bind,nsec3,nonexistent.test-nsec3.example,cold,900142,3,True,1788804163.8348956,
bind,nsec3,nonexistent.test-nsec3.example,cold,764229,3,True,1788804163.835836,
bind,nsec3,nonexistent.test-nsec3.example,cold,800512,3,True,1788804163.8367,
bind,nsec3,nonexistent.test-nsec3.example,cold,744443,3,True,1788804163.837512,
bind,nsec3,nonexistent.test-nsec3.example,cold,694342,3,True,1788804163.8382697,
bind,nsec3,nonexistent.test-nsec3.example,cold,847720,3,True,1788804163.8392513,
bind,nsec3,nonexistent.test-nsec3.example,cold,764632,3,True,1788804163.8400755,
bind,nsec3,nonexistent.test-nsec3.example,cold,742543,3,True,1788804163.8408763,
bind,nsec3,nonexistent.test-nsec3.example,cold,705853,3,True,1788804163.8416412,
bind,nsec3,nonexistent.test-nsec3.example,cold,701361,3,True,1788804163.8423991,
bind,nsec3,nonexistent.test-nsec3.example,cold,688942,3,True,1788804163.843149,
bind,nsec3,nonexistent.test-nsec3.example,cold,733156,3,True,1788804163.843945,
bind,nsec3,nonexistent.test-nsec3.example,cold,673211,3,True,1788804163.8446846,
bind,nsec3,nonexistent.test-nsec3.example,cold,750937,3,True,1788804163.8454955,
bind,nsec3,nonexistent.test-nsec3.example,cold,755331,3,True,1788804163.846306,
bind,nsec3,nonexistent.test-nsec3.example,cold,885104,3,True,1788804163.8472784,
bind,nsec3,nonexistent.test-nsec3.example,cold,733020,3,True,1788804163.8480792,
bind,nsec3,nonexistent.test-nsec3.example,cold,766502,3,True,1788804163.8489077,
bind,nsec3,nonexistent.test-nsec3.example,cold,875918,3,True,1788804163.8498516,
bind,nsec3,nonexistent.test-nsec3.example,cold,788837,3,True,1788804163.8507082,
bind,nsec3,nonexistent.test-nsec3.example,cold,728080,3,True,1788804163.8514926,
bind,nsec3,nonexistent.test-nsec3.example,cold,710946,3,True,1788804163.8522577,
bind,nsec3,nonexistent.test-nsec3.example,cold,971682,3,True,1788804163.8532858,
bind,nsec3,nonexistent.test-nsec3.example,cold,817481,3,True,1788804163.8541603,
bind,nsec3,nonexistent.test-nsec3.example,cold,817496,3,True,1788804163.8550575,
bind,nsec3,nonexistent.test-nsec3.example,cold,3377299,3,True,1788804163.8585029,
bind,nsec3,nonexistent.test-nsec3.example,cold,863212,3,True,1788804163.8594651,
bind,nsec3,nonexistent.test-nsec3.example,cold,764651,3,True,1788804163.8603487,
bind,nsec3,nonexistent.test-nsec3.example,cold,2181578,3,True,1788804163.8626065,
bind,nsec3,nonexistent.test-nsec3.example,cold,1125300,3,True,1788804163.8638983,
bind,nsec3,nonexistent.test-nsec3.example,cold,932999,3,True,1788804163.8649123,
bind,nsec3,nonexistent.test-nsec3.example,cold,881747,3,True,1788804163.8658686,
bind,nsec3,nonexistent.test-nsec3.example,cold,786703,3,True,1788804163.8667274,
bind,nsec3,nonexistent.test-nsec3.example,cold,714217,3,True,1788804163.867494,
bind,nsec3,nonexistent.test-nsec3.example,cold,686021,3,True,1788804163.8682363,
bind,nsec3,nonexistent.test-nsec3.example,cold,624685,3,True,1788804163.8689198,
bind,nsec3,nonexistent.test-nsec3.example,cold,869829,3,True,1788804163.869846,
bind,nsec3,nonexistent.test-nsec3.example,cold,1107687,3,True,1788804163.871025,
bind,nsec3,nonexistent.test-nsec3.example,cold,741610,3,True,1788804163.871838,
bind,nsec3,nonexistent.test-nsec3.example,cold,789401,3,True,1788804163.8726826,
bind,nsec3,nonexistent.test-nsec3.example,cold,744796,3,True,1788804163.873523,
bind,nsec3,nonexistent.test-nsec3.example,cold,791558,3,True,1788804163.8743644,
bind,nsec3,nonexistent.test-nsec3.example,cold,660351,3,True,1788804163.8751106,
bind,nsec3,nonexistent.test-nsec3.example,cold,660905,3,True,1788804163.8758357,
bind,nsec3,nonexistent.test-nsec3.example,cold,689182,3,True,1788804163.8765862,
bind,nsec3,nonexistent.test-nsec3.example,cold,601275,3,True,1788804163.8772604,
bind,nsec3,nonexistent.test-nsec3.example,cold,874345,3,True,1788804163.8782012,
bind,nsec3,nonexistent.test-nsec3.example,cold,942933,3,True,1788804163.87921,
bind,nsec3,nonexistent.test-nsec3.example,cold,855300,3,True,1788804163.8801348,
bind,nsec3,nonexistent.test-nsec3.example,cold,1115465,3,True,1788804163.8813148,
bind,nsec3,nonexistent.test-nsec3.example,cold,855293,3,True,1788804163.882251,
bind,nsec3,nonexistent.test-nsec3.example,cold,840443,3,True,1788804163.8831532,
bind,nsec3,nonexistent.test-nsec3.example,cold,721057,3,True,1788804163.883939,
bind,nsec3,nonexistent.test-nsec3.example,cold,912546,3,True,1788804163.884919,
bind,nsec3,nonexistent.test-nsec3.example,cold,739248,3,True,1788804163.8857207,
bind,nsec3,nonexistent.test-nsec3.example,cold,885126,3,True,1788804163.886668,
bind,nsec3,nonexistent.test-nsec3.example,cold,893950,3,True,1788804163.8876688,
bind,nsec3,nonexistent.test-nsec3.example,cold,745120,3,True,1788804163.8884928,
bind,nsec3,nonexistent.test-nsec3.example,cold,769703,3,True,1788804163.8893423,
bind,nsec3,nonexistent.test-nsec3.example,cold,730596,3,True,1788804163.890153,
bind,nsec3,nonexistent.test-nsec3.example,cold,708317,3,True,1788804163.8909323,
bind,nsec3,nonexistent.test-nsec3.example,cold,701001,3,True,1788804163.8917046,
bind,nsec3,nonexistent.test-nsec3.example,cold,685399,3,True,1788804163.8924649,
bind,nsec3,nonexistent.test-nsec3.example,cold,704711,3,True,1788804163.8932452,
bind,nsec3,nonexistent.test-nsec3.example,cold,670328,3,True,1788804163.8940754,
bind,nsec3,nonexistent.test-nsec3.example,cold,970748,3,True,1788804163.8951054,
bind,nsec3,nonexistent.test-nsec3.example,cold,749210,3,True,1788804163.8959696,
bind,nsec3,nonexistent.test-nsec3.example,cold,711852,3,True,1788804163.8967452,
bind,nsec3,nonexistent.test-nsec3.example,cold,1010294,3,True,1788804163.8978238,
bind,nsec3,nonexistent.test-nsec3.example,cold,890508,3,True,1788804163.898784,
bind,nsec3,nonexistent.test-nsec3.example,cold,731930,3,True,1788804163.8995805,
bind,nsec3,nonexistent.test-nsec3.example,cold,772112,3,True,1788804163.9004169,
bind,nsec3,nonexistent.test-nsec3.example,cold,740531,3,True,1788804163.901216,
bind,nsec3,nonexistent.test-nsec3.example,cold,717996,3,True,1788804163.9019847,
bind,nsec3,nonexistent.test-nsec3.example,cold,673169,3,True,1788804163.9027064,
bind,nsec3,nonexistent.test-nsec3.example,cold,705954,3,True,1788804163.9034662,
bind,nsec3,nonexistent.test-nsec3.example,cold,690203,3,True,1788804163.904211,
bind,nsec3,nonexistent.test-nsec3.example,cold,793937,3,True,1788804163.9050603,
bind,nsec3,nonexistent.test-nsec3.example,cold,663061,3,True,1788804163.9057765,
bind,nsec3,nonexistent.test-nsec3.example,cold,676516,3,True,1788804163.9065063,
bind,nsec3,nonexistent.test-nsec3.example,cold,748144,3,True,1788804163.90732,
bind,nsec3,nonexistent.test-nsec3.example,cold,874873,3,True,1788804163.908252,
bind,nsec3,nonexistent.test-nsec3.example,cold,635933,3,True,1788804163.9089541,
bind,nsec3,nonexistent.test-nsec3.example,cold,775271,3,True,1788804163.9097948,
bind,nsec3,nonexistent.test-nsec3.example,cold,1503517,3,True,1788804163.9115167,
bind,nsec3,nonexistent.test-nsec3.example,cold,909931,3,True,1788804163.9125044,
bind,nsec3,nonexistent.test-nsec3.example,cold,964680,3,True,1788804163.913593,
bind,nsec3,nonexistent.test-nsec3.example,cold,951900,3,True,1788804163.9146152,
bind,nsec3,nonexistent.test-nsec3.example,cold,779420,3,True,1788804163.9154537,
bind,nsec3,nonexistent.test-nsec3.example,cold,753799,3,True,1788804163.916263,
bind,nsec3,nonexistent.test-nsec3.example,cold,630864,3,True,1788804163.9169433,
bind,nsec3,nonexistent.test-nsec3.example,cold,804863,3,True,1788804163.9178114,
bind,nsec3,nonexistent.test-nsec3.example,cold,804315,3,True,1788804163.9186835,
bind,nsec3,nonexistent.test-nsec3.example,cold,833445,3,True,1788804163.9195988,
bind,nsec3,nonexistent.test-nsec3.example,cold,693026,3,True,1788804163.9203584,
bind,nsec3,nonexistent.test-nsec3.example,cold,782616,3,True,1788804163.9212081,
bind,nsec3,nonexistent.test-nsec3.example,cold,762142,3,True,1788804163.92206,
bind,nsec3,nonexistent.test-nsec3.example,cold,808821,3,True,1788804163.9229262,
bind,nsec3,nonexistent.test-nsec3.example,cold,917957,3,True,1788804163.9239068,
bind,nsec3,nonexistent.test-nsec3.example,cold,926236,3,True,1788804163.9248955,
bind,nsec3,nonexistent.test-nsec3.example,cold,786546,3,True,1788804163.9257367,
bind,nsec3,nonexistent.test-nsec3.example,cold,963345,3,True,1788804163.9267693,
bind,nsec3,nonexistent.test-nsec3.example,cold,744696,3,True,1788804163.9276454,
bind,nsec3,nonexistent.test-nsec3.example,cold,694395,3,True,1788804163.9284046,
bind,nsec3,nonexistent.test-nsec3.example,cold,719863,3,True,1788804163.9291825,
bind,nsec3,nonexistent.test-nsec3.example,cold,800368,3,True,1788804163.9300354,
bind,nsec3,nonexistent.test-nsec3.example,cold,679145,3,True,1788804163.9307795,
bind,nsec3,nonexistent.test-nsec3.example,cold,704406,3,True,1788804163.9315412,
bind,nsec3,nonexistent.test-nsec3.example,cold,738871,3,True,1788804163.932338,
bind,nsec3,nonexistent.test-nsec3.example,cold,754655,3,True,1788804163.9331605,
bind,nsec3,nonexistent.test-nsec3.example,cold,734573,3,True,1788804163.9339578,
bind,nsec3,nonexistent.test-nsec3.example,cold,680519,3,True,1788804163.934694,
bind,nsec3,nonexistent.test-nsec3.example,cold,1263991,3,True,1788804163.9360898,
bind,nsec3,nonexistent.test-nsec3.example,cold,1385940,3,True,1788804163.939901,
bind,nsec3,nonexistent.test-nsec3.example,cold,1049172,3,True,1788804163.941045,
bind,nsec3,nonexistent.test-nsec3.example,cold,4550516,3,True,1788804163.9457128,
bind,nsec3,nonexistent.test-nsec3.example,cold,1683783,3,True,1788804163.9478767,
bind,nsec3,nonexistent.test-nsec3.example,cold,900347,3,True,1788804163.9489555,
bind,nsec3,nonexistent.test-nsec3.example,cold,789554,3,True,1788804163.9498136,
bind,nsec3,nonexistent.test-nsec3.example,cold,1080804,3,True,1788804163.9509604,
bind,nsec3,nonexistent.test-nsec3.example,cold,890474,3,True,1788804163.9519796,
bind,nsec3,nonexistent.test-nsec3.example,cold,814838,3,True,1788804163.9528542,
bind,nsec3,nonexistent.test-nsec3.example,cold,702379,3,True,1788804163.9536269,
bind,nsec3,nonexistent.test-nsec3.example,cold,859104,3,True,1788804163.9545557,
bind,nsec3,nonexistent.test-nsec3.example,cold,698825,3,True,1788804163.9553227,
bind,nsec3,nonexistent.test-nsec3.example,cold,701474,3,True,1788804163.9560869,
bind,nsec3,nonexistent.test-nsec3.example,cold,1444964,3,True,1788804163.9575891,
bind,nsec3,nonexistent.test-nsec3.example,cold,3428359,3,True,1788804163.9610982,
bind,nsec3,nonexistent.test-nsec3.example,cold,939388,3,True,1788804163.9621184,
bind,nsec3,nonexistent.test-nsec3.example,cold,857130,3,True,1788804163.9630463,
bind,nsec3,nonexistent.test-nsec3.example,cold,889342,3,True,1788804163.9640012,
bind,nsec3,nonexistent.test-nsec3.example,cold,928718,3,True,1788804163.9650204,
bind,nsec3,nonexistent.test-nsec3.example,cold,812821,3,True,1788804163.9659038,
bind,nsec3,nonexistent.test-nsec3.example,cold,670647,3,True,1788804163.9666324,
bind,nsec3,nonexistent.test-nsec3.example,cold,734924,3,True,1788804163.9674246,
bind,nsec3,nonexistent.test-nsec3.example,cold,666997,3,True,1788804163.9681559,
bind,nsec3,nonexistent.test-nsec3.example,cold,632989,3,True,1788804163.9688418,
bind,nsec3,nonexistent.test-nsec3.example,cold,676399,3,True,1788804163.9695785,
bind,nsec3,nonexistent.test-nsec3.example,cold,696691,3,True,1788804163.9703445,
bind,nsec3,nonexistent.test-nsec3.example,cold,747639,3,True,1788804163.9711566,
bind,nsec3,nonexistent.test-nsec3.example,cold,660532,3,True,1788804163.9718797,
bind,nsec3,nonexistent.test-nsec3.example,cold,1289757,3,True,1788804163.975806,
bind,nsec3,nonexistent.test-nsec3.example,cold,832377,3,True,1788804163.9768796,
bind,nsec3,nonexistent.test-nsec3.example,cold,679726,3,True,1788804163.977622,
bind,nsec3,nonexistent.test-nsec3.example,cold,1099104,3,True,1788804163.97877,
bind,nsec3,nonexistent.test-nsec3.example,cold,2084365,3,True,1788804163.9809356,
bind,nsec3,nonexistent.test-nsec3.example,cold,1115440,3,True,1788804163.982142,
bind,nsec3,nonexistent.test-nsec3.example,cold,1023156,3,True,1788804163.9832382,
bind,nsec3,nonexistent.test-nsec3.example,cold,823181,3,True,1788804163.9841304,
bind,nsec3,nonexistent.test-nsec3.example,cold,723760,3,True,1788804163.9849203,
bind,nsec3,nonexistent.test-nsec3.example,cold,782540,3,True,1788804163.9857707,
bind,nsec3,nonexistent.test-nsec3.example,cold,808836,3,True,1788804163.9866416,
bind,nsec3,nonexistent.test-nsec3.example,cold,858026,3,True,1788804163.9875681,
bind,nsec3,nonexistent.test-nsec3.example,cold,772143,3,True,1788804163.9884052,
bind,nsec3,nonexistent.test-nsec3.example,cold,3524591,3,True,1788804163.991995,
bind,nsec3,nonexistent.test-nsec3.example,cold,811951,3,True,1788804163.9929166,
bind,nsec3,nonexistent.test-nsec3.example,cold,678505,3,True,1788804163.9936674,
bind,nsec3,nonexistent.test-nsec3.example,cold,754787,3,True,1788804163.9945776,
bind,nsec3,nonexistent.test-nsec3.example,cold,598306,3,True,1788804163.9953096,
bind,nsec3,nonexistent.test-nsec3.example,cold,602979,3,True,1788804163.9960673,
bind,nsec3,nonexistent.test-nsec3.example,cold,975482,3,True,1788804163.9970872,
bind,nsec3,nonexistent.test-nsec3.example,cold,901644,3,True,1788804163.998056,
bind,nsec3,nonexistent.test-nsec3.example,cold,791866,3,True,1788804163.9988987,
bind,nsec3,nonexistent.test-nsec3.example,cold,848945,3,True,1788804163.999803,
bind,nsec3,nonexistent.test-nsec3.example,cold,835049,3,True,1788804164.0006988,
bind,nsec3,nonexistent.test-nsec3.example,cold,689336,3,True,1788804164.001457,
bind,nsec3,nonexistent.test-nsec3.example,cold,708568,3,True,1788804164.0022194,
bind,nsec3,nonexistent.test-nsec3.example,cold,803329,3,True,1788804164.0030816,
bind,nsec3,nonexistent.test-nsec3.example,cold,5923421,3,True,1788804164.0090678,
bind,nsec3,nonexistent.test-nsec3.example,cold,999573,3,True,1788804164.0101693,
bind,nsec3,nonexistent.test-nsec3.example,cold,924551,3,True,1788804164.0111704,
bind,nsec3,nonexistent.test-nsec3.example,cold,929985,3,True,1788804164.0121653,
bind,nsec3,nonexistent.test-nsec3.example,cold,739462,3,True,1788804164.0129707,
bind,nsec3,nonexistent.test-nsec3.example,cold,746261,3,True,1788804164.0137787,
bind,nsec3,nonexistent.test-nsec3.example,cold,755302,3,True,1788804164.014605,
bind,nsec3,nonexistent.test-nsec3.example,cold,792768,3,True,1788804164.015466,
bind,nsec3,nonexistent.test-nsec3.example,cold,785575,3,True,1788804164.0163193,
bind,nsec3,nonexistent.test-nsec3.example,cold,2569051,3,True,1788804164.0189605,
bind,nsec3,nonexistent.test-nsec3.example,cold,1262417,3,True,1788804164.0202997,
bind,nsec3,nonexistent.test-nsec3.example,cold,948982,3,True,1788804164.0213351,
bind,nsec3,nonexistent.test-nsec3.example,cold,989522,3,True,1788804164.0223975,
bind,nsec3,nonexistent.test-nsec3.example,cold,855238,3,True,1788804164.023377,
bind,nsec3,nonexistent.test-nsec3.example,cold,773269,3,True,1788804164.0242295,
bind,nsec3,nonexistent.test-nsec3.example,cold,772385,3,True,1788804164.0250673,
bind,nsec3,nonexistent.test-nsec3.example,cold,4414749,3,True,1788804164.0295978,
bind,nsec3,nonexistent.test-nsec3.example,cold,1290598,3,True,1788804164.0310621,
bind,nsec3,nonexistent.test-nsec3.example,cold,863397,3,True,1788804164.0320148,
bind,nsec3,nonexistent.test-nsec3.example,cold,775822,3,True,1788804164.0328734,
bind,nsec3,nonexistent.test-nsec3.example,cold,1257756,3,True,1788804164.0342772,
bind,nsec3,nonexistent.test-nsec3.example,cold,921640,3,True,1788804164.035376,
bind,nsec3,nonexistent.test-nsec3.example,cold,1043726,3,True,1788804164.036565,
bind,nsec3,nonexistent.test-nsec3.example,cold,878933,3,True,1788804164.037541,
bind,nsec3,nonexistent.test-nsec3.example,cold,2277997,3,True,1788804164.0399952,
bind,nsec3,nonexistent.test-nsec3.example,cold,10364547,3,True,1788804164.0510886,
bind,nsec3,nonexistent.test-nsec3.example,cold,1316883,3,True,1788804164.052559,
bind,nsec3,nonexistent.test-nsec3.example,cold,2254691,3,True,1788804164.0549808,
bind,nsec3,nonexistent.test-nsec3.example,cold,7966111,3,True,1788804164.0630393,
bind,nsec3,nonexistent.test-nsec3.example,cold,1067765,3,True,1788804164.0642576,
bind,nsec3,nonexistent.test-nsec3.example,cold,1085575,3,True,1788804164.0654361,
bind,nsec3,nonexistent.test-nsec3.example,cold,865114,3,True,1788804164.0663915,
bind,nsec3,nonexistent.test-nsec3.example,cold,4486329,3,True,1788804164.0709596,
bind,nsec3,nonexistent.test-nsec3.example,cold,2918909,3,True,1788804164.0740452,
bind,nsec3,nonexistent.test-nsec3.example,cold,1006706,3,True,1788804164.0752745,
bind,nsec3,nonexistent.test-nsec3.example,cold,3485868,3,True,1788804164.0788648,
bind,nsec3,nonexistent.test-nsec3.example,cold,3539790,3,True,1788804164.0825202,
bind,nsec3,nonexistent.test-nsec3.example,cold,1173644,3,True,1788804164.0838356,
bind,nsec3,nonexistent.test-nsec3.example,cold,2443517,3,True,1788804164.086391,
bind,nsec3,nonexistent.test-nsec3.example,cold,2893273,3,True,1788804164.089429,
bind,nsec3,nonexistent.test-nsec3.example,cold,1406306,3,True,1788804164.0909615,
bind,nsec3,nonexistent.test-nsec3.example,cold,950432,3,True,1788804164.0920112,
bind,nsec3,nonexistent.test-nsec3.example,cold,1953682,3,True,1788804164.0940506,
bind,nsec3,nonexistent.test-nsec3.example,cold,1016025,3,True,1788804164.0951571,
bind,nsec3,nonexistent.test-nsec3.example,cold,1173687,3,True,1788804164.0964139,
bind,nsec3,nonexistent.test-nsec3.example,cold,1110633,3,True,1788804164.0976195,
bind,nsec3,nonexistent.test-nsec3.example,cold,1267155,3,True,1788804164.0989769,
bind,nsec3,nonexistent.test-nsec3.example,cold,1002336,3,True,1788804164.1000586,
bind,nsec3,nonexistent.test-nsec3.example,cold,854181,3,True,1788804164.1011329,
bind,nsec3,nonexistent.test-nsec3.example,cold,850703,3,True,1788804164.1020582,
bind,nsec3,nonexistent.test-nsec3.example,cold,898807,3,True,1788804164.1031315,
bind,nsec3,nonexistent.test-nsec3.example,cold,791114,3,True,1788804164.1039941,
bind,nsec3,nonexistent.test-nsec3.example,cold,822746,3,True,1788804164.1049376,
bind,nsec3,nonexistent.test-nsec3.example,cold,835924,3,True,1788804164.10592,
bind,nsec3,nonexistent.test-nsec3.example,cold,926872,3,True,1788804164.1070447,
bind,nsec3,nonexistent.test-nsec3.example,cold,909759,3,True,1788804164.1080887,
bind,nsec3,nonexistent.test-nsec3.example,cold,1074683,3,True,1788804164.10924,
bind,nsec3,nonexistent.test-nsec3.example,cold,929976,3,True,1788804164.1103885,
bind,nsec3,nonexistent.test-nsec3.example,cold,888900,3,True,1788804164.1113534,
bind,nsec3,nonexistent.test-nsec3.example,cold,768429,3,True,1788804164.112251,
bind,nsec3,nonexistent.test-nsec3.example,cold,806229,3,True,1788804164.1131768,
bind,nsec3,nonexistent.test-nsec3.example,cold,885902,3,True,1788804164.114196,
bind,nsec3,nonexistent.test-nsec3.example,cold,908001,3,True,1788804164.1152422,
bind,nsec3,nonexistent.test-nsec3.example,cold,829463,3,True,1788804164.1162622,
bind,nsec3,nonexistent.test-nsec3.example,cold,861855,3,True,1788804164.117197,
bind,nsec3,nonexistent.test-nsec3.example,cold,788246,3,True,1788804164.118164,
bind,nsec3,nonexistent.test-nsec3.example,cold,1026850,3,True,1788804164.1192546,
bind,nsec3,nonexistent.test-nsec3.example,cold,1097514,3,True,1788804164.1205342,
bind,nsec3,nonexistent.test-nsec3.example,cold,1118340,3,True,1788804164.1218195,
bind,nsec3,nonexistent.test-nsec3.example,cold,932456,3,True,1788804164.1228256,
bind,nsec3,nonexistent.test-nsec3.example,cold,982656,3,True,1788804164.1238697,
bind,nsec3,nonexistent.test-nsec3.example,cold,928109,3,True,1788804164.1248624,
bind,nsec3,nonexistent.test-nsec3.example,cold,709750,3,True,1788804164.1256416,
bind,nsec3,nonexistent.test-nsec3.example,cold,735884,3,True,1788804164.126434,
bind,nsec3,nonexistent.test-nsec3.example,cold,688041,3,True,1788804164.1271808,
bind,nsec3,nonexistent.test-nsec3.example,cold,881592,3,True,1788804164.128118,
bind,nsec3,nonexistent.test-nsec3.example,cold,758082,3,True,1788804164.129066,
bind,nsec3,nonexistent.test-nsec3.example,cold,883676,3,True,1788804164.1301737,
bind,nsec3,nonexistent.test-nsec3.example,cold,875306,3,True,1788804164.1311147,
bind,nsec3,nonexistent.test-nsec3.example,cold,805077,3,True,1788804164.1319857,
bind,nsec3,nonexistent.test-nsec3.example,cold,758496,3,True,1788804164.132802,
bind,nsec3,nonexistent.test-nsec3.example,cold,711620,3,True,1788804164.1335793,
bind,nsec3,nonexistent.test-nsec3.example,cold,686218,3,True,1788804164.1343236,
bind,nsec3,nonexistent.test-nsec3.example,cold,756395,3,True,1788804164.1351578,
bind,nsec3,nonexistent.test-nsec3.example,cold,820215,3,True,1788804164.1360643,
bind,nsec3,nonexistent.test-nsec3.example,cold,829443,3,True,1788804164.1369617,
bind,nsec3,nonexistent.test-nsec3.example,cold,725275,3,True,1788804164.1377523,
bind,nsec3,nonexistent.test-nsec3.example,cold,873937,3,True,1788804164.1387045,
bind,nsec3,nonexistent.test-nsec3.example,cold,751221,3,True,1788804164.1395183,
bind,nsec3,nonexistent.test-nsec3.example,cold,796076,3,True,1788804164.1403925,
bind,nsec3,nonexistent.test-nsec3.example,cold,768870,3,True,1788804164.1412313,
bind,nsec3,nonexistent.test-nsec3.example,cold,861740,3,True,1788804164.1421726,
bind,nsec3,nonexistent.test-nsec3.example,cold,661257,3,True,1788804164.1429007,
bind,nsec3,nonexistent.test-nsec3.example,cold,625021,3,True,1788804164.1435816,
bind,nsec3,nonexistent.test-nsec3.example,cold,854976,3,True,1788804164.1444967,
bind,nsec3,nonexistent.test-nsec3.example,cold,700259,3,True,1788804164.1453238,
bind,nsec3,nonexistent.test-nsec3.example,cold,708667,3,True,1788804164.1460876,
bind,nsec3,nonexistent.test-nsec3.example,cold,882224,3,True,1788804164.1470282,
bind,nsec3,nonexistent.test-nsec3.example,cold,652813,3,True,1788804164.1477494,
bind,nsec3,nonexistent.test-nsec3.example,cold,733404,3,True,1788804164.14854,
bind,nsec3,nonexistent.test-nsec3.example,cold,695780,3,True,1788804164.1493018,
bind,nsec3,nonexistent.test-nsec3.example,cold,746074,3,True,1788804164.1501064,
bind,nsec3,nonexistent.test-nsec3.example,cold,881061,3,True,1788804164.1510444,
bind,nsec3,nonexistent.test-nsec3.example,cold,678300,3,True,1788804164.1517878,
bind,nsec3,nonexistent.test-nsec3.example,cold,876459,3,True,1788804164.152731,
bind,nsec3,nonexistent.test-nsec3.example,cold,840652,3,True,1788804164.1537817,
bind,nsec3,nonexistent.test-nsec3.example,cold,1015717,3,True,1788804164.1548715,
bind,nsec3,nonexistent.test-nsec3.example,cold,854290,3,True,1788804164.1557996,
bind,nsec3,nonexistent.test-nsec3.example,cold,866707,3,True,1788804164.1567373,
bind,nsec3,nonexistent.test-nsec3.example,cold,802175,3,True,1788804164.157603,
bind,nsec3,nonexistent.test-nsec3.example,cold,1134205,3,True,1788804164.158806,
bind,nsec3,nonexistent.test-nsec3.example,cold,932647,3,True,1788804164.1598186,
bind,nsec3,nonexistent.test-nsec3.example,cold,681813,3,True,1788804164.1605587,
bind,nsec3,nonexistent.test-nsec3.example,cold,863197,3,True,1788804164.1615715,
bind,nsec3,nonexistent.test-nsec3.example,cold,989602,3,True,1788804164.1626153,
bind,nsec3,nonexistent.test-nsec3.example,cold,800794,3,True,1788804164.1635244,
bind,nsec3,nonexistent.test-nsec3.example,cold,709729,3,True,1788804164.1643143,
bind,nsec3,nonexistent.test-nsec3.example,cold,2361050,3,True,1788804164.1668367,
bind,nsec3,nonexistent.test-nsec3.example,cold,741078,3,True,1788804164.1676471,
bind,nsec3,nonexistent.test-nsec3.example,cold,706529,3,True,1788804164.1684244,
bind,nsec3,nonexistent.test-nsec3.example,cold,687137,3,True,1788804164.1692646,
bind,nsec3,nonexistent.test-nsec3.example,cold,766971,3,True,1788804164.170093,
bind,nsec3,nonexistent.test-nsec3.example,cold,778673,3,True,1788804164.1709208,
bind,nsec3,nonexistent.test-nsec3.example,cold,753538,3,True,1788804164.1718154,
bind,nsec3,nonexistent.test-nsec3.example,cold,621865,3,True,1788804164.1725817,
bind,nsec3,nonexistent.test-nsec3.example,cold,726091,3,True,1788804164.1733575,
bind,nsec3,nonexistent.test-nsec3.example,cold,696966,3,True,1788804164.1741412,
bind,nsec3,nonexistent.test-nsec3.example,cold,730162,3,True,1788804164.175045,
bind,nsec3,nonexistent.test-nsec3.example,cold,804994,3,True,1788804164.175912,
bind,nsec3,nonexistent.test-nsec3.example,cold,597028,3,True,1788804164.1765654,
bind,nsec3,nonexistent.test-nsec3.example,cold,776318,3,True,1788804164.1773846,
bind,nsec3,nonexistent.test-nsec3.example,cold,808339,3,True,1788804164.178236,
bind,nsec3,nonexistent.test-nsec3.example,cold,980132,3,True,1788804164.179279,
bind,nsec3,nonexistent.test-nsec3.example,cold,3684766,3,True,1788804164.183076,
bind,nsec3,nonexistent.test-nsec3.example,cold,2043806,3,True,1788804164.1852443,
bind,nsec3,nonexistent.test-nsec3.example,cold,1312601,3,True,1788804164.186653,
bind,nsec3,nonexistent.test-nsec3.example,cold,728513,3,True,1788804164.1875052,
bind,nsec3,nonexistent.test-nsec3.example,cold,763658,3,True,1788804164.1885366,
bind,nsec3,nonexistent.test-nsec3.example,cold,750166,3,True,1788804164.189447,
bind,nsec3,nonexistent.test-nsec3.example,cold,987418,3,True,1788804164.1904879,
bind,nsec3,nonexistent.test-nsec3.example,cold,633881,3,True,1788804164.1911852,
bind,nsec3,nonexistent.test-nsec3.example,cold,768020,3,True,1788804164.192002,
bind,nsec3,nonexistent.test-nsec3.example,cold,680628,3,True,1788804164.1928296,
bind,nsec3,nonexistent.test-nsec3.example,cold,610467,3,True,1788804164.1935303,
bind,nsec3,nonexistent.test-nsec3.example,cold,959254,3,True,1788804164.1946187,
bind,nsec3,nonexistent.test-nsec3.example,cold,744364,3,True,1788804164.1954362,
bind,nsec3,nonexistent.test-nsec3.example,cold,780343,3,True,1788804164.1962845,
bind,nsec3,nonexistent.test-nsec3.example,cold,760363,3,True,1788804164.1971924,
bind,nsec3,nonexistent.test-nsec3.example,cold,694607,3,True,1788804164.1979399,
bind,nsec3,nonexistent.test-nsec3.example,cold,599771,3,True,1788804164.1985857,
bind,nsec3,nonexistent.test-nsec3.example,cold,922754,3,True,1788804164.1996706,
bind,nsec3,nonexistent.test-nsec3.example,cold,859345,3,True,1788804164.200583,
bind,nsec3,nonexistent.test-nsec3.example,cold,644394,3,True,1788804164.2013159,
bind,nsec3,nonexistent.test-nsec3.example,cold,709390,3,True,1788804164.2020884,
bind,nsec3,nonexistent.test-nsec3.example,cold,697031,3,True,1788804164.2028306,
bind,nsec3,nonexistent.test-nsec3.example,cold,599466,3,True,1788804164.2035208,
bind,nsec3,nonexistent.test-nsec3.example,cold,658900,3,True,1788804164.2042253,
bind,nsec3,nonexistent.test-nsec3.example,cold,651667,3,True,1788804164.2049413,
bind,nsec3,nonexistent.test-nsec3.example,cold,699438,3,True,1788804164.2056885,
bind,nsec3,nonexistent.test-nsec3.example,cold,737927,3,True,1788804164.2065034,
bind,nsec3,nonexistent.test-nsec3.example,cold,612247,3,True,1788804164.2071612,
bind,nsec3,nonexistent.test-nsec3.example,cold,837887,3,True,1788804164.2081006,
bind,nsec3,nonexistent.test-nsec3.example,cold,702189,3,True,1788804164.208873,
bind,nsec3,nonexistent.test-nsec3.example,cold,849086,3,True,1788804164.2097867,
bind,nsec3,nonexistent.test-nsec3.example,cold,731571,3,True,1788804164.210663,
bind,nsec3,nonexistent.test-nsec3.example,cold,765277,3,True,1788804164.211604,
bind,nsec3,nonexistent.test-nsec3.example,cold,824032,3,True,1788804164.212495,
bind,nsec3,nonexistent.test-nsec3.example,cold,678084,3,True,1788804164.213318,
bind,nsec3,nonexistent.test-nsec3.example,cold,683949,3,True,1788804164.214066,
bind,nsec3,nonexistent.test-nsec3.example,cold,712056,3,True,1788804164.2149613,
bind,nsec3,nonexistent.test-nsec3.example,cold,706679,3,True,1788804164.2157815,
bind,nsec3,nonexistent.test-nsec3.example,cold,732131,3,True,1788804164.2166197,
bind,nsec3,nonexistent.test-nsec3.example,cold,685716,3,True,1788804164.217416,
bind,nsec3,nonexistent.test-nsec3.example,cold,853232,3,True,1788804164.218362,
bind,nsec3,nonexistent.test-nsec3.example,cold,614986,3,True,1788804164.2190485,
bind,nsec3,nonexistent.test-nsec3.example,cold,617830,3,True,1788804164.219774,
bind,nsec3,nonexistent.test-nsec3.example,cold,617348,3,True,1788804164.2204373,
bind,nsec3,nonexistent.test-nsec3.example,cold,748468,3,True,1788804164.2212312,
bind,nsec3,nonexistent.test-nsec3.example,cold,837351,3,True,1788804164.2221239,
bind,nsec3,nonexistent.test-nsec3.example,cold,994297,3,True,1788804164.223188,
bind,nsec3,nonexistent.test-nsec3.example,cold,684630,3,True,1788804164.2239418,
bind,nsec3,nonexistent.test-nsec3.example,cold,524254,3,True,1788804164.2245088,
bind,nsec3,nonexistent.test-nsec3.example,cold,716368,3,True,1788804164.2252831,
bind,nsec3,nonexistent.test-nsec3.example,cold,690882,3,True,1788804164.2260249,
bind,nsec3,nonexistent.test-nsec3.example,cold,829439,3,True,1788804164.2269237,
bind,nsec3,nonexistent.test-nsec3.example,cold,691009,3,True,1788804164.2276614,
bind,nsec3,nonexistent.test-nsec3.example,cold,751605,3,True,1788804164.2284596,
bind,nsec3,nonexistent.test-nsec3.example,cold,622605,3,True,1788804164.2291925,
bind,nsec3,nonexistent.test-nsec3.example,cold,591858,3,True,1788804164.2298315,
bind,nsec3,nonexistent.test-nsec3.example,cold,726887,3,True,1788804164.230667,
bind,nsec3,nonexistent.test-nsec3.example,cold,753511,3,True,1788804164.2314937,
bind,nsec3,nonexistent.test-nsec3.example,cold,675241,3,True,1788804164.2322755,
bind,nsec3,nonexistent.test-nsec3.example,cold,807754,3,True,1788804164.2332435,
bind,nsec3,nonexistent.test-nsec3.example,cold,1240386,3,True,1788804164.2347755,
bind,nsec3,nonexistent.test-nsec3.example,cold,1021928,3,True,1788804164.2359543,
bind,nsec3,nonexistent.test-nsec3.example,cold,766209,3,True,1788804164.236801,
bind,nsec3,nonexistent.test-nsec3.example,cold,766310,3,True,1788804164.2376373,
bind,nsec3,nonexistent.test-nsec3.example,cold,787407,3,True,1788804164.2384927,
bind,nsec3,nonexistent.test-nsec3.example,cold,750344,3,True,1788804164.2393143,
bind,nsec3,nonexistent.test-nsec3.example,cold,689096,3,True,1788804164.2400682,
bind,nsec3,nonexistent.test-nsec3.example,cold,772256,3,True,1788804164.2408986,
bind,nsec3,nonexistent.test-nsec3.example,cold,836843,3,True,1788804164.2417998,
bind,nsec3,nonexistent.test-nsec3.example,cold,753650,3,True,1788804164.242621,
bind,nsec3,nonexistent.test-nsec3.example,cold,683820,3,True,1788804164.2433708,
bind,nsec3,nonexistent.test-nsec3.example,cold,3855808,3,True,1788804164.2472885,
bind,nsec3,nonexistent.test-nsec3.example,cold,990135,3,True,1788804164.2483478,
bind,nsec3,nonexistent.test-nsec3.example,cold,869653,3,True,1788804164.249366,
bind,nsec3,nonexistent.test-nsec3.example,cold,776719,3,True,1788804164.250205,
bind,nsec3,nonexistent.test-nsec3.example,cold,697631,3,True,1788804164.251102,
bind,nsec3,nonexistent.test-nsec3.example,cold,776674,3,True,1788804164.2519279,
bind,nsec3,nonexistent.test-nsec3.example,cold,596405,3,True,1788804164.2525935,
bind,nsec3,nonexistent.test-nsec3.example,cold,606241,3,True,1788804164.2532444,
bind,nsec3,nonexistent.test-nsec3.example,cold,561797,3,True,1788804164.253853,
bind,nsec3,nonexistent.test-nsec3.example,cold,669958,3,True,1788804164.2545676,
bind,nsec3,nonexistent.test-nsec3.example,cold,794716,3,True,1788804164.2554257,
bind,nsec3,nonexistent.test-nsec3.example,cold,753930,3,True,1788804164.2562456,
bind,nsec3,nonexistent.test-nsec3.example,cold,784281,3,True,1788804164.2570846,
bind,nsec3,nonexistent.test-nsec3.example,cold,657033,3,True,1788804164.2577941,
bind,nsec3,nonexistent.test-nsec3.example,cold,750808,3,True,1788804164.2585967,
bind,nsec3,nonexistent.test-nsec3.example,cold,608620,3,True,1788804164.259258,
bind,nsec3,nonexistent.test-nsec3.example,cold,651586,3,True,1788804164.259963,
bind,nsec3,nonexistent.test-nsec3.example,cold,2786535,3,True,1788804164.2628033,
bind,nsec3,nonexistent.test-nsec3.example,cold,2903389,3,True,1788804164.265792,
bind,nsec3,nonexistent.test-nsec3.example,cold,1493231,3,True,1788804164.2673802,
bind,nsec3,nonexistent.test-nsec3.example,cold,969484,3,True,1788804164.2684214,
bind,nsec3,nonexistent.test-nsec3.example,cold,980335,3,True,1788804164.2694764,
bind,nsec3,nonexistent.test-nsec3.example,cold,1162661,3,True,1788804164.2707086,
bind,nsec3,nonexistent.test-nsec3.example,cold,826397,3,True,1788804164.271623,
bind,nsec3,nonexistent.test-nsec3.example,cold,708734,3,True,1788804164.2723954,
bind,nsec3,nonexistent.test-nsec3.example,cold,834257,3,True,1788804164.2733147,
bind,nsec3,nonexistent.test-nsec3.example,cold,743048,3,True,1788804164.2741315,
bind,nsec3,nonexistent.test-nsec3.example,cold,726951,3,True,1788804164.2749236,
bind,nsec3,nonexistent.test-nsec3.example,cold,595828,3,True,1788804164.275585,
bind,nsec3,nonexistent.test-nsec3.example,cold,669137,3,True,1788804164.2763166,
bind,nsec3,nonexistent.test-nsec3.example,cold,762108,3,True,1788804164.277145,
bind,nsec3,nonexistent.test-nsec3.example,cold,721985,3,True,1788804164.2779293,
bind,nsec3,nonexistent.test-nsec3.example,cold,713031,3,True,1788804164.2787347,
bind,nsec3,nonexistent.test-nsec3.example,cold,665766,3,True,1788804164.2794638,
bind,nsec3,nonexistent.test-nsec3.example,cold,738653,3,True,1788804164.2802613,
bind,nsec3,nonexistent.test-nsec3.example,cold,724075,3,True,1788804164.281121,
bind,nsec3,nonexistent.test-nsec3.example,cold,721882,3,True,1788804164.2819605,
bind,nsec3,nonexistent.test-nsec3.example,cold,742518,3,True,1788804164.282756,
bind,nsec3,nonexistent.test-nsec3.example,cold,718732,3,True,1788804164.2835867,
bind,nsec3,nonexistent.test-nsec3.example,cold,1031569,3,True,1788804164.2846909,
bind,nsec3,nonexistent.test-nsec3.example,cold,1015560,3,True,1788804164.285775,
bind,nsec3,nonexistent.test-nsec3.example,cold,1064411,3,True,1788804164.2869773,
bind,nsec3,nonexistent.test-nsec3.example,cold,797467,3,True,1788804164.2878618,
bind,nsec3,nonexistent.test-nsec3.example,cold,737019,3,True,1788804164.2888062,
bind,nsec3,nonexistent.test-nsec3.example,cold,1136083,3,True,1788804164.2900174,
bind,nsec3,nonexistent.test-nsec3.example,cold,694221,3,True,1788804164.290785,
bind,nsec3,nonexistent.test-nsec3.example,cold,704428,3,True,1788804164.2916293,
bind,nsec3,nonexistent.test-nsec3.example,cold,587163,3,True,1788804164.2922728,
bind,nsec3,nonexistent.test-nsec3.example,cold,652669,3,True,1788804164.2932243,
bind,nsec3,nonexistent.test-nsec3.example,cold,734292,3,True,1788804164.2940063,
bind,nsec3,nonexistent.test-nsec3.example,cold,850092,3,True,1788804164.2949615,
bind,nsec3,nonexistent.test-nsec3.example,cold,783457,3,True,1788804164.2958148,
bind,nsec3,nonexistent.test-nsec3.example,cold,633624,3,True,1788804164.2965894,
bind,nsec3,nonexistent.test-nsec3.example,cold,616308,3,True,1788804164.2972662,
bind,nsec3,nonexistent.test-nsec3.example,cold,735970,3,True,1788804164.2981064,
bind,nsec3,nonexistent.test-nsec3.example,cold,922480,3,True,1788804164.2991035,
bind,nsec3,nonexistent.test-nsec3.example,cold,582275,3,True,1788804164.2997503,
bind,nsec3,nonexistent.test-nsec3.example,cold,681744,3,True,1788804164.30049,
bind,nsec3,nonexistent.test-nsec3.example,cold,575119,3,True,1788804164.3011289,
bind,nsec3,nonexistent.test-nsec3.example,cold,686631,3,True,1788804164.301875,
bind,nsec3,nonexistent.test-nsec3.example,cold,698486,3,True,1788804164.302628,
bind,nsec3,nonexistent.test-nsec3.example,cold,801679,3,True,1788804164.303486,
bind,nsec3,nonexistent.test-nsec3.example,cold,802207,3,True,1788804164.304357,
bind,nsec3,nonexistent.test-nsec3.example,cold,869993,3,True,1788804164.3052955,
bind,nsec3,nonexistent.test-nsec3.example,cold,847346,3,True,1788804164.3062143,
bind,nsec3,nonexistent.test-nsec3.example,cold,767842,3,True,1788804164.3070505,
bind,nsec3,nonexistent.test-nsec3.example,cold,729354,3,True,1788804164.3078446,
bind,nsec3,nonexistent.test-nsec3.example,cold,768109,3,True,1788804164.3086782,
bind,nsec3,nonexistent.test-nsec3.example,cold,793927,3,True,1788804164.3095393,
bind,nsec3,nonexistent.test-nsec3.example,cold,688990,3,True,1788804164.310298,
bind,nsec3,nonexistent.test-nsec3.example,cold,842074,3,True,1788804164.311229,
bind,nsec3,nonexistent.test-nsec3.example,cold,795235,3,True,1788804164.3120887,
bind,nsec3,nonexistent.test-nsec3.example,cold,942640,3,True,1788804164.3131769,
bind,nsec3,nonexistent.test-nsec3.example,cold,891858,3,True,1788804164.3141434,
bind,nsec3,nonexistent.test-nsec3.example,cold,803654,3,True,1788804164.315018,
bind,nsec3,nonexistent.test-nsec3.example,cold,731156,3,True,1788804164.315816,
bind,nsec3,nonexistent.test-nsec3.example,cold,730140,3,True,1788804164.3166864,
bind,nsec3,nonexistent.test-nsec3.example,cold,803336,3,True,1788804164.3175507,
bind,nsec3,nonexistent.test-nsec3.example,cold,700065,3,True,1788804164.318313,
bind,nsec3,nonexistent.test-nsec3.example,cold,903603,3,True,1788804164.319302,
bind,nsec3,nonexistent.test-nsec3.example,cold,835322,3,True,1788804164.3202643,
bind,nsec3,nonexistent.test-nsec3.example,cold,661876,3,True,1788804164.3209944,
bind,nsec3,nonexistent.test-nsec3.example,cold,688888,3,True,1788804164.3217993,
bind,nsec3,nonexistent.test-nsec3.example,cold,782118,3,True,1788804164.3226378,
bind,nsec3,nonexistent.test-nsec3.example,cold,689384,3,True,1788804164.3233895,
bind,nsec3,nonexistent.test-nsec3.example,cold,721763,3,True,1788804164.3241663,
bind,nsec3,nonexistent.test-nsec3.example,cold,804524,3,True,1788804164.325108,
bind,nsec3,nonexistent.test-nsec3.example,cold,1729122,3,True,1788804164.3269026,
bind,nsec3,nonexistent.test-nsec3.example,cold,902846,3,True,1788804164.3279424,
bind,nsec3,nonexistent.test-nsec3.example,cold,803785,3,True,1788804164.3288138,
bind,nsec3,nonexistent.test-nsec3.example,cold,612792,3,True,1788804164.3295078,
bind,nsec3,nonexistent.test-nsec3.example,cold,602825,3,True,1788804164.3301542,
bind,nsec3,nonexistent.test-nsec3.example,cold,637897,3,True,1788804164.3308783,
bind,nsec3,nonexistent.test-nsec3.example,cold,654674,3,True,1788804164.3315911,
bind,nsec3,nonexistent.test-nsec3.example,cold,669350,3,True,1788804164.3323202,
bind,nsec3,nonexistent.test-nsec3.example,cold,546088,3,True,1788804164.332911,
bind,nsec3,nonexistent.test-nsec3.example,cold,707315,3,True,1788804164.3336604,
bind,nsec3,nonexistent.test-nsec3.example,cold,955942,3,True,1788804164.3346756,
bind,nsec3,nonexistent.test-nsec3.example,cold,800140,3,True,1788804164.335577,
bind,nsec3,nonexistent.test-nsec3.example,cold,752814,3,True,1788804164.3363779,
bind,nsec3,nonexistent.test-nsec3.example,cold,622306,3,True,1788804164.3370492,
bind,nsec3,nonexistent.test-nsec3.example,cold,762716,3,True,1788804164.3378685,
bind,nsec3,nonexistent.test-nsec3.example,cold,657220,3,True,1788804164.3385715,
bind,nsec3,nonexistent.test-nsec3.example,cold,630730,3,True,1788804164.339291,
bind,nsec3,nonexistent.test-nsec3.example,cold,607303,3,True,1788804164.3399427,
bind,nsec3,nonexistent.test-nsec3.example,cold,527586,3,True,1788804164.3405154,
bind,nsec3,nonexistent.test-nsec3.example,cold,704684,3,True,1788804164.341265,
bind,nsec3,nonexistent.test-nsec3.example,cold,538457,3,True,1788804164.341848,
bind,nsec3,nonexistent.test-nsec3.example,cold,729326,3,True,1788804164.3426204,
bind,nsec3,nonexistent.test-nsec3.example,cold,580869,3,True,1788804164.3432956,
bind,nsec3,nonexistent.test-nsec3.example,cold,572486,3,True,1788804164.3439121,
bind,nsec3,nonexistent.test-nsec3.example,cold,526173,3,True,1788804164.3444965,
bind,nsec3,nonexistent.test-nsec3.example,cold,536874,3,True,1788804164.3450887,
bind,nsec3,nonexistent.test-nsec3.example,cold,516821,3,True,1788804164.3456614,
bind,nsec3,nonexistent.test-nsec3.example,cold,683918,3,True,1788804164.3463924,
bind,nsec3,nonexistent.test-nsec3.example,cold,587041,3,True,1788804164.3470266,
bind,nsec3,nonexistent.test-nsec3.example,cold,596691,3,True,1788804164.3476808,
bind,nsec3,nonexistent.test-nsec3.example,cold,557084,3,True,1788804164.3482852,
bind,nsec3,nonexistent.test-nsec3.example,cold,885549,3,True,1788804164.349252,
bind,nsec3,nonexistent.test-nsec3.example,cold,805356,3,True,1788804164.350132,
bind,nsec3,nonexistent.test-nsec3.example,cold,1258603,3,True,1788804164.3515668,
bind,nsec3,nonexistent.test-nsec3.example,cold,929728,3,True,1788804164.3526049,
bind,nsec3,nonexistent.test-nsec3.example,cold,954930,3,True,1788804164.3536172,
bind,nsec3,nonexistent.test-nsec3.example,cold,905499,3,True,1788804164.3546011,
bind,nsec3,nonexistent.test-nsec3.example,cold,2211237,3,True,1788804164.356883,
bind,nsec3,nonexistent.test-nsec3.example,cold,1159193,3,True,1788804164.3582125,
bind,nsec3,nonexistent.test-nsec3.example,cold,771427,3,True,1788804164.3592696,
bind,nsec3,nonexistent.test-nsec3.example,cold,720133,3,True,1788804164.3600879,
bind,nsec3,nonexistent.test-nsec3.example,cold,650704,3,True,1788804164.3607867,
bind,nsec3,nonexistent.test-nsec3.example,cold,585928,3,True,1788804164.3614368,
bind,nsec3,nonexistent.test-nsec3.example,cold,599318,3,True,1788804164.362166,
bind,nsec3,nonexistent.test-nsec3.example,cold,749088,3,True,1788804164.3629594,
bind,nsec3,nonexistent.test-nsec3.example,cold,595730,3,True,1788804164.3635998,
bind,nsec3,nonexistent.test-nsec3.example,cold,744910,3,True,1788804164.3643954,
bind,nsec3,nonexistent.test-nsec3.example,cold,606431,3,True,1788804164.3650885,
bind,nsec3,nonexistent.test-nsec3.example,cold,559793,3,True,1788804164.3656905,
bind,nsec3,nonexistent.test-nsec3.example,cold,689090,3,True,1788804164.366425,
bind,nsec3,nonexistent.test-nsec3.example,cold,853148,3,True,1788804164.3673632,
bind,nsec3,nonexistent.test-nsec3.example,cold,614569,3,True,1788804164.368165,
bind,nsec3,nonexistent.test-nsec3.example,cold,706873,3,True,1788804164.3689976,
bind,nsec3,nonexistent.test-nsec3.example,cold,609012,3,True,1788804164.3697596,
bind,nsec3,nonexistent.test-nsec3.example,cold,692739,3,True,1788804164.3704963,
bind,nsec3,nonexistent.test-nsec3.example,cold,609426,3,True,1788804164.3711522,
bind,nsec3,nonexistent.test-nsec3.example,cold,656615,3,True,1788804164.371913,
bind,nsec3,nonexistent.test-nsec3.example,cold,604850,3,True,1788804164.372561,
bind,nsec3,nonexistent.test-nsec3.example,cold,741990,3,True,1788804164.3734043,
bind,nsec3,nonexistent.test-nsec3.example,cold,664140,3,True,1788804164.374117,
bind,nsec3,nonexistent.test-nsec3.example,cold,596017,3,True,1788804164.3748198,
bind,nsec3,nonexistent.test-nsec3.example,cold,735794,3,True,1788804164.3756042,
bind,nsec3,nonexistent.test-nsec3.example,cold,651502,3,True,1788804164.3763227,
bind,nsec3,nonexistent.test-nsec3.example,cold,718339,3,True,1788804164.3771026,
bind,nsec3,nonexistent.test-nsec3.example,cold,686163,3,True,1788804164.3778527,
bind,nsec3,nonexistent.test-nsec3.example,cold,693924,3,True,1788804164.3786025,
bind,nsec3,nonexistent.test-nsec3.example,cold,726521,3,True,1788804164.3794153,
bind,nsec3,nonexistent.test-nsec3.example,cold,702564,3,True,1788804164.3801785,
bind,nsec3,nonexistent.test-nsec3.example,cold,626066,3,True,1788804164.380865,
bind,nsec3,nonexistent.test-nsec3.example,cold,724311,3,True,1788804164.3816442,
bind,nsec3,nonexistent.test-nsec3.example,cold,701314,3,True,1788804164.3823898,
bind,nsec3,nonexistent.test-nsec3.example,cold,838071,3,True,1788804164.3832915,
bind,nsec3,nonexistent.test-nsec3.example,cold,941863,3,True,1788804164.384302,
bind,nsec3,nonexistent.test-nsec3.example,cold,830395,3,True,1788804164.385233,
bind,nsec3,nonexistent.test-nsec3.example,cold,752733,3,True,1788804164.3860455,
bind,nsec3,nonexistent.test-nsec3.example,cold,667634,3,True,1788804164.3867676,
bind,nsec3,nonexistent.test-nsec3.example,cold,674816,3,True,1788804164.3875003,
bind,nsec3,nonexistent.test-nsec3.example,cold,739291,3,True,1788804164.3882937,
bind,nsec3,nonexistent.test-nsec3.example,cold,789175,3,True,1788804164.3891428,
bind,nsec3,nonexistent.test-nsec3.example,cold,799545,3,True,1788804164.390009,
bind,nsec3,nonexistent.test-nsec3.example,cold,738472,3,True,1788804164.3908002,
bind,nsec3,nonexistent.test-nsec3.example,cold,828532,3,True,1788804164.3916833,
bind,nsec3,nonexistent.test-nsec3.example,cold,806159,3,True,1788804164.3926003,
bind,nsec3,nonexistent.test-nsec3.example,cold,725304,3,True,1788804164.3934362,
bind,nsec3,nonexistent.test-nsec3.example,cold,733974,3,True,1788804164.3942795,
bind,nsec3,nonexistent.test-nsec3.example,cold,720628,3,True,1788804164.3951442,
bind,nsec3,nonexistent.test-nsec3.example,cold,768320,3,True,1788804164.395973,
bind,nsec3,nonexistent.test-nsec3.example,cold,798466,3,True,1788804164.3968332,
bind,nsec3,nonexistent.test-nsec3.example,cold,692771,3,True,1788804164.3975892,
bind,nsec3,nonexistent.test-nsec3.example,cold,779389,3,True,1788804164.3984344,
bind,nsec3,nonexistent.test-nsec3.example,cold,693369,3,True,1788804164.3991933,
bind,nsec3,nonexistent.test-nsec3.example,cold,695618,3,True,1788804164.3999522,
bind,nsec3,nonexistent.test-nsec3.example,cold,574136,3,True,1788804164.400591,
bind,nsec3,nonexistent.test-nsec3.example,cold,759195,3,True,1788804164.4014146,
bind,nsec3,nonexistent.test-nsec3.example,cold,659665,3,True,1788804164.4021366,
bind,nsec3,nonexistent.test-nsec3.example,cold,789219,3,True,1788804164.4029903,
bind,nsec3,nonexistent.test-nsec3.example,cold,654761,3,True,1788804164.4037058,
bind,nsec3,nonexistent.test-nsec3.example,cold,842039,3,True,1788804164.4046078,
bind,nsec3,nonexistent.test-nsec3.example,cold,776442,3,True,1788804164.4054613,
bind,nsec3,nonexistent.test-nsec3.example,cold,956945,3,True,1788804164.4065585,
bind,nsec3,nonexistent.test-nsec3.example,cold,778268,3,True,1788804164.4074128,
bind,nsec3,nonexistent.test-nsec3.example,cold,780130,3,True,1788804164.408264,
bind,nsec3,nonexistent.test-nsec3.example,cold,892800,3,True,1788804164.4093065,
bind,nsec3,nonexistent.test-nsec3.example,cold,779663,3,True,1788804164.410157,
bind,nsec3,nonexistent.test-nsec3.example,cold,915387,3,True,1788804164.411134,
bind,nsec3,nonexistent.test-nsec3.example,cold,750562,3,True,1788804164.4119575,
bind,nsec3,nonexistent.test-nsec3.example,cold,749518,3,True,1788804164.4127777,
bind,nsec3,nonexistent.test-nsec3.example,cold,730437,3,True,1788804164.413567,
bind,nsec3,nonexistent.test-nsec3.example,cold,783629,3,True,1788804164.4144125,
bind,nsec3,nonexistent.test-nsec3.example,cold,652600,3,True,1788804164.4151134,
bind,nsec3,nonexistent.test-nsec3.example,cold,685981,3,True,1788804164.415867,
bind,nsec3,nonexistent.test-nsec3.example,cold,818713,3,True,1788804164.4167507,
bind,nsec3,nonexistent.test-nsec3.example,cold,814714,3,True,1788804164.417633,
bind,nsec3,nonexistent.test-nsec3.example,cold,859503,3,True,1788804164.418562,
bind,nsec3,nonexistent.test-nsec3.example,cold,678295,3,True,1788804164.4193091,
bind,nsec3,nonexistent.test-nsec3.example,cold,783597,3,True,1788804164.4201581,
bind,nsec3,nonexistent.test-nsec3.example,cold,3238120,3,True,1788804164.423459,
bind,nsec3,nonexistent.test-nsec3.example,cold,1078959,3,True,1788804164.424702,
bind,nsec3,nonexistent.test-nsec3.example,cold,1777823,3,True,1788804164.42657,
bind,nsec3,nonexistent.test-nsec3.example,cold,1261678,3,True,1788804164.428103,
bind,nsec3,nonexistent.test-nsec3.example,cold,1450299,3,True,1788804164.4296324,
bind,nsec3,nonexistent.test-nsec3.example,cold,923145,3,True,1788804164.4308212,
bind,nsec3,nonexistent.test-nsec3.example,cold,1017766,3,True,1788804164.4320028,
bind,nsec3,nonexistent.test-nsec3.example,cold,897037,3,True,1788804164.4329522,
bind,nsec3,nonexistent.test-nsec3.example,cold,750433,3,True,1788804164.4337554,
bind,nsec3,nonexistent.test-nsec3.example,cold,942755,3,True,1788804164.4347858,
bind,nsec3,nonexistent.test-nsec3.example,cold,678804,3,True,1788804164.4355924,
bind,nsec3,nonexistent.test-nsec3.example,cold,861224,3,True,1788804164.4365027,
bind,nsec3,nonexistent.test-nsec3.example,cold,790468,3,True,1788804164.4373662,
bind,nsec3,nonexistent.test-nsec3.example,cold,879789,3,True,1788804164.4383173,
bind,nsec3,nonexistent.test-nsec3.example,cold,780088,3,True,1788804164.4391983,
bind,nsec3,nonexistent.test-nsec3.example,cold,765875,3,True,1788804164.4401088,
bind,nsec3,nonexistent.test-nsec3.example,cold,728433,3,True,1788804164.440997,
bind,nsec3,nonexistent.test-nsec3.example,cold,762857,3,True,1788804164.441913,
bind,nsec3,nonexistent.test-nsec3.example,cold,661800,3,True,1788804164.442642,
bind,nsec3,nonexistent.test-nsec3.example,cold,683415,3,True,1788804164.4435058,
bind,nsec3,nonexistent.test-nsec3.example,cold,663086,3,True,1788804164.4442265,
bind,nsec3,nonexistent.test-nsec3.example,cold,665585,3,True,1788804164.444951,
bind,nsec3,nonexistent.test-nsec3.example,cold,592015,3,True,1788804164.4456284,
bind,nsec3,nonexistent.test-nsec3.example,cold,841574,3,True,1788804164.4466085,
bind,nsec3,nonexistent.test-nsec3.example,cold,687143,3,True,1788804164.447361,
bind,nsec3,nonexistent.test-nsec3.example,cold,708855,3,True,1788804164.4482298,
bind,nsec3,nonexistent.test-nsec3.example,cold,654184,3,True,1788804164.448947,
bind,nsec3,nonexistent.test-nsec3.example,cold,717101,3,True,1788804164.449808,
bind,nsec3,nonexistent.test-nsec3.example,cold,831374,3,True,1788804164.4507008,
bind,nsec3,nonexistent.test-nsec3.example,cold,742316,3,True,1788804164.4515018,
bind,nsec3,nonexistent.test-nsec3.example,cold,532960,3,True,1788804164.4520774,
bind,nsec3,nonexistent.test-nsec3.example,cold,741464,3,True,1788804164.45286,
bind,nsec3,nonexistent.test-nsec3.example,cold,608294,3,True,1788804164.4535725,
bind,nsec3,nonexistent.test-nsec3.example,cold,571147,3,True,1788804164.454187,
bind,nsec3,nonexistent.test-nsec3.example,cold,630648,3,True,1788804164.4548614,
bind,nsec3,nonexistent.test-nsec3.example,cold,671507,3,True,1788804164.4556534,
bind,nsec3,nonexistent.test-nsec3.example,cold,858441,3,True,1788804164.4565582,
bind,nsec3,nonexistent.test-nsec3.example,cold,623613,3,True,1788804164.457248,
bind,nsec3,nonexistent.test-nsec3.example,cold,550018,3,True,1788804164.457922,
bind,nsec3,nonexistent.test-nsec3.example,cold,731894,3,True,1788804164.4586964,
bind,nsec3,nonexistent.test-nsec3.example,cold,819227,3,True,1788804164.4595637,
bind,nsec3,nonexistent.test-nsec3.example,cold,1022441,3,True,1788804164.4607704,
bind,nsec3,nonexistent.test-nsec3.example,cold,778184,3,True,1788804164.4616253,
bind,nsec3,nonexistent.test-nsec3.example,cold,771862,3,True,1788804164.4625494,
bind,nsec3,nonexistent.test-nsec3.example,cold,779771,3,True,1788804164.4635072,
bind,nsec3,nonexistent.test-nsec3.example,cold,754750,3,True,1788804164.4643455,
bind,nsec3,nonexistent.test-nsec3.example,cold,650240,3,True,1788804164.4651499,
bind,nsec3,nonexistent.test-nsec3.example,cold,633526,3,True,1788804164.465942,
bind,nsec3,nonexistent.test-nsec3.example,cold,878000,3,True,1788804164.4670193,
bind,nsec3,nonexistent.test-nsec3.example,cold,850882,3,True,1788804164.4679317,
bind,nsec3,nonexistent.test-nsec3.example,cold,646619,3,True,1788804164.4687946,
bind,nsec3,nonexistent.test-nsec3.example,cold,668007,3,True,1788804164.4696224,
bind,nsec3,nonexistent.test-nsec3.example,cold,773751,3,True,1788804164.4705508,
bind,nsec3,nonexistent.test-nsec3.example,cold,713672,3,True,1788804164.4713273,
bind,nsec3,nonexistent.test-nsec3.example,cold,806574,3,True,1788804164.4722943,
bind,nsec3,nonexistent.test-nsec3.example,cold,854534,3,True,1788804164.473386,
bind,nsec3,nonexistent.test-nsec3.example,cold,776382,3,True,1788804164.474232,
bind,nsec3,nonexistent.test-nsec3.example,cold,935759,3,True,1788804164.475421,
bind,nsec3,nonexistent.test-nsec3.example,cold,727130,3,True,1788804164.4763107,
bind,nsec3,nonexistent.test-nsec3.example,cold,596116,3,True,1788804164.4770613,
bind,nsec3,nonexistent.test-nsec3.example,cold,784935,3,True,1788804164.4778936,
bind,nsec3,nonexistent.test-nsec3.example,cold,933278,3,True,1788804164.4789145,
bind,nsec3,nonexistent.test-nsec3.example,cold,667934,3,True,1788804164.4796894,
bind,nsec3,nonexistent.test-nsec3.example,cold,838753,3,True,1788804164.480675,
bind,nsec3,nonexistent.test-nsec3.example,cold,642134,3,True,1788804164.4813893,
bind,nsec3,nonexistent.test-nsec3.example,cold,673622,3,True,1788804164.4821815,
bind,nsec3,nonexistent.test-nsec3.example,cold,847023,3,True,1788804164.4830754,
bind,nsec3,nonexistent.test-nsec3.example,cold,721454,3,True,1788804164.4838614,
bind,nsec3,nonexistent.test-nsec3.example,cold,799092,3,True,1788804164.4847229,
bind,nsec3,nonexistent.test-nsec3.example,cold,844164,3,True,1788804164.4857032,
bind,nsec3,nonexistent.test-nsec3.example,cold,859910,3,True,1788804164.4866402,
bind,nsec3,nonexistent.test-nsec3.example,cold,821219,3,True,1788804164.4876046,
bind,nsec3,nonexistent.test-nsec3.example,cold,814224,3,True,1788804164.4884913,
bind,nsec3,nonexistent.test-nsec3.example,cold,839388,3,True,1788804164.489397,
bind,nsec3,nonexistent.test-nsec3.example,cold,749963,3,True,1788804164.4902024,
bind,nsec3,nonexistent.test-nsec3.example,cold,1025704,3,True,1788804164.491283,
bind,nsec3,nonexistent.test-nsec3.example,cold,787635,3,True,1788804164.4921324,
bind,nsec3,nonexistent.test-nsec3.example,cold,714649,3,True,1788804164.4929035,
bind,nsec3,nonexistent.test-nsec3.example,cold,748101,3,True,1788804164.4937062,
bind,nsec3,nonexistent.test-nsec3.example,cold,881215,3,True,1788804164.4946413,
bind,nsec3,nonexistent.test-nsec3.example,cold,769876,3,True,1788804164.4954798,
bind,nsec3,nonexistent.test-nsec3.example,cold,834121,3,True,1788804164.4964387,
bind,nsec3,nonexistent.test-nsec3.example,cold,700373,3,True,1788804164.497199,
bind,nsec3,nonexistent.test-nsec3.example,cold,813540,3,True,1788804164.4980702,
bind,nsec3,nonexistent.test-nsec3.example,cold,711472,3,True,1788804164.4988453,
bind,nsec3,nonexistent.test-nsec3.example,cold,840246,3,True,1788804164.4997451,
bind,nsec3,nonexistent.test-nsec3.example,cold,3380371,3,True,1788804164.5031943,
bind,nsec3,nonexistent.test-nsec3.example,cold,1040859,3,True,1788804164.5043435,
bind,nsec3,nonexistent.test-nsec3.example,cold,827211,3,True,1788804164.5052676,
bind,nsec3,nonexistent.test-nsec3.example,cold,831524,3,True,1788804164.5062153,
bind,nsec3,nonexistent.test-nsec3.example,cold,833544,3,True,1788804164.5071197,
bind,nsec3,nonexistent.test-nsec3.example,cold,943034,3,True,1788804164.508131,
bind,nsec3,nonexistent.test-nsec3.example,cold,1335663,3,True,1788804164.509582,
bind,nsec3,nonexistent.test-nsec3.example,cold,984699,3,True,1788804164.5106468,
bind,nsec3,nonexistent.test-nsec3.example,cold,867219,3,True,1788804164.5116374,
bind,nsec3,nonexistent.test-nsec3.example,cold,761581,3,True,1788804164.5124583,
bind,nsec3,nonexistent.test-nsec3.example,cold,763778,3,True,1788804164.513287,
bind,nsec3,nonexistent.test-nsec3.example,cold,706961,3,True,1788804164.5140579,
bind,nsec3,nonexistent.test-nsec3.example,cold,787387,3,True,1788804164.5149083,
bind,nsec3,nonexistent.test-nsec3.example,cold,720369,3,True,1788804164.5156896,
bind,nsec3,nonexistent.test-nsec3.example,cold,859427,3,True,1788804164.516608,
bind,nsec3,nonexistent.test-nsec3.example,cold,904157,3,True,1788804164.5175836,
bind,nsec3,nonexistent.test-nsec3.example,cold,714108,3,True,1788804164.5183704,
bind,nsec3,nonexistent.test-nsec3.example,cold,959383,3,True,1788804164.5193925,
bind,nsec3,nonexistent.test-nsec3.example,cold,649906,3,True,1788804164.5201023,
bind,nsec3,nonexistent.test-nsec3.example,cold,801550,3,True,1788804164.5209622,
bind,nsec3,nonexistent.test-nsec3.example,cold,742805,3,True,1788804164.5217612,
bind,nsec3,nonexistent.test-nsec3.example,cold,796798,3,True,1788804164.522616,
bind,nsec3,nonexistent.test-nsec3.example,cold,783427,3,True,1788804164.5234587,
bind,nsec3,nonexistent.test-nsec3.example,cold,718460,3,True,1788804164.524245,
bind,nsec3,nonexistent.test-nsec3.example,cold,772068,3,True,1788804164.5250819,
bind,nsec3,nonexistent.test-nsec3.example,cold,717932,3,True,1788804164.5258706,
bind,nsec3,nonexistent.test-nsec3.example,cold,665840,3,True,1788804164.5266063,
bind,nsec3,nonexistent.test-nsec3.example,cold,872366,3,True,1788804164.527527,
bind,nsec3,nonexistent.test-nsec3.example,cold,732105,3,True,1788804164.5283296,
bind,nsec3,nonexistent.test-nsec3.example,cold,673604,3,True,1788804164.52906,
bind,nsec3,nonexistent.test-nsec3.example,cold,1080795,3,True,1788804164.5302,
bind,nsec3,nonexistent.test-nsec3.example,cold,801306,3,True,1788804164.5310633,
bind,nsec3,nonexistent.test-nsec3.example,cold,676197,3,True,1788804164.5317926,
bind,nsec3,nonexistent.test-nsec3.example,cold,776876,3,True,1788804164.5326283,
bind,nsec3,nonexistent.test-nsec3.example,cold,787111,3,True,1788804164.5335345,
bind,nsec3,nonexistent.test-nsec3.example,cold,673524,3,True,1788804164.5342584,
bind,nsec3,nonexistent.test-nsec3.example,cold,705644,3,True,1788804164.5350108,
bind,nsec3,nonexistent.test-nsec3.example,cold,706931,3,True,1788804164.5358176,
bind,nsec3,nonexistent.test-nsec3.example,cold,706118,3,True,1788804164.5365753,
bind,nsec3,nonexistent.test-nsec3.example,cold,592114,3,True,1788804164.5372453,
bind,nsec3,nonexistent.test-nsec3.example,cold,946408,3,True,1788804164.538241,
bind,nsec3,nonexistent.test-nsec3.example,cold,925999,3,True,1788804164.53938,
bind,nsec3,nonexistent.test-nsec3.example,cold,740813,3,True,1788804164.5401883,
bind,nsec3,nonexistent.test-nsec3.example,cold,803289,3,True,1788804164.5410995,
bind,nsec3,nonexistent.test-nsec3.example,cold,658047,3,True,1788804164.5418127,
bind,nsec3,nonexistent.test-nsec3.example,cold,818169,3,True,1788804164.5426908,
bind,nsec3,nonexistent.test-nsec3.example,cold,676699,3,True,1788804164.5434337,
bind,nsec3,nonexistent.test-nsec3.example,cold,655459,3,True,1788804164.5441523,
bind,nsec3,nonexistent.test-nsec3.example,cold,651435,3,True,1788804164.544923,
bind,nsec3,nonexistent.test-nsec3.example,cold,815500,3,True,1788804164.5457978,
bind,nsec3,nonexistent.test-nsec3.example,cold,697075,3,True,1788804164.5465598,
bind,nsec3,nonexistent.test-nsec3.example,cold,735517,3,True,1788804164.5473497,
bind,nsec3,nonexistent.test-nsec3.example,cold,809221,3,True,1788804164.5482152,
bind,nsec3,nonexistent.test-nsec3.example,cold,719832,3,True,1788804164.5490036,
bind,nsec3,nonexistent.test-nsec3.example,cold,662845,3,True,1788804164.5497968,
bind,nsec3,nonexistent.test-nsec3.example,cold,743995,3,True,1788804164.550698,
bind,nsec3,nonexistent.test-nsec3.example,cold,819191,3,True,1788804164.551574,
bind,nsec3,nonexistent.test-nsec3.example,cold,845901,3,True,1788804164.5524864,
bind,nsec3,nonexistent.test-nsec3.example,cold,1046648,3,True,1788804164.5536025,
bind,nsec3,nonexistent.test-nsec3.example,cold,786552,3,True,1788804164.5545125,
bind,nsec3,nonexistent.test-nsec3.example,cold,659716,3,True,1788804164.5552368,
bind,nsec3,nonexistent.test-nsec3.example,cold,675003,3,True,1788804164.5559697,
bind,nsec3,nonexistent.test-nsec3.example,cold,640126,3,True,1788804164.556722,
bind,nsec3,nonexistent.test-nsec3.example,cold,639240,3,True,1788804164.557469,
bind,nsec3,nonexistent.test-nsec3.example,cold,710338,3,True,1788804164.558243,
bind,nsec3,nonexistent.test-nsec3.example,cold,734724,3,True,1788804164.559045,
bind,nsec3,nonexistent.test-nsec3.example,cold,690400,3,True,1788804164.559798,
bind,nsec3,nonexistent.test-nsec3.example,cold,678957,3,True,1788804164.5605412,
bind,nsec3,nonexistent.test-nsec3.example,cold,655921,3,True,1788804164.5612607,
bind,nsec3,nonexistent.test-nsec3.example,cold,675528,3,True,1788804164.5619907,
bind,nsec3,nonexistent.test-nsec3.example,cold,662030,3,True,1788804164.5627084,
bind,nsec3,nonexistent.test-nsec3.example,cold,657142,3,True,1788804164.5634305,
bind,nsec3,nonexistent.test-nsec3.example,cold,726062,3,True,1788804164.5642114,
bind,nsec3,nonexistent.test-nsec3.example,cold,927440,3,True,1788804164.565201,
bind,nsec3,nonexistent.test-nsec3.example,cold,1013023,3,True,1788804164.5662925,
bind,nsec3,nonexistent.test-nsec3.example,cold,1404694,3,True,1788804164.567838,
bind,nsec3,nonexistent.test-nsec3.example,cold,1659300,3,True,1788804164.569642,
bind,nsec3,nonexistent.test-nsec3.example,cold,915713,3,True,1788804164.570644,
bind,nsec3,nonexistent.test-nsec3.example,cold,2106438,3,True,1788804164.57281,
bind,nsec3,nonexistent.test-nsec3.example,cold,957558,3,True,1788804164.5738409,
bind,nsec3,nonexistent.test-nsec3.example,cold,786372,3,True,1788804164.574772,
bind,nsec3,nonexistent.test-nsec3.example,cold,694997,3,True,1788804164.575525,
bind,nsec3,nonexistent.test-nsec3.example,cold,731860,3,True,1788804164.5763655,
bind,nsec3,nonexistent.test-nsec3.example,cold,757859,3,True,1788804164.5771742,
bind,nsec3,nonexistent.test-nsec3.example,cold,696364,3,True,1788804164.5779557,
bind,nsec3,nonexistent.test-nsec3.example,cold,742254,3,True,1788804164.578823,
bind,nsec3,nonexistent.test-nsec3.example,cold,716722,3,True,1788804164.579602,
bind,nsec3,nonexistent.test-nsec3.example,cold,834733,3,True,1788804164.580499,
bind,nsec3,nonexistent.test-nsec3.example,cold,855507,3,True,1788804164.5814202,
bind,nsec3,nonexistent.test-nsec3.example,cold,783194,3,True,1788804164.5823472,
bind,nsec3,nonexistent.test-nsec3.example,cold,787106,3,True,1788804164.5832002,
bind,nsec3,nonexistent.test-nsec3.example,cold,809338,3,True,1788804164.5840874,
bind,nsec3,nonexistent.test-nsec3.example,cold,916827,3,True,1788804164.5851982,
bind,nsec3,nonexistent.test-nsec3.example,cold,780366,3,True,1788804164.5861683,
bind,nsec3,nonexistent.test-nsec3.example,cold,858604,3,True,1788804164.587231,
bind,nsec3,nonexistent.test-nsec3.example,cold,3545771,3,True,1788804164.590865,
bind,nsec3,nonexistent.test-nsec3.example,cold,3059158,3,True,1788804164.5940342,
bind,nsec3,nonexistent.test-nsec3.example,cold,1086275,3,True,1788804164.595386,
bind,nsec3,nonexistent.test-nsec3.example,cold,1035276,3,True,1788804164.5966356,
bind,nsec3,nonexistent.test-nsec3.example,cold,648771,3,True,1788804164.5973663,
bind,nsec3,nonexistent.test-nsec3.example,cold,717180,3,True,1788804164.5981977,
bind,nsec3,nonexistent.test-nsec3.example,cold,635430,3,True,1788804164.5988817,
bind,nsec3,nonexistent.test-nsec3.example,cold,852545,3,True,1788804164.5997832,
bind,nsec3,nonexistent.test-nsec3.example,cold,821560,3,True,1788804164.6006823,
bind,nsec3,nonexistent.test-nsec3.example,cold,840362,3,True,1788804164.601633,
bind,nsec3,nonexistent.test-nsec3.example,cold,799105,3,True,1788804164.6025074,
bind,nsec3,nonexistent.test-nsec3.example,cold,753141,3,True,1788804164.6034126,
bind,nsec3,nonexistent.test-nsec3.example,cold,703002,3,True,1788804164.6042545,
bind,nsec3,nonexistent.test-nsec3.example,cold,643982,3,True,1788804164.6050045,
bind,nsec3,nonexistent.test-nsec3.example,cold,682537,3,True,1788804164.6057355,
bind,nsec3,nonexistent.test-nsec3.example,cold,848639,3,True,1788804164.6066606,
bind,nsec3,nonexistent.test-nsec3.example,cold,675564,3,True,1788804164.607488,
bind,nsec3,nonexistent.test-nsec3.example,cold,588475,3,True,1788804164.6082532,
bind,nsec3,nonexistent.test-nsec3.example,cold,696910,3,True,1788804164.609047,
bind,nsec3,nonexistent.test-nsec3.example,cold,696065,3,True,1788804164.609795,
bind,nsec3,nonexistent.test-nsec3.example,cold,988938,3,True,1788804164.610917,
bind,nsec3,nonexistent.test-nsec3.example,cold,842300,3,True,1788804164.6118128,
bind,nsec3,nonexistent.test-nsec3.example,cold,730667,3,True,1788804164.6125903,
bind,nsec3,nonexistent.test-nsec3.example,cold,870146,3,True,1788804164.613519,
bind,nsec3,nonexistent.test-nsec3.example,cold,626243,3,True,1788804164.614209,
bind,nsec3,nonexistent.test-nsec3.example,cold,702103,3,True,1788804164.6149607,
bind,nsec3,nonexistent.test-nsec3.example,cold,735828,3,True,1788804164.6157558,
bind,nsec3,nonexistent.test-nsec3.example,cold,704043,3,True,1788804164.6165051,
bind,nsec3,nonexistent.test-nsec3.example,cold,599883,3,True,1788804164.6171544,
bind,nsec3,nonexistent.test-nsec3.example,cold,701153,3,True,1788804164.6179,
bind,nsec3,nonexistent.test-nsec3.example,cold,662256,3,True,1788804164.6186118,
bind,nsec3,nonexistent.test-nsec3.example,cold,842699,3,True,1788804164.619502,
bind,nsec3,nonexistent.test-nsec3.example,cold,639605,3,True,1788804164.6202376,
bind,nsec3,nonexistent.test-nsec3.example,cold,724187,3,True,1788804164.6210167,
bind,nsec3,nonexistent.test-nsec3.example,cold,617865,3,True,1788804164.6216812,
bind,nsec3,nonexistent.test-nsec3.example,cold,813231,3,True,1788804164.6225445,
bind,nsec3,nonexistent.test-nsec3.example,cold,982629,3,True,1788804164.623686,
bind,nsec3,nonexistent.test-nsec3.example,cold,776942,3,True,1788804164.624539,
bind,nsec3,nonexistent.test-nsec3.example,cold,717248,3,True,1788804164.6254249,
bind,nsec3,nonexistent.test-nsec3.example,cold,901740,3,True,1788804164.6265132,
bind,nsec3,nonexistent.test-nsec3.example,cold,6014756,3,True,1788804164.6326027,
bind,nsec3,nonexistent.test-nsec3.example,cold,4864121,3,True,1788804164.6375794,
bind,nsec3,nonexistent.test-nsec3.example,cold,4238063,3,True,1788804164.6419237,
bind,nsec3,nonexistent.test-nsec3.example,cold,3998436,3,True,1788804164.6460242,
bind,nsec3,nonexistent.test-nsec3.example,cold,5562235,3,True,1788804164.6518536,
bind,nsec3,nonexistent.test-nsec3.example,cold,3622259,3,True,1788804164.655642,
bind,nsec3,nonexistent.test-nsec3.example,cold,3819695,3,True,1788804164.6595564,
bind,nsec3,nonexistent.test-nsec3.example,cold,5703273,3,True,1788804164.6653419,
bind,nsec3,nonexistent.test-nsec3.example,cold,5449197,3,True,1788804164.6708603,
bind,nsec3,nonexistent.test-nsec3.example,cold,4625158,3,True,1788804164.6755836,
bind,nsec3,nonexistent.test-nsec3.example,cold,4787835,3,True,1788804164.680457,
bind,nsec3,nonexistent.test-nsec3.example,cold,3455516,3,True,1788804164.6839979,
bind,nsec3,nonexistent.test-nsec3.example,cold,4683700,3,True,1788804164.6887648,
bind,nsec3,nonexistent.test-nsec3.example,cold,4970677,3,True,1788804164.6938257,
bind,nsec3,nonexistent.test-nsec3.example,cold,5062263,3,True,1788804164.6989915,
bind,nsec3,nonexistent.test-nsec3.example,cold,5211088,3,True,1788804164.7042909,
bind,nsec3,nonexistent.test-nsec3.example,cold,3826207,3,True,1788804164.708222,
bind,nsec3,nonexistent.test-nsec3.example,cold,7049997,3,True,1788804164.7153947,
bind,nsec3,nonexistent.test-nsec3.example,cold,5303240,3,True,1788804164.7208455,
bind,nsec3,nonexistent.test-nsec3.example,cold,5588747,3,True,1788804164.7265306,
bind,nsec3,nonexistent.test-nsec3.example,cold,4885983,3,True,1788804164.7316024,
bind,nsec3,nonexistent.test-nsec3.example,cold,3864428,3,True,1788804164.735543,
bind,nsec3,nonexistent.test-nsec3.example,cold,5109821,3,True,1788804164.740744,
bind,nsec3,nonexistent.test-nsec3.example,cold,5690053,3,True,1788804164.7465475,
bind,nsec3,nonexistent.test-nsec3.example,cold,4574786,3,True,1788804164.7512124,
bind,nsec3,nonexistent.test-nsec3.example,cold,5185102,3,True,1788804164.756497,
bind,nsec3,nonexistent.test-nsec3.example,cold,4183110,3,True,1788804164.7608778,
bind,nsec3,nonexistent.test-nsec3.example,cold,3761586,3,True,1788804164.7647374,
bind,nsec3,nonexistent.test-nsec3.example,cold,4630331,3,True,1788804164.7694595,
bind,nsec3,nonexistent.test-nsec3.example,cold,4361729,3,True,1788804164.773911,
bind,nsec3,nonexistent.test-nsec3.example,cold,5119087,3,True,1788804164.7791123,
bind,nsec3,nonexistent.test-nsec3.example,cold,4841415,3,True,1788804164.7840385,
bind,nsec3,nonexistent.test-nsec3.example,cold,5016246,3,True,1788804164.789141,
bind,nsec3,nonexistent.test-nsec3.example,cold,5163378,3,True,1788804164.794394,
bind,nsec3,nonexistent.test-nsec3.example,cold,4602120,3,True,1788804164.7990942,
bind,nsec3,nonexistent.test-nsec3.example,cold,3801902,3,True,1788804164.8030539,
bind,nsec3,nonexistent.test-nsec3.example,cold,4427764,3,True,1788804164.8075857,
bind,nsec3,nonexistent.test-nsec3.example,cold,5417043,3,True,1788804164.8131464,
bind,nsec3,nonexistent.test-nsec3.example,cold,4010734,3,True,1788804164.8172457,
bind,nsec3,nonexistent.test-nsec3.example,cold,4186464,3,True,1788804164.8215287,
bind,nsec3,nonexistent.test-nsec3.example,cold,3691966,3,True,1788804164.8254154,
bind,nsec3,nonexistent.test-nsec3.example,cold,5143012,3,True,1788804164.8306658,
bind,nsec3,nonexistent.test-nsec3.example,cold,4605879,3,True,1788804164.835696,
bind,nsec3,nonexistent.test-nsec3.example,cold,3972858,3,True,1788804164.8398082,
bind,nsec3,nonexistent.test-nsec3.example,cold,3806049,3,True,1788804164.8437145,
bind,nsec3,nonexistent.test-nsec3.example,cold,3900790,3,True,1788804164.8477123,
bind,nsec3,nonexistent.test-nsec3.example,cold,3947838,3,True,1788804164.8517637,
bind,nsec3,nonexistent.test-nsec3.example,cold,4504125,3,True,1788804164.8563817,
bind,nsec3,nonexistent.test-nsec3.example,cold,4925316,3,True,1788804164.8614,
bind,nsec3,nonexistent.test-nsec3.example,cold,4419944,3,True,1788804164.8658912,
bind,nsec3,nonexistent.test-nsec3.example,cold,4522369,3,True,1788804164.870483,
bind,nsec3,nonexistent.test-nsec3.example,cold,4742727,3,True,1788804164.8753066,
bind,nsec3,nonexistent.test-nsec3.example,cold,4445995,3,True,1788804164.880042,
bind,nsec3,nonexistent.test-nsec3.example,cold,4196907,3,True,1788804164.884361,
bind,nsec3,nonexistent.test-nsec3.example,cold,5827018,3,True,1788804164.8903883,
bind,nsec3,nonexistent.test-nsec3.example,cold,4644518,3,True,1788804164.8951328,
bind,nsec3,nonexistent.test-nsec3.example,cold,3666951,3,True,1788804164.898877,
bind,nsec3,nonexistent.test-nsec3.example,cold,4111672,3,True,1788804164.903081,
bind,nsec3,nonexistent.test-nsec3.example,cold,4010716,3,True,1788804164.9072292,
bind,nsec3,nonexistent.test-nsec3.example,cold,4971059,3,True,1788804164.9123027,
bind,nsec3,nonexistent.test-nsec3.example,cold,3866704,3,True,1788804164.9162645,
bind,nsec3,nonexistent.test-nsec3.example,cold,3936962,3,True,1788804164.9203088,
bind,nsec3,nonexistent.test-nsec3.example,cold,4374975,3,True,1788804164.9247868,
bind,nsec3,nonexistent.test-nsec3.example,cold,3652174,3,True,1788804164.9285333,
bind,nsec3,nonexistent.test-nsec3.example,cold,4811853,3,True,1788804164.9334366,
bind,nsec3,nonexistent.test-nsec3.example,cold,3696890,3,True,1788804164.937223,
bind,nsec3,nonexistent.test-nsec3.example,cold,4588158,3,True,1788804164.9420152,
bind,nsec3,nonexistent.test-nsec3.example,cold,5174952,3,True,1788804164.9473302,
bind,nsec3,nonexistent.test-nsec3.example,cold,4755886,3,True,1788804164.9521909,
bind,nsec3,nonexistent.test-nsec3.example,cold,5320010,3,True,1788804164.9575996,
bind,nsec3,nonexistent.test-nsec3.example,cold,4412989,3,True,1788804164.9621186,
bind,nsec3,nonexistent.test-nsec3.example,cold,4841012,3,True,1788804164.967062,
bind,nsec3,nonexistent.test-nsec3.example,cold,5681622,3,True,1788804164.972845,
bind,nsec3,nonexistent.test-nsec3.example,cold,13109947,3,True,1788804164.9860458,
bind,nsec3,nonexistent.test-nsec3.example,cold,6992008,3,True,1788804164.993154,
bind,nsec3,nonexistent.test-nsec3.example,cold,8657129,3,True,1788804165.001924,
bind,nsec3,nonexistent.test-nsec3.example,cold,8173442,3,True,1788804165.0101998,
bind,nsec3,nonexistent.test-nsec3.example,cold,4600861,3,True,1788804165.0149074,
bind,nsec3,nonexistent.test-nsec3.example,cold,3824775,3,True,1788804165.0188217,
bind,nsec3,nonexistent.test-nsec3.example,cold,7037541,3,True,1788804165.0259545,
bind,nsec3,nonexistent.test-nsec3.example,cold,3894439,3,True,1788804165.029936,
bind,nsec3,nonexistent.test-nsec3.example,cold,3628213,3,True,1788804165.0336802,
bind,nsec3,nonexistent.test-nsec3.example,cold,5049969,3,True,1788804165.0389004,
bind,nsec3,nonexistent.test-nsec3.example,cold,5185656,3,True,1788804165.0441744,
bind,nsec3,nonexistent.test-nsec3.example,cold,5373635,3,True,1788804165.049642,
bind,nsec3,nonexistent.test-nsec3.example,cold,4271420,3,True,1788804165.054003,
bind,nsec3,nonexistent.test-nsec3.example,cold,4322876,3,True,1788804165.0584404,
bind,nsec3,nonexistent.test-nsec3.example,cold,4111203,3,True,1788804165.0626616,
bind,nsec3,nonexistent.test-nsec3.example,cold,5387196,3,True,1788804165.0681512,
bind,nsec3,nonexistent.test-nsec3.example,cold,7372800,3,True,1788804165.0756307,
bind,nsec3,nonexistent.test-nsec3.example,cold,4611763,3,True,1788804165.080341,
bind,nsec3,nonexistent.test-nsec3.example,cold,4015012,3,True,1788804165.0844538,
bind,nsec3,nonexistent.test-nsec3.example,cold,3827258,3,True,1788804165.0883727,
bind,nsec3,nonexistent.test-nsec3.example,cold,4001375,3,True,1788804165.0924714,
bind,nsec3,nonexistent.test-nsec3.example,cold,4101924,3,True,1788804165.096683,
bind,nsec3,nonexistent.test-nsec3.example,cold,4191013,3,True,1788804165.1009748,
bind,nsec3,nonexistent.test-nsec3.example,cold,4008439,3,True,1788804165.1050818,
bind,nsec3,nonexistent.test-nsec3.example,cold,4227460,3,True,1788804165.1094115,
bind,nsec3,nonexistent.test-nsec3.example,cold,3852977,3,True,1788804165.1133723,
bind,nsec3,nonexistent.test-nsec3.example,cold,5180091,3,True,1788804165.1186693,
bind,nsec3,nonexistent.test-nsec3.example,cold,5660168,3,True,1788804165.1244292,
bind,nsec3,nonexistent.test-nsec3.example,cold,5082141,3,True,1788804165.1296146,
bind,nsec3,nonexistent.test-nsec3.example,cold,3638954,3,True,1788804165.1333566,
bind,nsec3,nonexistent.test-nsec3.example,cold,4827603,3,True,1788804165.1383066,
bind,nsec3,nonexistent.test-nsec3.example,cold,3926377,3,True,1788804165.1423619,
bind,nsec3,nonexistent.test-nsec3.example,cold,4093569,3,True,1788804165.1465604,
bind,nsec3,nonexistent.test-nsec3.example,cold,7744886,3,True,1788804165.1545653,
bind,nsec3,nonexistent.test-nsec3.example,cold,5394443,3,True,1788804165.160053,
bind,nsec3,nonexistent.test-nsec3.example,cold,4328207,3,True,1788804165.1644824,
bind,nsec3,nonexistent.test-nsec3.example,cold,4549432,3,True,1788804165.1691303,
bind,nsec3,nonexistent.test-nsec3.example,cold,3880354,3,True,1788804165.173113,
bind,nsec3,nonexistent.test-nsec3.example,cold,3874420,3,True,1788804165.1770868,
bind,nsec3,nonexistent.test-nsec3.example,cold,3791873,3,True,1788804165.1809704,
bind,nsec3,nonexistent.test-nsec3.example,cold,3793893,3,True,1788804165.1848614,
bind,nsec3,nonexistent.test-nsec3.example,cold,5118253,3,True,1788804165.1900845,
bind,nsec3,nonexistent.test-nsec3.example,cold,6579864,3,True,1788804165.1967692,
bind,nsec3,nonexistent.test-nsec3.example,cold,5368169,3,True,1788804165.2022262,
bind,nsec3,nonexistent.test-nsec3.example,cold,4740919,3,True,1788804165.2071512,
bind,nsec3,nonexistent.test-nsec3.example,cold,5311453,3,True,1788804165.2125916,
bind,nsec3,nonexistent.test-nsec3.example,cold,5222296,3,True,1788804165.218089,
bind,nsec3,nonexistent.test-nsec3.example,cold,5505249,3,True,1788804165.2237206,
bind,nsec3,nonexistent.test-nsec3.example,cold,7514837,3,True,1788804165.231395,
bind,nsec3,nonexistent.test-nsec3.example,cold,8879025,3,True,1788804165.2404058,
bind,nsec3,nonexistent.test-nsec3.example,cold,6875973,3,True,1788804165.2473736,
bind,nsec3,nonexistent.test-nsec3.example,cold,8550695,3,True,1788804165.2560298,
bind,nsec3,nonexistent.test-nsec3.example,cold,8767015,3,True,1788804165.2649064,
bind,nsec3,nonexistent.test-nsec3.example,cold,7627105,3,True,1788804165.272637,
bind,nsec3,nonexistent.test-nsec3.example,cold,8756718,3,True,1788804165.2814982,
bind,nsec3,nonexistent.test-nsec3.example,cold,6656111,3,True,1788804165.288295,
bind,nsec3,nonexistent.test-nsec3.example,cold,6999647,3,True,1788804165.2957366,
bind,nsec3,nonexistent.test-nsec3.example,cold,5244026,3,True,1788804165.3012047,
bind,nsec3,nonexistent.test-nsec3.example,cold,5916315,3,True,1788804165.3072596,
bind,nsec3,nonexistent.test-nsec3.example,cold,7460387,3,True,1788804165.3149533,
bind,nsec3,nonexistent.test-nsec3.example,cold,6862035,3,True,1788804165.3219788,
bind,nsec3,nonexistent.test-nsec3.example,cold,5622676,3,True,1788804165.327704,
bind,nsec3,nonexistent.test-nsec3.example,cold,6568279,3,True,1788804165.3343792,
bind,nsec3,nonexistent.test-nsec3.example,cold,7287976,3,True,1788804165.3417695,
bind,nsec3,nonexistent.test-nsec3.example,cold,6054300,3,True,1788804165.3479257,
bind,nsec3,nonexistent.test-nsec3.example,cold,4873271,3,True,1788804165.352921,
bind,nsec3,nonexistent.test-nsec3.example,cold,6811190,3,True,1788804165.3598313,
bind,nsec3,nonexistent.test-nsec3.example,cold,6196020,3,True,1788804165.3661408,
bind,nsec3,nonexistent.test-nsec3.example,cold,5699868,3,True,1788804165.3719501,
bind,nsec3,nonexistent.test-nsec3.example,cold,4990566,3,True,1788804165.3770227,
bind,nsec3,nonexistent.test-nsec3.example,cold,4880355,3,True,1788804165.3820043,
bind,nsec3,nonexistent.test-nsec3.example,cold,5348003,3,True,1788804165.3874547,
bind,nsec3,nonexistent.test-nsec3.example,cold,4103706,3,True,1788804165.391709,
bind,nsec3,nonexistent.test-nsec3.example,cold,6608942,3,True,1788804165.398428,
bind,nsec3,nonexistent.test-nsec3.example,cold,5173146,3,True,1788804165.4037254,
bind,nsec3,nonexistent.test-nsec3.example,cold,4123985,3,True,1788804165.407943,
bind,nsec3,nonexistent.test-nsec3.example,cold,4167941,3,True,1788804165.4122183,
bind,nsec3,nonexistent.test-nsec3.example,cold,5087016,3,True,1788804165.4174,
bind,nsec3,nonexistent.test-nsec3.example,cold,4469457,3,True,1788804165.4219582,
bind,nsec3,nonexistent.test-nsec3.example,cold,5164816,3,True,1788804165.4272153,
bind,nsec3,nonexistent.test-nsec3.example,cold,4059279,3,True,1788804165.4313738,
bind,nsec3,nonexistent.test-nsec3.example,cold,5661539,3,True,1788804165.4371257,
bind,nsec3,nonexistent.test-nsec3.example,cold,4739233,3,True,1788804165.4419754,
bind,nsec3,nonexistent.test-nsec3.example,cold,3963305,3,True,1788804165.4462066,
bind,nsec3,nonexistent.test-nsec3.example,cold,4149967,3,True,1788804165.450433,
bind,nsec3,nonexistent.test-nsec3.example,cold,4613272,3,True,1788804165.455137,
bind,nsec3,nonexistent.test-nsec3.example,cold,4524330,3,True,1788804165.4597328,
bind,nsec3,nonexistent.test-nsec3.example,cold,4420517,3,True,1788804165.464225,
bind,nsec3,nonexistent.test-nsec3.example,cold,6388237,3,True,1788804165.4706862,
bind,nsec3,nonexistent.test-nsec3.example,cold,4803980,3,True,1788804165.4757218,
bind,nsec3,nonexistent.test-nsec3.example,cold,5247080,3,True,1788804165.4810762,
bind,nsec3,nonexistent.test-nsec3.example,cold,4318236,3,True,1788804165.4854963,
bind,nsec3,nonexistent.test-nsec3.example,cold,3957140,3,True,1788804165.4895458,
bind,nsec3,nonexistent.test-nsec3.example,cold,4866642,3,True,1788804165.4944832,
bind,nsec3,nonexistent.test-nsec3.example,cold,6911863,3,True,1788804165.5015044,
bind,nsec3,nonexistent.test-nsec3.example,cold,6524020,3,True,1788804165.5081563,
bind,nsec3,nonexistent.test-nsec3.example,cold,8615391,3,True,1788804165.5169008,
bind,nsec3,nonexistent.test-nsec3.example,cold,14971348,3,True,1788804165.5319664,
bind,nsec3,nonexistent.test-nsec3.example,cold,6143019,3,True,1788804165.5382175,
bind,nsec3,nonexistent.test-nsec3.example,cold,6312580,3,True,1788804165.5446336,
bind,nsec3,nonexistent.test-nsec3.example,cold,6604567,3,True,1788804165.5513442,
bind,nsec3,nonexistent.test-nsec3.example,cold,5638474,3,True,1788804165.557155,
bind,nsec3,nonexistent.test-nsec3.example,cold,4640943,3,True,1788804165.5618775,
bind,nsec3,nonexistent.test-nsec3.example,cold,3728139,3,True,1788804165.5658007,
bind,nsec3,nonexistent.test-nsec3.example,cold,5008365,3,True,1788804165.5709012,
bind,nsec3,nonexistent.test-nsec3.example,cold,4525912,3,True,1788804165.5755062,
bind,nsec3,nonexistent.test-nsec3.example,cold,3753652,3,True,1788804165.5793571,
bind,nsec3,nonexistent.test-nsec3.example,cold,4042880,3,True,1788804165.5834968,
bind,nsec3,nonexistent.test-nsec3.example,cold,4208701,3,True,1788804165.5878232,
bind,nsec3,nonexistent.test-nsec3.example,cold,4114326,3,True,1788804165.592042,
bind,nsec3,nonexistent.test-nsec3.example,cold,4411070,3,True,1788804165.5965626,
bind,nsec3,nonexistent.test-nsec3.example,cold,3783487,3,True,1788804165.6004338,
bind,nsec3,nonexistent.test-nsec3.example,cold,5391284,3,True,1788804165.605909,
bind,nsec3,nonexistent.test-nsec3.example,cold,4984081,3,True,1788804165.6110065,
bind,nsec3,nonexistent.test-nsec3.example,cold,6521821,3,True,1788804165.6176229,
bind,nsec3,nonexistent.test-nsec3.example,cold,4532657,3,True,1788804165.6222672,
bind,nsec3,nonexistent.test-nsec3.example,cold,4504680,3,True,1788804165.626888,
bind,nsec3,nonexistent.test-nsec3.example,cold,3903980,3,True,1788804165.6308727,
bind,nsec3,nonexistent.test-nsec3.example,cold,5104390,3,True,1788804165.6360757,
bind,nsec3,nonexistent.test-nsec3.example,cold,3635962,3,True,1788804165.6397977,
bind,nsec3,nonexistent.test-nsec3.example,cold,3548238,3,True,1788804165.6434395,
bind,nsec3,nonexistent.test-nsec3.example,cold,3655996,3,True,1788804165.6471915,
bind,nsec3,nonexistent.test-nsec3.example,cold,4881544,3,True,1788804165.6521559,
bind,nsec3,nonexistent.test-nsec3.example,cold,4093756,3,True,1788804165.6563423,
bind,nsec3,nonexistent.test-nsec3.example,cold,3630497,3,True,1788804165.6600688,
bind,nsec3,nonexistent.test-nsec3.example,cold,4752829,3,True,1788804165.6649184,
bind,nsec3,nonexistent.test-nsec3.example,cold,4387671,3,True,1788804165.6696599,
bind,nsec3,nonexistent.test-nsec3.example,cold,5756100,3,True,1788804165.6756606,
bind,nsec3,nonexistent.test-nsec3.example,cold,5515605,3,True,1788804165.6814442,
bind,nsec3,nonexistent.test-nsec3.example,cold,5870686,3,True,1788804165.6874008,
bind,nsec3,nonexistent.test-nsec3.example,cold,4051237,3,True,1788804165.6915543,
bind,nsec3,nonexistent.test-nsec3.example,cold,4089045,3,True,1788804165.6957586,
bind,nsec3,nonexistent.test-nsec3.example,cold,4380677,3,True,1788804165.7002463,
bind,nsec3,nonexistent.test-nsec3.example,cold,5267952,3,True,1788804165.705618,
bind,nsec3,nonexistent.test-nsec3.example,cold,5613064,3,True,1788804165.711348,
bind,nsec3,nonexistent.test-nsec3.example,cold,5422618,3,True,1788804165.716882,
bind,nsec3,nonexistent.test-nsec3.example,cold,4403306,3,True,1788804165.7214344,
bind,nsec3,nonexistent.test-nsec3.example,cold,4141644,3,True,1788804165.72569,
bind,nsec3,nonexistent.test-nsec3.example,cold,3671532,3,True,1788804165.7294598,
bind,nsec3,nonexistent.test-nsec3.example,cold,5097147,3,True,1788804165.734644,
bind,nsec3,nonexistent.test-nsec3.example,cold,4061813,3,True,1788804165.7387908,
bind,nsec3,nonexistent.test-nsec3.example,cold,4249507,3,True,1788804165.7431867,
bind,nsec3,nonexistent.test-nsec3.example,cold,4239477,3,True,1788804165.7475266,
bind,nsec3,nonexistent.test-nsec3.example,cold,4606421,3,True,1788804165.752231,
bind,nsec3,nonexistent.test-nsec3.example,cold,3941575,3,True,1788804165.7562726,
bind,nsec3,nonexistent.test-nsec3.example,cold,3953172,3,True,1788804165.7603397,
bind,nsec3,nonexistent.test-nsec3.example,cold,3836749,3,True,1788804165.7642765,
bind,nsec3,nonexistent.test-nsec3.example,cold,5481913,3,True,1788804165.7698612,
bind,nsec3,nonexistent.test-nsec3.example,cold,4159608,3,True,1788804165.7742991,
bind,nsec3,nonexistent.test-nsec3.example,cold,3770345,3,True,1788804165.7781947,
bind,nsec3,nonexistent.test-nsec3.example,cold,4276740,3,True,1788804165.7826684,
bind,nsec3,nonexistent.test-nsec3.example,cold,3819665,3,True,1788804165.786592,
bind,nsec3,nonexistent.test-nsec3.example,cold,6874283,3,True,1788804165.7935727,
bind,nsec3,nonexistent.test-nsec3.example,cold,6078711,3,True,1788804165.7998016,
bind,nsec3,nonexistent.test-nsec3.example,cold,3850466,3,True,1788804165.8037581,
bind,nsec3,nonexistent.test-nsec3.example,cold,4940877,3,True,1788804165.8087873,
bind,nsec3,nonexistent.test-nsec3.example,cold,4992299,3,True,1788804165.8138676,
bind,nsec3,nonexistent.test-nsec3.example,cold,4873510,3,True,1788804165.81883,
bind,nsec3,nonexistent.test-nsec3.example,cold,3868772,3,True,1788804165.8227859,
bind,nsec3,nonexistent.test-nsec3.example,cold,4851425,3,True,1788804165.8277693,
bind,nsec3,nonexistent.test-nsec3.example,cold,4788995,3,True,1788804165.832645,
bind,nsec3,nonexistent.test-nsec3.example,cold,5155376,3,True,1788804165.8378909,
bind,nsec3,nonexistent.test-nsec3.example,cold,4022019,3,True,1788804165.8419986,
bind,nsec3,nonexistent.test-nsec3.example,cold,3957005,3,True,1788804165.8460546,
bind,nsec3,nonexistent.test-nsec3.example,cold,3844975,3,True,1788804165.8499947,
bind,nsec3,nonexistent.test-nsec3.example,cold,4941143,3,True,1788804165.8550367,
bind,nsec3,nonexistent.test-nsec3.example,cold,5579694,3,True,1788804165.8607302,
bind,nsec3,nonexistent.test-nsec3.example,cold,5043750,3,True,1788804165.8658679,
bind,nsec3,nonexistent.test-nsec3.example,cold,5415123,3,True,1788804165.8713865,
bind,nsec3,nonexistent.test-nsec3.example,cold,3886409,3,True,1788804165.8753893,
bind,nsec3,nonexistent.test-nsec3.example,cold,5810153,3,True,1788804165.8813317,
bind,nsec3,nonexistent.test-nsec3.example,cold,4186934,3,True,1788804165.8856075,
bind,nsec3,nonexistent.test-nsec3.example,cold,5755940,3,True,1788804165.891466,
bind,nsec3,nonexistent.test-nsec3.example,cold,5663965,3,True,1788804165.897244,
bind,nsec3,nonexistent.test-nsec3.example,cold,12153691,3,True,1788804165.9094954,
bind,nsec3,nonexistent.test-nsec3.example,cold,7448128,3,True,1788804165.9170523,
bind,nsec3,nonexistent.test-nsec3.example,cold,3000591,3,True,1788804165.9201846,
bind,nsec3,nonexistent.test-nsec3.example,cold,1291972,3,True,1788804165.9216619,
bind,nsec3,nonexistent.test-nsec3.example,cold,3908929,3,True,1788804165.9256504,
bind,nsec3,nonexistent.test-nsec3.example,cold,1099655,3,True,1788804165.926935,
bind,nsec3,nonexistent.test-nsec3.example,cold,937368,3,True,1788804165.928104,
bind,nsec3,nonexistent.test-nsec3.example,cold,1200041,3,True,1788804165.9294493,
bind,nsec3,nonexistent.test-nsec3.example,cold,1072696,3,True,1788804165.9306054,
bind,nsec3,nonexistent.test-nsec3.example,cold,1097071,3,True,1788804165.9319377,
bind,nsec3,nonexistent.test-nsec3.example,cold,1105872,3,True,1788804165.9331234,
bind,nsec3,nonexistent.test-nsec3.example,cold,1651154,3,True,1788804165.9348478,
bind,nsec3,nonexistent.test-nsec3.example,cold,1096560,3,True,1788804165.9360454,
bind,nsec3,nonexistent.test-nsec3.example,cold,1026756,3,True,1788804165.9371507,
bind,nsec3,nonexistent.test-nsec3.example,cold,1041520,3,True,1788804165.9382777,
bind,nsec3,nonexistent.test-nsec3.example,cold,875763,3,True,1788804165.9392605,
bind,nsec3,nonexistent.test-nsec3.example,cold,982774,3,True,1788804165.9403195,
bind,nsec3,nonexistent.test-nsec3.example,cold,849169,3,True,1788804165.9412425,
bind,nsec3,nonexistent.test-nsec3.example,cold,880784,3,True,1788804165.9421978,
bind,nsec3,nonexistent.test-nsec3.example,cold,779220,3,True,1788804165.943051,
bind,nsec3,nonexistent.test-nsec3.example,cold,762860,3,True,1788804165.94399,
bind,nsec3,nonexistent.test-nsec3.example,cold,759822,3,True,1788804165.9448185,
bind,nsec3,nonexistent.test-nsec3.example,cold,1182703,3,True,1788804165.9460819,
bind,nsec3,nonexistent.test-nsec3.example,cold,1015569,3,True,1788804165.947182,
bind,nsec3,nonexistent.test-nsec3.example,cold,1324623,3,True,1788804165.9485817,
bind,nsec3,nonexistent.test-nsec3.example,cold,1571195,3,True,1788804165.9502378,
bind,nsec3,nonexistent.test-nsec3.example,cold,1332303,3,True,1788804165.9516897,
bind,nsec3,nonexistent.test-nsec3.example,cold,1574357,3,True,1788804165.9533548,
bind,nsec3,nonexistent.test-nsec3.example,cold,1823091,3,True,1788804165.955257,
bind,nsec3,nonexistent.test-nsec3.example,cold,1721608,3,True,1788804165.9570677,
bind,nsec3,nonexistent.test-nsec3.example,cold,3357640,3,True,1788804165.9605606,
bind,nsec3,nonexistent.test-nsec3.example,cold,2407083,3,True,1788804165.9632187,
bind,nsec3,nonexistent.test-nsec3.example,cold,1619558,3,True,1788804165.964986,
bind,nsec3,nonexistent.test-nsec3.example,cold,1334432,3,True,1788804165.966523,
bind,nsec3,nonexistent.test-nsec3.example,cold,2892158,3,True,1788804165.9695094,
bind,nsec3,nonexistent.test-nsec3.example,cold,2401537,3,True,1788804165.97203,
bind,nsec3,nonexistent.test-nsec3.example,cold,2743549,3,True,1788804165.975174,
bind,nsec3,nonexistent.test-nsec3.example,cold,1503934,3,True,1788804165.9767857,
bind,nsec3,nonexistent.test-nsec3.example,cold,928036,3,True,1788804165.9778666,
bind,nsec3,nonexistent.test-nsec3.example,cold,4055117,3,True,1788804165.9820397,
bind,nsec3,nonexistent.test-nsec3.example,cold,1479975,3,True,1788804165.9836392,
bind,nsec3,nonexistent.test-nsec3.example,cold,1985919,3,True,1788804165.985795,
bind,nsec3,nonexistent.test-nsec3.example,cold,1997354,3,True,1788804165.9880347,
bind,nsec3,nonexistent.test-nsec3.example,cold,3012622,3,True,1788804165.9912093,
bind,nsec3,nonexistent.test-nsec3.example,cold,1164650,3,True,1788804165.9925382,
bind,nsec3,nonexistent.test-nsec3.example,cold,1780240,3,True,1788804165.9944174,
bind,nsec3,nonexistent.test-nsec3.example,cold,1402663,3,True,1788804165.9959323,
bind,nsec3,nonexistent.test-nsec3.example,cold,1554987,3,True,1788804165.9975736,
bind,nsec3,nonexistent.test-nsec3.example,cold,1817042,3,True,1788804165.9994807,
bind,nsec3,nonexistent.test-nsec3.example,cold,1894817,3,True,1788804166.0015712,
bind,nsec3,nonexistent.test-nsec3.example,cold,3100246,3,True,1788804166.004787,
bind,nsec3,nonexistent.test-nsec3.example,cold,1669806,3,True,1788804166.0065904,
bind,nsec3,nonexistent.test-nsec3.example,cold,3355605,3,True,1788804166.0104167,
bind,nsec3,nonexistent.test-nsec3.example,cold,5215410,3,True,1788804166.0157545,
bind,nsec3,nonexistent.test-nsec3.example,cold,3250056,3,True,1788804166.0191467,
bind,nsec3,nonexistent.test-nsec3.example,cold,1534978,3,True,1788804166.0208063,
bind,nsec3,nonexistent.test-nsec3.example,cold,1686626,3,True,1788804166.0225985,
bind,nsec3,nonexistent.test-nsec3.example,cold,1725665,3,True,1788804166.024699,
bind,nsec3,nonexistent.test-nsec3.example,cold,1476730,3,True,1788804166.0263665,
bind,nsec3,nonexistent.test-nsec3.example,cold,1063875,3,True,1788804166.0278337,
bind,nsec3,nonexistent.test-nsec3.example,cold,3620948,3,True,1788804166.0315418,
bind,nsec3,nonexistent.test-nsec3.example,cold,1041235,3,True,1788804166.032798,
bind,nsec3,nonexistent.test-nsec3.example,cold,882912,3,True,1788804166.0337596,
bind,nsec3,nonexistent.test-nsec3.example,cold,2529187,3,True,1788804166.0363557,
bind,nsec3,nonexistent.test-nsec3.example,cold,1888271,3,True,1788804166.0386584,
bind,nsec3,nonexistent.test-nsec3.example,cold,1176914,3,True,1788804166.0399518,
bind,nsec3,nonexistent.test-nsec3.example,cold,897979,3,True,1788804166.0409462,
bind,nsec3,nonexistent.test-nsec3.example,cold,917866,3,True,1788804166.0419319,
bind,nsec3,nonexistent.test-nsec3.example,cold,947800,3,True,1788804166.0429792,
bind,nsec3,nonexistent.test-nsec3.example,cold,1021158,3,True,1788804166.0440707,
bind,nsec3,nonexistent.test-nsec3.example,cold,887140,3,True,1788804166.045031,
bind,nsec3,nonexistent.test-nsec3.example,cold,732493,3,True,1788804166.0458777,
bind,nsec3,nonexistent.test-nsec3.example,cold,752680,3,True,1788804166.046694,
bind,nsec3,nonexistent.test-nsec3.example,cold,737818,3,True,1788804166.0474916,
bind,nsec3,nonexistent.test-nsec3.example,cold,757281,3,True,1788804166.0483124,
bind,nsec3,nonexistent.test-nsec3.example,cold,756164,3,True,1788804166.0491328,
bind,nsec3,nonexistent.test-nsec3.example,cold,709270,3,True,1788804166.0499032,
bind,nsec3,nonexistent.test-nsec3.example,cold,781561,3,True,1788804166.0507534,
bind,nsec3,nonexistent.test-nsec3.example,cold,724197,3,True,1788804166.0515387,
bind,nsec3,nonexistent.test-nsec3.example,cold,701308,3,True,1788804166.0523422,
bind,nsec3,nonexistent.test-nsec3.example,cold,806763,3,True,1788804166.0532157,
bind,nsec3,nonexistent.test-nsec3.example,cold,735131,3,True,1788804166.0540128,
bind,nsec3,nonexistent.test-nsec3.example,cold,826833,3,True,1788804166.0549016,
bind,nsec3,nonexistent.test-nsec3.example,cold,755440,3,True,1788804166.0557225,
bind,nsec3,nonexistent.test-nsec3.example,cold,773130,3,True,1788804166.0566227,
bind,nsec3,nonexistent.test-nsec3.example,cold,796859,3,True,1788804166.0574906,
bind,nsec3,nonexistent.test-nsec3.example,cold,717468,3,True,1788804166.0582707,
bind,nsec3,nonexistent.test-nsec3.example,cold,761211,3,True,1788804166.059091,
bind,nsec3,nonexistent.test-nsec3.example,cold,672038,3,True,1788804166.0598242,
bind,nsec3,nonexistent.test-nsec3.example,cold,718888,3,True,1788804166.0606096,
bind,nsec3,nonexistent.test-nsec3.example,cold,661219,3,True,1788804166.0613308,
bind,nsec3,nonexistent.test-nsec3.example,cold,621637,3,True,1788804166.0620062,
bind,nsec3,nonexistent.test-nsec3.example,cold,683590,3,True,1788804166.0627441,
bind,nsec3,nonexistent.test-nsec3.example,cold,662488,3,True,1788804166.0634565,
bind,nsec3,nonexistent.test-nsec3.example,cold,658972,3,True,1788804166.064167,
bind,nsec3,nonexistent.test-nsec3.example,cold,683619,3,True,1788804166.0649052,
bind,nsec3,nonexistent.test-nsec3.example,cold,702568,3,True,1788804166.0656624,
bind,nsec3,nonexistent.test-nsec3.example,cold,606457,3,True,1788804166.0663216,
bind,nsec3,nonexistent.test-nsec3.example,cold,734568,3,True,1788804166.06718,
bind,nsec3,nonexistent.test-nsec3.example,cold,3006211,3,True,1788804166.0702512,
bind,nsec3,nonexistent.test-nsec3.example,cold,927751,3,True,1788804166.0712807,
bind,nsec3,nonexistent.test-nsec3.example,cold,679379,3,True,1788804166.072029,
bind,nsec3,nonexistent.test-nsec3.example,cold,718952,3,True,1788804166.0728002,
bind,nsec3,nonexistent.test-nsec3.example,cold,698662,3,True,1788804166.07357,
bind,nsec3,nonexistent.test-nsec3.example,cold,835404,3,True,1788804166.0744696,
bind,nsec3,nonexistent.test-nsec3.example,cold,1484266,3,True,1788804166.07603,
bind,nsec3,nonexistent.test-nsec3.example,cold,917465,3,True,1788804166.0770245,
bind,nsec3,nonexistent.test-nsec3.example,cold,878756,3,True,1788804166.0779817,
bind,nsec3,nonexistent.test-nsec3.example,cold,771837,3,True,1788804166.0789466,
bind,nsec3,nonexistent.test-nsec3.example,cold,687804,3,True,1788804166.0797076,
bind,nsec3,nonexistent.test-nsec3.example,cold,835531,3,True,1788804166.0806103,
bind,nsec3,nonexistent.test-nsec3.example,cold,838272,3,True,1788804166.0815253,
bind,nsec3,nonexistent.test-nsec3.example,cold,707008,3,True,1788804166.0823696,
bind,nsec3,nonexistent.test-nsec3.example,cold,704243,3,True,1788804166.0832038,
bind,nsec3,nonexistent.test-nsec3.example,cold,690513,3,True,1788804166.0839577,
bind,nsec3,nonexistent.test-nsec3.example,cold,710074,3,True,1788804166.0847294,
bind,nsec3,nonexistent.test-nsec3.example,cold,5132792,3,True,1788804166.0899374,
bind,nsec3,nonexistent.test-nsec3.example,cold,890829,3,True,1788804166.0909162,
bind,nsec3,nonexistent.test-nsec3.example,cold,847785,3,True,1788804166.0918398,
bind,nsec3,nonexistent.test-nsec3.example,cold,774923,3,True,1788804166.0926883,
bind,nsec3,nonexistent.test-nsec3.example,cold,686237,3,True,1788804166.0934446,
bind,nsec3,nonexistent.test-nsec3.example,cold,750772,3,True,1788804166.0942564,
bind,nsec3,nonexistent.test-nsec3.example,cold,792693,3,True,1788804166.0951045,
bind,nsec3,nonexistent.test-nsec3.example,cold,656882,3,True,1788804166.095816,
bind,nsec3,nonexistent.test-nsec3.example,cold,774999,3,True,1788804166.0966508,
bind,nsec3,nonexistent.test-nsec3.example,cold,686643,3,True,1788804166.0974057,
bind,nsec3,nonexistent.test-nsec3.example,cold,700256,3,True,1788804166.0981684,
bind,nsec3,nonexistent.test-nsec3.example,cold,658821,3,True,1788804166.09897,
bind,nsec3,nonexistent.test-nsec3.example,cold,649599,3,True,1788804166.0996835,
bind,nsec3,nonexistent.test-nsec3.example,cold,1504542,3,True,1788804166.1012497,
bind,nsec3,nonexistent.test-nsec3.example,cold,915517,3,True,1788804166.1022372,
bind,nsec3,nonexistent.test-nsec3.example,cold,853971,3,True,1788804166.1031585,
bind,nsec3,nonexistent.test-nsec3.example,cold,678449,3,True,1788804166.1039062,
bind,nsec3,nonexistent.test-nsec3.example,cold,685432,3,True,1788804166.1046588,
bind,nsec3,nonexistent.test-nsec3.example,cold,857462,3,True,1788804166.1055825,
bind,nsec3,nonexistent.test-nsec3.example,cold,891302,3,True,1788804166.1065402,
bind,nsec3,nonexistent.test-nsec3.example,cold,1153446,3,True,1788804166.1077724,
bind,nsec3,nonexistent.test-nsec3.example,cold,827419,3,True,1788804166.108679,
bind,nsec3,nonexistent.test-nsec3.example,cold,860843,3,True,1788804166.1096196,
bind,nsec3,nonexistent.test-nsec3.example,cold,909336,3,True,1788804166.1106024,
bind,nsec3,nonexistent.test-nsec3.example,cold,907671,3,True,1788804166.1115801,
bind,nsec3,nonexistent.test-nsec3.example,cold,2483962,3,True,1788804166.1141162,
bind,nsec3,nonexistent.test-nsec3.example,cold,924904,3,True,1788804166.1151252,
bind,nsec3,nonexistent.test-nsec3.example,cold,1034782,3,True,1788804166.1162262,
bind,nsec3,nonexistent.test-nsec3.example,cold,1008617,3,True,1788804166.1173053,
bind,nsec3,nonexistent.test-nsec3.example,cold,1112098,3,True,1788804166.1185997,
bind,nsec3,nonexistent.test-nsec3.example,cold,906152,3,True,1788804166.1196682,
bind,nsec3,nonexistent.test-nsec3.example,cold,757471,3,True,1788804166.1204994,
bind,nsec3,nonexistent.test-nsec3.example,cold,801461,3,True,1788804166.1213717,
bind,nsec3,nonexistent.test-nsec3.example,cold,658297,3,True,1788804166.1220887,
bind,nsec3,nonexistent.test-nsec3.example,cold,1033568,3,True,1788804166.123188,
bind,nsec3,nonexistent.test-nsec3.example,cold,977330,3,True,1788804166.1242437,
bind,nsec3,nonexistent.test-nsec3.example,cold,972779,3,True,1788804166.1253545,
bind,nsec3,nonexistent.test-nsec3.example,cold,1017155,3,True,1788804166.1264794,
bind,nsec3,nonexistent.test-nsec3.example,cold,1370192,3,True,1788804166.1279428,
bind,nsec3,nonexistent.test-nsec3.example,cold,856934,3,True,1788804166.12888,
bind,nsec3,nonexistent.test-nsec3.example,cold,779062,3,True,1788804166.1297297,
bind,nsec3,nonexistent.test-nsec3.example,cold,816278,3,True,1788804166.1306157,
bind,nsec3,nonexistent.test-nsec3.example,cold,643800,3,True,1788804166.1313272,
bind,nsec3,nonexistent.test-nsec3.example,cold,775272,3,True,1788804166.1321738,
bind,nsec3,nonexistent.test-nsec3.example,cold,730007,3,True,1788804166.1329706,
bind,nsec3,nonexistent.test-nsec3.example,cold,750481,3,True,1788804166.133777,
bind,nsec3,nonexistent.test-nsec3.example,cold,852464,3,True,1788804166.134687,
bind,nsec3,nonexistent.test-nsec3.example,cold,726417,3,True,1788804166.1354825,
bind,nsec3,nonexistent.test-nsec3.example,cold,680690,3,True,1788804166.1362226,
bind,nsec3,nonexistent.test-nsec3.example,cold,782439,3,True,1788804166.1370695,
bind,nsec3,nonexistent.test-nsec3.example,cold,745668,3,True,1788804166.1378634,
bind,nsec3,nonexistent.test-nsec3.example,cold,764766,3,True,1788804166.1386914,
bind,nsec3,nonexistent.test-nsec3.example,cold,648182,3,True,1788804166.1393907,
bind,nsec3,nonexistent.test-nsec3.example,cold,709725,3,True,1788804166.1401625,
bind,nsec3,nonexistent.test-nsec3.example,cold,785868,3,True,1788804166.1410048,
bind,nsec3,nonexistent.test-nsec3.example,cold,717817,3,True,1788804166.1417804,
bind,nsec3,nonexistent.test-nsec3.example,cold,719176,3,True,1788804166.1425636,
bind,nsec3,nonexistent.test-nsec3.example,cold,676368,3,True,1788804166.143309,
bind,nsec3,nonexistent.test-nsec3.example,cold,609854,3,True,1788804166.1440208,
bind,nsec3,nonexistent.test-nsec3.example,cold,585144,3,True,1788804166.1447036,
bind,nsec3,nonexistent.test-nsec3.example,cold,610146,3,True,1788804166.1454127,
bind,nsec3,nonexistent.test-nsec3.example,cold,730083,3,True,1788804166.146243,
bind,nsec3,nonexistent.test-nsec3.example,cold,775329,3,True,1788804166.1470718,
bind,nsec3,nonexistent.test-nsec3.example,cold,724797,3,True,1788804166.1479266,
bind,nsec3,nonexistent.test-nsec3.example,cold,654623,3,True,1788804166.148641,
bind,nsec3,nonexistent.test-nsec3.example,cold,704235,3,True,1788804166.1494222,
bind,nsec3,nonexistent.test-nsec3.example,cold,733956,3,True,1788804166.15022,
bind,nsec3,nonexistent.test-nsec3.example,cold,831738,3,True,1788804166.151328,
bind,nsec3,nonexistent.test-nsec3.example,cold,749512,3,True,1788804166.1521397,
bind,nsec3,nonexistent.test-nsec3.example,cold,723739,3,True,1788804166.1529305,
bind,nsec3,nonexistent.test-nsec3.example,cold,1094928,3,True,1788804166.1540914,
bind,nsec3,nonexistent.test-nsec3.example,cold,1134696,3,True,1788804166.1553104,
bind,nsec3,nonexistent.test-nsec3.example,cold,860422,3,True,1788804166.1562548,
bind,nsec3,nonexistent.test-nsec3.example,cold,1007701,3,True,1788804166.157409,
bind,nsec3,nonexistent.test-nsec3.example,cold,948208,3,True,1788804166.1584418,
bind,nsec3,nonexistent.test-nsec3.example,cold,750353,3,True,1788804166.159352,
bind,nsec3,nonexistent.test-nsec3.example,cold,738323,3,True,1788804166.1601517,
bind,nsec3,nonexistent.test-nsec3.example,cold,705569,3,True,1788804166.1609168,
bind,nsec3,nonexistent.test-nsec3.example,cold,681911,3,True,1788804166.1616635,
bind,nsec3,nonexistent.test-nsec3.example,cold,809115,3,True,1788804166.162535,
bind,nsec3,nonexistent.test-nsec3.example,cold,678978,3,True,1788804166.1632755,
bind,nsec3,nonexistent.test-nsec3.example,cold,750332,3,True,1788804166.164084,
bind,nsec3,nonexistent.test-nsec3.example,cold,683915,3,True,1788804166.164835,
bind,nsec3,nonexistent.test-nsec3.example,cold,830240,3,True,1788804166.1657305,
bind,nsec3,nonexistent.test-nsec3.example,cold,919623,3,True,1788804166.1667254,
bind,nsec3,nonexistent.test-nsec3.example,cold,879819,3,True,1788804166.1677375,
bind,nsec3,nonexistent.test-nsec3.example,cold,869558,3,True,1788804166.1686847,
bind,nsec3,nonexistent.test-nsec3.example,cold,1323057,3,True,1788804166.1700795,
bind,nsec3,nonexistent.test-nsec3.example,cold,796167,3,True,1788804166.1709414,
bind,nsec3,nonexistent.test-nsec3.example,cold,685570,3,True,1788804166.1716983,
bind,nsec3,nonexistent.test-nsec3.example,cold,753976,3,True,1788804166.1725202,
bind,nsec3,nonexistent.test-nsec3.example,cold,725826,3,True,1788804166.173325,
bind,nsec3,nonexistent.test-nsec3.example,cold,674716,3,True,1788804166.1741385,
bind,nsec3,nonexistent.test-nsec3.example,cold,714459,3,True,1788804166.1749804,
bind,nsec3,nonexistent.test-nsec3.example,cold,715436,3,True,1788804166.1757622,
bind,nsec3,nonexistent.test-nsec3.example,cold,705753,3,True,1788804166.1765273,
bind,nsec3,nonexistent.test-nsec3.example,cold,748800,3,True,1788804166.177343,
bind,nsec3,nonexistent.test-nsec3.example,cold,727454,3,True,1788804166.1781263,
bind,nsec3,nonexistent.test-nsec3.example,cold,762094,3,True,1788804166.1789453,
bind,nsec3,nonexistent.test-nsec3.example,cold,812831,3,True,1788804166.179827,
bind,nsec3,nonexistent.test-nsec3.example,cold,697261,3,True,1788804166.1805828,
bind,nsec3,nonexistent.test-nsec3.example,cold,707453,3,True,1788804166.1813505,
bind,nsec3,nonexistent.test-nsec3.example,cold,698389,3,True,1788804166.182113,
bind,nsec3,nonexistent.test-nsec3.example,cold,724777,3,True,1788804166.1829026,
bind,nsec3,nonexistent.test-nsec3.example,cold,751179,3,True,1788804166.183711,
bind,nsec3,nonexistent.test-nsec3.example,cold,720597,3,True,1788804166.1845002,
bind,nsec3,nonexistent.test-nsec3.example,cold,760239,3,True,1788804166.1853251,
bind,nsec3,nonexistent.test-nsec3.example,cold,693089,3,True,1788804166.1860762,
bind,nsec3,nonexistent.test-nsec3.example,cold,697666,3,True,1788804166.1868367,
bind,nsec3,nonexistent.test-nsec3.example,cold,4318084,3,True,1788804166.1912205,
bind,nsec3,nonexistent.test-nsec3.example,cold,955781,3,True,1788804166.1922452,
bind,nsec3,nonexistent.test-nsec3.example,cold,791344,3,True,1788804166.193194,
bind,nsec3,nonexistent.test-nsec3.example,cold,935568,3,True,1788804166.1941996,
bind,nsec3,nonexistent.test-nsec3.example,cold,1209418,3,True,1788804166.1954994,
bind,nsec3,nonexistent.test-nsec3.example,cold,836191,3,True,1788804166.19658,
bind,nsec3,nonexistent.test-nsec3.example,cold,773939,3,True,1788804166.197421,
bind,nsec3,nonexistent.test-nsec3.example,cold,919584,3,True,1788804166.1983953,
bind,nsec3,nonexistent.test-nsec3.example,cold,1093592,3,True,1788804166.1995633,
bind,nsec3,nonexistent.test-nsec3.example,cold,1086045,3,True,1788804166.2007258,
bind,nsec3,nonexistent.test-nsec3.example,cold,782712,3,True,1788804166.2015712,
bind,nsec3,nonexistent.test-nsec3.example,cold,672612,3,True,1788804166.2023046,
bind,nsec3,nonexistent.test-nsec3.example,cold,825560,3,True,1788804166.203211,
bind,nsec3,nonexistent.test-nsec3.example,cold,842370,3,True,1788804166.204111,
bind,nsec3,nonexistent.test-nsec3.example,cold,665585,3,True,1788804166.2048402,
bind,nsec3,nonexistent.test-nsec3.example,cold,921863,3,True,1788804166.2058742,
bind,nsec3,nonexistent.test-nsec3.example,cold,971781,3,True,1788804166.2069156,
bind,nsec3,nonexistent.test-nsec3.example,cold,705794,3,True,1788804166.2076926,
bind,nsec3,nonexistent.test-nsec3.example,cold,747521,3,True,1788804166.2085004,
bind,nsec3,nonexistent.test-nsec3.example,cold,674924,3,True,1788804166.2092407,
bind,nsec3,nonexistent.test-nsec3.example,cold,713934,3,True,1788804166.2100165,
bind,nsec3,nonexistent.test-nsec3.example,cold,864598,3,True,1788804166.2109375,
bind,nsec3,nonexistent.test-nsec3.example,cold,677755,3,True,1788804166.2116787,
bind,nsec3,nonexistent.test-nsec3.example,cold,672120,3,True,1788804166.212435,
bind,nsec3,nonexistent.test-nsec3.example,cold,746503,3,True,1788804166.2132998,
bind,nsec3,nonexistent.test-nsec3.example,cold,604382,3,True,1788804166.213964,
bind,nsec3,nonexistent.test-nsec3.example,cold,721905,3,True,1788804166.21474,
bind,nsec3,nonexistent.test-nsec3.example,cold,709246,3,True,1788804166.2155051,
bind,nsec3,nonexistent.test-nsec3.example,cold,664606,3,True,1788804166.2162883,
bind,nsec3,nonexistent.test-nsec3.example,cold,871026,3,True,1788804166.217533,
bind,nsec3,nonexistent.test-nsec3.example,cold,845830,3,True,1788804166.2185776,
bind,nsec3,nonexistent.test-nsec3.example,cold,885271,3,True,1788804166.2195306,
bind,nsec3,nonexistent.test-nsec3.example,cold,678520,3,True,1788804166.2202792,
bind,nsec3,nonexistent.test-nsec3.example,cold,685417,3,True,1788804166.22103,
bind,nsec3,nonexistent.test-nsec3.example,cold,743383,3,True,1788804166.2218344,
bind,nsec3,nonexistent.test-nsec3.example,cold,673476,3,True,1788804166.2225697,
bind,nsec3,nonexistent.test-nsec3.example,cold,698798,3,True,1788804166.2233307,
bind,nsec3,nonexistent.test-nsec3.example,cold,578283,3,True,1788804166.2239707,
bind,nsec3,nonexistent.test-nsec3.example,cold,773441,3,True,1788804166.224804,
bind,nsec3,nonexistent.test-nsec3.example,cold,649886,3,True,1788804166.2255151,
bind,nsec3,nonexistent.test-nsec3.example,cold,801584,3,True,1788804166.226384,
bind,nsec3,nonexistent.test-nsec3.example,cold,671002,3,True,1788804166.227111,
bind,nsec3,nonexistent.test-nsec3.example,cold,3279073,3,True,1788804166.2304566,
bind,nsec3,nonexistent.test-nsec3.example,cold,835977,3,True,1788804166.2313802,
bind,nsec3,nonexistent.test-nsec3.example,cold,753717,3,True,1788804166.232276,
bind,nsec3,nonexistent.test-nsec3.example,cold,814112,3,True,1788804166.2331684,
bind,nsec3,nonexistent.test-nsec3.example,cold,811065,3,True,1788804166.2340457,
bind,nsec3,nonexistent.test-nsec3.example,cold,3660027,3,True,1788804166.2377727,
bind,nsec3,nonexistent.test-nsec3.example,cold,917287,3,True,1788804166.2388363,
bind,nsec3,nonexistent.test-nsec3.example,cold,854192,3,True,1788804166.2397647,
bind,nsec3,nonexistent.test-nsec3.example,cold,749805,3,True,1788804166.2405796,
bind,nsec3,nonexistent.test-nsec3.example,cold,816662,3,True,1788804166.24146,
bind,nsec3,nonexistent.test-nsec3.example,cold,735220,3,True,1788804166.242245,
bind,nsec3,nonexistent.test-nsec3.example,cold,844716,3,True,1788804166.2431438,
bind,nsec3,nonexistent.test-nsec3.example,cold,850833,3,True,1788804166.2440715,
bind,nsec3,nonexistent.test-nsec3.example,cold,970768,3,True,1788804166.2452,
bind,nsec3,nonexistent.test-nsec3.example,cold,820625,3,True,1788804166.2461097,
bind,nsec3,nonexistent.test-nsec3.example,cold,4618511,3,True,1788804166.2508032,
bind,nsec3,nonexistent.test-nsec3.example,cold,906188,3,True,1788804166.2518113,
bind,nsec3,nonexistent.test-nsec3.example,cold,778511,3,True,1788804166.25267,
bind,nsec3,nonexistent.test-nsec3.example,cold,764243,3,True,1788804166.253497,
bind,nsec3,nonexistent.test-nsec3.example,cold,817871,3,True,1788804166.2543755,
bind,nsec3,nonexistent.test-nsec3.example,cold,736188,3,True,1788804166.2551842,
bind,nsec3,nonexistent.test-nsec3.example,cold,801512,3,True,1788804166.2560375,
bind,nsec3,nonexistent.test-nsec3.example,cold,715870,3,True,1788804166.256812,
bind,nsec3,nonexistent.test-nsec3.example,cold,761859,3,True,1788804166.2576275,
bind,nsec3,nonexistent.test-nsec3.example,cold,689147,3,True,1788804166.2583644,
bind,nsec3,nonexistent.test-nsec3.example,cold,713815,3,True,1788804166.259134,
bind,nsec3,nonexistent.test-nsec3.example,cold,669954,3,True,1788804166.2598565,
bind,nsec3,nonexistent.test-nsec3.example,cold,637770,3,True,1788804166.2605548,
bind,nsec3,nonexistent.test-nsec3.example,cold,706267,3,True,1788804166.261312,
bind,nsec3,nonexistent.test-nsec3.example,cold,634599,3,True,1788804166.2619996,
bind,nsec3,nonexistent.test-nsec3.example,cold,716757,3,True,1788804166.2627716,
bind,nsec3,nonexistent.test-nsec3.example,cold,731558,3,True,1788804166.2635698,
bind,nsec3,nonexistent.test-nsec3.example,cold,898058,3,True,1788804166.2645376,
bind,nsec3,nonexistent.test-nsec3.example,cold,872591,3,True,1788804166.265474,
bind,nsec3,nonexistent.test-nsec3.example,cold,881895,3,True,1788804166.26643,
bind,nsec3,nonexistent.test-nsec3.example,cold,947659,3,True,1788804166.2675068,
bind,nsec3,nonexistent.test-nsec3.example,cold,947249,3,True,1788804166.268538,
bind,nsec3,nonexistent.test-nsec3.example,cold,1013237,3,True,1788804166.269745,
bind,nsec3,nonexistent.test-nsec3.example,cold,4830804,3,True,1788804166.2746606,
bind,nsec3,nonexistent.test-nsec3.example,cold,6371670,3,True,1788804166.2811854,
bind,nsec3,nonexistent.test-nsec3.example,cold,3227950,3,True,1788804166.2846208,
bind,nsec3,nonexistent.test-nsec3.example,cold,2378409,3,True,1788804166.2871456,
bind,nsec3,nonexistent.test-nsec3.example,cold,1941958,3,True,1788804166.2891963,
bind,nsec3,nonexistent.test-nsec3.example,cold,1150462,3,True,1788804166.2904391,
bind,nsec3,nonexistent.test-nsec3.example,cold,1748229,3,True,1788804166.292276,
bind,nsec3,nonexistent.test-nsec3.example,cold,1107668,3,True,1788804166.293482,
bind,nsec3,nonexistent.test-nsec3.example,cold,1376842,3,True,1788804166.294939,
bind,nsec3,nonexistent.test-nsec3.example,cold,1189551,3,True,1788804166.2964923,
bind,nsec3,nonexistent.test-nsec3.example,cold,1993752,3,True,1788804166.298559,
bind,nsec3,nonexistent.test-nsec3.example,cold,1054335,3,True,1788804166.2999098,
bind,nsec3,nonexistent.test-nsec3.example,cold,1024106,3,True,1788804166.301022,
bind,nsec3,nonexistent.test-nsec3.example,cold,985065,3,True,1788804166.3020918,
bind,nsec3,nonexistent.test-nsec3.example,cold,1133207,3,True,1788804166.3033023,
bind,nsec3,nonexistent.test-nsec3.example,cold,932955,3,True,1788804166.3043191,
bind,nsec3,nonexistent.test-nsec3.example,cold,1161568,3,True,1788804166.3055553,
bind,nsec3,nonexistent.test-nsec3.example,cold,1186339,3,True,1788804166.3069544,
bind,nsec3,nonexistent.test-nsec3.example,cold,1207007,3,True,1788804166.3082502,
bind,nsec3,nonexistent.test-nsec3.example,cold,991161,3,True,1788804166.3093126,
bind,nsec3,nonexistent.test-nsec3.example,cold,1451894,3,True,1788804166.3110378,
bind,nsec3,nonexistent.test-nsec3.example,cold,1656553,3,True,1788804166.312906,
bind,nsec3,nonexistent.test-nsec3.example,cold,1208554,3,True,1788804166.3142383,
bind,nsec3,nonexistent.test-nsec3.example,cold,1406440,3,True,1788804166.3157332,
bind,nsec3,nonexistent.test-nsec3.example,cold,984401,3,True,1788804166.31681,
bind,nsec3,nonexistent.test-nsec3.example,cold,896317,3,True,1788804166.3177881,
bind,nsec3,nonexistent.test-nsec3.example,cold,990165,3,True,1788804166.3188567,
bind,nsec3,nonexistent.test-nsec3.example,cold,1088063,3,True,1788804166.320017,
bind,nsec3,nonexistent.test-nsec3.example,cold,1075233,3,True,1788804166.3211656,
bind,nsec3,nonexistent.test-nsec3.example,cold,1094041,3,True,1788804166.322504,
bind,nsec3,nonexistent.test-nsec3.example,cold,1043558,3,True,1788804166.3237338,
bind,nsec3,nonexistent.test-nsec3.example,cold,1284469,3,True,1788804166.325102,
bind,nsec3,nonexistent.test-nsec3.example,cold,1389765,3,True,1788804166.3265836,
bind,nsec3,nonexistent.test-nsec3.example,cold,2922428,3,True,1788804166.3296342,
bind,nsec3,nonexistent.test-nsec3.example,cold,2340908,3,True,1788804166.332164,
bind,nsec3,nonexistent.test-nsec3.example,cold,1695571,3,True,1788804166.3339672,
bind,nsec3,nonexistent.test-nsec3.example,cold,4415429,3,True,1788804166.3384914,
bind,nsec3,nonexistent.test-nsec3.example,cold,2871662,3,True,1788804166.341474,
bind,nsec3,nonexistent.test-nsec3.example,cold,1237726,3,True,1788804166.3429124,
bind,nsec3,nonexistent.test-nsec3.example,cold,1566418,3,True,1788804166.3446069,
bind,nsec3,nonexistent.test-nsec3.example,cold,1689085,3,True,1788804166.3463876,
bind,nsec3,nonexistent.test-nsec3.example,cold,7192532,3,True,1788804166.3536735,
bind,nsec3,nonexistent.test-nsec3.example,cold,5645784,3,True,1788804166.3594499,
bind,nsec3,nonexistent.test-nsec3.example,cold,2701491,3,True,1788804166.3622897,
bind,nsec3,nonexistent.test-nsec3.example,cold,1475520,3,True,1788804166.3641796,
bind,nsec3,nonexistent.test-nsec3.example,cold,1090442,3,True,1788804166.3654363,
bind,nsec3,nonexistent.test-nsec3.example,cold,942276,3,True,1788804166.3664732,
bind,nsec3,nonexistent.test-nsec3.example,cold,1132168,3,True,1788804166.3676908,
bind,nsec3,nonexistent.test-nsec3.example,cold,1244322,3,True,1788804166.3690057,
bind,nsec3,nonexistent.test-nsec3.example,cold,1290949,3,True,1788804166.3703918,
bind,nsec3,nonexistent.test-nsec3.example,cold,1011603,3,True,1788804166.371606,
bind,nsec3,nonexistent.test-nsec3.example,cold,1517837,3,True,1788804166.3731966,
bind,nsec3,nonexistent.test-nsec3.example,cold,1330453,3,True,1788804166.3745985,
bind,nsec3,nonexistent.test-nsec3.example,cold,972627,3,True,1788804166.3756495,
bind,nsec3,nonexistent.test-nsec3.example,cold,3062033,3,True,1788804166.3787847,
bind,nsec3,nonexistent.test-nsec3.example,cold,1270340,3,True,1788804166.380152,
bind,nsec3,nonexistent.test-nsec3.example,cold,1117958,3,True,1788804166.3814445,
bind,nsec3,nonexistent.test-nsec3.example,cold,1137877,3,True,1788804166.3826745,
bind,nsec3,nonexistent.test-nsec3.example,cold,951863,3,True,1788804166.3838162,
bind,nsec3,nonexistent.test-nsec3.example,cold,1145804,3,True,1788804166.385119,
bind,nsec3,nonexistent.test-nsec3.example,cold,799576,3,True,1788804166.386005,
bind,nsec3,nonexistent.test-nsec3.example,cold,2845022,3,True,1788804166.3890154,
bind,nsec3,nonexistent.test-nsec3.example,cold,973719,3,True,1788804166.3900704,
bind,nsec3,nonexistent.test-nsec3.example,cold,1197829,3,True,1788804166.3913531,
bind,nsec3,nonexistent.test-nsec3.example,cold,2302557,3,True,1788804166.393777,
bind,nsec3,nonexistent.test-nsec3.example,cold,1842544,3,True,1788804166.395714,
bind,nsec3,nonexistent.test-nsec3.example,cold,1131418,3,True,1788804166.397004,
bind,nsec3,nonexistent.test-nsec3.example,cold,929358,3,True,1788804166.3980148,
bind,nsec3,nonexistent.test-nsec3.example,cold,1023306,3,True,1788804166.399137,
bind,nsec3,nonexistent.test-nsec3.example,cold,1084733,3,True,1788804166.4003236,
bind,nsec3,nonexistent.test-nsec3.example,cold,686969,3,True,1788804166.4011018,
bind,nsec3,nonexistent.test-nsec3.example,cold,823521,3,True,1788804166.4019806,
bind,nsec3,nonexistent.test-nsec3.example,cold,1299513,3,True,1788804166.403339,
bind,nsec3,nonexistent.test-nsec3.example,cold,1144793,3,True,1788804166.4046276,
bind,nsec3,nonexistent.test-nsec3.example,cold,1962700,3,True,1788804166.4067736,
bind,nsec3,nonexistent.test-nsec3.example,cold,1446617,3,True,1788804166.4083364,
bind,nsec3,nonexistent.test-nsec3.example,cold,909720,3,True,1788804166.4093952,
bind,nsec3,nonexistent.test-nsec3.example,cold,966353,3,True,1788804166.4105005,
bind,nsec3,nonexistent.test-nsec3.example,cold,1235017,3,True,1788804166.41568,
bind,nsec3,nonexistent.test-nsec3.example,cold,1110261,3,True,1788804166.4168746,
bind,nsec3,nonexistent.test-nsec3.example,cold,1998263,3,True,1788804166.419002,
bind,nsec3,nonexistent.test-nsec3.example,cold,996093,3,True,1788804166.4203193,
bind,nsec3,nonexistent.test-nsec3.example,cold,2991564,3,True,1788804166.4234624,
bind,nsec3,nonexistent.test-nsec3.example,cold,861383,3,True,1788804166.424427,
bind,nsec3,nonexistent.test-nsec3.example,cold,755366,3,True,1788804166.4253132,
bind,nsec3,nonexistent.test-nsec3.example,cold,1244990,3,True,1788804166.4266431,
bind,nsec3,nonexistent.test-nsec3.example,cold,1131610,3,True,1788804166.4278827,
bind,nsec3,nonexistent.test-nsec3.example,cold,925126,3,True,1788804166.4289534,
bind,nsec3,nonexistent.test-nsec3.example,cold,2138098,3,True,1788804166.4311733,
bind,nsec3,nonexistent.test-nsec3.example,cold,1010287,3,True,1788804166.4322765,
bind,nsec3,nonexistent.test-nsec3.example,cold,873193,3,True,1788804166.4333029,
bind,nsec3,nonexistent.test-nsec3.example,cold,2265886,3,True,1788804166.4356446,
bind,nsec3,nonexistent.test-nsec3.example,cold,904482,3,True,1788804166.436639,
bind,nsec3,nonexistent.test-nsec3.example,cold,1042792,3,True,1788804166.4378257,
bind,nsec3,nonexistent.test-nsec3.example,cold,993084,3,True,1788804166.4389658,
bind,nsec3,nonexistent.test-nsec3.example,cold,872906,3,True,1788804166.439993,
bind,nsec3,nonexistent.test-nsec3.example,cold,718282,3,True,1788804166.4407723,
bind,nsec3,nonexistent.test-nsec3.example,cold,684561,3,True,1788804166.4415169,
bind,nsec3,nonexistent.test-nsec3.example,cold,723375,3,True,1788804166.442385,
bind,nsec3,nonexistent.test-nsec3.example,cold,727308,3,True,1788804166.443169,
bind,nsec3,nonexistent.test-nsec3.example,cold,3395356,3,True,1788804166.4466326,
bind,nsec3,nonexistent.test-nsec3.example,cold,763479,3,True,1788804166.447465,
bind,nsec3,nonexistent.test-nsec3.example,cold,759431,3,True,1788804166.4482906,
bind,nsec3,nonexistent.test-nsec3.example,cold,674532,3,True,1788804166.4490886,
bind,nsec3,nonexistent.test-nsec3.example,cold,781314,3,True,1788804166.4499276,
bind,nsec3,nonexistent.test-nsec3.example,cold,791194,3,True,1788804166.4507816,
bind,nsec3,nonexistent.test-nsec3.example,cold,669084,3,True,1788804166.451515,
bind,nsec3,nonexistent.test-nsec3.example,cold,728414,3,True,1788804166.452299,
bind,nsec3,nonexistent.test-nsec3.example,cold,612244,3,True,1788804166.452973,
bind,nsec3,nonexistent.test-nsec3.example,cold,704306,3,True,1788804166.4537313,
bind,nsec3,nonexistent.test-nsec3.example,cold,726490,3,True,1788804166.4545214,
bind,nsec3,nonexistent.test-nsec3.example,cold,784909,3,True,1788804166.4553676,
bind,nsec3,nonexistent.test-nsec3.example,cold,709452,3,True,1788804166.456141,
bind,nsec3,nonexistent.test-nsec3.example,cold,792354,3,True,1788804166.4569936,
bind,nsec3,nonexistent.test-nsec3.example,cold,785338,3,True,1788804166.4578424,
bind,nsec3,nonexistent.test-nsec3.example,cold,814078,3,True,1788804166.458717,
bind,nsec3,nonexistent.test-nsec3.example,cold,845024,3,True,1788804166.4596312,
bind,nsec3,nonexistent.test-nsec3.example,cold,739485,3,True,1788804166.4604886,
bind,nsec3,nonexistent.test-nsec3.example,cold,726742,3,True,1788804166.4613898,
bind,nsec3,nonexistent.test-nsec3.example,cold,548539,3,True,1788804166.4620283,
bind,nsec3,nonexistent.test-nsec3.example,cold,624505,3,True,1788804166.4627848,
bind,nsec3,nonexistent.test-nsec3.example,cold,616052,3,True,1788804166.4634492,
bind,nsec3,nonexistent.test-nsec3.example,cold,720655,3,True,1788804166.4642162,
bind,nsec3,nonexistent.test-nsec3.example,cold,799746,3,True,1788804166.4650972,
bind,nsec3,nonexistent.test-nsec3.example,cold,1064674,3,True,1788804166.4662426,
bind,nsec3,nonexistent.test-nsec3.example,cold,792443,3,True,1788804166.4671273,
bind,nsec3,nonexistent.test-nsec3.example,cold,694904,3,True,1788804166.4679637,
bind,nsec3,nonexistent.test-nsec3.example,cold,899224,3,True,1788804166.4689364,
bind,nsec3,nonexistent.test-nsec3.example,cold,645181,3,True,1788804166.4696712,
bind,nsec3,nonexistent.test-nsec3.example,cold,803587,3,True,1788804166.4705229,
bind,nsec3,nonexistent.test-nsec3.example,cold,622497,3,True,1788804166.4712071,
bind,nsec3,nonexistent.test-nsec3.example,cold,723637,3,True,1788804166.4719877,
bind,nsec3,nonexistent.test-nsec3.example,cold,765046,3,True,1788804166.4728277,
bind,nsec3,nonexistent.test-nsec3.example,cold,614790,3,True,1788804166.4735074,
bind,nsec3,nonexistent.test-nsec3.example,cold,1582853,3,True,1788804166.4751375,
bind,nsec3,nonexistent.test-nsec3.example,cold,682231,3,True,1788804166.47589,
bind,nsec3,nonexistent.test-nsec3.example,cold,608576,3,True,1788804166.4765677,
bind,nsec3,nonexistent.test-nsec3.example,cold,697307,3,True,1788804166.4773843,
bind,nsec3,nonexistent.test-nsec3.example,cold,808954,3,True,1788804166.478248,
bind,nsec3,nonexistent.test-nsec3.example,cold,1030054,3,True,1788804166.4793382,
bind,nsec3,nonexistent.test-nsec3.example,cold,3776789,3,True,1788804166.483216,
bind,nsec3,nonexistent.test-nsec3.example,cold,1039046,3,True,1788804166.4843626,
bind,nsec3,nonexistent.test-nsec3.example,cold,944856,3,True,1788804166.4853883,
bind,nsec3,nonexistent.test-nsec3.example,cold,810927,3,True,1788804166.4862838,
bind,nsec3,nonexistent.test-nsec3.example,cold,723653,3,True,1788804166.4870858,
bind,nsec3,nonexistent.test-nsec3.example,cold,797370,3,True,1788804166.487977,
bind,nsec3,nonexistent.test-nsec3.example,cold,857776,3,True,1788804166.4888973,
bind,nsec3,nonexistent.test-nsec3.example,cold,710559,3,True,1788804166.4896727,
bind,nsec3,nonexistent.test-nsec3.example,cold,780613,3,True,1788804166.49053,
bind,nsec3,nonexistent.test-nsec3.example,cold,714976,3,True,1788804166.4913197,
bind,nsec3,nonexistent.test-nsec3.example,cold,704640,3,True,1788804166.4921331,
bind,nsec3,nonexistent.test-nsec3.example,cold,724226,3,True,1788804166.4929223,
bind,nsec3,nonexistent.test-nsec3.example,cold,870328,3,True,1788804166.4938567,
bind,nsec3,nonexistent.test-nsec3.example,cold,789120,3,True,1788804166.4947236,
bind,nsec3,nonexistent.test-nsec3.example,cold,742792,3,True,1788804166.4955313,
bind,nsec3,nonexistent.test-nsec3.example,cold,699541,3,True,1788804166.4962938,
bind,nsec3,nonexistent.test-nsec3.example,cold,831661,3,True,1788804166.4971895,
bind,nsec3,nonexistent.test-nsec3.example,cold,710630,3,True,1788804166.4980175,
bind,nsec3,nonexistent.test-nsec3.example,cold,909262,3,True,1788804166.4989877,
bind,nsec3,nonexistent.test-nsec3.example,cold,717354,3,True,1788804166.499762,
bind,nsec3,nonexistent.test-nsec3.example,cold,832617,3,True,1788804166.500654,
bind,nsec3,nonexistent.test-nsec3.example,cold,743931,3,True,1788804166.5014637,
bind,nsec3,nonexistent.test-nsec3.example,cold,696348,3,True,1788804166.50222,
bind,nsec3,nonexistent.test-nsec3.example,cold,738955,3,True,1788804166.5030162,
bind,nsec3,nonexistent.test-nsec3.example,cold,629843,3,True,1788804166.5037055,
bind,nsec3,nonexistent.test-nsec3.example,cold,758463,3,True,1788804166.5045202,
bind,nsec3,nonexistent.test-nsec3.example,cold,677086,3,True,1788804166.5052621,
bind,nsec3,nonexistent.test-nsec3.example,cold,699602,3,True,1788804166.506021,
bind,nsec3,nonexistent.test-nsec3.example,cold,616473,3,True,1788804166.5066931,
bind,nsec3,nonexistent.test-nsec3.example,cold,839244,3,True,1788804166.507598,
bind,nsec3,nonexistent.test-nsec3.example,cold,788813,3,True,1788804166.5084531,
bind,nsec3,nonexistent.test-nsec3.example,cold,928946,3,True,1788804166.5095043,
bind,nsec3,nonexistent.test-nsec3.example,cold,698454,3,True,1788804166.5103266,
bind,nsec3,nonexistent.test-nsec3.example,cold,4537901,3,True,1788804166.5149584,
bind,nsec3,nonexistent.test-nsec3.example,cold,1365367,3,True,1788804166.5172503,
bind,nsec3,nonexistent.test-nsec3.example,cold,1044439,3,True,1788804166.5183961,
bind,nsec3,nonexistent.test-nsec3.example,cold,1023567,3,True,1788804166.5195034,
bind,nsec3,nonexistent.test-nsec3.example,cold,814226,3,True,1788804166.5203915,
bind,nsec3,nonexistent.test-nsec3.example,cold,726373,3,True,1788804166.5211885,
bind,nsec3,nonexistent.test-nsec3.example,cold,811616,3,True,1788804166.5220695,
bind,nsec3,nonexistent.test-nsec3.example,cold,737296,3,True,1788804166.5228715,
bind,nsec3,nonexistent.test-nsec3.example,cold,739669,3,True,1788804166.5236707,
bind,nsec3,nonexistent.test-nsec3.example,cold,670556,3,True,1788804166.524404,
bind,nsec3,nonexistent.test-nsec3.example,cold,649232,3,True,1788804166.5251174,
bind,nsec3,nonexistent.test-nsec3.example,cold,606015,3,True,1788804166.5257876,
bind,nsec3,nonexistent.test-nsec3.example,cold,625452,3,True,1788804166.5264776,
bind,nsec3,nonexistent.test-nsec3.example,cold,687303,3,True,1788804166.5272267,
bind,nsec3,nonexistent.test-nsec3.example,cold,1539624,3,True,1788804166.528839,
bind,nsec3,nonexistent.test-nsec3.example,cold,5301542,3,True,1788804166.5344143,
bind,nsec3,nonexistent.test-nsec3.example,cold,1960395,3,True,1788804166.5364697,
bind,nsec3,nonexistent.test-nsec3.example,cold,1341102,3,True,1788804166.5379167,
bind,nsec3,nonexistent.test-nsec3.example,cold,1321393,3,True,1788804166.5393648,
bind,nsec3,nonexistent.test-nsec3.example,cold,1079739,3,True,1788804166.5405436,
bind,nsec3,nonexistent.test-nsec3.example,cold,1070240,3,True,1788804166.5416865,
bind,nsec3,nonexistent.test-nsec3.example,cold,993328,3,True,1788804166.5427518,
bind,nsec3,nonexistent.test-nsec3.example,cold,1338233,3,True,1788804166.5443237,
bind,nsec3,nonexistent.test-nsec3.example,cold,1300207,3,True,1788804166.5456986,
bind,nsec3,nonexistent.test-nsec3.example,cold,1341835,3,True,1788804166.5471113,
bind,nsec3,nonexistent.test-nsec3.example,cold,800297,3,True,1788804166.5481296,
bind,nsec3,nonexistent.test-nsec3.example,cold,775572,3,True,1788804166.5491018,
bind,nsec3,nonexistent.test-nsec3.example,cold,807824,3,True,1788804166.5501323,
bind,nsec3,nonexistent.test-nsec3.example,cold,777933,3,True,1788804166.550975,
bind,nsec3,nonexistent.test-nsec3.example,cold,896183,3,True,1788804166.5519352,
bind,nsec3,nonexistent.test-nsec3.example,cold,769713,3,True,1788804166.5527694,
bind,nsec3,nonexistent.test-nsec3.example,cold,931755,3,True,1788804166.5537665,
bind,nsec3,nonexistent.test-nsec3.example,cold,818072,3,True,1788804166.5546463,
bind,nsec3,nonexistent.test-nsec3.example,cold,917507,3,True,1788804166.5556254,
bind,nsec3,nonexistent.test-nsec3.example,cold,1187629,3,True,1788804166.5568933,
bind,nsec3,nonexistent.test-nsec3.example,cold,1453411,3,True,1788804166.5584307,
bind,nsec3,nonexistent.test-nsec3.example,cold,1412126,3,True,1788804166.559964,
bind,nsec3,nonexistent.test-nsec3.example,cold,1024651,3,True,1788804166.561064,
bind,nsec3,nonexistent.test-nsec3.example,cold,1063541,3,True,1788804166.5621972,
bind,nsec3,nonexistent.test-nsec3.example,cold,909964,3,True,1788804166.563175,
bind,nsec3,nonexistent.test-nsec3.example,cold,751585,3,True,1788804166.5640004,
bind,nsec3,nonexistent.test-nsec3.example,cold,704428,3,True,1788804166.5649076,
bind,nsec3,nonexistent.test-nsec3.example,cold,747783,3,True,1788804166.565798,
bind,nsec3,nonexistent.test-nsec3.example,cold,806153,3,True,1788804166.5667846,
bind,nsec3,nonexistent.test-nsec3.example,cold,796147,3,True,1788804166.5676723,
bind,nsec3,nonexistent.test-nsec3.example,cold,743096,3,True,1788804166.5684946,
bind,nsec3,nonexistent.test-nsec3.example,cold,840904,3,True,1788804166.5695114,
bind,nsec3,nonexistent.test-nsec3.example,cold,741849,3,True,1788804166.570317,
bind,nsec3,nonexistent.test-nsec3.example,cold,3895400,3,True,1788804166.5743089,
bind,nsec3,nonexistent.test-nsec3.example,cold,1247279,3,True,1788804166.5756872,
bind,nsec3,nonexistent.test-nsec3.example,cold,882220,3,True,1788804166.5767334,
bind,nsec3,nonexistent.test-nsec3.example,cold,798133,3,True,1788804166.577707,
bind,nsec3,nonexistent.test-nsec3.example,cold,848836,3,True,1788804166.5786247,
bind,nsec3,nonexistent.test-nsec3.example,cold,843961,3,True,1788804166.579536,
bind,nsec3,nonexistent.test-nsec3.example,cold,714578,3,True,1788804166.5803742,
bind,nsec3,nonexistent.test-nsec3.example,cold,772558,3,True,1788804166.5812109,
bind,nsec3,nonexistent.test-nsec3.example,cold,716108,3,True,1788804166.581991,
bind,nsec3,nonexistent.test-nsec3.example,cold,679404,3,True,1788804166.5828557,
bind,nsec3,nonexistent.test-nsec3.example,cold,682736,3,True,1788804166.5836763,
bind,nsec3,nonexistent.test-nsec3.example,cold,684575,3,True,1788804166.5844183,
bind,nsec3,nonexistent.test-nsec3.example,cold,722530,3,True,1788804166.5851998,
bind,nsec3,nonexistent.test-nsec3.example,cold,765233,3,True,1788804166.586031,
bind,nsec3,nonexistent.test-nsec3.example,cold,734654,3,True,1788804166.5868304,
bind,nsec3,nonexistent.test-nsec3.example,cold,710123,3,True,1788804166.5876074,
bind,nsec3,nonexistent.test-nsec3.example,cold,709848,3,True,1788804166.5883799,
bind,nsec3,nonexistent.test-nsec3.example,cold,853283,3,True,1788804166.5892959,
bind,nsec3,nonexistent.test-nsec3.example,cold,905345,3,True,1788804166.5902913,
bind,nsec3,nonexistent.test-nsec3.example,cold,1027189,3,True,1788804166.591473,
bind,nsec3,nonexistent.test-nsec3.example,cold,941307,3,True,1788804166.5924945,
bind,nsec3,nonexistent.test-nsec3.example,cold,865844,3,True,1788804166.5935528,
bind,nsec3,nonexistent.test-nsec3.example,cold,795904,3,True,1788804166.59442,
bind,nsec3,nonexistent.test-nsec3.example,cold,1270914,3,True,1788804166.5958395,
bind,nsec3,nonexistent.test-nsec3.example,cold,974254,3,True,1788804166.5969825,
bind,nsec3,nonexistent.test-nsec3.example,cold,1075347,3,True,1788804166.59813,
bind,nsec3,nonexistent.test-nsec3.example,cold,992343,3,True,1788804166.5993028,
bind,nsec3,nonexistent.test-nsec3.example,cold,825076,3,True,1788804166.6002002,
bind,nsec3,nonexistent.test-nsec3.example,cold,762105,3,True,1788804166.6010284,
bind,nsec3,nonexistent.test-nsec3.example,cold,729521,3,True,1788804166.6018212,
bind,nsec3,nonexistent.test-nsec3.example,cold,661656,3,True,1788804166.60254,
bind,nsec3,nonexistent.test-nsec3.example,cold,666130,3,True,1788804166.6032622,
bind,nsec3,nonexistent.test-nsec3.example,cold,768286,3,True,1788804166.6040988,
bind,nsec3,nonexistent.test-nsec3.example,cold,854394,3,True,1788804166.605019,
bind,nsec3,nonexistent.test-nsec3.example,cold,976797,3,True,1788804166.6060607,
bind,nsec3,nonexistent.test-nsec3.example,cold,1020856,3,True,1788804166.6071486,
bind,nsec3,nonexistent.test-nsec3.example,cold,739077,3,True,1788804166.6079488,
bind,nsec3,nonexistent.test-nsec3.example,cold,654526,3,True,1788804166.6086714,
bind,nsec3,nonexistent.test-nsec3.example,cold,600832,3,True,1788804166.6093168,
bind,nsec3,nonexistent.test-nsec3.example,cold,644468,3,True,1788804166.6100078,
bind,nsec3,nonexistent.test-nsec3.example,cold,690972,3,True,1788804166.610759,
bind,nsec3,nonexistent.test-nsec3.example,cold,622553,3,True,1788804166.6114428,
bind,nsec3,nonexistent.test-nsec3.example,cold,1046271,3,True,1788804166.612552,
bind,nsec3,nonexistent.test-nsec3.example,cold,723820,3,True,1788804166.6133425,
bind,nsec3,nonexistent.test-nsec3.example,cold,706269,3,True,1788804166.6141152,
bind,nsec3,nonexistent.test-nsec3.example,cold,698426,3,True,1788804166.6148736,
bind,nsec3,nonexistent.test-nsec3.example,cold,648684,3,True,1788804166.6155741,
bind,nsec3,nonexistent.test-nsec3.example,cold,682131,3,True,1788804166.616313,
bind,nsec3,nonexistent.test-nsec3.example,cold,647106,3,True,1788804166.6170266,
bind,nsec3,nonexistent.test-nsec3.example,cold,744158,3,True,1788804166.617831,
bind,nsec3,nonexistent.test-nsec3.example,cold,812205,3,True,1788804166.618696,
bind,nsec3,nonexistent.test-nsec3.example,cold,707040,3,True,1788804166.6195195,
bind,nsec3,nonexistent.test-nsec3.example,cold,653924,3,True,1788804166.6202354,
bind,nsec3,nonexistent.test-nsec3.example,cold,586891,3,True,1788804166.6208737,
bind,nsec3,nonexistent.test-nsec3.example,cold,829560,3,True,1788804166.6217558,
bind,nsec3,nonexistent.test-nsec3.example,cold,736091,3,True,1788804166.6225522,
bind,nsec3,nonexistent.test-nsec3.example,cold,691593,3,True,1788804166.6233099,
bind,nsec3,nonexistent.test-nsec3.example,cold,736206,3,True,1788804166.6241124,
bind,nsec3,nonexistent.test-nsec3.example,cold,750697,3,True,1788804166.6249318,
bind,nsec3,nonexistent.test-nsec3.example,cold,636315,3,True,1788804166.6257048,
bind,nsec3,nonexistent.test-nsec3.example,cold,690464,3,True,1788804166.6264648,
bind,nsec3,nonexistent.test-nsec3.example,cold,703160,3,True,1788804166.6272714,
bind,nsec3,nonexistent.test-nsec3.example,cold,787493,3,True,1788804166.6281238,
bind,nsec3,nonexistent.test-nsec3.example,cold,703682,3,True,1788804166.6289144,
bind,nsec3,nonexistent.test-nsec3.example,cold,656151,3,True,1788804166.6296816,
bind,nsec3,nonexistent.test-nsec3.example,cold,646442,3,True,1788804166.6303926,
bind,nsec3,nonexistent.test-nsec3.example,cold,696604,3,True,1788804166.6311371,
bind,nsec3,nonexistent.test-nsec3.example,cold,661027,3,True,1788804166.63186,
bind,nsec3,nonexistent.test-nsec3.example,cold,677215,3,True,1788804166.6325982,
bind,nsec3,nonexistent.test-nsec3.example,cold,762262,3,True,1788804166.6334102,
bind,nsec3,nonexistent.test-nsec3.example,cold,793602,3,True,1788804166.6342645,
bind,nsec3,nonexistent.test-nsec3.example,cold,3020164,3,True,1788804166.637433,
bind,nsec3,nonexistent.test-nsec3.example,cold,1073662,3,True,1788804166.6386065,
bind,nsec3,nonexistent.test-nsec3.example,cold,729147,3,True,1788804166.6394083,
bind,nsec3,nonexistent.test-nsec3.example,cold,1083356,3,True,1788804166.6405547,
bind,nsec3,nonexistent.test-nsec3.example,cold,681167,3,True,1788804166.641304,
bind,nsec3,nonexistent.test-nsec3.example,cold,690860,3,True,1788804166.6420746,
bind,nsec3,nonexistent.test-nsec3.example,cold,823609,3,True,1788804166.6429546,
bind,nsec3,nonexistent.test-nsec3.example,cold,741436,3,True,1788804166.643754,
bind,nsec3,nonexistent.test-nsec3.example,cold,766033,3,True,1788804166.644583,
bind,nsec3,nonexistent.test-nsec3.example,cold,721209,3,True,1788804166.6453667,
bind,nsec3,nonexistent.test-nsec3.example,cold,1315097,3,True,1788804166.6467395,
bind,nsec3,nonexistent.test-nsec3.example,cold,620804,3,True,1788804166.64743,
bind,nsec3,nonexistent.test-nsec3.example,cold,622831,3,True,1788804166.6481142,
bind,nsec3,nonexistent.test-nsec3.example,cold,689608,3,True,1788804166.6488585,
bind,nsec3,nonexistent.test-nsec3.example,cold,646675,3,True,1788804166.649565,
bind,nsec3,nonexistent.test-nsec3.example,cold,833995,3,True,1788804166.65045,
bind,nsec3,nonexistent.test-nsec3.example,cold,838948,3,True,1788804166.6513824,
bind,nsec3,nonexistent.test-nsec3.example,cold,903150,3,True,1788804166.6523616,
bind,nsec3,nonexistent.test-nsec3.example,cold,792614,3,True,1788804166.6532362,
bind,nsec3,nonexistent.test-nsec3.example,cold,703217,3,True,1788804166.654007,
bind,nsec3,nonexistent.test-nsec3.example,cold,783284,3,True,1788804166.6548462,
bind,nsec3,nonexistent.test-nsec3.example,cold,800310,3,True,1788804166.6557043,
bind,nsec3,nonexistent.test-nsec3.example,cold,670891,3,True,1788804166.6564379,
bind,nsec3,nonexistent.test-nsec3.example,cold,642466,3,True,1788804166.6572042,
bind,nsec3,nonexistent.test-nsec3.example,cold,652094,3,True,1788804166.657917,
bind,nsec3,nonexistent.test-nsec3.example,cold,701385,3,True,1788804166.6586711,
bind,nsec3,nonexistent.test-nsec3.example,cold,719914,3,True,1788804166.6594436,
bind,nsec3,nonexistent.test-nsec3.example,cold,708684,3,True,1788804166.6602075,
bind,nsec3,nonexistent.test-nsec3.example,cold,617921,3,True,1788804166.6608794,
bind,nsec3,nonexistent.test-nsec3.example,cold,673048,3,True,1788804166.6616077,
bind,nsec3,nonexistent.test-nsec3.example,cold,783822,3,True,1788804166.6624458,
bind,nsec3,nonexistent.test-nsec3.example,cold,641759,3,True,1788804166.663143,
bind,nsec3,nonexistent.test-nsec3.example,cold,642192,3,True,1788804166.6638303,
bind,nsec3,nonexistent.test-nsec3.example,cold,659981,3,True,1788804166.6645453,
bind,nsec3,nonexistent.test-nsec3.example,cold,709948,3,True,1788804166.665321,
bind,nsec3,nonexistent.test-nsec3.example,cold,711607,3,True,1788804166.6660945,
bind,nsec3,nonexistent.test-nsec3.example,cold,756953,3,True,1788804166.6668994,
bind,nsec3,nonexistent.test-nsec3.example,cold,683834,3,True,1788804166.667634,
bind,nsec3,nonexistent.test-nsec3.example,cold,3524106,3,True,1788804166.6712046,
bind,nsec3,nonexistent.test-nsec3.example,cold,1680558,3,True,1788804166.672981,
bind,nsec3,nonexistent.test-nsec3.example,cold,777997,3,True,1788804166.6739137,
bind,nsec3,nonexistent.test-nsec3.example,cold,924761,3,True,1788804166.6749115,
bind,nsec3,nonexistent.test-nsec3.example,cold,682712,3,True,1788804166.6756587,
bind,nsec3,nonexistent.test-nsec3.example,cold,912282,3,True,1788804166.6766307,
bind,nsec3,nonexistent.test-nsec3.example,cold,1110338,3,True,1788804166.677817,
bind,nsec3,nonexistent.test-nsec3.example,cold,1133001,3,True,1788804166.679031,
bind,nsec3,nonexistent.test-nsec3.example,cold,892004,3,True,1788804166.679999,
bind,nsec3,nonexistent.test-nsec3.example,cold,868543,3,True,1788804166.680941,
bind,nsec3,nonexistent.test-nsec3.example,cold,740096,3,True,1788804166.6817417,
bind,nsec3,nonexistent.test-nsec3.example,cold,809838,3,True,1788804166.6826124,
bind,nsec3,nonexistent.test-nsec3.example,cold,701370,3,True,1788804166.6833827,
bind,nsec3,nonexistent.test-nsec3.example,cold,759482,3,True,1788804166.68421,
bind,nsec3,nonexistent.test-nsec3.example,cold,634407,3,True,1788804166.6848996,
bind,nsec3,nonexistent.test-nsec3.example,cold,4955932,3,True,1788804166.689926,
bind,nsec3,nonexistent.test-nsec3.example,cold,970615,3,True,1788804166.6910045,
bind,nsec3,nonexistent.test-nsec3.example,cold,754783,3,True,1788804166.6918342,
bind,nsec3,nonexistent.test-nsec3.example,cold,768891,3,True,1788804166.6926618,
bind,nsec3,nonexistent.test-nsec3.example,cold,828740,3,True,1788804166.693548,
bind,nsec3,nonexistent.test-nsec3.example,cold,798616,3,True,1788804166.694515,
bind,nsec3,nonexistent.test-nsec3.example,cold,780909,3,True,1788804166.6953588,
bind,nsec3,nonexistent.test-nsec3.example,cold,715871,3,True,1788804166.6961308,
bind,nsec3,nonexistent.test-nsec3.example,cold,731663,3,True,1788804166.6969242,
bind,nsec3,nonexistent.test-nsec3.example,cold,780463,3,True,1788804166.6977675,
bind,nsec3,nonexistent.test-nsec3.example,cold,879233,3,True,1788804166.6987114,
bind,nsec3,nonexistent.test-nsec3.example,cold,839747,3,True,1788804166.6996222,
bind,nsec3,nonexistent.test-nsec3.example,cold,712313,3,True,1788804166.7003992,
bind,nsec3,nonexistent.test-nsec3.example,cold,678519,3,True,1788804166.7011435,
bind,nsec3,nonexistent.test-nsec3.example,cold,811182,3,True,1788804166.7020037,
bind,nsec3,nonexistent.test-nsec3.example,cold,934916,3,True,1788804166.703006,
bind,nsec3,nonexistent.test-nsec3.example,cold,1036363,3,True,1788804166.7041142,
bind,nsec3,nonexistent.test-nsec3.example,cold,1216303,3,True,1788804166.7054093,
bind,nsec3,nonexistent.test-nsec3.example,cold,3184714,3,True,1788804166.70867,
bind,nsec3,nonexistent.test-nsec3.example,cold,955499,3,True,1788804166.7097304,
bind,nsec3,nonexistent.test-nsec3.example,cold,919937,3,True,1788804166.7107236,
bind,nsec3,nonexistent.test-nsec3.example,cold,704616,3,True,1788804166.7114954,
bind,nsec3,nonexistent.test-nsec3.example,cold,871870,3,True,1788804166.7124362,
bind,nsec3,nonexistent.test-nsec3.example,cold,958646,3,True,1788804166.7134585,
bind,nsec3,nonexistent.test-nsec3.example,cold,1454600,3,True,1788804166.7149835,
bind,nsec3,nonexistent.test-nsec3.example,cold,4564870,3,True,1788804166.7196643,
bind,nsec3,nonexistent.test-nsec3.example,cold,3228591,3,True,1788804166.7230434,
bind,nsec3,nonexistent.test-nsec3.example,cold,1542720,3,True,1788804166.724695,
bind,nsec3,nonexistent.test-nsec3.example,cold,1089985,3,True,1788804166.7259624,
bind,nsec3,nonexistent.test-nsec3.example,cold,1408018,3,True,1788804166.7274923,
bind,nsec3,nonexistent.test-nsec3.example,cold,973247,3,True,1788804166.7285473,
bind,nsec3,nonexistent.test-nsec3.example,cold,868691,3,True,1788804166.7295444,
bind,nsec3,nonexistent.test-nsec3.example,cold,806184,3,True,1788804166.7312617,
bind,nsec3,nonexistent.test-nsec3.example,cold,901707,3,True,1788804166.7322335,
bind,nsec3,nonexistent.test-nsec3.example,cold,787555,3,True,1788804166.7331533,
bind,nsec3,nonexistent.test-nsec3.example,cold,1235490,3,True,1788804166.7344527,
bind,nsec3,nonexistent.test-nsec3.example,cold,889369,3,True,1788804166.7354143,
bind,nsec3,nonexistent.test-nsec3.example,cold,877108,3,True,1788804166.736358,
bind,nsec3,nonexistent.test-nsec3.example,cold,850026,3,True,1788804166.737271,
bind,nsec3,nonexistent.test-nsec3.example,cold,684876,3,True,1788804166.7380152,
bind,nsec3,nonexistent.test-nsec3.example,cold,796460,3,True,1788804166.7388682,
bind,nsec3,nonexistent.test-nsec3.example,cold,693548,3,True,1788804166.7396247,
bind,nsec3,nonexistent.test-nsec3.example,cold,761538,3,True,1788804166.7404482,
bind,nsec3,nonexistent.test-nsec3.example,cold,744808,3,True,1788804166.7412574,
bind,nsec3,nonexistent.test-nsec3.example,cold,691424,3,True,1788804166.74201,
bind,nsec3,nonexistent.test-nsec3.example,cold,684687,3,True,1788804166.742753,
bind,nsec3,nonexistent.test-nsec3.example,cold,689684,3,True,1788804166.743504,
bind,nsec3,nonexistent.test-nsec3.example,cold,669461,3,True,1788804166.7442274,
bind,nsec3,nonexistent.test-nsec3.example,cold,661195,3,True,1788804166.7449448,
bind,nsec3,nonexistent.test-nsec3.example,cold,712447,3,True,1788804166.7457118,
bind,nsec3,nonexistent.test-nsec3.example,cold,824060,3,True,1788804166.7465918,
bind,nsec3,nonexistent.test-nsec3.example,cold,688694,3,True,1788804166.7473445,
bind,nsec3,nonexistent.test-nsec3.example,cold,887918,3,True,1788804166.7483027,
bind,nsec3,nonexistent.test-nsec3.example,cold,852334,3,True,1788804166.7492251,
bind,nsec3,nonexistent.test-nsec3.example,cold,4719335,3,True,1788804166.7540092,
bind,nsec3,nonexistent.test-nsec3.example,cold,957741,3,True,1788804166.7551699,
bind,nsec3,nonexistent.test-nsec3.example,cold,1187756,3,True,1788804166.7564285,
bind,nsec3,nonexistent.test-nsec3.example,cold,752831,3,True,1788804166.7572515,
bind,nsec3,nonexistent.test-nsec3.example,cold,916734,3,True,1788804166.75825,
bind,nsec3,nonexistent.test-nsec3.example,cold,1104077,3,True,1788804166.7594993,
bind,nsec3,nonexistent.test-nsec3.example,cold,904672,3,True,1788804166.7604833,
bind,nsec3,nonexistent.test-nsec3.example,cold,776317,3,True,1788804166.7613268,
bind,nsec3,nonexistent.test-nsec3.example,cold,723181,3,True,1788804166.7621205,
bind,nsec3,nonexistent.test-nsec3.example,cold,695768,3,True,1788804166.7628767,
bind,nsec3,nonexistent.test-nsec3.example,cold,630155,3,True,1788804166.7635782,
bind,nsec3,nonexistent.test-nsec3.example,cold,739177,3,True,1788804166.7643907,
bind,nsec3,nonexistent.test-nsec3.example,cold,727678,3,True,1788804166.765183,
bind,nsec3,nonexistent.test-nsec3.example,cold,786544,3,True,1788804166.7660358,
bind,nsec3,nonexistent.test-nsec3.example,cold,728907,3,True,1788804166.7668228,
bind,nsec3,nonexistent.test-nsec3.example,cold,666650,3,True,1788804166.7675474,
bind,nsec3,nonexistent.test-nsec3.example,cold,763896,3,True,1788804166.7683663,
bind,nsec3,nonexistent.test-nsec3.example,cold,711921,3,True,1788804166.7691324,
bind,nsec3,nonexistent.test-nsec3.example,cold,688968,3,True,1788804166.7698758,
bind,nsec3,nonexistent.test-nsec3.example,cold,756767,3,True,1788804166.7706773,
bind,nsec3,nonexistent.test-nsec3.example,cold,854864,3,True,1788804166.7717574,
bind,nsec3,nonexistent.test-nsec3.example,cold,1022629,3,True,1788804166.7728407,
bind,nsec3,nonexistent.test-nsec3.example,cold,1045101,3,True,1788804166.7739844,
bind,nsec3,nonexistent.test-nsec3.example,cold,1122333,3,True,1788804166.7752912,
bind,nsec3,nonexistent.test-nsec3.example,cold,1079352,3,True,1788804166.7765226,
bind,nsec3,nonexistent.test-nsec3.example,cold,1043779,3,True,1788804166.7777696,
bind,nsec3,nonexistent.test-nsec3.example,cold,985563,3,True,1788804166.778842,
bind,nsec3,nonexistent.test-nsec3.example,cold,869425,3,True,1788804166.779768,
bind,nsec3,nonexistent.test-nsec3.example,cold,1080652,3,True,1788804166.781023,
bind,nsec3,nonexistent.test-nsec3.example,cold,1265405,3,True,1788804166.7823637,
bind,nsec3,nonexistent.test-nsec3.example,cold,1236357,3,True,1788804166.783747,
bind,nsec3,nonexistent.test-nsec3.example,cold,1292359,3,True,1788804166.7853298,
bind,nsec3,nonexistent.test-nsec3.example,cold,951659,3,True,1788804166.7864656,
bind,nsec3,nonexistent.test-nsec3.example,cold,759823,3,True,1788804166.7872965,
bind,nsec3,nonexistent.test-nsec3.example,cold,1001722,3,True,1788804166.7883523,
bind,nsec3,nonexistent.test-nsec3.example,cold,705464,3,True,1788804166.7891324,
bind,nsec3,nonexistent.test-nsec3.example,cold,1086846,3,True,1788804166.7902708,
bind,nsec3,nonexistent.test-nsec3.example,cold,1089980,3,True,1788804166.7915664,
bind,nsec3,nonexistent.test-nsec3.example,cold,903105,3,True,1788804166.7925415,
bind,nsec3,nonexistent.test-nsec3.example,cold,928692,3,True,1788804166.7935407,
bind,nsec3,nonexistent.test-nsec3.example,cold,1889523,3,True,1788804166.795538,
bind,nsec3,nonexistent.test-nsec3.example,cold,2986180,3,True,1788804166.7988145,
bind,nsec3,nonexistent.test-nsec3.example,cold,1276578,3,True,1788804166.8002236,
bind,nsec3,nonexistent.test-nsec3.example,cold,1129611,3,True,1788804166.801596,
bind,nsec3,nonexistent.test-nsec3.example,cold,1222724,3,True,1788804166.8029044,
bind,nsec3,nonexistent.test-nsec3.example,cold,1010818,3,True,1788804166.8041067,
bind,nsec3,nonexistent.test-nsec3.example,cold,798747,3,True,1788804166.8049915,
bind,nsec3,nonexistent.test-nsec3.example,cold,933440,3,True,1788804166.8060226,
bind,nsec3,nonexistent.test-nsec3.example,cold,1404340,3,True,1788804166.8074882,
bind,nsec3,nonexistent.test-nsec3.example,cold,1066760,3,True,1788804166.8087347,
bind,nsec3,nonexistent.test-nsec3.example,cold,773673,3,True,1788804166.8095775,
bind,nsec3,nonexistent.test-nsec3.example,cold,6128382,3,True,1788804166.8159053,
bind,nsec3,nonexistent.test-nsec3.example,cold,4111751,3,True,1788804166.8201566,
bind,nsec3,nonexistent.test-nsec3.example,cold,889801,3,True,1788804166.8211439,
bind,nsec3,nonexistent.test-nsec3.example,cold,968494,3,True,1788804166.8221874,
bind,nsec3,nonexistent.test-nsec3.example,cold,1159173,3,True,1788804166.8234181,
bind,nsec3,nonexistent.test-nsec3.example,cold,839546,3,True,1788804166.8243153,
bind,nsec3,nonexistent.test-nsec3.example,cold,810555,3,True,1788804166.825189,
bind,nsec3,nonexistent.test-nsec3.example,cold,767180,3,True,1788804166.8260148,
bind,nsec3,nonexistent.test-nsec3.example,cold,690577,3,True,1788804166.826761,
bind,nsec3,nonexistent.test-nsec3.example,cold,903235,3,True,1788804166.827714,
bind,nsec3,nonexistent.test-nsec3.example,cold,827178,3,True,1788804166.8286178,
bind,nsec3,nonexistent.test-nsec3.example,cold,804918,3,True,1788804166.8294923,
bind,nsec3,nonexistent.test-nsec3.example,cold,1030594,3,True,1788804166.830713,
bind,nsec3,nonexistent.test-nsec3.example,cold,1252940,3,True,1788804166.8320596,
bind,nsec3,nonexistent.test-nsec3.example,cold,1060478,3,True,1788804166.8332217,
bind,nsec3,nonexistent.test-nsec3.example,cold,1001833,3,True,1788804166.8343039,
bind,nsec3,nonexistent.test-nsec3.example,cold,948455,3,True,1788804166.835447,
bind,nsec3,nonexistent.test-nsec3.example,cold,864770,3,True,1788804166.8364403,
bind,nsec3,nonexistent.test-nsec3.example,cold,2208304,3,True,1788804166.8387244,
bind,nsec3,nonexistent.test-nsec3.example,cold,1164464,3,True,1788804166.839967,
bind,nsec3,nonexistent.test-nsec3.example,cold,970250,3,True,1788804166.841031,
bind,nsec3,nonexistent.test-nsec3.example,cold,1139732,3,True,1788804166.8422415,
bind,nsec3,nonexistent.test-nsec3.example,cold,813330,3,True,1788804166.8431294,
bind,nsec3,nonexistent.test-nsec3.example,cold,961618,3,True,1788804166.8441627,
bind,nsec3,nonexistent.test-nsec3.example,cold,969224,3,True,1788804166.8452833,
bind,nsec3,nonexistent.test-nsec3.example,cold,940682,3,True,1788804166.8462987,
bind,nsec3,nonexistent.test-nsec3.example,cold,980537,3,True,1788804166.847376,
bind,nsec3,nonexistent.test-nsec3.example,cold,922812,3,True,1788804166.848369,
bind,nsec3,nonexistent.test-nsec3.example,cold,673976,3,True,1788804166.8491077,
bind,nsec3,nonexistent.test-nsec3.example,cold,661266,3,True,1788804166.8498383,
bind,nsec3,nonexistent.test-nsec3.example,cold,899554,3,True,1788804166.8508012,
bind,nsec3,nonexistent.test-nsec3.example,cold,714225,3,True,1788804166.851591,
bind,nsec3,nonexistent.test-nsec3.example,cold,744590,3,True,1788804166.8524034,
bind,nsec3,nonexistent.test-nsec3.example,cold,808910,3,True,1788804166.8532746,
bind,nsec3,nonexistent.test-nsec3.example,cold,835351,3,True,1788804166.8541734,
bind,nsec3,nonexistent.test-nsec3.example,cold,874852,3,True,1788804166.8551135,
bind,nsec3,nonexistent.test-nsec3.example,cold,714991,3,True,1788804166.8558881,
bind,nsec3,nonexistent.test-nsec3.example,cold,737168,3,True,1788804166.8566747,
bind,nsec3,nonexistent.test-nsec3.example,cold,723358,3,True,1788804166.857478,
bind,nsec3,nonexistent.test-nsec3.example,cold,673360,3,True,1788804166.8582044,
bind,nsec3,nonexistent.test-nsec3.example,cold,778202,3,True,1788804166.859042,
bind,nsec3,nonexistent.test-nsec3.example,cold,1252400,3,True,1788804166.8603587,
bind,nsec3,nonexistent.test-nsec3.example,cold,741500,3,True,1788804166.8611763,
bind,nsec3,nonexistent.test-nsec3.example,cold,673310,3,True,1788804166.8619192,
bind,nsec3,nonexistent.test-nsec3.example,cold,705927,3,True,1788804166.8626864,
bind,nsec3,nonexistent.test-nsec3.example,cold,710351,3,True,1788804166.8634386,
bind,nsec3,nonexistent.test-nsec3.example,cold,626169,3,True,1788804166.8641124,
bind,nsec3,nonexistent.test-nsec3.example,cold,600688,3,True,1788804166.8647618,
bind,nsec3,nonexistent.test-nsec3.example,cold,702186,3,True,1788804166.8655276,
bind,nsec3,nonexistent.test-nsec3.example,cold,649956,3,True,1788804166.8662388,
bind,nsec3,nonexistent.test-nsec3.example,cold,724226,3,True,1788804166.8670135,
bind,nsec3,nonexistent.test-nsec3.example,cold,653664,3,True,1788804166.8677323,
bind,nsec3,nonexistent.test-nsec3.example,cold,721097,3,True,1788804166.8685267,
bind,nsec3,nonexistent.test-nsec3.example,cold,712755,3,True,1788804166.8693104,
bind,nsec3,nonexistent.test-nsec3.example,cold,684862,3,True,1788804166.8701136,
bind,nsec3,nonexistent.test-nsec3.example,cold,737620,3,True,1788804166.8709133,
bind,nsec3,nonexistent.test-nsec3.example,cold,715109,3,True,1788804166.8716753,
bind,nsec3,nonexistent.test-nsec3.example,cold,636685,3,True,1788804166.8723743,
bind,nsec3,nonexistent.test-nsec3.example,cold,723588,3,True,1788804166.8731446,
bind,nsec3,nonexistent.test-nsec3.example,cold,681301,3,True,1788804166.8738878,
bind,nsec3,nonexistent.test-nsec3.example,cold,755506,3,True,1788804166.874707,
bind,nsec3,nonexistent.test-nsec3.example,cold,1237621,3,True,1788804166.876017,
bind,nsec3,nonexistent.test-nsec3.example,cold,703768,3,True,1788804166.8767898,
bind,nsec3,nonexistent.test-nsec3.example,cold,675409,3,True,1788804166.877527,
bind,nsec3,nonexistent.test-nsec3.example,cold,644052,3,True,1788804166.8782823,
bind,nsec3,nonexistent.test-nsec3.example,cold,658133,3,True,1788804166.879044,
bind,nsec3,nonexistent.test-nsec3.example,cold,675639,3,True,1788804166.8797793,
bind,nsec3,nonexistent.test-nsec3.example,cold,666725,3,True,1788804166.880532,
bind,nsec3,nonexistent.test-nsec3.example,cold,673531,3,True,1788804166.8812504,
bind,nsec3,nonexistent.test-nsec3.example,cold,719415,3,True,1788804166.8820477,
bind,nsec3,nonexistent.test-nsec3.example,cold,807614,3,True,1788804166.8829033,
bind,nsec3,nonexistent.test-nsec3.example,cold,919949,3,True,1788804166.8838913,
bind,nsec3,nonexistent.test-nsec3.example,cold,656681,3,True,1788804166.8845992,
bind,nsec3,nonexistent.test-nsec3.example,cold,629818,3,True,1788804166.8852758,
bind,nsec3,nonexistent.test-nsec3.example,cold,752491,3,True,1788804166.8860915,
bind,nsec3,nonexistent.test-nsec3.example,cold,691897,3,True,1788804166.8868506,
bind,nsec3,nonexistent.test-nsec3.example,cold,676041,3,True,1788804166.8875794,
bind,nsec3,nonexistent.test-nsec3.example,cold,619870,3,True,1788804166.8883007,
bind,nsec3,nonexistent.test-nsec3.example,cold,701196,3,True,1788804166.8890464,
bind,nsec3,nonexistent.test-nsec3.example,cold,663163,3,True,1788804166.8897731,
bind,nsec3,nonexistent.test-nsec3.example,cold,808127,3,True,1788804166.8906424,
bind,nsec3,nonexistent.test-nsec3.example,cold,774673,3,True,1788804166.891579,
bind,nsec3,nonexistent.test-nsec3.example,cold,4877534,3,True,1788804166.8965282,
bind,nsec3,nonexistent.test-nsec3.example,cold,4723247,3,True,1788804166.901333,
bind,nsec3,nonexistent.test-nsec3.example,cold,3812991,3,True,1788804166.9052231,
bind,nsec3,nonexistent.test-nsec3.example,cold,4874019,3,True,1788804166.9102855,
bind,nsec3,nonexistent.test-nsec3.example,cold,6436664,3,True,1788804166.9168534,
bind,nsec3,nonexistent.test-nsec3.example,cold,4645123,3,True,1788804166.921587,
bind,nsec3,nonexistent.test-nsec3.example,cold,5098409,3,True,1788804166.9267538,
bind,nsec3,nonexistent.test-nsec3.example,cold,4923410,3,True,1788804166.9317667,
bind,nsec3,nonexistent.test-nsec3.example,cold,3672413,3,True,1788804166.9355168,
bind,nsec3,nonexistent.test-nsec3.example,cold,4762820,3,True,1788804166.9403763,
bind,nsec3,nonexistent.test-nsec3.example,cold,5214878,3,True,1788804166.9456651,
bind,nsec3,nonexistent.test-nsec3.example,cold,4983613,3,True,1788804166.950731,
bind,nsec3,nonexistent.test-nsec3.example,cold,7162666,3,True,1788804166.9579754,
bind,nsec3,nonexistent.test-nsec3.example,cold,5166163,3,True,1788804166.9632297,
bind,nsec3,nonexistent.test-nsec3.example,cold,3655817,3,True,1788804166.96696,
bind,nsec3,nonexistent.test-nsec3.example,cold,5350248,3,True,1788804166.972393,
bind,nsec3,nonexistent.test-nsec3.example,cold,4752682,3,True,1788804166.97724,
bind,nsec3,nonexistent.test-nsec3.example,cold,5382623,3,True,1788804166.9829273,
bind,nsec3,nonexistent.test-nsec3.example,cold,6442509,3,True,1788804166.9895098,
bind,nsec3,nonexistent.test-nsec3.example,cold,4330475,3,True,1788804166.993911,
bind,nsec3,nonexistent.test-nsec3.example,cold,3904691,3,True,1788804166.9979234,
bind,nsec3,nonexistent.test-nsec3.example,cold,5097773,3,True,1788804167.0031211,
bind,nsec3,nonexistent.test-nsec3.example,cold,7150367,3,True,1788804167.010367,
bind,nsec3,nonexistent.test-nsec3.example,cold,5680204,3,True,1788804167.0161383,
bind,nsec3,nonexistent.test-nsec3.example,cold,5339116,3,True,1788804167.021565,
bind,nsec3,nonexistent.test-nsec3.example,cold,5958706,3,True,1788804167.0276253,
bind,nsec3,nonexistent.test-nsec3.example,cold,7823655,3,True,1788804167.0355535,
bind,nsec3,nonexistent.test-nsec3.example,cold,5099483,3,True,1788804167.0408509,
bind,nsec3,nonexistent.test-nsec3.example,cold,4120992,3,True,1788804167.0450656,
bind,nsec3,nonexistent.test-nsec3.example,cold,4324313,3,True,1788804167.0494921,
bind,nsec3,nonexistent.test-nsec3.example,cold,5936241,3,True,1788804167.0555372,
bind,nsec3,nonexistent.test-nsec3.example,cold,4259902,3,True,1788804167.0598922,
bind,nsec3,nonexistent.test-nsec3.example,cold,5069945,3,True,1788804167.0650437,
bind,nsec3,nonexistent.test-nsec3.example,cold,6299014,3,True,1788804167.07151,
bind,nsec3,nonexistent.test-nsec3.example,cold,5700552,3,True,1788804167.0773237,
bind,nsec3,nonexistent.test-nsec3.example,cold,4736449,3,True,1788804167.082131,
bind,nsec3,nonexistent.test-nsec3.example,cold,3918290,3,True,1788804167.0861535,
bind,nsec3,nonexistent.test-nsec3.example,cold,4866683,3,True,1788804167.0912426,
bind,nsec3,nonexistent.test-nsec3.example,cold,4697780,3,True,1788804167.096026,
bind,nsec3,nonexistent.test-nsec3.example,cold,3629082,3,True,1788804167.0997508,
bind,nsec3,nonexistent.test-nsec3.example,cold,4989945,3,True,1788804167.1048334,
bind,nsec3,nonexistent.test-nsec3.example,cold,4274272,3,True,1788804167.1091998,
bind,nsec3,nonexistent.test-nsec3.example,cold,4249399,3,True,1788804167.1135864,
bind,nsec3,nonexistent.test-nsec3.example,cold,4104970,3,True,1788804167.1178126,
bind,nsec3,nonexistent.test-nsec3.example,cold,5060048,3,True,1788804167.122968,
bind,nsec3,nonexistent.test-nsec3.example,cold,3467526,3,True,1788804167.1265194,
bind,nsec3,nonexistent.test-nsec3.example,cold,3883163,3,True,1788804167.130479,
bind,nsec3,nonexistent.test-nsec3.example,cold,6458364,3,True,1788804167.1370575,
bind,nsec3,nonexistent.test-nsec3.example,cold,5043109,3,True,1788804167.1422052,
bind,nsec3,nonexistent.test-nsec3.example,cold,4520692,3,True,1788804167.1468096,
bind,nsec3,nonexistent.test-nsec3.example,cold,4544395,3,True,1788804167.1514509,
bind,nsec3,nonexistent.test-nsec3.example,cold,5830882,3,True,1788804167.1573906,
bind,nsec3,nonexistent.test-nsec3.example,cold,5769212,3,True,1788804167.163252,
bind,nsec3,nonexistent.test-nsec3.example,cold,5053045,3,True,1788804167.168392,
bind,nsec3,nonexistent.test-nsec3.example,cold,5107521,3,True,1788804167.1735823,
bind,nsec3,nonexistent.test-nsec3.example,cold,4276050,3,True,1788804167.17794,
bind,nsec3,nonexistent.test-nsec3.example,cold,4760660,3,True,1788804167.1827862,
bind,nsec3,nonexistent.test-nsec3.example,cold,4759687,3,True,1788804167.187695,
bind,nsec3,nonexistent.test-nsec3.example,cold,4725609,3,True,1788804167.192506,
bind,nsec3,nonexistent.test-nsec3.example,cold,6160040,3,True,1788804167.1987693,
bind,nsec3,nonexistent.test-nsec3.example,cold,3884592,3,True,1788804167.2027621,
bind,nsec3,nonexistent.test-nsec3.example,cold,4313265,3,True,1788804167.2071736,
bind,nsec3,nonexistent.test-nsec3.example,cold,4010788,3,True,1788804167.2112846,
bind,nsec3,nonexistent.test-nsec3.example,cold,5316652,3,True,1788804167.216795,
bind,nsec3,nonexistent.test-nsec3.example,cold,5254154,3,True,1788804167.2221606,
bind,nsec3,nonexistent.test-nsec3.example,cold,5081428,3,True,1788804167.227318,
bind,nsec3,nonexistent.test-nsec3.example,cold,5566139,3,True,1788804167.2329683,
bind,nsec3,nonexistent.test-nsec3.example,cold,6494786,3,True,1788804167.2397013,
bind,nsec3,nonexistent.test-nsec3.example,cold,4847456,3,True,1788804167.2447624,
bind,nsec3,nonexistent.test-nsec3.example,cold,5149424,3,True,1788804167.2499952,
bind,nsec3,nonexistent.test-nsec3.example,cold,5215337,3,True,1788804167.255299,
bind,nsec3,nonexistent.test-nsec3.example,cold,3999913,3,True,1788804167.2593977,
bind,nsec3,nonexistent.test-nsec3.example,cold,3715377,3,True,1788804167.2632177,
bind,nsec3,nonexistent.test-nsec3.example,cold,3730939,3,True,1788804167.2670462,
bind,nsec3,nonexistent.test-nsec3.example,cold,3995441,3,True,1788804167.2711456,
bind,nsec3,nonexistent.test-nsec3.example,cold,6108586,3,True,1788804167.2773855,
bind,nsec3,nonexistent.test-nsec3.example,cold,5183090,3,True,1788804167.282672,
bind,nsec3,nonexistent.test-nsec3.example,cold,4305311,3,True,1788804167.2870772,
bind,nsec3,nonexistent.test-nsec3.example,cold,4962943,3,True,1788804167.292123,
bind,nsec3,nonexistent.test-nsec3.example,cold,6772272,3,True,1788804167.2989807,
bind,nsec3,nonexistent.test-nsec3.example,cold,4191583,3,True,1788804167.3032653,
bind,nsec3,nonexistent.test-nsec3.example,cold,4331006,3,True,1788804167.3076944,
bind,nsec3,nonexistent.test-nsec3.example,cold,4079603,3,True,1788804167.3118727,
bind,nsec3,nonexistent.test-nsec3.example,cold,6985384,3,True,1788804167.3189557,
bind,nsec3,nonexistent.test-nsec3.example,cold,4742154,3,True,1788804167.3237991,
bind,nsec3,nonexistent.test-nsec3.example,cold,5289489,3,True,1788804167.3291867,
bind,nsec3,nonexistent.test-nsec3.example,cold,5038875,3,True,1788804167.3343017,
bind,nsec3,nonexistent.test-nsec3.example,cold,5145140,3,True,1788804167.3395588,
bind,nsec3,nonexistent.test-nsec3.example,cold,3967941,3,True,1788804167.3436325,
bind,nsec3,nonexistent.test-nsec3.example,cold,5119481,3,True,1788804167.3488522,
bind,nsec3,nonexistent.test-nsec3.example,cold,3839096,3,True,1788804167.3527796,
bind,nsec3,nonexistent.test-nsec3.example,cold,6255472,3,True,1788804167.3591385,
bind,nsec3,nonexistent.test-nsec3.example,cold,4151655,3,True,1788804167.3634732,
bind,nsec3,nonexistent.test-nsec3.example,cold,12816475,3,True,1788804167.3765411,
bind,nsec3,nonexistent.test-nsec3.example,cold,26397959,3,True,1788804167.4032896,
bind,nsec3,nonexistent.test-nsec3.example,cold,16000611,3,True,1788804167.4194047,
bind,nsec3,nonexistent.test-nsec3.example,cold,5819930,3,True,1788804167.4253175,
bind,nsec3,nonexistent.test-nsec3.example,cold,4849936,3,True,1788804167.4302576,
bind,nsec3,nonexistent.test-nsec3.example,cold,4949322,3,True,1788804167.4353256,
bind,nsec3,nonexistent.test-nsec3.example,cold,3740213,3,True,1788804167.439189,
bind,nsec3,nonexistent.test-nsec3.example,cold,4604547,3,True,1788804167.443864,
bind,nsec3,nonexistent.test-nsec3.example,cold,4065738,3,True,1788804167.448026,
bind,nsec3,nonexistent.test-nsec3.example,cold,3600306,3,True,1788804167.4517221,
bind,nsec3,nonexistent.test-nsec3.example,cold,3663334,3,True,1788804167.45548,
bind,nsec3,nonexistent.test-nsec3.example,cold,4337898,3,True,1788804167.4599187,
bind,nsec3,nonexistent.test-nsec3.example,cold,3747179,3,True,1788804167.463787,
bind,nsec3,nonexistent.test-nsec3.example,cold,5142635,3,True,1788804167.4690158,
bind,nsec3,nonexistent.test-nsec3.example,cold,6165322,3,True,1788804167.4752767,
bind,nsec3,nonexistent.test-nsec3.example,cold,4635530,3,True,1788804167.4799995,
bind,nsec3,nonexistent.test-nsec3.example,cold,3752833,3,True,1788804167.4838414,
bind,nsec3,nonexistent.test-nsec3.example,cold,5257746,3,True,1788804167.4891963,
bind,nsec3,nonexistent.test-nsec3.example,cold,4416826,3,True,1788804167.493706,
bind,nsec3,nonexistent.test-nsec3.example,cold,3744523,3,True,1788804167.4975522,
bind,nsec3,nonexistent.test-nsec3.example,cold,3839424,3,True,1788804167.5015366,
bind,nsec3,nonexistent.test-nsec3.example,cold,4154753,3,True,1788804167.5057914,
bind,nsec3,nonexistent.test-nsec3.example,cold,4642594,3,True,1788804167.5105362,
bind,nsec3,nonexistent.test-nsec3.example,cold,4180876,3,True,1788804167.5148134,
bind,nsec3,nonexistent.test-nsec3.example,cold,5135658,3,True,1788804167.5200467,
bind,nsec3,nonexistent.test-nsec3.example,cold,3887183,3,True,1788804167.524042,
bind,nsec3,nonexistent.test-nsec3.example,cold,4094972,3,True,1788804167.5282362,
bind,nsec3,nonexistent.test-nsec3.example,cold,3818982,3,True,1788804167.5321612,
bind,nsec3,nonexistent.test-nsec3.example,cold,4204803,3,True,1788804167.536462,
bind,nsec3,nonexistent.test-nsec3.example,cold,6016297,3,True,1788804167.5425804,
bind,nsec3,nonexistent.test-nsec3.example,cold,4123401,3,True,1788804167.546806,
bind,nsec3,nonexistent.test-nsec3.example,cold,5492783,3,True,1788804167.5523949,
bind,nsec3,nonexistent.test-nsec3.example,cold,6205659,3,True,1788804167.558792,
bind,nsec3,nonexistent.test-nsec3.example,cold,5229765,3,True,1788804167.564119,
bind,nsec3,nonexistent.test-nsec3.example,cold,5468870,3,True,1788804167.5697782,
bind,nsec3,nonexistent.test-nsec3.example,cold,6221390,3,True,1788804167.5761132,
bind,nsec3,nonexistent.test-nsec3.example,cold,4249200,3,True,1788804167.5804765,
bind,nsec3,nonexistent.test-nsec3.example,cold,5155463,3,True,1788804167.5857086,
bind,nsec3,nonexistent.test-nsec3.example,cold,5230465,3,True,1788804167.5910153,
bind,nsec3,nonexistent.test-nsec3.example,cold,4893680,3,True,1788804167.5959954,
bind,nsec3,nonexistent.test-nsec3.example,cold,5697421,3,True,1788804167.601793,
bind,nsec3,nonexistent.test-nsec3.example,cold,3905375,3,True,1788804167.6057987,
bind,nsec3,nonexistent.test-nsec3.example,cold,4038009,3,True,1788804167.6099377,
bind,nsec3,nonexistent.test-nsec3.example,cold,3830293,3,True,1788804167.6138952,
bind,nsec3,nonexistent.test-nsec3.example,cold,6549236,3,True,1788804167.6208515,
bind,nsec3,nonexistent.test-nsec3.example,cold,4878324,3,True,1788804167.6258645,
bind,nsec3,nonexistent.test-nsec3.example,cold,5561097,3,True,1788804167.6315398,
bind,nsec3,nonexistent.test-nsec3.example,cold,4792368,3,True,1788804167.6364143,
bind,nsec3,nonexistent.test-nsec3.example,cold,4189150,3,True,1788804167.6406832,
bind,nsec3,nonexistent.test-nsec3.example,cold,3690145,3,True,1788804167.6444805,
bind,nsec3,nonexistent.test-nsec3.example,cold,4168308,3,True,1788804167.648728,
bind,nsec3,nonexistent.test-nsec3.example,cold,3698372,3,True,1788804167.6525304,
bind,nsec3,nonexistent.test-nsec3.example,cold,3644490,3,True,1788804167.6562493,
bind,nsec3,nonexistent.test-nsec3.example,cold,3999242,3,True,1788804167.6603317,
bind,nsec3,nonexistent.test-nsec3.example,cold,4933315,3,True,1788804167.6654134,
bind,nsec3,nonexistent.test-nsec3.example,cold,6656766,3,True,1788804167.6721833,
bind,nsec3,nonexistent.test-nsec3.example,cold,6813936,3,True,1788804167.6792905,
bind,nsec3,nonexistent.test-nsec3.example,cold,4757917,3,True,1788804167.6841538,
bind,nsec3,nonexistent.test-nsec3.example,cold,5021349,3,True,1788804167.6892602,
bind,nsec3,nonexistent.test-nsec3.example,cold,3999751,3,True,1788804167.693361,
bind,nsec3,nonexistent.test-nsec3.example,cold,4660821,3,True,1788804167.698199,
bind,nsec3,nonexistent.test-nsec3.example,cold,7831427,3,True,1788804167.706156,
bind,nsec3,nonexistent.test-nsec3.example,cold,4550896,3,True,1788804167.710802,
bind,nsec3,nonexistent.test-nsec3.example,cold,3927895,3,True,1788804167.7148802,
bind,nsec3,nonexistent.test-nsec3.example,cold,5268975,3,True,1788804167.7202623,
bind,nsec3,nonexistent.test-nsec3.example,cold,5305461,3,True,1788804167.7256804,
bind,nsec3,nonexistent.test-nsec3.example,cold,4174967,3,True,1788804167.7299535,
bind,nsec3,nonexistent.test-nsec3.example,cold,4269289,3,True,1788804167.7343266,
bind,nsec3,nonexistent.test-nsec3.example,cold,4083471,3,True,1788804167.7385445,
bind,nsec3,nonexistent.test-nsec3.example,cold,4541181,3,True,1788804167.7431793,
bind,nsec3,nonexistent.test-nsec3.example,cold,5475658,3,True,1788804167.7487578,
bind,nsec3,nonexistent.test-nsec3.example,cold,4116815,3,True,1788804167.7530217,
bind,nsec3,nonexistent.test-nsec3.example,cold,4458339,3,True,1788804167.7575822,
bind,nsec3,nonexistent.test-nsec3.example,cold,5245495,3,True,1788804167.7630064,
bind,nsec3,nonexistent.test-nsec3.example,cold,4758958,3,True,1788804167.7678359,
bind,nsec3,nonexistent.test-nsec3.example,cold,4852318,3,True,1788804167.7727683,
bind,nsec3,nonexistent.test-nsec3.example,cold,5158409,3,True,1788804167.7780235,
bind,nsec3,nonexistent.test-nsec3.example,cold,5643785,3,True,1788804167.7837925,
bind,nsec3,nonexistent.test-nsec3.example,cold,5420957,3,True,1788804167.78931,
bind,nsec3,nonexistent.test-nsec3.example,cold,4048026,3,True,1788804167.7935517,
bind,nsec3,nonexistent.test-nsec3.example,cold,5862287,3,True,1788804167.7995145,
bind,nsec3,nonexistent.test-nsec3.example,cold,5707697,3,True,1788804167.805325,
bind,nsec3,nonexistent.test-nsec3.example,cold,3817022,3,True,1788804167.8092592,
bind,nsec3,nonexistent.test-nsec3.example,cold,3825875,3,True,1788804167.8132071,
bind,nsec3,nonexistent.test-nsec3.example,cold,5330962,3,True,1788804167.818634,
bind,nsec3,nonexistent.test-nsec3.example,cold,4187393,3,True,1788804167.8229191,
bind,nsec3,nonexistent.test-nsec3.example,cold,3759799,3,True,1788804167.8267605,
bind,nsec3,nonexistent.test-nsec3.example,cold,3776122,3,True,1788804167.8306518,
bind,nsec3,nonexistent.test-nsec3.example,cold,3748116,3,True,1788804167.8345053,
bind,nsec3,nonexistent.test-nsec3.example,cold,5701106,3,True,1788804167.8403113,
bind,nsec3,nonexistent.test-nsec3.example,cold,3629549,3,True,1788804167.844041,
bind,nsec3,nonexistent.test-nsec3.example,cold,3992427,3,True,1788804167.8481317,
bind,nsec3,nonexistent.test-nsec3.example,cold,5055555,3,True,1788804167.8532767,
bind,nsec3,nonexistent.test-nsec3.example,cold,3805920,3,True,1788804167.8571863,
bind,nsec3,nonexistent.test-nsec3.example,cold,5393069,3,True,1788804167.8626804,
bind,nsec3,nonexistent.test-nsec3.example,cold,5110551,3,True,1788804167.867885,
bind,nsec3,nonexistent.test-nsec3.example,cold,4306682,3,True,1788804167.8723366,
bind,nsec3,nonexistent.test-nsec3.example,cold,4866835,3,True,1788804167.8773134,
bind,nsec3,nonexistent.test-nsec3.example,cold,4687190,3,True,1788804167.8821168,
bind,nsec3,nonexistent.test-nsec3.example,cold,8218668,3,True,1788804167.8904648,
bind,nsec3,nonexistent.test-nsec3.example,cold,4022274,3,True,1788804167.8945992,
bind,nsec3,nonexistent.test-nsec3.example,cold,3986129,3,True,1788804167.8986857,
bind,nsec3,nonexistent.test-nsec3.example,cold,4590037,3,True,1788804167.9033985,
bind,nsec3,nonexistent.test-nsec3.example,cold,4075264,3,True,1788804167.9075756,
bind,nsec3,nonexistent.test-nsec3.example,cold,4223359,3,True,1788804167.9119,
bind,nsec3,nonexistent.test-nsec3.example,cold,6944283,3,True,1788804167.9189472,
bind,nsec3,nonexistent.test-nsec3.example,cold,5030232,3,True,1788804167.924076,
bind,nsec3,nonexistent.test-nsec3.example,cold,5839580,3,True,1788804167.9300315,
bind,nsec3,nonexistent.test-nsec3.example,cold,4784946,3,True,1788804167.9349189,
bind,nsec3,nonexistent.test-nsec3.example,cold,4004290,3,True,1788804167.9390085,
bind,nsec3,nonexistent.test-nsec3.example,cold,5245193,3,True,1788804167.9443462,
bind,nsec3,nonexistent.test-nsec3.example,cold,4139694,3,True,1788804167.9485736,
bind,nsec3,nonexistent.test-nsec3.example,cold,6174792,3,True,1788804167.9549634,
bind,nsec3,nonexistent.test-nsec3.example,cold,5806547,3,True,1788804167.96086,
bind,nsec3,nonexistent.test-nsec3.example,cold,7926126,3,True,1788804167.9688814,
bind,nsec3,nonexistent.test-nsec3.example,cold,1745923,3,True,1788804167.9707928,
bind,nsec3,nonexistent.test-nsec3.example,cold,741636,3,True,1788804167.9716063,
bind,nsec3,nonexistent.test-nsec3.example,cold,845149,3,True,1788804167.9725199,
bind,nsec3,nonexistent.test-nsec3.example,cold,707519,3,True,1788804167.9732947,
bind,nsec3,nonexistent.test-nsec3.example,cold,712615,3,True,1788804167.9740717,
bind,nsec3,nonexistent.test-nsec3.example,cold,865158,3,True,1788804167.9750023,
bind,nsec3,nonexistent.test-nsec3.example,cold,813442,3,True,1788804167.9758997,
bind,nsec3,nonexistent.test-nsec3.example,cold,705101,3,True,1788804167.9766767,
bind,nsec3,nonexistent.test-nsec3.example,cold,770548,3,True,1788804167.9775016,
bind,nsec3,nonexistent.test-nsec3.example,cold,839963,3,True,1788804167.9784038,
bind,nsec3,nonexistent.test-nsec3.example,cold,701911,3,True,1788804167.9791687,
bind,nsec3,nonexistent.test-nsec3.example,cold,767395,3,True,1788804167.9800007,
bind,nsec3,nonexistent.test-nsec3.example,cold,703915,3,True,1788804167.9807684,
bind,nsec3,nonexistent.test-nsec3.example,cold,718579,3,True,1788804167.9815392,
bind,nsec3,nonexistent.test-nsec3.example,cold,755336,3,True,1788804167.9823499,
bind,nsec3,nonexistent.test-nsec3.example,cold,726499,3,True,1788804167.98314,
bind,nsec3,nonexistent.test-nsec3.example,cold,677700,3,True,1788804167.9838803,
bind,nsec3,nonexistent.test-nsec3.example,cold,542961,3,True,1788804167.9845548,
bind,nsec3,nonexistent.test-nsec3.example,cold,593735,3,True,1788804167.9852757,
bind,nsec3,nonexistent.test-nsec3.example,cold,777825,3,True,1788804167.9861102,
bind,nsec3,nonexistent.test-nsec3.example,cold,692591,3,True,1788804167.9868753,
bind,nsec3,nonexistent.test-nsec3.example,cold,696000,3,True,1788804167.9876337,
bind,nsec3,nonexistent.test-nsec3.example,cold,761933,3,True,1788804167.9884365,
bind,nsec3,nonexistent.test-nsec3.example,cold,665451,3,True,1788804167.9891548,
bind,nsec3,nonexistent.test-nsec3.example,cold,635572,3,True,1788804167.9898415,
bind,nsec3,nonexistent.test-nsec3.example,cold,770869,3,True,1788804167.9906585,
bind,nsec3,nonexistent.test-nsec3.example,cold,685928,3,True,1788804167.991397,
bind,nsec3,nonexistent.test-nsec3.example,cold,585183,3,True,1788804167.9920332,
bind,nsec3,nonexistent.test-nsec3.example,cold,726830,3,True,1788804167.9928172,
bind,nsec3,nonexistent.test-nsec3.example,cold,831889,3,True,1788804167.9937053,
bind,nsec3,nonexistent.test-nsec3.example,cold,746719,3,True,1788804167.9945173,
bind,nsec3,nonexistent.test-nsec3.example,cold,1179949,3,True,1788804167.9957507,
bind,nsec3,nonexistent.test-nsec3.example,cold,821686,3,True,1788804167.996652,
bind,nsec3,nonexistent.test-nsec3.example,cold,1849554,3,True,1788804167.998579,
bind,nsec3,nonexistent.test-nsec3.example,cold,1040592,3,True,1788804167.9997778,
bind,nsec3,nonexistent.test-nsec3.example,cold,1021845,3,True,1788804168.0008652,
bind,nsec3,nonexistent.test-nsec3.example,cold,899396,3,True,1788804168.0018485,
bind,nsec3,nonexistent.test-nsec3.example,cold,5816777,3,True,1788804168.0077388,
bind,nsec3,nonexistent.test-nsec3.example,cold,1067639,3,True,1788804168.0089104,
bind,nsec3,nonexistent.test-nsec3.example,cold,808534,3,True,1788804168.0098023,
bind,nsec3,nonexistent.test-nsec3.example,cold,800686,3,True,1788804168.0106678,
bind,nsec3,nonexistent.test-nsec3.example,cold,1060440,3,True,1788804168.0117948,
bind,nsec3,nonexistent.test-nsec3.example,cold,1435054,3,True,1788804168.0133073,
bind,nsec3,nonexistent.test-nsec3.example,cold,927705,3,True,1788804168.014314,
bind,nsec3,nonexistent.test-nsec3.example,cold,923101,3,True,1788804168.0153346,
bind,nsec3,nonexistent.test-nsec3.example,cold,857501,3,True,1788804168.0162663,
bind,nsec3,nonexistent.test-nsec3.example,cold,2946233,3,True,1788804168.0194118,
bind,nsec3,nonexistent.test-nsec3.example,cold,1241879,3,True,1788804168.0208158,
bind,nsec3,nonexistent.test-nsec3.example,cold,828369,3,True,1788804168.021795,
bind,nsec3,nonexistent.test-nsec3.example,cold,804375,3,True,1788804168.0226698,
bind,nsec3,nonexistent.test-nsec3.example,cold,771587,3,True,1788804168.0235102,
bind,nsec3,nonexistent.test-nsec3.example,cold,687753,3,True,1788804168.0242617,
bind,nsec3,nonexistent.test-nsec3.example,cold,807396,3,True,1788804168.0251873,
bind,nsec3,nonexistent.test-nsec3.example,cold,732774,3,True,1788804168.0259874,
bind,nsec3,nonexistent.test-nsec3.example,cold,813122,3,True,1788804168.0268583,
bind,nsec3,nonexistent.test-nsec3.example,cold,1286820,3,True,1788804168.0282125,
bind,nsec3,nonexistent.test-nsec3.example,cold,870157,3,True,1788804168.0291507,
bind,nsec3,nonexistent.test-nsec3.example,cold,1729025,3,True,1788804168.0309412,
bind,nsec3,nonexistent.test-nsec3.example,cold,821974,3,True,1788804168.0318477,
bind,nsec3,nonexistent.test-nsec3.example,cold,2759135,3,True,1788804168.0346797,
bind,nsec3,nonexistent.test-nsec3.example,cold,837573,3,True,1788804168.0355895,
bind,nsec3,nonexistent.test-nsec3.example,cold,843995,3,True,1788804168.0365067,
bind,nsec3,nonexistent.test-nsec3.example,cold,1936984,3,True,1788804168.038513,
bind,nsec3,nonexistent.test-nsec3.example,cold,885301,3,True,1788804168.0394838,
bind,nsec3,nonexistent.test-nsec3.example,cold,1430699,3,True,1788804168.0410724,
bind,nsec3,nonexistent.test-nsec3.example,cold,1097406,3,True,1788804168.0422568,
bind,nsec3,nonexistent.test-nsec3.example,cold,905788,3,True,1788804168.0432377,
bind,nsec3,nonexistent.test-nsec3.example,cold,720134,3,True,1788804168.0440407,
bind,nsec3,nonexistent.test-nsec3.example,cold,747846,3,True,1788804168.0448573,
bind,nsec3,nonexistent.test-nsec3.example,cold,721834,3,True,1788804168.045645,
bind,nsec3,nonexistent.test-nsec3.example,cold,975339,3,True,1788804168.0466835,
bind,nsec3,nonexistent.test-nsec3.example,cold,721715,3,True,1788804168.0474818,
bind,nsec3,nonexistent.test-nsec3.example,cold,676305,3,True,1788804168.048225,
bind,nsec3,nonexistent.test-nsec3.example,cold,752351,3,True,1788804168.0490394,
bind,nsec3,nonexistent.test-nsec3.example,cold,637222,3,True,1788804168.049738,
bind,nsec3,nonexistent.test-nsec3.example,cold,631771,3,True,1788804168.050428,
bind,nsec3,nonexistent.test-nsec3.example,cold,690048,3,True,1788804168.051171,
bind,nsec3,nonexistent.test-nsec3.example,cold,710598,3,True,1788804168.051938,
bind,nsec3,nonexistent.test-nsec3.example,cold,725884,3,True,1788804168.0527194,
bind,nsec3,nonexistent.test-nsec3.example,cold,713898,3,True,1788804168.0534804,
bind,nsec3,nonexistent.test-nsec3.example,cold,876309,3,True,1788804168.054407,
bind,nsec3,nonexistent.test-nsec3.example,cold,675269,3,True,1788804168.0551481,
bind,nsec3,nonexistent.test-nsec3.example,cold,777124,3,True,1788804168.055984,
bind,nsec3,nonexistent.test-nsec3.example,cold,771851,3,True,1788804168.056821,
bind,nsec3,nonexistent.test-nsec3.example,cold,621155,3,True,1788804168.0575042,
bind,nsec3,nonexistent.test-nsec3.example,cold,955427,3,True,1788804168.0585277,
bind,nsec3,nonexistent.test-nsec3.example,cold,709092,3,True,1788804168.0592945,
bind,nsec3,nonexistent.test-nsec3.example,cold,613368,3,True,1788804168.0599623,
bind,nsec3,nonexistent.test-nsec3.example,cold,674527,3,True,1788804168.0606906,
bind,nsec3,nonexistent.test-nsec3.example,cold,649270,3,True,1788804168.061396,
bind,nsec3,nonexistent.test-nsec3.example,cold,833482,3,True,1788804168.0622916,
bind,nsec3,nonexistent.test-nsec3.example,cold,744881,3,True,1788804168.0631216,
bind,nsec3,nonexistent.test-nsec3.example,cold,835633,3,True,1788804168.0640216,
bind,nsec3,nonexistent.test-nsec3.example,cold,729454,3,True,1788804168.0648699,
bind,nsec3,nonexistent.test-nsec3.example,cold,825865,3,True,1788804168.0657625,
bind,nsec3,nonexistent.test-nsec3.example,cold,854324,3,True,1788804168.066686,
bind,nsec3,nonexistent.test-nsec3.example,cold,665602,3,True,1788804168.067415,
bind,nsec3,nonexistent.test-nsec3.example,cold,645908,3,True,1788804168.0681198,
bind,nsec3,nonexistent.test-nsec3.example,cold,641378,3,True,1788804168.0688252,
bind,nsec3,nonexistent.test-nsec3.example,cold,820376,3,True,1788804168.069702,
bind,nsec3,nonexistent.test-nsec3.example,cold,645109,3,True,1788804168.070404,
bind,nsec3,nonexistent.test-nsec3.example,cold,751095,3,True,1788804168.0712297,
bind,nsec3,nonexistent.test-nsec3.example,cold,717787,3,True,1788804168.071998,
bind,nsec3,nonexistent.test-nsec3.example,cold,722608,3,True,1788804168.072788,
bind,nsec3,nonexistent.test-nsec3.example,cold,761428,3,True,1788804168.0736148,
bind,nsec3,nonexistent.test-nsec3.example,cold,721798,3,True,1788804168.0744007,
bind,nsec3,nonexistent.test-nsec3.example,cold,706663,3,True,1788804168.0751662,
bind,nsec3,nonexistent.test-nsec3.example,cold,786170,3,True,1788804168.0760233,
bind,nsec3,nonexistent.test-nsec3.example,cold,690444,3,True,1788804168.0767722,
bind,nsec3,nonexistent.test-nsec3.example,cold,711268,3,True,1788804168.0775366,
bind,nsec3,nonexistent.test-nsec3.example,cold,5865504,3,True,1788804168.0835478,
bind,nsec3,nonexistent.test-nsec3.example,cold,866063,3,True,1788804168.0845046,
bind,nsec3,nonexistent.test-nsec3.example,cold,737857,3,True,1788804168.0853148,
bind,nsec3,nonexistent.test-nsec3.example,cold,783181,3,True,1788804168.0861464,
bind,nsec3,nonexistent.test-nsec3.example,cold,735556,3,True,1788804168.0869596,
bind,nsec3,nonexistent.test-nsec3.example,cold,686674,3,True,1788804168.0877047,
bind,nsec3,nonexistent.test-nsec3.example,cold,650175,3,True,1788804168.0884106,
bind,nsec3,nonexistent.test-nsec3.example,cold,1675918,3,True,1788804168.0901558,
bind,nsec3,nonexistent.test-nsec3.example,cold,1013645,3,True,1788804168.0912564,
bind,nsec3,nonexistent.test-nsec3.example,cold,1116374,3,True,1788804168.0924678,
bind,nsec3,nonexistent.test-nsec3.example,cold,947484,3,True,1788804168.09349,
bind,nsec3,nonexistent.test-nsec3.example,cold,988734,3,True,1788804168.094551,
bind,nsec3,nonexistent.test-nsec3.example,cold,785520,3,True,1788804168.095412,
bind,nsec3,nonexistent.test-nsec3.example,cold,919593,3,True,1788804168.096401,
bind,nsec3,nonexistent.test-nsec3.example,cold,880476,3,True,1788804168.097397,
bind,nsec3,nonexistent.test-nsec3.example,cold,1046080,3,True,1788804168.098519,
bind,nsec3,nonexistent.test-nsec3.example,cold,1020616,3,True,1788804168.09969,
bind,nsec3,nonexistent.test-nsec3.example,cold,915092,3,True,1788804168.1007524,
bind,nsec3,nonexistent.test-nsec3.example,cold,762750,3,True,1788804168.1015909,
bind,nsec3,nonexistent.test-nsec3.example,cold,738353,3,True,1788804168.1025083,
bind,nsec3,nonexistent.test-nsec3.example,cold,752588,3,True,1788804168.1033363,
bind,nsec3,nonexistent.test-nsec3.example,cold,612585,3,True,1788804168.1041253,
bind,nsec3,nonexistent.test-nsec3.example,cold,744952,3,True,1788804168.1049683,
bind,nsec3,nonexistent.test-nsec3.example,cold,629949,3,True,1788804168.1056616,
bind,nsec3,nonexistent.test-nsec3.example,cold,711337,3,True,1788804168.1065173,
bind,nsec3,nonexistent.test-nsec3.example,cold,831440,3,True,1788804168.1074147,
bind,nsec3,nonexistent.test-nsec3.example,cold,955839,3,True,1788804168.1084304,
bind,nsec3,nonexistent.test-nsec3.example,cold,2924863,3,True,1788804168.1114447,
bind,nsec3,nonexistent.test-nsec3.example,cold,1094494,3,True,1788804168.1126518,
bind,nsec3,nonexistent.test-nsec3.example,cold,1151821,3,True,1788804168.1140442,
bind,nsec3,nonexistent.test-nsec3.example,cold,1157170,3,True,1788804168.1152804,
bind,nsec3,nonexistent.test-nsec3.example,cold,950511,3,True,1788804168.1162918,
bind,nsec3,nonexistent.test-nsec3.example,cold,996005,3,True,1788804168.1173668,
bind,nsec3,nonexistent.test-nsec3.example,cold,1337548,3,True,1788804168.1187806,
bind,nsec3,nonexistent.test-nsec3.example,cold,915541,3,True,1788804168.11978,
bind,nsec3,nonexistent.test-nsec3.example,cold,1127843,3,True,1788804168.120984,
bind,nsec3,nonexistent.test-nsec3.example,cold,775033,3,True,1788804168.1218286,
bind,nsec3,nonexistent.test-nsec3.example,cold,699748,3,True,1788804168.1225858,
bind,nsec3,nonexistent.test-nsec3.example,cold,633167,3,True,1788804168.123279,
bind,nsec3,nonexistent.test-nsec3.example,cold,789942,3,True,1788804168.1241295,
bind,nsec3,nonexistent.test-nsec3.example,cold,736979,3,True,1788804168.1249301,
bind,nsec3,nonexistent.test-nsec3.example,cold,717622,3,True,1788804168.1257024,
bind,nsec3,nonexistent.test-nsec3.example,cold,875927,3,True,1788804168.1266358,
bind,nsec3,nonexistent.test-nsec3.example,cold,704918,3,True,1788804168.1274083,
bind,nsec3,nonexistent.test-nsec3.example,cold,1021042,3,True,1788804168.1284878,
bind,nsec3,nonexistent.test-nsec3.example,cold,797752,3,True,1788804168.129344,
bind,nsec3,nonexistent.test-nsec3.example,cold,801218,3,True,1788804168.1302118,
bind,nsec3,nonexistent.test-nsec3.example,cold,736563,3,True,1788804168.131011,
bind,nsec3,nonexistent.test-nsec3.example,cold,747905,3,True,1788804168.1318219,
bind,nsec3,nonexistent.test-nsec3.example,cold,804749,3,True,1788804168.1326873,
bind,nsec3,nonexistent.test-nsec3.example,cold,723924,3,True,1788804168.1334724,
bind,nsec3,nonexistent.test-nsec3.example,cold,730511,3,True,1788804168.1342661,
bind,nsec3,nonexistent.test-nsec3.example,cold,805598,3,True,1788804168.135159,
bind,nsec3,nonexistent.test-nsec3.example,cold,808425,3,True,1788804168.136032,
bind,nsec3,nonexistent.test-nsec3.example,cold,666610,3,True,1788804168.1367552,
bind,nsec3,nonexistent.test-nsec3.example,cold,893974,3,True,1788804168.1377127,
bind,nsec3,nonexistent.test-nsec3.example,cold,782474,3,True,1788804168.1385646,
bind,nsec3,nonexistent.test-nsec3.example,cold,1062988,3,True,1788804168.1396968,
bind,nsec3,nonexistent.test-nsec3.example,cold,822113,3,True,1788804168.1405926,
bind,nsec3,nonexistent.test-nsec3.example,cold,696465,3,True,1788804168.1413527,
bind,nsec3,nonexistent.test-nsec3.example,cold,745727,3,True,1788804168.142156,
bind,nsec3,nonexistent.test-nsec3.example,cold,771745,3,True,1788804168.1429882,
bind,nsec3,nonexistent.test-nsec3.example,cold,703041,3,True,1788804168.1437562,
bind,nsec3,nonexistent.test-nsec3.example,cold,743049,3,True,1788804168.1445599,
bind,nsec3,nonexistent.test-nsec3.example,cold,856314,3,True,1788804168.1454806,
bind,nsec3,nonexistent.test-nsec3.example,cold,822279,3,True,1788804168.1465116,
bind,nsec3,nonexistent.test-nsec3.example,cold,1189953,3,True,1788804168.1477683,
bind,nsec3,nonexistent.test-nsec3.example,cold,995011,3,True,1788804168.1488311,
bind,nsec3,nonexistent.test-nsec3.example,cold,1089656,3,True,1788804168.149992,
bind,nsec3,nonexistent.test-nsec3.example,cold,1197545,3,True,1788804168.1512556,
bind,nsec3,nonexistent.test-nsec3.example,cold,917312,3,True,1788804168.1522427,
bind,nsec3,nonexistent.test-nsec3.example,cold,813196,3,True,1788804168.1531227,
bind,nsec3,nonexistent.test-nsec3.example,cold,851674,3,True,1788804168.1540499,
bind,nsec3,nonexistent.test-nsec3.example,cold,908228,3,True,1788804168.1550245,
bind,nsec3,nonexistent.test-nsec3.example,cold,872535,3,True,1788804168.1559658,
bind,nsec3,nonexistent.test-nsec3.example,cold,751163,3,True,1788804168.1567824,
bind,nsec3,nonexistent.test-nsec3.example,cold,832273,3,True,1788804168.1576967,
bind,nsec3,nonexistent.test-nsec3.example,cold,949941,3,True,1788804168.1587176,
bind,nsec3,nonexistent.test-nsec3.example,cold,860078,3,True,1788804168.1596527,
bind,nsec3,nonexistent.test-nsec3.example,cold,823579,3,True,1788804168.1606236,
bind,nsec3,nonexistent.test-nsec3.example,cold,737407,3,True,1788804168.1614292,
bind,nsec3,nonexistent.test-nsec3.example,cold,889257,3,True,1788804168.1623838,
bind,nsec3,nonexistent.test-nsec3.example,cold,819785,3,True,1788804168.1632817,
bind,nsec3,nonexistent.test-nsec3.example,cold,775506,3,True,1788804168.1641314,
bind,nsec3,nonexistent.test-nsec3.example,cold,795257,3,True,1788804168.164995,
bind,nsec3,nonexistent.test-nsec3.example,cold,731352,3,True,1788804168.1657898,
bind,nsec3,nonexistent.test-nsec3.example,cold,774007,3,True,1788804168.1666305,
bind,nsec3,nonexistent.test-nsec3.example,cold,781465,3,True,1788804168.1676843,
bind,nsec3,nonexistent.test-nsec3.example,cold,776025,3,True,1788804168.1685278,
bind,nsec3,nonexistent.test-nsec3.example,cold,773580,3,True,1788804168.1693704,
bind,nsec3,nonexistent.test-nsec3.example,cold,860374,3,True,1788804168.1702993,
bind,nsec3,nonexistent.test-nsec3.example,cold,757138,3,True,1788804168.171162,
bind,nsec3,nonexistent.test-nsec3.example,cold,735132,3,True,1788804168.1719604,
bind,nsec3,nonexistent.test-nsec3.example,cold,752597,3,True,1788804168.1728196,
bind,nsec3,nonexistent.test-nsec3.example,cold,638009,3,True,1788804168.1735077,
bind,nsec3,nonexistent.test-nsec3.example,cold,725186,3,True,1788804168.1743112,
bind,nsec3,nonexistent.test-nsec3.example,cold,641350,3,True,1788804168.1750338,
bind,nsec3,nonexistent.test-nsec3.example,cold,839005,3,True,1788804168.1759462,
bind,nsec3,nonexistent.test-nsec3.example,cold,681156,3,True,1788804168.1766913,
bind,nsec3,nonexistent.test-nsec3.example,cold,647790,3,True,1788804168.177438,
bind,nsec3,nonexistent.test-nsec3.example,cold,640102,3,True,1788804168.178159,
bind,nsec3,nonexistent.test-nsec3.example,cold,660147,3,True,1788804168.1788888,
bind,nsec3,nonexistent.test-nsec3.example,cold,703928,3,True,1788804168.1796823,
bind,nsec3,nonexistent.test-nsec3.example,cold,655953,3,True,1788804168.180443,
bind,nsec3,nonexistent.test-nsec3.example,cold,657593,3,True,1788804168.181223,
bind,nsec3,nonexistent.test-nsec3.example,cold,795006,3,True,1788804168.1820881,
bind,nsec3,nonexistent.test-nsec3.example,cold,1253784,3,True,1788804168.1833992,
bind,nsec3,nonexistent.test-nsec3.example,cold,877151,3,True,1788804168.1843467,
bind,nsec3,nonexistent.test-nsec3.example,cold,689153,3,True,1788804168.1851087,
bind,nsec3,nonexistent.test-nsec3.example,cold,813275,3,True,1788804168.1859944,
bind,nsec3,nonexistent.test-nsec3.example,cold,826744,3,True,1788804168.186884,
bind,nsec3,nonexistent.test-nsec3.example,cold,849020,3,True,1788804168.1878166,
bind,nsec3,nonexistent.test-nsec3.example,cold,616902,3,True,1788804168.1884985,
bind,nsec3,nonexistent.test-nsec3.example,cold,776536,3,True,1788804168.1893213,
bind,nsec3,nonexistent.test-nsec3.example,cold,548384,3,True,1788804168.1899345,
bind,nsec3,nonexistent.test-nsec3.example,cold,884692,3,True,1788804168.1908865,
bind,nsec3,nonexistent.test-nsec3.example,cold,790725,3,True,1788804168.191746,
bind,nsec3,nonexistent.test-nsec3.example,cold,736359,3,True,1788804168.1925542,
bind,nsec3,nonexistent.test-nsec3.example,cold,847447,3,True,1788804168.193468,
bind,nsec3,nonexistent.test-nsec3.example,cold,814208,3,True,1788804168.1943502,
bind,nsec3,nonexistent.test-nsec3.example,cold,802108,3,True,1788804168.1952124,
bind,nsec3,nonexistent.test-nsec3.example,cold,773908,3,True,1788804168.196051,
bind,nsec3,nonexistent.test-nsec3.example,cold,752145,3,True,1788804168.196976,
bind,nsec3,nonexistent.test-nsec3.example,cold,580928,3,True,1788804168.197618,
bind,nsec3,nonexistent.test-nsec3.example,cold,894948,3,True,1788804168.198611,
bind,nsec3,nonexistent.test-nsec3.example,cold,840051,3,True,1788804168.1995187,
bind,nsec3,nonexistent.test-nsec3.example,cold,2271665,3,True,1788804168.2018554,
bind,nsec3,nonexistent.test-nsec3.example,cold,1163847,3,True,1788804168.203087,
bind,nsec3,nonexistent.test-nsec3.example,cold,921925,3,True,1788804168.2041981,
bind,nsec3,nonexistent.test-nsec3.example,cold,984808,3,True,1788804168.205375,
bind,nsec3,nonexistent.test-nsec3.example,cold,674136,3,True,1788804168.2061164,
bind,nsec3,nonexistent.test-nsec3.example,cold,795881,3,True,1788804168.2069807,
bind,nsec3,nonexistent.test-nsec3.example,cold,624811,3,True,1788804168.2077906,
bind,nsec3,nonexistent.test-nsec3.example,cold,623845,3,True,1788804168.208459,
bind,nsec3,nonexistent.test-nsec3.example,cold,629188,3,True,1788804168.2091317,
bind,nsec3,nonexistent.test-nsec3.example,cold,725793,3,True,1788804168.209902,
bind,nsec3,nonexistent.test-nsec3.example,cold,750777,3,True,1788804168.2107177,
bind,nsec3,nonexistent.test-nsec3.example,cold,738085,3,True,1788804168.2115173,
bind,nsec3,nonexistent.test-nsec3.example,cold,1204532,3,True,1788804168.212779,
bind,nsec3,nonexistent.test-nsec3.example,cold,918088,3,True,1788804168.213768,
bind,nsec3,nonexistent.test-nsec3.example,cold,763339,3,True,1788804168.214594,
bind,nsec3,nonexistent.test-nsec3.example,cold,705242,3,True,1788804168.215363,
bind,nsec3,nonexistent.test-nsec3.example,cold,640786,3,True,1788804168.2160642,
bind,nsec3,nonexistent.test-nsec3.example,cold,784498,3,True,1788804168.2169087,
bind,nsec3,nonexistent.test-nsec3.example,cold,842436,3,True,1788804168.2178164,
bind,nsec3,nonexistent.test-nsec3.example,cold,730228,3,True,1788804168.2186105,
bind,nsec3,nonexistent.test-nsec3.example,cold,699151,3,True,1788804168.2193646,
bind,nsec3,nonexistent.test-nsec3.example,cold,585637,3,True,1788804168.2200053,
bind,nsec3,nonexistent.test-nsec3.example,cold,629140,3,True,1788804168.2208247,
bind,nsec3,nonexistent.test-nsec3.example,cold,665809,3,True,1788804168.2216017,
bind,nsec3,nonexistent.test-nsec3.example,cold,748898,3,True,1788804168.2225533,
bind,nsec3,nonexistent.test-nsec3.example,cold,661239,3,True,1788804168.2232692,
bind,nsec3,nonexistent.test-nsec3.example,cold,634829,3,True,1788804168.2239687,
bind,nsec3,nonexistent.test-nsec3.example,cold,874383,3,True,1788804168.2249002,
bind,nsec3,nonexistent.test-nsec3.example,cold,588545,3,True,1788804168.225558,
bind,nsec3,nonexistent.test-nsec3.example,cold,688040,3,True,1788804168.2263048,
bind,nsec3,nonexistent.test-nsec3.example,cold,1310042,3,True,1788804168.2276888,
bind,nsec3,nonexistent.test-nsec3.example,cold,796626,3,True,1788804168.2285507,
bind,nsec3,nonexistent.test-nsec3.example,cold,595667,3,True,1788804168.2292047,
bind,nsec3,nonexistent.test-nsec3.example,cold,1169865,3,True,1788804168.2304356,
bind,nsec3,nonexistent.test-nsec3.example,cold,1489155,3,True,1788804168.2319992,
bind,nsec3,nonexistent.test-nsec3.example,cold,687237,3,True,1788804168.2327554,
bind,nsec3,nonexistent.test-nsec3.example,cold,725179,3,True,1788804168.233543,
bind,nsec3,nonexistent.test-nsec3.example,cold,645142,3,True,1788804168.2342482,
bind,nsec3,nonexistent.test-nsec3.example,cold,698994,3,True,1788804168.2350037,
bind,nsec3,nonexistent.test-nsec3.example,cold,835160,3,True,1788804168.2358992,
bind,nsec3,nonexistent.test-nsec3.example,cold,1044202,3,True,1788804168.2370057,
bind,nsec3,nonexistent.test-nsec3.example,cold,736827,3,True,1788804168.2378101,
bind,nsec3,nonexistent.test-nsec3.example,cold,1643192,3,True,1788804168.239514,
bind,nsec3,nonexistent.test-nsec3.example,cold,3736112,3,True,1788804168.243342,
bind,nsec3,nonexistent.test-nsec3.example,cold,910285,3,True,1788804168.2443435,
bind,nsec3,nonexistent.test-nsec3.example,cold,945938,3,True,1788804168.2453556,
bind,nsec3,nonexistent.test-nsec3.example,cold,1115291,3,True,1788804168.2468102,
bind,nsec3,nonexistent.test-nsec3.example,cold,745737,3,True,1788804168.2476432,
bind,nsec3,nonexistent.test-nsec3.example,cold,703955,3,True,1788804168.2483933,
bind,nsec3,nonexistent.test-nsec3.example,cold,641209,3,True,1788804168.2490802,
bind,nsec3,nonexistent.test-nsec3.example,cold,590766,3,True,1788804168.2497892,
bind,nsec3,nonexistent.test-nsec3.example,cold,1072014,3,True,1788804168.250998,
bind,nsec3,nonexistent.test-nsec3.example,cold,673209,3,True,1788804168.2517529,
bind,nsec3,nonexistent.test-nsec3.example,cold,738913,3,True,1788804168.2525382,
bind,nsec3,nonexistent.test-nsec3.example,cold,556967,3,True,1788804168.2531464,
bind,nsec3,nonexistent.test-nsec3.example,cold,765479,3,True,1788804168.2539942,
bind,nsec3,nonexistent.test-nsec3.example,cold,644802,3,True,1788804168.2547002,
bind,nsec3,nonexistent.test-nsec3.example,cold,755443,3,True,1788804168.2555187,
bind,nsec3,nonexistent.test-nsec3.example,cold,706048,3,True,1788804168.2562864,
bind,nsec3,nonexistent.test-nsec3.example,cold,667768,3,True,1788804168.2570004,
bind,nsec3,nonexistent.test-nsec3.example,cold,629247,3,True,1788804168.257679,
bind,nsec3,nonexistent.test-nsec3.example,cold,746957,3,True,1788804168.258473,
bind,nsec3,nonexistent.test-nsec3.example,cold,1105747,3,True,1788804168.2596397,
bind,nsec3,nonexistent.test-nsec3.example,cold,687078,3,True,1788804168.2603934,
bind,nsec3,nonexistent.test-nsec3.example,cold,678664,3,True,1788804168.2611756,
bind,nsec3,nonexistent.test-nsec3.example,cold,683956,3,True,1788804168.261925,
bind,nsec3,nonexistent.test-nsec3.example,cold,643984,3,True,1788804168.2627184,
bind,nsec3,nonexistent.test-nsec3.example,cold,829922,3,True,1788804168.2636073,
bind,nsec3,nonexistent.test-nsec3.example,cold,657074,3,True,1788804168.2644353,
bind,nsec3,nonexistent.test-nsec3.example,cold,611548,3,True,1788804168.2651653,
bind,nsec3,nonexistent.test-nsec3.example,cold,546206,3,True,1788804168.26579,
bind,nsec3,nonexistent.test-nsec3.example,cold,576795,3,True,1788804168.2664926,
bind,nsec3,nonexistent.test-nsec3.example,cold,876563,3,True,1788804168.2674284,
bind,nsec3,nonexistent.test-nsec3.example,cold,694859,3,True,1788804168.2681866,
bind,nsec3,nonexistent.test-nsec3.example,cold,685296,3,True,1788804168.2690043,
bind,nsec3,nonexistent.test-nsec3.example,cold,609282,3,True,1788804168.2696705,
bind,nsec3,nonexistent.test-nsec3.example,cold,578407,3,True,1788804168.2703125,
bind,nsec3,nonexistent.test-nsec3.example,cold,1536136,3,True,1788804168.2720401,
bind,nsec3,nonexistent.test-nsec3.example,cold,742377,3,True,1788804168.2728577,
bind,nsec3,nonexistent.test-nsec3.example,cold,702705,3,True,1788804168.273773,
bind,nsec3,nonexistent.test-nsec3.example,cold,585035,3,True,1788804168.2744186,
bind,nsec3,nonexistent.test-nsec3.example,cold,584890,3,True,1788804168.2751193,
bind,nsec3,nonexistent.test-nsec3.example,cold,1223707,3,True,1788804168.2779942,
bind,nsec3,nonexistent.test-nsec3.example,cold,1355894,3,True,1788804168.2795947,
bind,nsec3,nonexistent.test-nsec3.example,cold,1054887,3,True,1788804168.2809484,
bind,nsec3,nonexistent.test-nsec3.example,cold,774986,3,True,1788804168.281792,
bind,nsec3,nonexistent.test-nsec3.example,cold,964997,3,True,1788804168.282821,
bind,nsec3,nonexistent.test-nsec3.example,cold,692696,3,True,1788804168.2835858,
bind,nsec3,nonexistent.test-nsec3.example,cold,734650,3,True,1788804168.2844586,
bind,nsec3,nonexistent.test-nsec3.example,cold,820916,3,True,1788804168.285349,
bind,nsec3,nonexistent.test-nsec3.example,cold,668343,3,True,1788804168.2860851,
bind,nsec3,nonexistent.test-nsec3.example,cold,600790,3,True,1788804168.2868385,
bind,nsec3,nonexistent.test-nsec3.example,cold,751445,3,True,1788804168.2876585,
bind,nsec3,nonexistent.test-nsec3.example,cold,650801,3,True,1788804168.2883804,
bind,nsec3,nonexistent.test-nsec3.example,cold,865212,3,True,1788804168.2893784,
bind,nsec3,nonexistent.test-nsec3.example,cold,943364,3,True,1788804168.2903922,
bind,nsec3,nonexistent.test-nsec3.example,cold,830054,3,True,1788804168.2912924,
bind,nsec3,nonexistent.test-nsec3.example,cold,714958,3,True,1788804168.2920628,
bind,nsec3,nonexistent.test-nsec3.example,cold,850437,3,True,1788804168.292979,
bind,nsec3,nonexistent.test-nsec3.example,cold,791557,3,True,1788804168.2938347,
bind,nsec3,nonexistent.test-nsec3.example,cold,989937,3,True,1788804168.2949622,
bind,nsec3,nonexistent.test-nsec3.example,cold,820937,3,True,1788804168.2958603,
bind,nsec3,nonexistent.test-nsec3.example,cold,931265,3,True,1788804168.296864,
bind,nsec3,nonexistent.test-nsec3.example,cold,761322,3,True,1788804168.2976916,
bind,nsec3,nonexistent.test-nsec3.example,cold,806122,3,True,1788804168.2986627,
bind,nsec3,nonexistent.test-nsec3.example,cold,643798,3,True,1788804168.299462,
bind,nsec3,nonexistent.test-nsec3.example,cold,640396,3,True,1788804168.3002517,
bind,nsec3,nonexistent.test-nsec3.example,cold,694734,3,True,1788804168.3011098,
bind,nsec3,nonexistent.test-nsec3.example,cold,1191173,3,True,1788804168.3023856,
bind,nsec3,nonexistent.test-nsec3.example,cold,773375,3,True,1788804168.3032308,
bind,nsec3,nonexistent.test-nsec3.example,cold,683197,3,True,1788804168.3039594,
bind,nsec3,nonexistent.test-nsec3.example,cold,776005,3,True,1788804168.304781,
bind,nsec3,nonexistent.test-nsec3.example,cold,585609,3,True,1788804168.3054533,
bind,nsec3,nonexistent.test-nsec3.example,cold,737821,3,True,1788804168.3062515,
bind,nsec3,nonexistent.test-nsec3.example,cold,1188322,3,True,1788804168.3076243,
bind,nsec3,nonexistent.test-nsec3.example,cold,728524,3,True,1788804168.3084402,
bind,nsec3,nonexistent.test-nsec3.example,cold,654398,3,True,1788804168.3091426,
bind,nsec3,nonexistent.test-nsec3.example,cold,617912,3,True,1788804168.309807,
bind,nsec3,nonexistent.test-nsec3.example,cold,639281,3,True,1788804168.3104942,
bind,nsec3,nonexistent.test-nsec3.example,cold,712894,3,True,1788804168.311275,
bind,nsec3,nonexistent.test-nsec3.example,cold,676205,3,True,1788804168.3120146,
bind,nsec3,nonexistent.test-nsec3.example,cold,710257,3,True,1788804168.3127966,
bind,nsec3,nonexistent.test-nsec3.example,cold,825251,3,True,1788804168.3137715,
bind,nsec3,nonexistent.test-nsec3.example,cold,701414,3,True,1788804168.3145413,
bind,nsec3,nonexistent.test-nsec3.example,cold,615274,3,True,1788804168.3152463,
bind,nsec3,nonexistent.test-nsec3.example,cold,692682,3,True,1788804168.3160415,
bind,nsec3,nonexistent.test-nsec3.example,cold,626792,3,True,1788804168.3167684,
bind,nsec3,nonexistent.test-nsec3.example,cold,5029257,3,True,1788804168.321932,
bind,nsec3,nonexistent.test-nsec3.example,cold,1179280,3,True,1788804168.3232853,
bind,nsec3,nonexistent.test-nsec3.example,cold,1133827,3,True,1788804168.324671,
bind,nsec3,nonexistent.test-nsec3.example,cold,974797,3,True,1788804168.3258305,
bind,nsec3,nonexistent.test-nsec3.example,cold,1036152,3,True,1788804168.327184,
bind,nsec3,nonexistent.test-nsec3.example,cold,1049563,3,True,1788804168.3283172,
bind,nsec3,nonexistent.test-nsec3.example,cold,856260,3,True,1788804168.3292522,
bind,nsec3,nonexistent.test-nsec3.example,cold,941328,3,True,1788804168.330291,
bind,nsec3,nonexistent.test-nsec3.example,cold,1167812,3,True,1788804168.3315792,
bind,nsec3,nonexistent.test-nsec3.example,cold,1448986,3,True,1788804168.3331027,
bind,nsec3,nonexistent.test-nsec3.example,cold,1247141,3,True,1788804168.334501,
bind,nsec3,nonexistent.test-nsec3.example,cold,946286,3,True,1788804168.3355458,
bind,nsec3,nonexistent.test-nsec3.example,cold,1150028,3,True,1788804168.3367913,
bind,nsec3,nonexistent.test-nsec3.example,cold,1172542,3,True,1788804168.3380754,
bind,nsec3,nonexistent.test-nsec3.example,cold,1526108,3,True,1788804168.3396783,
bind,nsec3,nonexistent.test-nsec3.example,cold,965479,3,True,1788804168.3408008,
bind,nsec3,nonexistent.test-nsec3.example,cold,1067078,3,True,1788804168.3419514,
bind,nsec3,nonexistent.test-nsec3.example,cold,1554929,3,True,1788804168.343637,
bind,nsec3,nonexistent.test-nsec3.example,cold,1296411,3,True,1788804168.3450148,
bind,nsec3,nonexistent.test-nsec3.example,cold,1390414,3,True,1788804168.346566,
bind,nsec3,nonexistent.test-nsec3.example,cold,858383,3,True,1788804168.3475463,
bind,nsec3,nonexistent.test-nsec3.example,cold,1107724,3,True,1788804168.3488286,
bind,nsec3,nonexistent.test-nsec3.example,cold,1148101,3,True,1788804168.350173,
bind,nsec3,nonexistent.test-nsec3.example,cold,1007086,3,True,1788804168.3512688,
bind,nsec3,nonexistent.test-nsec3.example,cold,1048060,3,True,1788804168.3523989,
bind,nsec3,nonexistent.test-nsec3.example,cold,1307933,3,True,1788804168.3538148,
bind,nsec3,nonexistent.test-nsec3.example,cold,1039454,3,True,1788804168.3550582,
bind,nsec3,nonexistent.test-nsec3.example,cold,809518,3,True,1788804168.35607,
bind,nsec3,nonexistent.test-nsec3.example,cold,764755,3,True,1788804168.3569577,
bind,nsec3,nonexistent.test-nsec3.example,cold,904716,3,True,1788804168.357915,
bind,nsec3,nonexistent.test-nsec3.example,cold,2170174,3,True,1788804168.3601954,
bind,nsec3,nonexistent.test-nsec3.example,cold,2069668,3,True,1788804168.3624105,
bind,nsec3,nonexistent.test-nsec3.example,cold,1695902,3,True,1788804168.3641932,
bind,nsec3,nonexistent.test-nsec3.example,cold,1061226,3,True,1788804168.3654785,
bind,nsec3,nonexistent.test-nsec3.example,cold,854972,3,True,1788804168.366466,
bind,nsec3,nonexistent.test-nsec3.example,cold,801204,3,True,1788804168.3673344,
bind,nsec3,nonexistent.test-nsec3.example,cold,699987,3,True,1788804168.3681812,
bind,nsec3,nonexistent.test-nsec3.example,cold,655689,3,True,1788804168.3689775,
bind,nsec3,nonexistent.test-nsec3.example,cold,734147,3,True,1788804168.3697624,
bind,nsec3,nonexistent.test-nsec3.example,cold,738038,3,True,1788804168.3705854,
bind,nsec3,nonexistent.test-nsec3.example,cold,754590,3,True,1788804168.3714094,
bind,nsec3,nonexistent.test-nsec3.example,cold,644835,3,True,1788804168.3721032,
bind,nsec3,nonexistent.test-nsec3.example,cold,726889,3,True,1788804168.37288,
bind,nsec3,nonexistent.test-nsec3.example,cold,698478,3,True,1788804168.373635,
bind,nsec3,nonexistent.test-nsec3.example,cold,799945,3,True,1788804168.3744843,
bind,nsec3,nonexistent.test-nsec3.example,cold,676636,3,True,1788804168.3752162,
bind,nsec3,nonexistent.test-nsec3.example,cold,701583,3,True,1788804168.3759747,
bind,nsec3,nonexistent.test-nsec3.example,cold,718832,3,True,1788804168.37674,
bind,nsec3,nonexistent.test-nsec3.example,cold,696207,3,True,1788804168.3774948,
bind,nsec3,nonexistent.test-nsec3.example,cold,649033,3,True,1788804168.3781886,
bind,nsec3,nonexistent.test-nsec3.example,cold,699976,3,True,1788804168.3789346,
bind,nsec3,nonexistent.test-nsec3.example,cold,764356,3,True,1788804168.379758,
bind,nsec3,nonexistent.test-nsec3.example,cold,664077,3,True,1788804168.3804786,
bind,nsec3,nonexistent.test-nsec3.example,cold,662952,3,True,1788804168.3811965,
bind,nsec3,nonexistent.test-nsec3.example,cold,741539,3,True,1788804168.3819907,
bind,nsec3,nonexistent.test-nsec3.example,cold,904544,3,True,1788804168.3829546,
bind,nsec3,nonexistent.test-nsec3.example,cold,757933,3,True,1788804168.3838375,
bind,nsec3,nonexistent.test-nsec3.example,cold,785475,3,True,1788804168.3846812,
bind,nsec3,nonexistent.test-nsec3.example,cold,958792,3,True,1788804168.3857157,
bind,nsec3,nonexistent.test-nsec3.example,cold,1301894,3,True,1788804168.387126,
bind,nsec3,nonexistent.test-nsec3.example,cold,1344213,3,True,1788804168.389476,
bind,nsec3,nonexistent.test-nsec3.example,cold,1985126,3,True,1788804168.3916416,
bind,nsec3,nonexistent.test-nsec3.example,cold,1088639,3,True,1788804168.3928246,
bind,nsec3,nonexistent.test-nsec3.example,cold,4560102,3,True,1788804168.397535,
bind,nsec3,nonexistent.test-nsec3.example,cold,1222662,3,True,1788804168.3989623,
bind,nsec3,nonexistent.test-nsec3.example,cold,1753341,3,True,1788804168.4008193,
bind,nsec3,nonexistent.test-nsec3.example,cold,1020868,3,True,1788804168.40195,
bind,nsec3,nonexistent.test-nsec3.example,cold,2655342,3,True,1788804168.404699,
bind,nsec3,nonexistent.test-nsec3.example,cold,3080879,3,True,1788804168.408086,
bind,nsec3,nonexistent.test-nsec3.example,cold,2030284,3,True,1788804168.410417,
bind,nsec3,nonexistent.test-nsec3.example,cold,3916650,3,True,1788804168.4145217,
bind,nsec3,nonexistent.test-nsec3.example,cold,1267605,3,True,1788804168.4159062,
bind,nsec3,nonexistent.test-nsec3.example,cold,1334482,3,True,1788804168.417482,
bind,nsec3,nonexistent.test-nsec3.example,cold,1479140,3,True,1788804168.419053,
bind,nsec3,nonexistent.test-nsec3.example,cold,1513325,3,True,1788804168.420661,
bind,nsec3,nonexistent.test-nsec3.example,cold,2172446,3,True,1788804168.4229374,
bind,nsec3,nonexistent.test-nsec3.example,cold,1126640,3,True,1788804168.4242616,
bind,nsec3,nonexistent.test-nsec3.example,cold,1058806,3,True,1788804168.425403,
bind,nsec3,nonexistent.test-nsec3.example,cold,1345601,3,True,1788804168.4268463,
bind,nsec3,nonexistent.test-nsec3.example,cold,942815,3,True,1788804168.4278815,
bind,nsec3,nonexistent.test-nsec3.example,cold,1056982,3,True,1788804168.4291542,
bind,nsec3,nonexistent.test-nsec3.example,cold,1487026,3,True,1788804168.4308245,
bind,nsec3,nonexistent.test-nsec3.example,cold,2165973,3,True,1788804168.4330962,
bind,nsec3,nonexistent.test-nsec3.example,cold,1432729,3,True,1788804168.4347286,
bind,nsec3,nonexistent.test-nsec3.example,cold,1887298,3,True,1788804168.4367063,
bind,nsec3,nonexistent.test-nsec3.example,cold,2886005,3,True,1788804168.4396813,
bind,nsec3,nonexistent.test-nsec3.example,cold,1997443,3,True,1788804168.4417734,
bind,nsec3,nonexistent.test-nsec3.example,cold,2484569,3,True,1788804168.4443703,
bind,nsec3,nonexistent.test-nsec3.example,cold,1328329,3,True,1788804168.4459574,
bind,nsec3,nonexistent.test-nsec3.example,cold,938475,3,True,1788804168.4470887,
bind,nsec3,nonexistent.test-nsec3.example,cold,1118566,3,True,1788804168.4482863,
bind,nsec3,nonexistent.test-nsec3.example,cold,1182444,3,True,1788804168.4495614,
bind,nsec3,nonexistent.test-nsec3.example,cold,1206541,3,True,1788804168.4508464,
bind,nsec3,nonexistent.test-nsec3.example,cold,1083733,3,True,1788804168.4520044,
bind,nsec3,nonexistent.test-nsec3.example,cold,1128576,3,True,1788804168.4532108,
bind,nsec3,nonexistent.test-nsec3.example,cold,1084225,3,True,1788804168.4543877,
bind,nsec3,nonexistent.test-nsec3.example,cold,1466930,3,True,1788804168.4559362,
bind,nsec3,nonexistent.test-nsec3.example,cold,1276201,3,True,1788804168.4573019,
bind,nsec3,nonexistent.test-nsec3.example,cold,1062681,3,True,1788804168.4585211,
bind,nsec3,nonexistent.test-nsec3.example,cold,1424085,3,True,1788804168.4600315,
bind,nsec3,nonexistent.test-nsec3.example,cold,939651,3,True,1788804168.4610593,
bind,nsec3,nonexistent.test-nsec3.example,cold,838884,3,True,1788804168.4619782,
bind,nsec3,nonexistent.test-nsec3.example,cold,843378,3,True,1788804168.462902,
bind,nsec3,nonexistent.test-nsec3.example,cold,871731,3,True,1788804168.463843,
bind,nsec3,nonexistent.test-nsec3.example,cold,1624684,3,True,1788804168.4655445,
bind,nsec3,nonexistent.test-nsec3.example,cold,1378027,3,True,1788804168.4670177,
bind,nsec3,nonexistent.test-nsec3.example,cold,1083033,3,True,1788804168.4681866,
bind,nsec3,nonexistent.test-nsec3.example,cold,965848,3,True,1788804168.469227,
bind,nsec3,nonexistent.test-nsec3.example,cold,858543,3,True,1788804168.470154,
bind,nsec3,nonexistent.test-nsec3.example,cold,1071287,3,True,1788804168.4712944,
bind,nsec3,nonexistent.test-nsec3.example,cold,855180,3,True,1788804168.4722164,
bind,nsec3,nonexistent.test-nsec3.example,cold,901665,3,True,1788804168.4731965,
bind,nsec3,nonexistent.test-nsec3.example,cold,1150801,3,True,1788804168.474534,
bind,nsec3,nonexistent.test-nsec3.example,cold,909190,3,True,1788804168.4755268,
bind,nsec3,nonexistent.test-nsec3.example,cold,828502,3,True,1788804168.4765928,
bind,nsec3,nonexistent.test-nsec3.example,cold,909763,3,True,1788804168.4777064,
bind,nsec3,nonexistent.test-nsec3.example,cold,835770,3,True,1788804168.4787698,
bind,nsec3,nonexistent.test-nsec3.example,cold,1104225,3,True,1788804168.4801283,
bind,nsec3,nonexistent.test-nsec3.example,cold,2085476,3,True,1788804168.4822931,
bind,nsec3,nonexistent.test-nsec3.example,cold,1293402,3,True,1788804168.4837313,
bind,nsec3,nonexistent.test-nsec3.example,cold,1070607,3,True,1788804168.4848866,
bind,nsec3,nonexistent.test-nsec3.example,cold,903485,3,True,1788804168.4859018,
bind,nsec3,nonexistent.test-nsec3.example,cold,733558,3,True,1788804168.4867065,
bind,nsec3,nonexistent.test-nsec3.example,cold,762711,3,True,1788804168.4875383,
bind,nsec3,nonexistent.test-nsec3.example,cold,969519,3,True,1788804168.48858,
bind,nsec3,nonexistent.test-nsec3.example,cold,878490,3,True,1788804168.489526,
bind,nsec3,nonexistent.test-nsec3.example,cold,893408,3,True,1788804168.4905088,
bind,nsec3,nonexistent.test-nsec3.example,cold,848698,3,True,1788804168.4914312,
bind,nsec3,nonexistent.test-nsec3.example,cold,803014,3,True,1788804168.4923024,
bind,nsec3,nonexistent.test-nsec3.example,cold,1045337,3,True,1788804168.4934123,
bind,nsec3,nonexistent.test-nsec3.example,cold,1081696,3,True,1788804168.4946196,
bind,nsec3,nonexistent.test-nsec3.example,cold,1048656,3,True,1788804168.4957592,
bind,nsec3,nonexistent.test-nsec3.example,cold,1235512,3,True,1788804168.4971814,
bind,nsec3,nonexistent.test-nsec3.example,cold,999930,3,True,1788804168.498258,
bind,nsec3,nonexistent.test-nsec3.example,cold,901296,3,True,1788804168.4992607,
bind,nsec3,nonexistent.test-nsec3.example,cold,1033625,3,True,1788804168.5003755,
bind,nsec3,nonexistent.test-nsec3.example,cold,1005076,3,True,1788804168.5014548,
bind,nsec3,nonexistent.test-nsec3.example,cold,898379,3,True,1788804168.5024314,
bind,nsec3,nonexistent.test-nsec3.example,cold,867101,3,True,1788804168.5033798,
bind,nsec3,nonexistent.test-nsec3.example,cold,1162606,3,True,1788804168.5046349,
bind,nsec3,nonexistent.test-nsec3.example,cold,992751,3,True,1788804168.505712,
bind,nsec3,nonexistent.test-nsec3.example,cold,926478,3,True,1788804168.5067148,
bind,nsec3,nonexistent.test-nsec3.example,cold,1116083,3,True,1788804168.5079067,
bind,nsec3,nonexistent.test-nsec3.example,cold,1130151,3,True,1788804168.50911,
bind,nsec3,nonexistent.test-nsec3.example,cold,1646342,3,True,1788804168.5108306,
bind,nsec3,nonexistent.test-nsec3.example,cold,4352887,3,True,1788804168.5152972,
bind,nsec3,nonexistent.test-nsec3.example,cold,1786303,3,True,1788804168.5172338,
bind,nsec3,nonexistent.test-nsec3.example,cold,1552815,3,True,1788804168.518993,
bind,nsec3,nonexistent.test-nsec3.example,cold,1090633,3,True,1788804168.520185,
bind,nsec3,nonexistent.test-nsec3.example,cold,1320172,3,True,1788804168.521589,
bind,nsec3,nonexistent.test-nsec3.example,cold,1722541,3,True,1788804168.52353,
bind,nsec3,nonexistent.test-nsec3.example,cold,964850,3,True,1788804168.524587,
bind,nsec3,nonexistent.test-nsec3.example,cold,896045,3,True,1788804168.5255606,
bind,nsec3,nonexistent.test-nsec3.example,cold,925222,3,True,1788804168.5265582,
bind,nsec3,nonexistent.test-nsec3.example,cold,796465,3,True,1788804168.5274258,
bind,nsec3,nonexistent.test-nsec3.example,cold,901719,3,True,1788804168.5283961,
bind,nsec3,nonexistent.test-nsec3.example,cold,1073448,3,True,1788804168.529544,
bind,nsec3,nonexistent.test-nsec3.example,cold,1063463,3,True,1788804168.5306928,
bind,nsec3,nonexistent.test-nsec3.example,cold,1010401,3,True,1788804168.5317814,
bind,nsec3,nonexistent.test-nsec3.example,cold,1169227,3,True,1788804168.533027,
bind,nsec3,nonexistent.test-nsec3.example,cold,998585,3,True,1788804168.5341048,
bind,nsec3,nonexistent.test-nsec3.example,cold,1279521,3,True,1788804168.53546,
bind,nsec3,nonexistent.test-nsec3.example,cold,1438575,3,True,1788804168.5369868,
bind,nsec3,nonexistent.test-nsec3.example,cold,1178753,3,True,1788804168.5383575,
bind,nsec3,nonexistent.test-nsec3.example,cold,1048709,3,True,1788804168.539507,
bind,nsec3,nonexistent.test-nsec3.example,cold,936146,3,True,1788804168.5405166,
bind,nsec3,nonexistent.test-nsec3.example,cold,1235453,3,True,1788804168.5418262,
bind,nsec3,nonexistent.test-nsec3.example,cold,1005748,3,True,1788804168.5429187,
bind,nsec3,nonexistent.test-nsec3.example,cold,1082794,3,True,1788804168.54408,
bind,nsec3,nonexistent.test-nsec3.example,cold,2620533,3,True,1788804168.5467749,
bind,nsec3,nonexistent.test-nsec3.example,cold,970758,3,True,1788804168.547984,
bind,nsec3,nonexistent.test-nsec3.example,cold,860358,3,True,1788804168.549042,
bind,nsec3,nonexistent.test-nsec3.example,cold,924977,3,True,1788804168.550039,
bind,nsec3,nonexistent.test-nsec3.example,cold,880783,3,True,1788804168.550993,
bind,nsec3,nonexistent.test-nsec3.example,cold,862475,3,True,1788804168.551927,
bind,nsec3,nonexistent.test-nsec3.example,cold,1003010,3,True,1788804168.553059,
bind,nsec3,nonexistent.test-nsec3.example,cold,747114,3,True,1788804168.553881,
bind,nsec3,nonexistent.test-nsec3.example,cold,1020036,3,True,1788804168.5549698,
bind,nsec3,nonexistent.test-nsec3.example,cold,1035318,3,True,1788804168.5560753,
bind,nsec3,nonexistent.test-nsec3.example,cold,1039704,3,True,1788804168.557265,
bind,nsec3,nonexistent.test-nsec3.example,cold,924330,3,True,1788804168.5582576,
bind,nsec3,nonexistent.test-nsec3.example,cold,801253,3,True,1788804168.5591307,
bind,nsec3,nonexistent.test-nsec3.example,cold,809306,3,True,1788804168.5600095,
bind,nsec3,nonexistent.test-nsec3.example,cold,1289346,3,True,1788804168.561796,
bind,nsec3,nonexistent.test-nsec3.example,cold,1067629,3,True,1788804168.562946,
bind,nsec3,nonexistent.test-nsec3.example,cold,1121988,3,True,1788804168.5641713,
bind,nsec3,nonexistent.test-nsec3.example,cold,1117610,3,True,1788804168.5654292,
bind,nsec3,nonexistent.test-nsec3.example,cold,910055,3,True,1788804168.5664175,
bind,nsec3,nonexistent.test-nsec3.example,cold,929096,3,True,1788804168.567477,
bind,nsec3,nonexistent.test-nsec3.example,cold,926913,3,True,1788804168.568476,
bind,nsec3,nonexistent.test-nsec3.example,cold,1108944,3,True,1788804168.5696602,
bind,nsec3,nonexistent.test-nsec3.example,cold,1025890,3,True,1788804168.570771,
bind,nsec3,nonexistent.test-nsec3.example,cold,1200689,3,True,1788804168.5721035,
bind,nsec3,nonexistent.test-nsec3.example,cold,1023914,3,True,1788804168.5732036,
bind,nsec3,nonexistent.test-nsec3.example,cold,995069,3,True,1788804168.5742686,
bind,nsec3,nonexistent.test-nsec3.example,cold,1278350,3,True,1788804168.5757692,
bind,nsec3,nonexistent.test-nsec3.example,cold,1170250,3,True,1788804168.577014,
bind,nsec3,nonexistent.test-nsec3.example,cold,965466,3,True,1788804168.578055,
bind,nsec3,nonexistent.test-nsec3.example,cold,1212169,3,True,1788804168.5793378,
bind,nsec3,nonexistent.test-nsec3.example,cold,1693429,3,True,1788804168.5811245,
bind,nsec3,nonexistent.test-nsec3.example,cold,1675982,3,True,1788804168.582901,
bind,nsec3,nonexistent.test-nsec3.example,cold,4004407,3,True,1788804168.58701,
bind,nsec3,nonexistent.test-nsec3.example,cold,1585476,3,True,1788804168.5887082,
bind,nsec3,nonexistent.test-nsec3.example,cold,1295558,3,True,1788804168.590105,
bind,nsec3,nonexistent.test-nsec3.example,cold,1394097,3,True,1788804168.591584,
bind,nsec3,nonexistent.test-nsec3.example,cold,1433930,3,True,1788804168.593108,
bind,nsec3,nonexistent.test-nsec3.example,cold,1742216,3,True,1788804168.59495,
bind,nsec3,nonexistent.test-nsec3.example,cold,1219839,3,True,1788804168.596268,
bind,nsec3,nonexistent.test-nsec3.example,cold,1007577,3,True,1788804168.5974603,
bind,nsec3,nonexistent.test-nsec3.example,cold,953681,3,True,1788804168.5985026,
bind,nsec3,nonexistent.test-nsec3.example,cold,1026067,3,True,1788804168.599604,
bind,nsec3,nonexistent.test-nsec3.example,cold,1124115,3,True,1788804168.600804,
bind,nsec3,nonexistent.test-nsec3.example,cold,1196468,3,True,1788804168.6020916,
bind,nsec3,nonexistent.test-nsec3.example,cold,1031898,3,True,1788804168.6032424,
bind,nsec3,nonexistent.test-nsec3.example,cold,941869,3,True,1788804168.604271,
bind,nsec3,nonexistent.test-nsec3.example,cold,984745,3,True,1788804168.6053302,
bind,nsec3,nonexistent.test-nsec3.example,cold,1048582,3,True,1788804168.6065135,
bind,nsec3,nonexistent.test-nsec3.example,cold,3053974,3,True,1788804168.6096764,
bind,nsec3,nonexistent.test-nsec3.example,cold,1587149,3,True,1788804168.6114035,
bind,nsec3,nonexistent.test-nsec3.example,cold,1837688,3,True,1788804168.6133575,
bind,nsec3,nonexistent.test-nsec3.example,cold,1347611,3,True,1788804168.6148021,
bind,nsec3,nonexistent.test-nsec3.example,cold,1696621,3,True,1788804168.616575,
bind,nsec3,nonexistent.test-nsec3.example,cold,1151424,3,True,1788804168.6178098,
bind,nsec3,nonexistent.test-nsec3.example,cold,888232,3,True,1788804168.6187727,
bind,nsec3,nonexistent.test-nsec3.example,cold,794000,3,True,1788804168.6196387,
bind,nsec3,nonexistent.test-nsec3.example,cold,938524,3,True,1788804168.6207418,
bind,nsec3,nonexistent.test-nsec3.example,cold,785833,3,True,1788804168.6215951,
bind,nsec3,nonexistent.test-nsec3.example,cold,870776,3,True,1788804168.6226149,
bind,nsec3,nonexistent.test-nsec3.example,cold,890431,3,True,1788804168.6239908,
bind,nsec3,nonexistent.test-nsec3.example,cold,868006,3,True,1788804168.624933,
bind,nsec3,nonexistent.test-nsec3.example,cold,1097978,3,True,1788804168.6261034,
bind,nsec3,nonexistent.test-nsec3.example,cold,2104672,3,True,1788804168.6283162,
bind,nsec3,nonexistent.test-nsec3.example,cold,968174,3,True,1788804168.62945,
bind,nsec3,nonexistent.test-nsec3.example,cold,914161,3,True,1788804168.630437,
bind,nsec3,nonexistent.test-nsec3.example,cold,1211946,3,True,1788804168.6318448,
bind,nsec3,nonexistent.test-nsec3.example,cold,1075180,3,True,1788804168.632992,
bind,nsec3,nonexistent.test-nsec3.example,cold,948954,3,True,1788804168.634065,
bind,nsec3,nonexistent.test-nsec3.example,cold,908014,3,True,1788804168.6350536,
bind,nsec3,nonexistent.test-nsec3.example,cold,897597,3,True,1788804168.636018,
bind,nsec3,nonexistent.test-nsec3.example,cold,998633,3,True,1788804168.6371605,
bind,nsec3,nonexistent.test-nsec3.example,cold,1285864,3,True,1788804168.638523,
bind,nsec3,nonexistent.test-nsec3.example,cold,4335418,3,True,1788804168.642937,
bind,nsec3,nonexistent.test-nsec3.example,cold,2244439,3,True,1788804168.645345,
bind,nsec3,nonexistent.test-nsec3.example,cold,947218,3,True,1788804168.646392,
bind,nsec3,nonexistent.test-nsec3.example,cold,1246946,3,True,1788804168.6477172,
bind,nsec3,nonexistent.test-nsec3.example,cold,1085280,3,True,1788804168.648884,
bind,nsec3,nonexistent.test-nsec3.example,cold,1213656,3,True,1788804168.6501763,
bind,nsec3,nonexistent.test-nsec3.example,cold,1091074,3,True,1788804168.6513398,
bind,nsec3,nonexistent.test-nsec3.example,cold,1163863,3,True,1788804168.6525838,
bind,nsec3,nonexistent.test-nsec3.example,cold,1329249,3,True,1788804168.6540008,
bind,nsec3,nonexistent.test-nsec3.example,cold,1090192,3,True,1788804168.6551745,
bind,nsec3,nonexistent.test-nsec3.example,cold,923651,3,True,1788804168.6563005,
bind,nsec3,nonexistent.test-nsec3.example,cold,800878,3,True,1788804168.657178,
bind,nsec3,nonexistent.test-nsec3.example,cold,949193,3,True,1788804168.6582005,
bind,nsec3,nonexistent.test-nsec3.example,cold,928183,3,True,1788804168.65921,
bind,nsec3,nonexistent.test-nsec3.example,cold,859916,3,True,1788804168.6601415,
bind,nsec3,nonexistent.test-nsec3.example,cold,865215,3,True,1788804168.661078,
bind,nsec3,nonexistent.test-nsec3.example,cold,854965,3,True,1788804168.6620302,
bind,nsec3,nonexistent.test-nsec3.example,cold,845546,3,True,1788804168.6629403,
bind,nsec3,nonexistent.test-nsec3.example,cold,786066,3,True,1788804168.6637893,
bind,nsec3,nonexistent.test-nsec3.example,cold,814443,3,True,1788804168.6647248,
bind,nsec3,nonexistent.test-nsec3.example,cold,865442,3,True,1788804168.6656725,
bind,nsec3,nonexistent.test-nsec3.example,cold,796346,3,True,1788804168.666552,
bind,nsec3,nonexistent.test-nsec3.example,cold,831220,3,True,1788804168.6674342,
bind,nsec3,nonexistent.test-nsec3.example,cold,675539,3,True,1788804168.6681848,
bind,nsec3,nonexistent.test-nsec3.example,cold,646365,3,True,1788804168.6689055,
bind,nsec3,nonexistent.test-nsec3.example,cold,908491,3,True,1788804168.6699278,
bind,nsec3,nonexistent.test-nsec3.example,cold,809916,3,True,1788804168.6708198,
bind,nsec3,nonexistent.test-nsec3.example,cold,913262,3,True,1788804168.6718025,
bind,nsec3,nonexistent.test-nsec3.example,cold,1618538,3,True,1788804168.6735117,
bind,nsec3,nonexistent.test-nsec3.example,cold,1001100,3,True,1788804168.6746004,
bind,nsec3,nonexistent.test-nsec3.example,cold,1076268,3,True,1788804168.675749,
bind,nsec3,nonexistent.test-nsec3.example,cold,869442,3,True,1788804168.6766877,
bind,nsec3,nonexistent.test-nsec3.example,cold,1095870,3,True,1788804168.6778543,
bind,nsec3,nonexistent.test-nsec3.example,cold,3036623,3,True,1788804168.6809652,
bind,nsec3,nonexistent.test-nsec3.example,cold,2142892,3,True,1788804168.6832027,
bind,nsec3,nonexistent.test-nsec3.example,cold,938820,3,True,1788804168.6842356,
bind,nsec3,nonexistent.test-nsec3.example,cold,1080485,3,True,1788804168.685409,
bind,nsec3,nonexistent.test-nsec3.example,cold,888550,3,True,1788804168.6863725,
bind,nsec3,nonexistent.test-nsec3.example,cold,1175296,3,True,1788804168.6876197,
bind,nsec3,nonexistent.test-nsec3.example,cold,1083054,3,True,1788804168.6888595,
bind,nsec3,nonexistent.test-nsec3.example,cold,879376,3,True,1788804168.689813,
bind,nsec3,nonexistent.test-nsec3.example,cold,917189,3,True,1788804168.6909142,
bind,nsec3,nonexistent.test-nsec3.example,cold,811501,3,True,1788804168.691877,
bind,nsec3,nonexistent.test-nsec3.example,cold,3173525,3,True,1788804168.7008712,
bind,nsec3,nonexistent.test-nsec3.example,cold,1379453,3,True,1788804168.7044702,
bind,nsec3,nonexistent.test-nsec3.example,cold,868488,3,True,1788804168.7054973,
bind,nsec3,nonexistent.test-nsec3.example,cold,728618,3,True,1788804168.7063003,
bind,nsec3,nonexistent.test-nsec3.example,cold,925712,3,True,1788804168.7074273,
bind,nsec3,nonexistent.test-nsec3.example,cold,913062,3,True,1788804168.7084181,
bind,nsec3,nonexistent.test-nsec3.example,cold,835791,3,True,1788804168.7093213,
bind,nsec3,nonexistent.test-nsec3.example,cold,770325,3,True,1788804168.710161,
bind,nsec3,nonexistent.test-nsec3.example,cold,2933943,3,True,1788804168.7131648,
bind,nsec3,nonexistent.test-nsec3.example,cold,768682,3,True,1788804168.714117,
bind,nsec3,nonexistent.test-nsec3.example,cold,751437,3,True,1788804168.714942,
bind,nsec3,nonexistent.test-nsec3.example,cold,657757,3,True,1788804168.7156663,
bind,nsec3,nonexistent.test-nsec3.example,cold,609688,3,True,1788804168.716342,
bind,nsec3,nonexistent.test-nsec3.example,cold,710981,3,True,1788804168.7171144,
bind,nsec3,nonexistent.test-nsec3.example,cold,586404,3,True,1788804168.7177622,
bind,nsec3,nonexistent.test-nsec3.example,cold,940787,3,True,1788804168.7187598,
bind,nsec3,nonexistent.test-nsec3.example,cold,738552,3,True,1788804168.7195635,
bind,nsec3,nonexistent.test-nsec3.example,cold,730997,3,True,1788804168.720357,
bind,nsec3,nonexistent.test-nsec3.example,cold,779851,3,True,1788804168.7211962,
bind,nsec3,nonexistent.test-nsec3.example,cold,683359,3,True,1788804168.7219944,
bind,nsec3,nonexistent.test-nsec3.example,cold,647043,3,True,1788804168.7227523,
bind,nsec3,nonexistent.test-nsec3.example,cold,669071,3,True,1788804168.723487,
bind,nsec3,nonexistent.test-nsec3.example,cold,647044,3,True,1788804168.7241971,
bind,nsec3,nonexistent.test-nsec3.example,cold,667711,3,True,1788804168.7249312,
bind,nsec3,nonexistent.test-nsec3.example,cold,651674,3,True,1788804168.7256458,
bind,nsec3,nonexistent.test-nsec3.example,cold,753800,3,True,1788804168.7265387,
bind,nsec3,nonexistent.test-nsec3.example,cold,760436,3,True,1788804168.7273493,
bind,nsec3,nonexistent.test-nsec3.example,cold,625679,3,True,1788804168.7280385,
bind,nsec3,nonexistent.test-nsec3.example,cold,950924,3,True,1788804168.729039,
bind,nsec3,nonexistent.test-nsec3.example,cold,734127,3,True,1788804168.729845,
bind,nsec3,nonexistent.test-nsec3.example,cold,931356,3,True,1788804168.7308629,
bind,nsec3,nonexistent.test-nsec3.example,cold,655631,3,True,1788804168.7315862,
bind,nsec3,nonexistent.test-nsec3.example,cold,663614,3,True,1788804168.732294,
bind,nsec3,nonexistent.test-nsec3.example,cold,885241,3,True,1788804168.7332273,
bind,nsec3,nonexistent.test-nsec3.example,cold,755425,3,True,1788804168.734045,
bind,nsec3,nonexistent.test-nsec3.example,cold,812907,3,True,1788804168.7350209,
bind,nsec3,nonexistent.test-nsec3.example,cold,739552,3,True,1788804168.7358232,
bind,nsec3,nonexistent.test-nsec3.example,cold,683881,3,True,1788804168.7367258,
bind,nsec3,nonexistent.test-nsec3.example,cold,650695,3,True,1788804168.7374284,
bind,nsec3,nonexistent.test-nsec3.example,cold,674130,3,True,1788804168.738212,
bind,nsec3,nonexistent.test-nsec3.example,cold,697619,3,True,1788804168.7389767,
bind,nsec3,nonexistent.test-nsec3.example,cold,711058,3,True,1788804168.7398057,
bind,nsec3,nonexistent.test-nsec3.example,cold,759706,3,True,1788804168.7406244,
bind,nsec3,nonexistent.test-nsec3.example,cold,764340,3,True,1788804168.741508,
bind,nsec3,nonexistent.test-nsec3.example,cold,819926,3,True,1788804168.7423909,
bind,nsec3,nonexistent.test-nsec3.example,cold,842773,3,True,1788804168.7433147,
bind,nsec3,nonexistent.test-nsec3.example,cold,1810204,3,True,1788804168.745196,
bind,nsec3,nonexistent.test-nsec3.example,cold,891812,3,True,1788804168.7461667,
bind,nsec3,nonexistent.test-nsec3.example,cold,886583,3,True,1788804168.7471268,
bind,nsec3,nonexistent.test-nsec3.example,cold,722374,3,True,1788804168.7479632,
bind,nsec3,nonexistent.test-nsec3.example,cold,790598,3,True,1788804168.74887,
bind,nsec3,nonexistent.test-nsec3.example,cold,808728,3,True,1788804168.749737,
bind,nsec3,nonexistent.test-nsec3.example,cold,978119,3,True,1788804168.750785,
bind,nsec3,nonexistent.test-nsec3.example,cold,1042787,3,True,1788804168.7519057,
bind,nsec3,nonexistent.test-nsec3.example,cold,949221,3,True,1788804168.7529385,
bind,nsec3,nonexistent.test-nsec3.example,cold,970410,3,True,1788804168.7540526,
bind,nsec3,nonexistent.test-nsec3.example,cold,4658859,3,True,1788804168.7587905,
bind,nsec3,nonexistent.test-nsec3.example,cold,1221379,3,True,1788804168.7600858,
bind,nsec3,nonexistent.test-nsec3.example,cold,1224550,3,True,1788804168.7614014,
bind,nsec3,nonexistent.test-nsec3.example,cold,861040,3,True,1788804168.762386,
bind,nsec3,nonexistent.test-nsec3.example,cold,854896,3,True,1788804168.7633183,
bind,nsec3,nonexistent.test-nsec3.example,cold,706986,3,True,1788804168.7640932,
bind,nsec3,nonexistent.test-nsec3.example,cold,722553,3,True,1788804168.7648742,
bind,nsec3,nonexistent.test-nsec3.example,cold,733561,3,True,1788804168.7656713,
bind,nsec3,nonexistent.test-nsec3.example,cold,759415,3,True,1788804168.766491,
bind,nsec3,nonexistent.test-nsec3.example,cold,827780,3,True,1788804168.7673776,
bind,nsec3,nonexistent.test-nsec3.example,cold,786622,3,True,1788804168.7682276,
bind,nsec3,nonexistent.test-nsec3.example,cold,644237,3,True,1788804168.7689302,
bind,nsec3,nonexistent.test-nsec3.example,cold,676867,3,True,1788804168.7696624,
bind,nsec3,nonexistent.test-nsec3.example,cold,778442,3,True,1788804168.7704976,
bind,nsec3,nonexistent.test-nsec3.example,cold,748126,3,True,1788804168.7713506,
bind,nsec3,nonexistent.test-nsec3.example,cold,658048,3,True,1788804168.7720644,
bind,nsec3,nonexistent.test-nsec3.example,cold,723760,3,True,1788804168.7728503,
bind,nsec3,nonexistent.test-nsec3.example,cold,803630,3,True,1788804168.7737124,
bind,nsec3,nonexistent.test-nsec3.example,cold,855075,3,True,1788804168.774638,
bind,nsec3,nonexistent.test-nsec3.example,cold,1488619,3,True,1788804168.7761889,
bind,nsec3,nonexistent.test-nsec3.example,cold,863750,3,True,1788804168.7771206,
bind,nsec3,nonexistent.test-nsec3.example,cold,744981,3,True,1788804168.7779303,
bind,nsec3,nonexistent.test-nsec3.example,cold,621429,3,True,1788804168.7786095,
bind,nsec3,nonexistent.test-nsec3.example,cold,719374,3,True,1788804168.7793794,
bind,nsec3,nonexistent.test-nsec3.example,cold,1016218,3,True,1788804168.7805161,
bind,nsec3,nonexistent.test-nsec3.example,cold,711540,3,True,1788804168.7812953,
bind,nsec3,nonexistent.test-nsec3.example,cold,981709,3,True,1788804168.7823606,
bind,nsec3,nonexistent.test-nsec3.example,cold,693936,3,True,1788804168.7831228,
bind,nsec3,nonexistent.test-nsec3.example,cold,799528,3,True,1788804168.7839785,
bind,nsec3,nonexistent.test-nsec3.example,cold,655143,3,True,1788804168.7846918,
bind,nsec3,nonexistent.test-nsec3.example,cold,717910,3,True,1788804168.7854733,
bind,nsec3,nonexistent.test-nsec3.example,cold,812999,3,True,1788804168.7863517,
bind,nsec3,nonexistent.test-nsec3.example,cold,798186,3,True,1788804168.7872148,
bind,nsec3,nonexistent.test-nsec3.example,cold,4513756,3,True,1788804168.7917933,
bind,nsec3,nonexistent.test-nsec3.example,cold,1039644,3,True,1788804168.7929425,
bind,nsec3,nonexistent.test-nsec3.example,cold,769532,3,True,1788804168.7937918,
bind,nsec3,nonexistent.test-nsec3.example,cold,1063486,3,True,1788804168.7949185,
bind,nsec3,nonexistent.test-nsec3.example,cold,732565,3,True,1788804168.7957208,
bind,nsec3,nonexistent.test-nsec3.example,cold,983804,3,True,1788804168.796768,
bind,nsec3,nonexistent.test-nsec3.example,cold,800773,3,True,1788804168.7976391,
bind,nsec3,nonexistent.test-nsec3.example,cold,765244,3,True,1788804168.7984664,
bind,nsec3,nonexistent.test-nsec3.example,cold,816561,3,True,1788804168.7993505,
bind,nsec3,nonexistent.test-nsec3.example,cold,679025,3,True,1788804168.800097,
bind,nsec3,nonexistent.test-nsec3.example,cold,814144,3,True,1788804168.800971,
bind,nsec3,nonexistent.test-nsec3.example,cold,877192,3,True,1788804168.8019161,
bind,nsec3,nonexistent.test-nsec3.example,cold,833680,3,True,1788804168.8028247,
bind,nsec3,nonexistent.test-nsec3.example,cold,816605,3,True,1788804168.8037047,
bind,nsec3,nonexistent.test-nsec3.example,cold,842019,3,True,1788804168.8046339,
bind,nsec3,nonexistent.test-nsec3.example,cold,900404,3,True,1788804168.8056583,
bind,nsec3,nonexistent.test-nsec3.example,cold,735977,3,True,1788804168.80646,
bind,nsec3,nonexistent.test-nsec3.example,cold,886681,3,True,1788804168.8074186,
bind,nsec3,nonexistent.test-nsec3.example,cold,626787,3,True,1788804168.8081126,
bind,nsec3,nonexistent.test-nsec3.example,cold,738948,3,True,1788804168.80892,
bind,nsec3,nonexistent.test-nsec3.example,cold,830309,3,True,1788804168.8098147,
bind,nsec3,nonexistent.test-nsec3.example,cold,717506,3,True,1788804168.8106008,
bind,nsec3,nonexistent.test-nsec3.example,cold,708105,3,True,1788804168.8113675,
bind,nsec3,nonexistent.test-nsec3.example,cold,846449,3,True,1788804168.812272,
bind,nsec3,nonexistent.test-nsec3.example,cold,787822,3,True,1788804168.81313,
bind,nsec3,nonexistent.test-nsec3.example,cold,840034,3,True,1788804168.814037,
bind,nsec3,nonexistent.test-nsec3.example,cold,895393,3,True,1788804168.8150043,
bind,nsec3,nonexistent.test-nsec3.example,cold,833859,3,True,1788804168.8159106,
bind,nsec3,nonexistent.test-nsec3.example,cold,927096,3,True,1788804168.8169107,
bind,nsec3,nonexistent.test-nsec3.example,cold,927941,3,True,1788804168.817913,
bind,nsec3,nonexistent.test-nsec3.example,cold,1069670,3,True,1788804168.819057,
bind,nsec3,nonexistent.test-nsec3.example,cold,916017,3,True,1788804168.820055,
bind,nsec3,nonexistent.test-nsec3.example,cold,1037460,3,True,1788804168.8211613,
bind,nsec3,nonexistent.test-nsec3.example,cold,854268,3,True,1788804168.8220863,
bind,nsec3,nonexistent.test-nsec3.example,cold,913177,3,True,1788804168.8230722,
bind,nsec3,nonexistent.test-nsec3.example,cold,1579602,3,True,1788804168.8247225,
bind,nsec3,nonexistent.test-nsec3.example,cold,1122923,3,True,1788804168.8259237,
bind,nsec3,nonexistent.test-nsec3.example,cold,907109,3,True,1788804168.8269053,
bind,nsec3,nonexistent.test-nsec3.example,cold,937663,3,True,1788804168.8279157,
bind,nsec3,nonexistent.test-nsec3.example,cold,753981,3,True,1788804168.8287451,
bind,nsec3,nonexistent.test-nsec3.example,cold,943717,3,True,1788804168.8297591,
bind,nsec3,nonexistent.test-nsec3.example,cold,976117,3,True,1788804168.8308036,
bind,nsec3,nonexistent.test-nsec3.example,cold,932430,3,True,1788804168.83181,
bind,nsec3,nonexistent.test-nsec3.example,cold,893645,3,True,1788804168.8327737,
bind,nsec3,nonexistent.test-nsec3.example,cold,840873,3,True,1788804168.8337836,
bind,nsec3,nonexistent.test-nsec3.example,cold,3044889,3,True,1788804168.8369036,
bind,nsec3,nonexistent.test-nsec3.example,cold,1937724,3,True,1788804168.8390207,
bind,nsec3,nonexistent.test-nsec3.example,cold,1612338,3,True,1788804168.8408723,
bind,nsec3,nonexistent.test-nsec3.example,cold,1559743,3,True,1788804168.8425384,
bind,nsec3,nonexistent.test-nsec3.example,cold,2029923,3,True,1788804168.8447728,
bind,nsec3,nonexistent.test-nsec3.example,cold,964081,3,True,1788804168.8458636,
bind,nsec3,nonexistent.test-nsec3.example,cold,1077654,3,True,1788804168.8470228,
bind,nsec3,nonexistent.test-nsec3.example,cold,1431921,3,True,1788804168.8485236,
bind,nsec3,nonexistent.test-nsec3.example,cold,842077,3,True,1788804168.8494377,
bind,nsec3,nonexistent.test-nsec3.example,cold,711436,3,True,1788804168.8502114,
bind,nsec3,nonexistent.test-nsec3.example,cold,774870,3,True,1788804168.8510518,
bind,nsec3,nonexistent.test-nsec3.example,cold,755532,3,True,1788804168.8518655,
bind,nsec3,nonexistent.test-nsec3.example,cold,684797,3,True,1788804168.852618,
bind,nsec3,nonexistent.test-nsec3.example,cold,769808,3,True,1788804168.8535151,
bind,nsec3,nonexistent.test-nsec3.example,cold,880735,3,True,1788804168.854452,
bind,nsec3,nonexistent.test-nsec3.example,cold,728532,3,True,1788804168.8552535,
bind,nsec3,nonexistent.test-nsec3.example,cold,773460,3,True,1788804168.8560934,
bind,nsec3,nonexistent.test-nsec3.example,cold,748470,3,True,1788804168.8569024,
bind,nsec3,nonexistent.test-nsec3.example,cold,874350,3,True,1788804168.8578446,
bind,nsec3,nonexistent.test-nsec3.example,cold,844005,3,True,1788804168.8587635,
bind,nsec3,nonexistent.test-nsec3.example,cold,672897,3,True,1788804168.859504,
bind,nsec3,nonexistent.test-nsec3.example,cold,928352,3,True,1788804168.860579,
bind,nsec3,nonexistent.test-nsec3.example,cold,698782,3,True,1788804168.8613515,
bind,nsec3,nonexistent.test-nsec3.example,cold,1893203,3,True,1788804168.8633044,
bind,nsec3,nonexistent.test-nsec3.example,cold,942624,3,True,1788804168.8643162,
bind,nsec3,nonexistent.test-nsec3.example,cold,707669,3,True,1788804168.8650913,
bind,nsec3,nonexistent.test-nsec3.example,cold,734822,3,True,1788804168.8658886,
bind,nsec3,nonexistent.test-nsec3.example,cold,665632,3,True,1788804168.8666189,
bind,nsec3,nonexistent.test-nsec3.example,cold,934740,3,True,1788804168.8676167,
bind,nsec3,nonexistent.test-nsec3.example,cold,846146,3,True,1788804168.8685207,
bind,nsec3,nonexistent.test-nsec3.example,cold,671010,3,True,1788804168.8692586,
bind,nsec3,nonexistent.test-nsec3.example,cold,738442,3,True,1788804168.8700528,
bind,nsec3,nonexistent.test-nsec3.example,cold,621205,3,True,1788804168.870737,
bind,nsec3,nonexistent.test-nsec3.example,cold,799593,3,True,1788804168.8715932,
bind,nsec3,nonexistent.test-nsec3.example,cold,713031,3,True,1788804168.8723688,
bind,nsec3,nonexistent.test-nsec3.example,cold,914047,3,True,1788804168.8733451,
bind,nsec3,nonexistent.test-nsec3.example,cold,729581,3,True,1788804168.874135,
bind,nsec3,nonexistent.test-nsec3.example,cold,674880,3,True,1788804168.8748708,
bind,nsec3,nonexistent.test-nsec3.example,cold,665334,3,True,1788804168.8755887,
bind,nsec3,nonexistent.test-nsec3.example,cold,710786,3,True,1788804168.8764222,
bind,nsec3,nonexistent.test-nsec3.example,cold,688348,3,True,1788804168.8771632,
bind,nsec3,nonexistent.test-nsec3.example,cold,742699,3,True,1788804168.8779564,
bind,nsec3,nonexistent.test-nsec3.example,cold,725873,3,True,1788804168.878737,
bind,nsec3,nonexistent.test-nsec3.example,cold,732565,3,True,1788804168.8795474,
bind,nsec3,nonexistent.test-nsec3.example,cold,665481,3,True,1788804168.8802745,
bind,nsec3,nonexistent.test-nsec3.example,cold,773776,3,True,1788804168.881101,
bind,nsec3,nonexistent.test-nsec3.example,cold,3304338,3,True,1788804168.8844688,
bind,nsec3,nonexistent.test-nsec3.example,cold,4295674,3,True,1788804168.8888655,
bind,nsec3,nonexistent.test-nsec3.example,cold,1116938,3,True,1788804168.890195,
bind,nsec3,nonexistent.test-nsec3.example,cold,988278,3,True,1788804168.8912823,
bind,nsec3,nonexistent.test-nsec3.example,cold,1140280,3,True,1788804168.8925037,
bind,nsec3,nonexistent.test-nsec3.example,cold,1187920,3,True,1788804168.8937824,
bind,nsec3,nonexistent.test-nsec3.example,cold,1430094,3,True,1788804168.8953,
bind,nsec3,nonexistent.test-nsec3.example,cold,1419749,3,True,1788804168.8968046,
bind,nsec3,nonexistent.test-nsec3.example,cold,1076878,3,True,1788804168.8979814,
bind,nsec3,nonexistent.test-nsec3.example,cold,911983,3,True,1788804168.8989677,
bind,nsec3,nonexistent.test-nsec3.example,cold,692633,3,True,1788804168.8997257,
bind,nsec3,nonexistent.test-nsec3.example,cold,806273,3,True,1788804168.9005997,
bind,nsec3,nonexistent.test-nsec3.example,cold,2484929,3,True,1788804168.9031522,
bind,nsec3,nonexistent.test-nsec3.example,cold,926423,3,True,1788804168.9042585,
bind,nsec3,nonexistent.test-nsec3.example,cold,798875,3,True,1788804168.9051359,
bind,nsec3,nonexistent.test-nsec3.example,cold,819813,3,True,1788804168.9060824,
bind,nsec3,nonexistent.test-nsec3.example,cold,1203611,3,True,1788804168.907341,
bind,nsec3,nonexistent.test-nsec3.example,cold,822496,3,True,1788804168.9082243,
bind,nsec3,nonexistent.test-nsec3.example,cold,713108,3,True,1788804168.9090059,
bind,nsec3,nonexistent.test-nsec3.example,cold,2805227,3,True,1788804168.911865,
bind,nsec3,nonexistent.test-nsec3.example,cold,5333401,3,True,1788804168.917283,
bind,nsec3,nonexistent.test-nsec3.example,cold,7140351,3,True,1788804168.9245486,
bind,nsec3,nonexistent.test-nsec3.example,cold,4294572,3,True,1788804168.9290025,
bind,nsec3,nonexistent.test-nsec3.example,cold,3740171,3,True,1788804168.9328635,
bind,nsec3,nonexistent.test-nsec3.example,cold,5498358,3,True,1788804168.938468,
bind,nsec3,nonexistent.test-nsec3.example,cold,4033331,3,True,1788804168.9426358,
bind,nsec3,nonexistent.test-nsec3.example,cold,4392498,3,True,1788804168.9471204,
bind,nsec3,nonexistent.test-nsec3.example,cold,5070664,3,True,1788804168.9522903,
bind,nsec3,nonexistent.test-nsec3.example,cold,5235348,3,True,1788804168.9576144,
bind,nsec3,nonexistent.test-nsec3.example,cold,9129560,3,True,1788804168.9668453,
bind,nsec3,nonexistent.test-nsec3.example,cold,4420889,3,True,1788804168.9713674,
bind,nsec3,nonexistent.test-nsec3.example,cold,5170627,3,True,1788804168.9766376,
bind,nsec3,nonexistent.test-nsec3.example,cold,6411986,3,True,1788804168.9831622,
bind,nsec3,nonexistent.test-nsec3.example,cold,5096079,3,True,1788804168.988374,
bind,nsec3,nonexistent.test-nsec3.example,cold,4188246,3,True,1788804168.9926522,
bind,nsec3,nonexistent.test-nsec3.example,cold,3758720,3,True,1788804168.9964952,
bind,nsec3,nonexistent.test-nsec3.example,cold,5284902,3,True,1788804169.0018682,
bind,nsec3,nonexistent.test-nsec3.example,cold,6857518,3,True,1788804169.008808,
bind,nsec3,nonexistent.test-nsec3.example,cold,4153637,3,True,1788804169.0130339,
bind,nsec3,nonexistent.test-nsec3.example,cold,8149789,3,True,1788804169.0212948,
bind,nsec3,nonexistent.test-nsec3.example,cold,5786783,3,True,1788804169.0272148,
bind,nsec3,nonexistent.test-nsec3.example,cold,7661697,3,True,1788804169.0349822,
bind,nsec3,nonexistent.test-nsec3.example,cold,4765184,3,True,1788804169.0400379,
bind,nsec3,nonexistent.test-nsec3.example,cold,3850371,3,True,1788804169.0439558,
bind,nsec3,nonexistent.test-nsec3.example,cold,4415300,3,True,1788804169.0484428,
bind,nsec3,nonexistent.test-nsec3.example,cold,5162856,3,True,1788804169.053711,
bind,nsec3,nonexistent.test-nsec3.example,cold,4769116,3,True,1788804169.0585558,
bind,nsec3,nonexistent.test-nsec3.example,cold,4963518,3,True,1788804169.0636978,
bind,nsec3,nonexistent.test-nsec3.example,cold,5053006,3,True,1788804169.0688665,
bind,nsec3,nonexistent.test-nsec3.example,cold,5023501,3,True,1788804169.0739667,
bind,nsec3,nonexistent.test-nsec3.example,cold,5781048,3,True,1788804169.0798454,
bind,nsec3,nonexistent.test-nsec3.example,cold,4029766,3,True,1788804169.0839915,
bind,nsec3,nonexistent.test-nsec3.example,cold,5058763,3,True,1788804169.0891528,
bind,nsec3,nonexistent.test-nsec3.example,cold,4951792,3,True,1788804169.0941823,
bind,nsec3,nonexistent.test-nsec3.example,cold,3924298,3,True,1788804169.0982053,
bind,nsec3,nonexistent.test-nsec3.example,cold,3629125,3,True,1788804169.1020005,
bind,nsec3,nonexistent.test-nsec3.example,cold,5240214,3,True,1788804169.1073203,
bind,nsec3,nonexistent.test-nsec3.example,cold,3689894,3,True,1788804169.111103,
bind,nsec3,nonexistent.test-nsec3.example,cold,5219565,3,True,1788804169.1164262,
bind,nsec3,nonexistent.test-nsec3.example,cold,4927307,3,True,1788804169.1214359,
bind,nsec3,nonexistent.test-nsec3.example,cold,5942228,3,True,1788804169.12747,
bind,nsec3,nonexistent.test-nsec3.example,cold,6567339,3,True,1788804169.134141,
bind,nsec3,nonexistent.test-nsec3.example,cold,5956396,3,True,1788804169.1401925,
bind,nsec3,nonexistent.test-nsec3.example,cold,5461864,3,True,1788804169.1458795,
bind,nsec3,nonexistent.test-nsec3.example,cold,4914685,3,True,1788804169.1508899,
bind,nsec3,nonexistent.test-nsec3.example,cold,6939852,3,True,1788804169.1579366,
bind,nsec3,nonexistent.test-nsec3.example,cold,4958824,3,True,1788804169.1629975,
bind,nsec3,nonexistent.test-nsec3.example,cold,4551465,3,True,1788804169.1676776,
bind,nsec3,nonexistent.test-nsec3.example,cold,4568889,3,True,1788804169.1723437,
bind,nsec3,nonexistent.test-nsec3.example,cold,4811655,3,True,1788804169.177236,
bind,nsec3,nonexistent.test-nsec3.example,cold,3837042,3,True,1788804169.1811807,
bind,nsec3,nonexistent.test-nsec3.example,cold,5006072,3,True,1788804169.186281,
bind,nsec3,nonexistent.test-nsec3.example,cold,4750038,3,True,1788804169.1911397,
bind,nsec3,nonexistent.test-nsec3.example,cold,4775674,3,True,1788804169.196005,
bind,nsec3,nonexistent.test-nsec3.example,cold,4741724,3,True,1788804169.2008376,
bind,nsec3,nonexistent.test-nsec3.example,cold,5738554,3,True,1788804169.2066638,
bind,nsec3,nonexistent.test-nsec3.example,cold,4008358,3,True,1788804169.2107992,
bind,nsec3,nonexistent.test-nsec3.example,cold,3986025,3,True,1788804169.2149377,
bind,nsec3,nonexistent.test-nsec3.example,cold,4072401,3,True,1788804169.2191243,
bind,nsec3,nonexistent.test-nsec3.example,cold,4681733,3,True,1788804169.2239156,
bind,nsec3,nonexistent.test-nsec3.example,cold,3741334,3,True,1788804169.2278767,
bind,nsec3,nonexistent.test-nsec3.example,cold,5749089,3,True,1788804169.2337272,
bind,nsec3,nonexistent.test-nsec3.example,cold,5577232,3,True,1788804169.2394156,
bind,nsec3,nonexistent.test-nsec3.example,cold,4571376,3,True,1788804169.2440999,
bind,nsec3,nonexistent.test-nsec3.example,cold,3917261,3,True,1788804169.248119,
bind,nsec3,nonexistent.test-nsec3.example,cold,3814028,3,True,1788804169.2520235,
bind,nsec3,nonexistent.test-nsec3.example,cold,5939117,3,True,1788804169.258043,
bind,nsec3,nonexistent.test-nsec3.example,cold,4321392,3,True,1788804169.2624624,
bind,nsec3,nonexistent.test-nsec3.example,cold,3676537,3,True,1788804169.2662473,
bind,nsec3,nonexistent.test-nsec3.example,cold,4049534,3,True,1788804169.2704341,
bind,nsec3,nonexistent.test-nsec3.example,cold,3849028,3,True,1788804169.2743864,
bind,nsec3,nonexistent.test-nsec3.example,cold,3891584,3,True,1788804169.2783954,
bind,nsec3,nonexistent.test-nsec3.example,cold,3893901,3,True,1788804169.2823997,
bind,nsec3,nonexistent.test-nsec3.example,cold,5782719,3,True,1788804169.2882855,
bind,nsec3,nonexistent.test-nsec3.example,cold,4077519,3,True,1788804169.2924526,
bind,nsec3,nonexistent.test-nsec3.example,cold,5308294,3,True,1788804169.2978814,
bind,nsec3,nonexistent.test-nsec3.example,cold,4144862,3,True,1788804169.3023064,
bind,nsec3,nonexistent.test-nsec3.example,cold,5229092,3,True,1788804169.3076496,
bind,nsec3,nonexistent.test-nsec3.example,cold,4807789,3,True,1788804169.3125343,
bind,nsec3,nonexistent.test-nsec3.example,cold,6257746,3,True,1788804169.3188868,
bind,nsec3,nonexistent.test-nsec3.example,cold,4353802,3,True,1788804169.3233364,
bind,nsec3,nonexistent.test-nsec3.example,cold,5235355,3,True,1788804169.3286586,
bind,nsec3,nonexistent.test-nsec3.example,cold,4091826,3,True,1788804169.3328295,
bind,nsec3,nonexistent.test-nsec3.example,cold,3977939,3,True,1788804169.3369062,
bind,nsec3,nonexistent.test-nsec3.example,cold,3823177,3,True,1788804169.340829,
bind,nsec3,nonexistent.test-nsec3.example,cold,3823976,3,True,1788804169.3447473,
bind,nsec3,nonexistent.test-nsec3.example,cold,4022935,3,True,1788804169.3488774,
bind,nsec3,nonexistent.test-nsec3.example,cold,4186974,3,True,1788804169.3531907,
bind,nsec3,nonexistent.test-nsec3.example,cold,4892496,3,True,1788804169.358166,
bind,nsec3,nonexistent.test-nsec3.example,cold,4379070,3,True,1788804169.3626292,
bind,nsec3,nonexistent.test-nsec3.example,cold,6829006,3,True,1788804169.3695602,
bind,nsec3,nonexistent.test-nsec3.example,cold,3756480,3,True,1788804169.373414,
bind,nsec3,nonexistent.test-nsec3.example,cold,4802045,3,True,1788804169.3783028,
bind,nsec3,nonexistent.test-nsec3.example,cold,3983776,3,True,1788804169.3824382,
bind,nsec3,nonexistent.test-nsec3.example,cold,3834960,3,True,1788804169.3863819,
bind,nsec3,nonexistent.test-nsec3.example,cold,3994315,3,True,1788804169.3905332,
bind,nsec3,nonexistent.test-nsec3.example,cold,7641006,3,True,1788804169.3982725,
bind,nsec3,nonexistent.test-nsec3.example,cold,5547733,3,True,1788804169.4039438,
bind,nsec3,nonexistent.test-nsec3.example,cold,5174872,3,True,1788804169.409222,
bind,nsec3,nonexistent.test-nsec3.example,cold,4734699,3,True,1788804169.414064,
bind,nsec3,nonexistent.test-nsec3.example,cold,3685171,3,True,1788804169.4178405,
bind,nsec3,nonexistent.test-nsec3.example,cold,3687152,3,True,1788804169.4216228,
bind,nsec3,nonexistent.test-nsec3.example,cold,5260030,3,True,1788804169.4269757,
bind,nsec3,nonexistent.test-nsec3.example,cold,5075821,3,True,1788804169.4321356,
bind,nsec3,nonexistent.test-nsec3.example,cold,4887321,3,True,1788804169.4371028,
bind,nsec3,nonexistent.test-nsec3.example,cold,4757552,3,True,1788804169.4419482,
bind,nsec3,nonexistent.test-nsec3.example,cold,5441851,3,True,1788804169.447488,
bind,nsec3,nonexistent.test-nsec3.example,cold,5641451,3,True,1788804169.4532437,
bind,nsec3,nonexistent.test-nsec3.example,cold,5927413,3,True,1788804169.4592783,
bind,nsec3,nonexistent.test-nsec3.example,cold,4055108,3,True,1788804169.4634929,
bind,nsec3,nonexistent.test-nsec3.example,cold,5327090,3,True,1788804169.469832,
bind,nsec3,nonexistent.test-nsec3.example,cold,5682370,3,True,1788804169.475606,
bind,nsec3,nonexistent.test-nsec3.example,cold,7481535,3,True,1788804169.483193,
bind,nsec3,nonexistent.test-nsec3.example,cold,3801414,3,True,1788804169.4871902,
bind,nsec3,nonexistent.test-nsec3.example,cold,5359316,3,True,1788804169.4926572,
bind,nsec3,nonexistent.test-nsec3.example,cold,3796284,3,True,1788804169.4965644,
bind,nsec3,nonexistent.test-nsec3.example,cold,5302801,3,True,1788804169.5019705,
bind,nsec3,nonexistent.test-nsec3.example,cold,5060861,3,True,1788804169.5071216,
bind,nsec3,nonexistent.test-nsec3.example,cold,6449634,3,True,1788804169.5137832,
bind,nsec3,nonexistent.test-nsec3.example,cold,4526113,3,True,1788804169.5184257,
bind,nsec3,nonexistent.test-nsec3.example,cold,4061150,3,True,1788804169.5226023,
bind,nsec3,nonexistent.test-nsec3.example,cold,5460044,3,True,1788804169.5281959,
bind,nsec3,nonexistent.test-nsec3.example,cold,5147391,3,True,1788804169.5334535,
bind,nsec3,nonexistent.test-nsec3.example,cold,4912250,3,True,1788804169.5385363,
bind,nsec3,nonexistent.test-nsec3.example,cold,4873876,3,True,1788804169.5434961,
bind,nsec3,nonexistent.test-nsec3.example,cold,4009085,3,True,1788804169.547617,
bind,nsec3,nonexistent.test-nsec3.example,cold,3890177,3,True,1788804169.5517285,
bind,nsec3,nonexistent.test-nsec3.example,cold,5872108,3,True,1788804169.557701,
bind,nsec3,nonexistent.test-nsec3.example,cold,8984275,3,True,1788804169.566872,
bind,nsec3,nonexistent.test-nsec3.example,cold,7963163,3,True,1788804169.5749347,
bind,nsec3,nonexistent.test-nsec3.example,cold,4346296,3,True,1788804169.5793836,
bind,nsec3,nonexistent.test-nsec3.example,cold,5365945,3,True,1788804169.5849192,
bind,nsec3,nonexistent.test-nsec3.example,cold,4053748,3,True,1788804169.5890813,
bind,nsec3,nonexistent.test-nsec3.example,cold,4916216,3,True,1788804169.5941179,
bind,nsec3,nonexistent.test-nsec3.example,cold,4106490,3,True,1788804169.5983515,
bind,nsec3,nonexistent.test-nsec3.example,cold,4199615,3,True,1788804169.6026683,
bind,nsec3,nonexistent.test-nsec3.example,cold,5041917,3,True,1788804169.607819,
bind,nsec3,nonexistent.test-nsec3.example,cold,4903434,3,True,1788804169.6128404,
bind,nsec3,nonexistent.test-nsec3.example,cold,4663180,3,True,1788804169.6176758,
bind,nsec3,nonexistent.test-nsec3.example,cold,4863021,3,True,1788804169.6226127,
bind,nsec3,nonexistent.test-nsec3.example,cold,5375689,3,True,1788804169.6280656,
bind,nsec3,nonexistent.test-nsec3.example,cold,4667916,3,True,1788804169.6328294,
bind,nsec3,nonexistent.test-nsec3.example,cold,4223604,3,True,1788804169.6371374,
bind,nsec3,nonexistent.test-nsec3.example,cold,5015896,3,True,1788804169.6422453,
bind,nsec3,nonexistent.test-nsec3.example,cold,5011421,3,True,1788804169.6473448,
bind,nsec3,nonexistent.test-nsec3.example,cold,5625613,3,True,1788804169.653076,
bind,nsec3,nonexistent.test-nsec3.example,cold,4598766,3,True,1788804169.6577706,
bind,nsec3,nonexistent.test-nsec3.example,cold,5022545,3,True,1788804169.6628895,
bind,nsec3,nonexistent.test-nsec3.example,cold,5877903,3,True,1788804169.6688752,
bind,nsec3,nonexistent.test-nsec3.example,cold,6898134,3,True,1788804169.6758826,
bind,nsec3,nonexistent.test-nsec3.example,cold,5976744,3,True,1788804169.681948,
bind,nsec3,nonexistent.test-nsec3.example,cold,6831709,3,True,1788804169.688844,
bind,nsec3,nonexistent.test-nsec3.example,cold,3807903,3,True,1788804169.6927323,
bind,nsec3,nonexistent.test-nsec3.example,cold,3977603,3,True,1788804169.6968088,
bind,nsec3,nonexistent.test-nsec3.example,cold,3862764,3,True,1788804169.7007687,
bind,nsec3,nonexistent.test-nsec3.example,cold,4114641,3,True,1788804169.704986,
bind,nsec3,nonexistent.test-nsec3.example,cold,6114407,3,True,1788804169.711304,
bind,nsec3,nonexistent.test-nsec3.example,cold,4174279,3,True,1788804169.7155771,
bind,nsec3,nonexistent.test-nsec3.example,cold,6148493,3,True,1788804169.7218547,
bind,nsec3,nonexistent.test-nsec3.example,cold,5299983,3,True,1788804169.7272503,
bind,nsec3,nonexistent.test-nsec3.example,cold,4887086,3,True,1788804169.7322252,
bind,nsec3,nonexistent.test-nsec3.example,cold,5027426,3,True,1788804169.7373254,
bind,nsec3,nonexistent.test-nsec3.example,cold,3742973,3,True,1788804169.7411566,
bind,nsec3,nonexistent.test-nsec3.example,cold,5381991,3,True,1788804169.7466483,
bind,nsec3,nonexistent.test-nsec3.example,cold,3909068,3,True,1788804169.7506528,
bind,nsec3,nonexistent.test-nsec3.example,cold,5499145,3,True,1788804169.756249,
bind,nsec3,nonexistent.test-nsec3.example,cold,4280909,3,True,1788804169.7606232,
bind,nsec3,nonexistent.test-nsec3.example,cold,5355210,3,True,1788804169.7660604,
bind,nsec3,nonexistent.test-nsec3.example,cold,4739560,3,True,1788804169.7708864,
bind,nsec3,nonexistent.test-nsec3.example,cold,4311338,3,True,1788804169.7753062,
bind,nsec3,nonexistent.test-nsec3.example,cold,4057937,3,True,1788804169.779451,
bind,nsec3,nonexistent.test-nsec3.example,cold,5268910,3,True,1788804169.7848392,
bind,nsec3,nonexistent.test-nsec3.example,cold,5322887,3,True,1788804169.790354,
bind,nsec3,nonexistent.test-nsec3.example,cold,3757152,3,True,1788804169.7942073,
bind,nsec3,nonexistent.test-nsec3.example,cold,5761799,3,True,1788804169.8000767,
bind,nsec3,nonexistent.test-nsec3.example,cold,4474755,3,True,1788804169.804713,
bind,nsec3,nonexistent.test-nsec3.example,cold,4178092,3,True,1788804169.8089826,
bind,nsec3,nonexistent.test-nsec3.example,cold,5066389,3,True,1788804169.8141232,
bind,nsec3,nonexistent.test-nsec3.example,cold,4996477,3,True,1788804169.8191996,
bind,nsec3,nonexistent.test-nsec3.example,cold,4946096,3,True,1788804169.824267,
bind,nsec3,nonexistent.test-nsec3.example,cold,4666189,3,True,1788804169.8290117,
bind,nsec3,nonexistent.test-nsec3.example,cold,3623050,3,True,1788804169.8327246,
bind,nsec3,nonexistent.test-nsec3.example,cold,5191505,3,True,1788804169.8380215,
bind,nsec3,nonexistent.test-nsec3.example,cold,4991675,3,True,1788804169.843165,
bind,nsec3,nonexistent.test-nsec3.example,cold,4983935,3,True,1788804169.848279,
bind,nsec3,nonexistent.test-nsec3.example,cold,4901770,3,True,1788804169.8532958,
bind,nsec3,nonexistent.test-nsec3.example,cold,4806808,3,True,1788804169.8582666,
bind,nsec3,nonexistent.test-nsec3.example,cold,3736676,3,True,1788804169.862123,
bind,nsec3,nonexistent.test-nsec3.example,cold,5192936,3,True,1788804169.867438,
bind,nsec3,nonexistent.test-nsec3.example,cold,6562921,3,True,1788804169.8753297,
bind,nsec3,nonexistent.test-nsec3.example,cold,7180290,3,True,1788804169.8827255,
bind,nsec3,nonexistent.test-nsec3.example,cold,4298874,3,True,1788804169.8872542,
bind,nsec3,nonexistent.test-nsec3.example,cold,4183166,3,True,1788804169.8915474,
bind,nsec3,nonexistent.test-nsec3.example,cold,5338063,3,True,1788804169.8969827,
bind,nsec3,nonexistent.test-nsec3.example,cold,5086720,3,True,1788804169.9021826,
bind,nsec3,nonexistent.test-nsec3.example,cold,4850098,3,True,1788804169.9071517,
bind,nsec3,nonexistent.test-nsec3.example,cold,6256370,3,True,1788804169.9135053,
bind,nsec3,nonexistent.test-nsec3.example,cold,5508737,3,True,1788804169.9191093,
bind,nsec3,nonexistent.test-nsec3.example,cold,6653657,3,True,1788804169.9258645,
bind,nsec3,nonexistent.test-nsec3.example,cold,5730298,3,True,1788804169.9317064,
bind,nsec3,nonexistent.test-nsec3.example,cold,5278884,3,True,1788804169.9370933,
bind,nsec3,nonexistent.test-nsec3.example,cold,4631357,3,True,1788804169.941828,
bind,nsec3,nonexistent.test-nsec3.example,cold,5641855,3,True,1788804169.947582,
bind,nsec3,nonexistent.test-nsec3.example,cold,5467358,3,True,1788804169.953233,
bind,nsec3,nonexistent.test-nsec3.example,cold,4031902,3,True,1788804169.957359,
bind,nsec3,nonexistent.test-nsec3.example,cold,4261624,3,True,1788804169.961719,
bind,nsec3,nonexistent.test-nsec3.example,cold,5308424,3,True,1788804169.9671514,
bind,nsec3,nonexistent.test-nsec3.example,cold,4976195,3,True,1788804169.9722447,
bind,nsec3,nonexistent.test-nsec3.example,cold,5160196,3,True,1788804169.9774997,
bind,nsec3,nonexistent.test-nsec3.example,cold,5336209,3,True,1788804169.9830143,
bind,nsec3,nonexistent.test-nsec3.example,cold,5091960,3,True,1788804169.988221,
bind,nsec3,nonexistent.test-nsec3.example,cold,4449784,3,True,1788804169.9928956,
bind,nsec3,nonexistent.test-nsec3.example,cold,4559658,3,True,1788804169.9975426,
bind,nsec3,nonexistent.test-nsec3.example,cold,3526150,3,True,1788804170.0011663,
bind,nsec3,nonexistent.test-nsec3.example,cold,4997158,3,True,1788804170.00624,
bind,nsec3,nonexistent.test-nsec3.example,cold,6708261,3,True,1788804170.0130312,
bind,nsec3,nonexistent.test-nsec3.example,cold,3717063,3,True,1788804170.016852,
bind,nsec3,nonexistent.test-nsec3.example,cold,1051726,3,True,1788804170.017993,
bind,nsec3,nonexistent.test-nsec3.example,cold,1574400,3,True,1788804170.0196517,
bind,nsec3,nonexistent.test-nsec3.example,cold,1085995,3,True,1788804170.020824,
bind,nsec3,nonexistent.test-nsec3.example,cold,812421,3,True,1788804170.0217118,
bind,nsec3,nonexistent.test-nsec3.example,cold,786948,3,True,1788804170.0225604,
bind,nsec3,nonexistent.test-nsec3.example,cold,812515,3,True,1788804170.0234377,
bind,nsec3,nonexistent.test-nsec3.example,cold,929484,3,True,1788804170.024469,
bind,nsec3,nonexistent.test-nsec3.example,cold,750721,3,True,1788804170.0253396,
bind,nsec3,nonexistent.test-nsec3.example,cold,672724,3,True,1788804170.0260756,
bind,nsec3,nonexistent.test-nsec3.example,cold,4473899,3,True,1788804170.0307026,
bind,nsec3,nonexistent.test-nsec3.example,cold,871601,3,True,1788804170.0316563,
bind,nsec3,nonexistent.test-nsec3.example,cold,690197,3,True,1788804170.032416,
bind,nsec3,nonexistent.test-nsec3.example,cold,694420,3,True,1788804170.033175,
bind,nsec3,nonexistent.test-nsec3.example,cold,686713,3,True,1788804170.0339222,
bind,nsec3,nonexistent.test-nsec3.example,cold,1131883,3,True,1788804170.035115,
bind,nsec3,nonexistent.test-nsec3.example,cold,890822,3,True,1788804170.036079,
bind,nsec3,nonexistent.test-nsec3.example,cold,2613327,3,True,1788804170.0388062,
bind,nsec3,nonexistent.test-nsec3.example,cold,937283,3,True,1788804170.0399292,
bind,nsec3,nonexistent.test-nsec3.example,cold,935081,3,True,1788804170.0410097,
bind,nsec3,nonexistent.test-nsec3.example,cold,762024,3,True,1788804170.0418396,
bind,nsec3,nonexistent.test-nsec3.example,cold,799492,3,True,1788804170.042807,
bind,nsec3,nonexistent.test-nsec3.example,cold,781087,3,True,1788804170.0436552,
bind,nsec3,nonexistent.test-nsec3.example,cold,826974,3,True,1788804170.0445547,
bind,nsec3,nonexistent.test-nsec3.example,cold,883610,3,True,1788804170.0455084,
bind,nsec3,nonexistent.test-nsec3.example,cold,1080812,3,True,1788804170.046665,
bind,nsec3,nonexistent.test-nsec3.example,cold,860650,3,True,1788804170.047596,
bind,nsec3,nonexistent.test-nsec3.example,cold,879003,3,True,1788804170.0485713,
bind,nsec3,nonexistent.test-nsec3.example,cold,751673,3,True,1788804170.0493777,
bind,nsec3,nonexistent.test-nsec3.example,cold,699814,3,True,1788804170.0501356,
bind,nsec3,nonexistent.test-nsec3.example,cold,769164,3,True,1788804170.050966,
bind,nsec3,nonexistent.test-nsec3.example,cold,834388,3,True,1788804170.0518577,
bind,nsec3,nonexistent.test-nsec3.example,cold,788552,3,True,1788804170.0527117,
bind,nsec3,nonexistent.test-nsec3.example,cold,821937,3,True,1788804170.0535922,
bind,nsec3,nonexistent.test-nsec3.example,cold,871888,3,True,1788804170.0545304,
bind,nsec3,nonexistent.test-nsec3.example,cold,640326,3,True,1788804170.0552404,
bind,nsec3,nonexistent.test-nsec3.example,cold,661891,3,True,1788804170.0559509,
bind,nsec3,nonexistent.test-nsec3.example,cold,683386,3,True,1788804170.05669,
bind,nsec3,nonexistent.test-nsec3.example,cold,967558,3,True,1788804170.0577078,
bind,nsec3,nonexistent.test-nsec3.example,cold,768950,3,True,1788804170.0585494,
bind,nsec3,nonexistent.test-nsec3.example,cold,712395,3,True,1788804170.0593262,
bind,nsec3,nonexistent.test-nsec3.example,cold,679923,3,True,1788804170.0600731,
bind,nsec3,nonexistent.test-nsec3.example,cold,675442,3,True,1788804170.060804,
bind,nsec3,nonexistent.test-nsec3.example,cold,855923,3,True,1788804170.0617201,
bind,nsec3,nonexistent.test-nsec3.example,cold,872089,3,True,1788804170.0627482,
bind,nsec3,nonexistent.test-nsec3.example,cold,701465,3,True,1788804170.0635214,
bind,nsec3,nonexistent.test-nsec3.example,cold,721988,3,True,1788804170.0642977,
bind,nsec3,nonexistent.test-nsec3.example,cold,654887,3,True,1788804170.0650785,
bind,nsec3,nonexistent.test-nsec3.example,cold,665067,3,True,1788804170.065791,
bind,nsec3,nonexistent.test-nsec3.example,cold,794207,3,True,1788804170.0666397,
bind,nsec3,nonexistent.test-nsec3.example,cold,617815,3,True,1788804170.067321,
bind,nsec3,nonexistent.test-nsec3.example,cold,804370,3,True,1788804170.0681758,
bind,nsec3,nonexistent.test-nsec3.example,cold,833256,3,True,1788804170.0690744,
bind,nsec3,nonexistent.test-nsec3.example,cold,776423,3,True,1788804170.0699143,
bind,nsec3,nonexistent.test-nsec3.example,cold,839310,3,True,1788804170.0708103,
bind,nsec3,nonexistent.test-nsec3.example,cold,637150,3,True,1788804170.0715072,
bind,nsec3,nonexistent.test-nsec3.example,cold,694002,3,True,1788804170.0722587,
bind,nsec3,nonexistent.test-nsec3.example,cold,729072,3,True,1788804170.0730445,
bind,nsec3,nonexistent.test-nsec3.example,cold,826031,3,True,1788804170.0739305,
bind,nsec3,nonexistent.test-nsec3.example,cold,693879,3,True,1788804170.07469,
bind,nsec3,nonexistent.test-nsec3.example,cold,854141,3,True,1788804170.075608,
bind,nsec3,nonexistent.test-nsec3.example,cold,857513,3,True,1788804170.076514,
bind,nsec3,nonexistent.test-nsec3.example,cold,640047,3,True,1788804170.0772178,
bind,nsec3,nonexistent.test-nsec3.example,cold,756189,3,True,1788804170.0781949,
bind,nsec3,nonexistent.test-nsec3.example,cold,687958,3,True,1788804170.07894,
bind,nsec3,nonexistent.test-nsec3.example,cold,759487,3,True,1788804170.0797632,
bind,nsec3,nonexistent.test-nsec3.example,cold,689733,3,True,1788804170.0805173,
bind,nsec3,nonexistent.test-nsec3.example,cold,741728,3,True,1788804170.0813174,
bind,nsec3,nonexistent.test-nsec3.example,cold,771499,3,True,1788804170.0821452,
bind,nsec3,nonexistent.test-nsec3.example,cold,3598333,3,True,1788804170.0858183,
bind,nsec3,nonexistent.test-nsec3.example,cold,1162906,3,True,1788804170.0870798,
bind,nsec3,nonexistent.test-nsec3.example,cold,790728,3,True,1788804170.0879376,
bind,nsec3,nonexistent.test-nsec3.example,cold,938559,3,True,1788804170.0889304,
bind,nsec3,nonexistent.test-nsec3.example,cold,814429,3,True,1788804170.0898767,
bind,nsec3,nonexistent.test-nsec3.example,cold,825607,3,True,1788804170.0907671,
bind,nsec3,nonexistent.test-nsec3.example,cold,715773,3,True,1788804170.0915422,
bind,nsec3,nonexistent.test-nsec3.example,cold,634874,3,True,1788804170.092228,
bind,nsec3,nonexistent.test-nsec3.example,cold,765667,3,True,1788804170.0930395,
bind,nsec3,nonexistent.test-nsec3.example,cold,652042,3,True,1788804170.0938196,
bind,nsec3,nonexistent.test-nsec3.example,cold,735183,3,True,1788804170.094605,
bind,nsec3,nonexistent.test-nsec3.example,cold,800548,3,True,1788804170.09551,
bind,nsec3,nonexistent.test-nsec3.example,cold,690773,3,True,1788804170.0962646,
bind,nsec3,nonexistent.test-nsec3.example,cold,613363,3,True,1788804170.0969343,
bind,nsec3,nonexistent.test-nsec3.example,cold,754529,3,True,1788804170.0977426,
bind,nsec3,nonexistent.test-nsec3.example,cold,715705,3,True,1788804170.0985165,
bind,nsec3,nonexistent.test-nsec3.example,cold,682638,3,True,1788804170.0992572,
bind,nsec3,nonexistent.test-nsec3.example,cold,617473,3,True,1788804170.099929,
bind,nsec3,nonexistent.test-nsec3.example,cold,703016,3,True,1788804170.1006858,
bind,nsec3,nonexistent.test-nsec3.example,cold,652092,3,True,1788804170.1013908,
bind,nsec3,nonexistent.test-nsec3.example,cold,1186741,3,True,1788804170.1026335,
bind,nsec3,nonexistent.test-nsec3.example,cold,824653,3,True,1788804170.1035242,
bind,nsec3,nonexistent.test-nsec3.example,cold,650391,3,True,1788804170.1042378,
bind,nsec3,nonexistent.test-nsec3.example,cold,808547,3,True,1788804170.1051795,
bind,nsec3,nonexistent.test-nsec3.example,cold,825988,3,True,1788804170.106113,
bind,nsec3,nonexistent.test-nsec3.example,cold,771508,3,True,1788804170.1069486,
bind,nsec3,nonexistent.test-nsec3.example,cold,691741,3,True,1788804170.1077647,
bind,nsec3,nonexistent.test-nsec3.example,cold,767890,3,True,1788804170.1085913,
bind,nsec3,nonexistent.test-nsec3.example,cold,756403,3,True,1788804170.1094213,
bind,nsec3,nonexistent.test-nsec3.example,cold,643710,3,True,1788804170.1101296,
bind,nsec3,nonexistent.test-nsec3.example,cold,681283,3,True,1788804170.1108751,
bind,nsec3,nonexistent.test-nsec3.example,cold,703532,3,True,1788804170.1116402,
bind,nsec3,nonexistent.test-nsec3.example,cold,654904,3,True,1788804170.112349,
bind,nsec3,nonexistent.test-nsec3.example,cold,651220,3,True,1788804170.1130545,
bind,nsec3,nonexistent.test-nsec3.example,cold,680338,3,True,1788804170.1137872,
bind,nsec3,nonexistent.test-nsec3.example,cold,1005542,3,True,1788804170.1148505,
bind,nsec3,nonexistent.test-nsec3.example,cold,819782,3,True,1788804170.1158392,
bind,nsec3,nonexistent.test-nsec3.example,cold,813580,3,True,1788804170.1167262,
bind,nsec3,nonexistent.test-nsec3.example,cold,1020592,3,True,1788804170.1178846,
bind,nsec3,nonexistent.test-nsec3.example,cold,763097,3,True,1788804170.1187193,
bind,nsec3,nonexistent.test-nsec3.example,cold,764152,3,True,1788804170.1196518,
bind,nsec3,nonexistent.test-nsec3.example,cold,702669,3,True,1788804170.1204393,
bind,nsec3,nonexistent.test-nsec3.example,cold,771863,3,True,1788804170.121273,
bind,nsec3,nonexistent.test-nsec3.example,cold,945476,3,True,1788804170.1222916,
bind,nsec3,nonexistent.test-nsec3.example,cold,854837,3,True,1788804170.1232903,
bind,nsec3,nonexistent.test-nsec3.example,cold,1173222,3,True,1788804170.1245244,
bind,nsec3,nonexistent.test-nsec3.example,cold,966385,3,True,1788804170.1255841,
bind,nsec3,nonexistent.test-nsec3.example,cold,1069943,3,True,1788804170.1267257,
bind,nsec3,nonexistent.test-nsec3.example,cold,810136,3,True,1788804170.1276765,
bind,nsec3,nonexistent.test-nsec3.example,cold,792984,3,True,1788804170.1285307,
bind,nsec3,nonexistent.test-nsec3.example,cold,770932,3,True,1788804170.1293578,
bind,nsec3,nonexistent.test-nsec3.example,cold,658230,3,True,1788804170.1300724,
bind,nsec3,nonexistent.test-nsec3.example,cold,727977,3,True,1788804170.1308544,
bind,nsec3,nonexistent.test-nsec3.example,cold,709759,3,True,1788804170.1316657,
bind,nsec3,nonexistent.test-nsec3.example,cold,833263,3,True,1788804170.1325493,
bind,nsec3,nonexistent.test-nsec3.example,cold,688832,3,True,1788804170.1333072,
bind,nsec3,nonexistent.test-nsec3.example,cold,856681,3,True,1788804170.1342385,
bind,nsec3,nonexistent.test-nsec3.example,cold,724338,3,True,1788804170.1350176,
bind,nsec3,nonexistent.test-nsec3.example,cold,722736,3,True,1788804170.1357877,
bind,nsec3,nonexistent.test-nsec3.example,cold,1036347,3,True,1788804170.1368942,
bind,nsec3,nonexistent.test-nsec3.example,cold,888346,3,True,1788804170.1379592,
bind,nsec3,nonexistent.test-nsec3.example,cold,976915,3,True,1788804170.1391776,
bind,nsec3,nonexistent.test-nsec3.example,cold,813346,3,True,1788804170.1401691,
bind,nsec3,nonexistent.test-nsec3.example,cold,1069870,3,True,1788804170.14136,
bind,nsec3,nonexistent.test-nsec3.example,cold,819159,3,True,1788804170.1422496,
bind,nsec3,nonexistent.test-nsec3.example,cold,925685,3,True,1788804170.1432366,
bind,nsec3,nonexistent.test-nsec3.example,cold,822357,3,True,1788804170.144126,
bind,nsec3,nonexistent.test-nsec3.example,cold,915836,3,True,1788804170.145108,
bind,nsec3,nonexistent.test-nsec3.example,cold,767640,3,True,1788804170.1459394,
bind,nsec3,nonexistent.test-nsec3.example,cold,782858,3,True,1788804170.146787,
bind,nsec3,nonexistent.test-nsec3.example,cold,714739,3,True,1788804170.147576,
