resolver,outcome,domain,cache_state,query_time_ns,response_rcode,ad_flag,timestamp,error
bind,unsigned,test.test-unsigned.example,cold,11641137,2,False,1788804172.9894211,
bind,unsigned,test.test-unsigned.example,cold,7565331,2,False,1788804172.9970872,
bind,unsigned,test.test-unsigned.example,cold,8221444,2,False,1788804173.0054045,
bind,unsigned,test.test-unsigned.example,cold,7178202,2,False,1788804173.0126574,
bind,unsigned,test.test-unsigned.example,cold,10904908,2,False,1788804173.0237973,
bind,unsigned,test.test-unsigned.example,cold,10914606,2,False,1788804173.0348814,
bind,unsigned,test.test-unsigned.example,cold,9902501,2,False,1788804173.0448806,
bind,unsigned,test.test-unsigned.example,cold,7371781,2,False,1788804173.0523796,
bind,unsigned,test.test-unsigned.example,cold,5839567,2,False,1788804173.058308,
bind,unsigned,test.test-unsigned.example,cold,5304260,2,False,1788804173.063765,
bind,unsigned,test.test-unsigned.example,cold,6238435,2,False,1788804173.070074,
bind,unsigned,test.test-unsigned.example,cold,13216818,2,False,1788804173.0833976,
bind,unsigned,test.test-unsigned.example,cold,5642903,2,False,1788804173.089152,
bind,unsigned,test.test-unsigned.example,cold,6162064,2,False,1788804173.0954208,
bind,unsigned,test.test-unsigned.example,cold,6040102,2,False,1788804173.1015813,
bind,unsigned,test.test-unsigned.example,cold,4751011,2,False,1788804173.1064205,
bind,unsigned,test.test-unsigned.example,cold,8868076,2,False,1788804173.1153922,
bind,unsigned,test.test-unsigned.example,cold,5099855,2,False,1788804173.1205933,
bind,unsigned,test.test-unsigned.example,cold,5169126,2,False,1788804173.1258345,
bind,unsigned,test.test-unsigned.example,cold,8632230,2,False,1788804173.1345742,
bind,unsigned,test.test-unsigned.example,cold,5864077,2,False,1788804173.140575,
bind,unsigned,test.test-unsigned.example,cold,7737223,2,False,1788804173.1484222,
bind,unsigned,test.test-unsigned.example,cold,6216905,2,False,1788804173.1547565,
bind,unsigned,test.test-unsigned.example,cold,8181094,2,False,1788804173.1630464,
bind,unsigned,test.test-unsigned.example,cold,9412499,2,False,1788804173.1726139,
bind,unsigned,test.test-unsigned.example,cold,5936318,2,False,1788804173.1788275,
bind,unsigned,test.test-unsigned.example,cold,8486112,2,False,1788804173.1874564,
bind,unsigned,test.test-unsigned.example,cold,5529494,2,False,1788804173.1930969,
bind,unsigned,test.test-unsigned.example,cold,6043938,2,False,1788804173.1992452,
bind,unsigned,test.test-unsigned.example,cold,7002535,2,False,1788804173.2063603,
bind,unsigned,test.test-unsigned.example,cold,5281622,2,False,1788804173.2117603,
bind,unsigned,test.test-unsigned.example,cold,5141189,2,False,1788804173.2169945,
bind,unsigned,test.test-unsigned.example,cold,6622843,2,False,1788804173.2236977,
bind,unsigned,test.test-unsigned.example,cold,6110777,2,False,1788804173.229938,
bind,unsigned,test.test-unsigned.example,cold,6596480,2,False,1788804173.2366302,
bind,unsigned,test.test-unsigned.example,cold,4690891,2,False,1788804173.2414768,
bind,unsigned,test.test-unsigned.example,cold,6021374,2,False,1788804173.2476017,
bind,unsigned,test.test-unsigned.example,cold,8424326,2,False,1788804173.2561479,
bind,unsigned,test.test-unsigned.example,cold,5492964,2,False,1788804173.261817,
bind,unsigned,test.test-unsigned.example,cold,6223003,2,False,1788804173.2681367,
bind,unsigned,test.test-unsigned.example,cold,5163796,2,False,1788804173.2733815,
bind,unsigned,test.test-unsigned.example,cold,5863112,2,False,1788804173.2793393,
bind,unsigned,test.test-unsigned.example,cold,5745245,2,False,1788804173.2852845,
bind,unsigned,test.test-unsigned.example,cold,13035037,2,False,1788804173.298423,
bind,unsigned,test.test-unsigned.example,cold,8565392,2,False,1788804173.3070946,
bind,unsigned,test.test-unsigned.example,cold,6012718,2,False,1788804173.3132153,
bind,unsigned,test.test-unsigned.example,cold,7155602,2,False,1788804173.3204901,
bind,unsigned,test.test-unsigned.example,cold,7853212,2,False,1788804173.3286192,
bind,unsigned,test.test-unsigned.example,cold,10223704,2,False,1788804173.338947,
bind,unsigned,test.test-unsigned.example,cold,4690128,2,False,1788804173.3437443,
bind,unsigned,test.test-unsigned.example,cold,6149332,2,False,1788804173.3499908,
bind,unsigned,test.test-unsigned.example,cold,8868916,2,False,1788804173.3589485,
bind,unsigned,test.test-unsigned.example,cold,6991379,2,False,1788804173.3660402,
bind,unsigned,test.test-unsigned.example,cold,5756677,2,False,1788804173.3718967,
bind,unsigned,test.test-unsigned.example,cold,5938852,2,False,1788804173.377939,
bind,unsigned,test.test-unsigned.example,cold,13466148,2,False,1788804173.3915057,
bind,unsigned,test.test-unsigned.example,cold,6466101,2,False,1788804173.3980784,
bind,unsigned,test.test-unsigned.example,cold,5577635,2,False,1788804173.4037652,
bind,unsigned,test.test-unsigned.example,cold,6864496,2,False,1788804173.4107087,
bind,unsigned,test.test-unsigned.example,cold,6143771,2,False,1788804173.4169354,
bind,unsigned,test.test-unsigned.example,cold,6831090,2,False,1788804173.4238718,
bind,unsigned,test.test-unsigned.example,cold,6306210,2,False,1788804173.430271,
bind,unsigned,test.test-unsigned.example,cold,5233923,2,False,1788804173.4356203,
bind,unsigned,test.test-unsigned.example,cold,5913398,2,False,1788804173.441634,
bind,unsigned,test.test-unsigned.example,cold,8049933,2,False,1788804173.4498148,
bind,unsigned,test.test-unsigned.example,cold,6351037,2,False,1788804173.4562733,
bind,unsigned,test.test-unsigned.example,cold,5416350,2,False,1788804173.4617956,
bind,unsigned,test.test-unsigned.example,cold,6055882,2,False,1788804173.4679735,
bind,unsigned,test.test-unsigned.example,cold,6832892,2,False,1788804173.4781935,
bind,unsigned,test.test-unsigned.example,cold,6432987,2,False,1788804173.4848607,
bind,unsigned,test.test-unsigned.example,cold,10955105,2,False,1788804173.495916,
bind,unsigned,test.test-unsigned.example,cold,6471548,2,False,1788804173.502471,
bind,unsigned,test.test-unsigned.example,cold,5775464,2,False,1788804173.508348,
bind,unsigned,test.test-unsigned.example,cold,5271739,2,False,1788804173.513855,
bind,unsigned,test.test-unsigned.example,cold,5664188,2,False,1788804173.5196006,
bind,unsigned,test.test-unsigned.example,cold,8929915,2,False,1788804173.5286064,
bind,unsigned,test.test-unsigned.example,cold,6330069,2,False,1788804173.535071,
bind,unsigned,test.test-unsigned.example,cold,9146953,2,False,1788804173.5443716,
bind,unsigned,test.test-unsigned.example,cold,9086204,2,False,1788804173.553566,
bind,unsigned,test.test-unsigned.example,cold,10291764,2,False,1788804173.5639706,
bind,unsigned,test.test-unsigned.example,cold,5758939,2,False,1788804173.5698247,
bind,unsigned,test.test-unsigned.example,cold,7049497,2,False,1788804173.5769608,
bind,unsigned,test.test-unsigned.example,cold,6571988,2,False,1788804173.5836546,
bind,unsigned,test.test-unsigned.example,cold,6219567,2,False,1788804173.5901146,
bind,unsigned,test.test-unsigned.example,cold,7508236,2,False,1788804173.597725,
bind,unsigned,test.test-unsigned.example,cold,13205175,2,False,1788804173.6110368,
bind,unsigned,test.test-unsigned.example,cold,6225114,2,False,1788804173.617384,
bind,unsigned,test.test-unsigned.example,cold,10013281,2,False,1788804173.627505,
bind,unsigned,test.test-unsigned.example,cold,6001394,2,False,1788804173.6336076,
bind,unsigned,test.test-unsigned.example,cold,9320874,2,False,1788804173.6431165,
bind,unsigned,test.test-unsigned.example,cold,6099003,2,False,1788804173.6493208,
bind,unsigned,test.test-unsigned.example,cold,5382506,2,False,1788804173.6548104,
bind,unsigned,test.test-unsigned.example,cold,8182763,2,False,1788804173.6630974,
bind,unsigned,test.test-unsigned.example,cold,5112757,2,False,1788804173.6683447,
bind,unsigned,test.test-unsigned.example,cold,8909194,2,False,1788804173.6773572,
bind,unsigned,test.test-unsigned.example,cold,7202765,2,False,1788804173.6846557,
bind,unsigned,test.test-unsigned.example,cold,6662719,2,False,1788804173.691421,
bind,unsigned,test.test-unsigned.example,cold,7715797,2,False,1788804173.6992354,
bind,unsigned,test.test-unsigned.example,cold,6481866,2,False,1788804173.7058198,
bind,unsigned,test.test-unsigned.example,cold,7595962,2,False,1788804173.7135384,
bind,unsigned,test.test-unsigned.example,cold,8336268,2,False,1788804173.7219858,
bind,unsigned,test.test-unsigned.example,cold,9854912,2,False,1788804173.7319446,
bind,unsigned,test.test-unsigned.example,cold,7227895,2,False,1788804173.739328,
bind,unsigned,test.test-unsigned.example,cold,7562227,2,False,1788804173.7470312,
bind,unsigned,test.test-unsigned.example,cold,5613891,2,False,1788804173.7527566,
bind,unsigned,test.test-unsigned.example,cold,8178309,2,False,1788804173.7610533,
bind,unsigned,test.test-unsigned.example,cold,5139571,2,False,1788804173.766281,
bind,unsigned,test.test-unsigned.example,cold,6116435,2,False,1788804173.7725847,
bind,unsigned,test.test-unsigned.example,cold,9734761,2,False,1788804173.7824795,
bind,unsigned,test.test-unsigned.example,cold,5747084,2,False,1788804173.7883651,
bind,unsigned,test.test-unsigned.example,cold,5659228,2,False,1788804173.794178,
bind,unsigned,test.test-unsigned.example,cold,6803813,2,False,1788804173.8010852,
bind,unsigned,test.test-unsigned.example,cold,6712009,2,False,1788804173.8079078,
bind,unsigned,test.test-unsigned.example,cold,8946753,2,False,1788804173.8169699,
bind,unsigned,test.test-unsigned.example,cold,6744090,2,False,1788804173.8238168,
bind,unsigned,test.test-unsigned.example,cold,5608401,2,False,1788804173.8295321,
bind,unsigned,test.test-unsigned.example,cold,5976206,2,False,1788804173.8356051,
bind,unsigned,test.test-unsigned.example,cold,6760173,2,False,1788804173.84246,
bind,unsigned,test.test-unsigned.example,cold,14278146,2,False,1788804173.8568463,
bind,unsigned,test.test-unsigned.example,cold,13644725,2,False,1788804173.8705823,
bind,unsigned,test.test-unsigned.example,cold,7181852,2,False,1788804173.877895,
bind,unsigned,test.test-unsigned.example,cold,6284736,2,False,1788804173.8842819,
bind,unsigned,test.test-unsigned.example,cold,12061652,2,False,1788804173.8964398,
bind,unsigned,test.test-unsigned.example,cold,5921281,2,False,1788804173.90267,
bind,unsigned,test.test-unsigned.example,cold,6635536,2,False,1788804173.9094152,
bind,unsigned,test.test-unsigned.example,cold,6180638,2,False,1788804173.9157064,
bind,unsigned,test.test-unsigned.example,cold,14237190,2,False,1788804173.930057,
bind,unsigned,test.test-unsigned.example,cold,5632264,2,False,1788804173.9358108,
bind,unsigned,test.test-unsigned.example,cold,5540876,2,False,1788804173.941443,
bind,unsigned,test.test-unsigned.example,cold,7858659,2,False,1788804173.9494183,
bind,unsigned,test.test-unsigned.example,cold,7673651,2,False,1788804173.9571931,
bind,unsigned,test.test-unsigned.example,cold,8416450,2,False,1788804173.9657223,
bind,unsigned,test.test-unsigned.example,cold,6113271,2,False,1788804173.9719367,
bind,unsigned,test.test-unsigned.example,cold,6546698,2,False,1788804173.9785864,
bind,unsigned,test.test-unsigned.example,cold,7245730,2,False,1788804173.9859226,
bind,unsigned,test.test-unsigned.example,cold,6884930,2,False,1788804173.9929037,
bind,unsigned,test.test-unsigned.example,cold,5583763,2,False,1788804173.9985745,
bind,unsigned,test.test-unsigned.example,cold,6599315,2,False,1788804174.0052736,
bind,unsigned,test.test-unsigned.example,cold,5870435,2,False,1788804174.0113394,
bind,unsigned,test.test-unsigned.example,cold,8581765,2,False,1788804174.0200105,
bind,unsigned,test.test-unsigned.example,cold,11132969,2,False,1788804174.0312433,
bind,unsigned,test.test-unsigned.example,cold,5994612,2,False,1788804174.037348,
bind,unsigned,test.test-unsigned.example,cold,9112723,2,False,1788804174.0465643,
bind,unsigned,test.test-unsigned.example,cold,7543185,2,False,1788804174.0542047,
bind,unsigned,test.test-unsigned.example,cold,6545737,2,False,1788804174.061124,
bind,unsigned,test.test-unsigned.example,cold,6968843,2,False,1788804174.0681953,
bind,unsigned,test.test-unsigned.example,cold,5675837,2,False,1788804174.0739732,
bind,unsigned,test.test-unsigned.example,cold,5690273,2,False,1788804174.079774,
bind,unsigned,test.test-unsigned.example,cold,5647898,2,False,1788804174.0855331,
bind,unsigned,test.test-unsigned.example,cold,6212195,2,False,1788804174.0919094,
bind,unsigned,test.test-unsigned.example,cold,7118675,2,False,1788804174.0991397,
bind,unsigned,test.test-unsigned.example,cold,7855003,2,False,1788804174.1070943,
bind,unsigned,test.test-unsigned.example,cold,6100051,2,False,1788804174.1134415,
bind,unsigned,test.test-unsigned.example,cold,7639794,2,False,1788804174.1211789,
bind,unsigned,test.test-unsigned.example,cold,16528789,2,False,1788804174.1377888,
bind,unsigned,test.test-unsigned.example,cold,5378671,2,False,1788804174.1432824,
bind,unsigned,test.test-unsigned.example,cold,6185691,2,False,1788804174.1495624,
bind,unsigned,test.test-unsigned.example,cold,6249340,2,False,1788804174.155928,
bind,unsigned,test.test-unsigned.example,cold,6726922,2,False,1788804174.1627653,
bind,unsigned,test.test-unsigned.example,cold,8333155,2,False,1788804174.1712155,
bind,unsigned,test.test-unsigned.example,cold,6070339,2,False,1788804174.17741,
bind,unsigned,test.test-unsigned.example,cold,5714455,2,False,1788804174.183232,
bind,unsigned,test.test-unsigned.example,cold,5694189,2,False,1788804174.1890228,
bind,unsigned,test.test-unsigned.example,cold,5760347,2,False,1788804174.194895,
bind,unsigned,test.test-unsigned.example,cold,6342129,2,False,1788804174.2014058,
bind,unsigned,test.test-unsigned.example,cold,9306612,2,False,1788804174.2108333,
bind,unsigned,test.test-unsigned.example,cold,7077378,2,False,1788804174.2180533,
bind,unsigned,test.test-unsigned.example,cold,5534860,2,False,1788804174.2237027,
bind,unsigned,test.test-unsigned.example,cold,6187527,2,False,1788804174.229972,
bind,unsigned,test.test-unsigned.example,cold,5316364,2,False,1788804174.235392,
bind,unsigned,test.test-unsigned.example,cold,5725205,2,False,1788804174.2412202,
bind,unsigned,test.test-unsigned.example,cold,7190472,2,False,1788804174.248557,
bind,unsigned,test.test-unsigned.example,cold,9367498,2,False,1788804174.2580843,
bind,unsigned,test.test-unsigned.example,cold,7417357,2,False,1788804174.2656727,
bind,unsigned,test.test-unsigned.example,cold,9973282,2,False,1788804174.275756,
bind,unsigned,test.test-unsigned.example,cold,6721193,2,False,1788804174.2825818,
bind,unsigned,test.test-unsigned.example,cold,6230232,2,False,1788804174.2890499,
bind,unsigned,test.test-unsigned.example,cold,8421155,2,False,1788804174.297582,
bind,unsigned,test.test-unsigned.example,cold,5249470,2,False,1788804174.3030627,
bind,unsigned,test.test-unsigned.example,cold,7757120,2,False,1788804174.3109314,
bind,unsigned,test.test-unsigned.example,cold,6513923,2,False,1788804174.3175774,
bind,unsigned,test.test-unsigned.example,cold,7432353,2,False,1788804174.3251975,
bind,unsigned,test.test-unsigned.example,cold,5732843,2,False,1788804174.3310666,
bind,unsigned,test.test-unsigned.example,cold,6252287,2,False,1788804174.337429,
bind,unsigned,test.test-unsigned.example,cold,7401238,2,False,1788804174.3449435,
bind,unsigned,test.test-unsigned.example,cold,8351315,2,False,1788804174.3533983,
bind,unsigned,test.test-unsigned.example,cold,7244372,2,False,1788804174.3607528,
bind,unsigned,test.test-unsigned.example,cold,9654764,2,False,1788804174.370813,
bind,unsigned,test.test-unsigned.example,cold,8631454,2,False,1788804174.3796024,
bind,unsigned,test.test-unsigned.example,cold,7171896,2,False,1788804174.386904,
bind,unsigned,test.test-unsigned.example,cold,6257927,2,False,1788804174.3932722,
bind,unsigned,test.test-unsigned.example,cold,7316587,2,False,1788804174.4006972,
bind,unsigned,test.test-unsigned.example,cold,6767280,2,False,1788804174.4075592,
bind,unsigned,test.test-unsigned.example,cold,5467145,2,False,1788804174.4131417,
bind,unsigned,test.test-unsigned.example,cold,5774382,2,False,1788804174.4190247,
bind,unsigned,test.test-unsigned.example,cold,5794792,2,False,1788804174.424909,
bind,unsigned,test.test-unsigned.example,cold,6672690,2,False,1788804174.431702,
bind,unsigned,test.test-unsigned.example,cold,6303507,2,False,1788804174.4381173,
bind,unsigned,test.test-unsigned.example,cold,5395010,2,False,1788804174.4436529,
bind,unsigned,test.test-unsigned.example,cold,11929450,2,False,1788804174.4557085,
bind,unsigned,test.test-unsigned.example,cold,6176168,2,False,1788804174.4619973,
bind,unsigned,test.test-unsigned.example,cold,7299387,2,False,1788804174.4694088,
bind,unsigned,test.test-unsigned.example,cold,7463917,2,False,1788804174.4769862,
bind,unsigned,test.test-unsigned.example,cold,10144526,2,False,1788804174.4874256,
bind,unsigned,test.test-unsigned.example,cold,5978307,2,False,1788804174.4935024,
bind,unsigned,test.test-unsigned.example,cold,5014900,2,False,1788804174.4986107,
bind,unsigned,test.test-unsigned.example,cold,6648867,2,False,1788804174.5053544,
bind,unsigned,test.test-unsigned.example,cold,5905126,2,False,1788804174.5113566,
bind,unsigned,test.test-unsigned.example,cold,6036104,2,False,1788804174.5174582,
bind,unsigned,test.test-unsigned.example,cold,5671255,2,False,1788804174.5233095,
bind,unsigned,test.test-unsigned.example,cold,7737958,2,False,1788804174.5311992,
bind,unsigned,test.test-unsigned.example,cold,8923869,2,False,1788804174.5402424,
bind,unsigned,test.test-unsigned.example,cold,8698283,2,False,1788804174.5490303,
bind,unsigned,test.test-unsigned.example,cold,32759743,2,False,1788804174.5818965,
bind,unsigned,test.test-unsigned.example,cold,11042328,2,False,1788804174.5930603,
bind,unsigned,test.test-unsigned.example,cold,6779450,2,False,1788804174.5999634,
bind,unsigned,test.test-unsigned.example,cold,6463212,2,False,1788804174.6065354,
bind,unsigned,test.test-unsigned.example,cold,6829457,2,False,1788804174.6135929,
bind,unsigned,test.test-unsigned.example,cold,7687585,2,False,1788804174.621558,
bind,unsigned,test.test-unsigned.example,cold,5671134,2,False,1788804174.6273642,
bind,unsigned,test.test-unsigned.example,cold,5444974,2,False,1788804174.6329098,
bind,unsigned,test.test-unsigned.example,cold,5928811,2,False,1788804174.638944,
bind,unsigned,test.test-unsigned.example,cold,6038109,2,False,1788804174.6450846,
bind,unsigned,test.test-unsigned.example,cold,8959539,2,False,1788804174.6541715,
bind,unsigned,test.test-unsigned.example,cold,5576347,2,False,1788804174.6598556,
bind,unsigned,test.test-unsigned.example,cold,6972825,2,False,1788804174.6669312,
bind,unsigned,test.test-unsigned.example,cold,10668978,2,False,1788804174.6776822,
bind,unsigned,test.test-unsigned.example,cold,8693239,2,False,1788804174.686642,
bind,unsigned,test.test-unsigned.example,cold,7723074,2,False,1788804174.6945765,
bind,unsigned,test.test-unsigned.example,cold,6317778,2,False,1788804174.7010098,
bind,unsigned,test.test-unsigned.example,cold,5707632,2,False,1788804174.7068892,
bind,unsigned,test.test-unsigned.example,cold,6701287,2,False,1788804174.713693,
bind,unsigned,test.test-unsigned.example,cold,6722616,2,False,1788804174.720555,
bind,unsigned,test.test-unsigned.example,cold,5084069,2,False,1788804174.7257526,
bind,unsigned,test.test-unsigned.example,cold,5714472,2,False,1788804174.7315726,
bind,unsigned,test.test-unsigned.example,cold,5786155,2,False,1788804174.7374742,
bind,unsigned,test.test-unsigned.example,cold,7828857,2,False,1788804174.7454183,
bind,unsigned,test.test-unsigned.example,cold,6201790,2,False,1788804174.7517378,
bind,unsigned,test.test-unsigned.example,cold,7320964,2,False,1788804174.7591796,
bind,unsigned,test.test-unsigned.example,cold,10262148,2,False,1788804174.7695663,
bind,unsigned,test.test-unsigned.example,cold,8829559,2,False,1788804174.778731,
bind,unsigned,test.test-unsigned.example,cold,8638431,2,False,1788804174.7874608,
bind,unsigned,test.test-unsigned.example,cold,5636476,2,False,1788804174.793275,
bind,unsigned,test.test-unsigned.example,cold,6356624,2,False,1788804174.7997327,
bind,unsigned,test.test-unsigned.example,cold,7255769,2,False,1788804174.807414,
bind,unsigned,test.test-unsigned.example,cold,6612074,2,False,1788804174.814225,
bind,unsigned,test.test-unsigned.example,cold,7786103,2,False,1788804174.822147,
bind,unsigned,test.test-unsigned.example,cold,6496959,2,False,1788804174.8287272,
bind,unsigned,test.test-unsigned.example,cold,9279965,2,False,1788804174.8381193,
bind,unsigned,test.test-unsigned.example,cold,7107884,2,False,1788804174.8453276,
bind,unsigned,test.test-unsigned.example,cold,9223967,2,False,1788804174.8546462,
bind,unsigned,test.test-unsigned.example,cold,8909682,2,False,1788804174.8637264,
bind,unsigned,test.test-unsigned.example,cold,6441248,2,False,1788804174.8702915,
bind,unsigned,test.test-unsigned.example,cold,6879126,2,False,1788804174.877285,
bind,unsigned,test.test-unsigned.example,cold,7912205,2,False,1788804174.8852978,
bind,unsigned,test.test-unsigned.example,cold,7133938,2,False,1788804174.8925571,
bind,unsigned,test.test-unsigned.example,cold,4833886,2,False,1788804174.897543,
bind,unsigned,test.test-unsigned.example,cold,6591785,2,False,1788804174.9042509,
bind,unsigned,test.test-unsigned.example,cold,10192575,2,False,1788804174.914557,
bind,unsigned,test.test-unsigned.example,cold,8370741,2,False,1788804174.92316,
bind,unsigned,test.test-unsigned.example,cold,11727858,2,False,1788804174.935038,
bind,unsigned,test.test-unsigned.example,cold,6092320,2,False,1788804174.9412367,
bind,unsigned,test.test-unsigned.example,cold,6024522,2,False,1788804174.9473598,
bind,unsigned,test.test-unsigned.example,cold,5427639,2,False,1788804174.9528913,
bind,unsigned,test.test-unsigned.example,cold,6142053,2,False,1788804174.9591417,
bind,unsigned,test.test-unsigned.example,cold,9992525,2,False,1788804174.969248,
bind,unsigned,test.test-unsigned.example,cold,6987815,2,False,1788804174.9763362,
bind,unsigned,test.test-unsigned.example,cold,10138179,2,False,1788804174.986572,
bind,unsigned,test.test-unsigned.example,cold,5574990,2,False,1788804174.9922373,
bind,unsigned,test.test-unsigned.example,cold,7445305,2,False,1788804174.999813,
bind,unsigned,test.test-unsigned.example,cold,7302898,2,False,1788804175.0072675,
bind,unsigned,test.test-unsigned.example,cold,6463987,2,False,1788804175.0139248,
bind,unsigned,test.test-unsigned.example,cold,5165186,2,False,1788804175.0191908,
bind,unsigned,test.test-unsigned.example,cold,9960319,2,False,1788804175.0292614,
bind,unsigned,test.test-unsigned.example,cold,5305517,2,False,1788804175.0346766,
bind,unsigned,test.test-unsigned.example,cold,9929129,2,False,1788804175.0447044,
bind,unsigned,test.test-unsigned.example,cold,7588527,2,False,1788804175.0524094,
bind,unsigned,test.test-unsigned.example,cold,5540663,2,False,1788804175.058058,
bind,unsigned,test.test-unsigned.example,cold,6482064,2,False,1788804175.064656,
bind,unsigned,test.test-unsigned.example,cold,9510906,2,False,1788804175.074545,
bind,unsigned,test.test-unsigned.example,cold,6533520,2,False,1788804175.0812182,
bind,unsigned,test.test-unsigned.example,cold,13320357,2,False,1788804175.094649,
bind,unsigned,test.test-unsigned.example,cold,8048823,2,False,1788804175.102817,
bind,unsigned,test.test-unsigned.example,cold,5947404,2,False,1788804175.1088898,
bind,unsigned,test.test-unsigned.example,cold,12524927,2,False,1788804175.1216066,
bind,unsigned,test.test-unsigned.example,cold,17508879,2,False,1788804175.1392248,
bind,unsigned,test.test-unsigned.example,cold,5506476,2,False,1788804175.1448483,
bind,unsigned,test.test-unsigned.example,cold,9989063,2,False,1788804175.15505,
bind,unsigned,test.test-unsigned.example,cold,6860814,2,False,1788804175.1619973,
bind,unsigned,test.test-unsigned.example,cold,5676717,2,False,1788804175.167768,
bind,unsigned,test.test-unsigned.example,cold,8530897,2,False,1788804175.1764634,
bind,unsigned,test.test-unsigned.example,cold,5957658,2,False,1788804175.182527,
bind,unsigned,test.test-unsigned.example,cold,7650814,2,False,1788804175.190279,
bind,unsigned,test.test-unsigned.example,cold,7739969,2,False,1788804175.198134,
bind,unsigned,test.test-unsigned.example,cold,14280330,2,False,1788804175.2125163,
bind,unsigned,test.test-unsigned.example,cold,7211938,2,False,1788804175.245225,
bind,unsigned,test.test-unsigned.example,cold,8546253,2,False,1788804175.253883,
bind,unsigned,test.test-unsigned.example,cold,10489325,2,False,1788804175.264479,
bind,unsigned,test.test-unsigned.example,cold,10314725,2,False,1788804175.2750657,
bind,unsigned,test.test-unsigned.example,cold,7284047,2,False,1788804175.2824857,
bind,unsigned,test.test-unsigned.example,cold,11789939,2,False,1788804175.2946858,
bind,unsigned,test.test-unsigned.example,cold,9981469,2,False,1788804175.3049207,
bind,unsigned,test.test-unsigned.example,cold,8304517,2,False,1788804175.313698,
bind,unsigned,test.test-unsigned.example,cold,10769211,2,False,1788804175.3246355,
bind,unsigned,test.test-unsigned.example,cold,10667023,2,False,1788804175.335524,
bind,unsigned,test.test-unsigned.example,cold,7226159,2,False,1788804175.3429804,
bind,unsigned,test.test-unsigned.example,cold,6972689,2,False,1788804175.3501253,
bind,unsigned,test.test-unsigned.example,cold,7500703,2,False,1788804175.3577583,
bind,unsigned,test.test-unsigned.example,cold,14656193,2,False,1788804175.3725653,
bind,unsigned,test.test-unsigned.example,cold,6585105,2,False,1788804175.3792582,
bind,unsigned,test.test-unsigned.example,cold,6246040,2,False,1788804175.3856049,
bind,unsigned,test.test-unsigned.example,cold,9010075,2,False,1788804175.3947256,
bind,unsigned,test.test-unsigned.example,cold,9447993,2,False,1788804175.4043067,
bind,unsigned,test.test-unsigned.example,cold,7062776,2,False,1788804175.4114735,
bind,unsigned,test.test-unsigned.example,cold,8107514,2,False,1788804175.4196851,
bind,unsigned,test.test-unsigned.example,cold,7505538,2,False,1788804175.427331,
bind,unsigned,test.test-unsigned.example,cold,6677966,2,False,1788804175.4384336,
bind,unsigned,test.test-unsigned.example,cold,6129681,2,False,1788804175.4447334,
bind,unsigned,test.test-unsigned.example,cold,6624687,2,False,1788804175.4514446,
bind,unsigned,test.test-unsigned.example,cold,8602802,2,False,1788804175.4602113,
bind,unsigned,test.test-unsigned.example,cold,6298248,2,False,1788804175.466613,
bind,unsigned,test.test-unsigned.example,cold,9504077,2,False,1788804175.4762201,
bind,unsigned,test.test-unsigned.example,cold,6990200,2,False,1788804175.4833145,
bind,unsigned,test.test-unsigned.example,cold,5348806,2,False,1788804175.4887762,
bind,unsigned,test.test-unsigned.example,cold,5435432,2,False,1788804175.4943078,
bind,unsigned,test.test-unsigned.example,cold,7362143,2,False,1788804175.5017452,
bind,unsigned,test.test-unsigned.example,cold,7734303,2,False,1788804175.5096467,
bind,unsigned,test.test-unsigned.example,cold,6143465,2,False,1788804175.5159023,
bind,unsigned,test.test-unsigned.example,cold,10329348,2,False,1788804175.5263505,
bind,unsigned,test.test-unsigned.example,cold,7569783,2,False,1788804175.5340524,
bind,unsigned,test.test-unsigned.example,cold,8102270,2,False,1788804175.5423675,
bind,unsigned,test.test-unsigned.example,cold,6284088,2,False,1788804175.548784,
bind,unsigned,test.test-unsigned.example,cold,5297696,2,False,1788804175.5542004,
bind,unsigned,test.test-unsigned.example,cold,6831131,2,False,1788804175.5611348,
bind,unsigned,test.test-unsigned.example,cold,8614004,2,False,1788804175.5698538,
bind,unsigned,test.test-unsigned.example,cold,9233456,2,False,1788804175.5791936,
bind,unsigned,test.test-unsigned.example,cold,5876500,2,False,1788804175.5851672,
bind,unsigned,test.test-unsigned.example,cold,8519086,2,False,1788804175.5937858,
bind,unsigned,test.test-unsigned.example,cold,5965756,2,False,1788804175.5998938,
bind,unsigned,test.test-unsigned.example,cold,10400512,2,False,1788804175.6104014,
bind,unsigned,test.test-unsigned.example,cold,5328077,2,False,1788804175.6158786,
bind,unsigned,test.test-unsigned.example,cold,8787818,2,False,1788804175.6247637,
bind,unsigned,test.test-unsigned.example,cold,5875542,2,False,1788804175.6308055,
bind,unsigned,test.test-unsigned.example,cold,5372555,2,False,1788804175.6362753,
bind,unsigned,test.test-unsigned.example,cold,6103605,2,False,1788804175.64248,
bind,unsigned,test.test-unsigned.example,cold,6539998,2,False,1788804175.6491146,
bind,unsigned,test.test-unsigned.example,cold,6064211,2,False,1788804175.6553051,
bind,unsigned,test.test-unsigned.example,cold,8431809,2,False,1788804175.6638544,
bind,unsigned,test.test-unsigned.example,cold,5390808,2,False,1788804175.669348,
bind,unsigned,test.test-unsigned.example,cold,12094216,2,False,1788804175.6815314,
bind,unsigned,test.test-unsigned.example,cold,5852491,2,False,1788804175.6874998,
bind,unsigned,test.test-unsigned.example,cold,7651070,2,False,1788804175.6953356,
bind,unsigned,test.test-unsigned.example,cold,5893468,2,False,1788804175.7013752,
bind,unsigned,test.test-unsigned.example,cold,8828571,2,False,1788804175.7103953,
bind,unsigned,test.test-unsigned.example,cold,8568048,2,False,1788804175.719071,
bind,unsigned,test.test-unsigned.example,cold,11006649,2,False,1788804175.7301784,
bind,unsigned,test.test-unsigned.example,cold,6544941,2,False,1788804175.736842,
bind,unsigned,test.test-unsigned.example,cold,5636524,2,False,1788804175.7426257,
bind,unsigned,test.test-unsigned.example,cold,5787161,2,False,1788804175.7485318,
bind,unsigned,test.test-unsigned.example,cold,7356177,2,False,1788804175.7559612,
bind,unsigned,test.test-unsigned.example,cold,10480498,2,False,1788804175.766602,
bind,unsigned,test.test-unsigned.example,cold,5811455,2,False,1788804175.7725961,
bind,unsigned,test.test-unsigned.example,cold,6073996,2,False,1788804175.7787664,
bind,unsigned,test.test-unsigned.example,cold,6798802,2,False,1788804175.7856555,
bind,unsigned,test.test-unsigned.example,cold,5123055,2,False,1788804175.7908955,
bind,unsigned,test.test-unsigned.example,cold,7474452,2,False,1788804175.7984767,
bind,unsigned,test.test-unsigned.example,cold,5837415,2,False,1788804175.804429,
bind,unsigned,test.test-unsigned.example,cold,11960780,2,False,1788804175.8164895,
bind,unsigned,test.test-unsigned.example,cold,5396206,2,False,1788804175.8219924,
bind,unsigned,test.test-unsigned.example,cold,10163281,2,False,1788804175.8322675,
bind,unsigned,test.test-unsigned.example,cold,11735149,2,False,1788804175.844168,
bind,unsigned,test.test-unsigned.example,cold,7227238,2,False,1788804175.8516123,
bind,unsigned,test.test-unsigned.example,cold,7192767,2,False,1788804175.8589017,
bind,unsigned,test.test-unsigned.example,cold,8471129,2,False,1788804175.8674507,
bind,unsigned,test.test-unsigned.example,cold,5455868,2,False,1788804175.873035,
bind,unsigned,test.test-unsigned.example,cold,7046953,2,False,1788804175.8801794,
bind,unsigned,test.test-unsigned.example,cold,6665651,2,False,1788804175.8869522,
bind,unsigned,test.test-unsigned.example,cold,6745121,2,False,1788804175.8938093,
bind,unsigned,test.test-unsigned.example,cold,6995668,2,False,1788804175.9009242,
bind,unsigned,test.test-unsigned.example,cold,5978981,2,False,1788804175.9070396,
bind,unsigned,test.test-unsigned.example,cold,25273431,2,False,1788804175.9324174,
bind,unsigned,test.test-unsigned.example,cold,6689446,2,False,1788804175.9392064,
bind,unsigned,test.test-unsigned.example,cold,7586678,2,False,1788804175.9468935,
bind,unsigned,test.test-unsigned.example,cold,8510550,2,False,1788804175.9555113,
bind,unsigned,test.test-unsigned.example,cold,11303245,2,False,1788804175.966971,
bind,unsigned,test.test-unsigned.example,cold,5256047,2,False,1788804175.9723926,
bind,unsigned,test.test-unsigned.example,cold,9954554,2,False,1788804175.9825034,
bind,unsigned,test.test-unsigned.example,cold,8434301,2,False,1788804175.9913535,
bind,unsigned,test.test-unsigned.example,cold,5988461,2,False,1788804175.9974875,
bind,unsigned,test.test-unsigned.example,cold,8703429,2,False,1788804176.0067725,
bind,unsigned,test.test-unsigned.example,cold,9428640,2,False,1788804176.016611,
bind,unsigned,test.test-unsigned.example,cold,10060356,2,False,1788804176.0304487,
bind,unsigned,test.test-unsigned.example,cold,10950323,2,False,1788804176.0416038,
bind,unsigned,test.test-unsigned.example,cold,9884747,2,False,1788804176.0516808,
bind,unsigned,test.test-unsigned.example,cold,9226311,2,False,1788804176.0616202,
bind,unsigned,test.test-unsigned.example,cold,7394831,2,False,1788804176.0692072,
bind,unsigned,test.test-unsigned.example,cold,6277995,2,False,1788804176.0756192,
bind,unsigned,test.test-unsigned.example,cold,6488238,2,False,1788804176.082198,
bind,unsigned,test.test-unsigned.example,cold,6244737,2,False,1788804176.0885534,
bind,unsigned,test.test-unsigned.example,cold,5482621,2,False,1788804176.094146,
bind,unsigned,test.test-unsigned.example,cold,7268963,2,False,1788804176.1015136,
bind,unsigned,test.test-unsigned.example,cold,8117612,2,False,1788804176.1097512,
bind,unsigned,test.test-unsigned.example,cold,5822994,2,False,1788804176.115705,
bind,unsigned,test.test-unsigned.example,cold,6253490,2,False,1788804176.1220677,
bind,unsigned,test.test-unsigned.example,cold,6034613,2,False,1788804176.12826,
bind,unsigned,test.test-unsigned.example,cold,12935843,2,False,1788804176.1413355,
bind,unsigned,test.test-unsigned.example,cold,7077745,2,False,1788804176.1485395,
bind,unsigned,test.test-unsigned.example,cold,7084769,2,False,1788804176.155753,
bind,unsigned,test.test-unsigned.example,cold,10868878,2,False,1788804176.1668181,
bind,unsigned,test.test-unsigned.example,cold,9304864,2,False,1788804176.176358,
bind,unsigned,test.test-unsigned.example,cold,12475810,2,False,1788804176.1891332,
bind,unsigned,test.test-unsigned.example,cold,8295153,2,False,1788804176.19756,
bind,unsigned,test.test-unsigned.example,cold,9887511,2,False,1788804176.207636,
bind,unsigned,test.test-unsigned.example,cold,10934627,2,False,1788804176.2189846,
bind,unsigned,test.test-unsigned.example,cold,7665014,2,False,1788804176.2271628,
bind,unsigned,test.test-unsigned.example,cold,8465527,2,False,1788804176.2358966,
bind,unsigned,test.test-unsigned.example,cold,7820813,2,False,1788804176.2438788,
bind,unsigned,test.test-unsigned.example,cold,6921801,2,False,1788804176.251112,
bind,unsigned,test.test-unsigned.example,cold,7654844,2,False,1788804176.2588782,
bind,unsigned,test.test-unsigned.example,cold,6599662,2,False,1788804176.2656136,
bind,unsigned,test.test-unsigned.example,cold,5674970,2,False,1788804176.271412,
bind,unsigned,test.test-unsigned.example,cold,8307491,2,False,1788804176.2798374,
bind,unsigned,test.test-unsigned.example,cold,7654629,2,False,1788804176.2876265,
bind,unsigned,test.test-unsigned.example,cold,6559905,2,False,1788804176.2942898,
bind,unsigned,test.test-unsigned.example,cold,7514222,2,False,1788804176.3019202,
bind,unsigned,test.test-unsigned.example,cold,10022172,2,False,1788804176.3121042,
bind,unsigned,test.test-unsigned.example,cold,8215587,2,False,1788804176.320874,
bind,unsigned,test.test-unsigned.example,cold,15943019,2,False,1788804176.336939,
bind,unsigned,test.test-unsigned.example,cold,8490647,2,False,1788804176.345528,
bind,unsigned,test.test-unsigned.example,cold,8565374,2,False,1788804176.3542225,
bind,unsigned,test.test-unsigned.example,cold,8022422,2,False,1788804176.3623865,
bind,unsigned,test.test-unsigned.example,cold,7728425,2,False,1788804176.3702435,
bind,unsigned,test.test-unsigned.example,cold,8684634,2,False,1788804176.3790345,
bind,unsigned,test.test-unsigned.example,cold,8518263,2,False,1788804176.3888328,
bind,unsigned,test.test-unsigned.example,cold,7881054,2,False,1788804176.3969767,
bind,unsigned,test.test-unsigned.example,cold,8212808,2,False,1788804176.4055104,
bind,unsigned,test.test-unsigned.example,cold,7508023,2,False,1788804176.413155,
bind,unsigned,test.test-unsigned.example,cold,7117035,2,False,1788804176.4204297,
bind,unsigned,test.test-unsigned.example,cold,6253974,2,False,1788804176.4267986,
bind,unsigned,test.test-unsigned.example,cold,14499254,2,False,1788804176.441455,
bind,unsigned,test.test-unsigned.example,cold,9165779,2,False,1788804176.4507747,
bind,unsigned,test.test-unsigned.example,cold,9397465,2,False,1788804176.460337,
bind,unsigned,test.test-unsigned.example,cold,6339607,2,False,1788804176.4667773,
bind,unsigned,test.test-unsigned.example,cold,6584463,2,False,1788804176.473448,
bind,unsigned,test.test-unsigned.example,cold,7576698,2,False,1788804176.481116,
bind,unsigned,test.test-unsigned.example,cold,5094322,2,False,1788804176.4863174,
bind,unsigned,test.test-unsigned.example,cold,8275136,2,False,1788804176.494687,
bind,unsigned,test.test-unsigned.example,cold,5282259,2,False,1788804176.500082,
bind,unsigned,test.test-unsigned.example,cold,6494566,2,False,1788804176.506676,
bind,unsigned,test.test-unsigned.example,cold,6369508,2,False,1788804176.513158,
bind,unsigned,test.test-unsigned.example,cold,5686381,2,False,1788804176.5189753,
bind,unsigned,test.test-unsigned.example,cold,5843678,2,False,1788804176.5250096,
bind,unsigned,test.test-unsigned.example,cold,8109417,2,False,1788804176.5332713,
bind,unsigned,test.test-unsigned.example,cold,6606616,2,False,1788804176.539978,
bind,unsigned,test.test-unsigned.example,cold,7279277,2,False,1788804176.5473566,
bind,unsigned,test.test-unsigned.example,cold,10261249,2,False,1788804176.5577037,
bind,unsigned,test.test-unsigned.example,cold,8713255,2,False,1788804176.5665095,
bind,unsigned,test.test-unsigned.example,cold,5687053,2,False,1788804176.5723016,
bind,unsigned,test.test-unsigned.example,cold,7068532,2,False,1788804176.579462,
bind,unsigned,test.test-unsigned.example,cold,6334597,2,False,1788804176.5860248,
bind,unsigned,test.test-unsigned.example,cold,5908312,2,False,1788804176.5920863,
bind,unsigned,test.test-unsigned.example,cold,5586695,2,False,1788804176.5977674,
bind,unsigned,test.test-unsigned.example,cold,8944383,2,False,1788804176.6068141,
bind,unsigned,test.test-unsigned.example,cold,5678952,2,False,1788804176.612599,
bind,unsigned,test.test-unsigned.example,cold,6779825,2,False,1788804176.6194906,
bind,unsigned,test.test-unsigned.example,cold,5578470,2,False,1788804176.6251788,
bind,unsigned,test.test-unsigned.example,cold,6106501,2,False,1788804176.631408,
bind,unsigned,test.test-unsigned.example,cold,8624460,2,False,1788804176.6401446,
bind,unsigned,test.test-unsigned.example,cold,9250040,2,False,1788804176.6495354,
bind,unsigned,test.test-unsigned.example,cold,9957590,2,False,1788804176.6596186,
bind,unsigned,test.test-unsigned.example,cold,7373347,2,False,1788804176.667084,
bind,unsigned,test.test-unsigned.example,cold,6566776,2,False,1788804176.6737585,
bind,unsigned,test.test-unsigned.example,cold,6515125,2,False,1788804176.6804347,
bind,unsigned,test.test-unsigned.example,cold,9316496,2,False,1788804176.6900642,
bind,unsigned,test.test-unsigned.example,cold,5836556,2,False,1788804176.6960049,
bind,unsigned,test.test-unsigned.example,cold,7550414,2,False,1788804176.7036662,
bind,unsigned,test.test-unsigned.example,cold,25633642,2,False,1788804176.7306314,
bind,unsigned,test.test-unsigned.example,cold,11339988,2,False,1788804176.742089,
bind,unsigned,test.test-unsigned.example,cold,11514311,2,False,1788804176.7537713,
bind,unsigned,test.test-unsigned.example,cold,7872108,2,False,1788804176.7618568,
bind,unsigned,test.test-unsigned.example,cold,6984337,2,False,1788804176.7689571,
bind,unsigned,test.test-unsigned.example,cold,8919291,2,False,1788804176.7779996,
bind,unsigned,test.test-unsigned.example,cold,6025042,2,False,1788804176.784147,
bind,unsigned,test.test-unsigned.example,cold,12007023,2,False,1788804176.7964213,
bind,unsigned,test.test-unsigned.example,cold,7046078,2,False,1788804176.8035986,
bind,unsigned,test.test-unsigned.example,cold,5967602,2,False,1788804176.809707,
bind,unsigned,test.test-unsigned.example,cold,8525662,2,False,1788804176.8184242,
bind,unsigned,test.test-unsigned.example,cold,7017943,2,False,1788804176.8256254,
bind,unsigned,test.test-unsigned.example,cold,7094057,2,False,1788804176.8328223,
bind,unsigned,test.test-unsigned.example,cold,10865394,2,False,1788804176.8439763,
bind,unsigned,test.test-unsigned.example,cold,9612949,2,False,1788804176.8537009,
bind,unsigned,test.test-unsigned.example,cold,11732079,2,False,1788804176.8658466,
bind,unsigned,test.test-unsigned.example,cold,11185074,2,False,1788804176.8771467,
bind,unsigned,test.test-unsigned.example,cold,8576652,2,False,1788804176.885849,
bind,unsigned,test.test-unsigned.example,cold,6407143,2,False,1788804176.8923628,
bind,unsigned,test.test-unsigned.example,cold,10799353,2,False,1788804176.9032936,
bind,unsigned,test.test-unsigned.example,cold,6715361,2,False,1788804176.9101334,
bind,unsigned,test.test-unsigned.example,cold,11024594,2,False,1788804176.9213161,
bind,unsigned,test.test-unsigned.example,cold,7285627,2,False,1788804176.9287817,
bind,unsigned,test.test-unsigned.example,cold,7715476,2,False,1788804176.936617,
bind,unsigned,test.test-unsigned.example,cold,6165080,2,False,1788804176.942946,
bind,unsigned,test.test-unsigned.example,cold,8020479,2,False,1788804176.9510646,
bind,unsigned,test.test-unsigned.example,cold,12743986,2,False,1788804176.9639277,
bind,unsigned,test.test-unsigned.example,cold,6635574,2,False,1788804176.9707563,
bind,unsigned,test.test-unsigned.example,cold,9682688,2,False,1788804176.9805946,
bind,unsigned,test.test-unsigned.example,cold,18526406,2,False,1788804176.9992423,
bind,unsigned,test.test-unsigned.example,cold,9316291,2,False,1788804177.008677,
bind,unsigned,test.test-unsigned.example,cold,8307701,2,False,1788804177.0173063,
bind,unsigned,test.test-unsigned.example,cold,10890727,2,False,1788804177.0283618,
bind,unsigned,test.test-unsigned.example,cold,5813765,2,False,1788804177.034301,
bind,unsigned,test.test-unsigned.example,cold,7918321,2,False,1788804177.0425105,
bind,unsigned,test.test-unsigned.example,cold,9468226,2,False,1788804177.0521345,
bind,unsigned,test.test-unsigned.example,cold,6756092,2,False,1788804177.05904,
bind,unsigned,test.test-unsigned.example,cold,12651217,2,False,1788804177.071804,
bind,unsigned,test.test-unsigned.example,cold,9080220,2,False,1788804177.0810103,
bind,unsigned,test.test-unsigned.example,cold,6619224,2,False,1788804177.0891452,
bind,unsigned,test.test-unsigned.example,cold,7340696,2,False,1788804177.0970926,
bind,unsigned,test.test-unsigned.example,cold,9707013,2,False,1788804177.1069,
bind,unsigned,test.test-unsigned.example,cold,6788417,2,False,1788804177.1138058,
bind,unsigned,test.test-unsigned.example,cold,7705827,2,False,1788804177.1216795,
bind,unsigned,test.test-unsigned.example,cold,6187598,2,False,1788804177.1279888,
bind,unsigned,test.test-unsigned.example,cold,6269520,2,False,1788804177.1343923,
bind,unsigned,test.test-unsigned.example,cold,13419674,2,False,1788804177.1479928,
bind,unsigned,test.test-unsigned.example,cold,8898597,2,False,1788804177.157027,
bind,unsigned,test.test-unsigned.example,cold,16446168,2,False,1788804177.1735852,
bind,unsigned,test.test-unsigned.example,cold,15743875,2,False,1788804177.1894548,
bind,unsigned,test.test-unsigned.example,cold,5977218,2,False,1788804177.1955497,
bind,unsigned,test.test-unsigned.example,cold,18497091,2,False,1788804177.2141492,
bind,unsigned,test.test-unsigned.example,cold,16005714,2,False,1788804177.2303,
bind,unsigned,test.test-unsigned.example,cold,13579491,2,False,1788804177.2440197,
bind,unsigned,test.test-unsigned.example,cold,6111118,2,False,1788804177.2502136,
bind,unsigned,test.test-unsigned.example,cold,15165277,2,False,1788804177.265488,
bind,unsigned,test.test-unsigned.example,cold,10589111,2,False,1788804177.2761993,
bind,unsigned,test.test-unsigned.example,cold,10304237,2,False,1788804177.2866642,
bind,unsigned,test.test-unsigned.example,cold,5372990,2,False,1788804177.292163,
bind,unsigned,test.test-unsigned.example,cold,6095753,2,False,1788804177.2983642,
bind,unsigned,test.test-unsigned.example,cold,7277997,2,False,1788804177.3057878,
bind,unsigned,test.test-unsigned.example,cold,6981123,2,False,1788804177.3128843,
bind,unsigned,test.test-unsigned.example,cold,5853155,2,False,1788804177.3188493,
bind,unsigned,test.test-unsigned.example,cold,13475948,2,False,1788804177.3327816,
bind,unsigned,test.test-unsigned.example,cold,9648857,2,False,1788804177.3426297,
bind,unsigned,test.test-unsigned.example,cold,10367074,2,False,1788804177.3531327,
bind,unsigned,test.test-unsigned.example,cold,11879137,2,False,1788804177.3651996,
bind,unsigned,test.test-unsigned.example,cold,11084152,2,False,1788804177.3765604,
bind,unsigned,test.test-unsigned.example,cold,15943975,2,False,1788804177.3927186,
bind,unsigned,test.test-unsigned.example,cold,21651696,2,False,1788804177.414645,
bind,unsigned,test.test-unsigned.example,cold,11380938,2,False,1788804177.4261775,
bind,unsigned,test.test-unsigned.example,cold,12503547,2,False,1788804177.4388127,
bind,unsigned,test.test-unsigned.example,cold,11023022,2,False,1788804177.450013,
bind,unsigned,test.test-unsigned.example,cold,7787663,2,False,1788804177.4579349,
bind,unsigned,test.test-unsigned.example,cold,8175672,2,False,1788804177.4662433,
bind,unsigned,test.test-unsigned.example,cold,7787822,2,False,1788804177.4742613,
bind,unsigned,test.test-unsigned.example,cold,10343499,2,False,1788804177.4847322,
bind,unsigned,test.test-unsigned.example,cold,6047622,2,False,1788804177.4910944,
bind,unsigned,test.test-unsigned.example,cold,7368670,2,False,1788804177.4985697,
bind,unsigned,test.test-unsigned.example,cold,6686762,2,False,1788804177.50537,
bind,unsigned,test.test-unsigned.example,cold,16032114,2,False,1788804177.5215242,
bind,unsigned,test.test-unsigned.example,cold,10456566,2,False,1788804177.532091,
bind,unsigned,test.test-unsigned.example,cold,6543754,2,False,1788804177.538767,
bind,unsigned,test.test-unsigned.example,cold,9995008,2,False,1788804177.5488663,
bind,unsigned,test.test-unsigned.example,cold,11828363,2,False,1788804177.560809,
bind,unsigned,test.test-unsigned.example,cold,11849556,2,False,1788804177.5728128,
bind,unsigned,test.test-unsigned.example,cold,7365346,2,False,1788804177.5803506,
bind,unsigned,test.test-unsigned.example,cold,8841484,2,False,1788804177.58961,
bind,unsigned,test.test-unsigned.example,cold,11760432,2,False,1788804177.6015823,
bind,unsigned,test.test-unsigned.example,cold,7090264,2,False,1788804177.6088116,
bind,unsigned,test.test-unsigned.example,cold,9018889,2,False,1788804177.6181824,
bind,unsigned,test.test-unsigned.example,cold,6540861,2,False,1788804177.624831,
bind,unsigned,test.test-unsigned.example,cold,7983169,2,False,1788804177.6329658,
bind,unsigned,test.test-unsigned.example,cold,15128839,2,False,1788804177.6482403,
bind,unsigned,test.test-unsigned.example,cold,14315496,2,False,1788804177.6638722,
bind,unsigned,test.test-unsigned.example,cold,12276684,2,False,1788804177.6763036,
bind,unsigned,test.test-unsigned.example,cold,18414245,2,False,1788804177.695355,
bind,unsigned,test.test-unsigned.example,cold,7034913,2,False,1788804177.7027123,
bind,unsigned,test.test-unsigned.example,cold,7778341,2,False,1788804177.7107291,
bind,unsigned,test.test-unsigned.example,cold,6898452,2,False,1788804177.718023,
bind,unsigned,test.test-unsigned.example,cold,8132650,2,False,1788804177.7262738,
bind,unsigned,test.test-unsigned.example,cold,9156247,2,False,1788804177.735546,
bind,unsigned,test.test-unsigned.example,cold,14865362,2,False,1788804177.7505732,
bind,unsigned,test.test-unsigned.example,cold,16340191,2,False,1788804177.767031,
bind,unsigned,test.test-unsigned.example,cold,9396587,2,False,1788804177.776579,
bind,unsigned,test.test-unsigned.example,cold,17754963,2,False,1788804177.7945707,
bind,unsigned,test.test-unsigned.example,cold,22197011,2,False,1788804177.8168936,
bind,unsigned,test.test-unsigned.example,cold,18849604,2,False,1788804177.8359127,
bind,unsigned,test.test-unsigned.example,cold,13142870,2,False,1788804177.8492732,
bind,unsigned,test.test-unsigned.example,cold,6701662,2,False,1788804177.8560824,
bind,unsigned,test.test-unsigned.example,cold,13233042,2,False,1788804177.8694258,
bind,unsigned,test.test-unsigned.example,cold,9891238,2,False,1788804177.8794343,
bind,unsigned,test.test-unsigned.example,cold,6558806,2,False,1788804177.8861463,
bind,unsigned,test.test-unsigned.example,cold,8346176,2,False,1788804177.894705,
bind,unsigned,test.test-unsigned.example,cold,6153861,2,False,1788804177.9009705,
bind,unsigned,test.test-unsigned.example,cold,7626202,2,False,1788804177.9088943,
bind,unsigned,test.test-unsigned.example,cold,7790640,2,False,1788804177.9168088,
bind,unsigned,test.test-unsigned.example,cold,9246081,2,False,1788804177.9262228,
bind,unsigned,test.test-unsigned.example,cold,7801784,2,False,1788804177.9344695,
bind,unsigned,test.test-unsigned.example,cold,11858501,2,False,1788804177.9464889,
bind,unsigned,test.test-unsigned.example,cold,13165817,2,False,1788804177.9598575,
bind,unsigned,test.test-unsigned.example,cold,7376900,2,False,1788804177.967374,
bind,unsigned,test.test-unsigned.example,cold,13262748,2,False,1788804177.9807942,
bind,unsigned,test.test-unsigned.example,cold,9221553,2,False,1788804177.990128,
bind,unsigned,test.test-unsigned.example,cold,9355751,2,False,1788804177.9996445,
bind,unsigned,test.test-unsigned.example,cold,12132793,2,False,1788804178.0119224,
bind,unsigned,test.test-unsigned.example,cold,7951763,2,False,1788804178.020247,
bind,unsigned,test.test-unsigned.example,cold,6635003,2,False,1788804178.0270288,
bind,unsigned,test.test-unsigned.example,cold,12697751,2,False,1788804178.0399287,
bind,unsigned,test.test-unsigned.example,cold,10024025,2,False,1788804178.050065,
bind,unsigned,test.test-unsigned.example,cold,7322930,2,False,1788804178.0574906,
bind,unsigned,test.test-unsigned.example,cold,7441079,2,False,1788804178.0651598,
bind,unsigned,test.test-unsigned.example,cold,13198417,2,False,1788804178.0785003,
bind,unsigned,test.test-unsigned.example,cold,8564772,2,False,1788804178.0872147,
bind,unsigned,test.test-unsigned.example,cold,6824978,2,False,1788804178.0941608,
bind,unsigned,test.test-unsigned.example,cold,6390274,2,False,1788804178.100652,
bind,unsigned,test.test-unsigned.example,cold,10047703,2,False,1788804178.1108174,
bind,unsigned,test.test-unsigned.example,cold,10651082,2,False,1788804178.1217744,
bind,unsigned,test.test-unsigned.example,cold,8476664,2,False,1788804178.131086,
bind,unsigned,test.test-unsigned.example,cold,8582227,2,False,1788804178.139775,
bind,unsigned,test.test-unsigned.example,cold,11959128,2,False,1788804178.1518743,
bind,unsigned,test.test-unsigned.example,cold,5980256,2,False,1788804178.1580765,
bind,unsigned,test.test-unsigned.example,cold,8302398,2,False,1788804178.1664739,
bind,unsigned,test.test-unsigned.example,cold,7920877,2,False,1788804178.174505,
bind,unsigned,test.test-unsigned.example,cold,18181831,2,False,1788804178.1932487,
bind,unsigned,test.test-unsigned.example,cold,14209336,2,False,1788804178.2075696,
bind,unsigned,test.test-unsigned.example,cold,23511672,2,False,1788804178.231207,
bind,unsigned,test.test-unsigned.example,cold,8491917,2,False,1788804178.2412574,
bind,unsigned,test.test-unsigned.example,cold,12821581,2,False,1788804178.2542212,
bind,unsigned,test.test-unsigned.example,cold,12667415,2,False,1788804178.2670724,
bind,unsigned,test.test-unsigned.example,cold,9412309,2,False,1788804178.2766554,
bind,unsigned,test.test-unsigned.example,cold,10918158,2,False,1788804178.2877421,
bind,unsigned,test.test-unsigned.example,cold,15020672,2,False,1788804178.302933,
bind,unsigned,test.test-unsigned.example,cold,8934344,2,False,1788804178.3119938,
bind,unsigned,test.test-unsigned.example,cold,10713076,2,False,1788804178.3229918,
bind,unsigned,test.test-unsigned.example,cold,29321172,2,False,1788804178.352634,
bind,unsigned,test.test-unsigned.example,cold,9441480,2,False,1788804178.3621807,
bind,unsigned,test.test-unsigned.example,cold,7067670,2,False,1788804178.369337,
bind,unsigned,test.test-unsigned.example,cold,6543061,2,False,1788804178.3760614,
bind,unsigned,test.test-unsigned.example,cold,9704175,2,False,1788804178.3858984,
bind,unsigned,test.test-unsigned.example,cold,9867582,2,False,1788804178.3958712,
bind,unsigned,test.test-unsigned.example,cold,11515052,2,False,1788804178.4075055,
bind,unsigned,test.test-unsigned.example,cold,12004333,2,False,1788804178.4196823,
bind,unsigned,test.test-unsigned.example,cold,7149157,2,False,1788804178.4271946,
bind,unsigned,test.test-unsigned.example,cold,26696267,2,False,1788804178.4542034,
bind,unsigned,test.test-unsigned.example,cold,7625954,2,False,1788804178.4620233,
bind,unsigned,test.test-unsigned.example,cold,10207521,2,False,1788804178.4723668,
bind,unsigned,test.test-unsigned.example,cold,7038850,2,False,1788804178.479532,
bind,unsigned,test.test-unsigned.example,cold,10624870,2,False,1788804178.4926794,
bind,unsigned,test.test-unsigned.example,cold,8603277,2,False,1788804178.501484,
bind,unsigned,test.test-unsigned.example,cold,15121891,2,False,1788804178.516735,
bind,unsigned,test.test-unsigned.example,cold,9632263,2,False,1788804178.526626,
bind,unsigned,test.test-unsigned.example,cold,6274598,2,False,1788804178.5331273,
bind,unsigned,test.test-unsigned.example,cold,17111314,2,False,1788804178.550365,
bind,unsigned,test.test-unsigned.example,cold,31866230,2,False,1788804178.5824435,
bind,unsigned,test.test-unsigned.example,cold,9089806,2,False,1788804178.5918572,
bind,unsigned,test.test-unsigned.example,cold,10334758,2,False,1788804178.6023493,
bind,unsigned,test.test-unsigned.example,cold,12621843,2,False,1788804178.6152835,
bind,unsigned,test.test-unsigned.example,cold,13110119,2,False,1788804178.628659,
bind,unsigned,test.test-unsigned.example,cold,10379800,2,False,1788804178.6391776,
bind,unsigned,test.test-unsigned.example,cold,14525368,2,False,1788804178.6539004,
bind,unsigned,test.test-unsigned.example,cold,8086767,2,False,1788804178.6621244,
bind,unsigned,test.test-unsigned.example,cold,16872759,2,False,1788804178.6791258,
bind,unsigned,test.test-unsigned.example,cold,9881019,2,False,1788804178.6891215,
bind,unsigned,test.test-unsigned.example,cold,10361800,2,False,1788804178.6995988,
bind,unsigned,test.test-unsigned.example,cold,9443353,2,False,1788804178.7091393,
bind,unsigned,test.test-unsigned.example,cold,9481665,2,False,1788804178.718716,
bind,unsigned,test.test-unsigned.example,cold,12649643,2,False,1788804178.73158,
bind,unsigned,test.test-unsigned.example,cold,8177645,2,False,1788804178.739977,
bind,unsigned,test.test-unsigned.example,cold,10520004,2,False,1788804178.7506166,
bind,unsigned,test.test-unsigned.example,cold,9230373,2,False,1788804178.7600002,
bind,unsigned,test.test-unsigned.example,cold,29060757,2,False,1788804178.7891927,
bind,unsigned,test.test-unsigned.example,cold,5840935,2,False,1788804178.7951105,
bind,unsigned,test.test-unsigned.example,cold,10713367,2,False,1788804178.8059523,
bind,unsigned,test.test-unsigned.example,cold,7806220,2,False,1788804178.8138964,
bind,unsigned,test.test-unsigned.example,cold,8167184,2,False,1788804178.822364,
bind,unsigned,test.test-unsigned.example,cold,6168885,2,False,1788804178.8286595,
bind,unsigned,test.test-unsigned.example,cold,5653359,2,False,1788804178.834431,
bind,unsigned,test.test-unsigned.example,cold,12768027,2,False,1788804178.8473275,
bind,unsigned,test.test-unsigned.example,cold,14781407,2,False,1788804178.8623166,
bind,unsigned,test.test-unsigned.example,cold,11571423,2,False,1788804178.874066,
bind,unsigned,test.test-unsigned.example,cold,9729415,2,False,1788804178.883935,
bind,unsigned,test.test-unsigned.example,cold,14186174,2,False,1788804178.8982856,
bind,unsigned,test.test-unsigned.example,cold,10896791,2,False,1788804178.9093242,
bind,unsigned,test.test-unsigned.example,cold,6417989,2,False,1788804178.9158826,
bind,unsigned,test.test-unsigned.example,cold,8826729,2,False,1788804178.9248314,
bind,unsigned,test.test-unsigned.example,cold,12818483,2,False,1788804178.9377584,
bind,unsigned,test.test-unsigned.example,cold,11220518,2,False,1788804178.949277,
bind,unsigned,test.test-unsigned.example,cold,7892486,2,False,1788804178.9573371,
bind,unsigned,test.test-unsigned.example,cold,8921662,2,False,1788804178.9663823,
bind,unsigned,test.test-unsigned.example,cold,12305721,2,False,1788804178.9787996,
bind,unsigned,test.test-unsigned.example,cold,8858909,2,False,1788804178.9878507,
bind,unsigned,test.test-unsigned.example,cold,7725858,2,False,1788804178.9958,
bind,unsigned,test.test-unsigned.example,cold,5951013,2,False,1788804179.0018406,
bind,unsigned,test.test-unsigned.example,cold,11031752,2,False,1788804179.0130308,
bind,unsigned,test.test-unsigned.example,cold,7602211,2,False,1788804179.0208142,
bind,unsigned,test.test-unsigned.example,cold,7881279,2,False,1788804179.0288348,
bind,unsigned,test.test-unsigned.example,cold,6390241,2,False,1788804179.0353398,
bind,unsigned,test.test-unsigned.example,cold,8070393,2,False,1788804179.043513,
bind,unsigned,test.test-unsigned.example,cold,7214731,2,False,1788804179.0508432,
bind,unsigned,test.test-unsigned.example,cold,11672769,2,False,1788804179.0627291,
bind,unsigned,test.test-unsigned.example,cold,10323786,2,False,1788804179.0731628,
bind,unsigned,test.test-unsigned.example,cold,7601644,2,False,1788804179.0808737,
bind,unsigned,test.test-unsigned.example,cold,10976879,2,False,1788804179.0919833,
bind,unsigned,test.test-unsigned.example,cold,8612435,2,False,1788804179.101216,
bind,unsigned,test.test-unsigned.example,cold,7720318,2,False,1788804179.1091425,
bind,unsigned,test.test-unsigned.example,cold,51160971,2,False,1788804179.1603975,
bind,unsigned,test.test-unsigned.example,cold,18118272,2,False,1788804179.178998,
bind,unsigned,test.test-unsigned.example,cold,15022904,2,False,1788804179.1941411,
bind,unsigned,test.test-unsigned.example,cold,16557522,2,False,1788804179.2108376,
bind,unsigned,test.test-unsigned.example,cold,19231350,2,False,1788804179.2302043,
bind,unsigned,test.test-unsigned.example,cold,13646764,2,False,1788804179.2456582,
bind,unsigned,test.test-unsigned.example,cold,10761398,2,False,1788804179.2565532,
bind,unsigned,test.test-unsigned.example,cold,13924775,2,False,1788804179.270667,
bind,unsigned,test.test-unsigned.example,cold,12643691,2,False,1788804179.2834811,
bind,unsigned,test.test-unsigned.example,cold,20482131,2,False,1788804179.304362,
bind,unsigned,test.test-unsigned.example,cold,17312693,2,False,1788804179.3217804,
bind,unsigned,test.test-unsigned.example,cold,13376351,2,False,1788804179.3352847,
bind,unsigned,test.test-unsigned.example,cold,11573123,2,False,1788804179.3469965,
bind,unsigned,test.test-unsigned.example,cold,7019815,2,False,1788804179.354166,
bind,unsigned,test.test-unsigned.example,cold,10192946,2,False,1788804179.3644872,
bind,unsigned,test.test-unsigned.example,cold,12796408,2,False,1788804179.377415,
bind,unsigned,test.test-unsigned.example,cold,10044327,2,False,1788804179.3876557,
bind,unsigned,test.test-unsigned.example,cold,8643415,2,False,1788804179.3966637,
bind,unsigned,test.test-unsigned.example,cold,6486728,2,False,1788804179.4032834,
bind,unsigned,test.test-unsigned.example,cold,8097673,2,False,1788804179.4114718,
bind,unsigned,test.test-unsigned.example,cold,15933310,2,False,1788804179.4275234,
bind,unsigned,test.test-unsigned.example,cold,20451715,2,False,1788804179.4481807,
bind,unsigned,test.test-unsigned.example,cold,14202506,2,False,1788804179.4624982,
bind,unsigned,test.test-unsigned.example,cold,7046470,2,False,1788804179.4696572,
bind,unsigned,test.test-unsigned.example,cold,16871118,2,False,1788804179.486661,
bind,unsigned,test.test-unsigned.example,cold,5990436,2,False,1788804179.492813,
bind,unsigned,test.test-unsigned.example,cold,6368013,2,False,1788804179.4993377,
bind,unsigned,test.test-unsigned.example,cold,7650230,2,False,1788804179.5071797,
bind,unsigned,test.test-unsigned.example,cold,14633223,2,False,1788804179.5220237,
bind,unsigned,test.test-unsigned.example,cold,12404040,2,False,1788804179.5345998,
bind,unsigned,test.test-unsigned.example,cold,11327200,2,False,1788804179.5460873,
bind,unsigned,test.test-unsigned.example,cold,6934831,2,False,1788804179.553262,
bind,unsigned,test.test-unsigned.example,cold,7580391,2,False,1788804179.560991,
bind,unsigned,test.test-unsigned.example,cold,8158683,2,False,1788804179.5693347,
bind,unsigned,test.test-unsigned.example,cold,11745552,2,False,1788804179.5812683,
bind,unsigned,test.test-unsigned.example,cold,7760053,2,False,1788804179.5891619,
bind,unsigned,test.test-unsigned.example,cold,8201161,2,False,1788804179.5980787,
bind,unsigned,test.test-unsigned.example,cold,7766114,2,False,1788804179.605966,
bind,unsigned,test.test-unsigned.example,cold,6401978,2,False,1788804179.6124868,
bind,unsigned,test.test-unsigned.example,cold,5749957,2,False,1788804179.6183631,
bind,unsigned,test.test-unsigned.example,cold,6103591,2,False,1788804179.6245878,
bind,unsigned,test.test-unsigned.example,cold,12663427,2,False,1788804179.6374023,
bind,unsigned,test.test-unsigned.example,cold,19565721,2,False,1788804179.6570945,
bind,unsigned,test.test-unsigned.example,cold,14443818,2,False,1788804179.6716626,
bind,unsigned,test.test-unsigned.example,cold,5870910,2,False,1788804179.6776884,
bind,unsigned,test.test-unsigned.example,cold,7270385,2,False,1788804179.6850703,
bind,unsigned,test.test-unsigned.example,cold,4991507,2,False,1788804179.6901877,
bind,unsigned,test.test-unsigned.example,cold,11473219,2,False,1788804179.701801,
bind,unsigned,test.test-unsigned.example,cold,6800497,2,False,1788804179.7087429,
bind,unsigned,test.test-unsigned.example,cold,11635211,2,False,1788804179.7204926,
bind,unsigned,test.test-unsigned.example,cold,8273740,2,False,1788804179.7289732,
bind,unsigned,test.test-unsigned.example,cold,6119838,2,False,1788804179.735195,
bind,unsigned,test.test-unsigned.example,cold,6102488,2,False,1788804179.741537,
bind,unsigned,test.test-unsigned.example,cold,11291983,2,False,1788804179.7529533,
bind,unsigned,test.test-unsigned.example,cold,11781713,2,False,1788804179.7648838,
bind,unsigned,test.test-unsigned.example,cold,7030635,2,False,1788804179.7720206,
bind,unsigned,test.test-unsigned.example,cold,12757962,2,False,1788804179.7850192,
bind,unsigned,test.test-unsigned.example,cold,7317899,2,False,1788804179.7924402,
bind,unsigned,test.test-unsigned.example,cold,6547773,2,False,1788804179.7990923,
bind,unsigned,test.test-unsigned.example,cold,8936141,2,False,1788804179.808134,
bind,unsigned,test.test-unsigned.example,cold,6356329,2,False,1788804179.814614,
bind,unsigned,test.test-unsigned.example,cold,8453471,2,False,1788804179.8231833,
bind,unsigned,test.test-unsigned.example,cold,5918316,2,False,1788804179.8298087,
bind,unsigned,test.test-unsigned.example,cold,16491972,2,False,1788804179.8463838,
bind,unsigned,test.test-unsigned.example,cold,12263097,2,False,1788804179.8587787,
bind,unsigned,test.test-unsigned.example,cold,8707442,2,False,1788804179.8676195,
bind,unsigned,test.test-unsigned.example,cold,6630222,2,False,1788804179.8744192,
bind,unsigned,test.test-unsigned.example,cold,6723229,2,False,1788804179.881253,
bind,unsigned,test.test-unsigned.example,cold,9131658,2,False,1788804179.890522,
bind,unsigned,test.test-unsigned.example,cold,6807638,2,False,1788804179.8974946,
bind,unsigned,test.test-unsigned.example,cold,8398694,2,False,1788804179.9059858,
bind,unsigned,test.test-unsigned.example,cold,9706166,2,False,1788804179.9160051,
bind,unsigned,test.test-unsigned.example,cold,8622553,2,False,1788804179.9247334,
bind,unsigned,test.test-unsigned.example,cold,7078094,2,False,1788804179.9319282,
bind,unsigned,test.test-unsigned.example,cold,12919495,2,False,1788804179.9449844,
bind,unsigned,test.test-unsigned.example,cold,9127813,2,False,1788804179.9542162,
bind,unsigned,test.test-unsigned.example,cold,15355624,2,False,1788804179.9696894,
bind,unsigned,test.test-unsigned.example,cold,11460036,2,False,1788804179.9813576,
bind,unsigned,test.test-unsigned.example,cold,14819225,2,False,1788804179.9963365,
bind,unsigned,test.test-unsigned.example,cold,7570228,2,False,1788804180.004024,
bind,unsigned,test.test-unsigned.example,cold,5898050,2,False,1788804180.0100505,
bind,unsigned,test.test-unsigned.example,cold,5898287,2,False,1788804180.0160375,
bind,unsigned,test.test-unsigned.example,cold,7795167,2,False,1788804180.0239317,
bind,unsigned,test.test-unsigned.example,cold,10438246,2,False,1788804180.0345347,
bind,unsigned,test.test-unsigned.example,cold,22794594,2,False,1788804180.0574503,
bind,unsigned,test.test-unsigned.example,cold,16797104,2,False,1788804180.0743575,
bind,unsigned,test.test-unsigned.example,cold,10476690,2,False,1788804180.0849411,
bind,unsigned,test.test-unsigned.example,cold,6979730,2,False,1788804180.0920422,
bind,unsigned,test.test-unsigned.example,cold,7262797,2,False,1788804180.0993984,
bind,unsigned,test.test-unsigned.example,cold,8460241,2,False,1788804180.1079473,
bind,unsigned,test.test-unsigned.example,cold,6105366,2,False,1788804180.1141565,
bind,unsigned,test.test-unsigned.example,cold,6215646,2,False,1788804180.120476,
bind,unsigned,test.test-unsigned.example,cold,9234529,2,False,1788804180.1298158,
bind,unsigned,test.test-unsigned.example,cold,16671556,2,False,1788804180.1466055,
bind,unsigned,test.test-unsigned.example,cold,14812920,2,False,1788804180.161525,
bind,unsigned,test.test-unsigned.example,cold,17555779,2,False,1788804180.179241,
bind,unsigned,test.test-unsigned.example,cold,17298273,2,False,1788804180.1966634,
bind,unsigned,test.test-unsigned.example,cold,22316676,2,False,1788804180.2191288,
bind,unsigned,test.test-unsigned.example,cold,23649003,2,False,1788804180.242922,
bind,unsigned,test.test-unsigned.example,cold,23379174,2,False,1788804180.266874,
bind,unsigned,test.test-unsigned.example,cold,21967616,2,False,1788804180.2889845,
bind,unsigned,test.test-unsigned.example,cold,10391477,2,False,1788804180.2994735,
bind,unsigned,test.test-unsigned.example,cold,14954633,2,False,1788804180.314536,
bind,unsigned,test.test-unsigned.example,cold,9608364,2,False,1788804180.3242447,
bind,unsigned,test.test-unsigned.example,cold,7762936,2,False,1788804180.3321488,
bind,unsigned,test.test-unsigned.example,cold,7963909,2,False,1788804180.3402522,
bind,unsigned,test.test-unsigned.example,cold,17123549,2,False,1788804180.3576293,
bind,unsigned,test.test-unsigned.example,cold,16865896,2,False,1788804180.374848,
bind,unsigned,test.test-unsigned.example,cold,12185773,2,False,1788804180.3875487,
bind,unsigned,test.test-unsigned.example,cold,19138482,2,False,1788804180.4069018,
bind,unsigned,test.test-unsigned.example,cold,8220477,2,False,1788804180.4152389,
bind,unsigned,test.test-unsigned.example,cold,7153929,2,False,1788804180.4225175,
bind,unsigned,test.test-unsigned.example,cold,6694360,2,False,1788804180.4294195,
bind,unsigned,test.test-unsigned.example,cold,6566584,2,False,1788804180.4361157,
bind,unsigned,test.test-unsigned.example,cold,6964764,2,False,1788804180.44321,
bind,unsigned,test.test-unsigned.example,cold,10549798,2,False,1788804180.4539363,
bind,unsigned,test.test-unsigned.example,cold,6386615,2,False,1788804180.4605327,
bind,unsigned,test.test-unsigned.example,cold,9450488,2,False,1788804180.4703178,
bind,unsigned,test.test-unsigned.example,cold,8626950,2,False,1788804180.479412,
bind,unsigned,test.test-unsigned.example,cold,10153826,2,False,1788804180.4896991,
bind,unsigned,test.test-unsigned.example,cold,5181094,2,False,1788804180.4951448,
bind,unsigned,test.test-unsigned.example,cold,6851499,2,False,1788804180.502107,
bind,unsigned,test.test-unsigned.example,cold,8145695,2,False,1788804180.510394,
bind,unsigned,test.test-unsigned.example,cold,6047208,2,False,1788804180.516555,
bind,unsigned,test.test-unsigned.example,cold,6292330,2,False,1788804180.5229433,
bind,unsigned,test.test-unsigned.example,cold,5932484,2,False,1788804180.5289712,
bind,unsigned,test.test-unsigned.example,cold,6509230,2,False,1788804180.535548,
bind,unsigned,test.test-unsigned.example,cold,6145914,2,False,1788804180.541799,
bind,unsigned,test.test-unsigned.example,cold,6082096,2,False,1788804180.5480917,
bind,unsigned,test.test-unsigned.example,cold,8510536,2,False,1788804180.5567403,
bind,unsigned,test.test-unsigned.example,cold,9316599,2,False,1788804180.5661798,
bind,unsigned,test.test-unsigned.example,cold,5886960,2,False,1788804180.5721748,
bind,unsigned,test.test-unsigned.example,cold,6770846,2,False,1788804180.579052,
bind,unsigned,test.test-unsigned.example,cold,6168925,2,False,1788804180.5853112,
bind,unsigned,test.test-unsigned.example,cold,6739608,2,False,1788804180.5921583,
bind,unsigned,test.test-unsigned.example,cold,6224851,2,False,1788804180.598497,
bind,unsigned,test.test-unsigned.example,cold,5797937,2,False,1788804180.6044016,
bind,unsigned,test.test-unsigned.example,cold,6986543,2,False,1788804180.6115062,
bind,unsigned,test.test-unsigned.example,cold,6611175,2,False,1788804180.618227,
bind,unsigned,test.test-unsigned.example,cold,12317974,2,False,1788804180.6306472,
bind,unsigned,test.test-unsigned.example,cold,6330645,2,False,1788804180.6373882,
bind,unsigned,test.test-unsigned.example,cold,6453321,2,False,1788804180.6439357,
bind,unsigned,test.test-unsigned.example,cold,5924118,2,False,1788804180.6499684,
bind,unsigned,test.test-unsigned.example,cold,8648487,2,False,1788804180.658728,
bind,unsigned,test.test-unsigned.example,cold,9032771,2,False,1788804180.6678813,
bind,unsigned,test.test-unsigned.example,cold,7385307,2,False,1788804180.6753852,
bind,unsigned,test.test-unsigned.example,cold,6731233,2,False,1788804180.6823227,
bind,unsigned,test.test-unsigned.example,cold,6150261,2,False,1788804180.688643,
bind,unsigned,test.test-unsigned.example,cold,6559447,2,False,1788804180.6953437,
bind,unsigned,test.test-unsigned.example,cold,6010050,2,False,1788804180.7014616,
bind,unsigned,test.test-unsigned.example,cold,6654059,2,False,1788804180.708233,
bind,unsigned,test.test-unsigned.example,cold,7467609,2,False,1788804180.7158747,
bind,unsigned,test.test-unsigned.example,cold,6482138,2,False,1788804180.722499,
bind,unsigned,test.test-unsigned.example,cold,8204517,2,False,1788804180.7307916,
bind,unsigned,test.test-unsigned.example,cold,6365070,2,False,1788804180.7375107,
bind,unsigned,test.test-unsigned.example,cold,5732105,2,False,1788804180.7434642,
bind,unsigned,test.test-unsigned.example,cold,6628682,2,False,1788804180.750231,
bind,unsigned,test.test-unsigned.example,cold,5557407,2,False,1788804180.7558997,
bind,unsigned,test.test-unsigned.example,cold,7628768,2,False,1788804180.763617,
bind,unsigned,test.test-unsigned.example,cold,5884861,2,False,1788804180.7696981,
bind,unsigned,test.test-unsigned.example,cold,8067737,2,False,1788804180.7778947,
bind,unsigned,test.test-unsigned.example,cold,8118924,2,False,1788804180.7861586,
bind,unsigned,test.test-unsigned.example,cold,7276739,2,False,1788804180.7935388,
bind,unsigned,test.test-unsigned.example,cold,7788096,2,False,1788804180.8014295,
bind,unsigned,test.test-unsigned.example,cold,5769972,2,False,1788804180.8072755,
bind,unsigned,test.test-unsigned.example,cold,8687430,2,False,1788804180.816049,
bind,unsigned,test.test-unsigned.example,cold,5510718,2,False,1788804180.8216953,
bind,unsigned,test.test-unsigned.example,cold,5899801,2,False,1788804180.8277495,
bind,unsigned,test.test-unsigned.example,cold,7235021,2,False,1788804180.8350909,
bind,unsigned,test.test-unsigned.example,cold,6166699,2,False,1788804180.8413584,
bind,unsigned,test.test-unsigned.example,cold,5867983,2,False,1788804180.8473437,
bind,unsigned,test.test-unsigned.example,cold,6574607,2,False,1788804180.8540375,
bind,unsigned,test.test-unsigned.example,cold,6884864,2,False,1788804180.8610337,
bind,unsigned,test.test-unsigned.example,cold,6971318,2,False,1788804180.8681111,
bind,unsigned,test.test-unsigned.example,cold,8605971,2,False,1788804180.8768818,
bind,unsigned,test.test-unsigned.example,cold,9197005,2,False,1788804180.886216,
bind,unsigned,test.test-unsigned.example,cold,5791742,2,False,1788804180.8921456,
bind,unsigned,test.test-unsigned.example,cold,9843201,2,False,1788804180.9021611,
bind,unsigned,test.test-unsigned.example,cold,6408522,2,False,1788804180.9086797,
bind,unsigned,test.test-unsigned.example,cold,6007262,2,False,1788804180.9148085,
bind,unsigned,test.test-unsigned.example,cold,6088882,2,False,1788804180.9210243,
bind,unsigned,test.test-unsigned.example,cold,5926259,2,False,1788804180.92706,
bind,unsigned,test.test-unsigned.example,cold,7016405,2,False,1788804180.9342146,
bind,unsigned,test.test-unsigned.example,cold,7624774,2,False,1788804180.9421027,
bind,unsigned,test.test-unsigned.example,cold,7064901,2,False,1788804180.94929,
bind,unsigned,test.test-unsigned.example,cold,7299021,2,False,1788804180.9567046,
bind,unsigned,test.test-unsigned.example,cold,12589393,2,False,1788804180.969387,
bind,unsigned,test.test-unsigned.example,cold,7421009,2,False,1788804180.977019,
bind,unsigned,test.test-unsigned.example,cold,9968414,2,False,1788804180.98724,
bind,unsigned,test.test-unsigned.example,cold,7313445,2,False,1788804180.9946628,
bind,unsigned,test.test-unsigned.example,cold,6347470,2,False,1788804181.001145,
bind,unsigned,test.test-unsigned.example,cold,6372480,2,False,1788804181.0076118,
bind,unsigned,test.test-unsigned.example,cold,6576640,2,False,1788804181.0142891,
bind,unsigned,test.test-unsigned.example,cold,8368162,2,False,1788804181.0227637,
bind,unsigned,test.test-unsigned.example,cold,6631733,2,False,1788804181.0295265,
bind,unsigned,test.test-unsigned.example,cold,6185547,2,False,1788804181.036101,
bind,unsigned,test.test-unsigned.example,cold,5521302,2,False,1788804181.0417523,
bind,unsigned,test.test-unsigned.example,cold,6027174,2,False,1788804181.0478895,
bind,unsigned,test.test-unsigned.example,cold,5161006,2,False,1788804181.0531943,
bind,unsigned,test.test-unsigned.example,cold,6636379,2,False,1788804181.0599256,
bind,unsigned,test.test-unsigned.example,cold,6375912,2,False,1788804181.0664022,
bind,unsigned,test.test-unsigned.example,cold,11097024,2,False,1788804181.077611,
bind,unsigned,test.test-unsigned.example,cold,7896297,2,False,1788804181.0856411,
bind,unsigned,test.test-unsigned.example,cold,7318052,2,False,1788804181.093102,
bind,unsigned,test.test-unsigned.example,cold,5943115,2,False,1788804181.0991423,
bind,unsigned,test.test-unsigned.example,cold,8683277,2,False,1788804181.1079528,
bind,unsigned,test.test-unsigned.example,cold,9379499,2,False,1788804181.1175778,
bind,unsigned,test.test-unsigned.example,cold,7788673,2,False,1788804181.1254776,
bind,unsigned,test.test-unsigned.example,cold,5900497,2,False,1788804181.131461,
bind,unsigned,test.test-unsigned.example,cold,6258883,2,False,1788804181.1378276,
bind,unsigned,test.test-unsigned.example,cold,6213355,2,False,1788804181.1441386,
bind,unsigned,test.test-unsigned.example,cold,6169664,2,False,1788804181.150435,
bind,unsigned,test.test-unsigned.example,cold,7176349,2,False,1788804181.157709,
bind,unsigned,test.test-unsigned.example,cold,6906787,2,False,1788804181.1647184,
bind,unsigned,test.test-unsigned.example,cold,11441789,2,False,1788804181.1763046,
bind,unsigned,test.test-unsigned.example,cold,6221054,2,False,1788804181.1826866,
bind,unsigned,test.test-unsigned.example,cold,9725948,2,False,1788804181.1924987,
bind,unsigned,test.test-unsigned.example,cold,10638215,2,False,1788804181.2032695,
bind,unsigned,test.test-unsigned.example,cold,8594867,2,False,1788804181.2119765,
bind,unsigned,test.test-unsigned.example,cold,6788945,2,False,1788804181.2190032,
bind,unsigned,test.test-unsigned.example,cold,9247549,2,False,1788804181.2283843,
bind,unsigned,test.test-unsigned.example,cold,6595305,2,False,1788804181.2354655,
bind,unsigned,test.test-unsigned.example,cold,6861303,2,False,1788804181.2424312,
bind,unsigned,test.test-unsigned.example,cold,7163309,2,False,1788804181.2497091,
bind,unsigned,test.test-unsigned.example,cold,7782113,2,False,1788804181.2576303,
bind,unsigned,test.test-unsigned.example,cold,13367053,2,False,1788804181.271171,
bind,unsigned,test.test-unsigned.example,cold,11097347,2,False,1788804181.282399,
bind,unsigned,test.test-unsigned.example,cold,8945995,2,False,1788804181.2914631,
bind,unsigned,test.test-unsigned.example,cold,7835266,2,False,1788804181.2994082,
bind,unsigned,test.test-unsigned.example,cold,7454136,2,False,1788804181.3070397,
bind,unsigned,test.test-unsigned.example,cold,12160775,2,False,1788804181.319328,
bind,unsigned,test.test-unsigned.example,cold,8772991,2,False,1788804181.3282368,
bind,unsigned,test.test-unsigned.example,cold,8847537,2,False,1788804181.3372104,
bind,unsigned,test.test-unsigned.example,cold,14559100,2,False,1788804181.3518894,
bind,unsigned,test.test-unsigned.example,cold,12390782,2,False,1788804181.3643885,
bind,unsigned,test.test-unsigned.example,cold,6744103,2,False,1788804181.3712544,
bind,unsigned,test.test-unsigned.example,cold,9379011,2,False,1788804181.3807442,
bind,unsigned,test.test-unsigned.example,cold,14015481,2,False,1788804181.3949013,
bind,unsigned,test.test-unsigned.example,cold,7950830,2,False,1788804181.402956,
bind,unsigned,test.test-unsigned.example,cold,7772638,2,False,1788804181.4108326,
bind,unsigned,test.test-unsigned.example,cold,5222406,2,False,1788804181.416165,
bind,unsigned,test.test-unsigned.example,cold,6448884,2,False,1788804181.4227195,
bind,unsigned,test.test-unsigned.example,cold,13395662,2,False,1788804181.4362426,
bind,unsigned,test.test-unsigned.example,cold,6619981,2,False,1788804181.4430015,
bind,unsigned,test.test-unsigned.example,cold,7562947,2,False,1788804181.4506655,
bind,unsigned,test.test-unsigned.example,cold,7461389,2,False,1788804181.4588692,
bind,unsigned,test.test-unsigned.example,cold,9181882,2,False,1788804181.4682553,
bind,unsigned,test.test-unsigned.example,cold,6877666,2,False,1788804181.4752371,
bind,unsigned,test.test-unsigned.example,cold,7371970,2,False,1788804181.4828815,
bind,unsigned,test.test-unsigned.example,cold,8132275,2,False,1788804181.4911258,
bind,unsigned,test.test-unsigned.example,cold,6837355,2,False,1788804181.4980907,
bind,unsigned,test.test-unsigned.example,cold,6711123,2,False,1788804181.5049286,
bind,unsigned,test.test-unsigned.example,cold,9626526,2,False,1788804181.5146592,
bind,unsigned,test.test-unsigned.example,cold,6327665,2,False,1788804181.521176,
bind,unsigned,test.test-unsigned.example,cold,9271104,2,False,1788804181.530558,
bind,unsigned,test.test-unsigned.example,cold,6679656,2,False,1788804181.537357,
bind,unsigned,test.test-unsigned.example,cold,5660235,2,False,1788804181.5431554,
bind,unsigned,test.test-unsigned.example,cold,5731551,2,False,1788804181.549022,
bind,unsigned,test.test-unsigned.example,cold,6768063,2,False,1788804181.5559025,
bind,unsigned,test.test-unsigned.example,cold,6912575,2,False,1788804181.5629303,
bind,unsigned,test.test-unsigned.example,cold,6060737,2,False,1788804181.569113,
bind,unsigned,test.test-unsigned.example,cold,6131055,2,False,1788804181.5753736,
bind,unsigned,test.test-unsigned.example,cold,15400493,2,False,1788804181.5908813,
bind,unsigned,test.test-unsigned.example,cold,9097264,2,False,1788804181.60012,
bind,unsigned,test.test-unsigned.example,cold,6583840,2,False,1788804181.6068058,
bind,unsigned,test.test-unsigned.example,cold,6489476,2,False,1788804181.6134052,
bind,unsigned,test.test-unsigned.example,cold,5664992,2,False,1788804181.6191747,
bind,unsigned,test.test-unsigned.example,cold,5375870,2,False,1788804181.6246626,
bind,unsigned,test.test-unsigned.example,cold,6515061,2,False,1788804181.6312873,
bind,unsigned,test.test-unsigned.example,cold,8119591,2,False,1788804181.6396918,
bind,unsigned,test.test-unsigned.example,cold,8236556,2,False,1788804181.6482186,
bind,unsigned,test.test-unsigned.example,cold,5640147,2,False,1788804181.6539726,
bind,unsigned,test.test-unsigned.example,cold,5763757,2,False,1788804181.6598542,
bind,unsigned,test.test-unsigned.example,cold,6236470,2,False,1788804181.6661992,
bind,unsigned,test.test-unsigned.example,cold,7261833,2,False,1788804181.6735833,
bind,unsigned,test.test-unsigned.example,cold,7114237,2,False,1788804181.6808202,
bind,unsigned,test.test-unsigned.example,cold,7537980,2,False,1788804181.6884687,
bind,unsigned,test.test-unsigned.example,cold,6139973,2,False,1788804181.6947112,
bind,unsigned,test.test-unsigned.example,cold,12818750,2,False,1788804181.7076333,
bind,unsigned,test.test-unsigned.example,cold,5797097,2,False,1788804181.7135692,
bind,unsigned,test.test-unsigned.example,cold,5681596,2,False,1788804181.7193527,
bind,unsigned,test.test-unsigned.example,cold,6153450,2,False,1788804181.7256086,
bind,unsigned,test.test-unsigned.example,cold,7650172,2,False,1788804181.7333424,
bind,unsigned,test.test-unsigned.example,cold,8755837,2,False,1788804181.7421696,
bind,unsigned,test.test-unsigned.example,cold,9205790,2,False,1788804181.7515233,
bind,unsigned,test.test-unsigned.example,cold,6088160,2,False,1788804181.7577112,
bind,unsigned,test.test-unsigned.example,cold,5779987,2,False,1788804181.7635868,
bind,unsigned,test.test-unsigned.example,cold,6105050,2,False,1788804181.7697856,
bind,unsigned,test.test-unsigned.example,cold,6660293,2,False,1788804181.7765336,
bind,unsigned,test.test-unsigned.example,cold,5917403,2,False,1788804181.7825515,
bind,unsigned,test.test-unsigned.example,cold,9516711,2,False,1788804181.7921765,
bind,unsigned,test.test-unsigned.example,cold,9135876,2,False,1788804181.8014202,
bind,unsigned,test.test-unsigned.example,cold,11812609,2,False,1788804181.813356,
bind,unsigned,test.test-unsigned.example,cold,6190172,2,False,1788804181.819662,
bind,unsigned,test.test-unsigned.example,cold,5860053,2,False,1788804181.8256505,
bind,unsigned,test.test-unsigned.example,cold,11528565,2,False,1788804181.8372722,
bind,unsigned,test.test-unsigned.example,cold,8026630,2,False,1788804181.8454053,
bind,unsigned,test.test-unsigned.example,cold,5867377,2,False,1788804181.8513799,
bind,unsigned,test.test-unsigned.example,cold,6942561,2,False,1788804181.8585296,
bind,unsigned,test.test-unsigned.example,cold,6680914,2,False,1788804181.8653338,
bind,unsigned,test.test-unsigned.example,cold,6544035,2,False,1788804181.8719754,
bind,unsigned,test.test-unsigned.example,cold,5582217,2,False,1788804181.877647,
bind,unsigned,test.test-unsigned.example,cold,7143976,2,False,1788804181.8848839,
bind,unsigned,test.test-unsigned.example,cold,9912387,2,False,1788804181.8949056,
bind,unsigned,test.test-unsigned.example,cold,6019875,2,False,1788804181.9011922,
bind,unsigned,test.test-unsigned.example,cold,11982932,2,False,1788804181.913455,
bind,unsigned,test.test-unsigned.example,cold,7709309,2,False,1788804181.9213452,
bind,unsigned,test.test-unsigned.example,cold,13780279,2,False,1788804181.9352422,
bind,unsigned,test.test-unsigned.example,cold,5304733,2,False,1788804181.9406466,
bind,unsigned,test.test-unsigned.example,cold,8103550,2,False,1788804181.948861,
bind,unsigned,test.test-unsigned.example,cold,6068584,2,False,1788804181.9550455,
bind,unsigned,test.test-unsigned.example,cold,6543359,2,False,1788804181.9617038,
bind,unsigned,test.test-unsigned.example,cold,6851790,2,False,1788804181.9686682,
bind,unsigned,test.test-unsigned.example,cold,5947813,2,False,1788804181.9747734,
bind,unsigned,test.test-unsigned.example,cold,6396661,2,False,1788804181.9812696,
bind,unsigned,test.test-unsigned.example,cold,12693151,2,False,1788804181.9940994,
bind,unsigned,test.test-unsigned.example,cold,7245787,2,False,1788804182.0014706,
bind,unsigned,test.test-unsigned.example,cold,9362105,2,False,1788804182.0109737,
bind,unsigned,test.test-unsigned.example,cold,6901620,2,False,1788804182.0180008,
bind,unsigned,test.test-unsigned.example,cold,6554919,2,False,1788804182.0246665,
bind,unsigned,test.test-unsigned.example,cold,5826508,2,False,1788804182.0305853,
bind,unsigned,test.test-unsigned.example,cold,5437341,2,False,1788804182.0361214,
bind,unsigned,test.test-unsigned.example,cold,6061997,2,False,1788804182.0422893,
bind,unsigned,test.test-unsigned.example,cold,9588141,2,False,1788804182.0519788,
bind,unsigned,test.test-unsigned.example,cold,6385561,2,False,1788804182.0584662,
bind,unsigned,test.test-unsigned.example,cold,6585329,2,False,1788804182.0651557,
bind,unsigned,test.test-unsigned.example,cold,12140955,2,False,1788804182.0774686,
bind,unsigned,test.test-unsigned.example,cold,5945488,2,False,1788804182.0835133,
bind,unsigned,test.test-unsigned.example,cold,6333833,2,False,1788804182.089998,
bind,unsigned,test.test-unsigned.example,cold,9411390,2,False,1788804182.0995557,
bind,unsigned,test.test-unsigned.example,cold,6185408,2,False,1788804182.1058652,
bind,unsigned,test.test-unsigned.example,cold,7631689,2,False,1788804182.113599,
bind,unsigned,test.test-unsigned.example,cold,6903742,2,False,1788804182.1205828,
bind,unsigned,test.test-unsigned.example,cold,6388358,2,False,1788804182.1270957,
bind,unsigned,test.test-unsigned.example,cold,5817950,2,False,1788804182.133041,
bind,unsigned,test.test-unsigned.example,cold,5911610,2,False,1788804182.139055,
bind,unsigned,test.test-unsigned.example,cold,7260408,2,False,1788804182.1464124,
bind,unsigned,test.test-unsigned.example,cold,12798575,2,False,1788804182.159376,
bind,unsigned,test.test-unsigned.example,cold,6225039,2,False,1788804182.1657586,
bind,unsigned,test.test-unsigned.example,cold,7422960,2,False,1788804182.1733067,
bind,unsigned,test.test-unsigned.example,cold,5636308,2,False,1788804182.1791046,
bind,unsigned,test.test-unsigned.example,cold,6414057,2,False,1788804182.1856067,
bind,unsigned,test.test-unsigned.example,cold,5939520,2,False,1788804182.191679,
bind,unsigned,test.test-unsigned.example,cold,8008124,2,False,1788804182.1998181,
bind,unsigned,test.test-unsigned.example,cold,12592002,2,False,1788804182.2125297,
bind,unsigned,test.test-unsigned.example,cold,25301158,2,False,1788804182.2379346,
bind,unsigned,test.test-unsigned.example,cold,11131671,2,False,1788804182.2491603,
bind,unsigned,test.test-unsigned.example,cold,8147179,2,False,1788804182.2573996,
bind,unsigned,test.test-unsigned.example,cold,8710209,2,False,1788804182.2662103,
bind,unsigned,test.test-unsigned.example,cold,6422684,2,False,1788804182.2727783,
bind,unsigned,test.test-unsigned.example,cold,7323634,2,False,1788804182.2802372,
bind,unsigned,test.test-unsigned.example,cold,6213076,2,False,1788804182.2865803,
bind,unsigned,test.test-unsigned.example,cold,6467024,2,False,1788804182.2932267,
bind,unsigned,test.test-unsigned.example,cold,9587638,2,False,1788804182.303033,
bind,unsigned,test.test-unsigned.example,cold,9071588,2,False,1788804182.3122423,
bind,unsigned,test.test-unsigned.example,cold,14150689,2,False,1788804182.3265183,
bind,unsigned,test.test-unsigned.example,cold,11608312,2,False,1788804182.3382394,
bind,unsigned,test.test-unsigned.example,cold,7107724,2,False,1788804182.3454485,
bind,unsigned,test.test-unsigned.example,cold,8102055,2,False,1788804182.353702,
bind,unsigned,test.test-unsigned.example,cold,5512025,2,False,1788804182.3596246,
bind,unsigned,test.test-unsigned.example,cold,6564604,2,False,1788804182.366421,
bind,unsigned,test.test-unsigned.example,cold,6718873,2,False,1788804182.373251,
bind,unsigned,test.test-unsigned.example,cold,5670684,2,False,1788804182.3790944,
bind,unsigned,test.test-unsigned.example,cold,13018558,2,False,1788804182.3922389,
bind,unsigned,test.test-unsigned.example,cold,13438336,2,False,1788804182.4059212,
bind,unsigned,test.test-unsigned.example,cold,6107783,2,False,1788804182.4121387,
bind,unsigned,test.test-unsigned.example,cold,9570634,2,False,1788804182.4218988,
bind,unsigned,test.test-unsigned.example,cold,6408408,2,False,1788804182.4283922,
bind,unsigned,test.test-unsigned.example,cold,6727189,2,False,1788804182.4352212,
bind,unsigned,test.test-unsigned.example,cold,5720970,2,False,1788804182.4410741,
bind,unsigned,test.test-unsigned.example,cold,7410005,2,False,1788804182.4486902,
bind,unsigned,test.test-unsigned.example,cold,6128484,2,False,1788804182.4549558,
bind,unsigned,test.test-unsigned.example,cold,5258455,2,False,1788804182.4603052,
bind,unsigned,test.test-unsigned.example,cold,6264150,2,False,1788804182.466651,
bind,unsigned,test.test-unsigned.example,cold,5542317,2,False,1788804182.4724216,
bind,unsigned,test.test-unsigned.example,cold,7251150,2,False,1788804182.479775,
bind,unsigned,test.test-unsigned.example,cold,5854411,2,False,1788804182.485757,
bind,unsigned,test.test-unsigned.example,cold,7312945,2,False,1788804182.4931743,
bind,unsigned,test.test-unsigned.example,cold,29542988,2,False,1788804182.522826,
bind,unsigned,test.test-unsigned.example,cold,12926622,2,False,1788804182.5358822,
bind,unsigned,test.test-unsigned.example,cold,7062842,2,False,1788804182.5430696,
bind,unsigned,test.test-unsigned.example,cold,8188086,2,False,1788804182.553168,
bind,unsigned,test.test-unsigned.example,cold,11050042,2,False,1788804182.564535,
bind,unsigned,test.test-unsigned.example,cold,7498825,2,False,1788804182.5721774,
bind,unsigned,test.test-unsigned.example,cold,6637975,2,False,1788804182.5789635,
bind,unsigned,test.test-unsigned.example,cold,5843903,2,False,1788804182.5849373,
bind,unsigned,test.test-unsigned.example,cold,7632290,2,False,1788804182.5926633,
bind,unsigned,test.test-unsigned.example,cold,6490348,2,False,1788804182.599229,
bind,unsigned,test.test-unsigned.example,cold,6603547,2,False,1788804182.605938,
bind,unsigned,test.test-unsigned.example,cold,6640651,2,False,1788804182.6127195,
bind,unsigned,test.test-unsigned.example,cold,6255320,2,False,1788804182.61909,
bind,unsigned,test.test-unsigned.example,cold,9786149,2,False,1788804182.6289806,
bind,unsigned,test.test-unsigned.example,cold,7203559,2,False,1788804182.6364632,
bind,unsigned,test.test-unsigned.example,cold,6377307,2,False,1788804182.6429486,
bind,unsigned,test.test-unsigned.example,cold,9003973,2,False,1788804182.6521754,
bind,unsigned,test.test-unsigned.example,cold,7251532,2,False,1788804182.6595159,
bind,unsigned,test.test-unsigned.example,cold,7004346,2,False,1788804182.6666338,
bind,unsigned,test.test-unsigned.example,cold,5884685,2,False,1788804182.6730385,
bind,unsigned,test.test-unsigned.example,cold,6034794,2,False,1788804182.6791756,
bind,unsigned,test.test-unsigned.example,cold,7150469,2,False,1788804182.6864452,
bind,unsigned,test.test-unsigned.example,cold,5617382,2,False,1788804182.692186,
bind,unsigned,test.test-unsigned.example,cold,6099987,2,False,1788804182.6983972,
bind,unsigned,test.test-unsigned.example,cold,5418546,2,False,1788804182.7039502,
bind,unsigned,test.test-unsigned.example,cold,5871217,2,False,1788804182.7099059,
bind,unsigned,test.test-unsigned.example,cold,9429327,2,False,1788804182.71949,
bind,unsigned,test.test-unsigned.example,cold,6015012,2,False,1788804182.7256703,
bind,unsigned,test.test-unsigned.example,cold,7765723,2,False,1788804182.7335548,
bind,unsigned,test.test-unsigned.example,cold,6759878,2,False,1788804182.7404332,
bind,unsigned,test.test-unsigned.example,cold,7410560,2,False,1788804182.7479677,
bind,unsigned,test.test-unsigned.example,cold,8256455,2,False,1788804182.7563257,
bind,unsigned,test.test-unsigned.example,cold,5885218,2,False,1788804182.7623146,
bind,unsigned,test.test-unsigned.example,cold,6364518,2,False,1788804182.7687876,
bind,unsigned,test.test-unsigned.example,cold,11217690,2,False,1788804182.780162,
bind,unsigned,test.test-unsigned.example,cold,5748205,2,False,1788804182.7860148,
bind,unsigned,test.test-unsigned.example,cold,7342698,2,False,1788804182.7934568,
bind,unsigned,test.test-unsigned.example,cold,5877856,2,False,1788804182.7994509,
bind,unsigned,test.test-unsigned.example,cold,6110660,2,False,1788804182.8056698,
bind,unsigned,test.test-unsigned.example,cold,10027810,2,False,1788804182.8158205,
bind,unsigned,test.test-unsigned.example,cold,7487506,2,False,1788804182.8234317,
bind,unsigned,test.test-unsigned.example,cold,11166182,2,False,1788804182.8347278,
bind,unsigned,test.test-unsigned.example,cold,6645301,2,False,1788804182.8414798,
bind,unsigned,test.test-unsigned.example,cold,6200333,2,False,1788804182.847855,
bind,unsigned,test.test-unsigned.example,cold,5821101,2,False,1788804182.853782,
bind,unsigned,test.test-unsigned.example,cold,5643482,2,False,1788804182.859531,
bind,unsigned,test.test-unsigned.example,cold,5985672,2,False,1788804182.8656042,
bind,unsigned,test.test-unsigned.example,cold,6079414,2,False,1788804182.8717854,
bind,unsigned,test.test-unsigned.example,cold,6312363,2,False,1788804182.8782065,
bind,unsigned,test.test-unsigned.example,cold,7123479,2,False,1788804182.8854277,
bind,unsigned,test.test-unsigned.example,cold,7478158,2,False,1788804182.893005,
bind,unsigned,test.test-unsigned.example,cold,5304294,2,False,1788804182.8984056,
bind,unsigned,test.test-unsigned.example,cold,6207126,2,False,1788804182.9047189,
bind,unsigned,test.test-unsigned.example,cold,6351666,2,False,1788804182.9111671,
bind,unsigned,test.test-unsigned.example,cold,10045971,2,False,1788804182.9213052,
bind,unsigned,test.test-unsigned.example,cold,6092371,2,False,1788804182.9275086,
bind,unsigned,test.test-unsigned.example,cold,8313981,2,False,1788804182.935967,
bind,unsigned,test.test-unsigned.example,cold,5998347,2,False,1788804182.942097,
bind,unsigned,test.test-unsigned.example,cold,10193775,2,False,1788804182.952468,
bind,unsigned,test.test-unsigned.example,cold,7797629,2,False,1788804182.9604254,
bind,unsigned,test.test-unsigned.example,cold,7262569,2,False,1788804182.9678583,
bind,unsigned,test.test-unsigned.example,cold,8399073,2,False,1788804182.9764638,
bind,unsigned,test.test-unsigned.example,cold,7712110,2,False,1788804182.9842896,
bind,unsigned,test.test-unsigned.example,cold,6363274,2,False,1788804182.9907737,
bind,unsigned,test.test-unsigned.example,cold,12130583,2,False,1788804183.0030468,
bind,unsigned,test.test-unsigned.example,cold,6234283,2,False,1788804183.009432,
bind,unsigned,test.test-unsigned.example,cold,6789869,2,False,1788804183.016335,
bind,unsigned,test.test-unsigned.example,cold,7359375,2,False,1788804183.0238008,
bind,unsigned,test.test-unsigned.example,cold,6516603,2,False,1788804183.0307753,
bind,unsigned,test.test-unsigned.example,cold,11085119,2,False,1788804183.0419936,
bind,unsigned,test.test-unsigned.example,cold,7143917,2,False,1788804183.0492377,
bind,unsigned,test.test-unsigned.example,cold,9625047,2,False,1788804183.058965,
bind,unsigned,test.test-unsigned.example,cold,6964996,2,False,1788804183.0660615,
bind,unsigned,test.test-unsigned.example,cold,6855615,2,False,1788804183.073045,
bind,unsigned,test.test-unsigned.example,cold,5477974,2,False,1788804183.0787868,
bind,unsigned,test.test-unsigned.example,cold,5694822,2,False,1788804183.084575,
bind,unsigned,test.test-unsigned.example,cold,6265362,2,False,1788804183.0909133,
bind,unsigned,test.test-unsigned.example,cold,6309001,2,False,1788804183.0973356,
bind,unsigned,test.test-unsigned.example,cold,5772467,2,False,1788804183.1032228,
bind,unsigned,test.test-unsigned.example,cold,6807282,2,False,1788804183.1101427,
bind,unsigned,test.test-unsigned.example,cold,7913275,2,False,1788804183.1185641,
bind,unsigned,test.test-unsigned.example,cold,8095417,2,False,1788804183.1267755,
bind,unsigned,test.test-unsigned.example,cold,7356905,2,False,1788804183.1344721,
bind,unsigned,test.test-unsigned.example,cold,8867342,2,False,1788804183.1434555,
bind,unsigned,test.test-unsigned.example,cold,6455822,2,False,1788804183.1500008,
bind,unsigned,test.test-unsigned.example,cold,6170415,2,False,1788804183.1564338,
bind,unsigned,test.test-unsigned.example,cold,5647932,2,False,1788804183.162188,
bind,unsigned,test.test-unsigned.example,cold,5595709,2,False,1788804183.1678965,
bind,unsigned,test.test-unsigned.example,cold,6558034,2,False,1788804183.1745298,
bind,unsigned,test.test-unsigned.example,cold,6111387,2,False,1788804183.180751,
bind,unsigned,test.test-unsigned.example,cold,6291160,2,False,1788804183.1871414,
bind,unsigned,test.test-unsigned.example,cold,6117027,2,False,1788804183.193349,
bind,unsigned,test.test-unsigned.example,cold,11882023,2,False,1788804183.20536,
bind,unsigned,test.test-unsigned.example,cold,7303214,2,False,1788804183.21279,
bind,unsigned,test.test-unsigned.example,cold,7498005,2,False,1788804183.2204318,
bind,unsigned,test.test-unsigned.example,cold,8562128,2,False,1788804183.2291026,
bind,unsigned,test.test-unsigned.example,cold,6825663,2,False,1788804183.2362413,
bind,unsigned,test.test-unsigned.example,cold,11030682,2,False,1788804183.2474139,
bind,unsigned,test.test-unsigned.example,cold,7798849,2,False,1788804183.2553694,
bind,unsigned,test.test-unsigned.example,cold,6775190,2,False,1788804183.26227,
bind,unsigned,test.test-unsigned.example,cold,7649512,2,False,1788804183.2702122,
bind,unsigned,test.test-unsigned.example,cold,17699381,2,False,1788804183.2880585,
bind,unsigned,test.test-unsigned.example,cold,9516919,2,False,1788804183.29771,
bind,unsigned,test.test-unsigned.example,cold,6937901,2,False,1788804183.3047822,
bind,unsigned,test.test-unsigned.example,cold,7710482,2,False,1788804183.3126209,
bind,unsigned,test.test-unsigned.example,cold,6849419,2,False,1788804183.3197725,
bind,unsigned,test.test-unsigned.example,cold,5644738,2,False,1788804183.325516,
bind,unsigned,test.test-unsigned.example,cold,5941679,2,False,1788804183.3315606,
bind,unsigned,test.test-unsigned.example,cold,7428918,2,False,1788804183.3391006,
bind,unsigned,test.test-unsigned.example,cold,14223951,2,False,1788804183.3535478,
bind,unsigned,test.test-unsigned.example,cold,11532731,2,False,1788804183.365217,
bind,unsigned,test.test-unsigned.example,cold,6279019,2,False,1788804183.3715982,
bind,unsigned,test.test-unsigned.example,cold,20198387,2,False,1788804183.3918998,
bind,unsigned,test.test-unsigned.example,cold,11312238,2,False,1788804183.4033172,
bind,unsigned,test.test-unsigned.example,cold,8165258,2,False,1788804183.4116023,
bind,unsigned,test.test-unsigned.example,cold,6632871,2,False,1788804183.4183545,
bind,unsigned,test.test-unsigned.example,cold,5841427,2,False,1788804183.4242978,
bind,unsigned,test.test-unsigned.example,cold,8458212,2,False,1788804183.432873,
bind,unsigned,test.test-unsigned.example,cold,6558861,2,False,1788804183.4395533,
bind,unsigned,test.test-unsigned.example,cold,13497088,2,False,1788804183.4531608,
bind,unsigned,test.test-unsigned.example,cold,6719025,2,False,1788804183.4599872,
bind,unsigned,test.test-unsigned.example,cold,6244952,2,False,1788804183.466332,
bind,unsigned,test.test-unsigned.example,cold,6369203,2,False,1788804183.4728205,
bind,unsigned,test.test-unsigned.example,cold,6693956,2,False,1788804183.4796221,
bind,unsigned,test.test-unsigned.example,cold,7857266,2,False,1788804183.4875832,
bind,unsigned,test.test-unsigned.example,cold,6314745,2,False,1788804183.4940007,
bind,unsigned,test.test-unsigned.example,cold,12822901,2,False,1788804183.5069227,
bind,unsigned,test.test-unsigned.example,cold,8180493,2,False,1788804183.5152545,
bind,unsigned,test.test-unsigned.example,cold,7412432,2,False,1788804183.5227668,
bind,unsigned,test.test-unsigned.example,cold,6014390,2,False,1788804183.5291464,
bind,unsigned,test.test-unsigned.example,cold,7646379,2,False,1788804183.5369515,
bind,unsigned,test.test-unsigned.example,cold,5800924,2,False,1788804183.5429008,
bind,unsigned,test.test-unsigned.example,cold,7441980,2,False,1788804183.5504372,
bind,unsigned,test.test-unsigned.example,cold,12995985,2,False,1788804183.5635233,
bind,unsigned,test.test-unsigned.example,cold,6585991,2,False,1788804183.5702364,
bind,unsigned,test.test-unsigned.example,cold,6793039,2,False,1788804183.5771134,
bind,unsigned,test.test-unsigned.example,cold,7028189,2,False,1788804183.5842643,
bind,unsigned,test.test-unsigned.example,cold,7981127,2,False,1788804183.5923917,
bind,unsigned,test.test-unsigned.example,cold,6857007,2,False,1788804183.5993292,
bind,unsigned,test.test-unsigned.example,cold,6107666,2,False,1788804183.6057448,
bind,unsigned,test.test-unsigned.example,cold,6084107,2,False,1788804183.6119275,
bind,unsigned,test.test-unsigned.example,cold,6309006,2,False,1788804183.6183417,
bind,unsigned,test.test-unsigned.example,cold,5769407,2,False,1788804183.6241887,
bind,unsigned,test.test-unsigned.example,cold,14929934,2,False,1788804183.6392066,
bind,unsigned,test.test-unsigned.example,cold,5124188,2,False,1788804183.6444187,
bind,unsigned,test.test-unsigned.example,cold,10346421,2,False,1788804183.6548812,
bind,unsigned,test.test-unsigned.example,cold,6130452,2,False,1788804183.6611977,
bind,unsigned,test.test-unsigned.example,cold,6392663,2,False,1788804183.6676946,
bind,unsigned,test.test-unsigned.example,cold,7823367,2,False,1788804183.6762455,
bind,unsigned,test.test-unsigned.example,cold,6012520,2,False,1788804183.6825027,
bind,unsigned,test.test-unsigned.example,cold,12577634,2,False,1788804183.6951861,
bind,unsigned,test.test-unsigned.example,cold,5584978,2,False,1788804183.7008674,
bind,unsigned,test.test-unsigned.example,cold,7286465,2,False,1788804183.7082481,
bind,unsigned,test.test-unsigned.example,cold,6492022,2,False,1788804183.714986,
bind,unsigned,test.test-unsigned.example,cold,7203685,2,False,1788804183.7223444,
bind,unsigned,test.test-unsigned.example,cold,6541712,2,False,1788804183.7290237,
bind,unsigned,test.test-unsigned.example,cold,5866253,2,False,1788804183.7349877,
bind,unsigned,test.test-unsigned.example,cold,6593836,2,False,1788804183.7416828,
bind,unsigned,test.test-unsigned.example,cold,5439627,2,False,1788804183.7472205,
bind,unsigned,test.test-unsigned.example,cold,9363123,2,False,1788804183.7566702,
bind,unsigned,test.test-unsigned.example,cold,6368891,2,False,1788804183.763201,
bind,unsigned,test.test-unsigned.example,cold,5767046,2,False,1788804183.7690783,
bind,unsigned,test.test-unsigned.example,cold,7190440,2,False,1788804183.7763753,
bind,unsigned,test.test-unsigned.example,cold,6258765,2,False,1788804183.7827501,
bind,unsigned,test.test-unsigned.example,cold,5992474,2,False,1788804183.7888865,
bind,unsigned,test.test-unsigned.example,cold,7645137,2,False,1788804183.796705,
bind,unsigned,test.test-unsigned.example,cold,6544648,2,False,1788804183.8033662,
bind,unsigned,test.test-unsigned.example,cold,6312622,2,False,1788804183.8097925,
bind,unsigned,test.test-unsigned.example,cold,6804625,2,False,1788804183.816706,
bind,unsigned,test.test-unsigned.example,cold,6497144,2,False,1788804183.8233082,
bind,unsigned,test.test-unsigned.example,cold,6047672,2,False,1788804183.8294802,
bind,unsigned,test.test-unsigned.example,cold,7003691,2,False,1788804183.836617,
bind,unsigned,test.test-unsigned.example,cold,8890906,2,False,1788804183.8456194,
bind,unsigned,test.test-unsigned.example,cold,5906085,2,False,1788804183.8516808,
bind,unsigned,test.test-unsigned.example,cold,11212970,2,False,1788804183.8630254,
bind,unsigned,test.test-unsigned.example,cold,12518376,2,False,1788804183.8756514,
bind,unsigned,test.test-unsigned.example,cold,5748460,2,False,1788804183.8815503,
bind,unsigned,test.test-unsigned.example,cold,5754221,2,False,1788804183.8874114,
bind,unsigned,test.test-unsigned.example,cold,5680672,2,False,1788804183.8931906,
bind,unsigned,test.test-unsigned.example,cold,5775532,2,False,1788804183.8991194,
bind,unsigned,test.test-unsigned.example,cold,9350885,2,False,1788804183.908568,
bind,unsigned,test.test-unsigned.example,cold,9040485,2,False,1788804183.917765,
bind,unsigned,test.test-unsigned.example,cold,12531135,2,False,1788804183.9304035,
bind,unsigned,test.test-unsigned.example,cold,6667656,2,False,1788804183.937191,
bind,unsigned,test.test-unsigned.example,cold,8630230,2,False,1788804183.945948,
bind,unsigned,test.test-unsigned.example,cold,6361384,2,False,1788804183.9524,
bind,unsigned,test.test-unsigned.example,cold,7763429,2,False,1788804183.960259,
bind,unsigned,test.test-unsigned.example,cold,7517990,2,False,1788804183.9678674,
bind,unsigned,test.test-unsigned.example,cold,6379904,2,False,1788804183.9743464,
bind,unsigned,test.test-unsigned.example,cold,5620145,2,False,1788804183.9804432,
bind,unsigned,test.test-unsigned.example,cold,5978167,2,False,1788804183.98653,
bind,unsigned,test.test-unsigned.example,cold,6758237,2,False,1788804183.993409,
bind,unsigned,test.test-unsigned.example,cold,7559574,2,False,1788804184.001247,
bind,unsigned,test.test-unsigned.example,cold,6180533,2,False,1788804184.0077074,
bind,unsigned,test.test-unsigned.example,cold,12365198,2,False,1788804184.020214,
bind,unsigned,test.test-unsigned.example,cold,6064984,2,False,1788804184.0263848,
bind,unsigned,test.test-unsigned.example,cold,7953156,2,False,1788804184.03456,
bind,unsigned,test.test-unsigned.example,cold,12292122,2,False,1788804184.0469794,
bind,unsigned,test.test-unsigned.example,cold,8110657,2,False,1788804184.0552669,
bind,unsigned,test.test-unsigned.example,cold,8556505,2,False,1788804184.06454,
bind,unsigned,test.test-unsigned.example,cold,6879338,2,False,1788804184.0714931,
bind,unsigned,test.test-unsigned.example,cold,16237044,2,False,1788804184.0879984,
bind,unsigned,test.test-unsigned.example,cold,8170096,2,False,1788804184.096798,
bind,unsigned,test.test-unsigned.example,cold,7416828,2,False,1788804184.104329,
bind,unsigned,test.test-unsigned.example,cold,6863825,2,False,1788804184.1113834,
bind,unsigned,test.test-unsigned.example,cold,6864376,2,False,1788804184.1183584,
bind,unsigned,test.test-unsigned.example,cold,5461806,2,False,1788804184.1239078,
bind,unsigned,test.test-unsigned.example,cold,8131093,2,False,1788804184.1321433,
bind,unsigned,test.test-unsigned.example,cold,6468365,2,False,1788804184.138741,
bind,unsigned,test.test-unsigned.example,cold,6280891,2,False,1788804184.1451216,
bind,unsigned,test.test-unsigned.example,cold,7222404,2,False,1788804184.152436,
bind,unsigned,test.test-unsigned.example,cold,7547720,2,False,1788804184.1600976,
bind,unsigned,test.test-unsigned.example,cold,7212318,2,False,1788804184.1676674,
bind,unsigned,test.test-unsigned.example,cold,6592431,2,False,1788804184.174392,
bind,unsigned,test.test-unsigned.example,cold,6288988,2,False,1788804184.180755,
bind,unsigned,test.test-unsigned.example,cold,24380439,2,False,1788804184.2052498,
bind,unsigned,test.test-unsigned.example,cold,10707671,2,False,1788804184.2161415,
bind,unsigned,test.test-unsigned.example,cold,14570165,2,False,1788804184.2308295,
bind,unsigned,test.test-unsigned.example,cold,10927439,2,False,1788804184.2418587,
bind,unsigned,test.test-unsigned.example,cold,7408953,2,False,1788804184.2493753,
bind,unsigned,test.test-unsigned.example,cold,7170738,2,False,1788804184.2566557,
bind,unsigned,test.test-unsigned.example,cold,10476380,2,False,1788804184.267242,
bind,unsigned,test.test-unsigned.example,cold,14730867,2,False,1788804184.282084,
bind,unsigned,test.test-unsigned.example,cold,7030400,2,False,1788804184.289227,
bind,unsigned,test.test-unsigned.example,cold,11603362,2,False,1788804184.3010223,
bind,unsigned,test.test-unsigned.example,cold,12328193,2,False,1788804184.3134964,
bind,unsigned,test.test-unsigned.example,cold,10539029,2,False,1788804184.3242214,
bind,unsigned,test.test-unsigned.example,cold,10434350,2,False,1788804184.3348024,
bind,unsigned,test.test-unsigned.example,cold,6673608,2,False,1788804184.3415937,
bind,unsigned,test.test-unsigned.example,cold,11210460,2,False,1788804184.3529897,
bind,unsigned,test.test-unsigned.example,cold,6652220,2,False,1788804184.359814,
bind,unsigned,test.test-unsigned.example,cold,10015078,2,False,1788804184.3699224,
bind,unsigned,test.test-unsigned.example,cold,7704106,2,False,1788804184.3778443,
bind,unsigned,test.test-unsigned.example,cold,7272511,2,False,1788804184.385212,
bind,unsigned,test.test-unsigned.example,cold,6574311,2,False,1788804184.3919094,
bind,unsigned,test.test-unsigned.example,cold,5933017,2,False,1788804184.3979378,
bind,unsigned,test.test-unsigned.example,cold,9725884,2,False,1788804184.4077637,
bind,unsigned,test.test-unsigned.example,cold,7065043,2,False,1788804184.4149346,
bind,unsigned,test.test-unsigned.example,cold,6885576,2,False,1788804184.4219341,
bind,unsigned,test.test-unsigned.example,cold,7775942,2,False,1788804184.4298708,
bind,unsigned,test.test-unsigned.example,cold,6272605,2,False,1788804184.436244,
bind,unsigned,test.test-unsigned.example,cold,5991173,2,False,1788804184.4423406,
bind,unsigned,test.test-unsigned.example,cold,7208388,2,False,1788804184.449656,
bind,unsigned,test.test-unsigned.example,cold,10398355,2,False,1788804184.460184,
bind,unsigned,test.test-unsigned.example,cold,6761647,2,False,1788804184.4670758,
bind,unsigned,test.test-unsigned.example,cold,7033115,2,False,1788804184.4742172,
bind,unsigned,test.test-unsigned.example,cold,6502699,2,False,1788804184.480836,
bind,unsigned,test.test-unsigned.example,cold,5950641,2,False,1788804184.4868977,
bind,unsigned,test.test-unsigned.example,cold,8880164,2,False,1788804184.4958813,
bind,unsigned,test.test-unsigned.example,cold,6472743,2,False,1788804184.502468,
bind,unsigned,test.test-unsigned.example,cold,10381213,2,False,1788804184.512959,
bind,unsigned,test.test-unsigned.example,cold,6374032,2,False,1788804184.5194385,
bind,unsigned,test.test-unsigned.example,cold,10871289,2,False,1788804184.5304365,
bind,unsigned,test.test-unsigned.example,cold,7134887,2,False,1788804184.537673,
bind,unsigned,test.test-unsigned.example,cold,5450841,2,False,1788804184.5432243,
bind,unsigned,test.test-unsigned.example,cold,5682320,2,False,1788804184.5489902,
bind,unsigned,test.test-unsigned.example,cold,4979572,2,False,1788804184.5540998,
bind,unsigned,test.test-unsigned.example,cold,10173283,2,False,1788804184.5643618,
bind,unsigned,test.test-unsigned.example,cold,7037733,2,False,1788804184.5714946,
bind,unsigned,test.test-unsigned.example,cold,8347816,2,False,1788804184.5799713,
bind,unsigned,test.test-unsigned.example,cold,8536266,2,False,1788804184.588606,
bind,unsigned,test.test-unsigned.example,cold,11519739,2,False,1788804184.6002324,
bind,unsigned,test.test-unsigned.example,cold,7291046,2,False,1788804184.6076438,
bind,unsigned,test.test-unsigned.example,cold,7943293,2,False,1788804184.615753,
bind,unsigned,test.test-unsigned.example,cold,5269871,2,False,1788804184.6211393,
bind,unsigned,test.test-unsigned.example,cold,6134433,2,False,1788804184.627372,
bind,unsigned,test.test-unsigned.example,cold,5887932,2,False,1788804184.633346,
bind,unsigned,test.test-unsigned.example,cold,6728758,2,False,1788804184.6401858,
bind,unsigned,test.test-unsigned.example,cold,7728010,2,False,1788804184.648049,
bind,unsigned,test.test-unsigned.example,cold,8119722,2,False,1788804184.6570766,
bind,unsigned,test.test-unsigned.example,cold,8279633,2,False,1788804184.665642,
bind,unsigned,test.test-unsigned.example,cold,7566437,2,False,1788804184.67346,
bind,unsigned,test.test-unsigned.example,cold,15483406,2,False,1788804184.6890652,
bind,unsigned,test.test-unsigned.example,cold,6857919,2,False,1788804184.6960306,
bind,unsigned,test.test-unsigned.example,cold,10031018,2,False,1788804184.7061539,
bind,unsigned,test.test-unsigned.example,cold,6418163,2,False,1788804184.7126942,
bind,unsigned,test.test-unsigned.example,cold,7263252,2,False,1788804184.7200773,
bind,unsigned,test.test-unsigned.example,cold,5790655,2,False,1788804184.726031,
bind,unsigned,test.test-unsigned.example,cold,7664809,2,False,1788804184.733804,
bind,unsigned,test.test-unsigned.example,cold,5586333,2,False,1788804184.7395394,
bind,unsigned,test.test-unsigned.example,cold,6600697,2,False,1788804184.7462354,
bind,unsigned,test.test-unsigned.example,cold,6206594,2,False,1788804184.7525826,
bind,unsigned,test.test-unsigned.example,cold,6699385,2,False,1788804184.7594013,
bind,unsigned,test.test-unsigned.example,cold,7130010,2,False,1788804184.766611,
bind,unsigned,test.test-unsigned.example,cold,9636225,2,False,1788804184.7763345,
bind,unsigned,test.test-unsigned.example,cold,8646914,2,False,1788804184.785071,
bind,unsigned,test.test-unsigned.example,cold,6098471,2,False,1788804184.791265,
bind,unsigned,test.test-unsigned.example,cold,5727415,2,False,1788804184.7971041,
bind,unsigned,test.test-unsigned.example,cold,6972233,2,False,1788804184.8043206,
bind,unsigned,test.test-unsigned.example,cold,9329303,2,False,1788804184.8138046,
bind,unsigned,test.test-unsigned.example,cold,6897720,2,False,1788804184.8209682,
bind,unsigned,test.test-unsigned.example,cold,6147688,2,False,1788804184.827258,
bind,unsigned,test.test-unsigned.example,cold,9297518,2,False,1788804184.8366635,
bind,unsigned,test.test-unsigned.example,cold,6014995,2,False,1788804184.842776,
bind,unsigned,test.test-unsigned.example,cold,6557111,2,False,1788804184.849441,
bind,unsigned,test.test-unsigned.example,cold,6459276,2,False,1788804184.856009,
bind,unsigned,test.test-unsigned.example,cold,6092732,2,False,1788804184.8622894,
bind,unsigned,test.test-unsigned.example,cold,7278271,2,False,1788804184.8696592,
bind,unsigned,test.test-unsigned.example,cold,8504332,2,False,1788804184.8782833,
bind,unsigned,test.test-unsigned.example,cold,12301468,2,False,1788804184.8907268,
bind,unsigned,test.test-unsigned.example,cold,6939092,2,False,1788804184.8977888,
bind,unsigned,test.test-unsigned.example,cold,6005860,2,False,1788804184.90391,
bind,unsigned,test.test-unsigned.example,cold,7042762,2,False,1788804184.911078,
bind,unsigned,test.test-unsigned.example,cold,6218149,2,False,1788804184.917404,
bind,unsigned,test.test-unsigned.example,cold,6398398,2,False,1788804184.923912,
bind,unsigned,test.test-unsigned.example,cold,5894588,2,False,1788804184.929919,
bind,unsigned,test.test-unsigned.example,cold,6122406,2,False,1788804184.9361486,
bind,unsigned,test.test-unsigned.example,cold,6769154,2,False,1788804184.9430282,
bind,unsigned,test.test-unsigned.example,cold,7422863,2,False,1788804184.950543,
bind,unsigned,test.test-unsigned.example,cold,7088634,2,False,1788804184.957737,
bind,unsigned,test.test-unsigned.example,cold,7528770,2,False,1788804184.9653828,
bind,unsigned,test.test-unsigned.example,cold,9634958,2,False,1788804184.9751158,
bind,unsigned,test.test-unsigned.example,cold,8669582,2,False,1788804184.983895,
bind,unsigned,test.test-unsigned.example,cold,11183265,2,False,1788804184.9951873,
bind,unsigned,test.test-unsigned.example,cold,6095051,2,False,1788804185.001394,
bind,unsigned,test.test-unsigned.example,cold,10931148,2,False,1788804185.012419,
bind,unsigned,test.test-unsigned.example,cold,6478946,2,False,1788804185.0190187,
bind,unsigned,test.test-unsigned.example,cold,5697081,2,False,1788804185.0248244,
bind,unsigned,test.test-unsigned.example,cold,6265939,2,False,1788804185.0312052,
bind,unsigned,test.test-unsigned.example,cold,5734400,2,False,1788804185.0370817,
bind,unsigned,test.test-unsigned.example,cold,7618736,2,False,1788804185.0448148,
bind,unsigned,test.test-unsigned.example,cold,9073826,2,False,1788804185.0540028,
bind,unsigned,test.test-unsigned.example,cold,9763926,2,False,1788804185.0639164,
bind,unsigned,test.test-unsigned.example,cold,10343272,2,False,1788804185.0746288,
bind,unsigned,test.test-unsigned.example,cold,6863998,2,False,1788804185.0816154,
bind,unsigned,test.test-unsigned.example,cold,10993852,2,False,1788804185.092749,
bind,unsigned,test.test-unsigned.example,cold,7198723,2,False,1788804185.1000695,
bind,unsigned,test.test-unsigned.example,cold,8339163,2,False,1788804185.1085358,
bind,unsigned,test.test-unsigned.example,cold,6769273,2,False,1788804185.115412,
bind,unsigned,test.test-unsigned.example,cold,9029255,2,False,1788804185.1246645,
bind,unsigned,test.test-unsigned.example,cold,6055799,2,False,1788804185.1310205,
bind,unsigned,test.test-unsigned.example,cold,7089163,2,False,1788804185.138224,
bind,unsigned,test.test-unsigned.example,cold,6047617,2,False,1788804185.1444333,
bind,unsigned,test.test-unsigned.example,cold,6862342,2,False,1788804185.1514156,
bind,unsigned,test.test-unsigned.example,cold,8975471,2,False,1788804185.1605191,
bind,unsigned,test.test-unsigned.example,cold,8423996,2,False,1788804185.1691053,
bind,unsigned,test.test-unsigned.example,cold,8492211,2,False,1788804185.177742,
bind,unsigned,test.test-unsigned.example,cold,7281006,2,False,1788804185.1852567,
bind,unsigned,test.test-unsigned.example,cold,8472854,2,False,1788804185.1938903,
bind,unsigned,test.test-unsigned.example,cold,8302999,2,False,1788804185.2023382,
bind,unsigned,test.test-unsigned.example,cold,14494839,2,False,1788804185.216941,
bind,unsigned,test.test-unsigned.example,cold,14976409,2,False,1788804185.2320423,
bind,unsigned,test.test-unsigned.example,cold,11234079,2,False,1788804185.243426,
bind,unsigned,test.test-unsigned.example,cold,8092880,2,False,1788804185.2516394,
bind,unsigned,test.test-unsigned.example,cold,10897480,2,False,1788804185.2632782,
bind,unsigned,test.test-unsigned.example,cold,7608825,2,False,1788804185.271184,
bind,unsigned,test.test-unsigned.example,cold,13036172,2,False,1788804185.2843509,
bind,unsigned,test.test-unsigned.example,cold,33930986,2,False,1788804185.318415,
bind,unsigned,test.test-unsigned.example,cold,14114714,2,False,1788804185.3326943,
bind,unsigned,test.test-unsigned.example,cold,21439881,2,False,1788804185.3542886,
bind,unsigned,test.test-unsigned.example,cold,9731490,2,False,1788804185.3641133,
bind,unsigned,test.test-unsigned.example,cold,17956573,2,False,1788804185.3821788,
bind,unsigned,test.test-unsigned.example,cold,20172557,2,False,1788804185.4025593,
bind,unsigned,test.test-unsigned.example,cold,16707797,2,False,1788804185.4194133,
bind,unsigned,test.test-unsigned.example,cold,9451615,2,False,1788804185.4289947,
bind,unsigned,test.test-unsigned.example,cold,13206216,2,False,1788804185.442331,
bind,unsigned,test.test-unsigned.example,cold,26335550,2,False,1788804185.4688747,
bind,unsigned,test.test-unsigned.example,cold,15470282,2,False,1788804185.4844625,
bind,unsigned,test.test-unsigned.example,cold,6575421,2,False,1788804185.4911296,
bind,unsigned,test.test-unsigned.example,cold,11958477,2,False,1788804185.503203,
bind,unsigned,test.test-unsigned.example,cold,10143294,2,False,1788804185.5134566,
bind,unsigned,test.test-unsigned.example,cold,8476441,2,False,1788804185.5220737,
bind,unsigned,test.test-unsigned.example,cold,8717637,2,False,1788804185.5309143,
bind,unsigned,test.test-unsigned.example,cold,11941295,2,False,1788804185.5429437,
bind,unsigned,test.test-unsigned.example,cold,7223847,2,False,1788804185.5502818,
bind,unsigned,test.test-unsigned.example,cold,7947042,2,False,1788804185.558418,
bind,unsigned,test.test-unsigned.example,cold,8134173,2,False,1788804185.5666914,
bind,unsigned,test.test-unsigned.example,cold,7163796,2,False,1788804185.5739536,
bind,unsigned,test.test-unsigned.example,cold,6939168,2,False,1788804185.5810008,
bind,unsigned,test.test-unsigned.example,cold,7499024,2,False,1788804185.5885944,
bind,unsigned,test.test-unsigned.example,cold,8437489,2,False,1788804185.5971236,
bind,unsigned,test.test-unsigned.example,cold,9521341,2,False,1788804185.6067505,
bind,unsigned,test.test-unsigned.example,cold,9110673,2,False,1788804185.6162558,
bind,unsigned,test.test-unsigned.example,cold,15048422,2,False,1788804185.631569,
bind,unsigned,test.test-unsigned.example,cold,9666896,2,False,1788804185.6414056,
bind,unsigned,test.test-unsigned.example,cold,17079072,2,False,1788804185.658633,
bind,unsigned,test.test-unsigned.example,cold,15255938,2,False,1788804185.6740813,
bind,unsigned,test.test-unsigned.example,cold,10285159,2,False,1788804185.6845567,
bind,unsigned,test.test-unsigned.example,cold,13089736,2,False,1788804185.6979375,
bind,unsigned,test.test-unsigned.example,cold,9854642,2,False,1788804185.7080226,
bind,unsigned,test.test-unsigned.example,cold,15245008,2,False,1788804185.7234163,
bind,unsigned,test.test-unsigned.example,cold,12777358,2,False,1788804185.7363892,
bind,unsigned,test.test-unsigned.example,cold,9092091,2,False,1788804185.7457762,
bind,unsigned,test.test-unsigned.example,cold,5553216,2,False,1788804185.7514708,
bind,unsigned,test.test-unsigned.example,cold,11720910,2,False,1788804185.7632868,
bind,unsigned,test.test-unsigned.example,cold,9383743,2,False,1788804185.77278,
bind,unsigned,test.test-unsigned.example,cold,5865853,2,False,1788804185.7787616,
bind,unsigned,test.test-unsigned.example,cold,6097229,2,False,1788804185.7849746,
bind,unsigned,test.test-unsigned.example,cold,7158180,2,False,1788804185.7922413,
bind,unsigned,test.test-unsigned.example,cold,6011689,2,False,1788804185.7983592,
bind,unsigned,test.test-unsigned.example,cold,6890686,2,False,1788804185.8053458,
bind,unsigned,test.test-unsigned.example,cold,8092167,2,False,1788804185.8135173,
bind,unsigned,test.test-unsigned.example,cold,9434302,2,False,1788804185.8230565,
bind,unsigned,test.test-unsigned.example,cold,6018527,2,False,1788804185.829193,
bind,unsigned,test.test-unsigned.example,cold,6595180,2,False,1788804185.8358772,
bind,unsigned,test.test-unsigned.example,cold,9169767,2,False,1788804185.845143,
bind,unsigned,test.test-unsigned.example,cold,6776227,2,False,1788804185.852036,
bind,unsigned,test.test-unsigned.example,cold,8498228,2,False,1788804185.8606298,
bind,unsigned,test.test-unsigned.example,cold,6388192,2,False,1788804185.8671777,
bind,unsigned,test.test-unsigned.example,cold,11805829,2,False,1788804185.8791242,
bind,unsigned,test.test-unsigned.example,cold,8706593,2,False,1788804185.8879468,
bind,unsigned,test.test-unsigned.example,cold,9021349,2,False,1788804185.8970718,
bind,unsigned,test.test-unsigned.example,cold,6077476,2,False,1788804185.9032543,
bind,unsigned,test.test-unsigned.example,cold,9141987,2,False,1788804185.9125073,
bind,unsigned,test.test-unsigned.example,cold,6966854,2,False,1788804185.9196048,
bind,unsigned,test.test-unsigned.example,cold,7829359,2,False,1788804185.9275503,
bind,unsigned,test.test-unsigned.example,cold,12759148,2,False,1788804185.9404824,
bind,unsigned,test.test-unsigned.example,cold,7551596,2,False,1788804185.9481828,
bind,unsigned,test.test-unsigned.example,cold,7819057,2,False,1788804185.956127,
bind,unsigned,test.test-unsigned.example,cold,16460163,2,False,1788804185.972692,
bind,unsigned,test.test-unsigned.example,cold,7875564,2,False,1788804185.980699,
bind,unsigned,test.test-unsigned.example,cold,7888544,2,False,1788804185.988845,
bind,unsigned,test.test-unsigned.example,cold,13172202,2,False,1788804186.0021255,
bind,unsigned,test.test-unsigned.example,cold,12761439,2,False,1788804186.0151544,
bind,unsigned,test.test-unsigned.example,cold,10747196,2,False,1788804186.0260162,
bind,unsigned,test.test-unsigned.example,cold,12262452,2,False,1788804186.038379,
bind,unsigned,test.test-unsigned.example,cold,13256872,2,False,1788804186.0517983,
bind,unsigned,test.test-unsigned.example,cold,16369582,2,False,1788804186.0683804,
bind,unsigned,test.test-unsigned.example,cold,8398105,2,False,1788804186.076923,
bind,unsigned,test.test-unsigned.example,cold,8007953,2,False,1788804186.0850682,
bind,unsigned,test.test-unsigned.example,cold,9246106,2,False,1788804186.094427,
bind,unsigned,test.test-unsigned.example,cold,12445427,2,False,1788804186.106984,
bind,unsigned,test.test-unsigned.example,cold,7765731,2,False,1788804186.1148734,
bind,unsigned,test.test-unsigned.example,cold,6930734,2,False,1788804186.1219225,
bind,unsigned,test.test-unsigned.example,cold,7215616,2,False,1788804186.1292598,
bind,unsigned,test.test-unsigned.example,cold,7332833,2,False,1788804186.1368444,
bind,unsigned,test.test-unsigned.example,cold,7298335,2,False,1788804186.1442447,
bind,unsigned,test.test-unsigned.example,cold,8673291,2,False,1788804186.15314,
bind,unsigned,test.test-unsigned.example,cold,6316096,2,False,1788804186.1595817,
bind,unsigned,test.test-unsigned.example,cold,11154102,2,False,1788804186.170848,
bind,unsigned,test.test-unsigned.example,cold,7863900,2,False,1788804186.178853,
bind,unsigned,test.test-unsigned.example,cold,7150997,2,False,1788804186.1860998,
bind,unsigned,test.test-unsigned.example,cold,22954572,2,False,1788804186.2091875,
bind,unsigned,test.test-unsigned.example,cold,10652771,2,False,1788804186.2202327,
bind,unsigned,test.test-unsigned.example,cold,6437936,2,False,1788804186.2268221,
bind,unsigned,test.test-unsigned.example,cold,8548286,2,False,1788804186.2354846,
bind,unsigned,test.test-unsigned.example,cold,6442210,2,False,1788804186.24206,
bind,unsigned,test.test-unsigned.example,cold,13357833,2,False,1788804186.255508,
bind,unsigned,test.test-unsigned.example,cold,9959928,2,False,1788804186.2655656,
bind,unsigned,test.test-unsigned.example,cold,6522437,2,False,1788804186.272222,
bind,unsigned,test.test-unsigned.example,cold,5675902,2,False,1788804186.2780287,
bind,unsigned,test.test-unsigned.example,cold,13463418,2,False,1788804186.2916439,
bind,unsigned,test.test-unsigned.example,cold,10199274,2,False,1788804186.3020298,
bind,unsigned,test.test-unsigned.example,cold,8557807,2,False,1788804186.3107262,
bind,unsigned,test.test-unsigned.example,cold,15470549,2,False,1788804186.3264756,
bind,unsigned,test.test-unsigned.example,cold,22244601,2,False,1788804186.3491669,
bind,unsigned,test.test-unsigned.example,cold,12672432,2,False,1788804186.361953,
bind,unsigned,test.test-unsigned.example,cold,17702336,2,False,1788804186.3798845,
bind,unsigned,test.test-unsigned.example,cold,42602293,2,False,1788804186.4226174,
bind,unsigned,test.test-unsigned.example,cold,7639893,2,False,1788804186.4303668,
bind,unsigned,test.test-unsigned.example,cold,7978248,2,False,1788804186.4384835,
bind,unsigned,test.test-unsigned.example,cold,14130062,2,False,1788804186.4530108,
bind,unsigned,test.test-unsigned.example,cold,8637782,2,False,1788804186.4617789,
bind,unsigned,test.test-unsigned.example,cold,20042558,2,False,1788804186.4848173,
bind,unsigned,test.test-unsigned.example,cold,33924862,2,False,1788804186.519452,
bind,unsigned,test.test-unsigned.example,cold,10512081,2,False,1788804186.5300927,
bind,unsigned,test.test-unsigned.example,cold,14356341,2,False,1788804186.5448987,
bind,unsigned,test.test-unsigned.example,cold,8825331,2,False,1788804186.5538838,
bind,unsigned,test.test-unsigned.example,cold,11102838,2,False,1788804186.5651488,
bind,unsigned,test.test-unsigned.example,cold,9967833,2,False,1788804186.5754716,
bind,unsigned,test.test-unsigned.example,cold,8640111,2,False,1788804186.5842438,
bind,unsigned,test.test-unsigned.example,cold,16056708,2,False,1788804186.6004257,
bind,unsigned,test.test-unsigned.example,cold,11079200,2,False,1788804186.611659,
bind,unsigned,test.test-unsigned.example,cold,8200411,2,False,1788804186.6200485,
bind,unsigned,test.test-unsigned.example,cold,15445685,2,False,1788804186.6356344,
bind,unsigned,test.test-unsigned.example,cold,7102243,2,False,1788804186.6429598,
bind,unsigned,test.test-unsigned.example,cold,9321687,2,False,1788804186.6524115,
bind,unsigned,test.test-unsigned.example,cold,11928725,2,False,1788804186.6644497,
bind,unsigned,test.test-unsigned.example,cold,11317574,2,False,1788804186.6758995,
bind,unsigned,test.test-unsigned.example,cold,10023844,2,False,1788804186.6860404,
bind,unsigned,test.test-unsigned.example,cold,8458432,2,False,1788804186.6946452,
bind,unsigned,test.test-unsigned.example,cold,7927209,2,False,1788804186.702733,
bind,unsigned,test.test-unsigned.example,cold,9490379,2,False,1788804186.7123363,
bind,unsigned,test.test-unsigned.example,cold,6800734,2,False,1788804186.7192338,
bind,unsigned,test.test-unsigned.example,cold,8733188,2,False,1788804186.728066,
bind,unsigned,test.test-unsigned.example,cold,10987119,2,False,1788804186.7391596,
bind,unsigned,test.test-unsigned.example,cold,25318368,2,False,1788804186.764745,
bind,unsigned,test.test-unsigned.example,cold,11387209,2,False,1788804186.7763891,
bind,unsigned,test.test-unsigned.example,cold,7325105,2,False,1788804186.783845,
bind,unsigned,test.test-unsigned.example,cold,14036790,2,False,1788804186.7979877,
bind,unsigned,test.test-unsigned.example,cold,9928958,2,False,1788804186.8080812,
bind,unsigned,test.test-unsigned.example,cold,12337585,2,False,1788804186.8205266,
bind,unsigned,test.test-unsigned.example,cold,11209827,2,False,1788804186.831854,
bind,unsigned,test.test-unsigned.example,cold,11722107,2,False,1788804186.843683,
bind,unsigned,test.test-unsigned.example,cold,19429417,2,False,1788804186.8632457,
bind,unsigned,test.test-unsigned.example,cold,8261303,2,False,1788804186.8716493,
bind,unsigned,test.test-unsigned.example,cold,6649552,2,False,1788804186.8784518,
bind,unsigned,test.test-unsigned.example,cold,6675516,2,False,1788804186.885236,
bind,unsigned,test.test-unsigned.example,cold,7972447,2,False,1788804186.893319,
bind,unsigned,test.test-unsigned.example,cold,10672771,2,False,1788804186.9041495,
bind,unsigned,test.test-unsigned.example,cold,5909844,2,False,1788804186.9101512,
bind,unsigned,test.test-unsigned.example,cold,8251823,2,False,1788804186.9185054,
bind,unsigned,test.test-unsigned.example,cold,6388613,2,False,1788804186.9250064,
bind,unsigned,test.test-unsigned.example,cold,12623824,2,False,1788804186.9377406,
bind,unsigned,test.test-unsigned.example,cold,6125277,2,False,1788804186.9439588,
bind,unsigned,test.test-unsigned.example,cold,6870539,2,False,1788804186.9509254,
bind,unsigned,test.test-unsigned.example,cold,6845078,2,False,1788804186.9578774,
bind,unsigned,test.test-unsigned.example,cold,15362771,2,False,1788804186.973382,
bind,unsigned,test.test-unsigned.example,cold,6818584,2,False,1788804186.9802973,
bind,unsigned,test.test-unsigned.example,cold,6541810,2,False,1788804186.9869502,
bind,unsigned,test.test-unsigned.example,cold,9554633,2,False,1788804186.9965918,
bind,unsigned,test.test-unsigned.example,cold,6993356,2,False,1788804187.006406,
bind,unsigned,test.test-unsigned.example,cold,6462332,2,False,1788804187.0132408,
bind,unsigned,test.test-unsigned.example,cold,12198608,2,False,1788804187.0255504,
bind,unsigned,test.test-unsigned.example,cold,8913782,2,False,1788804187.0345626,
bind,unsigned,test.test-unsigned.example,cold,8596159,2,False,1788804187.0432804,
bind,unsigned,test.test-unsigned.example,cold,7418143,2,False,1788804187.0508425,
bind,unsigned,test.test-unsigned.example,cold,7470853,2,False,1788804187.0585856,
bind,unsigned,test.test-unsigned.example,cold,7646700,2,False,1788804187.0663936,
bind,unsigned,test.test-unsigned.example,cold,16024999,2,False,1788804187.082516,
bind,unsigned,test.test-unsigned.example,cold,11818453,2,False,1788804187.0944624,
bind,unsigned,test.test-unsigned.example,cold,6767489,2,False,1788804187.10134,
bind,unsigned,test.test-unsigned.example,cold,5877196,2,False,1788804187.1073093,
bind,unsigned,test.test-unsigned.example,cold,5816101,2,False,1788804187.113239,
bind,unsigned,test.test-unsigned.example,cold,10655011,2,False,1788804187.1240067,
bind,unsigned,test.test-unsigned.example,cold,11955152,2,False,1788804187.136248,
bind,unsigned,test.test-unsigned.example,cold,9101712,2,False,1788804187.145482,
bind,unsigned,test.test-unsigned.example,cold,7081925,2,False,1788804187.1526718,
bind,unsigned,test.test-unsigned.example,cold,5933970,2,False,1788804187.1588354,
bind,unsigned,test.test-unsigned.example,cold,6352676,2,False,1788804187.1652966,
bind,unsigned,test.test-unsigned.example,cold,11205948,2,False,1788804187.1767166,
bind,unsigned,test.test-unsigned.example,cold,11728640,2,False,1788804187.1885424,
bind,unsigned,test.test-unsigned.example,cold,11714858,2,False,1788804187.2003503,
bind,unsigned,test.test-unsigned.example,cold,15107699,2,False,1788804187.2155483,
bind,unsigned,test.test-unsigned.example,cold,11724263,2,False,1788804187.2276006,
bind,unsigned,test.test-unsigned.example,cold,12613401,2,False,1788804187.2403266,
bind,unsigned,test.test-unsigned.example,cold,12863112,2,False,1788804187.253301,
bind,unsigned,test.test-unsigned.example,cold,10954438,2,False,1788804187.2643602,
bind,unsigned,test.test-unsigned.example,cold,15092571,2,False,1788804187.2796447,
bind,unsigned,test.test-unsigned.example,cold,10934889,2,False,1788804187.2907178,
bind,unsigned,test.test-unsigned.example,cold,14702305,2,False,1788804187.3055315,
bind,unsigned,test.test-unsigned.example,cold,11004908,2,False,1788804187.3166325,
bind,unsigned,test.test-unsigned.example,cold,11870093,2,False,1788804187.3286047,
bind,unsigned,test.test-unsigned.example,cold,12844226,2,False,1788804187.341711,
bind,unsigned,test.test-unsigned.example,cold,10806934,2,False,1788804187.3526254,
bind,unsigned,test.test-unsigned.example,cold,12128625,2,False,1788804187.3648622,
bind,unsigned,test.test-unsigned.example,cold,12951600,2,False,1788804187.377939,
bind,unsigned,test.test-unsigned.example,cold,12720652,2,False,1788804187.3907886,
bind,unsigned,test.test-unsigned.example,cold,10335832,2,False,1788804187.4012332,
bind,unsigned,test.test-unsigned.example,cold,16149790,2,False,1788804187.4175754,
bind,unsigned,test.test-unsigned.example,cold,13312892,2,False,1788804187.4310074,
bind,unsigned,test.test-unsigned.example,cold,9367448,2,False,1788804187.4404812,
bind,unsigned,test.test-unsigned.example,cold,13473858,2,False,1788804187.4540553,
bind,unsigned,test.test-unsigned.example,cold,12933765,2,False,1788804187.467088,
bind,unsigned,test.test-unsigned.example,cold,10737683,2,False,1788804187.4784782,
bind,unsigned,test.test-unsigned.example,cold,9541125,2,False,1788804187.4881456,
bind,unsigned,test.test-unsigned.example,cold,11578057,2,False,1788804187.4998288,
bind,unsigned,test.test-unsigned.example,cold,10708762,2,False,1788804187.5109117,
bind,unsigned,test.test-unsigned.example,cold,17256644,2,False,1788804187.5283093,
bind,unsigned,test.test-unsigned.example,cold,39703227,2,False,1788804187.5681725,
bind,unsigned,test.test-unsigned.example,cold,12332187,2,False,1788804187.5806515,
bind,unsigned,test.test-unsigned.example,cold,10591297,2,False,1788804187.5913503,
bind,unsigned,test.test-unsigned.example,cold,11007871,2,False,1788804187.602458,
bind,unsigned,test.test-unsigned.example,cold,10135955,2,False,1788804187.6128101,
bind,unsigned,test.test-unsigned.example,cold,11541159,2,False,1788804187.6244817,
bind,unsigned,test.test-unsigned.example,cold,14225885,2,False,1788804187.6388211,
bind,unsigned,test.test-unsigned.example,cold,15486175,2,False,1788804187.6543872,
bind,unsigned,test.test-unsigned.example,cold,9767872,2,False,1788804187.6643448,
bind,unsigned,test.test-unsigned.example,cold,10384808,2,False,1788804187.674845,
bind,unsigned,test.test-unsigned.example,cold,14096646,2,False,1788804187.6890326,
bind,unsigned,test.test-unsigned.example,cold,11592106,2,False,1788804187.7007616,
bind,unsigned,test.test-unsigned.example,cold,11933034,2,False,1788804187.7128036,
bind,unsigned,test.test-unsigned.example,cold,10725777,2,False,1788804187.7236433,
bind,unsigned,test.test-unsigned.example,cold,14430072,2,False,1788804187.738203,
bind,unsigned,test.test-unsigned.example,cold,9580289,2,False,1788804187.7479417,
bind,unsigned,test.test-unsigned.example,cold,10594059,2,False,1788804187.758652,
bind,unsigned,test.test-unsigned.example,cold,15737771,2,False,1788804187.7745383,
bind,unsigned,test.test-unsigned.example,cold,16618527,2,False,1788804187.7912881,
bind,unsigned,test.test-unsigned.example,cold,11501427,2,False,1788804187.8029208,
bind,unsigned,test.test-unsigned.example,cold,12693661,2,False,1788804187.8157597,
bind,unsigned,test.test-unsigned.example,cold,9726793,2,False,1788804187.8256233,
bind,unsigned,test.test-unsigned.example,cold,11979465,2,False,1788804187.8378344,
bind,unsigned,test.test-unsigned.example,cold,9755892,2,False,1788804187.8476949,
bind,unsigned,test.test-unsigned.example,cold,13377850,2,False,1788804187.8612463,
bind,unsigned,test.test-unsigned.example,cold,13129987,2,False,1788804187.874509,
bind,unsigned,test.test-unsigned.example,cold,17699545,2,False,1788804187.8923094,
bind,unsigned,test.test-unsigned.example,cold,10277176,2,False,1788804187.9026973,
bind,unsigned,test.test-unsigned.example,cold,9830893,2,False,1788804187.9126165,
bind,unsigned,test.test-unsigned.example,cold,11527801,2,False,1788804187.9242344,
bind,unsigned,test.test-unsigned.example,cold,12105956,2,False,1788804187.9364278,
bind,unsigned,test.test-unsigned.example,cold,13444512,2,False,1788804187.949964,
bind,unsigned,test.test-unsigned.example,cold,17303122,2,False,1788804187.9676006,
bind,unsigned,test.test-unsigned.example,cold,17233542,2,False,1788804187.984927,
bind,unsigned,test.test-unsigned.example,cold,10905132,2,False,1788804187.9959126,
bind,unsigned,test.test-unsigned.example,cold,11239198,2,False,1788804188.0072563,
bind,unsigned,test.test-unsigned.example,cold,11592500,2,False,1788804188.0189612,
bind,unsigned,test.test-unsigned.example,cold,17113222,2,False,1788804188.0361836,
bind,unsigned,test.test-unsigned.example,cold,49195934,2,False,1788804188.0854871,
bind,unsigned,test.test-unsigned.example,cold,26961162,2,False,1788804188.112554,
bind,unsigned,test.test-unsigned.example,cold,36324705,2,False,1788804188.1490083,
bind,unsigned,test.test-unsigned.example,cold,17662899,2,False,1788804188.1667838,
bind,unsigned,test.test-unsigned.example,cold,10355122,2,False,1788804188.177251,
bind,unsigned,test.test-unsigned.example,cold,11009363,2,False,1788804188.1883478,
bind,unsigned,test.test-unsigned.example,cold,13967775,2,False,1788804188.2024314,
bind,unsigned,test.test-unsigned.example,cold,36656283,2,False,1788804188.2392297,
bind,unsigned,test.test-unsigned.example,cold,28817506,2,False,1788804188.2681851,
bind,unsigned,test.test-unsigned.example,cold,14359703,2,False,1788804188.282665,
bind,unsigned,test.test-unsigned.example,cold,24772929,2,False,1788804188.3089156,
bind,unsigned,test.test-unsigned.example,cold,16190764,2,False,1788804188.32533,
bind,unsigned,test.test-unsigned.example,cold,12947142,2,False,1788804188.3384104,
bind,unsigned,test.test-unsigned.example,cold,12669058,2,False,1788804188.3511794,
bind,unsigned,test.test-unsigned.example,cold,14610421,2,False,1788804188.3659031,
bind,unsigned,test.test-unsigned.example,cold,11047384,2,False,1788804188.3771257,
bind,unsigned,test.test-unsigned.example,cold,12170864,2,False,1788804188.3894198,
bind,unsigned,test.test-unsigned.example,cold,12790235,2,False,1788804188.402314,
bind,unsigned,test.test-unsigned.example,cold,10945768,2,False,1788804188.4133596,
bind,unsigned,test.test-unsigned.example,cold,8794678,2,False,1788804188.4222643,
bind,unsigned,test.test-unsigned.example,cold,11475123,2,False,1788804188.433834,
bind,unsigned,test.test-unsigned.example,cold,31365556,2,False,1788804188.4656217,
bind,unsigned,test.test-unsigned.example,cold,10103313,2,False,1788804188.475865,
bind,unsigned,test.test-unsigned.example,cold,19197878,2,False,1788804188.4951806,
bind,unsigned,test.test-unsigned.example,cold,12957022,2,False,1788804188.508244,
bind,unsigned,test.test-unsigned.example,cold,10323041,2,False,1788804188.5188231,
bind,unsigned,test.test-unsigned.example,cold,22027195,2,False,1788804188.5409703,
bind,unsigned,test.test-unsigned.example,cold,33533412,2,False,1788804188.5747063,
bind,unsigned,test.test-unsigned.example,cold,31742133,2,False,1788804188.6066046,
bind,unsigned,test.test-unsigned.example,cold,25887047,2,False,1788804188.6327271,
bind,unsigned,test.test-unsigned.example,cold,28942181,2,False,1788804188.6617837,
bind,unsigned,test.test-unsigned.example,cold,21708604,2,False,1788804188.6836092,
bind,unsigned,test.test-unsigned.example,cold,22004543,2,False,1788804188.7057354,
bind,unsigned,test.test-unsigned.example,cold,30272201,2,False,1788804188.7361336,
bind,unsigned,test.test-unsigned.example,cold,47878143,2,False,1788804188.7841103,
bind,unsigned,test.test-unsigned.example,cold,26441592,2,False,1788804188.810817,
bind,unsigned,test.test-unsigned.example,cold,39047322,2,False,1788804188.8501086,
bind,unsigned,test.test-unsigned.example,cold,33842735,2,False,1788804188.8841054,
bind,unsigned,test.test-unsigned.example,cold,15418044,2,False,1788804188.8999002,
bind,unsigned,test.test-unsigned.example,cold,16797591,2,False,1788804188.9168859,
bind,unsigned,test.test-unsigned.example,cold,26988501,2,False,1788804188.9439998,
bind,unsigned,test.test-unsigned.example,cold,19364209,2,False,1788804188.9635022,
bind,unsigned,test.test-unsigned.example,cold,16703183,2,False,1788804188.9803722,
bind,unsigned,test.test-unsigned.example,cold,13118619,2,False,1788804188.9936228,
bind,unsigned,test.test-unsigned.example,cold,16730545,2,False,1788804189.0104668,
bind,unsigned,test.test-unsigned.example,cold,17175859,2,False,1788804189.0277808,
bind,unsigned,test.test-unsigned.example,cold,12386725,2,False,1788804189.0403025,
bind,unsigned,test.test-unsigned.example,cold,10760331,2,False,1788804189.051178,
bind,unsigned,test.test-unsigned.example,cold,10983139,2,False,1788804189.0622766,
bind,unsigned,test.test-unsigned.example,cold,24520396,2,False,1788804189.088353,
bind,unsigned,test.test-unsigned.example,cold,17763178,2,False,1788804189.1062567,
bind,unsigned,test.test-unsigned.example,cold,14542621,2,False,1788804189.1209228,
bind,unsigned,test.test-unsigned.example,cold,10556228,2,False,1788804189.1315832,
bind,unsigned,test.test-unsigned.example,cold,10892732,2,False,1788804189.1426036,
bind,unsigned,test.test-unsigned.example,cold,11703298,2,False,1788804189.154755,
bind,unsigned,test.test-unsigned.example,cold,17829715,2,False,1788804189.1727164,
bind,unsigned,test.test-unsigned.example,cold,12744041,2,False,1788804189.1856132,
bind,unsigned,test.test-unsigned.example,cold,11115878,2,False,1788804189.1969771,
bind,unsigned,test.test-unsigned.example,cold,8445371,2,False,1788804189.2055306,
bind,unsigned,test.test-unsigned.example,cold,11249961,2,False,1788804189.216882,
bind,unsigned,test.test-unsigned.example,cold,13187367,2,False,1788804189.2301717,
bind,unsigned,test.test-unsigned.example,cold,11683363,2,False,1788804189.242311,
bind,unsigned,test.test-unsigned.example,cold,11805482,2,False,1788804189.2543802,
bind,unsigned,test.test-unsigned.example,cold,12232841,2,False,1788804189.2667038,
bind,unsigned,test.test-unsigned.example,cold,14318163,2,False,1788804189.2811065,
bind,unsigned,test.test-unsigned.example,cold,11949310,2,False,1788804189.2931497,
bind,unsigned,test.test-unsigned.example,cold,11052135,2,False,1788804189.3043141,
bind,unsigned,test.test-unsigned.example,cold,13719701,2,False,1788804189.318172,
bind,unsigned,test.test-unsigned.example,cold,14080667,2,False,1788804189.3324676,
bind,unsigned,test.test-unsigned.example,cold,12451812,2,False,1788804189.3450375,
bind,unsigned,test.test-unsigned.example,cold,11890340,2,False,1788804189.357092,
bind,unsigned,test.test-unsigned.example,cold,10860731,2,False,1788804189.368062,
bind,unsigned,test.test-unsigned.example,cold,11904348,2,False,1788804189.380095,
bind,unsigned,test.test-unsigned.example,cold,15225871,2,False,1788804189.3954887,
bind,unsigned,test.test-unsigned.example,cold,12611213,2,False,1788804189.4082038,
bind,unsigned,test.test-unsigned.example,cold,14674999,2,False,1788804189.4229722,
bind,unsigned,test.test-unsigned.example,cold,9869036,2,False,1788804189.4329627,
bind,unsigned,test.test-unsigned.example,cold,10763949,2,False,1788804189.4438574,
bind,unsigned,test.test-unsigned.example,cold,10367582,2,False,1788804189.454337,
bind,unsigned,test.test-unsigned.example,cold,10589053,2,False,1788804189.4650578,
bind,unsigned,test.test-unsigned.example,cold,15333627,2,False,1788804189.4804928,
bind,unsigned,test.test-unsigned.example,cold,19116964,2,False,1788804189.4997435,
bind,unsigned,test.test-unsigned.example,cold,13312163,2,False,1788804189.5131567,
bind,unsigned,test.test-unsigned.example,cold,10014001,2,False,1788804189.523317,
bind,unsigned,test.test-unsigned.example,cold,10137897,2,False,1788804189.533593,
bind,unsigned,test.test-unsigned.example,cold,21637907,2,False,1788804189.5553484,
bind,unsigned,test.test-unsigned.example,cold,13445061,2,False,1788804189.5689251,
bind,unsigned,test.test-unsigned.example,cold,14903449,2,False,1788804189.5839198,
bind,unsigned,test.test-unsigned.example,cold,13594196,2,False,1788804189.5977306,
bind,unsigned,test.test-unsigned.example,cold,11294989,2,False,1788804189.6091557,
bind,unsigned,test.test-unsigned.example,cold,11352505,2,False,1788804189.6206648,
bind,unsigned,test.test-unsigned.example,cold,12009687,2,False,1788804189.6327682,
bind,unsigned,test.test-unsigned.example,cold,15922237,2,False,1788804189.6487992,
bind,unsigned,test.test-unsigned.example,cold,12474169,2,False,1788804189.6614969,
bind,unsigned,test.test-unsigned.example,cold,10332608,2,False,1788804189.671965,
bind,unsigned,test.test-unsigned.example,cold,10464957,2,False,1788804189.6827095,
bind,unsigned,test.test-unsigned.example,cold,12206708,2,False,1788804189.6950772,
bind,unsigned,test.test-unsigned.example,cold,18297185,2,False,1788804189.7134914,
bind,unsigned,test.test-unsigned.example,cold,14620875,2,False,1788804189.7282567,
bind,unsigned,test.test-unsigned.example,cold,10458818,2,False,1788804189.7389426,
bind,unsigned,test.test-unsigned.example,cold,12357209,2,False,1788804189.7514174,
bind,unsigned,test.test-unsigned.example,cold,10642916,2,False,1788804189.7621531,
bind,unsigned,test.test-unsigned.example,cold,10911477,2,False,1788804189.7732048,
bind,unsigned,test.test-unsigned.example,cold,11204548,2,False,1788804189.7845116,
bind,unsigned,test.test-unsigned.example,cold,24747843,2,False,1788804189.8095298,
bind,unsigned,test.test-unsigned.example,cold,18223387,2,False,1788804189.8278544,
bind,unsigned,test.test-unsigned.example,cold,16603881,2,False,1788804189.8445735,
bind,unsigned,test.test-unsigned.example,cold,10230755,2,False,1788804189.8549123,
bind,unsigned,test.test-unsigned.example,cold,12654657,2,False,1788804189.867669,
bind,unsigned,test.test-unsigned.example,cold,10584016,2,False,1788804189.8789423,
bind,unsigned,test.test-unsigned.example,cold,10977620,2,False,1788804189.8900447,
bind,unsigned,test.test-unsigned.example,cold,15882340,2,False,1788804189.9060686,
bind,unsigned,test.test-unsigned.example,cold,11568896,2,False,1788804189.9177396,
bind,unsigned,test.test-unsigned.example,cold,10735338,2,False,1788804189.928576,
bind,unsigned,test.test-unsigned.example,cold,10706568,2,False,1788804189.9393852,
bind,unsigned,test.test-unsigned.example,cold,10439613,2,False,1788804189.9499664,
bind,unsigned,test.test-unsigned.example,cold,10614828,2,False,1788804189.9607031,
bind,unsigned,test.test-unsigned.example,cold,22523213,2,False,1788804189.9833612,
bind,unsigned,test.test-unsigned.example,cold,24687865,2,False,1788804190.0081856,
bind,unsigned,test.test-unsigned.example,cold,25789931,2,False,1788804190.0340679,
bind,unsigned,test.test-unsigned.example,cold,11500985,2,False,1788804190.045676,
bind,unsigned,test.test-unsigned.example,cold,9588868,2,False,1788804190.055355,
bind,unsigned,test.test-unsigned.example,cold,9984233,2,False,1788804190.0654383,
bind,unsigned,test.test-unsigned.example,cold,12650126,2,False,1788804190.078182,
bind,unsigned,test.test-unsigned.example,cold,16560470,2,False,1788804190.0963845,
bind,unsigned,test.test-unsigned.example,cold,13551679,2,False,1788804190.110042,
bind,unsigned,test.test-unsigned.example,cold,10723367,2,False,1788804190.1208656,
bind,unsigned,test.test-unsigned.example,cold,10049824,2,False,1788804190.1310287,
bind,unsigned,test.test-unsigned.example,cold,14567784,2,False,1788804190.145692,
bind,unsigned,test.test-unsigned.example,cold,11986885,2,False,1788804190.1577773,
bind,unsigned,test.test-unsigned.example,cold,11212816,2,False,1788804190.1691196,
bind,unsigned,test.test-unsigned.example,cold,10293955,2,False,1788804190.1795537,
bind,unsigned,test.test-unsigned.example,cold,15162892,2,False,1788804190.1948078,
bind,unsigned,test.test-unsigned.example,cold,38520397,2,False,1788804190.2334166,
bind,unsigned,test.test-unsigned.example,cold,23546013,2,False,1788804190.257099,
bind,unsigned,test.test-unsigned.example,cold,21080932,2,False,1788804190.2782886,
bind,unsigned,test.test-unsigned.example,cold,14791637,2,False,1788804190.293198,
bind,unsigned,test.test-unsigned.example,cold,11287865,2,False,1788804190.3045998,
bind,unsigned,test.test-unsigned.example,cold,12192539,2,False,1788804190.3169956,
bind,unsigned,test.test-unsigned.example,cold,10873349,2,False,1788804190.3280332,
bind,unsigned,test.test-unsigned.example,cold,12908658,2,False,1788804190.3410318,
bind,unsigned,test.test-unsigned.example,cold,10947976,2,False,1788804190.35207,
bind,unsigned,test.test-unsigned.example,cold,21018685,2,False,1788804190.3732107,
bind,unsigned,test.test-unsigned.example,cold,16225369,2,False,1788804190.3896077,
bind,unsigned,test.test-unsigned.example,cold,12418058,2,False,1788804190.4023833,
bind,unsigned,test.test-unsigned.example,cold,15487656,2,False,1788804190.4180317,
bind,unsigned,test.test-unsigned.example,cold,11009217,2,False,1788804190.4291432,
bind,unsigned,test.test-unsigned.example,cold,15945283,2,False,1788804190.4451814,
bind,unsigned,test.test-unsigned.example,cold,22196147,2,False,1788804190.4675612,
bind,unsigned,test.test-unsigned.example,cold,11835604,2,False,1788804190.4795463,
bind,unsigned,test.test-unsigned.example,cold,9538984,2,False,1788804190.4891832,
bind,unsigned,test.test-unsigned.example,cold,11867748,2,False,1788804190.501142,
bind,unsigned,test.test-unsigned.example,cold,19578833,2,False,1788804190.520844,
bind,unsigned,test.test-unsigned.example,cold,15811062,2,False,1788804190.536753,
bind,unsigned,test.test-unsigned.example,cold,11316856,2,False,1788804190.548402,
bind,unsigned,test.test-unsigned.example,cold,9608937,2,False,1788804190.5581727,
bind,unsigned,test.test-unsigned.example,cold,13348206,2,False,1788804190.5716496,
bind,unsigned,test.test-unsigned.example,cold,10054447,2,False,1788804190.581829,
bind,unsigned,test.test-unsigned.example,cold,10058015,2,False,1788804190.5919926,
bind,unsigned,test.test-unsigned.example,cold,16360890,2,False,1788804190.6084943,
bind,unsigned,test.test-unsigned.example,cold,18918513,2,False,1788804190.6275344,
bind,unsigned,test.test-unsigned.example,cold,11167117,2,False,1788804190.6387973,
bind,unsigned,test.test-unsigned.example,cold,10997045,2,False,1788804190.6499093,
bind,unsigned,test.test-unsigned.example,cold,11762464,2,False,1788804190.6617744,
bind,unsigned,test.test-unsigned.example,cold,11018655,2,False,1788804190.6729248,
bind,unsigned,test.test-unsigned.example,cold,12361781,2,False,1788804190.6853719,
bind,unsigned,test.test-unsigned.example,cold,11161858,2,False,1788804190.6966233,
bind,unsigned,test.test-unsigned.example,cold,12951464,2,False,1788804190.709982,
bind,unsigned,test.test-unsigned.example,cold,15112811,2,False,1788804190.725204,
bind,unsigned,test.test-unsigned.example,cold,14569048,2,False,1788804190.7399285,
bind,unsigned,test.test-unsigned.example,cold,10999828,2,False,1788804190.7510521,
bind,unsigned,test.test-unsigned.example,cold,10310286,2,False,1788804190.7614853,
bind,unsigned,test.test-unsigned.example,cold,10193767,2,False,1788804190.7717845,
bind,unsigned,test.test-unsigned.example,cold,11976471,2,False,1788804190.7838776,
bind,unsigned,test.test-unsigned.example,cold,10840098,2,False,1788804190.7948446,
bind,unsigned,test.test-unsigned.example,cold,12970151,2,False,1788804190.8079095,
bind,unsigned,test.test-unsigned.example,cold,11940371,2,False,1788804190.81994,
bind,unsigned,test.test-unsigned.example,cold,11284250,2,False,1788804190.831329,
bind,unsigned,test.test-unsigned.example,cold,12757554,2,False,1788804190.84419,
bind,unsigned,test.test-unsigned.example,cold,15740836,2,False,1788804190.8601048,
bind,unsigned,test.test-unsigned.example,cold,12215198,2,False,1788804190.8724449,
bind,unsigned,test.test-unsigned.example,cold,11384772,2,False,1788804190.8839607,
bind,unsigned,test.test-unsigned.example,cold,10815825,2,False,1788804190.8950267,
bind,unsigned,test.test-unsigned.example,cold,13819803,2,False,1788804190.9090757,
bind,unsigned,test.test-unsigned.example,cold,12392565,2,False,1788804190.9215565,
bind,unsigned,test.test-unsigned.example,cold,12761403,2,False,1788804190.9345038,
bind,unsigned,test.test-unsigned.example,cold,15810310,2,False,1788804190.95045,
bind,unsigned,test.test-unsigned.example,cold,11964900,2,False,1788804190.9625278,
bind,unsigned,test.test-unsigned.example,cold,14877814,2,False,1788804190.9778214,
bind,unsigned,test.test-unsigned.example,cold,14617692,2,False,1788804190.9929068,
bind,unsigned,test.test-unsigned.example,cold,16179833,2,False,1788804191.0093014,
bind,unsigned,test.test-unsigned.example,cold,17070646,2,False,1788804191.026574,
bind,unsigned,test.test-unsigned.example,cold,10869142,2,False,1788804191.037574,
bind,unsigned,test.test-unsigned.example,cold,13025204,2,False,1788804191.0508192,
bind,unsigned,test.test-unsigned.example,cold,19833378,2,False,1788804191.07075,
bind,unsigned,test.test-unsigned.example,cold,14868902,2,False,1788804191.0857277,
bind,unsigned,test.test-unsigned.example,cold,17984072,2,False,1788804191.1038287,
bind,unsigned,test.test-unsigned.example,cold,15641371,2,False,1788804191.1195972,
bind,unsigned,test.test-unsigned.example,cold,16555357,2,False,1788804191.1362522,
bind,unsigned,test.test-unsigned.example,cold,11337569,2,False,1788804191.1478457,
bind,unsigned,test.test-unsigned.example,cold,11880457,2,False,1788804191.1599097,
bind,unsigned,test.test-unsigned.example,cold,17917062,2,False,1788804191.177968,
bind,unsigned,test.test-unsigned.example,cold,13142424,2,False,1788804191.1913705,
bind,unsigned,test.test-unsigned.example,cold,40823135,2,False,1788804191.232325,
bind,unsigned,test.test-unsigned.example,cold,20191809,2,False,1788804191.252651,
bind,unsigned,test.test-unsigned.example,cold,20624985,2,False,1788804191.2734213,
bind,unsigned,test.test-unsigned.example,cold,13934191,2,False,1788804191.287495,
bind,unsigned,test.test-unsigned.example,cold,13156083,2,False,1788804191.301108,
bind,unsigned,test.test-unsigned.example,cold,13613079,2,False,1788804191.3148472,
bind,unsigned,test.test-unsigned.example,cold,10630798,2,False,1788804191.3255868,
bind,unsigned,test.test-unsigned.example,cold,11766413,2,False,1788804191.337471,
bind,unsigned,test.test-unsigned.example,cold,11583623,2,False,1788804191.3493881,
bind,unsigned,test.test-unsigned.example,cold,14763718,2,False,1788804191.3644128,
bind,unsigned,test.test-unsigned.example,cold,13258713,2,False,1788804191.3777773,
bind,unsigned,test.test-unsigned.example,cold,10174231,2,False,1788804191.3882477,
bind,unsigned,test.test-unsigned.example,cold,10300285,2,False,1788804191.3986554,
bind,unsigned,test.test-unsigned.example,cold,13761444,2,False,1788804191.4125159,
bind,unsigned,test.test-unsigned.example,cold,12088686,2,False,1788804191.4247239,
bind,unsigned,test.test-unsigned.example,cold,14900037,2,False,1788804191.4397414,
bind,unsigned,test.test-unsigned.example,cold,12691535,2,False,1788804191.4525375,
bind,unsigned,test.test-unsigned.example,cold,29471048,2,False,1788804191.4821203,
bind,unsigned,test.test-unsigned.example,cold,15543183,2,False,1788804191.4977992,
bind,unsigned,test.test-unsigned.example,cold,12039014,2,False,1788804191.509929,
bind,unsigned,test.test-unsigned.example,cold,35355112,2,False,1788804191.545392,
bind,unsigned,test.test-unsigned.example,cold,24903666,2,False,1788804191.570424,
bind,unsigned,test.test-unsigned.example,cold,16591413,2,False,1788804191.587141,
bind,unsigned,test.test-unsigned.example,cold,11792874,2,False,1788804191.5990822,
bind,unsigned,test.test-unsigned.example,cold,13085824,2,False,1788804191.6124377,
bind,unsigned,test.test-unsigned.example,cold,21773700,2,False,1788804191.6343346,
bind,unsigned,test.test-unsigned.example,cold,22251555,2,False,1788804191.6566894,
bind,unsigned,test.test-unsigned.example,cold,26052485,2,False,1788804191.6828568,
bind,unsigned,test.test-unsigned.example,cold,16451765,2,False,1788804191.6994274,
bind,unsigned,test.test-unsigned.example,cold,35088660,2,False,1788804191.7346344,
bind,unsigned,test.test-unsigned.example,cold,37404639,2,False,1788804191.772146,
bind,unsigned,test.test-unsigned.example,cold,18692180,2,False,1788804191.7911048,
bind,unsigned,test.test-unsigned.example,cold,11667401,2,False,1788804191.8029022,
bind,unsigned,test.test-unsigned.example,cold,9564605,2,False,1788804191.812569,
bind,unsigned,test.test-unsigned.example,cold,20234159,2,False,1788804191.832998,
bind,unsigned,test.test-unsigned.example,cold,27816508,2,False,1788804191.860931,
bind,unsigned,test.test-unsigned.example,cold,25329420,2,False,1788804191.8863544,
bind,unsigned,test.test-unsigned.example,cold,12102725,2,False,1788804191.8985617,
bind,unsigned,test.test-unsigned.example,cold,20622120,2,False,1788804191.9192884,
bind,unsigned,test.test-unsigned.example,cold,33957232,2,False,1788804191.9533603,
bind,unsigned,test.test-unsigned.example,cold,41918597,2,False,1788804191.9953918,
bind,unsigned,test.test-unsigned.example,cold,16237585,2,False,1788804192.0120034,
bind,unsigned,test.test-unsigned.example,cold,15578107,2,False,1788804192.027699,
bind,unsigned,test.test-unsigned.example,cold,12317186,2,False,1788804192.0401528,
bind,unsigned,test.test-unsigned.example,cold,16475918,2,False,1788804192.0567648,
bind,unsigned,test.test-unsigned.example,cold,27267847,2,False,1788804192.0841465,
bind,unsigned,test.test-unsigned.example,cold,13621169,2,False,1788804192.0978734,
bind,unsigned,test.test-unsigned.example,cold,12592868,2,False,1788804192.1106083,
bind,unsigned,test.test-unsigned.example,cold,10829171,2,False,1788804192.1215353,
bind,unsigned,test.test-unsigned.example,cold,13712500,2,False,1788804192.1353502,
bind,unsigned,test.test-unsigned.example,cold,15762314,2,False,1788804192.1512167,
bind,unsigned,test.test-unsigned.example,cold,13373014,2,False,1788804192.1646807,
bind,unsigned,test.test-unsigned.example,cold,16386164,2,False,1788804192.1811645,
bind,unsigned,test.test-unsigned.example,cold,10664145,2,False,1788804192.1920066,
bind,unsigned,test.test-unsigned.example,cold,10337488,2,False,1788804192.2024477,
bind,unsigned,test.test-unsigned.example,cold,10615287,2,False,1788804192.2131627,
bind,unsigned,test.test-unsigned.example,cold,12137378,2,False,1788804192.2254045,
bind,unsigned,test.test-unsigned.example,cold,12202598,2,False,1788804192.2377007,
bind,unsigned,test.test-unsigned.example,cold,12774608,2,False,1788804192.2505648,
bind,unsigned,test.test-unsigned.example,cold,16891153,2,False,1788804192.2676105,
bind,unsigned,test.test-unsigned.example,cold,9449332,2,False,1788804192.2771661,
bind,unsigned,test.test-unsigned.example,cold,9503055,2,False,1788804192.286768,
bind,unsigned,test.test-unsigned.example,cold,11580239,2,False,1788804192.298647,
bind,unsigned,test.test-unsigned.example,cold,13205965,2,False,1788804192.3120008,
bind,unsigned,test.test-unsigned.example,cold,10508057,2,False,1788804192.3226378,
bind,unsigned,test.test-unsigned.example,cold,11578446,2,False,1788804192.334308,
bind,unsigned,test.test-unsigned.example,cold,12023124,2,False,1788804192.3464186,
bind,unsigned,test.test-unsigned.example,cold,13639959,2,False,1788804192.3601596,
bind,unsigned,test.test-unsigned.example,cold,10774642,2,False,1788804192.371042,
bind,unsigned,test.test-unsigned.example,cold,10573903,2,False,1788804192.3817194,
bind,unsigned,test.test-unsigned.example,cold,14515176,2,False,1788804192.3963456,
bind,unsigned,test.test-unsigned.example,cold,10851987,2,False,1788804192.4073145,
bind,unsigned,test.test-unsigned.example,cold,11436784,2,False,1788804192.4189532,
bind,unsigned,test.test-unsigned.example,cold,10889493,2,False,1788804192.4299147,
bind,unsigned,test.test-unsigned.example,cold,11579802,2,False,1788804192.4416063,
bind,unsigned,test.test-unsigned.example,cold,10561160,2,False,1788804192.4524696,
bind,unsigned,test.test-unsigned.example,cold,13656106,2,False,1788804192.4662316,
bind,unsigned,test.test-unsigned.example,cold,10534811,2,False,1788804192.4768999,
bind,unsigned,test.test-unsigned.example,cold,15869976,2,False,1788804192.4929361,
bind,unsigned,test.test-unsigned.example,cold,10031606,2,False,1788804192.5031044,
bind,unsigned,test.test-unsigned.example,cold,10604895,2,False,1788804192.5138388,
bind,unsigned,test.test-unsigned.example,cold,11779623,2,False,1788804192.5257285,
bind,unsigned,test.test-unsigned.example,cold,11559264,2,False,1788804192.5373664,
bind,unsigned,test.test-unsigned.example,cold,9855387,2,False,1788804192.5473473,
bind,unsigned,test.test-unsigned.example,cold,13969711,2,False,1788804192.5614111,
bind,unsigned,test.test-unsigned.example,cold,11371021,2,False,1788804192.5729327,
bind,unsigned,test.test-unsigned.example,cold,11101668,2,False,1788804192.5841336,
bind,unsigned,test.test-unsigned.example,cold,13636717,2,False,1788804192.5978613,
bind,unsigned,test.test-unsigned.example,cold,11385602,2,False,1788804192.6093426,
bind,unsigned,test.test-unsigned.example,cold,9199665,2,False,1788804192.618634,
bind,unsigned,test.test-unsigned.example,cold,10713185,2,False,1788804192.6294506,
bind,unsigned,test.test-unsigned.example,cold,9585928,2,False,1788804192.6397882,
bind,unsigned,test.test-unsigned.example,cold,13884249,2,False,1788804192.653813,
bind,unsigned,test.test-unsigned.example,cold,13521482,2,False,1788804192.6674674,
bind,unsigned,test.test-unsigned.example,cold,12356412,2,False,1788804192.679952,
bind,unsigned,test.test-unsigned.example,cold,12342085,2,False,1788804192.6924436,
bind,unsigned,test.test-unsigned.example,cold,15261962,2,False,1788804192.7080734,
bind,unsigned,test.test-unsigned.example,cold,12887195,2,False,1788804192.721093,
bind,unsigned,test.test-unsigned.example,cold,13253169,2,False,1788804192.7344222,
bind,unsigned,test.test-unsigned.example,cold,13394018,2,False,1788804192.747961,
bind,unsigned,test.test-unsigned.example,cold,13527636,2,False,1788804192.7616253,
bind,unsigned,test.test-unsigned.example,cold,11930326,2,False,1788804192.773672,
bind,unsigned,test.test-unsigned.example,cold,10520102,2,False,1788804192.7844539,
bind,unsigned,test.test-unsigned.example,cold,16855194,2,False,1788804192.8014548,
bind,unsigned,test.test-unsigned.example,cold,10271618,2,False,1788804192.8118258,
bind,unsigned,test.test-unsigned.example,cold,12517294,2,False,1788804192.8244498,
bind,unsigned,test.test-unsigned.example,cold,10785782,2,False,1788804192.8353314,
bind,unsigned,test.test-unsigned.example,cold,13689649,2,False,1788804192.849129,
bind,unsigned,test.test-unsigned.example,cold,10251085,2,False,1788804192.859498,
bind,unsigned,test.test-unsigned.example,cold,17101733,2,False,1788804192.8766966,
bind,unsigned,test.test-unsigned.example,cold,9637958,2,False,1788804192.8864794,
bind,unsigned,test.test-unsigned.example,cold,10858799,2,False,1788804192.8974645,
bind,unsigned,test.test-unsigned.example,cold,9394861,2,False,1788804192.9069905,
bind,unsigned,test.test-unsigned.example,cold,11404009,2,False,1788804192.918522,
bind,unsigned,test.test-unsigned.example,cold,9598470,2,False,1788804192.92824,
bind,unsigned,test.test-unsigned.example,cold,12813632,2,False,1788804192.9411836,
bind,unsigned,test.test-unsigned.example,cold,12807324,2,False,1788804192.9540906,
bind,unsigned,test.test-unsigned.example,cold,11989489,2,False,1788804192.9661765,
bind,unsigned,test.test-unsigned.example,cold,11055457,2,False,1788804192.9773297,
bind,unsigned,test.test-unsigned.example,cold,16349181,2,False,1788804192.9937832,
bind,unsigned,test.test-unsigned.example,cold,12546038,2,False,1788804193.0064406,
bind,unsigned,test.test-unsigned.example,cold,9145599,2,False,1788804193.0156634,
bind,unsigned,test.test-unsigned.example,cold,12006191,2,False,1788804193.0277956,
bind,unsigned,test.test-unsigned.example,cold,11179890,2,False,1788804193.0391083,
bind,unsigned,test.test-unsigned.example,cold,10106209,2,False,1788804193.0494046,
bind,unsigned,test.test-unsigned.example,cold,16219869,2,False,1788804193.0657613,
bind,unsigned,test.test-unsigned.example,cold,13450233,2,False,1788804193.0793805,
bind,unsigned,test.test-unsigned.example,cold,10920705,2,False,1788804193.0904093,
bind,unsigned,test.test-unsigned.example,cold,10625972,2,False,1788804193.10117,
bind,unsigned,test.test-unsigned.example,cold,11539071,2,False,1788804193.112831,
bind,unsigned,test.test-unsigned.example,cold,11026505,2,False,1788804193.1240616,
bind,unsigned,test.test-unsigned.example,cold,9266195,2,False,1788804193.1334434,
bind,unsigned,test.test-unsigned.example,cold,23976530,2,False,1788804193.1575708,
bind,unsigned,test.test-unsigned.example,cold,12950693,2,False,1788804193.1706512,
bind,unsigned,test.test-unsigned.example,cold,13351045,2,False,1788804193.1841116,
bind,unsigned,test.test-unsigned.example,cold,11098637,2,False,1788804193.195318,
bind,unsigned,test.test-unsigned.example,cold,13263521,2,False,1788804193.2087286,
bind,unsigned,test.test-unsigned.example,cold,10146241,2,False,1788804193.2189798,
bind,unsigned,test.test-unsigned.example,cold,12044917,2,False,1788804193.2311304,
bind,unsigned,test.test-unsigned.example,cold,15320458,2,False,1788804193.2465532,
bind,unsigned,test.test-unsigned.example,cold,12750607,2,False,1788804193.259422,
bind,unsigned,test.test-unsigned.example,cold,14013291,2,False,1788804193.2735596,
bind,unsigned,test.test-unsigned.example,cold,10257202,2,False,1788804193.2839363,
bind,unsigned,test.test-unsigned.example,cold,10346307,2,False,1788804193.2944748,
bind,unsigned,test.test-unsigned.example,cold,11580332,2,False,1788804193.3061981,
bind,unsigned,test.test-unsigned.example,cold,10106421,2,False,1788804193.3164148,
bind,unsigned,test.test-unsigned.example,cold,12589586,2,False,1788804193.3291063,
bind,unsigned,test.test-unsigned.example,cold,12258606,2,False,1788804193.3414562,
bind,unsigned,test.test-unsigned.example,cold,11132333,2,False,1788804193.3527033,
bind,unsigned,test.test-unsigned.example,cold,10414440,2,False,1788804193.3632243,
bind,unsigned,test.test-unsigned.example,cold,12839285,2,False,1788804193.3761635,
bind,unsigned,test.test-unsigned.example,cold,13179045,2,False,1788804193.3894315,
bind,unsigned,test.test-unsigned.example,cold,10422391,2,False,1788804193.400023,
bind,unsigned,test.test-unsigned.example,cold,15011434,2,False,1788804193.4153113,
bind,unsigned,test.test-unsigned.example,cold,12467458,2,False,1788804193.4279032,
bind,unsigned,test.test-unsigned.example,cold,27066314,2,False,1788804193.4550943,
bind,unsigned,test.test-unsigned.example,cold,15520496,2,False,1788804193.4707341,
bind,unsigned,test.test-unsigned.example,cold,17144152,2,False,1788804193.4880638,
bind,unsigned,test.test-unsigned.example,cold,13629106,2,False,1788804193.5018096,
bind,unsigned,test.test-unsigned.example,cold,18266920,2,False,1788804193.520191,
bind,unsigned,test.test-unsigned.example,cold,16910275,2,False,1788804193.5372112,
bind,unsigned,test.test-unsigned.example,cold,11996235,2,False,1788804193.5492861,
bind,unsigned,test.test-unsigned.example,cold,10126784,2,False,1788804193.5594916,
bind,unsigned,test.test-unsigned.example,cold,10726083,2,False,1788804193.5703025,
bind,unsigned,test.test-unsigned.example,cold,10403317,2,False,1788804193.5808058,
bind,unsigned,test.test-unsigned.example,cold,13970692,2,False,1788804193.594914,
bind,unsigned,test.test-unsigned.example,cold,9771172,2,False,1788804193.6048057,
bind,unsigned,test.test-unsigned.example,cold,12013947,2,False,1788804193.616927,
bind,unsigned,test.test-unsigned.example,cold,11445471,2,False,1788804193.6285672,
bind,unsigned,test.test-unsigned.example,cold,10632399,2,False,1788804193.639288,
bind,unsigned,test.test-unsigned.example,cold,11787399,2,False,1788804193.6514652,
bind,unsigned,test.test-unsigned.example,cold,14332952,2,False,1788804193.665921,
bind,unsigned,test.test-unsigned.example,cold,15897123,2,False,1788804193.681948,
bind,unsigned,test.test-unsigned.example,cold,11475710,2,False,1788804193.6935582,
bind,unsigned,test.test-unsigned.example,cold,13447814,2,False,1788804193.7071164,
bind,unsigned,test.test-unsigned.example,cold,14037205,2,False,1788804193.721306,
bind,unsigned,test.test-unsigned.example,cold,12413882,2,False,1788804193.7338696,
bind,unsigned,test.test-unsigned.example,cold,10860867,2,False,1788804193.7448769,
bind,unsigned,test.test-unsigned.example,cold,12780138,2,False,1788804193.7577813,
bind,unsigned,test.test-unsigned.example,cold,17018834,2,False,1788804193.7749002,
bind,unsigned,test.test-unsigned.example,cold,9786697,2,False,1788804193.7847905,
bind,unsigned,test.test-unsigned.example,cold,10137685,2,False,1788804193.7950253,
bind,unsigned,test.test-unsigned.example,cold,12393177,2,False,1788804193.8075092,
bind,unsigned,test.test-unsigned.example,cold,10180522,2,False,1788804193.817782,
bind,unsigned,test.test-unsigned.example,cold,9297624,2,False,1788804193.8271983,
bind,unsigned,test.test-unsigned.example,cold,14696993,2,False,1788804193.8420048,
bind,unsigned,test.test-unsigned.example,cold,10877315,2,False,1788804193.8529692,
bind,unsigned,test.test-unsigned.example,cold,12699007,2,False,1788804193.8657591,
bind,unsigned,test.test-unsigned.example,cold,10438192,2,False,1788804193.8762834,
bind,unsigned,test.test-unsigned.example,cold,13522573,2,False,1788804193.889912,
bind,unsigned,test.test-unsigned.example,cold,11134235,2,False,1788804193.9011517,
bind,unsigned,test.test-unsigned.example,cold,10842083,2,False,1788804193.9121122,
bind,unsigned,test.test-unsigned.example,cold,13390792,2,False,1788804193.925593,
bind,unsigned,test.test-unsigned.example,cold,9293588,2,False,1788804193.934969,
bind,unsigned,test.test-unsigned.example,cold,9895986,2,False,1788804193.9449644,
bind,unsigned,test.test-unsigned.example,cold,10052652,2,False,1788804193.9550984,
bind,unsigned,test.test-unsigned.example,cold,11803844,2,False,1788804193.9670005,
bind,unsigned,test.test-unsigned.example,cold,9005251,2,False,1788804193.9761093,
bind,unsigned,test.test-unsigned.example,cold,11713610,2,False,1788804193.9879603,
bind,unsigned,test.test-unsigned.example,cold,13559271,2,False,1788804194.001647,
bind,unsigned,test.test-unsigned.example,cold,10841394,2,False,1788804194.0126355,
bind,unsigned,test.test-unsigned.example,cold,11326498,2,False,1788804194.0240765,
bind,unsigned,test.test-unsigned.example,cold,13216501,2,False,1788804194.0373914,
bind,unsigned,test.test-unsigned.example,cold,12881812,2,False,1788804194.0503662,
bind,unsigned,test.test-unsigned.example,cold,12144086,2,False,1788804194.0627198,
bind,unsigned,test.test-unsigned.example,cold,13907918,2,False,1788804194.0767393,
bind,unsigned,test.test-unsigned.example,cold,13292330,2,False,1788804194.0901635,
bind,unsigned,test.test-unsigned.example,cold,10789239,2,False,1788804194.1010933,
bind,unsigned,test.test-unsigned.example,cold,11190604,2,False,1788804194.1123664,
bind,unsigned,test.test-unsigned.example,cold,28057521,2,False,1788804194.1405103,
bind,unsigned,test.test-unsigned.example,cold,11927308,2,False,1788804194.1525543,
bind,unsigned,test.test-unsigned.example,cold,12906171,2,False,1788804194.165593,
bind,unsigned,test.test-unsigned.example,cold,14114170,2,False,1788804194.1798446,
bind,unsigned,test.test-unsigned.example,cold,12812351,2,False,1788804194.1927824,
bind,unsigned,test.test-unsigned.example,cold,12241916,2,False,1788804194.2052262,
bind,unsigned,test.test-unsigned.example,cold,11715246,2,False,1788804194.2171047,
bind,unsigned,test.test-unsigned.example,cold,12185856,2,False,1788804194.2293897,
bind,unsigned,test.test-unsigned.example,cold,11316425,2,False,1788804194.2408092,
bind,unsigned,test.test-unsigned.example,cold,12702900,2,False,1788804194.253625,
bind,unsigned,test.test-unsigned.example,cold,10770735,2,False,1788804194.2646365,
bind,unsigned,test.test-unsigned.example,cold,10079410,2,False,1788804194.2748919,
bind,unsigned,test.test-unsigned.example,cold,16079389,2,False,1788804194.2910662,
bind,unsigned,test.test-unsigned.example,cold,11994240,2,False,1788804194.3032074,
bind,unsigned,test.test-unsigned.example,cold,13695797,2,False,1788804194.3200045,
bind,unsigned,test.test-unsigned.example,cold,10302243,2,False,1788804194.330416,
bind,unsigned,test.test-unsigned.example,cold,10705435,2,False,1788804194.341218,
bind,unsigned,test.test-unsigned.example,cold,10067881,2,False,1788804194.351386,
bind,unsigned,test.test-unsigned.example,cold,12853860,2,False,1788804194.3643484,
bind,unsigned,test.test-unsigned.example,cold,16653610,2,False,1788804194.381123,
bind,unsigned,test.test-unsigned.example,cold,18158735,2,False,1788804194.3993988,
bind,unsigned,test.test-unsigned.example,cold,10499452,2,False,1788804194.410009,
bind,unsigned,test.test-unsigned.example,cold,10514959,2,False,1788804194.4206297,
bind,unsigned,test.test-unsigned.example,cold,10824138,2,False,1788804194.431983,
bind,unsigned,test.test-unsigned.example,cold,12934373,2,False,1788804194.4450266,
bind,unsigned,test.test-unsigned.example,cold,12783866,2,False,1788804194.4579184,
bind,unsigned,test.test-unsigned.example,cold,10658579,2,False,1788804194.4686935,
bind,unsigned,test.test-unsigned.example,cold,14431596,2,False,1788804194.483265,
bind,unsigned,test.test-unsigned.example,cold,9993643,2,False,1788804194.4933887,
bind,unsigned,test.test-unsigned.example,cold,12173296,2,False,1788804194.5056856,
bind,unsigned,test.test-unsigned.example,cold,13089540,2,False,1788804194.5189233,
bind,unsigned,test.test-unsigned.example,cold,11273610,2,False,1788804194.530316,
bind,unsigned,test.test-unsigned.example,cold,10235570,2,False,1788804194.540655,
bind,unsigned,test.test-unsigned.example,cold,12984992,2,False,1788804194.553741,
bind,unsigned,test.test-unsigned.example,cold,11821370,2,False,1788804194.5657158,
bind,unsigned,test.test-unsigned.example,cold,12757639,2,False,1788804194.5785694,
bind,unsigned,test.test-unsigned.example,cold,9128147,2,False,1788804194.5881205,
bind,unsigned,test.test-unsigned.example,cold,15915072,2,False,1788804194.6041396,
bind,unsigned,test.test-unsigned.example,cold,14644115,2,False,1788804194.618884,
bind,unsigned,test.test-unsigned.example,cold,11272310,2,False,1788804194.6302643,
bind,unsigned,test.test-unsigned.example,cold,14083319,2,False,1788804194.6444438,
bind,unsigned,test.test-unsigned.example,cold,13895988,2,False,1788804194.6585054,
bind,unsigned,test.test-unsigned.example,cold,11138791,2,False,1788804194.6697829,
bind,unsigned,test.test-unsigned.example,cold,10566640,2,False,1788804194.6804705,
bind,unsigned,test.test-unsigned.example,cold,10663772,2,False,1788804194.6912189,
bind,unsigned,test.test-unsigned.example,cold,11503316,2,False,1788804194.7028852,
bind,unsigned,test.test-unsigned.example,cold,11844217,2,False,1788804194.7148893,
bind,unsigned,test.test-unsigned.example,cold,10967181,2,False,1788804194.7260196,
bind,unsigned,test.test-unsigned.example,cold,9999639,2,False,1788804194.7361126,
bind,unsigned,test.test-unsigned.example,cold,11615102,2,False,1788804194.7478664,
bind,unsigned,test.test-unsigned.example,cold,10399927,2,False,1788804194.7583818,
bind,unsigned,test.test-unsigned.example,cold,14684221,2,False,1788804194.773394,
bind,unsigned,test.test-unsigned.example,cold,12796195,2,False,1788804194.7862837,
bind,unsigned,test.test-unsigned.example,cold,13093585,2,False,1788804194.7994754,
bind,unsigned,test.test-unsigned.example,cold,11684968,2,False,1788804194.811468,
bind,unsigned,test.test-unsigned.example,cold,14557736,2,False,1788804194.8261304,
bind,unsigned,test.test-unsigned.example,cold,12003202,2,False,1788804194.838462,
bind,unsigned,test.test-unsigned.example,cold,10209148,2,False,1788804194.848788,
bind,unsigned,test.test-unsigned.example,cold,11995185,2,False,1788804194.8608694,
bind,unsigned,test.test-unsigned.example,cold,12514361,2,False,1788804194.8735032,
bind,unsigned,test.test-unsigned.example,cold,12203913,2,False,1788804194.8858268,
bind,unsigned,test.test-unsigned.example,cold,11236612,2,False,1788804194.8972461,
bind,unsigned,test.test-unsigned.example,cold,13897667,2,False,1788804194.9112487,
bind,unsigned,test.test-unsigned.example,cold,11606751,2,False,1788804194.9229891,
bind,unsigned,test.test-unsigned.example,cold,12535030,2,False,1788804194.9356842,
bind,unsigned,test.test-unsigned.example,cold,10860687,2,False,1788804194.94678,
bind,unsigned,test.test-unsigned.example,cold,12284814,2,False,1788804194.9592407,
bind,unsigned,test.test-unsigned.example,cold,11101178,2,False,1788804194.9704537,
bind,unsigned,test.test-unsigned.example,cold,15010132,2,False,1788804194.9855793,
bind,unsigned,test.test-unsigned.example,cold,9699538,2,False,1788804194.995379,
bind,unsigned,test.test-unsigned.example,cold,9058738,2,False,1788804195.0045302,
bind,unsigned,test.test-unsigned.example,cold,10467541,2,False,1788804195.0150988,
bind,unsigned,test.test-unsigned.example,cold,11002556,2,False,1788804195.0261955,
bind,unsigned,test.test-unsigned.example,cold,14033201,2,False,1788804195.0403469,
bind,unsigned,test.test-unsigned.example,cold,11202952,2,False,1788804195.0516555,
bind,unsigned,test.test-unsigned.example,cold,11820810,2,False,1788804195.0636091,
bind,unsigned,test.test-unsigned.example,cold,12287020,2,False,1788804195.0759997,
bind,unsigned,test.test-unsigned.example,cold,11010285,2,False,1788804195.087164,
bind,unsigned,test.test-unsigned.example,cold,14267785,2,False,1788804195.1018226,
bind,unsigned,test.test-unsigned.example,cold,16447707,2,False,1788804195.118489,
bind,unsigned,test.test-unsigned.example,cold,12618552,2,False,1788804195.131679,
bind,unsigned,test.test-unsigned.example,cold,12289471,2,False,1788804195.1441371,
bind,unsigned,test.test-unsigned.example,cold,9374362,2,False,1788804195.1536174,
bind,unsigned,test.test-unsigned.example,cold,10720155,2,False,1788804195.1644638,
bind,unsigned,test.test-unsigned.example,cold,14020639,2,False,1788804195.1786149,
bind,unsigned,test.test-unsigned.example,cold,10645064,2,False,1788804195.1893966,
bind,unsigned,test.test-unsigned.example,cold,11900485,2,False,1788804195.201399,
bind,unsigned,test.test-unsigned.example,cold,13202259,2,False,1788804195.214702,
bind,unsigned,test.test-unsigned.example,cold,11310482,2,False,1788804195.2261202,
bind,unsigned,test.test-unsigned.example,cold,10442428,2,False,1788804195.2367005,
bind,unsigned,test.test-unsigned.example,cold,11636698,2,False,1788804195.2484148,
bind,unsigned,test.test-unsigned.example,cold,11505390,2,False,1788804195.2600217,
bind,unsigned,test.test-unsigned.example,cold,13972587,2,False,1788804195.2740934,
bind,unsigned,test.test-unsigned.example,cold,19867529,2,False,1788804195.294061,
bind,unsigned,test.test-unsigned.example,cold,17054287,2,False,1788804195.3124125,
bind,unsigned,test.test-unsigned.example,cold,17109789,2,False,1788804195.3296137,
bind,unsigned,test.test-unsigned.example,cold,11811541,2,False,1788804195.3415265,
bind,unsigned,test.test-unsigned.example,cold,17255701,2,False,1788804195.3588917,
bind,unsigned,test.test-unsigned.example,cold,15072313,2,False,1788804195.3741286,
bind,unsigned,test.test-unsigned.example,cold,14847763,2,False,1788804195.3890762,
bind,unsigned,test.test-unsigned.example,cold,14276050,2,False,1788804195.4043214,
bind,unsigned,test.test-unsigned.example,cold,19995074,2,False,1788804195.4245272,
bind,unsigned,test.test-unsigned.example,cold,17827975,2,False,1788804195.4424455,
bind,unsigned,test.test-unsigned.example,cold,15023080,2,False,1788804195.4576013,
bind,unsigned,test.test-unsigned.example,cold,12158322,2,False,1788804195.4698708,
bind,unsigned,test.test-unsigned.example,cold,11459953,2,False,1788804195.481414,
bind,unsigned,test.test-unsigned.example,cold,10346402,2,False,1788804195.4918597,
bind,unsigned,test.test-unsigned.example,cold,13358405,2,False,1788804195.505444,
bind,unsigned,test.test-unsigned.example,cold,15020488,2,False,1788804195.5205731,
bind,unsigned,test.test-unsigned.example,cold,10439592,2,False,1788804195.5311325,
bind,unsigned,test.test-unsigned.example,cold,11573415,2,False,1788804195.5428145,
bind,unsigned,test.test-unsigned.example,cold,10865059,2,False,1788804195.553817,
bind,unsigned,test.test-unsigned.example,cold,12360659,2,False,1788804195.5664482,
bind,unsigned,test.test-unsigned.example,cold,10167774,2,False,1788804195.5767198,
bind,unsigned,test.test-unsigned.example,cold,11773386,2,False,1788804195.5885942,
bind,unsigned,test.test-unsigned.example,cold,10856897,2,False,1788804195.5995972,
bind,unsigned,test.test-unsigned.example,cold,9599715,2,False,1788804195.609291,
bind,unsigned,test.test-unsigned.example,cold,12225894,2,False,1788804195.6216025,
bind,unsigned,test.test-unsigned.example,cold,14560280,2,False,1788804195.6362453,
bind,unsigned,test.test-unsigned.example,cold,10294829,2,False,1788804195.6466422,
bind,unsigned,test.test-unsigned.example,cold,10351700,2,False,1788804195.6571186,
bind,unsigned,test.test-unsigned.example,cold,11730959,2,False,1788804195.6689603,
bind,unsigned,test.test-unsigned.example,cold,12531674,2,False,1788804195.6817374,
bind,unsigned,test.test-unsigned.example,cold,10719937,2,False,1788804195.6925673,
bind,unsigned,test.test-unsigned.example,cold,9578787,2,False,1788804195.7022548,
bind,unsigned,test.test-unsigned.example,cold,15725429,2,False,1788804195.7180912,
bind,unsigned,test.test-unsigned.example,cold,11294205,2,False,1788804195.7298257,
bind,unsigned,test.test-unsigned.example,cold,12186698,2,False,1788804195.742114,
bind,unsigned,test.test-unsigned.example,cold,9636539,2,False,1788804195.7518594,
bind,unsigned,test.test-unsigned.example,cold,13291672,2,False,1788804195.7653859,
bind,unsigned,test.test-unsigned.example,cold,12740315,2,False,1788804195.7782776,
bind,unsigned,test.test-unsigned.example,cold,13588272,2,False,1788804195.7919793,
bind,unsigned,test.test-unsigned.example,cold,11829800,2,False,1788804195.8039012,
bind,unsigned,test.test-unsigned.example,cold,10445063,2,False,1788804195.8144631,
bind,unsigned,test.test-unsigned.example,cold,14647088,2,False,1788804195.8292198,
bind,unsigned,test.test-unsigned.example,cold,11218423,2,False,1788804195.8405719,
bind,unsigned,test.test-unsigned.example,cold,10912162,2,False,1788804195.851594,
bind,unsigned,test.test-unsigned.example,cold,10358589,2,False,1788804195.862124,
bind,unsigned,test.test-unsigned.example,cold,17979059,2,False,1788804195.8802135,
bind,unsigned,test.test-unsigned.example,cold,10045731,2,False,1788804195.89043,
bind,unsigned,test.test-unsigned.example,cold,8964328,2,False,1788804195.899496,
bind,unsigned,test.test-unsigned.example,cold,13190612,2,False,1788804195.9127839,
bind,unsigned,test.test-unsigned.example,cold,10445726,2,False,1788804195.9234383,
bind,unsigned,test.test-unsigned.example,cold,12118740,2,False,1788804195.9357567,
bind,unsigned,test.test-unsigned.example,cold,13776065,2,False,1788804195.949652,
bind,unsigned,test.test-unsigned.example,cold,26414353,2,False,1788804195.9761713,
bind,unsigned,test.test-unsigned.example,cold,13721938,2,False,1788804195.990177,
bind,unsigned,test.test-unsigned.example,cold,16000074,2,False,1788804196.0062861,
bind,unsigned,test.test-unsigned.example,cold,36445064,2,False,1788804196.0429657,
bind,unsigned,test.test-unsigned.example,cold,14226326,2,False,1788804196.0573108,
bind,unsigned,test.test-unsigned.example,cold,16076352,2,False,1788804196.073886,
bind,unsigned,test.test-unsigned.example,cold,16811146,2,False,1788804196.0908844,
bind,unsigned,test.test-unsigned.example,cold,16773503,2,False,1788804196.1079662,
bind,unsigned,test.test-unsigned.example,cold,14561076,2,False,1788804196.1228242,
bind,unsigned,test.test-unsigned.example,cold,19564081,2,False,1788804196.1425242,
bind,unsigned,test.test-unsigned.example,cold,13454222,2,False,1788804196.156121,
bind,unsigned,test.test-unsigned.example,cold,15869042,2,False,1788804196.1721478,
bind,unsigned,test.test-unsigned.example,cold,15002752,2,False,1788804196.187265,
bind,unsigned,test.test-unsigned.example,cold,16929974,2,False,1788804196.204292,
bind,unsigned,test.test-unsigned.example,cold,41372371,2,False,1788804196.245767,
bind,unsigned,test.test-unsigned.example,cold,14371002,2,False,1788804196.2602608,
bind,unsigned,test.test-unsigned.example,cold,18354320,2,False,1788804196.2787592,
bind,unsigned,test.test-unsigned.example,cold,17944702,2,False,1788804196.2975078,
bind,unsigned,test.test-unsigned.example,cold,36727438,2,False,1788804196.3345246,
bind,unsigned,test.test-unsigned.example,cold,20041705,2,False,1788804196.3546658,
bind,unsigned,test.test-unsigned.example,cold,21807865,2,False,1788804196.37667,
bind,unsigned,test.test-unsigned.example,cold,26022787,2,False,1788804196.4028182,
bind,unsigned,test.test-unsigned.example,cold,20127820,2,False,1788804196.4230485,
bind,unsigned,test.test-unsigned.example,cold,20022229,2,False,1788804196.4431787,
bind,unsigned,test.test-unsigned.example,cold,14200972,2,False,1788804196.457526,
bind,unsigned,test.test-unsigned.example,cold,15297964,2,False,1788804196.4729278,
bind,unsigned,test.test-unsigned.example,cold,15609419,2,False,1788804196.488628,
bind,unsigned,test.test-unsigned.example,cold,12143386,2,False,1788804196.5008562,
bind,unsigned,test.test-unsigned.example,cold,10854461,2,False,1788804196.5118635,
bind,unsigned,test.test-unsigned.example,cold,14071582,2,False,1788804196.5260406,
bind,unsigned,test.test-unsigned.example,cold,10975518,2,False,1788804196.5371904,
bind,unsigned,test.test-unsigned.example,cold,12369429,2,False,1788804196.5497673,
bind,unsigned,test.test-unsigned.example,cold,15485887,2,False,1788804196.5653994,
bind,unsigned,test.test-unsigned.example,cold,10985735,2,False,1788804196.576487,
bind,unsigned,test.test-unsigned.example,cold,10170038,2,False,1788804196.5867753,
bind,unsigned,test.test-unsigned.example,cold,11025179,2,False,1788804196.5980682,
bind,unsigned,test.test-unsigned.example,cold,10844972,2,False,1788804196.609012,
bind,unsigned,test.test-unsigned.example,cold,11842331,2,False,1788804196.6209538,
bind,unsigned,test.test-unsigned.example,cold,16943355,2,False,1788804196.6381302,
bind,unsigned,test.test-unsigned.example,cold,17199926,2,False,1788804196.6554472,
bind,unsigned,test.test-unsigned.example,cold,12861948,2,False,1788804196.668472,
bind,unsigned,test.test-unsigned.example,cold,17266038,2,False,1788804196.685907,
bind,unsigned,test.test-unsigned.example,cold,11257110,2,False,1788804196.697291,
bind,unsigned,test.test-unsigned.example,cold,11476081,2,False,1788804196.7089636,
bind,unsigned,test.test-unsigned.example,cold,12790580,2,False,1788804196.721844,
bind,unsigned,test.test-unsigned.example,cold,30647989,2,False,1788804196.7525969,
bind,unsigned,test.test-unsigned.example,cold,10820422,2,False,1788804196.763537,
bind,unsigned,test.test-unsigned.example,cold,9105496,2,False,1788804196.772757,
bind,unsigned,test.test-unsigned.example,cold,10855398,2,False,1788804196.7837315,
bind,unsigned,test.test-unsigned.example,cold,10644369,2,False,1788804196.7944872,
bind,unsigned,test.test-unsigned.example,cold,11333845,2,False,1788804196.8059545,
bind,unsigned,test.test-unsigned.example,cold,11250423,2,False,1788804196.8173046,
bind,unsigned,test.test-unsigned.example,cold,10135290,2,False,1788804196.8275359,
bind,unsigned,test.test-unsigned.example,cold,9946521,2,False,1788804196.8375928,
bind,unsigned,test.test-unsigned.example,cold,11062276,2,False,1788804196.848917,
bind,unsigned,test.test-unsigned.example,cold,12827675,2,False,1788804196.8618753,
bind,unsigned,test.test-unsigned.example,cold,14325923,2,False,1788804196.8763196,
bind,unsigned,test.test-unsigned.example,cold,13820120,2,False,1788804196.890259,
bind,unsigned,test.test-unsigned.example,cold,11269306,2,False,1788804196.901635,
bind,unsigned,test.test-unsigned.example,cold,11738796,2,False,1788804196.913493,
bind,unsigned,test.test-unsigned.example,cold,11431304,2,False,1788804196.9250727,
bind,unsigned,test.test-unsigned.example,cold,9889963,2,False,1788804196.9350727,
bind,unsigned,test.test-unsigned.example,cold,10899493,2,False,1788804196.9460695,
bind,unsigned,test.test-unsigned.example,cold,15713548,2,False,1788804196.9620156,
bind,unsigned,test.test-unsigned.example,cold,10415826,2,False,1788804196.9727397,
bind,unsigned,test.test-unsigned.example,cold,10607643,2,False,1788804196.9834595,
bind,unsigned,test.test-unsigned.example,cold,10196704,2,False,1788804196.993731,
bind,unsigned,test.test-unsigned.example,cold,10184285,2,False,1788804197.004038,
bind,unsigned,test.test-unsigned.example,cold,10541390,2,False,1788804197.014678,
bind,unsigned,test.test-unsigned.example,cold,11043353,2,False,1788804197.0258257,
bind,unsigned,test.test-unsigned.example,cold,16807932,2,False,1788804197.0428421,
bind,unsigned,test.test-unsigned.example,cold,12167502,2,False,1788804197.0551097,
bind,unsigned,test.test-unsigned.example,cold,10937386,2,False,1788804197.0661433,
bind,unsigned,test.test-unsigned.example,cold,11709403,2,False,1788804197.0779626,
bind,unsigned,test.test-unsigned.example,cold,13115161,2,False,1788804197.0912027,
bind,unsigned,test.test-unsigned.example,cold,11891308,2,False,1788804197.1032565,
bind,unsigned,test.test-unsigned.example,cold,12768276,2,False,1788804197.1161528,
bind,unsigned,test.test-unsigned.example,cold,11617420,2,False,1788804197.1280026,
bind,unsigned,test.test-unsigned.example,cold,12962814,2,False,1788804197.141071,
bind,unsigned,test.test-unsigned.example,cold,12308247,2,False,1788804197.1537297,
bind,unsigned,test.test-unsigned.example,cold,12039499,2,False,1788804197.165881,
bind,unsigned,test.test-unsigned.example,cold,15238082,2,False,1788804197.1812239,
bind,unsigned,test.test-unsigned.example,cold,33336938,2,False,1788804197.2149353,
bind,unsigned,test.test-unsigned.example,cold,36518775,2,False,1788804197.2518594,
bind,unsigned,test.test-unsigned.example,cold,11321381,2,False,1788804197.2632828,
bind,unsigned,test.test-unsigned.example,cold,10757008,2,False,1788804197.2741702,
bind,unsigned,test.test-unsigned.example,cold,11324747,2,False,1788804197.285593,
bind,unsigned,test.test-unsigned.example,cold,16395614,2,False,1788804197.3022008,
bind,unsigned,test.test-unsigned.example,cold,10678430,2,False,1788804197.312976,
bind,unsigned,test.test-unsigned.example,cold,12073623,2,False,1788804197.3251572,
bind,unsigned,test.test-unsigned.example,cold,10664318,2,False,1788804197.3359606,
bind,unsigned,test.test-unsigned.example,cold,10530605,2,False,1788804197.346604,
bind,unsigned,test.test-unsigned.example,cold,12014791,2,False,1788804197.3587115,
bind,unsigned,test.test-unsigned.example,cold,11473106,2,False,1788804197.3702877,
bind,unsigned,test.test-unsigned.example,cold,15036726,2,False,1788804197.3854282,
bind,unsigned,test.test-unsigned.example,cold,13238367,2,False,1788804197.3988364,
bind,unsigned,test.test-unsigned.example,cold,11221575,2,False,1788804197.4101868,
bind,unsigned,test.test-unsigned.example,cold,10527811,2,False,1788804197.4208179,
bind,unsigned,test.test-unsigned.example,cold,11323201,2,False,1788804197.432247,
bind,unsigned,test.test-unsigned.example,cold,15185006,2,False,1788804197.4475358,
bind,unsigned,test.test-unsigned.example,cold,11541586,2,False,1788804197.4592505,
bind,unsigned,test.test-unsigned.example,cold,11008059,2,False,1788804197.4704716,
bind,unsigned,test.test-unsigned.example,cold,15657381,2,False,1788804197.4862502,
bind,unsigned,test.test-unsigned.example,cold,21354341,2,False,1788804197.5078826,
bind,unsigned,test.test-unsigned.example,cold,22240889,2,False,1788804197.5302544,
bind,unsigned,test.test-unsigned.example,cold,12178598,2,False,1788804197.5425694,
bind,unsigned,test.test-unsigned.example,cold,11369131,2,False,1788804197.5544577,
bind,unsigned,test.test-unsigned.example,cold,11078804,2,False,1788804197.5656314,
bind,unsigned,test.test-unsigned.example,cold,10662321,2,False,1788804197.5763884,
bind,unsigned,test.test-unsigned.example,cold,9453342,2,False,1788804197.5859468,
bind,unsigned,test.test-unsigned.example,cold,11032544,2,False,1788804197.5970793,
bind,unsigned,test.test-unsigned.example,cold,11069742,2,False,1788804197.608262,
bind,unsigned,test.test-unsigned.example,cold,11344898,2,False,1788804197.6197457,
bind,unsigned,test.test-unsigned.example,cold,12171099,2,False,1788804197.6321218,
bind,unsigned,test.test-unsigned.example,cold,11205154,2,False,1788804197.6435401,
bind,unsigned,test.test-unsigned.example,cold,11080893,2,False,1788804197.6547532,
bind,unsigned,test.test-unsigned.example,cold,14109801,2,False,1788804197.669002,
bind,unsigned,test.test-unsigned.example,cold,11825498,2,False,1788804197.6809316,
bind,unsigned,test.test-unsigned.example,cold,9463278,2,False,1788804197.690497,
bind,unsigned,test.test-unsigned.example,cold,11667383,2,False,1788804197.702274,
bind,unsigned,test.test-unsigned.example,cold,15606051,2,False,1788804197.717987,
bind,unsigned,test.test-unsigned.example,cold,14623940,2,False,1788804197.7327118,
bind,unsigned,test.test-unsigned.example,cold,10846550,2,False,1788804197.7436514,
bind,unsigned,test.test-unsigned.example,cold,10275882,2,False,1788804197.7540376,
bind,unsigned,test.test-unsigned.example,cold,12868374,2,False,1788804197.7670267,
bind,unsigned,test.test-unsigned.example,cold,10868412,2,False,1788804197.7780137,
bind,unsigned,test.test-unsigned.example,cold,10913599,2,False,1788804197.7890244,
bind,unsigned,test.test-unsigned.example,cold,16450306,2,False,1788804197.8055997,
bind,unsigned,test.test-unsigned.example,cold,10877107,2,False,1788804197.8166316,
bind,unsigned,test.test-unsigned.example,cold,12607373,2,False,1788804197.829365,
bind,unsigned,test.test-unsigned.example,cold,14361222,2,False,1788804197.843921,
bind,unsigned,test.test-unsigned.example,cold,17947067,2,False,1788804197.8620164,
bind,unsigned,test.test-unsigned.example,cold,18987216,2,False,1788804197.8811224,
bind,unsigned,test.test-unsigned.example,cold,10755406,2,False,1788804197.892001,
bind,unsigned,test.test-unsigned.example,cold,15839462,2,False,1788804197.9079607,
bind,unsigned,test.test-unsigned.example,cold,11385723,2,False,1788804197.919494,
bind,unsigned,test.test-unsigned.example,cold,13107162,2,False,1788804197.9327447,
bind,unsigned,test.test-unsigned.example,cold,10282858,2,False,1788804197.9431126,
bind,unsigned,test.test-unsigned.example,cold,13202089,2,False,1788804197.9564104,
bind,unsigned,test.test-unsigned.example,cold,13580222,2,False,1788804197.9700637,
bind,unsigned,test.test-unsigned.example,cold,15515238,2,False,1788804197.9857159,
bind,unsigned,test.test-unsigned.example,cold,13354681,2,False,1788804198.0002813,
bind,unsigned,test.test-unsigned.example,cold,10972464,2,False,1788804198.0113776,
bind,unsigned,test.test-unsigned.example,cold,12188923,2,False,1788804198.0236795,
bind,unsigned,test.test-unsigned.example,cold,10517876,2,False,1788804198.0343275,
bind,unsigned,test.test-unsigned.example,cold,14323094,2,False,1788804198.0488422,
bind,unsigned,test.test-unsigned.example,cold,12430631,2,False,1788804198.061489,
bind,unsigned,test.test-unsigned.example,cold,11933725,2,False,1788804198.073548,
bind,unsigned,test.test-unsigned.example,cold,12535880,2,False,1788804198.0862277,
bind,unsigned,test.test-unsigned.example,cold,12255766,2,False,1788804198.0985754,
bind,unsigned,test.test-unsigned.example,cold,13670448,2,False,1788804198.1123502,
bind,unsigned,test.test-unsigned.example,cold,9507726,2,False,1788804198.1219676,
bind,unsigned,test.test-unsigned.example,cold,9744310,2,False,1788804198.1318772,
bind,unsigned,test.test-unsigned.example,cold,10604054,2,False,1788804198.142572,
bind,unsigned,test.test-unsigned.example,cold,9830709,2,False,1788804198.1524968,
bind,unsigned,test.test-unsigned.example,cold,18310329,2,False,1788804198.170933,
bind,unsigned,test.test-unsigned.example,cold,14964498,2,False,1788804198.1865861,
bind,unsigned,test.test-unsigned.example,cold,12729594,2,False,1788804198.1994896,
bind,unsigned,test.test-unsigned.example,cold,15116475,2,False,1788804198.2147994,
bind,unsigned,test.test-unsigned.example,cold,14283661,2,False,1788804198.2292178,
bind,unsigned,test.test-unsigned.example,cold,15696155,2,False,1788804198.2450302,
bind,unsigned,test.test-unsigned.example,cold,11093222,2,False,1788804198.2562616,
bind,unsigned,test.test-unsigned.example,cold,11189067,2,False,1788804198.2675607,
bind,unsigned,test.test-unsigned.example,cold,13140282,2,False,1788804198.2808406,
bind,unsigned,test.test-unsigned.example,cold,11649658,2,False,1788804198.2926247,
bind,unsigned,test.test-unsigned.example,cold,11671795,2,False,1788804198.304467,
bind,unsigned,test.test-unsigned.example,cold,10211618,2,False,1788804198.3147964,
bind,unsigned,test.test-unsigned.example,cold,11746124,2,False,1788804198.3266633,
bind,unsigned,test.test-unsigned.example,cold,11728114,2,False,1788804198.3385177,
bind,unsigned,test.test-unsigned.example,cold,13532482,2,False,1788804198.352156,
bind,unsigned,test.test-unsigned.example,cold,13427311,2,False,1788804198.365734,
bind,unsigned,test.test-unsigned.example,cold,11975700,2,False,1788804198.3778193,
bind,unsigned,test.test-unsigned.example,cold,11243679,2,False,1788804198.3891506,
bind,unsigned,test.test-unsigned.example,cold,14691087,2,False,1788804198.4039614,
bind,unsigned,test.test-unsigned.example,cold,13733145,2,False,1788804198.417802,
bind,unsigned,test.test-unsigned.example,cold,14836275,2,False,1788804198.4327881,
bind,unsigned,test.test-unsigned.example,cold,10456481,2,False,1788804198.4433537,
bind,unsigned,test.test-unsigned.example,cold,9874328,2,False,1788804198.4533207,
bind,unsigned,test.test-unsigned.example,cold,15233664,2,False,1788804198.468647,
bind,unsigned,test.test-unsigned.example,cold,15531612,2,False,1788804198.4842849,
bind,unsigned,test.test-unsigned.example,cold,16402262,2,False,1788804198.500957,
bind,unsigned,test.test-unsigned.example,cold,24260130,2,False,1788804198.5253196,
bind,unsigned,test.test-unsigned.example,cold,15033335,2,False,1788804198.540568,
bind,unsigned,test.test-unsigned.example,cold,12068449,2,False,1788804198.5527344,
bind,unsigned,test.test-unsigned.example,cold,18076347,2,False,1788804198.571007,
bind,unsigned,test.test-unsigned.example,cold,16101193,2,False,1788804198.5872188,
bind,unsigned,test.test-unsigned.example,cold,15770327,2,False,1788804198.60339,
bind,unsigned,test.test-unsigned.example,cold,19537781,2,False,1788804198.6230917,
bind,unsigned,test.test-unsigned.example,cold,14977924,2,False,1788804198.6382494,
bind,unsigned,test.test-unsigned.example,cold,14532677,2,False,1788804198.6528916,
bind,unsigned,test.test-unsigned.example,cold,18252096,2,False,1788804198.6712737,
bind,unsigned,test.test-unsigned.example,cold,14184279,2,False,1788804198.6855652,
bind,unsigned,test.test-unsigned.example,cold,13178606,2,False,1788804198.6988745,
bind,unsigned,test.test-unsigned.example,cold,12600232,2,False,1788804198.7116065,
bind,unsigned,test.test-unsigned.example,cold,13699371,2,False,1788804198.7254014,
bind,unsigned,test.test-unsigned.example,cold,18209650,2,False,1788804198.7438166,
bind,unsigned,test.test-unsigned.example,cold,17260217,2,False,1788804198.761205,
bind,unsigned,test.test-unsigned.example,cold,13715827,2,False,1788804198.775019,
bind,unsigned,test.test-unsigned.example,cold,15277342,2,False,1788804198.7903938,
bind,unsigned,test.test-unsigned.example,cold,16864157,2,False,1788804198.80737,
bind,unsigned,test.test-unsigned.example,cold,19303639,2,False,1788804198.8267815,
bind,unsigned,test.test-unsigned.example,cold,29924476,2,False,1788804198.8567863,
bind,unsigned,test.test-unsigned.example,cold,11914530,2,False,1788804198.868789,
bind,unsigned,test.test-unsigned.example,cold,13753640,2,False,1788804198.882716,
bind,unsigned,test.test-unsigned.example,cold,12674872,2,False,1788804198.8955925,
bind,unsigned,test.test-unsigned.example,cold,9433462,2,False,1788804198.9051383,
bind,unsigned,test.test-unsigned.example,cold,13320022,2,False,1788804198.9185495,
bind,unsigned,test.test-unsigned.example,cold,12905209,2,False,1788804198.9315774,
bind,unsigned,test.test-unsigned.example,cold,13196749,2,False,1788804198.944954,
bind,unsigned,test.test-unsigned.example,cold,12721759,2,False,1788804198.9577885,
bind,unsigned,test.test-unsigned.example,cold,11373442,2,False,1788804198.9692676,
bind,unsigned,test.test-unsigned.example,cold,11860289,2,False,1788804198.981234,
bind,unsigned,test.test-unsigned.example,cold,12817371,2,False,1788804198.9941516,
bind,unsigned,test.test-unsigned.example,cold,11590853,2,False,1788804199.00585,
bind,unsigned,test.test-unsigned.example,cold,10671725,2,False,1788804199.0166228,
bind,unsigned,test.test-unsigned.example,cold,16186599,2,False,1788804199.0328956,
bind,unsigned,test.test-unsigned.example,cold,13442926,2,False,1788804199.0464542,
bind,unsigned,test.test-unsigned.example,cold,11274582,2,False,1788804199.057866,
bind,unsigned,test.test-unsigned.example,cold,10806392,2,False,1788804199.0687854,
bind,unsigned,test.test-unsigned.example,cold,10907823,2,False,1788804199.0799725,
bind,unsigned,test.test-unsigned.example,cold,16195717,2,False,1788804199.096458,
bind,unsigned,test.test-unsigned.example,cold,11248024,2,False,1788804199.107821,
bind,unsigned,test.test-unsigned.example,cold,9599310,2,False,1788804199.117559,
bind,unsigned,test.test-unsigned.example,cold,13026726,2,False,1788804199.130688,
bind,unsigned,test.test-unsigned.example,cold,16881895,2,False,1788804199.1476796,
bind,unsigned,test.test-unsigned.example,cold,13553643,2,False,1788804199.161392,
bind,unsigned,test.test-unsigned.example,cold,42920413,2,False,1788804199.2045023,
bind,unsigned,test.test-unsigned.example,cold,23045938,2,False,1788804199.2276766,
bind,unsigned,test.test-unsigned.example,cold,13581971,2,False,1788804199.2415597,
bind,unsigned,test.test-unsigned.example,cold,11106347,2,False,1788804199.2528288,
bind,unsigned,test.test-unsigned.example,cold,11899516,2,False,1788804199.264831,
bind,unsigned,test.test-unsigned.example,cold,11833610,2,False,1788804199.276906,
bind,unsigned,test.test-unsigned.example,cold,12662007,2,False,1788804199.2896872,
bind,unsigned,test.test-unsigned.example,cold,14353214,2,False,1788804199.304184,
bind,unsigned,test.test-unsigned.example,cold,12288660,2,False,1788804199.3165767,
bind,unsigned,test.test-unsigned.example,cold,11896522,2,False,1788804199.3285785,
bind,unsigned,test.test-unsigned.example,cold,12477469,2,False,1788804199.3412282,
bind,unsigned,test.test-unsigned.example,cold,15507622,2,False,1788804199.35681,
bind,unsigned,test.test-unsigned.example,cold,9940727,2,False,1788804199.3668659,
bind,unsigned,test.test-unsigned.example,cold,17228482,2,False,1788804199.3842244,
bind,unsigned,test.test-unsigned.example,cold,13653343,2,False,1788804199.398012,
bind,unsigned,test.test-unsigned.example,cold,12851351,2,False,1788804199.410954,
bind,unsigned,test.test-unsigned.example,cold,16526101,2,False,1788804199.4276018,
bind,unsigned,test.test-unsigned.example,cold,11417128,2,False,1788804199.4391873,
bind,unsigned,test.test-unsigned.example,cold,11300923,2,False,1788804199.4505792,
bind,unsigned,test.test-unsigned.example,cold,15808959,2,False,1788804199.4664886,
bind,unsigned,test.test-unsigned.example,cold,10827476,2,False,1788804199.4774125,
bind,unsigned,test.test-unsigned.example,cold,10843073,2,False,1788804199.4883637,
bind,unsigned,test.test-unsigned.example,cold,13624508,2,False,1788804199.5021014,
bind,unsigned,test.test-unsigned.example,cold,15346196,2,False,1788804199.517564,
bind,unsigned,test.test-unsigned.example,cold,10364702,2,False,1788804199.528055,
bind,unsigned,test.test-unsigned.example,cold,14264919,2,False,1788804199.5424228,
bind,unsigned,test.test-unsigned.example,cold,10677561,2,False,1788804199.5532157,
bind,unsigned,test.test-unsigned.example,cold,12223783,2,False,1788804199.565572,
bind,unsigned,test.test-unsigned.example,cold,16696089,2,False,1788804199.5823915,
bind,unsigned,test.test-unsigned.example,cold,16218124,2,False,1788804199.5987172,
bind,unsigned,test.test-unsigned.example,cold,12007746,2,False,1788804199.6108527,
bind,unsigned,test.test-unsigned.example,cold,14147669,2,False,1788804199.6251526,
bind,unsigned,test.test-unsigned.example,cold,11204656,2,False,1788804199.636507,
bind,unsigned,test.test-unsigned.example,cold,13217951,2,False,1788804199.6498194,
bind,unsigned,test.test-unsigned.example,cold,11173766,2,False,1788804199.6610956,
bind,unsigned,test.test-unsigned.example,cold,10855430,2,False,1788804199.6722178,
bind,unsigned,test.test-unsigned.example,cold,17388834,2,False,1788804199.6897097,
bind,unsigned,test.test-unsigned.example,cold,10466822,2,False,1788804199.700285,
bind,unsigned,test.test-unsigned.example,cold,10790254,2,False,1788804199.711182,
bind,unsigned,test.test-unsigned.example,cold,12026868,2,False,1788804199.723309,
bind,unsigned,test.test-unsigned.example,cold,14098011,2,False,1788804199.7374973,
bind,unsigned,test.test-unsigned.example,cold,11940742,2,False,1788804199.7495482,
bind,unsigned,test.test-unsigned.example,cold,13093799,2,False,1788804199.7627845,
bind,unsigned,test.test-unsigned.example,cold,21063676,2,False,1788804199.7839496,
bind,unsigned,test.test-unsigned.example,cold,13939140,2,False,1788804199.798133,
bind,unsigned,test.test-unsigned.example,cold,20725138,2,False,1788804199.8189416,
bind,unsigned,test.test-unsigned.example,cold,10678067,2,False,1788804199.8297381,
bind,unsigned,test.test-unsigned.example,cold,10368802,2,False,1788804199.840232,
bind,unsigned,test.test-unsigned.example,cold,14812713,2,False,1788804199.855139,
bind,unsigned,test.test-unsigned.example,cold,12879836,2,False,1788804199.8681102,
bind,unsigned,test.test-unsigned.example,cold,11741363,2,False,1788804199.8799424,
bind,unsigned,test.test-unsigned.example,cold,14775976,2,False,1788804199.8948846,
bind,unsigned,test.test-unsigned.example,cold,11968562,2,False,1788804199.9069479,
bind,unsigned,test.test-unsigned.example,cold,11646303,2,False,1788804199.9187624,
bind,unsigned,test.test-unsigned.example,cold,11722041,2,False,1788804199.9306006,
bind,unsigned,test.test-unsigned.example,cold,12786788,2,False,1788804199.9434843,
bind,unsigned,test.test-unsigned.example,cold,10299957,2,False,1788804199.9539447,
bind,unsigned,test.test-unsigned.example,cold,19276510,2,False,1788804199.9733593,
bind,unsigned,test.test-unsigned.example,cold,11568225,2,False,1788804199.9851408,
bind,unsigned,test.test-unsigned.example,cold,12483106,2,False,1788804199.9977307,
bind,unsigned,test.test-unsigned.example,cold,17707450,2,False,1788804200.0155482,
bind,unsigned,test.test-unsigned.example,cold,11472187,2,False,1788804200.0271595,
bind,unsigned,test.test-unsigned.example,cold,13822897,2,False,1788804200.0411053,
bind,unsigned,test.test-unsigned.example,cold,11749423,2,False,1788804200.0529356,
bind,unsigned,test.test-unsigned.example,cold,18589581,2,False,1788804200.071613,
bind,unsigned,test.test-unsigned.example,cold,13029595,2,False,1788804200.0847423,
bind,unsigned,test.test-unsigned.example,cold,17015388,2,False,1788804200.1018915,
bind,unsigned,test.test-unsigned.example,cold,16914006,2,False,1788804200.1189673,
bind,unsigned,test.test-unsigned.example,cold,15512309,2,False,1788804200.1345952,
bind,unsigned,test.test-unsigned.example,cold,21687674,2,False,1788804200.156621,
bind,unsigned,test.test-unsigned.example,cold,55246280,2,False,1788804200.2123666,
bind,unsigned,test.test-unsigned.example,cold,33895273,2,False,1788804200.2464316,
bind,unsigned,test.test-unsigned.example,cold,11680027,2,False,1788804200.2582145,
bind,unsigned,test.test-unsigned.example,cold,16051800,2,False,1788804200.274553,
bind,unsigned,test.test-unsigned.example,cold,16895270,2,False,1788804200.2916343,
bind,unsigned,test.test-unsigned.example,cold,16468529,2,False,1788804200.308342,
bind,unsigned,test.test-unsigned.example,cold,14105117,2,False,1788804200.3225925,
bind,unsigned,test.test-unsigned.example,cold,9982866,2,False,1788804200.3327384,
bind,unsigned,test.test-unsigned.example,cold,9907313,2,False,1788804200.3427706,
bind,unsigned,test.test-unsigned.example,cold,13188358,2,False,1788804200.3560555,
bind,unsigned,test.test-unsigned.example,cold,12619677,2,False,1788804200.368937,
bind,unsigned,test.test-unsigned.example,cold,13495518,2,False,1788804200.382537,
bind,unsigned,test.test-unsigned.example,cold,13585875,2,False,1788804200.3962328,
bind,unsigned,test.test-unsigned.example,cold,14475189,2,False,1788804200.4108162,
bind,unsigned,test.test-unsigned.example,cold,14466940,2,False,1788804200.425537,
bind,unsigned,test.test-unsigned.example,cold,13378179,2,False,1788804200.4390616,
bind,unsigned,test.test-unsigned.example,cold,11770523,2,False,1788804200.4509244,
bind,unsigned,test.test-unsigned.example,cold,14713466,2,False,1788804200.4657543,
bind,unsigned,test.test-unsigned.example,cold,10439111,2,False,1788804200.476309,
bind,unsigned,test.test-unsigned.example,cold,9986274,2,False,1788804200.4864151,
bind,unsigned,test.test-unsigned.example,cold,14735964,2,False,1788804200.5012457,
bind,unsigned,test.test-unsigned.example,cold,11028506,2,False,1788804200.5123837,
bind,unsigned,test.test-unsigned.example,cold,12409343,2,False,1788804200.5248902,
bind,unsigned,test.test-unsigned.example,cold,10730247,2,False,1788804200.5357425,
bind,unsigned,test.test-unsigned.example,cold,16538036,2,False,1788804200.552378,
bind,unsigned,test.test-unsigned.example,cold,11545938,2,False,1788804200.564026,
bind,unsigned,test.test-unsigned.example,cold,9996265,2,False,1788804200.5741477,
bind,unsigned,test.test-unsigned.example,cold,14507608,2,False,1788804200.5887527,
bind,unsigned,test.test-unsigned.example,cold,10782993,2,False,1788804200.5996673,
bind,unsigned,test.test-unsigned.example,cold,12757799,2,False,1788804200.6126769,
bind,unsigned,test.test-unsigned.example,cold,13711966,2,False,1788804200.6264539,
bind,unsigned,test.test-unsigned.example,cold,10774197,2,False,1788804200.637475,
bind,unsigned,test.test-unsigned.example,cold,11354627,2,False,1788804200.6489482,
bind,unsigned,test.test-unsigned.example,cold,10090950,2,False,1788804200.6591403,
bind,unsigned,test.test-unsigned.example,cold,12320845,2,False,1788804200.671559,
bind,unsigned,test.test-unsigned.example,cold,16621147,2,False,1788804200.6882806,
bind,unsigned,test.test-unsigned.example,cold,18116928,2,False,1788804200.7065496,
bind,unsigned,test.test-unsigned.example,cold,10789375,2,False,1788804200.7174563,
bind,unsigned,test.test-unsigned.example,cold,8769701,2,False,1788804200.7263582,
bind,unsigned,test.test-unsigned.example,cold,10242958,2,False,1788804200.7367654,
bind,unsigned,test.test-unsigned.example,cold,10248725,2,False,1788804200.7471216,
bind,unsigned,test.test-unsigned.example,cold,12401901,2,False,1788804200.7596908,
bind,unsigned,test.test-unsigned.example,cold,11307073,2,False,1788804200.7711256,
bind,unsigned,test.test-unsigned.example,cold,11327703,2,False,1788804200.782566,
bind,unsigned,test.test-unsigned.example,cold,10480270,2,False,1788804200.7932405,
bind,unsigned,test.test-unsigned.example,cold,10193825,2,False,1788804200.8035126,
bind,unsigned,test.test-unsigned.example,cold,10536594,2,False,1788804200.814247,
bind,unsigned,test.test-unsigned.example,cold,14112683,2,False,1788804200.8285205,
bind,unsigned,test.test-unsigned.example,cold,11582412,2,False,1788804200.8402524,
bind,unsigned,test.test-unsigned.example,cold,10059862,2,False,1788804200.8504457,
bind,unsigned,test.test-unsigned.example,cold,13065418,2,False,1788804200.8636143,
bind,unsigned,test.test-unsigned.example,cold,10110961,2,False,1788804200.8738213,
bind,unsigned,test.test-unsigned.example,cold,9500103,2,False,1788804200.8834,
bind,unsigned,test.test-unsigned.example,cold,13505234,2,False,1788804200.8970194,
bind,unsigned,test.test-unsigned.example,cold,11085187,2,False,1788804200.9082036,
bind,unsigned,test.test-unsigned.example,cold,14592819,2,False,1788804200.9229004,
bind,unsigned,test.test-unsigned.example,cold,12052248,2,False,1788804200.935465,
bind,unsigned,test.test-unsigned.example,cold,10960813,2,False,1788804200.94665,
bind,unsigned,test.test-unsigned.example,cold,11254800,2,False,1788804200.9579988,
bind,unsigned,test.test-unsigned.example,cold,13743616,2,False,1788804200.971839,
bind,unsigned,test.test-unsigned.example,cold,12217400,2,False,1788804200.984143,
bind,unsigned,test.test-unsigned.example,cold,14607663,2,False,1788804200.9988518,
bind,unsigned,test.test-unsigned.example,cold,14951767,2,False,1788804201.0139065,
bind,unsigned,test.test-unsigned.example,cold,11387619,2,False,1788804201.0253868,
bind,unsigned,test.test-unsigned.example,cold,15096965,2,False,1788804201.0406206,
bind,unsigned,test.test-unsigned.example,cold,19582133,2,False,1788804201.0606003,
bind,unsigned,test.test-unsigned.example,cold,17935024,2,False,1788804201.0788875,
bind,unsigned,test.test-unsigned.example,cold,15669999,2,False,1788804201.0946617,
bind,unsigned,test.test-unsigned.example,cold,17885715,2,False,1788804201.1126347,
bind,unsigned,test.test-unsigned.example,cold,12789510,2,False,1788804201.1255357,
bind,unsigned,test.test-unsigned.example,cold,14175780,2,False,1788804201.140102,
bind,unsigned,test.test-unsigned.example,cold,13008525,2,False,1788804201.1532235,
bind,unsigned,test.test-unsigned.example,cold,10091305,2,False,1788804201.1634479,
bind,unsigned,test.test-unsigned.example,cold,12255303,2,False,1788804201.1758275,
bind,unsigned,test.test-unsigned.example,cold,13125683,2,False,1788804201.1890898,
bind,unsigned,test.test-unsigned.example,cold,12023314,2,False,1788804201.2015903,
bind,unsigned,test.test-unsigned.example,cold,11165202,2,False,1788804201.212845,
bind,unsigned,test.test-unsigned.example,cold,10183469,2,False,1788804201.2231638,
bind,unsigned,test.test-unsigned.example,cold,15776512,2,False,1788804201.2390442,
bind,unsigned,test.test-unsigned.example,cold,10741036,2,False,1788804201.2498786,
bind,unsigned,test.test-unsigned.example,cold,11372621,2,False,1788804201.26185,
bind,unsigned,test.test-unsigned.example,cold,15569871,2,False,1788804201.2775338,
bind,unsigned,test.test-unsigned.example,cold,10445206,2,False,1788804201.2881029,
bind,unsigned,test.test-unsigned.example,cold,14998006,2,False,1788804201.3031821,
bind,unsigned,test.test-unsigned.example,cold,12833577,2,False,1788804201.3161232,
bind,unsigned,test.test-unsigned.example,cold,13084051,2,False,1788804201.329312,
bind,unsigned,test.test-unsigned.example,cold,15312875,2,False,1788804201.3447201,
bind,unsigned,test.test-unsigned.example,cold,12595972,2,False,1788804201.357458,
bind,unsigned,test.test-unsigned.example,cold,12991372,2,False,1788804201.3705857,
bind,unsigned,test.test-unsigned.example,cold,12392309,2,False,1788804201.383098,
bind,unsigned,test.test-unsigned.example,cold,10935043,2,False,1788804201.3941693,
bind,unsigned,test.test-unsigned.example,cold,11363558,2,False,1788804201.40572,
bind,unsigned,test.test-unsigned.example,cold,10505819,2,False,1788804201.416297,
bind,unsigned,test.test-unsigned.example,cold,13042057,2,False,1788804201.429541,
bind,unsigned,test.test-unsigned.example,cold,13457277,2,False,1788804201.4432456,
bind,unsigned,test.test-unsigned.example,cold,11811025,2,False,1788804201.455344,
bind,unsigned,test.test-unsigned.example,cold,12703812,2,False,1788804201.468155,
bind,unsigned,test.test-unsigned.example,cold,13824773,2,False,1788804201.4820783,
bind,unsigned,test.test-unsigned.example,cold,10951316,2,False,1788804201.4931216,
bind,unsigned,test.test-unsigned.example,cold,14997307,2,False,1788804201.5082014,
bind,unsigned,test.test-unsigned.example,cold,13062373,2,False,1788804201.521368,
bind,unsigned,test.test-unsigned.example,cold,13508176,2,False,1788804201.5349767,
bind,unsigned,test.test-unsigned.example,cold,19967238,2,False,1788804201.5550969,
bind,unsigned,test.test-unsigned.example,cold,10491501,2,False,1788804201.5656888,
bind,unsigned,test.test-unsigned.example,cold,14880919,2,False,1788804201.580684,
bind,unsigned,test.test-unsigned.example,cold,10668094,2,False,1788804201.5916295,
bind,unsigned,test.test-unsigned.example,cold,10443193,2,False,1788804201.6022267,
bind,unsigned,test.test-unsigned.example,cold,15265318,2,False,1788804201.6176026,
bind,unsigned,test.test-unsigned.example,cold,12828608,2,False,1788804201.6305423,
bind,unsigned,test.test-unsigned.example,cold,14856908,2,False,1788804201.6455226,
bind,unsigned,test.test-unsigned.example,cold,10515207,2,False,1788804201.6561623,
bind,unsigned,test.test-unsigned.example,cold,12259349,2,False,1788804201.6685214,
bind,unsigned,test.test-unsigned.example,cold,10228350,2,False,1788804201.678844,
bind,unsigned,test.test-unsigned.example,cold,13318179,2,False,1788804201.6922767,
bind,unsigned,test.test-unsigned.example,cold,15613526,2,False,1788804201.708136,
bind,unsigned,test.test-unsigned.example,cold,13823860,2,False,1788804201.7220864,
bind,unsigned,test.test-unsigned.example,cold,14124613,2,False,1788804201.736356,
bind,unsigned,test.test-unsigned.example,cold,13038512,2,False,1788804201.7495992,
bind,unsigned,test.test-unsigned.example,cold,16480578,2,False,1788804201.766207,
bind,unsigned,test.test-unsigned.example,cold,9087398,2,False,1788804201.7754273,
bind,unsigned,test.test-unsigned.example,cold,11078150,2,False,1788804201.786624,
bind,unsigned,test.test-unsigned.example,cold,11674821,2,False,1788804201.7985947,
bind,unsigned,test.test-unsigned.example,cold,10663510,2,False,1788804201.8093584,
bind,unsigned,test.test-unsigned.example,cold,12853684,2,False,1788804201.822297,
bind,unsigned,test.test-unsigned.example,cold,14249446,2,False,1788804201.8366966,
bind,unsigned,test.test-unsigned.example,cold,14890375,2,False,1788804201.8518407,
bind,unsigned,test.test-unsigned.example,cold,16052321,2,False,1788804201.8680806,
bind,unsigned,test.test-unsigned.example,cold,11687888,2,False,1788804201.8798673,
bind,unsigned,test.test-unsigned.example,cold,11073563,2,False,1788804201.8910453,
bind,unsigned,test.test-unsigned.example,cold,9734593,2,False,1788804201.9009216,
bind,unsigned,test.test-unsigned.example,cold,11822766,2,False,1788804201.9128683,
bind,unsigned,test.test-unsigned.example,cold,10898305,2,False,1788804201.9239998,
bind,unsigned,test.test-unsigned.example,cold,11233221,2,False,1788804201.9353411,
bind,unsigned,test.test-unsigned.example,cold,12708794,2,False,1788804201.9481544,
bind,unsigned,test.test-unsigned.example,cold,13658728,2,False,1788804201.9618976,
bind,unsigned,test.test-unsigned.example,cold,10321750,2,False,1788804201.9723217,
bind,unsigned,test.test-unsigned.example,cold,11963490,2,False,1788804201.9844024,
bind,unsigned,test.test-unsigned.example,cold,11960399,2,False,1788804201.9966323,
bind,unsigned,test.test-unsigned.example,cold,11094912,2,False,1788804202.00784,
bind,unsigned,test.test-unsigned.example,cold,10506914,2,False,1788804202.0184646,
bind,unsigned,test.test-unsigned.example,cold,17515956,2,False,1788804202.0361323,
bind,unsigned,test.test-unsigned.example,cold,23842943,2,False,1788804202.0601487,
bind,unsigned,test.test-unsigned.example,cold,17307439,2,False,1788804202.0775409,
bind,unsigned,test.test-unsigned.example,cold,13178658,2,False,1788804202.0908265,
bind,unsigned,test.test-unsigned.example,cold,11536681,2,False,1788804202.1024764,
bind,unsigned,test.test-unsigned.example,cold,11221616,2,False,1788804202.1137888,
bind,unsigned,test.test-unsigned.example,cold,12054637,2,False,1788804202.1261199,
bind,unsigned,test.test-unsigned.example,cold,21787270,2,False,1788804202.148045,
bind,unsigned,test.test-unsigned.example,cold,16461116,2,False,1788804202.1646082,
bind,unsigned,test.test-unsigned.example,cold,19262959,2,False,1788804202.183972,
bind,unsigned,test.test-unsigned.example,cold,21093776,2,False,1788804202.2051742,
bind,unsigned,test.test-unsigned.example,cold,17649023,2,False,1788804202.223223,
bind,unsigned,test.test-unsigned.example,cold,17765512,2,False,1788804202.2410817,
bind,unsigned,test.test-unsigned.example,cold,35817733,2,False,1788804202.2770004,
bind,unsigned,test.test-unsigned.example,cold,12578508,2,False,1788804202.2896981,
bind,unsigned,test.test-unsigned.example,cold,10875537,2,False,1788804202.3007388,
bind,unsigned,test.test-unsigned.example,cold,13470582,2,False,1788804202.3143392,
bind,unsigned,test.test-unsigned.example,cold,11730434,2,False,1788804202.3261845,
bind,unsigned,test.test-unsigned.example,cold,11289719,2,False,1788804202.337572,
bind,unsigned,test.test-unsigned.example,cold,13841565,2,False,1788804202.3515236,
bind,unsigned,test.test-unsigned.example,cold,13701691,2,False,1788804202.365327,
bind,unsigned,test.test-unsigned.example,cold,10964019,2,False,1788804202.3763962,
bind,unsigned,test.test-unsigned.example,cold,11976176,2,False,1788804202.3884923,
bind,unsigned,test.test-unsigned.example,cold,11801727,2,False,1788804202.4004948,
bind,unsigned,test.test-unsigned.example,cold,11790530,2,False,1788804202.4124863,
bind,unsigned,test.test-unsigned.example,cold,12586834,2,False,1788804202.4252546,
bind,unsigned,test.test-unsigned.example,cold,13378382,2,False,1788804202.4387581,
bind,unsigned,test.test-unsigned.example,cold,11088984,2,False,1788804202.4499772,
bind,unsigned,test.test-unsigned.example,cold,10239250,2,False,1788804202.4604733,
bind,unsigned,test.test-unsigned.example,cold,12083433,2,False,1788804202.4726653,
bind,unsigned,test.test-unsigned.example,cold,10532564,2,False,1788804202.4833083,
bind,unsigned,test.test-unsigned.example,cold,10602461,2,False,1788804202.4940157,
bind,unsigned,test.test-unsigned.example,cold,10499808,2,False,1788804202.5046422,
bind,unsigned,test.test-unsigned.example,cold,10486325,2,False,1788804202.5152423,
bind,unsigned,test.test-unsigned.example,cold,14085860,2,False,1788804202.5294464,
bind,unsigned,test.test-unsigned.example,cold,10996192,2,False,1788804202.5405478,
bind,unsigned,test.test-unsigned.example,cold,11329714,2,False,1788804202.5519803,
bind,unsigned,test.test-unsigned.example,cold,13658324,2,False,1788804202.5657432,
bind,unsigned,test.test-unsigned.example,cold,11041935,2,False,1788804202.5768895,
bind,unsigned,test.test-unsigned.example,cold,15452466,2,False,1788804202.5925827,
bind,unsigned,test.test-unsigned.example,cold,12619520,2,False,1788804202.6053135,
bind,unsigned,test.test-unsigned.example,cold,10137008,2,False,1788804202.6155636,
bind,unsigned,test.test-unsigned.example,cold,9751097,2,False,1788804202.6254103,
bind,unsigned,test.test-unsigned.example,cold,10860533,2,False,1788804202.636519,
bind,unsigned,test.test-unsigned.example,cold,22352609,2,False,1788804202.65899,
bind,unsigned,test.test-unsigned.example,cold,12930775,2,False,1788804202.6720135,
bind,unsigned,test.test-unsigned.example,cold,11189946,2,False,1788804202.6832747,
bind,unsigned,test.test-unsigned.example,cold,11507301,2,False,1788804202.694886,
bind,unsigned,test.test-unsigned.example,cold,10129091,2,False,1788804202.7051117,
bind,unsigned,test.test-unsigned.example,cold,13201391,2,False,1788804202.7184134,
bind,unsigned,test.test-unsigned.example,cold,10187819,2,False,1788804202.7287111,
bind,unsigned,test.test-unsigned.example,cold,11537978,2,False,1788804202.740654,
bind,unsigned,test.test-unsigned.example,cold,12952800,2,False,1788804202.7537363,
bind,unsigned,test.test-unsigned.example,cold,16819047,2,False,1788804202.7706537,
bind,unsigned,test.test-unsigned.example,cold,13683203,2,False,1788804202.7844884,
bind,unsigned,test.test-unsigned.example,cold,12332675,2,False,1788804202.796917,
bind,unsigned,test.test-unsigned.example,cold,9865342,2,False,1788804202.80693,
bind,unsigned,test.test-unsigned.example,cold,9588647,2,False,1788804202.8166568,
bind,unsigned,test.test-unsigned.example,cold,6275588,2,False,1788804202.8230708,
bind,unsigned,test.test-unsigned.example,cold,9291743,2,False,1788804202.832451,
bind,unsigned,test.test-unsigned.example,cold,7396614,2,False,1788804202.8399353,
bind,unsigned,test.test-unsigned.example,cold,7480877,2,False,1788804202.8475142,
bind,unsigned,test.test-unsigned.example,cold,8214899,2,False,1788804202.8558197,
bind,unsigned,test.test-unsigned.example,cold,5429920,2,False,1788804202.861342,
bind,unsigned,test.test-unsigned.example,cold,11543424,2,False,1788804202.8730035,
bind,unsigned,test.test-unsigned.example,cold,6299017,2,False,1788804202.8794289,
bind,unsigned,test.test-unsigned.example,cold,8710534,2,False,1788804202.8885207,
bind,unsigned,test.test-unsigned.example,cold,6492277,2,False,1788804202.8951526,
bind,unsigned,test.test-unsigned.example,cold,6613301,2,False,1788804202.9018826,
bind,unsigned,test.test-unsigned.example,cold,6719780,2,False,1788804202.908687,
bind,unsigned,test.test-unsigned.example,cold,6584627,2,False,1788804202.9153776,
bind,unsigned,test.test-unsigned.example,cold,7749541,2,False,1788804202.9232693,
bind,unsigned,test.test-unsigned.example,cold,9563204,2,False,1788804202.9329693,
bind,unsigned,test.test-unsigned.example,cold,7326882,2,False,1788804202.9404268,
bind,unsigned,test.test-unsigned.example,cold,6097567,2,False,1788804202.9466307,
bind,unsigned,test.test-unsigned.example,cold,10180043,2,False,1788804202.9569101,
bind,unsigned,test.test-unsigned.example,cold,7208686,2,False,1788804202.9642344,
bind,unsigned,test.test-unsigned.example,cold,9482119,2,False,1788804202.973832,
bind,unsigned,test.test-unsigned.example,cold,6738857,2,False,1788804202.98072,
bind,unsigned,test.test-unsigned.example,cold,9747688,2,False,1788804202.9905753,
bind,unsigned,test.test-unsigned.example,cold,7540318,2,False,1788804202.9982305,
bind,unsigned,test.test-unsigned.example,cold,6774885,2,False,1788804203.005119,
bind,unsigned,test.test-unsigned.example,cold,10214216,2,False,1788804203.0154371,
bind,unsigned,test.test-unsigned.example,cold,6774186,2,False,1788804203.0223117,
bind,unsigned,test.test-unsigned.example,cold,7052386,2,False,1788804203.0300105,
bind,unsigned,test.test-unsigned.example,cold,10069998,2,False,1788804203.0402637,
bind,unsigned,test.test-unsigned.example,cold,6150057,2,False,1788804203.0465343,
bind,unsigned,test.test-unsigned.example,cold,10088003,2,False,1788804203.056713,
bind,unsigned,test.test-unsigned.example,cold,5672148,2,False,1788804203.0624824,
bind,unsigned,test.test-unsigned.example,cold,10779016,2,False,1788804203.0733423,
bind,unsigned,test.test-unsigned.example,cold,6723433,2,False,1788804203.080346,
bind,unsigned,test.test-unsigned.example,cold,13252697,2,False,1788804203.0937006,
bind,unsigned,test.test-unsigned.example,cold,6917284,2,False,1788804203.1007416,
bind,unsigned,test.test-unsigned.example,cold,11924857,2,False,1788804203.112926,
bind,unsigned,test.test-unsigned.example,cold,7495113,2,False,1788804203.1205547,
bind,unsigned,test.test-unsigned.example,cold,6995226,2,False,1788804203.1276553,
bind,unsigned,test.test-unsigned.example,cold,6287765,2,False,1788804203.1340933,
bind,unsigned,test.test-unsigned.example,cold,6866633,2,False,1788804203.1410754,
bind,unsigned,test.test-unsigned.example,cold,7327795,2,False,1788804203.1485205,
bind,unsigned,test.test-unsigned.example,cold,9384367,2,False,1788804203.1580446,
bind,unsigned,test.test-unsigned.example,cold,7523984,2,False,1788804203.1656785,
bind,unsigned,test.test-unsigned.example,cold,9035200,2,False,1788804203.1748848,
bind,unsigned,test.test-unsigned.example,cold,7021119,2,False,1788804203.1820087,
bind,unsigned,test.test-unsigned.example,cold,7701362,2,False,1788804203.1898253,
bind,unsigned,test.test-unsigned.example,cold,7396570,2,False,1788804203.1973214,
bind,unsigned,test.test-unsigned.example,cold,6933631,2,False,1788804203.2043252,
bind,unsigned,test.test-unsigned.example,cold,9055412,2,False,1788804203.2134914,
bind,unsigned,test.test-unsigned.example,cold,5526895,2,False,1788804203.2191484,
bind,unsigned,test.test-unsigned.example,cold,15084988,2,False,1788804203.2343388,
bind,unsigned,test.test-unsigned.example,cold,7033736,2,False,1788804203.2414834,
bind,unsigned,test.test-unsigned.example,cold,6984664,2,False,1788804203.2487493,
bind,unsigned,test.test-unsigned.example,cold,6155267,2,False,1788804203.255015,
bind,unsigned,test.test-unsigned.example,cold,7588160,2,False,1788804203.2627096,
bind,unsigned,test.test-unsigned.example,cold,6556083,2,False,1788804203.269371,
bind,unsigned,test.test-unsigned.example,cold,7874495,2,False,1788804203.2773485,
bind,unsigned,test.test-unsigned.example,cold,7772185,2,False,1788804203.2852197,
bind,unsigned,test.test-unsigned.example,cold,6502348,2,False,1788804203.2918582,
bind,unsigned,test.test-unsigned.example,cold,6235331,2,False,1788804203.2982123,
bind,unsigned,test.test-unsigned.example,cold,6563530,2,False,1788804203.3054671,
bind,unsigned,test.test-unsigned.example,cold,6518085,2,False,1788804203.3120992,
bind,unsigned,test.test-unsigned.example,cold,6464919,2,False,1788804203.318687,
bind,unsigned,test.test-unsigned.example,cold,9053176,2,False,1788804203.3278208,
bind,unsigned,test.test-unsigned.example,cold,6641462,2,False,1788804203.3345737,
bind,unsigned,test.test-unsigned.example,cold,7177101,2,False,1788804203.3418899,
bind,unsigned,test.test-unsigned.example,cold,6834904,2,False,1788804203.3488224,
bind,unsigned,test.test-unsigned.example,cold,8372968,2,False,1788804203.3573103,
bind,unsigned,test.test-unsigned.example,cold,6231285,2,False,1788804203.3636613,
bind,unsigned,test.test-unsigned.example,cold,8496764,2,False,1788804203.3722947,
bind,unsigned,test.test-unsigned.example,cold,10596577,2,False,1788804203.3831103,
bind,unsigned,test.test-unsigned.example,cold,6144030,2,False,1788804203.3893676,
bind,unsigned,test.test-unsigned.example,cold,7480383,2,False,1788804203.3969479,
bind,unsigned,test.test-unsigned.example,cold,7039772,2,False,1788804203.4041271,
bind,unsigned,test.test-unsigned.example,cold,10065806,2,False,1788804203.4142988,
bind,unsigned,test.test-unsigned.example,cold,6582336,2,False,1788804203.4209814,
bind,unsigned,test.test-unsigned.example,cold,6612360,2,False,1788804203.4276905,
bind,unsigned,test.test-unsigned.example,cold,8601841,2,False,1788804203.4364216,
bind,unsigned,test.test-unsigned.example,cold,6672364,2,False,1788804203.443182,
bind,unsigned,test.test-unsigned.example,cold,6673954,2,False,1788804203.4499557,
bind,unsigned,test.test-unsigned.example,cold,6167048,2,False,1788804203.4562306,
bind,unsigned,test.test-unsigned.example,cold,8602205,2,False,1788804203.464941,
bind,unsigned,test.test-unsigned.example,cold,6196471,2,False,1788804203.4712539,
bind,unsigned,test.test-unsigned.example,cold,9691979,2,False,1788804203.4810743,
bind,unsigned,test.test-unsigned.example,cold,6287254,2,False,1788804203.4874842,
bind,unsigned,test.test-unsigned.example,cold,9005382,2,False,1788804203.496622,
bind,unsigned,test.test-unsigned.example,cold,5876751,2,False,1788804203.5027149,
bind,unsigned,test.test-unsigned.example,cold,6080176,2,False,1788804203.5088725,
bind,unsigned,test.test-unsigned.example,cold,11271110,2,False,1788804203.520277,
bind,unsigned,test.test-unsigned.example,cold,5452933,2,False,1788804203.5258634,
bind,unsigned,test.test-unsigned.example,cold,7994607,2,False,1788804203.5339406,
bind,unsigned,test.test-unsigned.example,cold,6677898,2,False,1788804203.5407207,
bind,unsigned,test.test-unsigned.example,cold,5419083,2,False,1788804203.5462239,
bind,unsigned,test.test-unsigned.example,cold,6868223,2,False,1788804203.5531945,
bind,unsigned,test.test-unsigned.example,cold,6387547,2,False,1788804203.559687,
bind,unsigned,test.test-unsigned.example,cold,9225489,2,False,1788804203.569091,
bind,unsigned,test.test-unsigned.example,cold,7270226,2,False,1788804203.57648,
bind,unsigned,test.test-unsigned.example,cold,6801320,2,False,1788804203.5833795,
bind,unsigned,test.test-unsigned.example,cold,7874162,2,False,1788804203.5913618,
bind,unsigned,test.test-unsigned.example,cold,6628020,2,False,1788804203.5981116,
bind,unsigned,test.test-unsigned.example,cold,6642829,2,False,1788804203.6048517,
bind,unsigned,test.test-unsigned.example,cold,7837707,2,False,1788804203.613004,
bind,unsigned,test.test-unsigned.example,cold,10300385,2,False,1788804203.623428,
bind,unsigned,test.test-unsigned.example,cold,9410125,2,False,1788804203.6329272,
bind,unsigned,test.test-unsigned.example,cold,6873308,2,False,1788804203.6399007,
bind,unsigned,test.test-unsigned.example,cold,8858869,2,False,1788804203.6488628,
bind,unsigned,test.test-unsigned.example,cold,6474807,2,False,1788804203.6554842,
bind,unsigned,test.test-unsigned.example,cold,8569410,2,False,1788804203.6641822,
bind,unsigned,test.test-unsigned.example,cold,9391485,2,False,1788804203.673718,
bind,unsigned,test.test-unsigned.example,cold,7453644,2,False,1788804203.681416,
bind,unsigned,test.test-unsigned.example,cold,8562613,2,False,1788804203.69009,
bind,unsigned,test.test-unsigned.example,cold,6877185,2,False,1788804203.6971023,
bind,unsigned,test.test-unsigned.example,cold,6273220,2,False,1788804203.7034988,
bind,unsigned,test.test-unsigned.example,cold,7031282,2,False,1788804203.7108188,
bind,unsigned,test.test-unsigned.example,cold,7342111,2,False,1788804203.7185254,
bind,unsigned,test.test-unsigned.example,cold,7691294,2,False,1788804203.7263243,
bind,unsigned,test.test-unsigned.example,cold,7545725,2,False,1788804203.7341783,
bind,unsigned,test.test-unsigned.example,cold,7769219,2,False,1788804203.742066,
bind,unsigned,test.test-unsigned.example,cold,7529161,2,False,1788804203.7498755,
bind,unsigned,test.test-unsigned.example,cold,7193617,2,False,1788804203.7571788,
bind,unsigned,test.test-unsigned.example,cold,5575809,2,False,1788804203.7628882,
bind,unsigned,test.test-unsigned.example,cold,10032959,2,False,1788804203.77303,
bind,unsigned,test.test-unsigned.example,cold,9102248,2,False,1788804203.782241,
bind,unsigned,test.test-unsigned.example,cold,10130514,2,False,1788804203.79247,
bind,unsigned,test.test-unsigned.example,cold,6822958,2,False,1788804203.799393,
bind,unsigned,test.test-unsigned.example,cold,9585716,2,False,1788804203.809073,
bind,unsigned,test.test-unsigned.example,cold,8404459,2,False,1788804203.817593,
bind,unsigned,test.test-unsigned.example,cold,9348457,2,False,1788804203.8270543,
bind,unsigned,test.test-unsigned.example,cold,8707560,2,False,1788804203.8358858,
bind,unsigned,test.test-unsigned.example,cold,7342982,2,False,1788804203.8433518,
bind,unsigned,test.test-unsigned.example,cold,6983377,2,False,1788804203.8505042,
bind,unsigned,test.test-unsigned.example,cold,7108344,2,False,1788804203.8577182,
bind,unsigned,test.test-unsigned.example,cold,5806341,2,False,1788804203.8638685,
bind,unsigned,test.test-unsigned.example,cold,11551430,2,False,1788804203.8756928,
bind,unsigned,test.test-unsigned.example,cold,6523641,2,False,1788804203.8823671,
bind,unsigned,test.test-unsigned.example,cold,10305813,2,False,1788804203.8927803,
bind,unsigned,test.test-unsigned.example,cold,6483928,2,False,1788804203.89949,
bind,unsigned,test.test-unsigned.example,cold,7116270,2,False,1788804203.9067047,
bind,unsigned,test.test-unsigned.example,cold,7350196,2,False,1788804203.9141746,
bind,unsigned,test.test-unsigned.example,cold,7873110,2,False,1788804203.9221845,
bind,unsigned,test.test-unsigned.example,cold,7495199,2,False,1788804203.9298012,
bind,unsigned,test.test-unsigned.example,cold,7393173,2,False,1788804203.9373443,
bind,unsigned,test.test-unsigned.example,cold,6434858,2,False,1788804203.9439077,
bind,unsigned,test.test-unsigned.example,cold,6377203,2,False,1788804203.9503787,
bind,unsigned,test.test-unsigned.example,cold,6204082,2,False,1788804203.956779,
bind,unsigned,test.test-unsigned.example,cold,7431151,2,False,1788804203.9643407,
bind,unsigned,test.test-unsigned.example,cold,10405925,2,False,1788804203.9748452,
bind,unsigned,test.test-unsigned.example,cold,8810937,2,False,1788804203.9837584,
bind,unsigned,test.test-unsigned.example,cold,12625569,2,False,1788804203.9965708,
bind,unsigned,test.test-unsigned.example,cold,6135447,2,False,1788804204.0028403,
bind,unsigned,test.test-unsigned.example,cold,7035745,2,False,1788804204.009975,
bind,unsigned,test.test-unsigned.example,cold,7193232,2,False,1788804204.0172741,
bind,unsigned,test.test-unsigned.example,cold,8886515,2,False,1788804204.0262694,
bind,unsigned,test.test-unsigned.example,cold,9705755,2,False,1788804204.0361354,
bind,unsigned,test.test-unsigned.example,cold,10065557,2,False,1788804204.0463798,
bind,unsigned,test.test-unsigned.example,cold,8430004,2,False,1788804204.0549114,
bind,unsigned,test.test-unsigned.example,cold,6512825,2,False,1788804204.061535,
bind,unsigned,test.test-unsigned.example,cold,8645259,2,False,1788804204.0702755,
bind,unsigned,test.test-unsigned.example,cold,9245536,2,False,1788804204.0795996,
bind,unsigned,test.test-unsigned.example,cold,10028790,2,False,1788804204.0897317,
bind,unsigned,test.test-unsigned.example,cold,8553501,2,False,1788804204.098391,
bind,unsigned,test.test-unsigned.example,cold,9381392,2,False,1788804204.1078906,
bind,unsigned,test.test-unsigned.example,cold,8870278,2,False,1788804204.116875,
bind,unsigned,test.test-unsigned.example,cold,6940613,2,False,1788804204.1239762,
bind,unsigned,test.test-unsigned.example,cold,9470024,2,False,1788804204.1335473,
bind,unsigned,test.test-unsigned.example,cold,6897898,2,False,1788804204.140581,
bind,unsigned,test.test-unsigned.example,cold,22802980,2,False,1788804204.163645,
bind,unsigned,test.test-unsigned.example,cold,15749165,2,False,1788804204.1797,
bind,unsigned,test.test-unsigned.example,cold,55971327,2,False,1788804204.2358475,
bind,unsigned,test.test-unsigned.example,cold,22681513,2,False,1788804204.2590075,
bind,unsigned,test.test-unsigned.example,cold,10455428,2,False,1788804204.269726,
bind,unsigned,test.test-unsigned.example,cold,8868781,2,False,1788804204.278735,
bind,unsigned,test.test-unsigned.example,cold,9898797,2,False,1788804204.2887728,
bind,unsigned,test.test-unsigned.example,cold,13858865,2,False,1788804204.302975,
bind,unsigned,test.test-unsigned.example,cold,6815712,2,False,1788804204.3099127,
bind,unsigned,test.test-unsigned.example,cold,7473783,2,False,1788804204.3175023,
bind,unsigned,test.test-unsigned.example,cold,6766357,2,False,1788804204.3244495,
bind,unsigned,test.test-unsigned.example,cold,7211843,2,False,1788804204.3317852,
bind,unsigned,test.test-unsigned.example,cold,7613090,2,False,1788804204.3395078,
bind,unsigned,test.test-unsigned.example,cold,5831086,2,False,1788804204.3454947,
bind,unsigned,test.test-unsigned.example,cold,7026189,2,False,1788804204.3527727,
bind,unsigned,test.test-unsigned.example,cold,8472353,2,False,1788804204.3613482,
bind,unsigned,test.test-unsigned.example,cold,6756716,2,False,1788804204.368205,
bind,unsigned,test.test-unsigned.example,cold,8441596,2,False,1788804204.3767476,
bind,unsigned,test.test-unsigned.example,cold,7749011,2,False,1788804204.3846107,
bind,unsigned,test.test-unsigned.example,cold,8839831,2,False,1788804204.393704,
bind,unsigned,test.test-unsigned.example,cold,10043368,2,False,1788804204.4038968,
bind,unsigned,test.test-unsigned.example,cold,6485548,2,False,1788804204.4104812,
bind,unsigned,test.test-unsigned.example,cold,6629629,2,False,1788804204.4172282,
bind,unsigned,test.test-unsigned.example,cold,9162437,2,False,1788804204.426545,
bind,unsigned,test.test-unsigned.example,cold,7214966,2,False,1788804204.4338655,
bind,unsigned,test.test-unsigned.example,cold,8386562,2,False,1788804204.4423742,
bind,unsigned,test.test-unsigned.example,cold,7767833,2,False,1788804204.4502769,
bind,unsigned,test.test-unsigned.example,cold,7934838,2,False,1788804204.4587014,
bind,unsigned,test.test-unsigned.example,cold,7522104,2,False,1788804204.4664304,
bind,unsigned,test.test-unsigned.example,cold,7312495,2,False,1788804204.4739008,
bind,unsigned,test.test-unsigned.example,cold,7301936,2,False,1788804204.4815576,
bind,unsigned,test.test-unsigned.example,cold,8205752,2,False,1788804204.4898772,
bind,unsigned,test.test-unsigned.example,cold,7409845,2,False,1788804204.4973931,
bind,unsigned,test.test-unsigned.example,cold,8593695,2,False,1788804204.5062938,
bind,unsigned,test.test-unsigned.example,cold,6692860,2,False,1788804204.5131812,
bind,unsigned,test.test-unsigned.example,cold,5769572,2,False,1788804204.5190725,
bind,unsigned,test.test-unsigned.example,cold,7084942,2,False,1788804204.5262485,
bind,unsigned,test.test-unsigned.example,cold,5867169,2,False,1788804204.5322216,
bind,unsigned,test.test-unsigned.example,cold,8858878,2,False,1788804204.5411859,
bind,unsigned,test.test-unsigned.example,cold,6955900,2,False,1788804204.5482724,
bind,unsigned,test.test-unsigned.example,cold,5744113,2,False,1788804204.5541148,
bind,unsigned,test.test-unsigned.example,cold,6161612,2,False,1788804204.5603464,
bind,unsigned,test.test-unsigned.example,cold,6780449,2,False,1788804204.5672154,
bind,unsigned,test.test-unsigned.example,cold,6757027,2,False,1788804204.5743427,
bind,unsigned,test.test-unsigned.example,cold,17067567,2,False,1788804204.5915048,
bind,unsigned,test.test-unsigned.example,cold,5933239,2,False,1788804204.5975394,
bind,unsigned,test.test-unsigned.example,cold,7844634,2,False,1788804204.6054757,
bind,unsigned,test.test-unsigned.example,cold,7192728,2,False,1788804204.6128697,
bind,unsigned,test.test-unsigned.example,cold,7443897,2,False,1788804204.620435,
bind,unsigned,test.test-unsigned.example,cold,7103195,2,False,1788804204.6277447,
bind,unsigned,test.test-unsigned.example,cold,6728644,2,False,1788804204.6345797,
bind,unsigned,test.test-unsigned.example,cold,8007237,2,False,1788804204.6426778,
bind,unsigned,test.test-unsigned.example,cold,6520912,2,False,1788804204.649433,
bind,unsigned,test.test-unsigned.example,cold,7163576,2,False,1788804204.6566932,
bind,unsigned,test.test-unsigned.example,cold,7525488,2,False,1788804204.664579,
bind,unsigned,test.test-unsigned.example,cold,7683894,2,False,1788804204.6723962,
bind,unsigned,test.test-unsigned.example,cold,7713033,2,False,1788804204.6802328,
bind,unsigned,test.test-unsigned.example,cold,10877371,2,False,1788804204.6912196,
bind,unsigned,test.test-unsigned.example,cold,7448776,2,False,1788804204.6987636,
bind,unsigned,test.test-unsigned.example,cold,10258564,2,False,1788804204.7091243,
bind,unsigned,test.test-unsigned.example,cold,6834172,2,False,1788804204.716205,
bind,unsigned,test.test-unsigned.example,cold,13284846,2,False,1788804204.7296352,
bind,unsigned,test.test-unsigned.example,cold,8212722,2,False,1788804204.7380445,
bind,unsigned,test.test-unsigned.example,cold,7326198,2,False,1788804204.7454917,
bind,unsigned,test.test-unsigned.example,cold,9212813,2,False,1788804204.7548015,
bind,unsigned,test.test-unsigned.example,cold,6619997,2,False,1788804204.7615557,
bind,unsigned,test.test-unsigned.example,cold,10007033,2,False,1788804204.7716646,
bind,unsigned,test.test-unsigned.example,cold,9070853,2,False,1788804204.7808948,
bind,unsigned,test.test-unsigned.example,cold,7124995,2,False,1788804204.7881296,
bind,unsigned,test.test-unsigned.example,cold,5940040,2,False,1788804204.794177,
bind,unsigned,test.test-unsigned.example,cold,7649865,2,False,1788804204.801929,
bind,unsigned,test.test-unsigned.example,cold,8711317,2,False,1788804204.8107786,
bind,unsigned,test.test-unsigned.example,cold,8634364,2,False,1788804204.8195088,
bind,unsigned,test.test-unsigned.example,cold,5278679,2,False,1788804204.8248942,
bind,unsigned,test.test-unsigned.example,cold,6854112,2,False,1788804204.8318381,
bind,unsigned,test.test-unsigned.example,cold,7453489,2,False,1788804204.8393862,
bind,unsigned,test.test-unsigned.example,cold,7621103,2,False,1788804204.847107,
bind,unsigned,test.test-unsigned.example,cold,11100855,2,False,1788804204.8583262,
bind,unsigned,test.test-unsigned.example,cold,6681425,2,False,1788804204.865116,
bind,unsigned,test.test-unsigned.example,cold,6408053,2,False,1788804204.8716419,
bind,unsigned,test.test-unsigned.example,cold,6567144,2,False,1788804204.8783493,
bind,unsigned,test.test-unsigned.example,cold,15390617,2,False,1788804204.8938606,
bind,unsigned,test.test-unsigned.example,cold,8612234,2,False,1788804204.9026988,
bind,unsigned,test.test-unsigned.example,cold,10529684,2,False,1788804204.9136097,
bind,unsigned,test.test-unsigned.example,cold,9533565,2,False,1788804204.9232883,
bind,unsigned,test.test-unsigned.example,cold,6521892,2,False,1788804204.9299204,
bind,unsigned,test.test-unsigned.example,cold,15809062,2,False,1788804204.945986,
bind,unsigned,test.test-unsigned.example,cold,7362457,2,False,1788804204.9534407,
bind,unsigned,test.test-unsigned.example,cold,6993464,2,False,1788804204.960524,
bind,unsigned,test.test-unsigned.example,cold,6454150,2,False,1788804204.9670765,
bind,unsigned,test.test-unsigned.example,cold,7195708,2,False,1788804204.9743679,
bind,unsigned,test.test-unsigned.example,cold,5909244,2,False,1788804204.9803898,
bind,unsigned,test.test-unsigned.example,cold,6981846,2,False,1788804204.9875402,
bind,unsigned,test.test-unsigned.example,cold,11491439,2,False,1788804204.9991767,
bind,unsigned,test.test-unsigned.example,cold,7292885,2,False,1788804205.0067096,
bind,unsigned,test.test-unsigned.example,cold,10303264,2,False,1788804205.0172262,
bind,unsigned,test.test-unsigned.example,cold,13365260,2,False,1788804205.0307753,
bind,unsigned,test.test-unsigned.example,cold,6423074,2,False,1788804205.0373235,
bind,unsigned,test.test-unsigned.example,cold,6805641,2,False,1788804205.0442362,
bind,unsigned,test.test-unsigned.example,cold,6886361,2,False,1788804205.051231,
bind,unsigned,test.test-unsigned.example,cold,7329666,2,False,1788804205.0586426,
bind,unsigned,test.test-unsigned.example,cold,6445388,2,False,1788804205.0651922,
bind,unsigned,test.test-unsigned.example,cold,14685798,2,False,1788804205.079993,
bind,unsigned,test.test-unsigned.example,cold,8681869,2,False,1788804205.0888302,
bind,unsigned,test.test-unsigned.example,cold,11359679,2,False,1788804205.1003091,
bind,unsigned,test.test-unsigned.example,cold,8653259,2,False,1788804205.1091318,
bind,unsigned,test.test-unsigned.example,cold,10039347,2,False,1788804205.1192992,
bind,unsigned,test.test-unsigned.example,cold,6429164,2,False,1788804205.1259785,
bind,unsigned,test.test-unsigned.example,cold,6382284,2,False,1788804205.1324654,
bind,unsigned,test.test-unsigned.example,cold,7180324,2,False,1788804205.1397517,
bind,unsigned,test.test-unsigned.example,cold,7543871,2,False,1788804205.1474226,
bind,unsigned,test.test-unsigned.example,cold,13436165,2,False,1788804205.1609592,
bind,unsigned,test.test-unsigned.example,cold,10533011,2,False,1788804205.171621,
bind,unsigned,test.test-unsigned.example,cold,9263207,2,False,1788804205.1810167,
bind,unsigned,test.test-unsigned.example,cold,17619240,2,False,1788804205.1988275,
bind,unsigned,test.test-unsigned.example,cold,7368052,2,False,1788804205.2064016,
bind,unsigned,test.test-unsigned.example,cold,8624317,2,False,1788804205.2151885,
bind,unsigned,test.test-unsigned.example,cold,10944422,2,False,1788804205.2262104,
bind,unsigned,test.test-unsigned.example,cold,12968870,2,False,1788804205.2392793,
bind,unsigned,test.test-unsigned.example,cold,8244870,2,False,1788804205.2476318,
bind,unsigned,test.test-unsigned.example,cold,18269365,2,False,1788804205.2664611,
bind,unsigned,test.test-unsigned.example,cold,11113428,2,False,1788804205.2777293,
bind,unsigned,test.test-unsigned.example,cold,13997126,2,False,1788804205.2918909,
bind,unsigned,test.test-unsigned.example,cold,13675349,2,False,1788804205.305714,
bind,unsigned,test.test-unsigned.example,cold,8567435,2,False,1788804205.3143835,
bind,unsigned,test.test-unsigned.example,cold,9006759,2,False,1788804205.3235345,
bind,unsigned,test.test-unsigned.example,cold,12226754,2,False,1788804205.3358862,
bind,unsigned,test.test-unsigned.example,cold,12190929,2,False,1788804205.3484235,
bind,unsigned,test.test-unsigned.example,cold,11698275,2,False,1788804205.3602986,
bind,unsigned,test.test-unsigned.example,cold,17926943,2,False,1788804205.3783247,
bind,unsigned,test.test-unsigned.example,cold,8781680,2,False,1788804205.3872063,
bind,unsigned,test.test-unsigned.example,cold,7779667,2,False,1788804205.395121,
bind,unsigned,test.test-unsigned.example,cold,11153087,2,False,1788804205.4063888,
bind,unsigned,test.test-unsigned.example,cold,16934841,2,False,1788804205.424073,
bind,unsigned,test.test-unsigned.example,cold,7913980,2,False,1788804205.432519,
bind,unsigned,test.test-unsigned.example,cold,8683860,2,False,1788804205.4413562,
bind,unsigned,test.test-unsigned.example,cold,8909852,2,False,1788804205.4503813,
bind,unsigned,test.test-unsigned.example,cold,8184006,2,False,1788804205.458659,
bind,unsigned,test.test-unsigned.example,cold,6266460,2,False,1788804205.4650378,
bind,unsigned,test.test-unsigned.example,cold,6942075,2,False,1788804205.472236,
bind,unsigned,test.test-unsigned.example,cold,6852765,2,False,1788804205.4792361,
bind,unsigned,test.test-unsigned.example,cold,6530442,2,False,1788804205.4858785,
bind,unsigned,test.test-unsigned.example,cold,8799403,2,False,1788804205.4947855,
bind,unsigned,test.test-unsigned.example,cold,18717821,2,False,1788804205.5136306,
bind,unsigned,test.test-unsigned.example,cold,14819398,2,False,1788804205.5285618,
bind,unsigned,test.test-unsigned.example,cold,7165481,2,False,1788804205.5358245,
bind,unsigned,test.test-unsigned.example,cold,6989747,2,False,1788804205.5429215,
bind,unsigned,test.test-unsigned.example,cold,6888584,2,False,1788804205.54991,
bind,unsigned,test.test-unsigned.example,cold,6923508,2,False,1788804205.5569444,
bind,unsigned,test.test-unsigned.example,cold,9743371,2,False,1788804205.5668638,
bind,unsigned,test.test-unsigned.example,cold,6378580,2,False,1788804205.5733678,
bind,unsigned,test.test-unsigned.example,cold,7152744,2,False,1788804205.580619,
bind,unsigned,test.test-unsigned.example,cold,6928995,2,False,1788804205.5876644,
bind,unsigned,test.test-unsigned.example,cold,5567644,2,False,1788804205.5933685,
bind,unsigned,test.test-unsigned.example,cold,15565651,2,False,1788804205.6089964,
bind,unsigned,test.test-unsigned.example,cold,6531532,2,False,1788804205.615636,
bind,unsigned,test.test-unsigned.example,cold,8813162,2,False,1788804205.624556,
bind,unsigned,test.test-unsigned.example,cold,6511978,2,False,1788804205.6311722,
bind,unsigned,test.test-unsigned.example,cold,8353333,2,False,1788804205.6396265,
bind,unsigned,test.test-unsigned.example,cold,6990720,2,False,1788804205.646734,
bind,unsigned,test.test-unsigned.example,cold,8743558,2,False,1788804205.6555839,
bind,unsigned,test.test-unsigned.example,cold,8290889,2,False,1788804205.6640434,
bind,unsigned,test.test-unsigned.example,cold,8167906,2,False,1788804205.6724691,
bind,unsigned,test.test-unsigned.example,cold,6994098,2,False,1788804205.679559,
bind,unsigned,test.test-unsigned.example,cold,8790091,2,False,1788804205.6884727,
bind,unsigned,test.test-unsigned.example,cold,14403427,2,False,1788804205.7030113,
bind,unsigned,test.test-unsigned.example,cold,11574959,2,False,1788804205.7146766,
bind,unsigned,test.test-unsigned.example,cold,6357906,2,False,1788804205.7211728,
bind,unsigned,test.test-unsigned.example,cold,10568447,2,False,1788804205.731867,
bind,unsigned,test.test-unsigned.example,cold,8996777,2,False,1788804205.7412002,
bind,unsigned,test.test-unsigned.example,cold,9743010,2,False,1788804205.7510633,
bind,unsigned,test.test-unsigned.example,cold,7398141,2,False,1788804205.7585647,
bind,unsigned,test.test-unsigned.example,cold,7269498,2,False,1788804205.7659328,
bind,unsigned,test.test-unsigned.example,cold,6870395,2,False,1788804205.7730563,
bind,unsigned,test.test-unsigned.example,cold,6384956,2,False,1788804205.7796092,
bind,unsigned,test.test-unsigned.example,cold,13116708,2,False,1788804205.792885,
bind,unsigned,test.test-unsigned.example,cold,10632486,2,False,1788804205.8036408,
bind,unsigned,test.test-unsigned.example,cold,11050526,2,False,1788804205.8147924,
bind,unsigned,test.test-unsigned.example,cold,6658614,2,False,1788804205.8215683,
bind,unsigned,test.test-unsigned.example,cold,10842770,2,False,1788804205.8325133,
bind,unsigned,test.test-unsigned.example,cold,6154242,2,False,1788804205.8387673,
bind,unsigned,test.test-unsigned.example,cold,8220665,2,False,1788804205.8470852,
bind,unsigned,test.test-unsigned.example,cold,6116780,2,False,1788804205.853348,
bind,unsigned,test.test-unsigned.example,cold,7915045,2,False,1788804205.8614047,
bind,unsigned,test.test-unsigned.example,cold,5925683,2,False,1788804205.8675213,
bind,unsigned,test.test-unsigned.example,cold,6652154,2,False,1788804205.8742766,
bind,unsigned,test.test-unsigned.example,cold,5875554,2,False,1788804205.8802493,
bind,unsigned,test.test-unsigned.example,cold,6645542,2,False,1788804205.886992,
bind,unsigned,test.test-unsigned.example,cold,9853265,2,False,1788804205.8969474,
bind,unsigned,test.test-unsigned.example,cold,8009438,2,False,1788804205.9052598,
bind,unsigned,test.test-unsigned.example,cold,9996010,2,False,1788804205.9153886,
bind,unsigned,test.test-unsigned.example,cold,6042020,2,False,1788804205.921531,
bind,unsigned,test.test-unsigned.example,cold,7815298,2,False,1788804205.929491,
bind,unsigned,test.test-unsigned.example,cold,9401553,2,False,1788804205.9390044,
bind,unsigned,test.test-unsigned.example,cold,7909003,2,False,1788804205.9470131,
bind,unsigned,test.test-unsigned.example,cold,10898110,2,False,1788804205.9580264,
bind,unsigned,test.test-unsigned.example,cold,11782341,2,False,1788804205.9699242,
bind,unsigned,test.test-unsigned.example,cold,10007399,2,False,1788804205.9800303,
bind,unsigned,test.test-unsigned.example,cold,9264774,2,False,1788804205.9894278,
bind,unsigned,test.test-unsigned.example,cold,7000967,2,False,1788804205.9965217,
bind,unsigned,test.test-unsigned.example,cold,8561693,2,False,1788804206.0052662,
bind,unsigned,test.test-unsigned.example,cold,13860438,2,False,1788804206.0193367,
bind,unsigned,test.test-unsigned.example,cold,8000746,2,False,1788804206.0274534,
bind,unsigned,test.test-unsigned.example,cold,13523562,2,False,1788804206.0413613,
bind,unsigned,test.test-unsigned.example,cold,13702104,2,False,1788804206.0555613,
bind,unsigned,test.test-unsigned.example,cold,19980041,2,False,1788804206.0767465,
bind,unsigned,test.test-unsigned.example,cold,25980128,2,False,1788804206.1028588,
bind,unsigned,test.test-unsigned.example,cold,9815609,2,False,1788804206.113125,
bind,unsigned,test.test-unsigned.example,cold,11612769,2,False,1788804206.124839,
bind,unsigned,test.test-unsigned.example,cold,6421353,2,False,1788804206.1322124,
bind,unsigned,test.test-unsigned.example,cold,9869026,2,False,1788804206.1421998,
bind,unsigned,test.test-unsigned.example,cold,16556377,2,False,1788804206.1589057,
bind,unsigned,test.test-unsigned.example,cold,7325739,2,False,1788804206.1663477,
bind,unsigned,test.test-unsigned.example,cold,12661565,2,False,1788804206.1791265,
bind,unsigned,test.test-unsigned.example,cold,8172584,2,False,1788804206.1876898,
bind,unsigned,test.test-unsigned.example,cold,12045196,2,False,1788804206.1998403,
bind,unsigned,test.test-unsigned.example,cold,35285194,2,False,1788804206.2353337,
bind,unsigned,test.test-unsigned.example,cold,32513937,2,False,1788804206.2679977,
bind,unsigned,test.test-unsigned.example,cold,11148725,2,False,1788804206.2792568,
bind,unsigned,test.test-unsigned.example,cold,21791214,2,False,1788804206.3011687,
bind,unsigned,test.test-unsigned.example,cold,15965977,2,False,1788804206.3172739,
bind,unsigned,test.test-unsigned.example,cold,23264590,2,False,1788804206.3406558,
bind,unsigned,test.test-unsigned.example,cold,15697440,2,False,1788804206.356574,
bind,unsigned,test.test-unsigned.example,cold,24031938,2,False,1788804206.3807232,
bind,unsigned,test.test-unsigned.example,cold,19746045,2,False,1788804206.400645,
bind,unsigned,test.test-unsigned.example,cold,7688748,2,False,1788804206.4084408,
bind,unsigned,test.test-unsigned.example,cold,8452395,2,False,1788804206.4170265,
bind,unsigned,test.test-unsigned.example,cold,19505997,2,False,1788804206.4366376,
bind,unsigned,test.test-unsigned.example,cold,11804271,2,False,1788804206.448634,
bind,unsigned,test.test-unsigned.example,cold,11646133,2,False,1788804206.4606051,
bind,unsigned,test.test-unsigned.example,cold,13275016,2,False,1788804206.4739914,
bind,unsigned,test.test-unsigned.example,cold,7285515,2,False,1788804206.4815037,
bind,unsigned,test.test-unsigned.example,cold,7302543,2,False,1788804206.4889424,
bind,unsigned,test.test-unsigned.example,cold,9384701,2,False,1788804206.4987473,
bind,unsigned,test.test-unsigned.example,cold,8931352,2,False,1788804206.5078897,
bind,unsigned,test.test-unsigned.example,cold,8166676,2,False,1788804206.516336,
bind,unsigned,test.test-unsigned.example,cold,7499300,2,False,1788804206.5242598,
bind,unsigned,test.test-unsigned.example,cold,9446048,2,False,1788804206.5339465,
bind,unsigned,test.test-unsigned.example,cold,7140424,2,False,1788804206.5412185,
bind,unsigned,test.test-unsigned.example,cold,9306151,2,False,1788804206.5506425,
bind,unsigned,test.test-unsigned.example,cold,9877073,2,False,1788804206.5606275,
bind,unsigned,test.test-unsigned.example,cold,6999596,2,False,1788804206.5677035,
bind,unsigned,test.test-unsigned.example,cold,7582252,2,False,1788804206.575386,
bind,unsigned,test.test-unsigned.example,cold,6607230,2,False,1788804206.582085,
bind,unsigned,test.test-unsigned.example,cold,10522772,2,False,1788804206.592691,
bind,unsigned,test.test-unsigned.example,cold,7307581,2,False,1788804206.603165,
bind,unsigned,test.test-unsigned.example,cold,8119138,2,False,1788804206.611416,
bind,unsigned,test.test-unsigned.example,cold,6366453,2,False,1788804206.6179333,
bind,unsigned,test.test-unsigned.example,cold,8988896,2,False,1788804206.6271389,
bind,unsigned,test.test-unsigned.example,cold,9767758,2,False,1788804206.6370084,
bind,unsigned,test.test-unsigned.example,cold,6402092,2,False,1788804206.643511,
bind,unsigned,test.test-unsigned.example,cold,5817362,2,False,1788804206.6494694,
bind,unsigned,test.test-unsigned.example,cold,9953628,2,False,1788804206.659514,
bind,unsigned,test.test-unsigned.example,cold,11370655,2,False,1788804206.6711824,
bind,unsigned,test.test-unsigned.example,cold,10865372,2,False,1788804206.6822855,
bind,unsigned,test.test-unsigned.example,cold,9839084,2,False,1788804206.6922867,
bind,unsigned,test.test-unsigned.example,cold,14002876,2,False,1788804206.706487,
bind,unsigned,test.test-unsigned.example,cold,19265581,2,False,1788804206.7258894,
bind,unsigned,test.test-unsigned.example,cold,7639874,2,False,1788804206.735972,
bind,unsigned,test.test-unsigned.example,cold,12829579,2,False,1788804206.7489178,
bind,unsigned,test.test-unsigned.example,cold,8522909,2,False,1788804206.7575493,
bind,unsigned,test.test-unsigned.example,cold,10045769,2,False,1788804206.7679508,
bind,unsigned,test.test-unsigned.example,cold,6975283,2,False,1788804206.7750523,
bind,unsigned,test.test-unsigned.example,cold,6565495,2,False,1788804206.781741,
bind,unsigned,test.test-unsigned.example,cold,7208452,2,False,1788804206.7890522,
bind,unsigned,test.test-unsigned.example,cold,7287818,2,False,1788804206.7964528,
bind,unsigned,test.test-unsigned.example,cold,8247510,2,False,1788804206.8049223,
bind,unsigned,test.test-unsigned.example,cold,7385743,2,False,1788804206.8124356,
bind,unsigned,test.test-unsigned.example,cold,5154367,2,False,1788804206.8177476,
bind,unsigned,test.test-unsigned.example,cold,8085764,2,False,1788804206.8259604,
bind,unsigned,test.test-unsigned.example,cold,6198462,2,False,1788804206.8322892,
bind,unsigned,test.test-unsigned.example,cold,6986667,2,False,1788804206.8393886,
bind,unsigned,test.test-unsigned.example,cold,7010697,2,False,1788804206.8465035,
bind,unsigned,test.test-unsigned.example,cold,6499655,2,False,1788804206.8530946,
bind,unsigned,test.test-unsigned.example,cold,8609637,2,False,1788804206.861815,
bind,unsigned,test.test-unsigned.example,cold,7550890,2,False,1788804206.869482,
bind,unsigned,test.test-unsigned.example,cold,6832518,2,False,1788804206.876626,
bind,unsigned,test.test-unsigned.example,cold,7303907,2,False,1788804206.884161,
bind,unsigned,test.test-unsigned.example,cold,6299524,2,False,1788804206.890581,
bind,unsigned,test.test-unsigned.example,cold,12510841,2,False,1788804206.9038365,
bind,unsigned,test.test-unsigned.example,cold,7333490,2,False,1788804206.9113307,
bind,unsigned,test.test-unsigned.example,cold,7216040,2,False,1788804206.9186795,
bind,unsigned,test.test-unsigned.example,cold,6981989,2,False,1788804206.925789,
bind,unsigned,test.test-unsigned.example,cold,6430158,2,False,1788804206.9323208,
bind,unsigned,test.test-unsigned.example,cold,9126140,2,False,1788804206.9415436,
bind,unsigned,test.test-unsigned.example,cold,8408693,2,False,1788804206.9500515,
bind,unsigned,test.test-unsigned.example,cold,9372344,2,False,1788804206.959528,
bind,unsigned,test.test-unsigned.example,cold,10386845,2,False,1788804206.970009,
bind,unsigned,test.test-unsigned.example,cold,6351325,2,False,1788804206.9764812,
bind,unsigned,test.test-unsigned.example,cold,6883548,2,False,1788804206.9835029,
bind,unsigned,test.test-unsigned.example,cold,6618652,2,False,1788804206.9902694,
bind,unsigned,test.test-unsigned.example,cold,6507956,2,False,1788804206.9968796,
bind,unsigned,test.test-unsigned.example,cold,7430626,2,False,1788804207.004403,
bind,unsigned,test.test-unsigned.example,cold,8166509,2,False,1788804207.0126712,
bind,unsigned,test.test-unsigned.example,cold,6563578,2,False,1788804207.0193584,
bind,unsigned,test.test-unsigned.example,cold,7556575,2,False,1788804207.0270605,
bind,unsigned,test.test-unsigned.example,cold,9800164,2,False,1788804207.037082,
bind,unsigned,test.test-unsigned.example,cold,8396093,2,False,1788804207.045674,
bind,unsigned,test.test-unsigned.example,cold,7824308,2,False,1788804207.0536044,
bind,unsigned,test.test-unsigned.example,cold,23421943,2,False,1788804207.0771258,
bind,unsigned,test.test-unsigned.example,cold,7160433,2,False,1788804207.0845523,
bind,unsigned,test.test-unsigned.example,cold,7702001,2,False,1788804207.0923612,
bind,unsigned,test.test-unsigned.example,cold,8133918,2,False,1788804207.1005814,
bind,unsigned,test.test-unsigned.example,cold,10805902,2,False,1788804207.11149,
bind,unsigned,test.test-unsigned.example,cold,8113430,2,False,1788804207.1197073,
bind,unsigned,test.test-unsigned.example,cold,23526424,2,False,1788804207.1433322,
bind,unsigned,test.test-unsigned.example,cold,28521588,2,False,1788804207.1719446,
bind,unsigned,test.test-unsigned.example,cold,35262356,2,False,1788804207.2073023,
bind,unsigned,test.test-unsigned.example,cold,35913712,2,False,1788804207.2433412,
bind,unsigned,test.test-unsigned.example,cold,23250453,2,False,1788804207.2667232,
bind,unsigned,test.test-unsigned.example,cold,23734832,2,False,1788804207.290711,
bind,unsigned,test.test-unsigned.example,cold,18494516,2,False,1788804207.3093703,
bind,unsigned,test.test-unsigned.example,cold,21843724,2,False,1788804207.3313456,
bind,unsigned,test.test-unsigned.example,cold,35051167,2,False,1788804207.366518,
bind,unsigned,test.test-unsigned.example,cold,32975360,2,False,1788804207.3996031,
bind,unsigned,test.test-unsigned.example,cold,30380013,2,False,1788804207.4300864,
bind,unsigned,test.test-unsigned.example,cold,20022024,2,False,1788804207.4502063,
bind,unsigned,test.test-unsigned.example,cold,70640747,2,False,1788804207.5211077,
bind,unsigned,test.test-unsigned.example,cold,47701538,2,False,1788804207.5689447,
bind,unsigned,test.test-unsigned.example,cold,44248218,2,False,1788804207.613478,
bind,unsigned,test.test-unsigned.example,cold,50480682,2,False,1788804207.6641588,
bind,unsigned,test.test-unsigned.example,cold,11428722,2,False,1788804207.675695,
bind,unsigned,test.test-unsigned.example,cold,7041238,2,False,1788804207.6828346,
bind,unsigned,test.test-unsigned.example,cold,12783141,2,False,1788804207.695717,
bind,unsigned,test.test-unsigned.example,cold,9950246,2,False,1788804207.7059872,
bind,unsigned,test.test-unsigned.example,cold,7874591,2,False,1788804207.714013,
bind,unsigned,test.test-unsigned.example,cold,13320513,2,False,1788804207.7274678,
bind,unsigned,test.test-unsigned.example,cold,30325364,2,False,1788804207.7578835,
bind,unsigned,test.test-unsigned.example,cold,29083487,2,False,1788804207.78745,
bind,unsigned,test.test-unsigned.example,cold,39793750,2,False,1788804207.827532,
bind,unsigned,test.test-unsigned.example,cold,9567358,2,False,1788804207.8372211,
bind,unsigned,test.test-unsigned.example,cold,7954140,2,False,1788804207.8452888,
bind,unsigned,test.test-unsigned.example,cold,8932724,2,False,1788804207.8544688,
bind,unsigned,test.test-unsigned.example,cold,13364815,2,False,1788804207.8680813,
bind,unsigned,test.test-unsigned.example,cold,13927921,2,False,1788804207.8822138,
bind,unsigned,test.test-unsigned.example,cold,17909941,2,False,1788804207.9003098,
bind,unsigned,test.test-unsigned.example,cold,18085390,2,False,1788804207.918627,
bind,unsigned,test.test-unsigned.example,cold,16218630,2,False,1788804207.9349754,
bind,unsigned,test.test-unsigned.example,cold,17254316,2,False,1788804207.9546192,
bind,unsigned,test.test-unsigned.example,cold,12423016,2,False,1788804207.9671936,
bind,unsigned,test.test-unsigned.example,cold,10250358,2,False,1788804207.9775677,
bind,unsigned,test.test-unsigned.example,cold,9038400,2,False,1788804207.9867172,
bind,unsigned,test.test-unsigned.example,cold,10576989,2,False,1788804207.997406,
bind,unsigned,test.test-unsigned.example,cold,7266231,2,False,1788804208.0047777,
bind,unsigned,test.test-unsigned.example,cold,7552819,2,False,1788804208.0124373,
bind,unsigned,test.test-unsigned.example,cold,7955554,2,False,1788804208.0204902,
bind,unsigned,test.test-unsigned.example,cold,7940524,2,False,1788804208.0285122,
bind,unsigned,test.test-unsigned.example,cold,13205747,2,False,1788804208.0418227,
bind,unsigned,test.test-unsigned.example,cold,6916896,2,False,1788804208.0488539,
bind,unsigned,test.test-unsigned.example,cold,6666506,2,False,1788804208.0556307,
bind,unsigned,test.test-unsigned.example,cold,7706027,2,False,1788804208.0635195,
bind,unsigned,test.test-unsigned.example,cold,6997341,2,False,1788804208.0706365,
bind,unsigned,test.test-unsigned.example,cold,7947712,2,False,1788804208.0786984,
bind,unsigned,test.test-unsigned.example,cold,8636949,2,False,1788804208.0874515,
bind,unsigned,test.test-unsigned.example,cold,10630302,2,False,1788804208.0982795,
bind,unsigned,test.test-unsigned.example,cold,8021892,2,False,1788804208.1064343,
bind,unsigned,test.test-unsigned.example,cold,7111514,2,False,1788804208.1136777,
bind,unsigned,test.test-unsigned.example,cold,7183639,2,False,1788804208.120978,
bind,unsigned,test.test-unsigned.example,cold,7811172,2,False,1788804208.128893,
bind,unsigned,test.test-unsigned.example,cold,6211346,2,False,1788804208.135189,
bind,unsigned,test.test-unsigned.example,cold,7184832,2,False,1788804208.1424768,
bind,unsigned,test.test-unsigned.example,cold,12201327,2,False,1788804208.1550732,
bind,unsigned,test.test-unsigned.example,cold,6458988,2,False,1788804208.1616497,
bind,unsigned,test.test-unsigned.example,cold,6553216,2,False,1788804208.1682951,
bind,unsigned,test.test-unsigned.example,cold,7465319,2,False,1788804208.175863,
bind,unsigned,test.test-unsigned.example,cold,7346354,2,False,1788804208.1833482,
bind,unsigned,test.test-unsigned.example,cold,9765751,2,False,1788804208.1932287,
bind,unsigned,test.test-unsigned.example,cold,5920087,2,False,1788804208.1992512,
bind,unsigned,test.test-unsigned.example,cold,17765322,2,False,1788804208.2171495,
bind,unsigned,test.test-unsigned.example,cold,10630977,2,False,1788804208.2279024,
bind,unsigned,test.test-unsigned.example,cold,8269809,2,False,1788804208.2362952,
bind,unsigned,test.test-unsigned.example,cold,6916103,2,False,1788804208.2433455,
bind,unsigned,test.test-unsigned.example,cold,7513251,2,False,1788804208.2509797,
bind,unsigned,test.test-unsigned.example,cold,13627133,2,False,1788804208.2647667,
bind,unsigned,test.test-unsigned.example,cold,7520092,2,False,1788804208.2723863,
bind,unsigned,test.test-unsigned.example,cold,7535264,2,False,1788804208.2800155,
bind,unsigned,test.test-unsigned.example,cold,9519110,2,False,1788804208.2896357,
bind,unsigned,test.test-unsigned.example,cold,7414977,2,False,1788804208.2971535,
bind,unsigned,test.test-unsigned.example,cold,9369248,2,False,1788804208.306619,
bind,unsigned,test.test-unsigned.example,cold,6223285,2,False,1788804208.3130383,
bind,unsigned,test.test-unsigned.example,cold,7260998,2,False,1788804208.3205185,
bind,unsigned,test.test-unsigned.example,cold,6190766,2,False,1788804208.326806,
bind,unsigned,test.test-unsigned.example,cold,6839073,2,False,1788804208.3337753,
bind,unsigned,test.test-unsigned.example,cold,7576002,2,False,1788804208.341453,
bind,unsigned,test.test-unsigned.example,cold,11199242,2,False,1788804208.3527803,
bind,unsigned,test.test-unsigned.example,cold,11494935,2,False,1788804208.3644254,
bind,unsigned,test.test-unsigned.example,cold,7465735,2,False,1788804208.3719828,
bind,unsigned,test.test-unsigned.example,cold,7992364,2,False,1788804208.3800855,
bind,unsigned,test.test-unsigned.example,cold,7159395,2,False,1788804208.3873825,
bind,unsigned,test.test-unsigned.example,cold,7523907,2,False,1788804208.3950174,
bind,unsigned,test.test-unsigned.example,cold,8308448,2,False,1788804208.4034224,
bind,unsigned,test.test-unsigned.example,cold,11577988,2,False,1788804208.4151444,
bind,unsigned,test.test-unsigned.example,cold,7137622,2,False,1788804208.4223833,
bind,unsigned,test.test-unsigned.example,cold,6666385,2,False,1788804208.4291804,
bind,unsigned,test.test-unsigned.example,cold,7459317,2,False,1788804208.4367714,
bind,unsigned,test.test-unsigned.example,cold,7717875,2,False,1788804208.4445996,
bind,unsigned,test.test-unsigned.example,cold,8826229,2,False,1788804208.453531,
bind,unsigned,test.test-unsigned.example,cold,6757995,2,False,1788804208.460404,
bind,unsigned,test.test-unsigned.example,cold,9986276,2,False,1788804208.4704862,
bind,unsigned,test.test-unsigned.example,cold,10174994,2,False,1788804208.4807768,
bind,unsigned,test.test-unsigned.example,cold,15770615,2,False,1788804208.4966822,
bind,unsigned,test.test-unsigned.example,cold,17206640,2,False,1788804208.5141375,
bind,unsigned,test.test-unsigned.example,cold,7841594,2,False,1788804208.5221403,
bind,unsigned,test.test-unsigned.example,cold,11373153,2,False,1788804208.5336316,
bind,unsigned,test.test-unsigned.example,cold,10471239,2,False,1788804208.5441923,
bind,unsigned,test.test-unsigned.example,cold,13786975,2,False,1788804208.5580783,
bind,unsigned,test.test-unsigned.example,cold,9213032,2,False,1788804208.5673914,
bind,unsigned,test.test-unsigned.example,cold,9430930,2,False,1788804208.5769536,
bind,unsigned,test.test-unsigned.example,cold,10275877,2,False,1788804208.587379,
bind,unsigned,test.test-unsigned.example,cold,14568385,2,False,1788804208.6021652,
bind,unsigned,test.test-unsigned.example,cold,8832791,2,False,1788804208.6111307,
bind,unsigned,test.test-unsigned.example,cold,9847072,2,False,1788804208.6210973,
bind,unsigned,test.test-unsigned.example,cold,15544543,2,False,1788804208.6368477,
bind,unsigned,test.test-unsigned.example,cold,7719995,2,False,1788804208.6446671,
bind,unsigned,test.test-unsigned.example,cold,12946502,2,False,1788804208.6577125,
bind,unsigned,test.test-unsigned.example,cold,10452683,2,False,1788804208.668273,
bind,unsigned,test.test-unsigned.example,cold,11658081,2,False,1788804208.6800373,
bind,unsigned,test.test-unsigned.example,cold,9609910,2,False,1788804208.6898026,
bind,unsigned,test.test-unsigned.example,cold,7280480,2,False,1788804208.6972353,
bind,unsigned,test.test-unsigned.example,cold,12063023,2,False,1788804208.7095058,
bind,unsigned,test.test-unsigned.example,cold,15436789,2,False,1788804208.7250686,
bind,unsigned,test.test-unsigned.example,cold,7313676,2,False,1788804208.7325556,
bind,unsigned,test.test-unsigned.example,cold,9310601,2,False,1788804208.7420928,
bind,unsigned,test.test-unsigned.example,cold,8193754,2,False,1788804208.7504597,
bind,unsigned,test.test-unsigned.example,cold,9556882,2,False,1788804208.7602274,
bind,unsigned,test.test-unsigned.example,cold,11441829,2,False,1788804208.771818,
bind,unsigned,test.test-unsigned.example,cold,7909816,2,False,1788804208.7798321,
bind,unsigned,test.test-unsigned.example,cold,7246039,2,False,1788804208.7871833,
bind,unsigned,test.test-unsigned.example,cold,9881924,2,False,1788804208.7971625,
bind,unsigned,test.test-unsigned.example,cold,14310969,2,False,1788804208.8115878,
bind,unsigned,test.test-unsigned.example,cold,17423310,2,False,1788804208.8291304,
bind,unsigned,test.test-unsigned.example,cold,17776302,2,False,1788804208.847021,
bind,unsigned,test.test-unsigned.example,cold,9676245,2,False,1788804208.8568017,
bind,unsigned,test.test-unsigned.example,cold,6799571,2,False,1788804208.863709,
bind,unsigned,test.test-unsigned.example,cold,7146468,2,False,1788804208.8709645,
bind,unsigned,test.test-unsigned.example,cold,7446839,2,False,1788804208.8785486,
bind,unsigned,test.test-unsigned.example,cold,6722003,2,False,1788804208.8853972,
bind,unsigned,test.test-unsigned.example,cold,7520997,2,False,1788804208.893024,
bind,unsigned,test.test-unsigned.example,cold,5743882,2,False,1788804208.8988738,
bind,unsigned,test.test-unsigned.example,cold,9787727,2,False,1788804208.908758,
bind,unsigned,test.test-unsigned.example,cold,11561122,2,False,1788804208.9205701,
bind,unsigned,test.test-unsigned.example,cold,12816485,2,False,1788804208.9335055,
bind,unsigned,test.test-unsigned.example,cold,9228543,2,False,1788804208.942842,
bind,unsigned,test.test-unsigned.example,cold,7182499,2,False,1788804208.9501753,
bind,unsigned,test.test-unsigned.example,cold,7665718,2,False,1788804208.957941,
bind,unsigned,test.test-unsigned.example,cold,8269136,2,False,1788804208.9663098,
bind,unsigned,test.test-unsigned.example,cold,6566331,2,False,1788804208.9729927,
bind,unsigned,test.test-unsigned.example,cold,6704643,2,False,1788804208.980019,
bind,unsigned,test.test-unsigned.example,cold,8719636,2,False,1788804208.9888456,
bind,unsigned,test.test-unsigned.example,cold,6513571,2,False,1788804208.9954746,
bind,unsigned,test.test-unsigned.example,cold,7822220,2,False,1788804209.0033698,
bind,unsigned,test.test-unsigned.example,cold,10285547,2,False,1788804209.013758,
bind,unsigned,test.test-unsigned.example,cold,6854599,2,False,1788804209.020736,
bind,unsigned,test.test-unsigned.example,cold,10445269,2,False,1788804209.0312965,
bind,unsigned,test.test-unsigned.example,cold,9903745,2,False,1788804209.0413063,
bind,unsigned,test.test-unsigned.example,cold,12077103,2,False,1788804209.0535016,
bind,unsigned,test.test-unsigned.example,cold,16736236,2,False,1788804209.0705087,
bind,unsigned,test.test-unsigned.example,cold,8327836,2,False,1788804209.0789425,
bind,unsigned,test.test-unsigned.example,cold,9743217,2,False,1788804209.0888145,
bind,unsigned,test.test-unsigned.example,cold,9072690,2,False,1788804209.0981948,
bind,unsigned,test.test-unsigned.example,cold,13746798,2,False,1788804209.1120636,
bind,unsigned,test.test-unsigned.example,cold,11120245,2,False,1788804209.1234524,
bind,unsigned,test.test-unsigned.example,cold,12868137,2,False,1788804209.1364202,
bind,unsigned,test.test-unsigned.example,cold,9385077,2,False,1788804209.145917,
bind,unsigned,test.test-unsigned.example,cold,10647570,2,False,1788804209.156685,
bind,unsigned,test.test-unsigned.example,cold,14935015,2,False,1788804209.1717567,
bind,unsigned,test.test-unsigned.example,cold,20191061,2,False,1788804209.1921952,
bind,unsigned,test.test-unsigned.example,cold,9773227,2,False,1788804209.202092,
bind,unsigned,test.test-unsigned.example,cold,8074737,2,False,1788804209.2105808,
bind,unsigned,test.test-unsigned.example,cold,8921469,2,False,1788804209.219621,
bind,unsigned,test.test-unsigned.example,cold,10375411,2,False,1788804209.2301414,
bind,unsigned,test.test-unsigned.example,cold,11614842,2,False,1788804209.2420235,
bind,unsigned,test.test-unsigned.example,cold,9485818,2,False,1788804209.2516913,
bind,unsigned,test.test-unsigned.example,cold,13294128,2,False,1788804209.2651324,
bind,unsigned,test.test-unsigned.example,cold,12610824,2,False,1788804209.2778661,
bind,unsigned,test.test-unsigned.example,cold,15474894,2,False,1788804209.2934546,
bind,unsigned,test.test-unsigned.example,cold,17925836,2,False,1788804209.3115156,
bind,unsigned,test.test-unsigned.example,cold,12577012,2,False,1788804209.3242157,
bind,unsigned,test.test-unsigned.example,cold,12008864,2,False,1788804209.3363278,
bind,unsigned,test.test-unsigned.example,cold,21256808,2,False,1788804209.357734,
bind,unsigned,test.test-unsigned.example,cold,7134479,2,False,1788804209.3649774,
bind,unsigned,test.test-unsigned.example,cold,11546081,2,False,1788804209.3766403,
bind,unsigned,test.test-unsigned.example,cold,11826592,2,False,1788804209.388596,
bind,unsigned,test.test-unsigned.example,cold,11591874,2,False,1788804209.4003997,
bind,unsigned,test.test-unsigned.example,cold,7732278,2,False,1788804209.4082372,
bind,unsigned,test.test-unsigned.example,cold,8205656,2,False,1788804209.4165933,
bind,unsigned,test.test-unsigned.example,cold,33339831,2,False,1788804209.4500492,
bind,unsigned,test.test-unsigned.example,cold,20508200,2,False,1788804209.470702,
bind,unsigned,test.test-unsigned.example,cold,21687281,2,False,1788804209.492488,
bind,unsigned,test.test-unsigned.example,cold,13326801,2,False,1788804209.505923,
bind,unsigned,test.test-unsigned.example,cold,41375656,2,False,1788804209.5474527,
bind,unsigned,test.test-unsigned.example,cold,26523209,2,False,1788804209.5741138,
bind,unsigned,test.test-unsigned.example,cold,18866443,2,False,1788804209.593094,
bind,unsigned,test.test-unsigned.example,cold,12137496,2,False,1788804209.6053317,
bind,unsigned,test.test-unsigned.example,cold,9079929,2,False,1788804209.6145227,
bind,unsigned,test.test-unsigned.example,cold,7506105,2,False,1788804209.6221442,
bind,unsigned,test.test-unsigned.example,cold,8733138,2,False,1788804209.6309743,
bind,unsigned,test.test-unsigned.example,cold,10641052,2,False,1788804209.6417692,
bind,unsigned,test.test-unsigned.example,cold,10593246,2,False,1788804209.6525025,
bind,unsigned,test.test-unsigned.example,cold,7636653,2,False,1788804209.6604233,
bind,unsigned,test.test-unsigned.example,cold,8328108,2,False,1788804209.6689324,
bind,unsigned,test.test-unsigned.example,cold,10815587,2,False,1788804209.6798697,
bind,unsigned,test.test-unsigned.example,cold,7840755,2,False,1788804209.6878197,
bind,unsigned,test.test-unsigned.example,cold,7649829,2,False,1788804209.6956036,
bind,unsigned,test.test-unsigned.example,cold,7993614,2,False,1788804209.7037272,
bind,unsigned,test.test-unsigned.example,cold,7246534,2,False,1788804209.7110991,
bind,unsigned,test.test-unsigned.example,cold,6995859,2,False,1788804209.7182066,
bind,unsigned,test.test-unsigned.example,cold,10113683,2,False,1788804209.7286756,
bind,unsigned,test.test-unsigned.example,cold,7904062,2,False,1788804209.7366962,
bind,unsigned,test.test-unsigned.example,cold,12252964,2,False,1788804209.7490506,
bind,unsigned,test.test-unsigned.example,cold,6366101,2,False,1788804209.7557006,
bind,unsigned,test.test-unsigned.example,cold,8803956,2,False,1788804209.7646065,
bind,unsigned,test.test-unsigned.example,cold,7944578,2,False,1788804209.772661,
bind,unsigned,test.test-unsigned.example,cold,10173297,2,False,1788804209.7829788,
bind,unsigned,test.test-unsigned.example,cold,7709324,2,False,1788804209.7908335,
bind,unsigned,test.test-unsigned.example,cold,8446233,2,False,1788804209.7994184,
bind,unsigned,test.test-unsigned.example,cold,15507972,2,False,1788804209.8153367,
bind,unsigned,test.test-unsigned.example,cold,8917406,2,False,1788804209.824796,
bind,unsigned,test.test-unsigned.example,cold,12754097,2,False,1788804209.8376899,
bind,unsigned,test.test-unsigned.example,cold,7240981,2,False,1788804209.8450563,
bind,unsigned,test.test-unsigned.example,cold,6663448,2,False,1788804209.8518474,
bind,unsigned,test.test-unsigned.example,cold,8068861,2,False,1788804209.860102,
bind,unsigned,test.test-unsigned.example,cold,10702291,2,False,1788804209.8709736,
bind,unsigned,test.test-unsigned.example,cold,7091604,2,False,1788804209.8781881,
bind,unsigned,test.test-unsigned.example,cold,13703172,2,False,1788804209.892069,
bind,unsigned,test.test-unsigned.example,cold,7060124,2,False,1788804209.8995295,
bind,unsigned,test.test-unsigned.example,cold,7438360,2,False,1788804209.9070635,
bind,unsigned,test.test-unsigned.example,cold,7882337,2,False,1788804209.9150636,
bind,unsigned,test.test-unsigned.example,cold,10328513,2,False,1788804209.9255075,
bind,unsigned,test.test-unsigned.example,cold,13258264,2,False,1788804209.93898,
bind,unsigned,test.test-unsigned.example,cold,7474121,2,False,1788804209.9466355,
bind,unsigned,test.test-unsigned.example,cold,19231645,2,False,1788804209.9660454,
bind,unsigned,test.test-unsigned.example,cold,10082765,2,False,1788804209.9763467,
bind,unsigned,test.test-unsigned.example,cold,7484348,2,False,1788804209.9839127,
bind,unsigned,test.test-unsigned.example,cold,12492591,2,False,1788804209.9965367,
bind,unsigned,test.test-unsigned.example,cold,6754881,2,False,1788804210.003593,
bind,unsigned,test.test-unsigned.example,cold,8433710,2,False,1788804210.0121644,
bind,unsigned,test.test-unsigned.example,cold,6250889,2,False,1788804210.0185318,
bind,unsigned,test.test-unsigned.example,cold,6008514,2,False,1788804210.0246625,
bind,unsigned,test.test-unsigned.example,cold,7541374,2,False,1788804210.0323033,
bind,unsigned,test.test-unsigned.example,cold,12351130,2,False,1788804210.0447578,
bind,unsigned,test.test-unsigned.example,cold,9030750,2,False,1788804210.053897,
bind,unsigned,test.test-unsigned.example,cold,8353851,2,False,1788804210.062352,
bind,unsigned,test.test-unsigned.example,cold,6939893,2,False,1788804210.0693939,
bind,unsigned,test.test-unsigned.example,cold,6473001,2,False,1788804210.0759451,
bind,unsigned,test.test-unsigned.example,cold,6715773,2,False,1788804210.0827584,
bind,unsigned,test.test-unsigned.example,cold,8312950,2,False,1788804210.0911899,
bind,unsigned,test.test-unsigned.example,cold,6569195,2,False,1788804210.097881,
bind,unsigned,test.test-unsigned.example,cold,7049138,2,False,1788804210.1050408,
bind,unsigned,test.test-unsigned.example,cold,7466457,2,False,1788804210.112627,
bind,unsigned,test.test-unsigned.example,cold,14981832,2,False,1788804210.1277125,
bind,unsigned,test.test-unsigned.example,cold,7687001,2,False,1788804210.1354916,
bind,unsigned,test.test-unsigned.example,cold,10110329,2,False,1788804210.1457028,
bind,unsigned,test.test-unsigned.example,cold,8151482,2,False,1788804210.1539586,
bind,unsigned,test.test-unsigned.example,cold,9666863,2,False,1788804210.1638384,
bind,unsigned,test.test-unsigned.example,cold,7139185,2,False,1788804210.171086,
bind,unsigned,test.test-unsigned.example,cold,18955098,2,False,1788804210.190136,
bind,unsigned,test.test-unsigned.example,cold,26654434,2,False,1788804210.216896,
bind,unsigned,test.test-unsigned.example,cold,14462175,2,False,1788804210.231576,
bind,unsigned,test.test-unsigned.example,cold,14956953,2,False,1788804210.2467742,
bind,unsigned,test.test-unsigned.example,cold,23296752,2,False,1788804210.2702057,
bind,unsigned,test.test-unsigned.example,cold,19016655,2,False,1788804210.2893698,
bind,unsigned,test.test-unsigned.example,cold,16276215,2,False,1788804210.3057935,
bind,unsigned,test.test-unsigned.example,cold,10891021,2,False,1788804210.3168085,
bind,unsigned,test.test-unsigned.example,cold,15853278,2,False,1788804210.332835,
bind,unsigned,test.test-unsigned.example,cold,9505942,2,False,1788804210.3425062,
bind,unsigned,test.test-unsigned.example,cold,9538205,2,False,1788804210.3521726,
bind,unsigned,test.test-unsigned.example,cold,6957208,2,False,1788804210.3592436,
bind,unsigned,test.test-unsigned.example,cold,10041612,2,False,1788804210.3693936,
bind,unsigned,test.test-unsigned.example,cold,7196774,2,False,1788804210.37678,
bind,unsigned,test.test-unsigned.example,cold,8948691,2,False,1788804210.3858452,
bind,unsigned,test.test-unsigned.example,cold,6520265,2,False,1788804210.3927135,
bind,unsigned,test.test-unsigned.example,cold,7582178,2,False,1788804210.4004352,
bind,unsigned,test.test-unsigned.example,cold,12030373,2,False,1788804210.4132116,
bind,unsigned,test.test-unsigned.example,cold,9663323,2,False,1788804210.4230297,
bind,unsigned,test.test-unsigned.example,cold,9141077,2,False,1788804210.4322586,
bind,unsigned,test.test-unsigned.example,cold,7707681,2,False,1788804210.4400682,
bind,unsigned,test.test-unsigned.example,cold,7414692,2,False,1788804210.4476795,
bind,unsigned,test.test-unsigned.example,cold,8381277,2,False,1788804210.4561946,
bind,unsigned,test.test-unsigned.example,cold,7431565,2,False,1788804210.4637487,
bind,unsigned,test.test-unsigned.example,cold,9082291,2,False,1788804210.4731069,
bind,unsigned,test.test-unsigned.example,cold,7015758,2,False,1788804210.4802372,
bind,unsigned,test.test-unsigned.example,cold,8580063,2,False,1788804210.4890776,
bind,unsigned,test.test-unsigned.example,cold,7312128,2,False,1788804210.4965096,
bind,unsigned,test.test-unsigned.example,cold,7343485,2,False,1788804210.5039725,
bind,unsigned,test.test-unsigned.example,cold,8200681,2,False,1788804210.5122976,
bind,unsigned,test.test-unsigned.example,cold,5851336,2,False,1788804210.5182674,
bind,unsigned,test.test-unsigned.example,cold,8919565,2,False,1788804210.5275934,
bind,unsigned,test.test-unsigned.example,cold,6777192,2,False,1788804210.5345135,
bind,unsigned,test.test-unsigned.example,cold,7035279,2,False,1788804210.54166,
bind,unsigned,test.test-unsigned.example,cold,7144075,2,False,1788804210.548914,
bind,unsigned,test.test-unsigned.example,cold,8995196,2,False,1788804210.5580027,
bind,unsigned,test.test-unsigned.example,cold,8415793,2,False,1788804210.566526,
bind,unsigned,test.test-unsigned.example,cold,8703237,2,False,1788804210.5753863,
bind,unsigned,test.test-unsigned.example,cold,7549941,2,False,1788804210.583054,
bind,unsigned,test.test-unsigned.example,cold,6774331,2,False,1788804210.5899198,
bind,unsigned,test.test-unsigned.example,cold,10684569,2,False,1788804210.6007004,
bind,unsigned,test.test-unsigned.example,cold,10342586,2,False,1788804210.611157,
bind,unsigned,test.test-unsigned.example,cold,7163722,2,False,1788804210.6184452,
bind,unsigned,test.test-unsigned.example,cold,7118598,2,False,1788804210.6256618,
bind,unsigned,test.test-unsigned.example,cold,9665399,2,False,1788804210.6354253,
bind,unsigned,test.test-unsigned.example,cold,7425347,2,False,1788804210.6429656,
bind,unsigned,test.test-unsigned.example,cold,8146059,2,False,1788804210.651217,
bind,unsigned,test.test-unsigned.example,cold,9673425,2,False,1788804210.661,
bind,unsigned,test.test-unsigned.example,cold,8728538,2,False,1788804210.669857,
bind,unsigned,test.test-unsigned.example,cold,9528581,2,False,1788804210.6795263,
bind,unsigned,test.test-unsigned.example,cold,6821912,2,False,1788804210.68645,
bind,unsigned,test.test-unsigned.example,cold,7172206,2,False,1788804210.6937454,
bind,unsigned,test.test-unsigned.example,cold,7265683,2,False,1788804210.7011378,
bind,unsigned,test.test-unsigned.example,cold,11731093,2,False,1788804210.7129848,
bind,unsigned,test.test-unsigned.example,cold,9388258,2,False,1788804210.7226055,
bind,unsigned,test.test-unsigned.example,cold,10739524,2,False,1788804210.733439,
bind,unsigned,test.test-unsigned.example,cold,6661253,2,False,1788804210.7401915,
bind,unsigned,test.test-unsigned.example,cold,5669078,2,False,1788804210.74595,
bind,unsigned,test.test-unsigned.example,cold,16870385,2,False,1788804210.7629082,
bind,unsigned,test.test-unsigned.example,cold,7020330,2,False,1788804210.7700489,
bind,unsigned,test.test-unsigned.example,cold,18516358,2,False,1788804210.7890668,
bind,unsigned,test.test-unsigned.example,cold,6389783,2,False,1788804210.795573,
bind,unsigned,test.test-unsigned.example,cold,6501463,2,False,1788804210.8022153,
bind,unsigned,test.test-unsigned.example,cold,7090401,2,False,1788804210.8093972,
bind,unsigned,test.test-unsigned.example,cold,7780342,2,False,1788804210.817277,
bind,unsigned,test.test-unsigned.example,cold,8039173,2,False,1788804210.825419,
bind,unsigned,test.test-unsigned.example,cold,6840781,2,False,1788804210.8323605,
bind,unsigned,test.test-unsigned.example,cold,7947632,2,False,1788804210.8404167,
bind,unsigned,test.test-unsigned.example,cold,6606618,2,False,1788804210.847164,
bind,unsigned,test.test-unsigned.example,cold,8349982,2,False,1788804210.85562,
bind,unsigned,test.test-unsigned.example,cold,8585309,2,False,1788804210.864602,
bind,unsigned,test.test-unsigned.example,cold,6240821,2,False,1788804210.8709626,
bind,unsigned,test.test-unsigned.example,cold,8288636,2,False,1788804210.8793654,
bind,unsigned,test.test-unsigned.example,cold,7451398,2,False,1788804210.8868928,
bind,unsigned,test.test-unsigned.example,cold,6781804,2,False,1788804210.8937788,
bind,unsigned,test.test-unsigned.example,cold,7540341,2,False,1788804210.9017582,
bind,unsigned,test.test-unsigned.example,cold,6466789,2,False,1788804210.9083226,
bind,unsigned,test.test-unsigned.example,cold,7822242,2,False,1788804210.9163313,
bind,unsigned,test.test-unsigned.example,cold,7525457,2,False,1788804210.9239879,
bind,unsigned,test.test-unsigned.example,cold,8156691,2,False,1788804210.9322867,
bind,unsigned,test.test-unsigned.example,cold,7169717,2,False,1788804210.9400847,
bind,unsigned,test.test-unsigned.example,cold,8157999,2,False,1788804210.9483752,
bind,unsigned,test.test-unsigned.example,cold,6323856,2,False,1788804210.9547982,
bind,unsigned,test.test-unsigned.example,cold,6605542,2,False,1788804210.961499,
bind,unsigned,test.test-unsigned.example,cold,9608484,2,False,1788804210.9712274,
bind,unsigned,test.test-unsigned.example,cold,6826066,2,False,1788804210.978174,
bind,unsigned,test.test-unsigned.example,cold,7955556,2,False,1788804210.9862275,
bind,unsigned,test.test-unsigned.example,cold,9157534,2,False,1788804210.9954896,
bind,unsigned,test.test-unsigned.example,cold,8364434,2,False,1788804211.0039415,
bind,unsigned,test.test-unsigned.example,cold,12472577,2,False,1788804211.0167956,
bind,unsigned,test.test-unsigned.example,cold,5452144,2,False,1788804211.0223663,
bind,unsigned,test.test-unsigned.example,cold,6888058,2,False,1788804211.0293536,
bind,unsigned,test.test-unsigned.example,cold,6285053,2,False,1788804211.0357432,
bind,unsigned,test.test-unsigned.example,cold,8098612,2,False,1788804211.043957,
bind,unsigned,test.test-unsigned.example,cold,6859961,2,False,1788804211.0509725,
bind,unsigned,test.test-unsigned.example,cold,6737184,2,False,1788804211.057809,
bind,unsigned,test.test-unsigned.example,cold,12257596,2,False,1788804211.0701654,
bind,unsigned,test.test-unsigned.example,cold,9297144,2,False,1788804211.07958,
bind,unsigned,test.test-unsigned.example,cold,13136041,2,False,1788804211.0928261,
bind,unsigned,test.test-unsigned.example,cold,9216224,2,False,1788804211.1021676,
bind,unsigned,test.test-unsigned.example,cold,8629162,2,False,1788804211.1108983,
bind,unsigned,test.test-unsigned.example,cold,6712423,2,False,1788804211.117693,
bind,unsigned,test.test-unsigned.example,cold,10140528,2,False,1788804211.12802,
bind,unsigned,test.test-unsigned.example,cold,8771687,2,False,1788804211.1369157,
bind,unsigned,test.test-unsigned.example,cold,11344592,2,False,1788804211.148392,
bind,unsigned,test.test-unsigned.example,cold,5595653,2,False,1788804211.154098,
bind,unsigned,test.test-unsigned.example,cold,14613714,2,False,1788804211.1688828,
bind,unsigned,test.test-unsigned.example,cold,15049090,2,False,1788804211.1840622,
bind,unsigned,test.test-unsigned.example,cold,7466860,2,False,1788804211.1916788,
bind,unsigned,test.test-unsigned.example,cold,7234468,2,False,1788804211.1990147,
bind,unsigned,test.test-unsigned.example,cold,6502586,2,False,1788804211.2056553,
bind,unsigned,test.test-unsigned.example,cold,7805221,2,False,1788804211.2137313,
bind,unsigned,test.test-unsigned.example,cold,6993270,2,False,1788804211.2208478,
bind,unsigned,test.test-unsigned.example,cold,7434844,2,False,1788804211.2283797,
bind,unsigned,test.test-unsigned.example,cold,6944729,2,False,1788804211.235413,
bind,unsigned,test.test-unsigned.example,cold,8594454,2,False,1788804211.2441368,
bind,unsigned,test.test-unsigned.example,cold,9228387,2,False,1788804211.2534788,
bind,unsigned,test.test-unsigned.example,cold,6189725,2,False,1788804211.2598119,
bind,unsigned,test.test-unsigned.example,cold,7399564,2,False,1788804211.2673206,
bind,unsigned,test.test-unsigned.example,cold,9533128,2,False,1788804211.2769656,
bind,unsigned,test.test-unsigned.example,cold,7944818,2,False,1788804211.2850556,
bind,unsigned,test.test-unsigned.example,cold,6387367,2,False,1788804211.2916548,
bind,unsigned,test.test-unsigned.example,cold,8117529,2,False,1788804211.2998762,
bind,unsigned,test.test-unsigned.example,cold,8315077,2,False,1788804211.3082993,
bind,unsigned,test.test-unsigned.example,cold,5689553,2,False,1788804211.314126,
bind,unsigned,test.test-unsigned.example,cold,11023548,2,False,1788804211.3252528,
bind,unsigned,test.test-unsigned.example,cold,7895170,2,False,1788804211.3332963,
bind,unsigned,test.test-unsigned.example,cold,7646384,2,False,1788804211.3410437,
bind,unsigned,test.test-unsigned.example,cold,6198787,2,False,1788804211.3473341,
bind,unsigned,test.test-unsigned.example,cold,6892027,2,False,1788804211.3543375,
bind,unsigned,test.test-unsigned.example,cold,8411550,2,False,1788804211.362871,
bind,unsigned,test.test-unsigned.example,cold,7173663,2,False,1788804211.3701904,
bind,unsigned,test.test-unsigned.example,cold,8140488,2,False,1788804211.3784404,
bind,unsigned,test.test-unsigned.example,cold,6874479,2,False,1788804211.3854046,
bind,unsigned,test.test-unsigned.example,cold,8442713,2,False,1788804211.3939464,
bind,unsigned,test.test-unsigned.example,cold,7195761,2,False,1788804211.4012775,
bind,unsigned,test.test-unsigned.example,cold,6617485,2,False,1788804211.4080088,
bind,unsigned,test.test-unsigned.example,cold,8598394,2,False,1788804211.4167433,
bind,unsigned,test.test-unsigned.example,cold,12818110,2,False,1788804211.4296796,
bind,unsigned,test.test-unsigned.example,cold,7032542,2,False,1788804211.4368064,
bind,unsigned,test.test-unsigned.example,cold,11731363,2,False,1788804211.4486377,
bind,unsigned,test.test-unsigned.example,cold,6118271,2,False,1788804211.454843,
bind,unsigned,test.test-unsigned.example,cold,7486241,2,False,1788804211.4624286,
bind,unsigned,test.test-unsigned.example,cold,6004492,2,False,1788804211.4685469,
bind,unsigned,test.test-unsigned.example,cold,6939175,2,False,1788804211.4755752,
bind,unsigned,test.test-unsigned.example,cold,6781771,2,False,1788804211.4826386,
bind,unsigned,test.test-unsigned.example,cold,8246556,2,False,1788804211.4912057,
bind,unsigned,test.test-unsigned.example,cold,8528737,2,False,1788804211.4998915,
bind,unsigned,test.test-unsigned.example,cold,8806098,2,False,1788804211.5088077,
bind,unsigned,test.test-unsigned.example,cold,6435888,2,False,1788804211.515361,
bind,unsigned,test.test-unsigned.example,cold,6156918,2,False,1788804211.5218077,
bind,unsigned,test.test-unsigned.example,cold,7943935,2,False,1788804211.5298529,
bind,unsigned,test.test-unsigned.example,cold,7043993,2,False,1788804211.537161,
bind,unsigned,test.test-unsigned.example,cold,7911647,2,False,1788804211.5452223,
bind,unsigned,test.test-unsigned.example,cold,6498379,2,False,1788804211.551925,
bind,unsigned,test.test-unsigned.example,cold,7346865,2,False,1788804211.5594053,
bind,unsigned,test.test-unsigned.example,cold,8951249,2,False,1788804211.5684838,
bind,unsigned,test.test-unsigned.example,cold,14087249,2,False,1788804211.582722,
bind,unsigned,test.test-unsigned.example,cold,10059899,2,False,1788804211.5929282,
bind,unsigned,test.test-unsigned.example,cold,10651844,2,False,1788804211.6037161,
bind,unsigned,test.test-unsigned.example,cold,7765680,2,False,1788804211.6117458,
bind,unsigned,test.test-unsigned.example,cold,6567485,2,False,1788804211.6184382,
bind,unsigned,test.test-unsigned.example,cold,7456951,2,False,1788804211.6260316,
bind,unsigned,test.test-unsigned.example,cold,9596679,2,False,1788804211.6357336,
bind,unsigned,test.test-unsigned.example,cold,6845731,2,False,1788804211.642702,
bind,unsigned,test.test-unsigned.example,cold,12179107,2,False,1788804211.6549768,
bind,unsigned,test.test-unsigned.example,cold,6723865,2,False,1788804211.6618226,
bind,unsigned,test.test-unsigned.example,cold,7328894,2,False,1788804211.669252,
bind,unsigned,test.test-unsigned.example,cold,7312737,2,False,1788804211.6766698,
bind,unsigned,test.test-unsigned.example,cold,10018901,2,False,1788804211.6867888,
bind,unsigned,test.test-unsigned.example,cold,5086610,2,False,1788804211.6919975,
bind,unsigned,test.test-unsigned.example,cold,13911051,2,False,1788804211.7060304,
bind,unsigned,test.test-unsigned.example,cold,7312543,2,False,1788804211.7134764,
bind,unsigned,test.test-unsigned.example,cold,6760676,2,False,1788804211.7205162,
bind,unsigned,test.test-unsigned.example,cold,8097571,2,False,1788804211.728748,
bind,unsigned,test.test-unsigned.example,cold,7725575,2,False,1788804211.7365768,
bind,unsigned,test.test-unsigned.example,cold,6919122,2,False,1788804211.7435958,
bind,unsigned,test.test-unsigned.example,cold,7395151,2,False,1788804211.7511065,
bind,unsigned,test.test-unsigned.example,cold,7495934,2,False,1788804211.758743,
bind,unsigned,test.test-unsigned.example,cold,7200804,2,False,1788804211.7660372,
bind,unsigned,test.test-unsigned.example,cold,7466200,2,False,1788804211.7736087,
bind,unsigned,test.test-unsigned.example,cold,5954396,2,False,1788804211.7796493,
bind,unsigned,test.test-unsigned.example,cold,9637403,2,False,1788804211.7893784,
bind,unsigned,test.test-unsigned.example,cold,7175866,2,False,1788804211.7966452,
bind,unsigned,test.test-unsigned.example,cold,8854881,2,False,1788804211.8055983,
bind,unsigned,test.test-unsigned.example,cold,7410344,2,False,1788804211.813117,
bind,unsigned,test.test-unsigned.example,cold,7182339,2,False,1788804211.8204153,
bind,unsigned,test.test-unsigned.example,cold,11782502,2,False,1788804211.8323026,
bind,unsigned,test.test-unsigned.example,cold,8082908,2,False,1788804211.8405077,
bind,unsigned,test.test-unsigned.example,cold,9492585,2,False,1788804211.8500874,
bind,unsigned,test.test-unsigned.example,cold,6893093,2,False,1788804211.8572216,
bind,unsigned,test.test-unsigned.example,cold,10343267,2,False,1788804211.8676462,
bind,unsigned,test.test-unsigned.example,cold,7308708,2,False,1788804211.875067,
bind,unsigned,test.test-unsigned.example,cold,8348714,2,False,1788804211.8836079,
bind,unsigned,test.test-unsigned.example,cold,8957980,2,False,1788804211.8926582,
bind,unsigned,test.test-unsigned.example,cold,7421697,2,False,1788804211.900189,
bind,unsigned,test.test-unsigned.example,cold,10807985,2,False,1788804211.9111252,
bind,unsigned,test.test-unsigned.example,cold,8250527,2,False,1788804211.9195151,
bind,unsigned,test.test-unsigned.example,cold,7245404,2,False,1788804211.9268632,
bind,unsigned,test.test-unsigned.example,cold,7676586,2,False,1788804211.9348314,
bind,unsigned,test.test-unsigned.example,cold,6664020,2,False,1788804211.9417875,
bind,unsigned,test.test-unsigned.example,cold,6616794,2,False,1788804211.9485714,
bind,unsigned,test.test-unsigned.example,cold,6135650,2,False,1788804211.9548032,
bind,unsigned,test.test-unsigned.example,cold,6906634,2,False,1788804211.9620428,
bind,unsigned,test.test-unsigned.example,cold,7281856,2,False,1788804211.9694216,
bind,unsigned,test.test-unsigned.example,cold,7432439,2,False,1788804211.9770734,
bind,unsigned,test.test-unsigned.example,cold,7237914,2,False,1788804211.984462,
bind,unsigned,test.test-unsigned.example,cold,8639904,2,False,1788804211.9932008,
bind,unsigned,test.test-unsigned.example,cold,6781551,2,False,1788804212.0000896,
bind,unsigned,test.test-unsigned.example,cold,6312527,2,False,1788804212.0065134,
bind,unsigned,test.test-unsigned.example,cold,9019682,2,False,1788804212.0156314,
bind,unsigned,test.test-unsigned.example,cold,5726047,2,False,1788804212.021474,
bind,unsigned,test.test-unsigned.example,cold,11765381,2,False,1788804212.0333633,
bind,unsigned,test.test-unsigned.example,cold,9386677,2,False,1788804212.0428715,
bind,unsigned,test.test-unsigned.example,cold,11821013,2,False,1788804212.0547981,
bind,unsigned,test.test-unsigned.example,cold,8010313,2,False,1788804212.0629325,
bind,unsigned,test.test-unsigned.example,cold,7014378,2,False,1788804212.0700347,
bind,unsigned,test.test-unsigned.example,cold,7685836,2,False,1788804212.0780406,
bind,unsigned,test.test-unsigned.example,cold,6266509,2,False,1788804212.0844297,
bind,unsigned,test.test-unsigned.example,cold,8246382,2,False,1788804212.0928054,
bind,unsigned,test.test-unsigned.example,cold,7260750,2,False,1788804212.100397,
bind,unsigned,test.test-unsigned.example,cold,7131954,2,False,1788804212.1076527,
bind,unsigned,test.test-unsigned.example,cold,9090077,2,False,1788804212.116859,
bind,unsigned,test.test-unsigned.example,cold,7982726,2,False,1788804212.1250098,
bind,unsigned,test.test-unsigned.example,cold,10354914,2,False,1788804212.1355128,
bind,unsigned,test.test-unsigned.example,cold,13818425,2,False,1788804212.14946,
bind,unsigned,test.test-unsigned.example,cold,7723345,2,False,1788804212.157346,
bind,unsigned,test.test-unsigned.example,cold,6506331,2,False,1788804212.1640189,
bind,unsigned,test.test-unsigned.example,cold,6351819,2,False,1788804212.1705225,
bind,unsigned,test.test-unsigned.example,cold,6709316,2,False,1788804212.1773858,
bind,unsigned,test.test-unsigned.example,cold,43361389,2,False,1788804212.2210224,
bind,unsigned,test.test-unsigned.example,cold,23707848,2,False,1788804212.244854,
bind,unsigned,test.test-unsigned.example,cold,22001905,2,False,1788804212.266977,
bind,unsigned,test.test-unsigned.example,cold,14048577,2,False,1788804212.2811332,
bind,unsigned,test.test-unsigned.example,cold,17908120,2,False,1788804212.299175,
bind,unsigned,test.test-unsigned.example,cold,10327688,2,False,1788804212.3096106,
bind,unsigned,test.test-unsigned.example,cold,11575136,2,False,1788804212.3217247,
bind,unsigned,test.test-unsigned.example,cold,14237648,2,False,1788804212.3401906,
bind,unsigned,test.test-unsigned.example,cold,19613492,2,False,1788804212.3599722,
bind,unsigned,test.test-unsigned.example,cold,18953648,2,False,1788804212.3790386,
bind,unsigned,test.test-unsigned.example,cold,11818834,2,False,1788804212.39138,
bind,unsigned,test.test-unsigned.example,cold,9875547,2,False,1788804212.4013653,
bind,unsigned,test.test-unsigned.example,cold,6829939,2,False,1788804212.4083078,
bind,unsigned,test.test-unsigned.example,cold,6914951,2,False,1788804212.4153283,
bind,unsigned,test.test-unsigned.example,cold,10987965,2,False,1788804212.4264348,
bind,unsigned,test.test-unsigned.example,cold,6630655,2,False,1788804212.4331899,
bind,unsigned,test.test-unsigned.example,cold,12313369,2,False,1788804212.445628,
bind,unsigned,test.test-unsigned.example,cold,9003863,2,False,1788804212.4547737,
bind,unsigned,test.test-unsigned.example,cold,7789762,2,False,1788804212.4627836,
bind,unsigned,test.test-unsigned.example,cold,7431530,2,False,1788804212.470367,
bind,unsigned,test.test-unsigned.example,cold,5905564,2,False,1788804212.4763792,
bind,unsigned,test.test-unsigned.example,cold,7657482,2,False,1788804212.4841652,
bind,unsigned,test.test-unsigned.example,cold,7794740,2,False,1788804212.4920845,
bind,unsigned,test.test-unsigned.example,cold,8443228,2,False,1788804212.5006547,
bind,unsigned,test.test-unsigned.example,cold,7490529,2,False,1788804212.508242,
bind,unsigned,test.test-unsigned.example,cold,7946846,2,False,1788804212.5162828,
bind,unsigned,test.test-unsigned.example,cold,10321400,2,False,1788804212.5267239,
bind,unsigned,test.test-unsigned.example,cold,7012752,2,False,1788804212.5340447,
bind,unsigned,test.test-unsigned.example,cold,7421970,2,False,1788804212.5415707,
bind,unsigned,test.test-unsigned.example,cold,6343616,2,False,1788804212.5480351,
bind,unsigned,test.test-unsigned.example,cold,7639962,2,False,1788804212.5560057,
bind,unsigned,test.test-unsigned.example,cold,9887081,2,False,1788804212.5661774,
bind,unsigned,test.test-unsigned.example,cold,8693635,2,False,1788804212.5750632,
bind,unsigned,test.test-unsigned.example,cold,7036924,2,False,1788804212.5822034,
bind,unsigned,test.test-unsigned.example,cold,6581824,2,False,1788804212.588877,
bind,unsigned,test.test-unsigned.example,cold,7269118,2,False,1788804212.5964124,
bind,unsigned,test.test-unsigned.example,cold,6624500,2,False,1788804212.603299,
bind,unsigned,test.test-unsigned.example,cold,9732816,2,False,1788804212.6131172,
bind,unsigned,test.test-unsigned.example,cold,6863392,2,False,1788804212.6200793,
bind,unsigned,test.test-unsigned.example,cold,9193720,2,False,1788804212.6293943,
bind,unsigned,test.test-unsigned.example,cold,8770157,2,False,1788804212.6382804,
bind,unsigned,test.test-unsigned.example,cold,6430617,2,False,1788804212.6448612,
bind,unsigned,test.test-unsigned.example,cold,6959554,2,False,1788804212.6522465,
bind,unsigned,test.test-unsigned.example,cold,7726122,2,False,1788804212.6600716,
bind,unsigned,test.test-unsigned.example,cold,6535519,2,False,1788804212.6667364,
bind,unsigned,test.test-unsigned.example,cold,7033508,2,False,1788804212.6738722,
bind,unsigned,test.test-unsigned.example,cold,9346752,2,False,1788804212.6833103,
bind,unsigned,test.test-unsigned.example,cold,8040256,2,False,1788804212.69147,
bind,unsigned,test.test-unsigned.example,cold,7170347,2,False,1788804212.6987808,
bind,unsigned,test.test-unsigned.example,cold,6241565,2,False,1788804212.7052774,
bind,unsigned,test.test-unsigned.example,cold,9691152,2,False,1788804212.7150931,
bind,unsigned,test.test-unsigned.example,cold,6877254,2,False,1788804212.7220802,
bind,unsigned,test.test-unsigned.example,cold,10511051,2,False,1788804212.7327206,
bind,unsigned,test.test-unsigned.example,cold,8908626,2,False,1788804212.7417495,
bind,unsigned,test.test-unsigned.example,cold,9765699,2,False,1788804212.7516158,
bind,unsigned,test.test-unsigned.example,cold,7563689,2,False,1788804212.7592885,
bind,unsigned,test.test-unsigned.example,cold,8827483,2,False,1788804212.7682438,
bind,unsigned,test.test-unsigned.example,cold,8315049,2,False,1788804212.7766645,
bind,unsigned,test.test-unsigned.example,cold,6426796,2,False,1788804212.7832012,
bind,unsigned,test.test-unsigned.example,cold,8080502,2,False,1788804212.7913709,
bind,unsigned,test.test-unsigned.example,cold,7026309,2,False,1788804212.7984936,
bind,unsigned,test.test-unsigned.example,cold,6436086,2,False,1788804212.805304,
bind,unsigned,test.test-unsigned.example,cold,12322689,2,False,1788804212.8177185,
bind,unsigned,test.test-unsigned.example,cold,7060818,2,False,1788804212.824873,
bind,unsigned,test.test-unsigned.example,cold,9385991,2,False,1788804212.8343613,
bind,unsigned,test.test-unsigned.example,cold,7460581,2,False,1788804212.8419259,
bind,unsigned,test.test-unsigned.example,cold,7361655,2,False,1788804212.8493953,
bind,unsigned,test.test-unsigned.example,cold,9719254,2,False,1788804212.8592274,
bind,unsigned,test.test-unsigned.example,cold,10135351,2,False,1788804212.869472,
bind,unsigned,test.test-unsigned.example,cold,8149035,2,False,1788804212.8777292,
bind,unsigned,test.test-unsigned.example,cold,6016548,2,False,1788804212.8838632,
bind,unsigned,test.test-unsigned.example,cold,9183184,2,False,1788804212.8931584,
bind,unsigned,test.test-unsigned.example,cold,7205314,2,False,1788804212.9004674,
bind,unsigned,test.test-unsigned.example,cold,12419113,2,False,1788804212.912994,
bind,unsigned,test.test-unsigned.example,cold,6446358,2,False,1788804212.9195485,
bind,unsigned,test.test-unsigned.example,cold,7103004,2,False,1788804212.9267373,
bind,unsigned,test.test-unsigned.example,cold,11005190,2,False,1788804212.9378583,
bind,unsigned,test.test-unsigned.example,cold,7340579,2,False,1788804212.9453576,
bind,unsigned,test.test-unsigned.example,cold,6338721,2,False,1788804212.95178,
bind,unsigned,test.test-unsigned.example,cold,6611350,2,False,1788804212.9584923,
bind,unsigned,test.test-unsigned.example,cold,8388197,2,False,1788804212.9671495,
bind,unsigned,test.test-unsigned.example,cold,8963882,2,False,1788804212.9767957,
bind,unsigned,test.test-unsigned.example,cold,7997761,2,False,1788804212.9876332,
bind,unsigned,test.test-unsigned.example,cold,6717267,2,False,1788804212.9944477,
bind,unsigned,test.test-unsigned.example,cold,9723825,2,False,1788804213.004264,
bind,unsigned,test.test-unsigned.example,cold,6486083,2,False,1788804213.0108476,
bind,unsigned,test.test-unsigned.example,cold,9677741,2,False,1788804213.0207493,
bind,unsigned,test.test-unsigned.example,cold,9889500,2,False,1788804213.0307806,
bind,unsigned,test.test-unsigned.example,cold,8673625,2,False,1788804213.0395505,
bind,unsigned,test.test-unsigned.example,cold,9681896,2,False,1788804213.0493484,
bind,unsigned,test.test-unsigned.example,cold,7975693,2,False,1788804213.0594342,
bind,unsigned,test.test-unsigned.example,cold,10089891,2,False,1788804213.0696452,
bind,unsigned,test.test-unsigned.example,cold,7253049,2,False,1788804213.077042,
bind,unsigned,test.test-unsigned.example,cold,8274730,2,False,1788804213.0854423,
bind,unsigned,test.test-unsigned.example,cold,10150891,2,False,1788804213.095767,
bind,unsigned,test.test-unsigned.example,cold,8557400,2,False,1788804213.104479,
bind,unsigned,test.test-unsigned.example,cold,6316060,2,False,1788804213.1109285,
bind,unsigned,test.test-unsigned.example,cold,7722065,2,False,1788804213.118747,
bind,unsigned,test.test-unsigned.example,cold,9354258,2,False,1788804213.1282065,
bind,unsigned,test.test-unsigned.example,cold,5812706,2,False,1788804213.1341164,
bind,unsigned,test.test-unsigned.example,cold,9404672,2,False,1788804213.143641,
bind,unsigned,test.test-unsigned.example,cold,9406600,2,False,1788804213.1531453,
bind,unsigned,test.test-unsigned.example,cold,7044294,2,False,1788804213.1604037,
bind,unsigned,test.test-unsigned.example,cold,7034743,2,False,1788804213.1675346,
bind,unsigned,test.test-unsigned.example,cold,6395195,2,False,1788804213.1740503,
bind,unsigned,test.test-unsigned.example,cold,8066456,2,False,1788804213.1825738,
bind,unsigned,test.test-unsigned.example,cold,7717510,2,False,1788804213.1905198,
bind,unsigned,test.test-unsigned.example,cold,6504454,2,False,1788804213.1971638,
bind,unsigned,test.test-unsigned.example,cold,7428765,2,False,1788804213.2046921,
bind,unsigned,test.test-unsigned.example,cold,6628792,2,False,1788804213.2115157,
bind,unsigned,test.test-unsigned.example,cold,7483253,2,False,1788804213.2190912,
bind,unsigned,test.test-unsigned.example,cold,8657545,2,False,1788804213.2278576,
bind,unsigned,test.test-unsigned.example,cold,6154638,2,False,1788804213.2341673,
bind,unsigned,test.test-unsigned.example,cold,7863150,2,False,1788804213.2421389,
bind,unsigned,test.test-unsigned.example,cold,8897077,2,False,1788804213.251125,
bind,unsigned,test.test-unsigned.example,cold,14107764,2,False,1788804213.2653487,
bind,unsigned,test.test-unsigned.example,cold,7772564,2,False,1788804213.2732303,
bind,unsigned,test.test-unsigned.example,cold,8657531,2,False,1788804213.2819893,
bind,unsigned,test.test-unsigned.example,cold,6275669,2,False,1788804213.2883718,
bind,unsigned,test.test-unsigned.example,cold,6637413,2,False,1788804213.2951155,
bind,unsigned,test.test-unsigned.example,cold,11134157,2,False,1788804213.3065877,
bind,unsigned,test.test-unsigned.example,cold,6781667,2,False,1788804213.313469,
bind,unsigned,test.test-unsigned.example,cold,11369833,2,False,1788804213.3249078,
bind,unsigned,test.test-unsigned.example,cold,9662703,2,False,1788804213.3346827,
bind,unsigned,test.test-unsigned.example,cold,9600028,2,False,1788804213.3443897,
bind,unsigned,test.test-unsigned.example,cold,8929696,2,False,1788804213.3534272,
bind,unsigned,test.test-unsigned.example,cold,8827175,2,False,1788804213.3623629,
bind,unsigned,test.test-unsigned.example,cold,6091454,2,False,1788804213.3685358,
bind,unsigned,test.test-unsigned.example,cold,6829561,2,False,1788804213.3754718,
bind,unsigned,test.test-unsigned.example,cold,7599169,2,False,1788804213.383174,
bind,unsigned,test.test-unsigned.example,cold,7248182,2,False,1788804213.3905213,
bind,unsigned,test.test-unsigned.example,cold,7926766,2,False,1788804213.3985357,
bind,unsigned,test.test-unsigned.example,cold,7979370,2,False,1788804213.406625,
bind,unsigned,test.test-unsigned.example,cold,11837309,2,False,1788804213.4185686,
bind,unsigned,test.test-unsigned.example,cold,7319959,2,False,1788804213.4260314,
bind,unsigned,test.test-unsigned.example,cold,7479262,2,False,1788804213.433618,
bind,unsigned,test.test-unsigned.example,cold,6886786,2,False,1788804213.4406142,
bind,unsigned,test.test-unsigned.example,cold,5659465,2,False,1788804213.4463928,
bind,unsigned,test.test-unsigned.example,cold,7682649,2,False,1788804213.4541786,
bind,unsigned,test.test-unsigned.example,cold,6385794,2,False,1788804213.460836,
bind,unsigned,test.test-unsigned.example,cold,6301779,2,False,1788804213.467282,
bind,unsigned,test.test-unsigned.example,cold,7212382,2,False,1788804213.4748647,
bind,unsigned,test.test-unsigned.example,cold,6138625,2,False,1788804213.4810927,
bind,unsigned,test.test-unsigned.example,cold,7859745,2,False,1788804213.489027,
bind,unsigned,test.test-unsigned.example,cold,7524204,2,False,1788804213.4966455,
bind,unsigned,test.test-unsigned.example,cold,6669607,2,False,1788804213.5034158,
bind,unsigned,test.test-unsigned.example,cold,11258921,2,False,1788804213.5147424,
bind,unsigned,test.test-unsigned.example,cold,6887903,2,False,1788804213.5219858,
bind,unsigned,test.test-unsigned.example,cold,10584870,2,False,1788804213.5326576,
bind,unsigned,test.test-unsigned.example,cold,6782950,2,False,1788804213.5395553,
bind,unsigned,test.test-unsigned.example,cold,8111663,2,False,1788804213.547815,
bind,unsigned,test.test-unsigned.example,cold,7302385,2,False,1788804213.555225,
bind,unsigned,test.test-unsigned.example,cold,6503978,2,False,1788804213.5618145,
bind,unsigned,test.test-unsigned.example,cold,7228014,2,False,1788804213.5691638,
bind,unsigned,test.test-unsigned.example,cold,7825250,2,False,1788804213.577279,
bind,unsigned,test.test-unsigned.example,cold,13004503,2,False,1788804213.5903747,
bind,unsigned,test.test-unsigned.example,cold,7630344,2,False,1788804213.5981102,
bind,unsigned,test.test-unsigned.example,cold,7631130,2,False,1788804213.6058333,
bind,unsigned,test.test-unsigned.example,cold,6222155,2,False,1788804213.6121624,
bind,unsigned,test.test-unsigned.example,cold,6883148,2,False,1788804213.619161,
bind,unsigned,test.test-unsigned.example,cold,6541398,2,False,1788804213.6258335,
bind,unsigned,test.test-unsigned.example,cold,8702104,2,False,1788804213.6347425,
bind,unsigned,test.test-unsigned.example,cold,9699726,2,False,1788804213.6445584,
bind,unsigned,test.test-unsigned.example,cold,7288214,2,False,1788804213.6519666,
bind,unsigned,test.test-unsigned.example,cold,10511858,2,False,1788804213.662753,
bind,unsigned,test.test-unsigned.example,cold,6991217,2,False,1788804213.6698842,
bind,unsigned,test.test-unsigned.example,cold,6225253,2,False,1788804213.6762297,
bind,unsigned,test.test-unsigned.example,cold,6779741,2,False,1788804213.6831317,
bind,unsigned,test.test-unsigned.example,cold,7466822,2,False,1788804213.6907475,
bind,unsigned,test.test-unsigned.example,cold,7408772,2,False,1788804213.6982882,
bind,unsigned,test.test-unsigned.example,cold,7078494,2,False,1788804213.7057014,
bind,unsigned,test.test-unsigned.example,cold,9167202,2,False,1788804213.7149749,
bind,unsigned,test.test-unsigned.example,cold,6579264,2,False,1788804213.7216623,
bind,unsigned,test.test-unsigned.example,cold,6744224,2,False,1788804213.728485,
bind,unsigned,test.test-unsigned.example,cold,8803918,2,False,1788804213.7373888,
bind,unsigned,test.test-unsigned.example,cold,8105701,2,False,1788804213.7455845,
bind,unsigned,test.test-unsigned.example,cold,9367461,2,False,1788804213.7550843,
bind,unsigned,test.test-unsigned.example,cold,6574381,2,False,1788804213.7617726,
bind,unsigned,test.test-unsigned.example,cold,7807089,2,False,1788804213.769653,
bind,unsigned,test.test-unsigned.example,cold,6323476,2,False,1788804213.776185,
bind,unsigned,test.test-unsigned.example,cold,8669979,2,False,1788804213.7849455,
bind,unsigned,test.test-unsigned.example,cold,7930190,2,False,1788804213.7930012,
bind,unsigned,test.test-unsigned.example,cold,8142272,2,False,1788804213.8012273,
bind,unsigned,test.test-unsigned.example,cold,5746148,2,False,1788804213.8071053,
bind,unsigned,test.test-unsigned.example,cold,6987651,2,False,1788804213.8142061,
bind,unsigned,test.test-unsigned.example,cold,7909597,2,False,1788804213.8223352,
bind,unsigned,test.test-unsigned.example,cold,6618577,2,False,1788804213.8290565,
bind,unsigned,test.test-unsigned.example,cold,5895577,2,False,1788804213.8350518,
bind,unsigned,test.test-unsigned.example,cold,6507033,2,False,1788804213.8416507,
bind,unsigned,test.test-unsigned.example,cold,7208601,2,False,1788804213.8489618,
bind,unsigned,test.test-unsigned.example,cold,7479664,2,False,1788804213.8565385,
bind,unsigned,test.test-unsigned.example,cold,7933436,2,False,1788804213.8645775,
bind,unsigned,test.test-unsigned.example,cold,7322828,2,False,1788804213.8720143,
bind,unsigned,test.test-unsigned.example,cold,6986547,2,False,1788804213.8791797,
bind,unsigned,test.test-unsigned.example,cold,7781272,2,False,1788804213.8870513,
bind,unsigned,test.test-unsigned.example,cold,10598125,2,False,1788804213.8977613,
bind,unsigned,test.test-unsigned.example,cold,8414849,2,False,1788804213.9063036,
bind,unsigned,test.test-unsigned.example,cold,7730322,2,False,1788804213.9141073,
bind,unsigned,test.test-unsigned.example,cold,7360353,2,False,1788804213.9215574,
bind,unsigned,test.test-unsigned.example,cold,6620819,2,False,1788804213.9282734,
bind,unsigned,test.test-unsigned.example,cold,7237506,2,False,1788804213.9356093,
bind,unsigned,test.test-unsigned.example,cold,9244915,2,False,1788804213.9449446,
bind,unsigned,test.test-unsigned.example,cold,6418235,2,False,1788804213.9514651,
bind,unsigned,test.test-unsigned.example,cold,10863885,2,False,1788804213.9624274,
bind,unsigned,test.test-unsigned.example,cold,6924448,2,False,1788804213.9694514,
bind,unsigned,test.test-unsigned.example,cold,8003155,2,False,1788804213.977575,
bind,unsigned,test.test-unsigned.example,cold,7140413,2,False,1788804213.9848142,
bind,unsigned,test.test-unsigned.example,cold,9213485,2,False,1788804213.994743,
bind,unsigned,test.test-unsigned.example,cold,8404883,2,False,1788804214.003264,
bind,unsigned,test.test-unsigned.example,cold,6809578,2,False,1788804214.0101905,
bind,unsigned,test.test-unsigned.example,cold,7096498,2,False,1788804214.017395,
bind,unsigned,test.test-unsigned.example,cold,6717891,2,False,1788804214.0242836,
bind,unsigned,test.test-unsigned.example,cold,7557339,2,False,1788804214.0320177,
bind,unsigned,test.test-unsigned.example,cold,6870333,2,False,1788804214.039068,
bind,unsigned,test.test-unsigned.example,cold,13842115,2,False,1788804214.053045,
bind,unsigned,test.test-unsigned.example,cold,8850106,2,False,1788804214.0620868,
bind,unsigned,test.test-unsigned.example,cold,7421465,2,False,1788804214.0695987,
bind,unsigned,test.test-unsigned.example,cold,7633558,2,False,1788804214.0773513,
bind,unsigned,test.test-unsigned.example,cold,7135980,2,False,1788804214.084605,
bind,unsigned,test.test-unsigned.example,cold,10998615,2,False,1788804214.0957022,
bind,unsigned,test.test-unsigned.example,cold,7010549,2,False,1788804214.1028237,
bind,unsigned,test.test-unsigned.example,cold,9054621,2,False,1788804214.1119814,
bind,unsigned,test.test-unsigned.example,cold,9528485,2,False,1788804214.12162,
bind,unsigned,test.test-unsigned.example,cold,6057176,2,False,1788804214.127802,
bind,unsigned,test.test-unsigned.example,cold,11633044,2,False,1788804214.139531,
bind,unsigned,test.test-unsigned.example,cold,19473851,2,False,1788804214.1591287,
bind,unsigned,test.test-unsigned.example,cold,8007245,2,False,1788804214.1672373,
bind,unsigned,test.test-unsigned.example,cold,6937188,2,False,1788804214.1742814,
bind,unsigned,test.test-unsigned.example,cold,12908775,2,False,1788804214.1874776,
bind,unsigned,test.test-unsigned.example,cold,23051137,2,False,1788804214.2108219,
bind,unsigned,test.test-unsigned.example,cold,15286278,2,False,1788804214.2262022,
bind,unsigned,test.test-unsigned.example,cold,7719486,2,False,1788804214.234057,
bind,unsigned,test.test-unsigned.example,cold,17712175,2,False,1788804214.2518759,
bind,unsigned,test.test-unsigned.example,cold,34310266,2,False,1788804214.2863066,
bind,unsigned,test.test-unsigned.example,cold,51353521,2,False,1788804214.3378093,
bind,unsigned,test.test-unsigned.example,cold,28699076,2,False,1788804214.3666124,
bind,unsigned,test.test-unsigned.example,cold,16125036,2,False,1788804214.3828776,
bind,unsigned,test.test-unsigned.example,cold,44595598,2,False,1788804214.4275858,
bind,unsigned,test.test-unsigned.example,cold,20245092,2,False,1788804214.4479485,
bind,unsigned,test.test-unsigned.example,cold,14233244,2,False,1788804214.4622877,
bind,unsigned,test.test-unsigned.example,cold,22548162,2,False,1788804214.4853392,
bind,unsigned,test.test-unsigned.example,cold,29158777,2,False,1788804214.5153031,
bind,unsigned,test.test-unsigned.example,cold,16318418,2,False,1788804214.5319397,
bind,unsigned,test.test-unsigned.example,cold,13041051,2,False,1788804214.5451334,
bind,unsigned,test.test-unsigned.example,cold,10641800,2,False,1788804214.5559168,
bind,unsigned,test.test-unsigned.example,cold,14395293,2,False,1788804214.5704644,
bind,unsigned,test.test-unsigned.example,cold,18692288,2,False,1788804214.5929532,
bind,unsigned,test.test-unsigned.example,cold,10661152,2,False,1788804214.6043704,
bind,unsigned,test.test-unsigned.example,cold,15390798,2,False,1788804214.6228445,
bind,unsigned,test.test-unsigned.example,cold,21166910,2,False,1788804214.6442013,
bind,unsigned,test.test-unsigned.example,cold,26927538,2,False,1788804214.6713076,
bind,unsigned,test.test-unsigned.example,cold,23720511,2,False,1788804214.69525,
bind,unsigned,test.test-unsigned.example,cold,21313019,2,False,1788804214.7167263,
bind,unsigned,test.test-unsigned.example,cold,12574295,2,False,1788804214.7294924,
bind,unsigned,test.test-unsigned.example,cold,15341687,2,False,1788804214.7449512,
bind,unsigned,test.test-unsigned.example,cold,23179329,2,False,1788804214.768248,
bind,unsigned,test.test-unsigned.example,cold,21892473,2,False,1788804214.790288,
bind,unsigned,test.test-unsigned.example,cold,18051658,2,False,1788804214.808464,
bind,unsigned,test.test-unsigned.example,cold,11570924,2,False,1788804214.8201602,
bind,unsigned,test.test-unsigned.example,cold,8186030,2,False,1788804214.8284574,
bind,unsigned,test.test-unsigned.example,cold,8196263,2,False,1788804214.8372312,
bind,unsigned,test.test-unsigned.example,cold,11191797,2,False,1788804214.8485174,
bind,unsigned,test.test-unsigned.example,cold,8304410,2,False,1788804214.8569503,
bind,unsigned,test.test-unsigned.example,cold,10133149,2,False,1788804214.867208,
bind,unsigned,test.test-unsigned.example,cold,12409951,2,False,1788804214.8797085,
bind,unsigned,test.test-unsigned.example,cold,6330656,2,False,1788804214.8861458,
bind,unsigned,test.test-unsigned.example,cold,11787501,2,False,1788804214.8980374,
bind,unsigned,test.test-unsigned.example,cold,8073822,2,False,1788804214.9062212,
bind,unsigned,test.test-unsigned.example,cold,7033545,2,False,1788804214.9133668,
bind,unsigned,test.test-unsigned.example,cold,7583647,2,False,1788804214.9210417,
bind,unsigned,test.test-unsigned.example,cold,9523550,2,False,1788804214.9306703,
bind,unsigned,test.test-unsigned.example,cold,8960360,2,False,1788804214.9397295,
bind,unsigned,test.test-unsigned.example,cold,8435086,2,False,1788804214.9482853,
bind,unsigned,test.test-unsigned.example,cold,7574574,2,False,1788804214.9559672,
bind,unsigned,test.test-unsigned.example,cold,5466431,2,False,1788804214.9615214,
bind,unsigned,test.test-unsigned.example,cold,7299125,2,False,1788804214.9691374,
bind,unsigned,test.test-unsigned.example,cold,6825191,2,False,1788804214.97635,
bind,unsigned,test.test-unsigned.example,cold,12542683,2,False,1788804214.989013,
bind,unsigned,test.test-unsigned.example,cold,6352303,2,False,1788804214.995458,
bind,unsigned,test.test-unsigned.example,cold,6805836,2,False,1788804215.0023592,
bind,unsigned,test.test-unsigned.example,cold,8189432,2,False,1788804215.010658,
bind,unsigned,test.test-unsigned.example,cold,9919674,2,False,1788804215.020682,
bind,unsigned,test.test-unsigned.example,cold,13021862,2,False,1788804215.03384,
bind,unsigned,test.test-unsigned.example,cold,6840325,2,False,1788804215.0407906,
bind,unsigned,test.test-unsigned.example,cold,7520971,2,False,1788804215.0484045,
bind,unsigned,test.test-unsigned.example,cold,6938462,2,False,1788804215.0555537,
bind,unsigned,test.test-unsigned.example,cold,7314285,2,False,1788804215.0629814,
bind,unsigned,test.test-unsigned.example,cold,13323785,2,False,1788804215.0765934,
bind,unsigned,test.test-unsigned.example,cold,8985528,2,False,1788804215.0856845,
bind,unsigned,test.test-unsigned.example,cold,7405913,2,False,1788804215.0931969,
bind,unsigned,test.test-unsigned.example,cold,7093043,2,False,1788804215.1005204,
bind,unsigned,test.test-unsigned.example,cold,7203369,2,False,1788804215.1080208,
bind,unsigned,test.test-unsigned.example,cold,9297487,2,False,1788804215.117492,
bind,unsigned,test.test-unsigned.example,cold,8242409,2,False,1788804215.1258476,
bind,unsigned,test.test-unsigned.example,cold,7692430,2,False,1788804215.1336305,
bind,unsigned,test.test-unsigned.example,cold,6604503,2,False,1788804215.1403375,
bind,unsigned,test.test-unsigned.example,cold,7241198,2,False,1788804215.147682,
bind,unsigned,test.test-unsigned.example,cold,7852862,2,False,1788804215.155642,
bind,unsigned,test.test-unsigned.example,cold,8818832,2,False,1788804215.1645732,
bind,unsigned,test.test-unsigned.example,cold,8691386,2,False,1788804215.1733696,
bind,unsigned,test.test-unsigned.example,cold,11905329,2,False,1788804215.185425,
bind,unsigned,test.test-unsigned.example,cold,8120381,2,False,1788804215.1936662,
bind,unsigned,test.test-unsigned.example,cold,7925378,2,False,1788804215.2016947,
bind,unsigned,test.test-unsigned.example,cold,25678657,2,False,1788804215.2274954,
bind,unsigned,test.test-unsigned.example,cold,5254943,2,False,1788804215.2328765,
bind,unsigned,test.test-unsigned.example,cold,11387752,2,False,1788804215.244367,
bind,unsigned,test.test-unsigned.example,cold,19864120,2,False,1788804215.2643697,
bind,unsigned,test.test-unsigned.example,cold,17280156,2,False,1788804215.2817895,
bind,unsigned,test.test-unsigned.example,cold,8899066,2,False,1788804215.2909198,
bind,unsigned,test.test-unsigned.example,cold,11487092,2,False,1788804215.3025303,
bind,unsigned,test.test-unsigned.example,cold,7529845,2,False,1788804215.3101785,
bind,unsigned,test.test-unsigned.example,cold,17291139,2,False,1788804215.327655,
bind,unsigned,test.test-unsigned.example,cold,15488445,2,False,1788804215.3433065,
bind,unsigned,test.test-unsigned.example,cold,12424727,2,False,1788804215.3620918,
bind,unsigned,test.test-unsigned.example,cold,8896243,2,False,1788804215.3713908,
bind,unsigned,test.test-unsigned.example,cold,11483623,2,False,1788804215.3829787,
bind,unsigned,test.test-unsigned.example,cold,22018185,2,False,1788804215.405119,
bind,unsigned,test.test-unsigned.example,cold,17624379,2,False,1788804215.422868,
bind,unsigned,test.test-unsigned.example,cold,20064254,2,False,1788804215.4432988,
bind,unsigned,test.test-unsigned.example,cold,8584952,2,False,1788804215.451995,
bind,unsigned,test.test-unsigned.example,cold,25501007,2,False,1788804215.4776845,
bind,unsigned,test.test-unsigned.example,cold,9703990,2,False,1788804215.4883785,
bind,unsigned,test.test-unsigned.example,cold,14532612,2,False,1788804215.5030625,
bind,unsigned,test.test-unsigned.example,cold,18790401,2,False,1788804215.5232773,
bind,unsigned,test.test-unsigned.example,cold,11933158,2,False,1788804215.5373917,
bind,unsigned,test.test-unsigned.example,cold,9249369,2,False,1788804215.5470552,
bind,unsigned,test.test-unsigned.example,cold,7449608,2,False,1788804215.5546043,
bind,unsigned,test.test-unsigned.example,cold,10559144,2,False,1788804215.5652733,
bind,unsigned,test.test-unsigned.example,cold,13350229,2,False,1788804215.5787537,
bind,unsigned,test.test-unsigned.example,cold,9376102,2,False,1788804215.5882764,
bind,unsigned,test.test-unsigned.example,cold,9076838,2,False,1788804215.5974855,
bind,unsigned,test.test-unsigned.example,cold,9316090,2,False,1788804215.60691,
bind,unsigned,test.test-unsigned.example,cold,7175233,2,False,1788804215.6142058,
bind,unsigned,test.test-unsigned.example,cold,7893515,2,False,1788804215.6222227,
bind,unsigned,test.test-unsigned.example,cold,7569056,2,False,1788804215.6299372,
bind,unsigned,test.test-unsigned.example,cold,7672926,2,False,1788804215.6378806,
bind,unsigned,test.test-unsigned.example,cold,8369583,2,False,1788804215.6463943,
bind,unsigned,test.test-unsigned.example,cold,20191279,2,False,1788804215.6670115,
bind,unsigned,test.test-unsigned.example,cold,16719174,2,False,1788804215.683834,
bind,unsigned,test.test-unsigned.example,cold,6357799,2,False,1788804215.6903226,
bind,unsigned,test.test-unsigned.example,cold,6299130,2,False,1788804215.6967373,
bind,unsigned,test.test-unsigned.example,cold,8276899,2,False,1788804215.7051148,
bind,unsigned,test.test-unsigned.example,cold,6684090,2,False,1788804215.711921,
bind,unsigned,test.test-unsigned.example,cold,9753898,2,False,1788804215.72195,
bind,unsigned,test.test-unsigned.example,cold,7829370,2,False,1788804215.7299008,
bind,unsigned,test.test-unsigned.example,cold,9072931,2,False,1788804215.7390761,
bind,unsigned,test.test-unsigned.example,cold,7374017,2,False,1788804215.746543,
bind,unsigned,test.test-unsigned.example,cold,7482793,2,False,1788804215.7541246,
bind,unsigned,test.test-unsigned.example,cold,6330573,2,False,1788804215.7605429,
bind,unsigned,test.test-unsigned.example,cold,7089456,2,False,1788804215.7677422,
bind,unsigned,test.test-unsigned.example,cold,6949655,2,False,1788804215.7747962,
bind,unsigned,test.test-unsigned.example,cold,7332952,2,False,1788804215.7822506,
bind,unsigned,test.test-unsigned.example,cold,7273399,2,False,1788804215.7896311,
bind,unsigned,test.test-unsigned.example,cold,6979625,2,False,1788804215.7967122,
bind,unsigned,test.test-unsigned.example,cold,9793567,2,False,1788804215.8066206,
bind,unsigned,test.test-unsigned.example,cold,6746083,2,False,1788804215.8135068,
bind,unsigned,test.test-unsigned.example,cold,10484257,2,False,1788804215.824097,
bind,unsigned,test.test-unsigned.example,cold,8095106,2,False,1788804215.8323696,
bind,unsigned,test.test-unsigned.example,cold,9405534,2,False,1788804215.841885,
bind,unsigned,test.test-unsigned.example,cold,6548304,2,False,1788804215.8485463,
bind,unsigned,test.test-unsigned.example,cold,6957899,2,False,1788804215.855655,
bind,unsigned,test.test-unsigned.example,cold,8162842,2,False,1788804215.8639154,
bind,unsigned,test.test-unsigned.example,cold,8557600,2,False,1788804215.8725936,
bind,unsigned,test.test-unsigned.example,cold,6460007,2,False,1788804215.8791814,
bind,unsigned,test.test-unsigned.example,cold,9450251,2,False,1788804215.8889215,
bind,unsigned,test.test-unsigned.example,cold,7475110,2,False,1788804215.8964846,
bind,unsigned,test.test-unsigned.example,cold,11024982,2,False,1788804215.9076118,
bind,unsigned,test.test-unsigned.example,cold,14168389,2,False,1788804215.9219358,
bind,unsigned,test.test-unsigned.example,cold,6197526,2,False,1788804215.9285057,
bind,unsigned,test.test-unsigned.example,cold,6854677,2,False,1788804215.9356232,
bind,unsigned,test.test-unsigned.example,cold,7719103,2,False,1788804215.9434342,
bind,unsigned,test.test-unsigned.example,cold,7536710,2,False,1788804215.9510608,
bind,unsigned,test.test-unsigned.example,cold,6809477,2,False,1788804215.9579566,
bind,unsigned,test.test-unsigned.example,cold,10048924,2,False,1788804215.968148,
bind,unsigned,test.test-unsigned.example,cold,9949409,2,False,1788804215.9782104,
bind,unsigned,test.test-unsigned.example,cold,7966404,2,False,1788804215.9864137,
bind,unsigned,test.test-unsigned.example,cold,23303315,2,False,1788804216.0098205,
bind,unsigned,test.test-unsigned.example,cold,9458243,2,False,1788804216.019399,
bind,unsigned,test.test-unsigned.example,cold,8279450,2,False,1788804216.0281413,
bind,unsigned,test.test-unsigned.example,cold,7409410,2,False,1788804216.035794,
bind,unsigned,test.test-unsigned.example,cold,12483975,2,False,1788804216.0484366,
bind,unsigned,test.test-unsigned.example,cold,10129427,2,False,1788804216.0587158,
bind,unsigned,test.test-unsigned.example,cold,12287373,2,False,1788804216.0714228,
bind,unsigned,test.test-unsigned.example,cold,8035328,2,False,1788804216.0795658,
bind,unsigned,test.test-unsigned.example,cold,7872182,2,False,1788804216.0875752,
bind,unsigned,test.test-unsigned.example,cold,9989684,2,False,1788804216.0976686,
bind,unsigned,test.test-unsigned.example,cold,7351356,2,False,1788804216.1051161,
bind,unsigned,test.test-unsigned.example,cold,15977716,2,False,1788804216.1212049,
bind,unsigned,test.test-unsigned.example,cold,10802547,2,False,1788804216.1326146,
bind,unsigned,test.test-unsigned.example,cold,10808447,2,False,1788804216.1435926,
bind,unsigned,test.test-unsigned.example,cold,8954889,2,False,1788804216.152632,
bind,unsigned,test.test-unsigned.example,cold,7251707,2,False,1788804216.1599762,
bind,unsigned,test.test-unsigned.example,cold,8632063,2,False,1788804216.1686769,
bind,unsigned,test.test-unsigned.example,cold,7754125,2,False,1788804216.1765285,
bind,unsigned,test.test-unsigned.example,cold,7315107,2,False,1788804216.1840048,
bind,unsigned,test.test-unsigned.example,cold,6696426,2,False,1788804216.1908545,
bind,unsigned,test.test-unsigned.example,cold,7002244,2,False,1788804216.1979623,
bind,unsigned,test.test-unsigned.example,cold,7880266,2,False,1788804216.2059488,
bind,unsigned,test.test-unsigned.example,cold,16510955,2,False,1788804216.2225683,
bind,unsigned,test.test-unsigned.example,cold,9291528,2,False,1788804216.2320004,
bind,unsigned,test.test-unsigned.example,cold,32171750,2,False,1788804216.2644112,
bind,unsigned,test.test-unsigned.example,cold,19613340,2,False,1788804216.2841692,
bind,unsigned,test.test-unsigned.example,cold,8880039,2,False,1788804216.2931685,
bind,unsigned,test.test-unsigned.example,cold,15413420,2,False,1788804216.3086917,
bind,unsigned,test.test-unsigned.example,cold,18232899,2,False,1788804216.3270364,
bind,unsigned,test.test-unsigned.example,cold,9569164,2,False,1788804216.3367689,
bind,unsigned,test.test-unsigned.example,cold,12083721,2,False,1788804216.3489912,
bind,unsigned,test.test-unsigned.example,cold,22351982,2,False,1788804216.371524,
bind,unsigned,test.test-unsigned.example,cold,29287603,2,False,1788804216.4009564,
bind,unsigned,test.test-unsigned.example,cold,12301260,2,False,1788804216.4134533,
bind,unsigned,test.test-unsigned.example,cold,11219749,2,False,1788804216.4247794,
bind,unsigned,test.test-unsigned.example,cold,29457043,2,False,1788804216.4543493,
bind,unsigned,test.test-unsigned.example,cold,28766430,2,False,1788804216.483242,
bind,unsigned,test.test-unsigned.example,cold,19899014,2,False,1788804216.5032632,
bind,unsigned,test.test-unsigned.example,cold,24026397,2,False,1788804216.5274007,
bind,unsigned,test.test-unsigned.example,cold,14366535,2,False,1788804216.5418825,
bind,unsigned,test.test-unsigned.example,cold,35810424,2,False,1788804216.5777955,
bind,unsigned,test.test-unsigned.example,cold,18124492,2,False,1788804216.5960245,
bind,unsigned,test.test-unsigned.example,cold,18858878,2,False,1788804216.6152716,
bind,unsigned,test.test-unsigned.example,cold,25458306,2,False,1788804216.640939,
bind,unsigned,test.test-unsigned.example,cold,12472973,2,False,1788804216.6535535,
bind,unsigned,test.test-unsigned.example,cold,25687936,2,False,1788804216.6793664,
bind,unsigned,test.test-unsigned.example,cold,17626815,2,False,1788804216.6971266,
bind,unsigned,test.test-unsigned.example,cold,17704542,2,False,1788804216.7150478,
bind,unsigned,test.test-unsigned.example,cold,17565907,2,False,1788804216.732791,
bind,unsigned,test.test-unsigned.example,cold,31713267,2,False,1788804216.7648942,
bind,unsigned,test.test-unsigned.example,cold,10712219,2,False,1788804216.7757456,
bind,unsigned,test.test-unsigned.example,cold,21025166,2,False,1788804216.7968967,
bind,unsigned,test.test-unsigned.example,cold,10611397,2,False,1788804216.807672,
bind,unsigned,test.test-unsigned.example,cold,12366289,2,False,1788804216.8201735,
bind,unsigned,test.test-unsigned.example,cold,16590185,2,False,1788804216.8368928,
bind,unsigned,test.test-unsigned.example,cold,13159487,2,False,1788804216.8501978,
bind,unsigned,test.test-unsigned.example,cold,11742900,2,False,1788804216.8620996,
bind,unsigned,test.test-unsigned.example,cold,7175402,2,False,1788804216.8694339,
bind,unsigned,test.test-unsigned.example,cold,12098633,2,False,1788804216.8816657,
bind,unsigned,test.test-unsigned.example,cold,19767740,2,False,1788804216.9015777,
bind,unsigned,test.test-unsigned.example,cold,27392504,2,False,1788804216.9291093,
bind,unsigned,test.test-unsigned.example,cold,14948127,2,False,1788804216.9442322,
bind,unsigned,test.test-unsigned.example,cold,8573931,2,False,1788804216.9530377,
bind,unsigned,test.test-unsigned.example,cold,11704244,2,False,1788804216.9649072,
bind,unsigned,test.test-unsigned.example,cold,10657033,2,False,1788804216.9757245,
bind,unsigned,test.test-unsigned.example,cold,16375156,2,False,1788804216.9922404,
bind,unsigned,test.test-unsigned.example,cold,7407727,2,False,1788804216.9998326,
bind,unsigned,test.test-unsigned.example,cold,12200819,2,False,1788804217.0121727,
bind,unsigned,test.test-unsigned.example,cold,16739258,2,False,1788804217.0290341,
bind,unsigned,test.test-unsigned.example,cold,13613598,2,False,1788804217.0427945,
bind,unsigned,test.test-unsigned.example,cold,8483066,2,False,1788804217.051419,
bind,unsigned,test.test-unsigned.example,cold,13528037,2,False,1788804217.0650878,
bind,unsigned,test.test-unsigned.example,cold,12696863,2,False,1788804217.0779436,
bind,unsigned,test.test-unsigned.example,cold,6516836,2,False,1788804217.0845652,
bind,unsigned,test.test-unsigned.example,cold,8094983,2,False,1788804217.0927799,
bind,unsigned,test.test-unsigned.example,cold,8367439,2,False,1788804217.1012452,
bind,unsigned,test.test-unsigned.example,cold,11066674,2,False,1788804217.1124122,
bind,unsigned,test.test-unsigned.example,cold,8897879,2,False,1788804217.1215703,
bind,unsigned,test.test-unsigned.example,cold,7272753,2,False,1788804217.1289976,
bind,unsigned,test.test-unsigned.example,cold,9840858,2,False,1788804217.1389558,
bind,unsigned,test.test-unsigned.example,cold,6806573,2,False,1788804217.145849,
bind,unsigned,test.test-unsigned.example,cold,7294435,2,False,1788804217.153242,
bind,unsigned,test.test-unsigned.example,cold,7390052,2,False,1788804217.160747,
bind,unsigned,test.test-unsigned.example,cold,12109138,2,False,1788804217.1729982,
bind,unsigned,test.test-unsigned.example,cold,7045147,2,False,1788804217.1801586,
bind,unsigned,test.test-unsigned.example,cold,22666179,2,False,1788804217.2029378,
bind,unsigned,test.test-unsigned.example,cold,26550861,2,False,1788804217.229589,
bind,unsigned,test.test-unsigned.example,cold,16528423,2,False,1788804217.2469904,
bind,unsigned,test.test-unsigned.example,cold,37387728,2,False,1788804217.2845614,
bind,unsigned,test.test-unsigned.example,cold,42940608,2,False,1788804217.327657,
bind,unsigned,test.test-unsigned.example,cold,31723553,2,False,1788804217.3595371,
bind,unsigned,test.test-unsigned.example,cold,27353789,2,False,1788804217.387071,
bind,unsigned,test.test-unsigned.example,cold,16570705,2,False,1788804217.4037654,
bind,unsigned,test.test-unsigned.example,cold,16664626,2,False,1788804217.4205787,
bind,unsigned,test.test-unsigned.example,cold,32925694,2,False,1788804217.453613,
bind,unsigned,test.test-unsigned.example,cold,16551891,2,False,1788804217.4702857,
bind,unsigned,test.test-unsigned.example,cold,26750533,2,False,1788804217.4971943,
bind,unsigned,test.test-unsigned.example,cold,27208147,2,False,1788804217.524532,
bind,unsigned,test.test-unsigned.example,cold,30831010,2,False,1788804217.5554953,
bind,unsigned,test.test-unsigned.example,cold,25849313,2,False,1788804217.581582,
bind,unsigned,test.test-unsigned.example,cold,22785473,2,False,1788804217.6044948,
bind,unsigned,test.test-unsigned.example,cold,15503846,2,False,1788804217.6201942,
bind,unsigned,test.test-unsigned.example,cold,31310625,2,False,1788804217.6517427,
bind,unsigned,test.test-unsigned.example,cold,13543605,2,False,1788804217.6654582,
bind,unsigned,test.test-unsigned.example,cold,23933639,2,False,1788804217.689648,
bind,unsigned,test.test-unsigned.example,cold,12096696,2,False,1788804217.701866,
bind,unsigned,test.test-unsigned.example,cold,12669269,2,False,1788804217.7146823,
bind,unsigned,test.test-unsigned.example,cold,15864973,2,False,1788804217.7307253,
bind,unsigned,test.test-unsigned.example,cold,7695968,2,False,1788804217.7385216,
bind,unsigned,test.test-unsigned.example,cold,12629525,2,False,1788804217.7512884,
bind,unsigned,test.test-unsigned.example,cold,8360621,2,False,1788804217.759863,
bind,unsigned,test.test-unsigned.example,cold,9816653,2,False,1788804217.7698488,
bind,unsigned,test.test-unsigned.example,cold,11624268,2,False,1788804217.781602,
bind,unsigned,test.test-unsigned.example,cold,8013536,2,False,1788804217.78972,
bind,unsigned,test.test-unsigned.example,cold,10392656,2,False,1788804217.8003678,
bind,unsigned,test.test-unsigned.example,cold,7957492,2,False,1788804217.8084917,
bind,unsigned,test.test-unsigned.example,cold,9393322,2,False,1788804217.8180208,
bind,unsigned,test.test-unsigned.example,cold,9094096,2,False,1788804217.8272495,
bind,unsigned,test.test-unsigned.example,cold,28147695,2,False,1788804217.8555317,
bind,unsigned,test.test-unsigned.example,cold,7222844,2,False,1788804217.8630238,
bind,unsigned,test.test-unsigned.example,cold,9875490,2,False,1788804217.873001,
bind,unsigned,test.test-unsigned.example,cold,8184584,2,False,1788804217.8813689,
bind,unsigned,test.test-unsigned.example,cold,11275343,2,False,1788804217.8927543,
bind,unsigned,test.test-unsigned.example,cold,8787085,2,False,1788804217.9016654,
bind,unsigned,test.test-unsigned.example,cold,7985245,2,False,1788804217.9097712,
bind,unsigned,test.test-unsigned.example,cold,9081904,2,False,1788804217.9189465,
bind,unsigned,test.test-unsigned.example,cold,11056454,2,False,1788804217.9301229,
bind,unsigned,test.test-unsigned.example,cold,18333663,2,False,1788804217.9490068,
bind,unsigned,test.test-unsigned.example,cold,9580003,2,False,1788804217.9587007,
bind,unsigned,test.test-unsigned.example,cold,10765697,2,False,1788804217.9698803,
bind,unsigned,test.test-unsigned.example,cold,7873280,2,False,1788804217.977989,
bind,unsigned,test.test-unsigned.example,cold,12222859,2,False,1788804217.9904354,
bind,unsigned,test.test-unsigned.example,cold,8657519,2,False,1788804217.9992392,
bind,unsigned,test.test-unsigned.example,cold,13589067,2,False,1788804218.0130215,
bind,unsigned,test.test-unsigned.example,cold,20842574,2,False,1788804218.033979,
bind,unsigned,test.test-unsigned.example,cold,16935737,2,False,1788804218.0511084,
bind,unsigned,test.test-unsigned.example,cold,16705231,2,False,1788804218.0679579,
bind,unsigned,test.test-unsigned.example,cold,13076304,2,False,1788804218.0811481,
bind,unsigned,test.test-unsigned.example,cold,6394435,2,False,1788804218.0876622,
bind,unsigned,test.test-unsigned.example,cold,7979369,2,False,1788804218.0957544,
bind,unsigned,test.test-unsigned.example,cold,7813246,2,False,1788804218.1039855,
bind,unsigned,test.test-unsigned.example,cold,20278832,2,False,1788804218.1244316,
bind,unsigned,test.test-unsigned.example,cold,11679725,2,False,1788804218.1362288,
bind,unsigned,test.test-unsigned.example,cold,10670701,2,False,1788804218.1470206,
bind,unsigned,test.test-unsigned.example,cold,11137487,2,False,1788804218.158269,
bind,unsigned,test.test-unsigned.example,cold,9661133,2,False,1788804218.1680562,
bind,unsigned,test.test-unsigned.example,cold,8788907,2,False,1788804218.1770365,
bind,unsigned,test.test-unsigned.example,cold,6928605,2,False,1788804218.1840613,
bind,unsigned,test.test-unsigned.example,cold,16195884,2,False,1788804218.2004716,
bind,unsigned,test.test-unsigned.example,cold,11497547,2,False,1788804218.212207,
bind,unsigned,test.test-unsigned.example,cold,6911971,2,False,1788804218.219295,
bind,unsigned,test.test-unsigned.example,cold,9243647,2,False,1788804218.228663,
bind,unsigned,test.test-unsigned.example,cold,6930486,2,False,1788804218.2356958,
bind,unsigned,test.test-unsigned.example,cold,13589288,2,False,1788804218.249409,
bind,unsigned,test.test-unsigned.example,cold,12422257,2,False,1788804218.2621522,
bind,unsigned,test.test-unsigned.example,cold,8024338,2,False,1788804218.2703516,
bind,unsigned,test.test-unsigned.example,cold,10036857,2,False,1788804218.2805235,
bind,unsigned,test.test-unsigned.example,cold,8464848,2,False,1788804218.2890818,
bind,unsigned,test.test-unsigned.example,cold,12088694,2,False,1788804218.3012643,
bind,unsigned,test.test-unsigned.example,cold,8894743,2,False,1788804218.3106337,
bind,unsigned,test.test-unsigned.example,cold,9493477,2,False,1788804218.3219705,
bind,unsigned,test.test-unsigned.example,cold,7160162,2,False,1788804218.329245,
bind,unsigned,test.test-unsigned.example,cold,10464382,2,False,1788804218.3398328,
bind,unsigned,test.test-unsigned.example,cold,8956867,2,False,1788804218.3489137,
bind,unsigned,test.test-unsigned.example,cold,9479247,2,False,1788804218.358509,
bind,unsigned,test.test-unsigned.example,cold,9750302,2,False,1788804218.3683734,
bind,unsigned,test.test-unsigned.example,cold,18278043,2,False,1788804218.3868093,
bind,unsigned,test.test-unsigned.example,cold,10085584,2,False,1788804218.3970437,
bind,unsigned,test.test-unsigned.example,cold,7644234,2,False,1788804218.4048607,
bind,unsigned,test.test-unsigned.example,cold,13404840,2,False,1788804218.4184704,
bind,unsigned,test.test-unsigned.example,cold,7351664,2,False,1788804218.4259312,
bind,unsigned,test.test-unsigned.example,cold,22540310,2,False,1788804218.44857,
bind,unsigned,test.test-unsigned.example,cold,7826322,2,False,1788804218.4565043,
bind,unsigned,test.test-unsigned.example,cold,10314916,2,False,1788804218.4671237,
bind,unsigned,test.test-unsigned.example,cold,9757870,2,False,1788804218.4771392,
bind,unsigned,test.test-unsigned.example,cold,6949346,2,False,1788804218.4844441,
bind,unsigned,test.test-unsigned.example,cold,7436111,2,False,1788804218.491956,
bind,unsigned,test.test-unsigned.example,cold,12865076,2,False,1788804218.50494,
bind,unsigned,test.test-unsigned.example,cold,11775853,2,False,1788804218.5168798,
bind,unsigned,test.test-unsigned.example,cold,9700695,2,False,1788804218.5266957,
bind,unsigned,test.test-unsigned.example,cold,14940284,2,False,1788804218.541734,
bind,unsigned,test.test-unsigned.example,cold,14066478,2,False,1788804218.555925,
bind,unsigned,test.test-unsigned.example,cold,8152709,2,False,1788804218.564183,
bind,unsigned,test.test-unsigned.example,cold,7562039,2,False,1788804218.5718634,
bind,unsigned,test.test-unsigned.example,cold,7939715,2,False,1788804218.5799525,
bind,unsigned,test.test-unsigned.example,cold,5383529,2,False,1788804218.58542,
bind,unsigned,test.test-unsigned.example,cold,8778030,2,False,1788804218.5942988,
bind,unsigned,test.test-unsigned.example,cold,9706252,2,False,1788804218.6041555,
bind,unsigned,test.test-unsigned.example,cold,10272141,2,False,1788804218.614537,
bind,unsigned,test.test-unsigned.example,cold,6889517,2,False,1788804218.6215527,
bind,unsigned,test.test-unsigned.example,cold,7561695,2,False,1788804218.629273,
bind,unsigned,test.test-unsigned.example,cold,7639183,2,False,1788804218.6371284,
bind,unsigned,test.test-unsigned.example,cold,7019712,2,False,1788804218.6442387,
bind,unsigned,test.test-unsigned.example,cold,11424772,2,False,1788804218.6557763,
bind,unsigned,test.test-unsigned.example,cold,12054046,2,False,1788804218.6679375,
bind,unsigned,test.test-unsigned.example,cold,24474367,2,False,1788804218.6925182,
bind,unsigned,test.test-unsigned.example,cold,14221961,2,False,1788804218.7068574,
bind,unsigned,test.test-unsigned.example,cold,14217287,2,False,1788804218.7255456,
bind,unsigned,test.test-unsigned.example,cold,7795593,2,False,1788804218.7336214,
bind,unsigned,test.test-unsigned.example,cold,7279504,2,False,1788804218.7410219,
bind,unsigned,test.test-unsigned.example,cold,6834054,2,False,1788804218.7479956,
bind,unsigned,test.test-unsigned.example,cold,10471954,2,False,1788804218.7586703,
bind,unsigned,test.test-unsigned.example,cold,13991900,2,False,1788804218.7730007,
bind,unsigned,test.test-unsigned.example,cold,7824787,2,False,1788804218.7809381,
bind,unsigned,test.test-unsigned.example,cold,12165950,2,False,1788804218.793226,
bind,unsigned,test.test-unsigned.example,cold,7700594,2,False,1788804218.8011382,
bind,unsigned,test.test-unsigned.example,cold,8499531,2,False,1788804218.809751,
bind,unsigned,test.test-unsigned.example,cold,9481350,2,False,1788804218.8193502,
bind,unsigned,test.test-unsigned.example,cold,8329598,2,False,1788804218.8277845,
bind,unsigned,test.test-unsigned.example,cold,17963232,2,False,1788804218.8458552,
bind,unsigned,test.test-unsigned.example,cold,12764793,2,False,1788804218.858721,
bind,unsigned,test.test-unsigned.example,cold,10913653,2,False,1788804218.8697667,
bind,unsigned,test.test-unsigned.example,cold,10004308,2,False,1788804218.8799217,
bind,unsigned,test.test-unsigned.example,cold,6616269,2,False,1788804218.8869328,
bind,unsigned,test.test-unsigned.example,cold,18428257,2,False,1788804218.9054885,
bind,unsigned,test.test-unsigned.example,cold,6579718,2,False,1788804218.9121761,
bind,unsigned,test.test-unsigned.example,cold,10629234,2,False,1788804218.92295,
bind,unsigned,test.test-unsigned.example,cold,9208966,2,False,1788804218.9322803,
bind,unsigned,test.test-unsigned.example,cold,8596576,2,False,1788804218.9409804,
bind,unsigned,test.test-unsigned.example,cold,11633776,2,False,1788804218.9529681,
bind,unsigned,test.test-unsigned.example,cold,15567265,2,False,1788804218.9686763,
bind,unsigned,test.test-unsigned.example,cold,13364096,2,False,1788804218.9821455,
bind,unsigned,test.test-unsigned.example,cold,8496345,2,False,1788804218.9907463,
bind,unsigned,test.test-unsigned.example,cold,6940647,2,False,1788804218.9977913,
bind,unsigned,test.test-unsigned.example,cold,9686258,2,False,1788804219.0075736,
bind,unsigned,test.test-unsigned.example,cold,11184276,2,False,1788804219.018858,
bind,unsigned,test.test-unsigned.example,cold,14213850,2,False,1788804219.0331767,
bind,unsigned,test.test-unsigned.example,cold,33134923,2,False,1788804219.0664146,
bind,unsigned,test.test-unsigned.example,cold,19286638,2,False,1788804219.0857854,
bind,unsigned,test.test-unsigned.example,cold,5784877,2,False,1788804219.0918136,
bind,unsigned,test.test-unsigned.example,cold,7172591,2,False,1788804219.0991192,
bind,unsigned,test.test-unsigned.example,cold,7432693,2,False,1788804219.1066551,
bind,unsigned,test.test-unsigned.example,cold,11480959,2,False,1788804219.118245,
bind,unsigned,test.test-unsigned.example,cold,8602483,2,False,1788804219.126999,
bind,unsigned,test.test-unsigned.example,cold,7329692,2,False,1788804219.1344855,
bind,unsigned,test.test-unsigned.example,cold,7335715,2,False,1788804219.1419282,
bind,unsigned,test.test-unsigned.example,cold,6672496,2,False,1788804219.148746,
bind,unsigned,test.test-unsigned.example,cold,7861594,2,False,1788804219.1567287,
bind,unsigned,test.test-unsigned.example,cold,12959051,2,False,1788804219.169798,
bind,unsigned,test.test-unsigned.example,cold,7904029,2,False,1788804219.1778028,
bind,unsigned,test.test-unsigned.example,cold,14931351,2,False,1788804219.192842,
bind,unsigned,test.test-unsigned.example,cold,18227769,2,False,1788804219.2111642,
bind,unsigned,test.test-unsigned.example,cold,11106106,2,False,1788804219.2223668,
bind,unsigned,test.test-unsigned.example,cold,23237340,2,False,1788804219.245705,
bind,unsigned,test.test-unsigned.example,cold,29828447,2,False,1788804219.2757192,
bind,unsigned,test.test-unsigned.example,cold,9499292,2,False,1788804219.286799,
bind,unsigned,test.test-unsigned.example,cold,8047846,2,False,1788804219.2950597,
bind,unsigned,test.test-unsigned.example,cold,8642722,2,False,1788804219.3038008,
bind,unsigned,test.test-unsigned.example,cold,7373743,2,False,1788804219.3112755,
bind,unsigned,test.test-unsigned.example,cold,6846874,2,False,1788804219.3182185,
bind,unsigned,test.test-unsigned.example,cold,9916455,2,False,1788804219.3282576,
bind,unsigned,test.test-unsigned.example,cold,9269495,2,False,1788804219.337683,
bind,unsigned,test.test-unsigned.example,cold,13807507,2,False,1788804219.3515854,
bind,unsigned,test.test-unsigned.example,cold,7635416,2,False,1788804219.3593442,
bind,unsigned,test.test-unsigned.example,cold,14606314,2,False,1788804219.3740516,
bind,unsigned,test.test-unsigned.example,cold,12281748,2,False,1788804219.3864462,
bind,unsigned,test.test-unsigned.example,cold,6967913,2,False,1788804219.3935375,
bind,unsigned,test.test-unsigned.example,cold,7016366,2,False,1788804219.400672,
bind,unsigned,test.test-unsigned.example,cold,12475629,2,False,1788804219.4132752,
bind,unsigned,test.test-unsigned.example,cold,13825205,2,False,1788804219.4272523,
bind,unsigned,test.test-unsigned.example,cold,11069086,2,False,1788804219.4384522,
bind,unsigned,test.test-unsigned.example,cold,7333436,2,False,1788804219.4458911,
bind,unsigned,test.test-unsigned.example,cold,7180153,2,False,1788804219.453272,
bind,unsigned,test.test-unsigned.example,cold,6569467,2,False,1788804219.4599247,
bind,unsigned,test.test-unsigned.example,cold,8607363,2,False,1788804219.4687328,
bind,unsigned,test.test-unsigned.example,cold,7433963,2,False,1788804219.476276,
bind,unsigned,test.test-unsigned.example,cold,10440822,2,False,1788804219.486818,
bind,unsigned,test.test-unsigned.example,cold,12673459,2,False,1788804219.4995928,
bind,unsigned,test.test-unsigned.example,cold,7797994,2,False,1788804219.507695,
bind,unsigned,test.test-unsigned.example,cold,13233431,2,False,1788804219.5210667,
bind,unsigned,test.test-unsigned.example,cold,7532122,2,False,1788804219.5287068,
bind,unsigned,test.test-unsigned.example,cold,7254987,2,False,1788804219.5360558,
bind,unsigned,test.test-unsigned.example,cold,6754432,2,False,1788804219.542926,
bind,unsigned,test.test-unsigned.example,cold,6940660,2,False,1788804219.5500195,
bind,unsigned,test.test-unsigned.example,cold,7010811,2,False,1788804219.5571365,
bind,unsigned,test.test-unsigned.example,cold,13952021,2,False,1788804219.571227,
bind,unsigned,test.test-unsigned.example,cold,7547378,2,False,1788804219.5789142,
bind,unsigned,test.test-unsigned.example,cold,9476510,2,False,1788804219.5884902,
bind,unsigned,test.test-unsigned.example,cold,7374697,2,False,1788804219.5959694,
bind,unsigned,test.test-unsigned.example,cold,10380877,2,False,1788804219.6064527,
bind,unsigned,test.test-unsigned.example,cold,8746596,2,False,1788804219.6155963,
bind,unsigned,test.test-unsigned.example,cold,7948670,2,False,1788804219.6236434,
bind,unsigned,test.test-unsigned.example,cold,6993462,2,False,1788804219.6307302,
bind,unsigned,test.test-unsigned.example,cold,6667554,2,False,1788804219.6375005,
bind,unsigned,test.test-unsigned.example,cold,5823404,2,False,1788804219.6434276,
bind,unsigned,test.test-unsigned.example,cold,9270431,2,False,1788804219.65279,
bind,unsigned,test.test-unsigned.example,cold,6497801,2,False,1788804219.6593864,
bind,unsigned,test.test-unsigned.example,cold,7745120,2,False,1788804219.667315,
bind,unsigned,test.test-unsigned.example,cold,6713689,2,False,1788804219.6741314,
bind,unsigned,test.test-unsigned.example,cold,7827889,2,False,1788804219.68205,
bind,unsigned,test.test-unsigned.example,cold,8513950,2,False,1788804219.6906598,
bind,unsigned,test.test-unsigned.example,cold,8654753,2,False,1788804219.6995218,
bind,unsigned,test.test-unsigned.example,cold,7182937,2,False,1788804219.7068162,
bind,unsigned,test.test-unsigned.example,cold,7863235,2,False,1788804219.7148514,
bind,unsigned,test.test-unsigned.example,cold,7493700,2,False,1788804219.7225366,
bind,unsigned,test.test-unsigned.example,cold,9723226,2,False,1788804219.7323463,
bind,unsigned,test.test-unsigned.example,cold,7400795,2,False,1788804219.739854,
bind,unsigned,test.test-unsigned.example,cold,7503936,2,False,1788804219.7478354,
bind,unsigned,test.test-unsigned.example,cold,6718796,2,False,1788804219.7546873,
bind,unsigned,test.test-unsigned.example,cold,9838310,2,False,1788804219.7646449,
bind,unsigned,test.test-unsigned.example,cold,10696705,2,False,1788804219.775457,
bind,unsigned,test.test-unsigned.example,cold,4351262,2,False,1788804219.7799177,
bind,unsigned,test.test-unsigned.example,cold,8653764,2,False,1788804219.7886393,
bind,unsigned,test.test-unsigned.example,cold,8499248,2,False,1788804219.797221,
bind,unsigned,test.test-unsigned.example,cold,6253982,2,False,1788804219.8035998,
bind,unsigned,test.test-unsigned.example,cold,17104824,2,False,1788804219.8208032,
bind,unsigned,test.test-unsigned.example,cold,8285023,2,False,1788804219.8292274,
bind,unsigned,test.test-unsigned.example,cold,7712393,2,False,1788804219.837094,
bind,unsigned,test.test-unsigned.example,cold,6772779,2,False,1788804219.8439674,
bind,unsigned,test.test-unsigned.example,cold,10044495,2,False,1788804219.8541238,
bind,unsigned,test.test-unsigned.example,cold,6374464,2,False,1788804219.8605878,
bind,unsigned,test.test-unsigned.example,cold,6425425,2,False,1788804219.8671193,
bind,unsigned,test.test-unsigned.example,cold,9952319,2,False,1788804219.8771834,
bind,unsigned,test.test-unsigned.example,cold,8372445,2,False,1788804219.8856997,
bind,unsigned,test.test-unsigned.example,cold,6426320,2,False,1788804219.8922389,
bind,unsigned,test.test-unsigned.example,cold,9899453,2,False,1788804219.9023745,
bind,unsigned,test.test-unsigned.example,cold,5875238,2,False,1788804219.908371,
bind,unsigned,test.test-unsigned.example,cold,11374027,2,False,1788804219.9198117,
bind,unsigned,test.test-unsigned.example,cold,7116395,2,False,1788804219.9270275,
bind,unsigned,test.test-unsigned.example,cold,8102292,2,False,1788804219.9352367,
bind,unsigned,test.test-unsigned.example,cold,9747417,2,False,1788804219.945098,
bind,unsigned,test.test-unsigned.example,cold,7882393,2,False,1788804219.9531446,
bind,unsigned,test.test-unsigned.example,cold,7388618,2,False,1788804219.9606519,
bind,unsigned,test.test-unsigned.example,cold,15542338,2,False,1788804219.9762945,
bind,unsigned,test.test-unsigned.example,cold,8483504,2,False,1788804219.9848785,
bind,unsigned,test.test-unsigned.example,cold,9686763,2,False,1788804219.994708,
bind,unsigned,test.test-unsigned.example,cold,10577571,2,False,1788804220.0053937,
bind,unsigned,test.test-unsigned.example,cold,6161547,2,False,1788804220.0116751,
bind,unsigned,test.test-unsigned.example,cold,6954335,2,False,1788804220.0187323,
bind,unsigned,test.test-unsigned.example,cold,6942534,2,False,1788804220.02581,
bind,unsigned,test.test-unsigned.example,cold,6927731,2,False,1788804220.0328603,
bind,unsigned,test.test-unsigned.example,cold,6170267,2,False,1788804220.0391555,
bind,unsigned,test.test-unsigned.example,cold,11735097,2,False,1788804220.050986,
bind,unsigned,test.test-unsigned.example,cold,6992422,2,False,1788804220.0580783,
bind,unsigned,test.test-unsigned.example,cold,6846011,2,False,1788804220.065015,
bind,unsigned,test.test-unsigned.example,cold,6927400,2,False,1788804220.072053,
bind,unsigned,test.test-unsigned.example,cold,8750251,2,False,1788804220.0809436,
bind,unsigned,test.test-unsigned.example,cold,6896005,2,False,1788804220.0879407,
bind,unsigned,test.test-unsigned.example,cold,9166013,2,False,1788804220.0972083,
bind,unsigned,test.test-unsigned.example,cold,8067932,2,False,1788804220.1053886,
bind,unsigned,test.test-unsigned.example,cold,9623103,2,False,1788804220.1151083,
bind,unsigned,test.test-unsigned.example,cold,6654710,2,False,1788804220.121941,
bind,unsigned,test.test-unsigned.example,cold,12668154,2,False,1788804220.1347423,
bind,unsigned,test.test-unsigned.example,cold,7300881,2,False,1788804220.1421921,
bind,unsigned,test.test-unsigned.example,cold,10295956,2,False,1788804220.1526887,
bind,unsigned,test.test-unsigned.example,cold,12992057,2,False,1788804220.1659179,
bind,unsigned,test.test-unsigned.example,cold,6994021,2,False,1788804220.1730509,
bind,unsigned,test.test-unsigned.example,cold,10194250,2,False,1788804220.1833358,
bind,unsigned,test.test-unsigned.example,cold,8494932,2,False,1788804220.1919308,
bind,unsigned,test.test-unsigned.example,cold,9476374,2,False,1788804220.2015748,
bind,unsigned,test.test-unsigned.example,cold,8172184,2,False,1788804220.2098663,
bind,unsigned,test.test-unsigned.example,cold,20918769,2,False,1788804220.2309408,
bind,unsigned,test.test-unsigned.example,cold,13102271,2,False,1788804220.2441878,
bind,unsigned,test.test-unsigned.example,cold,8249400,2,False,1788804220.25261,
bind,unsigned,test.test-unsigned.example,cold,8114693,2,False,1788804220.2609217,
bind,unsigned,test.test-unsigned.example,cold,9722931,2,False,1788804220.2708123,
bind,unsigned,test.test-unsigned.example,cold,8318226,2,False,1788804220.279252,
bind,unsigned,test.test-unsigned.example,cold,10205266,2,False,1788804220.2895706,
bind,unsigned,test.test-unsigned.example,cold,11244590,2,False,1788804220.3009353,
bind,unsigned,test.test-unsigned.example,cold,9865934,2,False,1788804220.3109214,
bind,unsigned,test.test-unsigned.example,cold,14050551,2,False,1788804220.32508,
bind,unsigned,test.test-unsigned.example,cold,13001950,2,False,1788804220.3385248,
bind,unsigned,test.test-unsigned.example,cold,10068246,2,False,1788804220.3487182,
bind,unsigned,test.test-unsigned.example,cold,7078847,2,False,1788804220.3559105,
bind,unsigned,test.test-unsigned.example,cold,11375783,2,False,1788804220.3677967,
bind,unsigned,test.test-unsigned.example,cold,8305629,2,False,1788804220.3761933,
bind,unsigned,test.test-unsigned.example,cold,13329280,2,False,1788804220.3896174,
bind,unsigned,test.test-unsigned.example,cold,7660639,2,False,1788804220.3974466,
bind,unsigned,test.test-unsigned.example,cold,12860501,2,False,1788804220.4104252,
bind,unsigned,test.test-unsigned.example,cold,7710855,2,False,1788804220.4182227,
bind,unsigned,test.test-unsigned.example,cold,6731427,2,False,1788804220.4250624,
bind,unsigned,test.test-unsigned.example,cold,7105236,2,False,1788804220.4322646,
bind,unsigned,test.test-unsigned.example,cold,8144913,2,False,1788804220.4405038,
bind,unsigned,test.test-unsigned.example,cold,6573634,2,False,1788804220.4471765,
bind,unsigned,test.test-unsigned.example,cold,13511689,2,False,1788804220.4607818,
bind,unsigned,test.test-unsigned.example,cold,13730795,2,False,1788804220.4746244,
bind,unsigned,test.test-unsigned.example,cold,7233277,2,False,1788804220.4819944,
bind,unsigned,test.test-unsigned.example,cold,7076979,2,False,1788804220.489161,
bind,unsigned,test.test-unsigned.example,cold,7427180,2,False,1788804220.4966846,
bind,unsigned,test.test-unsigned.example,cold,10160417,2,False,1788804220.506944,
bind,unsigned,test.test-unsigned.example,cold,8135736,2,False,1788804220.5151763,
bind,unsigned,test.test-unsigned.example,cold,6551789,2,False,1788804220.5218353,
bind,unsigned,test.test-unsigned.example,cold,6215111,2,False,1788804220.5281956,
bind,unsigned,test.test-unsigned.example,cold,9655677,2,False,1788804220.5380764,
bind,unsigned,test.test-unsigned.example,cold,7646571,2,False,1788804220.5458703,
bind,unsigned,test.test-unsigned.example,cold,7175503,2,False,1788804220.5531824,
bind,unsigned,test.test-unsigned.example,cold,9172166,2,False,1788804220.5624583,
bind,unsigned,test.test-unsigned.example,cold,8548734,2,False,1788804220.5711129,
bind,unsigned,test.test-unsigned.example,cold,9103351,2,False,1788804220.5805905,
bind,unsigned,test.test-unsigned.example,cold,30864753,2,False,1788804220.6115556,
bind,unsigned,test.test-unsigned.example,cold,8596227,2,False,1788804220.6202726,
bind,unsigned,test.test-unsigned.example,cold,10064862,2,False,1788804220.630768,
bind,unsigned,test.test-unsigned.example,cold,5952432,2,False,1788804220.6368299,
bind,unsigned,test.test-unsigned.example,cold,8310874,2,False,1788804220.6453462,
bind,unsigned,test.test-unsigned.example,cold,7188202,2,False,1788804220.652668,
bind,unsigned,test.test-unsigned.example,cold,6284632,2,False,1788804220.6590667,
bind,unsigned,test.test-unsigned.example,cold,6773290,2,False,1788804220.665962,
bind,unsigned,test.test-unsigned.example,cold,7041418,2,False,1788804220.6731021,
bind,unsigned,test.test-unsigned.example,cold,6483492,2,False,1788804220.6796665,
bind,unsigned,test.test-unsigned.example,cold,9460800,2,False,1788804220.6892188,
bind,unsigned,test.test-unsigned.example,cold,13644906,2,False,1788804220.7029917,
bind,unsigned,test.test-unsigned.example,cold,19268473,2,False,1788804220.7225144,
bind,unsigned,test.test-unsigned.example,cold,7834197,2,False,1788804220.7304428,
bind,unsigned,test.test-unsigned.example,cold,6070934,2,False,1788804220.7367876,
bind,unsigned,test.test-unsigned.example,cold,10040616,2,False,1788804220.7469175,
bind,unsigned,test.test-unsigned.example,cold,7147318,2,False,1788804220.7541463,
bind,unsigned,test.test-unsigned.example,cold,6398586,2,False,1788804220.7606256,
bind,unsigned,test.test-unsigned.example,cold,6404259,2,False,1788804220.7671514,
bind,unsigned,test.test-unsigned.example,cold,8032274,2,False,1788804220.7752616,
bind,unsigned,test.test-unsigned.example,cold,7094374,2,False,1788804220.782431,
bind,unsigned,test.test-unsigned.example,cold,10567166,2,False,1788804220.793154,
bind,unsigned,test.test-unsigned.example,cold,9840269,2,False,1788804220.8030882,
bind,unsigned,test.test-unsigned.example,cold,10553856,2,False,1788804220.813736,
bind,unsigned,test.test-unsigned.example,cold,6783190,2,False,1788804220.8206067,
bind,unsigned,test.test-unsigned.example,cold,6351190,2,False,1788804220.827052,
bind,unsigned,test.test-unsigned.example,cold,5895934,2,False,1788804220.8330474,
bind,unsigned,test.test-unsigned.example,cold,6900183,2,False,1788804220.84003,
bind,unsigned,test.test-unsigned.example,cold,8594398,2,False,1788804220.848706,
bind,unsigned,test.test-unsigned.example,cold,6345518,2,False,1788804220.8551514,
bind,unsigned,test.test-unsigned.example,cold,6591339,2,False,1788804220.861826,
bind,unsigned,test.test-unsigned.example,cold,6515313,2,False,1788804220.8684976,
bind,unsigned,test.test-unsigned.example,cold,6483403,2,False,1788804220.875074,
bind,unsigned,test.test-unsigned.example,cold,5765708,2,False,1788804220.8809097,
bind,unsigned,test.test-unsigned.example,cold,5748641,2,False,1788804220.886738,
bind,unsigned,test.test-unsigned.example,cold,10327356,2,False,1788804220.8971503,
bind,unsigned,test.test-unsigned.example,cold,7988196,2,False,1788804220.9052103,
bind,unsigned,test.test-unsigned.example,cold,9535872,2,False,1788804220.9148324,
bind,unsigned,test.test-unsigned.example,cold,7173311,2,False,1788804220.9220855,
bind,unsigned,test.test-unsigned.example,cold,6593780,2,False,1788804220.9287806,
bind,unsigned,test.test-unsigned.example,cold,7937006,2,False,1788804220.937121,
bind,unsigned,test.test-unsigned.example,cold,6937285,2,False,1788804220.9441724,
bind,unsigned,test.test-unsigned.example,cold,8630756,2,False,1788804220.952904,
bind,unsigned,test.test-unsigned.example,cold,9219506,2,False,1788804220.9622464,
bind,unsigned,test.test-unsigned.example,cold,6066973,2,False,1788804220.968406,
bind,unsigned,test.test-unsigned.example,cold,5788685,2,False,1788804220.9742994,
bind,unsigned,test.test-unsigned.example,cold,6167930,2,False,1788804220.980552,
bind,unsigned,test.test-unsigned.example,cold,6851566,2,False,1788804220.987494,
bind,unsigned,test.test-unsigned.example,cold,9254192,2,False,1788804220.9968414,
bind,unsigned,test.test-unsigned.example,cold,7341195,2,False,1788804221.0042875,
bind,unsigned,test.test-unsigned.example,cold,13034199,2,False,1788804221.0174365,
bind,unsigned,test.test-unsigned.example,cold,6250138,2,False,1788804221.0237978,
bind,unsigned,test.test-unsigned.example,cold,7938954,2,False,1788804221.031844,
bind,unsigned,test.test-unsigned.example,cold,6634012,2,False,1788804221.0385528,
bind,unsigned,test.test-unsigned.example,cold,7052237,2,False,1788804221.0457096,
bind,unsigned,test.test-unsigned.example,cold,7647516,2,False,1788804221.0534513,
bind,unsigned,test.test-unsigned.example,cold,6284431,2,False,1788804221.0598452,
bind,unsigned,test.test-unsigned.example,cold,6600561,2,False,1788804221.0665607,
bind,unsigned,test.test-unsigned.example,cold,7259792,2,False,1788804221.0739174,
bind,unsigned,test.test-unsigned.example,cold,7884905,2,False,1788804221.0818982,
bind,unsigned,test.test-unsigned.example,cold,5928162,2,False,1788804221.0879142,
bind,unsigned,test.test-unsigned.example,cold,5980622,2,False,1788804221.094015,
bind,unsigned,test.test-unsigned.example,cold,6638571,2,False,1788804221.1007552,
bind,unsigned,test.test-unsigned.example,cold,5861640,2,False,1788804221.1067128,
bind,unsigned,test.test-unsigned.example,cold,9648939,2,False,1788804221.116602,
bind,unsigned,test.test-unsigned.example,cold,8927445,2,False,1788804221.1256793,
bind,unsigned,test.test-unsigned.example,cold,7166135,2,False,1788804221.132909,
bind,unsigned,test.test-unsigned.example,cold,5695697,2,False,1788804221.138692,
bind,unsigned,test.test-unsigned.example,cold,6428775,2,False,1788804221.1452098,
bind,unsigned,test.test-unsigned.example,cold,8758337,2,False,1788804221.15404,
bind,unsigned,test.test-unsigned.example,cold,6727721,2,False,1788804221.160867,
bind,unsigned,test.test-unsigned.example,cold,6673135,2,False,1788804221.167608,
bind,unsigned,test.test-unsigned.example,cold,10016428,2,False,1788804221.1777153,
bind,unsigned,test.test-unsigned.example,cold,9002635,2,False,1788804221.1868253,
bind,unsigned,test.test-unsigned.example,cold,8363539,2,False,1788804221.195269,
bind,unsigned,test.test-unsigned.example,cold,8284878,2,False,1788804221.2036567,
bind,unsigned,test.test-unsigned.example,cold,6433173,2,False,1788804221.2101877,
bind,unsigned,test.test-unsigned.example,cold,11339030,2,False,1788804221.2216277,
bind,unsigned,test.test-unsigned.example,cold,8350164,2,False,1788804221.2301428,
bind,unsigned,test.test-unsigned.example,cold,7165451,2,False,1788804221.2374454,
bind,unsigned,test.test-unsigned.example,cold,7088139,2,False,1788804221.2446342,
bind,unsigned,test.test-unsigned.example,cold,8293324,2,False,1788804221.2530441,
bind,unsigned,test.test-unsigned.example,cold,18211704,2,False,1788804221.2713718,
bind,unsigned,test.test-unsigned.example,cold,26535835,2,False,1788804221.2980285,
bind,unsigned,test.test-unsigned.example,cold,15615285,2,False,1788804221.3139517,
bind,unsigned,test.test-unsigned.example,cold,9034760,2,False,1788804221.3231192,
bind,unsigned,test.test-unsigned.example,cold,9291222,2,False,1788804221.3325257,
bind,unsigned,test.test-unsigned.example,cold,8759662,2,False,1788804221.341376,
bind,unsigned,test.test-unsigned.example,cold,15310662,2,False,1788804221.356797,
bind,unsigned,test.test-unsigned.example,cold,8913547,2,False,1788804221.3661323,
bind,unsigned,test.test-unsigned.example,cold,11561822,2,False,1788804221.3778882,
bind,unsigned,test.test-unsigned.example,cold,9376109,2,False,1788804221.3874233,
bind,unsigned,test.test-unsigned.example,cold,7995093,2,False,1788804221.3955486,
bind,unsigned,test.test-unsigned.example,cold,10775425,2,False,1788804221.406419,
bind,unsigned,test.test-unsigned.example,cold,10452370,2,False,1788804221.4172156,
bind,unsigned,test.test-unsigned.example,cold,10963945,2,False,1788804221.4282823,
bind,unsigned,test.test-unsigned.example,cold,16329991,2,False,1788804221.4447439,
bind,unsigned,test.test-unsigned.example,cold,19200778,2,False,1788804221.464661,
bind,unsigned,test.test-unsigned.example,cold,18502359,2,False,1788804221.4833207,
bind,unsigned,test.test-unsigned.example,cold,7799315,2,False,1788804221.4914036,
bind,unsigned,test.test-unsigned.example,cold,8061751,2,False,1788804221.499561,
bind,unsigned,test.test-unsigned.example,cold,12918773,2,False,1788804221.5125754,
bind,unsigned,test.test-unsigned.example,cold,8114789,2,False,1788804221.5207822,
bind,unsigned,test.test-unsigned.example,cold,9144107,2,False,1788804221.530022,
bind,unsigned,test.test-unsigned.example,cold,7205616,2,False,1788804221.537325,
bind,unsigned,test.test-unsigned.example,cold,7446679,2,False,1788804221.5448716,
bind,unsigned,test.test-unsigned.example,cold,9616583,2,False,1788804221.5545824,
bind,unsigned,test.test-unsigned.example,cold,7879339,2,False,1788804221.5625596,
bind,unsigned,test.test-unsigned.example,cold,8491131,2,False,1788804221.571161,
bind,unsigned,test.test-unsigned.example,cold,6454056,2,False,1788804221.5777538,
bind,unsigned,test.test-unsigned.example,cold,10433447,2,False,1788804221.5882862,
bind,unsigned,test.test-unsigned.example,cold,6201387,2,False,1788804221.5946186,
bind,unsigned,test.test-unsigned.example,cold,7167223,2,False,1788804221.6019733,
bind,unsigned,test.test-unsigned.example,cold,12336685,2,False,1788804221.614405,
bind,unsigned,test.test-unsigned.example,cold,6270344,2,False,1788804221.620786,
bind,unsigned,test.test-unsigned.example,cold,12196960,2,False,1788804221.633089,
bind,unsigned,test.test-unsigned.example,cold,10939701,2,False,1788804221.6441486,
bind,unsigned,test.test-unsigned.example,cold,8755312,2,False,1788804221.6531334,
bind,unsigned,test.test-unsigned.example,cold,16309887,2,False,1788804221.6695588,
bind,unsigned,test.test-unsigned.example,cold,9259721,2,False,1788804221.6789238,
bind,unsigned,test.test-unsigned.example,cold,17987662,2,False,1788804221.6970057,
bind,unsigned,test.test-unsigned.example,cold,18370574,2,False,1788804221.7154832,
bind,unsigned,test.test-unsigned.example,cold,10068349,2,False,1788804221.7257285,
bind,unsigned,test.test-unsigned.example,cold,7560411,2,False,1788804221.7333932,
bind,unsigned,test.test-unsigned.example,cold,10469750,2,False,1788804221.7439413,
bind,unsigned,test.test-unsigned.example,cold,10121175,2,False,1788804221.7541616,
bind,unsigned,test.test-unsigned.example,cold,22340749,2,False,1788804221.7765899,
bind,unsigned,test.test-unsigned.example,cold,6305428,2,False,1788804221.782994,
bind,unsigned,test.test-unsigned.example,cold,6517329,2,False,1788804221.7896154,
bind,unsigned,test.test-unsigned.example,cold,6216625,2,False,1788804221.7959075,
bind,unsigned,test.test-unsigned.example,cold,8384109,2,False,1788804221.8043547,
bind,unsigned,test.test-unsigned.example,cold,8678879,2,False,1788804221.813132,
bind,unsigned,test.test-unsigned.example,cold,7554432,2,False,1788804221.8207543,
bind,unsigned,test.test-unsigned.example,cold,9093719,2,False,1788804221.8299525,
bind,unsigned,test.test-unsigned.example,cold,9197716,2,False,1788804221.8392227,
bind,unsigned,test.test-unsigned.example,cold,6991673,2,False,1788804221.8463078,
bind,unsigned,test.test-unsigned.example,cold,5761296,2,False,1788804221.8521643,
bind,unsigned,test.test-unsigned.example,cold,7071343,2,False,1788804221.859328,
bind,unsigned,test.test-unsigned.example,cold,9243831,2,False,1788804221.8686585,
bind,unsigned,test.test-unsigned.example,cold,5697227,2,False,1788804221.8744848,
bind,unsigned,test.test-unsigned.example,cold,8826054,2,False,1788804221.8833873,
bind,unsigned,test.test-unsigned.example,cold,113733381,2,False,1788804221.9972506,
bind,unsigned,test.test-unsigned.example,cold,10279983,2,False,1788804222.0077138,
bind,unsigned,test.test-unsigned.example,cold,11697395,2,False,1788804222.0195615,
bind,unsigned,test.test-unsigned.example,cold,8426514,2,False,1788804222.0281444,
bind,unsigned,test.test-unsigned.example,cold,10904316,2,False,1788804222.039183,
bind,unsigned,test.test-unsigned.example,cold,10372606,2,False,1788804222.0497155,
bind,unsigned,test.test-unsigned.example,cold,7224324,2,False,1788804222.0570164,
bind,unsigned,test.test-unsigned.example,cold,6565727,2,False,1788804222.063703,
bind,unsigned,test.test-unsigned.example,cold,9313349,2,False,1788804222.0731142,
bind,unsigned,test.test-unsigned.example,cold,6090411,2,False,1788804222.07934,
bind,unsigned,test.test-unsigned.example,cold,6492207,2,False,1788804222.085919,
bind,unsigned,test.test-unsigned.example,cold,5868895,2,False,1788804222.091861,
bind,unsigned,test.test-unsigned.example,cold,14221939,2,False,1788804222.1061978,
bind,unsigned,test.test-unsigned.example,cold,8939654,2,False,1788804222.115242,
bind,unsigned,test.test-unsigned.example,cold,7349603,2,False,1788804222.122683,
bind,unsigned,test.test-unsigned.example,cold,6629990,2,False,1788804222.1294036,
bind,unsigned,test.test-unsigned.example,cold,10281049,2,False,1788804222.1397927,
bind,unsigned,test.test-unsigned.example,cold,13016589,2,False,1788804222.1529438,
bind,unsigned,test.test-unsigned.example,cold,10874362,2,False,1788804222.16394,
bind,unsigned,test.test-unsigned.example,cold,10886758,2,False,1788804222.174923,
bind,unsigned,test.test-unsigned.example,cold,8418141,2,False,1788804222.1834586,
bind,unsigned,test.test-unsigned.example,cold,6620638,2,False,1788804222.1902063,
bind,unsigned,test.test-unsigned.example,cold,6962802,2,False,1788804222.1972625,
bind,unsigned,test.test-unsigned.example,cold,6372612,2,False,1788804222.2038202,
bind,unsigned,test.test-unsigned.example,cold,7709941,2,False,1788804222.2116368,
bind,unsigned,test.test-unsigned.example,cold,13161168,2,False,1788804222.2249098,
bind,unsigned,test.test-unsigned.example,cold,7966353,2,False,1788804222.232986,
bind,unsigned,test.test-unsigned.example,cold,8662496,2,False,1788804222.2417488,
bind,unsigned,test.test-unsigned.example,cold,6193253,2,False,1788804222.248036,
bind,unsigned,test.test-unsigned.example,cold,5940401,2,False,1788804222.2540903,
bind,unsigned,test.test-unsigned.example,cold,6360698,2,False,1788804222.2605312,
bind,unsigned,test.test-unsigned.example,cold,6852102,2,False,1788804222.267466,
bind,unsigned,test.test-unsigned.example,cold,10197368,2,False,1788804222.2777514,
bind,unsigned,test.test-unsigned.example,cold,7883083,2,False,1788804222.285717,
bind,unsigned,test.test-unsigned.example,cold,5718665,2,False,1788804222.2915106,
bind,unsigned,test.test-unsigned.example,cold,6929162,2,False,1788804222.2985084,
bind,unsigned,test.test-unsigned.example,cold,6888975,2,False,1788804222.3054752,
bind,unsigned,test.test-unsigned.example,cold,7611331,2,False,1788804222.3131843,
bind,unsigned,test.test-unsigned.example,cold,9314615,2,False,1788804222.3226063,
bind,unsigned,test.test-unsigned.example,cold,8080814,2,False,1788804222.3307774,
bind,unsigned,test.test-unsigned.example,cold,12573432,2,False,1788804222.3434427,
bind,unsigned,test.test-unsigned.example,cold,7550857,2,False,1788804222.3510623,
bind,unsigned,test.test-unsigned.example,cold,6830255,2,False,1788804222.3579838,
bind,unsigned,test.test-unsigned.example,cold,8665431,2,False,1788804222.3667226,
bind,unsigned,test.test-unsigned.example,cold,6831015,2,False,1788804222.3736358,
bind,unsigned,test.test-unsigned.example,cold,5815433,2,False,1788804222.379519,
bind,unsigned,test.test-unsigned.example,cold,8658200,2,False,1788804222.3882594,
bind,unsigned,test.test-unsigned.example,cold,8919371,2,False,1788804222.3977938,
bind,unsigned,test.test-unsigned.example,cold,7828003,2,False,1788804222.4057314,
bind,unsigned,test.test-unsigned.example,cold,5669012,2,False,1788804222.4114807,
bind,unsigned,test.test-unsigned.example,cold,7053600,2,False,1788804222.4186258,
bind,unsigned,test.test-unsigned.example,cold,13062976,2,False,1788804222.4317772,
bind,unsigned,test.test-unsigned.example,cold,15065189,2,False,1788804222.4469411,
bind,unsigned,test.test-unsigned.example,cold,7989979,2,False,1788804222.455055,
bind,unsigned,test.test-unsigned.example,cold,9493629,2,False,1788804222.46471,
bind,unsigned,test.test-unsigned.example,cold,8787869,2,False,1788804222.4736373,
bind,unsigned,test.test-unsigned.example,cold,6486713,2,False,1788804222.4802263,
bind,unsigned,test.test-unsigned.example,cold,7480552,2,False,1788804222.4877996,
bind,unsigned,test.test-unsigned.example,cold,8300024,2,False,1788804222.4962013,
bind,unsigned,test.test-unsigned.example,cold,5045002,2,False,1788804222.501348,
bind,unsigned,test.test-unsigned.example,cold,7786810,2,False,1788804222.5092113,
bind,unsigned,test.test-unsigned.example,cold,7648631,2,False,1788804222.5169542,
bind,unsigned,test.test-unsigned.example,cold,5842511,2,False,1788804222.5228949,
bind,unsigned,test.test-unsigned.example,cold,7618309,2,False,1788804222.530592,
bind,unsigned,test.test-unsigned.example,cold,6774720,2,False,1788804222.5374715,
bind,unsigned,test.test-unsigned.example,cold,10019230,2,False,1788804222.5475895,
bind,unsigned,test.test-unsigned.example,cold,6965302,2,False,1788804222.5546527,
bind,unsigned,test.test-unsigned.example,cold,6305344,2,False,1788804222.561023,
bind,unsigned,test.test-unsigned.example,cold,12075628,2,False,1788804222.573222,
bind,unsigned,test.test-unsigned.example,cold,10531845,2,False,1788804222.5838847,
bind,unsigned,test.test-unsigned.example,cold,7234516,2,False,1788804222.5912263,
bind,unsigned,test.test-unsigned.example,cold,6822281,2,False,1788804222.5981467,
bind,unsigned,test.test-unsigned.example,cold,8478498,2,False,1788804222.606708,
bind,unsigned,test.test-unsigned.example,cold,9719599,2,False,1788804222.616508,
bind,unsigned,test.test-unsigned.example,cold,6714240,2,False,1788804222.623315,
bind,unsigned,test.test-unsigned.example,cold,6908526,2,False,1788804222.6303124,
bind,unsigned,test.test-unsigned.example,cold,7035877,2,False,1788804222.6374202,
bind,unsigned,test.test-unsigned.example,cold,8131533,2,False,1788804222.645616,
bind,unsigned,test.test-unsigned.example,cold,6271481,2,False,1788804222.6519542,
bind,unsigned,test.test-unsigned.example,cold,8326629,2,False,1788804222.6603556,
bind,unsigned,test.test-unsigned.example,cold,9637256,2,False,1788804222.670079,
bind,unsigned,test.test-unsigned.example,cold,7068667,2,False,1788804222.677231,
bind,unsigned,test.test-unsigned.example,cold,10954093,2,False,1788804222.6883051,
bind,unsigned,test.test-unsigned.example,cold,8138080,2,False,1788804222.6965296,
bind,unsigned,test.test-unsigned.example,cold,7417139,2,False,1788804222.704018,
bind,unsigned,test.test-unsigned.example,cold,9389751,2,False,1788804222.7135403,
bind,unsigned,test.test-unsigned.example,cold,7229943,2,False,1788804222.72086,
bind,unsigned,test.test-unsigned.example,cold,12079949,2,False,1788804222.7330332,
bind,unsigned,test.test-unsigned.example,cold,10722105,2,False,1788804222.743867,
bind,unsigned,test.test-unsigned.example,cold,7945974,2,False,1788804222.7519479,
bind,unsigned,test.test-unsigned.example,cold,7597101,2,False,1788804222.7596428,
bind,unsigned,test.test-unsigned.example,cold,6676538,2,False,1788804222.766397,
bind,unsigned,test.test-unsigned.example,cold,9779497,2,False,1788804222.7762697,
bind,unsigned,test.test-unsigned.example,cold,12493469,2,False,1788804222.7888327,
bind,unsigned,test.test-unsigned.example,cold,7625665,2,False,1788804222.7965622,
bind,unsigned,test.test-unsigned.example,cold,6261659,2,False,1788804222.8029256,
bind,unsigned,test.test-unsigned.example,cold,6703654,2,False,1788804222.809716,
bind,unsigned,test.test-unsigned.example,cold,6542771,2,False,1788804222.8164024,
bind,unsigned,test.test-unsigned.example,cold,7229519,2,False,1788804222.823726,
bind,unsigned,test.test-unsigned.example,cold,12576997,2,False,1788804222.836413,
bind,unsigned,test.test-unsigned.example,cold,8987273,2,False,1788804222.8455732,
bind,unsigned,test.test-unsigned.example,cold,11124764,2,False,1788804222.8567922,
bind,unsigned,test.test-unsigned.example,cold,9898648,2,False,1788804222.866792,
bind,unsigned,test.test-unsigned.example,cold,9513780,2,False,1788804222.8765569,
bind,unsigned,test.test-unsigned.example,cold,7485706,2,False,1788804222.884148,
bind,unsigned,test.test-unsigned.example,cold,7785892,2,False,1788804222.8920312,
bind,unsigned,test.test-unsigned.example,cold,10857541,2,False,1788804222.9030168,
bind,unsigned,test.test-unsigned.example,cold,8698974,2,False,1788804222.9118094,
bind,unsigned,test.test-unsigned.example,cold,6657359,2,False,1788804222.918563,
bind,unsigned,test.test-unsigned.example,cold,6831876,2,False,1788804222.9254696,
bind,unsigned,test.test-unsigned.example,cold,9123369,2,False,1788804222.9346888,
bind,unsigned,test.test-unsigned.example,cold,6269288,2,False,1788804222.9410458,
bind,unsigned,test.test-unsigned.example,cold,9032271,2,False,1788804222.9501624,
bind,unsigned,test.test-unsigned.example,cold,7644010,2,False,1788804222.9578857,
bind,unsigned,test.test-unsigned.example,cold,8874883,2,False,1788804222.966858,
bind,unsigned,test.test-unsigned.example,cold,6914745,2,False,1788804222.9739056,
bind,unsigned,test.test-unsigned.example,cold,6420105,2,False,1788804222.9804072,
bind,unsigned,test.test-unsigned.example,cold,11037404,2,False,1788804222.9915383,
bind,unsigned,test.test-unsigned.example,cold,7694260,2,False,1788804222.9993567,
bind,unsigned,test.test-unsigned.example,cold,7266477,2,False,1788804223.006737,
bind,unsigned,test.test-unsigned.example,cold,12722606,2,False,1788804223.0195422,
bind,unsigned,test.test-unsigned.example,cold,8801249,2,False,1788804223.0284553,
bind,unsigned,test.test-unsigned.example,cold,13733224,2,False,1788804223.042285,
bind,unsigned,test.test-unsigned.example,cold,6795572,2,False,1788804223.0492084,
bind,unsigned,test.test-unsigned.example,cold,9193311,2,False,1788804223.058516,
bind,unsigned,test.test-unsigned.example,cold,6699674,2,False,1788804223.065332,
bind,unsigned,test.test-unsigned.example,cold,9425127,2,False,1788804223.0748677,
bind,unsigned,test.test-unsigned.example,cold,14829066,2,False,1788804223.0898366,
bind,unsigned,test.test-unsigned.example,cold,10872542,2,False,1788804223.1009493,
bind,unsigned,test.test-unsigned.example,cold,7938821,2,False,1788804223.1090133,
bind,unsigned,test.test-unsigned.example,cold,7813619,2,False,1788804223.1170259,
bind,unsigned,test.test-unsigned.example,cold,6511024,2,False,1788804223.123647,
bind,unsigned,test.test-unsigned.example,cold,8222150,2,False,1788804223.1319702,
bind,unsigned,test.test-unsigned.example,cold,9993248,2,False,1788804223.142045,
bind,unsigned,test.test-unsigned.example,cold,7566418,2,False,1788804223.1496873,
bind,unsigned,test.test-unsigned.example,cold,11316552,2,False,1788804223.161088,
bind,unsigned,test.test-unsigned.example,cold,8711670,2,False,1788804223.1698828,
bind,unsigned,test.test-unsigned.example,cold,7391505,2,False,1788804223.1773787,
bind,unsigned,test.test-unsigned.example,cold,13699129,2,False,1788804223.191175,
bind,unsigned,test.test-unsigned.example,cold,9052384,2,False,1788804223.2004561,
bind,unsigned,test.test-unsigned.example,cold,11060515,2,False,1788804223.211607,
bind,unsigned,test.test-unsigned.example,cold,8311113,2,False,1788804223.2200818,
bind,unsigned,test.test-unsigned.example,cold,11512813,2,False,1788804223.2321584,
bind,unsigned,test.test-unsigned.example,cold,14003516,2,False,1788804223.2462895,
bind,unsigned,test.test-unsigned.example,cold,6673656,2,False,1788804223.2530713,
bind,unsigned,test.test-unsigned.example,cold,19757109,2,False,1788804223.272927,
bind,unsigned,test.test-unsigned.example,cold,11119611,2,False,1788804223.2841668,
bind,unsigned,test.test-unsigned.example,cold,15413914,2,False,1788804223.2996962,
bind,unsigned,test.test-unsigned.example,cold,17146393,2,False,1788804223.3169508,
bind,unsigned,test.test-unsigned.example,cold,9229593,2,False,1788804223.3262866,
bind,unsigned,test.test-unsigned.example,cold,6315610,2,False,1788804223.3327157,
bind,unsigned,test.test-unsigned.example,cold,9254593,2,False,1788804223.3420894,
bind,unsigned,test.test-unsigned.example,cold,7987497,2,False,1788804223.3501532,
bind,unsigned,test.test-unsigned.example,cold,7757013,2,False,1788804223.358014,
bind,unsigned,test.test-unsigned.example,cold,6239174,2,False,1788804223.3643382,
bind,unsigned,test.test-unsigned.example,cold,5294113,2,False,1788804223.3697174,
bind,unsigned,test.test-unsigned.example,cold,6839767,2,False,1788804223.376641,
bind,unsigned,test.test-unsigned.example,cold,6750387,2,False,1788804223.3834913,
bind,unsigned,test.test-unsigned.example,cold,9598738,2,False,1788804223.393153,
bind,unsigned,test.test-unsigned.example,cold,6884673,2,False,1788804223.400126,
bind,unsigned,test.test-unsigned.example,cold,6470629,2,False,1788804223.4066744,
bind,unsigned,test.test-unsigned.example,cold,6776461,2,False,1788804223.4135408,
bind,unsigned,test.test-unsigned.example,cold,5863954,2,False,1788804223.4195065,
bind,unsigned,test.test-unsigned.example,cold,6679220,2,False,1788804223.426252,
bind,unsigned,test.test-unsigned.example,cold,6730154,2,False,1788804223.433068,
bind,unsigned,test.test-unsigned.example,cold,6573745,2,False,1788804223.4397392,
bind,unsigned,test.test-unsigned.example,cold,6627859,2,False,1788804223.4464517,
bind,unsigned,test.test-unsigned.example,cold,7653131,2,False,1788804223.4541886,
bind,unsigned,test.test-unsigned.example,cold,6735135,2,False,1788804223.461007,
bind,unsigned,test.test-unsigned.example,cold,6318109,2,False,1788804223.467399,
bind,unsigned,test.test-unsigned.example,cold,6107332,2,False,1788804223.4735801,
bind,unsigned,test.test-unsigned.example,cold,7876605,2,False,1788804223.481537,
bind,unsigned,test.test-unsigned.example,cold,8259186,2,False,1788804223.4899178,
bind,unsigned,test.test-unsigned.example,cold,9464752,2,False,1788804223.4994707,
bind,unsigned,test.test-unsigned.example,cold,8094292,2,False,1788804223.5076685,
bind,unsigned,test.test-unsigned.example,cold,8076411,2,False,1788804223.5158503,
bind,unsigned,test.test-unsigned.example,cold,6506495,2,False,1788804223.522433,
bind,unsigned,test.test-unsigned.example,cold,7356691,2,False,1788804223.5298707,
bind,unsigned,test.test-unsigned.example,cold,7504753,2,False,1788804223.537454,
bind,unsigned,test.test-unsigned.example,cold,8212282,2,False,1788804223.545738,
bind,unsigned,test.test-unsigned.example,cold,18383991,2,False,1788804223.5641966,
bind,unsigned,test.test-unsigned.example,cold,10247650,2,False,1788804223.574548,
bind,unsigned,test.test-unsigned.example,cold,7533824,2,False,1788804223.5821698,
bind,unsigned,test.test-unsigned.example,cold,7556553,2,False,1788804223.5898168,
bind,unsigned,test.test-unsigned.example,cold,8734900,2,False,1788804223.5986352,
bind,unsigned,test.test-unsigned.example,cold,10891906,2,False,1788804223.6096199,
bind,unsigned,test.test-unsigned.example,cold,7315529,2,False,1788804223.6170018,
bind,unsigned,test.test-unsigned.example,cold,6641051,2,False,1788804223.6237638,
bind,unsigned,test.test-unsigned.example,cold,5736614,2,False,1788804223.6295946,
bind,unsigned,test.test-unsigned.example,cold,7063309,2,False,1788804223.6367428,
bind,unsigned,test.test-unsigned.example,cold,6283041,2,False,1788804223.6431262,
bind,unsigned,test.test-unsigned.example,cold,7066329,2,False,1788804223.650278,
bind,unsigned,test.test-unsigned.example,cold,8179265,2,False,1788804223.6585543,
bind,unsigned,test.test-unsigned.example,cold,9879571,2,False,1788804223.66852,
bind,unsigned,test.test-unsigned.example,cold,7669461,2,False,1788804223.676372,
bind,unsigned,test.test-unsigned.example,cold,6126909,2,False,1788804223.6826007,
bind,unsigned,test.test-unsigned.example,cold,6749546,2,False,1788804223.6894195,
bind,unsigned,test.test-unsigned.example,cold,6810454,2,False,1788804223.6963172,
bind,unsigned,test.test-unsigned.example,cold,8385276,2,False,1788804223.7047975,
bind,unsigned,test.test-unsigned.example,cold,6498942,2,False,1788804223.711496,
bind,unsigned,test.test-unsigned.example,cold,5895601,2,False,1788804223.7174654,
bind,unsigned,test.test-unsigned.example,cold,5655032,2,False,1788804223.7232423,
bind,unsigned,test.test-unsigned.example,cold,6790972,2,False,1788804223.730183,
bind,unsigned,test.test-unsigned.example,cold,6848695,2,False,1788804223.7371285,
bind,unsigned,test.test-unsigned.example,cold,9584630,2,False,1788804223.746808,
bind,unsigned,test.test-unsigned.example,cold,11555712,2,False,1788804223.75856,
bind,unsigned,test.test-unsigned.example,cold,8139539,2,False,1788804223.766891,
bind,unsigned,test.test-unsigned.example,cold,6946191,2,False,1788804223.7739463,
bind,unsigned,test.test-unsigned.example,cold,7348593,2,False,1788804223.7814963,
bind,unsigned,test.test-unsigned.example,cold,7154416,2,False,1788804223.788733,
bind,unsigned,test.test-unsigned.example,cold,6649553,2,False,1788804223.7954884,
bind,unsigned,test.test-unsigned.example,cold,5982808,2,False,1788804223.8015764,
bind,unsigned,test.test-unsigned.example,cold,6722521,2,False,1788804223.8083966,
bind,unsigned,test.test-unsigned.example,cold,6358941,2,False,1788804223.8148324,
bind,unsigned,test.test-unsigned.example,cold,6802165,2,False,1788804223.821716,
bind,unsigned,test.test-unsigned.example,cold,9283250,2,False,1788804223.8310897,
bind,unsigned,test.test-unsigned.example,cold,6683685,2,False,1788804223.8379653,
bind,unsigned,test.test-unsigned.example,cold,5688944,2,False,1788804223.8437152,
bind,unsigned,test.test-unsigned.example,cold,8246964,2,False,1788804223.8520477,
bind,unsigned,test.test-unsigned.example,cold,8227282,2,False,1788804223.8603966,
bind,unsigned,test.test-unsigned.example,cold,8018492,2,False,1788804223.8685114,
bind,unsigned,test.test-unsigned.example,cold,7859723,2,False,1788804223.8764765,
bind,unsigned,test.test-unsigned.example,cold,6186237,2,False,1788804223.882767,
bind,unsigned,test.test-unsigned.example,cold,6403670,2,False,1788804223.8892987,
bind,unsigned,test.test-unsigned.example,cold,6614673,2,False,1788804223.8960304,
bind,unsigned,test.test-unsigned.example,cold,5659957,2,False,1788804223.9018135,
bind,unsigned,test.test-unsigned.example,cold,7436162,2,False,1788804223.9093454,
bind,unsigned,test.test-unsigned.example,cold,8628398,2,False,1788804223.9180763,
bind,unsigned,test.test-unsigned.example,cold,6739792,2,False,1788804223.9248917,
bind,unsigned,test.test-unsigned.example,cold,8495392,2,False,1788804223.9334714,
bind,unsigned,test.test-unsigned.example,cold,6744855,2,False,1788804223.940319,
bind,unsigned,test.test-unsigned.example,cold,6492704,2,False,1788804223.9469068,
bind,unsigned,test.test-unsigned.example,cold,10855575,2,False,1788804223.9578714,
bind,unsigned,test.test-unsigned.example,cold,6184334,2,False,1788804223.964208,
bind,unsigned,test.test-unsigned.example,cold,9928874,2,False,1788804223.9742591,
bind,unsigned,test.test-unsigned.example,cold,6469877,2,False,1788804223.9808362,
bind,unsigned,test.test-unsigned.example,cold,10430437,2,False,1788804223.9914024,
bind,unsigned,test.test-unsigned.example,cold,6577696,2,False,1788804223.998094,
bind,unsigned,test.test-unsigned.example,cold,6565324,2,False,1788804224.0047593,
bind,unsigned,test.test-unsigned.example,cold,6490439,2,False,1788804224.0113513,
bind,unsigned,test.test-unsigned.example,cold,6754081,2,False,1788804224.0182126,
bind,unsigned,test.test-unsigned.example,cold,7485275,2,False,1788804224.0257947,
bind,unsigned,test.test-unsigned.example,cold,5898406,2,False,1788804224.0317965,
bind,unsigned,test.test-unsigned.example,cold,7516587,2,False,1788804224.0394077,
bind,unsigned,test.test-unsigned.example,cold,7119816,2,False,1788804224.0466053,
bind,unsigned,test.test-unsigned.example,cold,10069707,2,False,1788804224.0567412,
bind,unsigned,test.test-unsigned.example,cold,5519230,2,False,1788804224.0623648,
bind,unsigned,test.test-unsigned.example,cold,8057728,2,False,1788804224.0704975,
bind,unsigned,test.test-unsigned.example,cold,6617883,2,False,1788804224.0772016,
bind,unsigned,test.test-unsigned.example,cold,8756331,2,False,1788804224.0860493,
bind,unsigned,test.test-unsigned.example,cold,5233950,2,False,1788804224.091366,
bind,unsigned,test.test-unsigned.example,cold,6659460,2,False,1788804224.0981162,
bind,unsigned,test.test-unsigned.example,cold,7667394,2,False,1788804224.1058838,
bind,unsigned,test.test-unsigned.example,cold,7580324,2,False,1788804224.1135654,
bind,unsigned,test.test-unsigned.example,cold,8890463,2,False,1788804224.1226745,
bind,unsigned,test.test-unsigned.example,cold,7438554,2,False,1788804224.130224,
bind,unsigned,test.test-unsigned.example,cold,7274295,2,False,1788804224.1375997,
bind,unsigned,test.test-unsigned.example,cold,6928923,2,False,1788804224.144594,
bind,unsigned,test.test-unsigned.example,cold,7754806,2,False,1788804224.1524262,
bind,unsigned,test.test-unsigned.example,cold,11074559,2,False,1788804224.1636033,
bind,unsigned,test.test-unsigned.example,cold,7374147,2,False,1788804224.1710641,
bind,unsigned,test.test-unsigned.example,cold,7654743,2,False,1788804224.1788213,
bind,unsigned,test.test-unsigned.example,cold,6416435,2,False,1788804224.1853282,
bind,unsigned,test.test-unsigned.example,cold,5528357,2,False,1788804224.1909344,
bind,unsigned,test.test-unsigned.example,cold,8243758,2,False,1788804224.1992683,
bind,unsigned,test.test-unsigned.example,cold,7099847,2,False,1788804224.2064729,
bind,unsigned,test.test-unsigned.example,cold,7264697,2,False,1788804224.213874,
bind,unsigned,test.test-unsigned.example,cold,6886012,2,False,1788804224.2208748,
bind,unsigned,test.test-unsigned.example,cold,9143750,2,False,1788804224.230111,
bind,unsigned,test.test-unsigned.example,cold,10715595,2,False,1788804224.2409801,
bind,unsigned,test.test-unsigned.example,cold,8199333,2,False,1788804224.2492785,
bind,unsigned,test.test-unsigned.example,cold,9099073,2,False,1788804224.25847,
bind,unsigned,test.test-unsigned.example,cold,22469334,2,False,1788804224.2810698,
bind,unsigned,test.test-unsigned.example,cold,7223534,2,False,1788804224.2884145,
bind,unsigned,test.test-unsigned.example,cold,6397189,2,False,1788804224.2949195,
bind,unsigned,test.test-unsigned.example,cold,6767896,2,False,1788804224.301779,
bind,unsigned,test.test-unsigned.example,cold,10979673,2,False,1788804224.3128612,
bind,unsigned,test.test-unsigned.example,cold,7276390,2,False,1788804224.3202336,
bind,unsigned,test.test-unsigned.example,cold,7192650,2,False,1788804224.3275366,
bind,unsigned,test.test-unsigned.example,cold,7054394,2,False,1788804224.3346815,
bind,unsigned,test.test-unsigned.example,cold,6918092,2,False,1788804224.341694,
bind,unsigned,test.test-unsigned.example,cold,7499609,2,False,1788804224.349297,
bind,unsigned,test.test-unsigned.example,cold,6826802,2,False,1788804224.356231,
bind,unsigned,test.test-unsigned.example,cold,8219135,2,False,1788804224.364604,
bind,unsigned,test.test-unsigned.example,cold,5672715,2,False,1788804224.3703973,
bind,unsigned,test.test-unsigned.example,cold,11446401,2,False,1788804224.3819396,
bind,unsigned,test.test-unsigned.example,cold,17886006,2,False,1788804224.3999462,
bind,unsigned,test.test-unsigned.example,cold,12491603,2,False,1788804224.4125621,
bind,unsigned,test.test-unsigned.example,cold,12214039,2,False,1788804224.424916,
bind,unsigned,test.test-unsigned.example,cold,9859363,2,False,1788804224.4348903,
bind,unsigned,test.test-unsigned.example,cold,7309775,2,False,1788804224.4423468,
bind,unsigned,test.test-unsigned.example,cold,8416643,2,False,1788804224.4508727,
bind,unsigned,test.test-unsigned.example,cold,8326967,2,False,1788804224.4593146,
bind,unsigned,test.test-unsigned.example,cold,8009968,2,False,1788804224.467459,
bind,unsigned,test.test-unsigned.example,cold,8638478,2,False,1788804224.4762793,
bind,unsigned,test.test-unsigned.example,cold,8530332,2,False,1788804224.4849024,
bind,unsigned,test.test-unsigned.example,cold,9122502,2,False,1788804224.4941294,
bind,unsigned,test.test-unsigned.example,cold,8141136,2,False,1788804224.5023801,
bind,unsigned,test.test-unsigned.example,cold,8204489,2,False,1788804224.5107048,
bind,unsigned,test.test-unsigned.example,cold,8270901,2,False,1788804224.519238,
bind,unsigned,test.test-unsigned.example,cold,7415160,2,False,1788804224.5267777,
bind,unsigned,test.test-unsigned.example,cold,8687681,2,False,1788804224.5355675,
bind,unsigned,test.test-unsigned.example,cold,7913181,2,False,1788804224.5435998,
bind,unsigned,test.test-unsigned.example,cold,14138305,2,False,1788804224.557857,
bind,unsigned,test.test-unsigned.example,cold,9692945,2,False,1788804224.567645,
bind,unsigned,test.test-unsigned.example,cold,6562025,2,False,1788804224.5743024,
bind,unsigned,test.test-unsigned.example,cold,7702691,2,False,1788804224.5821059,
bind,unsigned,test.test-unsigned.example,cold,5985417,2,False,1788804224.5881848,
bind,unsigned,test.test-unsigned.example,cold,9427634,2,False,1788804224.5977144,
bind,unsigned,test.test-unsigned.example,cold,6523000,2,False,1788804224.604343,
bind,unsigned,test.test-unsigned.example,cold,7828797,2,False,1788804224.61226,
bind,unsigned,test.test-unsigned.example,cold,10888051,2,False,1788804224.623251,
bind,unsigned,test.test-unsigned.example,cold,29254669,2,False,1788804224.6532626,
bind,unsigned,test.test-unsigned.example,cold,14642269,2,False,1788804224.6701884,
bind,unsigned,test.test-unsigned.example,cold,9902248,2,False,1788804224.6801982,
bind,unsigned,test.test-unsigned.example,cold,8714229,2,False,1788804224.689201,
bind,unsigned,test.test-unsigned.example,cold,6684732,2,False,1788804224.6959872,
bind,unsigned,test.test-unsigned.example,cold,6207285,2,False,1788804224.7023635,
bind,unsigned,test.test-unsigned.example,cold,5957546,2,False,1788804224.7084224,
bind,unsigned,test.test-unsigned.example,cold,6683561,2,False,1788804224.715197,
bind,unsigned,test.test-unsigned.example,cold,7887270,2,False,1788804224.7231789,
bind,unsigned,test.test-unsigned.example,cold,6403295,2,False,1788804224.7296965,
bind,unsigned,test.test-unsigned.example,cold,6939487,2,False,1788804224.7367253,
bind,unsigned,test.test-unsigned.example,cold,7414984,2,False,1788804224.7442188,
bind,unsigned,test.test-unsigned.example,cold,9920760,2,False,1788804224.754223,
bind,unsigned,test.test-unsigned.example,cold,6381677,2,False,1788804224.760692,
bind,unsigned,test.test-unsigned.example,cold,8664859,2,False,1788804224.7694855,
bind,unsigned,test.test-unsigned.example,cold,6454382,2,False,1788804224.7760425,
bind,unsigned,test.test-unsigned.example,cold,8818816,2,False,1788804224.7849503,
bind,unsigned,test.test-unsigned.example,cold,6776853,2,False,1788804224.7918415,
bind,unsigned,test.test-unsigned.example,cold,7991237,2,False,1788804224.7999673,
bind,unsigned,test.test-unsigned.example,cold,7234803,2,False,1788804224.8073215,
bind,unsigned,test.test-unsigned.example,cold,6612810,2,False,1788804224.814024,
bind,unsigned,test.test-unsigned.example,cold,11281316,2,False,1788804224.8253975,
bind,unsigned,test.test-unsigned.example,cold,6284135,2,False,1788804224.831756,
bind,unsigned,test.test-unsigned.example,cold,6180545,2,False,1788804224.8380241,
bind,unsigned,test.test-unsigned.example,cold,8638147,2,False,1788804224.8467295,
bind,unsigned,test.test-unsigned.example,cold,6177879,2,False,1788804224.8530123,
bind,unsigned,test.test-unsigned.example,cold,6086522,2,False,1788804224.8591824,
bind,unsigned,test.test-unsigned.example,cold,6193034,2,False,1788804224.8654773,
bind,unsigned,test.test-unsigned.example,cold,8063531,2,False,1788804224.8736258,
bind,unsigned,test.test-unsigned.example,cold,8084797,2,False,1788804224.881784,
bind,unsigned,test.test-unsigned.example,cold,10641456,2,False,1788804224.8925297,
bind,unsigned,test.test-unsigned.example,cold,7466197,2,False,1788804224.9001248,
bind,unsigned,test.test-unsigned.example,cold,6604306,2,False,1788804224.9069605,
bind,unsigned,test.test-unsigned.example,cold,5469990,2,False,1788804224.9126492,
bind,unsigned,test.test-unsigned.example,cold,6684417,2,False,1788804224.9194238,
bind,unsigned,test.test-unsigned.example,cold,6928277,2,False,1788804224.9264364,
bind,unsigned,test.test-unsigned.example,cold,6524147,2,False,1788804224.9330578,
bind,unsigned,test.test-unsigned.example,cold,6582934,2,False,1788804224.9397132,
bind,unsigned,test.test-unsigned.example,cold,7698680,2,False,1788804224.9474854,
bind,unsigned,test.test-unsigned.example,cold,8104387,2,False,1788804224.9556959,
bind,unsigned,test.test-unsigned.example,cold,6915090,2,False,1788804224.96271,
bind,unsigned,test.test-unsigned.example,cold,6718874,2,False,1788804224.9696078,
bind,unsigned,test.test-unsigned.example,cold,6929354,2,False,1788804224.976609,
bind,unsigned,test.test-unsigned.example,cold,6526238,2,False,1788804224.9832382,
bind,unsigned,test.test-unsigned.example,cold,9514934,2,False,1788804224.9928288,
bind,unsigned,test.test-unsigned.example,cold,6542335,2,False,1788804224.999454,
bind,unsigned,test.test-unsigned.example,cold,7901436,2,False,1788804225.0074427,
bind,unsigned,test.test-unsigned.example,cold,6399439,2,False,1788804225.013923,
bind,unsigned,test.test-unsigned.example,cold,7964139,2,False,1788804225.0219505,
bind,unsigned,test.test-unsigned.example,cold,6959216,2,False,1788804225.0290127,
bind,unsigned,test.test-unsigned.example,cold,6418805,2,False,1788804225.0355282,
bind,unsigned,test.test-unsigned.example,cold,6457603,2,False,1788804225.0420783,
bind,unsigned,test.test-unsigned.example,cold,6956569,2,False,1788804225.0491226,
bind,unsigned,test.test-unsigned.example,cold,7471483,2,False,1788804225.0567117,
bind,unsigned,test.test-unsigned.example,cold,6554108,2,False,1788804225.0633528,
bind,unsigned,test.test-unsigned.example,cold,6971873,2,False,1788804225.0704234,
bind,unsigned,test.test-unsigned.example,cold,6680914,2,False,1788804225.0772116,
bind,unsigned,test.test-unsigned.example,cold,7596177,2,False,1788804225.0849082,
bind,unsigned,test.test-unsigned.example,cold,10698224,2,False,1788804225.0957122,
bind,unsigned,test.test-unsigned.example,cold,8039466,2,False,1788804225.1038966,
bind,unsigned,test.test-unsigned.example,cold,6890877,2,False,1788804225.1109612,
bind,unsigned,test.test-unsigned.example,cold,6764051,2,False,1788804225.1178362,
bind,unsigned,test.test-unsigned.example,cold,6992868,2,False,1788804225.12504,
bind,unsigned,test.test-unsigned.example,cold,6475947,2,False,1788804225.1317806,
bind,unsigned,test.test-unsigned.example,cold,7303567,2,False,1788804225.1391826,
bind,unsigned,test.test-unsigned.example,cold,7696076,2,False,1788804225.1469548,
bind,unsigned,test.test-unsigned.example,cold,14959773,2,False,1788804225.1620018,
bind,unsigned,test.test-unsigned.example,cold,12939562,2,False,1788804225.1750298,
bind,unsigned,test.test-unsigned.example,cold,15312211,2,False,1788804225.1904457,
bind,unsigned,test.test-unsigned.example,cold,11327721,2,False,1788804225.2018914,
bind,unsigned,test.test-unsigned.example,cold,12874725,2,False,1788804225.2167,
bind,unsigned,test.test-unsigned.example,cold,7614373,2,False,1788804225.2244325,
bind,unsigned,test.test-unsigned.example,cold,9258333,2,False,1788804225.2338157,
bind,unsigned,test.test-unsigned.example,cold,7442994,2,False,1788804225.2413769,
bind,unsigned,test.test-unsigned.example,cold,8288882,2,False,1788804225.2497876,
bind,unsigned,test.test-unsigned.example,cold,6527579,2,False,1788804225.2564287,
bind,unsigned,test.test-unsigned.example,cold,7476936,2,False,1788804225.2640097,
bind,unsigned,test.test-unsigned.example,cold,20394250,2,False,1788804225.2845068,
bind,unsigned,test.test-unsigned.example,cold,17363229,2,False,1788804225.3020082,
bind,unsigned,test.test-unsigned.example,cold,10410487,2,False,1788804225.3125463,
bind,unsigned,test.test-unsigned.example,cold,13743464,2,False,1788804225.326407,
bind,unsigned,test.test-unsigned.example,cold,12637909,2,False,1788804225.3391662,
bind,unsigned,test.test-unsigned.example,cold,18433451,2,False,1788804225.3577173,
bind,unsigned,test.test-unsigned.example,cold,10368949,2,False,1788804225.3683891,
bind,unsigned,test.test-unsigned.example,cold,11453768,2,False,1788804225.37998,
bind,unsigned,test.test-unsigned.example,cold,12791355,2,False,1788804225.3930202,
bind,unsigned,test.test-unsigned.example,cold,14615054,2,False,1788804225.4079335,
bind,unsigned,test.test-unsigned.example,cold,12197760,2,False,1788804225.4202988,
bind,unsigned,test.test-unsigned.example,cold,11393160,2,False,1788804225.431793,
bind,unsigned,test.test-unsigned.example,cold,13086672,2,False,1788804225.4449914,
bind,unsigned,test.test-unsigned.example,cold,8812299,2,False,1788804225.4539044,
bind,unsigned,test.test-unsigned.example,cold,10190387,2,False,1788804225.4647987,
bind,unsigned,test.test-unsigned.example,cold,10744195,2,False,1788804225.4757142,
bind,unsigned,test.test-unsigned.example,cold,10193164,2,False,1788804225.4860432,
bind,unsigned,test.test-unsigned.example,cold,12261147,2,False,1788804225.4985077,
bind,unsigned,test.test-unsigned.example,cold,14448661,2,False,1788804225.5135093,
bind,unsigned,test.test-unsigned.example,cold,9616387,2,False,1788804225.5232825,
bind,unsigned,test.test-unsigned.example,cold,7227400,2,False,1788804225.5310702,
bind,unsigned,test.test-unsigned.example,cold,9265785,2,False,1788804225.5404322,
bind,unsigned,test.test-unsigned.example,cold,7986010,2,False,1788804225.548507,
bind,unsigned,test.test-unsigned.example,cold,7133197,2,False,1788804225.5557306,
bind,unsigned,test.test-unsigned.example,cold,8186166,2,False,1788804225.5640137,
bind,unsigned,test.test-unsigned.example,cold,7973130,2,False,1788804225.5721602,
bind,unsigned,test.test-unsigned.example,cold,9208848,2,False,1788804225.5814784,
bind,unsigned,test.test-unsigned.example,cold,8092929,2,False,1788804225.5896583,
bind,unsigned,test.test-unsigned.example,cold,16756565,2,False,1788804225.606523,
bind,unsigned,test.test-unsigned.example,cold,16243078,2,False,1788804225.6228578,
bind,unsigned,test.test-unsigned.example,cold,15715493,2,False,1788804225.6386745,
bind,unsigned,test.test-unsigned.example,cold,15097018,2,False,1788804225.653876,
bind,unsigned,test.test-unsigned.example,cold,6313687,2,False,1788804225.6603005,
bind,unsigned,test.test-unsigned.example,cold,6035493,2,False,1788804225.6664355,
bind,unsigned,test.test-unsigned.example,cold,14268376,2,False,1788804225.68083,
