resolver,outcome,domain,cache_state,query_time_ns,response_rcode,ad_flag,timestamp,error
unbound,bogus,test.test-bogus.example,cold,829602,2,False,1788804260.5505955,
unbound,bogus,test.test-bogus.example,cold,582206,2,False,1788804260.5512488,
unbound,bogus,test.test-bogus.example,cold,843404,2,False,1788804260.5521533,
unbound,bogus,test.test-bogus.example,cold,925181,2,False,1788804260.553143,
unbound,bogus,test.test-bogus.example,cold,581596,2,False,1788804260.5537913,
unbound,bogus,test.test-bogus.example,cold,547278,2,False,1788804260.5543993,
unbound,bogus,test.test-bogus.example,cold,717932,2,False,1788804260.5551772,
unbound,bogus,test.test-bogus.example,cold,828044,2,False,1788804260.5560691,
unbound,bogus,test.test-bogus.example,cold,733115,2,False,1788804260.556865,
unbound,bogus,test.test-bogus.example,cold,1103761,2,False,1788804260.5580676,
unbound,bogus,test.test-bogus.example,cold,1257895,2,False,1788804260.559432,
unbound,bogus,test.test-bogus.example,cold,1099199,2,False,1788804260.5606143,
unbound,bogus,test.test-bogus.example,cold,752641,2,False,1788804260.561429,
unbound,bogus,test.test-bogus.example,cold,1058028,2,False,1788804260.562553,
unbound,bogus,test.test-bogus.example,cold,769233,2,False,1788804260.563403,
unbound,bogus,test.test-bogus.example,cold,1007919,2,False,1788804260.564473,
unbound,bogus,test.test-bogus.example,cold,717448,2,False,1788804260.565257,
unbound,bogus,test.test-bogus.example,cold,536363,2,False,1788804260.565855,
unbound,bogus,test.test-bogus.example,cold,623923,2,False,1788804260.5665603,
unbound,bogus,test.test-bogus.example,cold,1010084,2,False,1788804260.5676389,
unbound,bogus,test.test-bogus.example,cold,731676,2,False,1788804260.568448,
unbound,bogus,test.test-bogus.example,cold,749473,2,False,1788804260.5692635,
unbound,bogus,test.test-bogus.example,cold,858527,2,False,1788804260.5702868,
unbound,bogus,test.test-bogus.example,cold,999844,2,False,1788804260.5713696,
unbound,bogus,test.test-bogus.example,cold,714297,2,False,1788804260.5722666,
unbound,bogus,test.test-bogus.example,cold,677223,2,False,1788804260.5730145,
unbound,bogus,test.test-bogus.example,cold,673606,2,False,1788804260.5737634,
unbound,bogus,test.test-bogus.example,cold,760538,2,False,1788804260.574583,
unbound,bogus,test.test-bogus.example,cold,705822,2,False,1788804260.5753543,
unbound,bogus,test.test-bogus.example,cold,963395,2,False,1788804260.5765848,
unbound,bogus,test.test-bogus.example,cold,841066,2,False,1788804260.5775356,
unbound,bogus,test.test-bogus.example,cold,731061,2,False,1788804260.5783503,
unbound,bogus,test.test-bogus.example,cold,890211,2,False,1788804260.5795133,
unbound,bogus,test.test-bogus.example,cold,2260896,2,False,1788804260.5818636,
unbound,bogus,test.test-bogus.example,cold,1586512,2,False,1788804260.583557,
unbound,bogus,test.test-bogus.example,cold,806891,2,False,1788804260.584449,
unbound,bogus,test.test-bogus.example,cold,584291,2,False,1788804260.5851228,
unbound,bogus,test.test-bogus.example,cold,799218,2,False,1788804260.5860617,
unbound,bogus,test.test-bogus.example,cold,1994417,2,False,1788804260.5881274,
unbound,bogus,test.test-bogus.example,cold,1036579,2,False,1788804260.5892682,
unbound,bogus,test.test-bogus.example,cold,893189,2,False,1788804260.5902865,
unbound,bogus,test.test-bogus.example,cold,844884,2,False,1788804260.5912044,
unbound,bogus,test.test-bogus.example,cold,783767,2,False,1788804260.5920832,
unbound,bogus,test.test-bogus.example,cold,1066204,2,False,1788804260.5932302,
unbound,bogus,test.test-bogus.example,cold,682815,2,False,1788804260.5939791,
unbound,bogus,test.test-bogus.example,cold,636460,2,False,1788804260.5946805,
unbound,bogus,test.test-bogus.example,cold,715842,2,False,1788804260.5954611,
unbound,bogus,test.test-bogus.example,cold,734559,2,False,1788804260.5962522,
unbound,bogus,test.test-bogus.example,cold,560877,2,False,1788804260.5968657,
unbound,bogus,test.test-bogus.example,cold,960533,2,False,1788804260.5978863,
unbound,bogus,test.test-bogus.example,cold,764312,2,False,1788804260.5987132,
unbound,bogus,test.test-bogus.example,cold,676613,2,False,1788804260.5994527,
unbound,bogus,test.test-bogus.example,cold,821294,2,False,1788804260.6003375,
unbound,bogus,test.test-bogus.example,cold,845585,2,False,1788804260.6012735,
unbound,bogus,test.test-bogus.example,cold,809895,2,False,1788804260.6021347,
unbound,bogus,test.test-bogus.example,cold,814232,2,False,1788804260.603054,
unbound,bogus,test.test-bogus.example,cold,691929,2,False,1788804260.6038103,
unbound,bogus,test.test-bogus.example,cold,791270,2,False,1788804260.6046796,
unbound,bogus,test.test-bogus.example,cold,836895,2,False,1788804260.6056745,
unbound,bogus,test.test-bogus.example,cold,739826,2,False,1788804260.606651,
unbound,bogus,test.test-bogus.example,cold,733164,2,False,1788804260.6074622,
unbound,bogus,test.test-bogus.example,cold,649793,2,False,1788804260.6081722,
unbound,bogus,test.test-bogus.example,cold,612422,2,False,1788804260.6088452,
unbound,bogus,test.test-bogus.example,cold,673998,2,False,1788804260.6095634,
unbound,bogus,test.test-bogus.example,cold,1323502,2,False,1788804260.6109443,
unbound,bogus,test.test-bogus.example,cold,685721,2,False,1788804260.6116853,
unbound,bogus,test.test-bogus.example,cold,610698,2,False,1788804260.6123893,
unbound,bogus,test.test-bogus.example,cold,581889,2,False,1788804260.6130278,
unbound,bogus,test.test-bogus.example,cold,605145,2,False,1788804260.6136727,
unbound,bogus,test.test-bogus.example,cold,942969,2,False,1788804260.6146579,
unbound,bogus,test.test-bogus.example,cold,574612,2,False,1788804260.6153061,
unbound,bogus,test.test-bogus.example,cold,637723,2,False,1788804260.6160018,
unbound,bogus,test.test-bogus.example,cold,2632296,2,False,1788804260.6186767,
unbound,bogus,test.test-bogus.example,cold,681178,2,False,1788804260.619425,
unbound,bogus,test.test-bogus.example,cold,534126,2,False,1788804260.6200123,
unbound,bogus,test.test-bogus.example,cold,599282,2,False,1788804260.6206608,
unbound,bogus,test.test-bogus.example,cold,586272,2,False,1788804260.6212964,
unbound,bogus,test.test-bogus.example,cold,520180,2,False,1788804260.6218622,
unbound,bogus,test.test-bogus.example,cold,728983,2,False,1788804260.6226468,
unbound,bogus,test.test-bogus.example,cold,520648,2,False,1788804260.623216,
unbound,bogus,test.test-bogus.example,cold,552157,2,False,1788804260.62382,
unbound,bogus,test.test-bogus.example,cold,599134,2,False,1788804260.624478,
unbound,bogus,test.test-bogus.example,cold,672098,2,False,1788804260.6252105,
unbound,bogus,test.test-bogus.example,cold,610418,2,False,1788804260.6258805,
unbound,bogus,test.test-bogus.example,cold,624503,2,False,1788804260.6265643,
unbound,bogus,test.test-bogus.example,cold,619387,2,False,1788804260.627245,
unbound,bogus,test.test-bogus.example,cold,784999,2,False,1788804260.6280987,
unbound,bogus,test.test-bogus.example,cold,637270,2,False,1788804260.6287937,
unbound,bogus,test.test-bogus.example,cold,647025,2,False,1788804260.6295943,
unbound,bogus,test.test-bogus.example,cold,675715,2,False,1788804260.6303363,
unbound,bogus,test.test-bogus.example,cold,668065,2,False,1788804260.631088,
unbound,bogus,test.test-bogus.example,cold,576544,2,False,1788804260.63171,
unbound,bogus,test.test-bogus.example,cold,522365,2,False,1788804260.63229,
unbound,bogus,test.test-bogus.example,cold,516815,2,False,1788804260.6328552,
unbound,bogus,test.test-bogus.example,cold,493558,2,False,1788804260.6333907,
unbound,bogus,test.test-bogus.example,cold,511276,2,False,1788804260.6339538,
unbound,bogus,test.test-bogus.example,cold,772763,2,False,1788804260.6347692,
unbound,bogus,test.test-bogus.example,cold,496048,2,False,1788804260.6353147,
unbound,bogus,test.test-bogus.example,cold,493521,2,False,1788804260.635847,
unbound,bogus,test.test-bogus.example,cold,648285,2,False,1788804260.6365485,
unbound,bogus,test.test-bogus.example,cold,486822,2,False,1788804260.637073,
unbound,bogus,test.test-bogus.example,cold,574449,2,False,1788804260.6376977,
unbound,bogus,test.test-bogus.example,cold,527047,2,False,1788804260.6382718,
unbound,bogus,test.test-bogus.example,cold,482164,2,False,1788804260.6388042,
unbound,bogus,test.test-bogus.example,cold,2687280,2,False,1788804260.6415436,
unbound,bogus,test.test-bogus.example,cold,730866,2,False,1788804260.6423314,
unbound,bogus,test.test-bogus.example,cold,509508,2,False,1788804260.6429129,
unbound,bogus,test.test-bogus.example,cold,534939,2,False,1788804260.6434963,
unbound,bogus,test.test-bogus.example,cold,539496,2,False,1788804260.6440737,
unbound,bogus,test.test-bogus.example,cold,470063,2,False,1788804260.6445842,
unbound,bogus,test.test-bogus.example,cold,559905,2,False,1788804260.6451855,
unbound,bogus,test.test-bogus.example,cold,604902,2,False,1788804260.6458402,
unbound,bogus,test.test-bogus.example,cold,602079,2,False,1788804260.6464927,
unbound,bogus,test.test-bogus.example,cold,821231,2,False,1788804260.6473732,
unbound,bogus,test.test-bogus.example,cold,649887,2,False,1788804260.6480742,
unbound,bogus,test.test-bogus.example,cold,539918,2,False,1788804260.6486678,
unbound,bogus,test.test-bogus.example,cold,486930,2,False,1788804260.6492095,
unbound,bogus,test.test-bogus.example,cold,516315,2,False,1788804260.6497777,
unbound,bogus,test.test-bogus.example,cold,468778,2,False,1788804260.650295,
unbound,bogus,test.test-bogus.example,cold,552426,2,False,1788804260.650899,
unbound,bogus,test.test-bogus.example,cold,566149,2,False,1788804260.6515179,
unbound,bogus,test.test-bogus.example,cold,704710,2,False,1788804260.6522732,
unbound,bogus,test.test-bogus.example,cold,573187,2,False,1788804260.6528997,
unbound,bogus,test.test-bogus.example,cold,650158,2,False,1788804260.6536844,
unbound,bogus,test.test-bogus.example,cold,620793,2,False,1788804260.6544857,
unbound,bogus,test.test-bogus.example,cold,615499,2,False,1788804260.6551614,
unbound,bogus,test.test-bogus.example,cold,738586,2,False,1788804260.6559405,
unbound,bogus,test.test-bogus.example,cold,524073,2,False,1788804260.6565113,
unbound,bogus,test.test-bogus.example,cold,482485,2,False,1788804260.6570377,
unbound,bogus,test.test-bogus.example,cold,486849,2,False,1788804260.6575754,
unbound,bogus,test.test-bogus.example,cold,499494,2,False,1788804260.6581156,
unbound,bogus,test.test-bogus.example,cold,636348,2,False,1788804260.658799,
unbound,bogus,test.test-bogus.example,cold,475946,2,False,1788804260.659323,
unbound,bogus,test.test-bogus.example,cold,506389,2,False,1788804260.6598687,
unbound,bogus,test.test-bogus.example,cold,2813256,2,False,1788804260.6627312,
unbound,bogus,test.test-bogus.example,cold,800174,2,False,1788804260.6635885,
unbound,bogus,test.test-bogus.example,cold,552051,2,False,1788804260.6642728,
unbound,bogus,test.test-bogus.example,cold,542334,2,False,1788804260.664868,
unbound,bogus,test.test-bogus.example,cold,510853,2,False,1788804260.6654205,
unbound,bogus,test.test-bogus.example,cold,484689,2,False,1788804260.6659417,
unbound,bogus,test.test-bogus.example,cold,546365,2,False,1788804260.6665287,
unbound,bogus,test.test-bogus.example,cold,507584,2,False,1788804260.6670775,
unbound,bogus,test.test-bogus.example,cold,541588,2,False,1788804260.667664,
unbound,bogus,test.test-bogus.example,cold,508479,2,False,1788804260.6682189,
unbound,bogus,test.test-bogus.example,cold,565368,2,False,1788804260.668832,
unbound,bogus,test.test-bogus.example,cold,589817,2,False,1788804260.6694667,
unbound,bogus,test.test-bogus.example,cold,549197,2,False,1788804260.6700778,
unbound,bogus,test.test-bogus.example,cold,506956,2,False,1788804260.6706238,
unbound,bogus,test.test-bogus.example,cold,488704,2,False,1788804260.6711519,
unbound,bogus,test.test-bogus.example,cold,527539,2,False,1788804260.6717296,
unbound,bogus,test.test-bogus.example,cold,483806,2,False,1788804260.6722536,
unbound,bogus,test.test-bogus.example,cold,513492,2,False,1788804260.6728196,
unbound,bogus,test.test-bogus.example,cold,548926,2,False,1788804260.673415,
unbound,bogus,test.test-bogus.example,cold,517114,2,False,1788804260.6739774,
unbound,bogus,test.test-bogus.example,cold,657690,2,False,1788804260.674678,
unbound,bogus,test.test-bogus.example,cold,539004,2,False,1788804260.6752577,
unbound,bogus,test.test-bogus.example,cold,526206,2,False,1788804260.675832,
unbound,bogus,test.test-bogus.example,cold,935731,2,False,1788804260.67682,
unbound,bogus,test.test-bogus.example,cold,485202,2,False,1788804260.6773527,
unbound,bogus,test.test-bogus.example,cold,518619,2,False,1788804260.6779168,
unbound,bogus,test.test-bogus.example,cold,517709,2,False,1788804260.6784806,
unbound,bogus,test.test-bogus.example,cold,502792,2,False,1788804260.6790214,
unbound,bogus,test.test-bogus.example,cold,567130,2,False,1788804260.679631,
unbound,bogus,test.test-bogus.example,cold,495269,2,False,1788804260.6801643,
unbound,bogus,test.test-bogus.example,cold,593926,2,False,1788804260.6808076,
unbound,bogus,test.test-bogus.example,cold,2873099,2,False,1788804260.6837306,
unbound,bogus,test.test-bogus.example,cold,808172,2,False,1788804260.6846201,
unbound,bogus,test.test-bogus.example,cold,566512,2,False,1788804260.6852403,
unbound,bogus,test.test-bogus.example,cold,535177,2,False,1788804260.6858184,
unbound,bogus,test.test-bogus.example,cold,532543,2,False,1788804260.686399,
unbound,bogus,test.test-bogus.example,cold,471547,2,False,1788804260.6869404,
unbound,bogus,test.test-bogus.example,cold,475214,2,False,1788804260.6874568,
unbound,bogus,test.test-bogus.example,cold,459534,2,False,1788804260.6879532,
unbound,bogus,test.test-bogus.example,cold,496079,2,False,1788804260.688494,
unbound,bogus,test.test-bogus.example,cold,491837,2,False,1788804260.6890273,
unbound,bogus,test.test-bogus.example,cold,504138,2,False,1788804260.6895788,
unbound,bogus,test.test-bogus.example,cold,507541,2,False,1788804260.690127,
unbound,bogus,test.test-bogus.example,cold,516117,2,False,1788804260.6906824,
unbound,bogus,test.test-bogus.example,cold,557881,2,False,1788804260.6912801,
unbound,bogus,test.test-bogus.example,cold,456434,2,False,1788804260.6917756,
unbound,bogus,test.test-bogus.example,cold,704605,2,False,1788804260.6925309,
unbound,bogus,test.test-bogus.example,cold,565047,2,False,1788804260.6933334,
unbound,bogus,test.test-bogus.example,cold,642201,2,False,1788804260.6940234,
unbound,bogus,test.test-bogus.example,cold,530840,2,False,1788804260.694596,
unbound,bogus,test.test-bogus.example,cold,517061,2,False,1788804260.6951513,
unbound,bogus,test.test-bogus.example,cold,488125,2,False,1788804260.6956806,
unbound,bogus,test.test-bogus.example,cold,497938,2,False,1788804260.6962175,
unbound,bogus,test.test-bogus.example,cold,491897,2,False,1788804260.6967585,
unbound,bogus,test.test-bogus.example,cold,500407,2,False,1788804260.6972988,
unbound,bogus,test.test-bogus.example,cold,812015,2,False,1788804260.6981616,
unbound,bogus,test.test-bogus.example,cold,604886,2,False,1788804260.6988144,
unbound,bogus,test.test-bogus.example,cold,492172,2,False,1788804260.6993482,
unbound,bogus,test.test-bogus.example,cold,470842,2,False,1788804260.6998603,
unbound,bogus,test.test-bogus.example,cold,531669,2,False,1788804260.7004423,
unbound,bogus,test.test-bogus.example,cold,580480,2,False,1788804260.701079,
unbound,bogus,test.test-bogus.example,cold,456412,2,False,1788804260.7015824,
unbound,bogus,test.test-bogus.example,cold,535675,2,False,1788804260.7021658,
unbound,bogus,test.test-bogus.example,cold,2856542,2,False,1788804260.7050653,
unbound,bogus,test.test-bogus.example,cold,772298,2,False,1788804260.7059164,
unbound,bogus,test.test-bogus.example,cold,542379,2,False,1788804260.7065177,
unbound,bogus,test.test-bogus.example,cold,588492,2,False,1788804260.7071598,
unbound,bogus,test.test-bogus.example,cold,498327,2,False,1788804260.7077112,
unbound,bogus,test.test-bogus.example,cold,531592,2,False,1788804260.708292,
unbound,bogus,test.test-bogus.example,cold,542195,2,False,1788804260.708886,
unbound,bogus,test.test-bogus.example,cold,518026,2,False,1788804260.7094452,
unbound,bogus,test.test-bogus.example,cold,511874,2,False,1788804260.7100008,
unbound,bogus,test.test-bogus.example,cold,505061,2,False,1788804260.7105563,
unbound,bogus,test.test-bogus.example,cold,511163,2,False,1788804260.7111144,
unbound,bogus,test.test-bogus.example,cold,511680,2,False,1788804260.711675,
unbound,bogus,test.test-bogus.example,cold,477992,2,False,1788804260.712201,
unbound,bogus,test.test-bogus.example,cold,570708,2,False,1788804260.7128215,
unbound,bogus,test.test-bogus.example,cold,530789,2,False,1788804260.7134006,
unbound,bogus,test.test-bogus.example,cold,527162,2,False,1788804260.713977,
unbound,bogus,test.test-bogus.example,cold,564064,2,False,1788804260.7145832,
unbound,bogus,test.test-bogus.example,cold,563685,2,False,1788804260.715196,
unbound,bogus,test.test-bogus.example,cold,535905,2,False,1788804260.7157733,
unbound,bogus,test.test-bogus.example,cold,509906,2,False,1788804260.7163317,
unbound,bogus,test.test-bogus.example,cold,532613,2,False,1788804260.7169113,
unbound,bogus,test.test-bogus.example,cold,539407,2,False,1788804260.7175002,
unbound,bogus,test.test-bogus.example,cold,490164,2,False,1788804260.7180285,
unbound,bogus,test.test-bogus.example,cold,459711,2,False,1788804260.7185287,
unbound,bogus,test.test-bogus.example,cold,863850,2,False,1788804260.7194448,
unbound,bogus,test.test-bogus.example,cold,460546,2,False,1788804260.7199533,
unbound,bogus,test.test-bogus.example,cold,466223,2,False,1788804260.7204576,
unbound,bogus,test.test-bogus.example,cold,586832,2,False,1788804260.7210836,
unbound,bogus,test.test-bogus.example,cold,521811,2,False,1788804260.7216444,
unbound,bogus,test.test-bogus.example,cold,554840,2,False,1788804260.722242,
unbound,bogus,test.test-bogus.example,cold,527902,2,False,1788804260.7228189,
unbound,bogus,test.test-bogus.example,cold,532175,2,False,1788804260.723397,
unbound,bogus,test.test-bogus.example,cold,2961463,2,False,1788804260.7264116,
unbound,bogus,test.test-bogus.example,cold,806546,2,False,1788804260.7273006,
unbound,bogus,test.test-bogus.example,cold,602515,2,False,1788804260.7279599,
unbound,bogus,test.test-bogus.example,cold,547927,2,False,1788804260.7285547,
unbound,bogus,test.test-bogus.example,cold,533103,2,False,1788804260.7291439,
unbound,bogus,test.test-bogus.example,cold,480080,2,False,1788804260.7296789,
unbound,bogus,test.test-bogus.example,cold,538412,2,False,1788804260.7302668,
unbound,bogus,test.test-bogus.example,cold,596590,2,False,1788804260.7309105,
unbound,bogus,test.test-bogus.example,cold,480845,2,False,1788804260.7314465,
unbound,bogus,test.test-bogus.example,cold,591415,2,False,1788804260.7320824,
unbound,bogus,test.test-bogus.example,cold,700179,2,False,1788804260.7328415,
unbound,bogus,test.test-bogus.example,cold,520723,2,False,1788804260.733409,
unbound,bogus,test.test-bogus.example,cold,537325,2,False,1788804260.7339947,
unbound,bogus,test.test-bogus.example,cold,556046,2,False,1788804260.7345977,
unbound,bogus,test.test-bogus.example,cold,486149,2,False,1788804260.735125,
unbound,bogus,test.test-bogus.example,cold,542988,2,False,1788804260.7357192,
unbound,bogus,test.test-bogus.example,cold,480463,2,False,1788804260.7362478,
unbound,bogus,test.test-bogus.example,cold,485235,2,False,1788804260.736785,
unbound,bogus,test.test-bogus.example,cold,479677,2,False,1788804260.7373047,
unbound,bogus,test.test-bogus.example,cold,551131,2,False,1788804260.7379055,
unbound,bogus,test.test-bogus.example,cold,615801,2,False,1788804260.73856,
unbound,bogus,test.test-bogus.example,cold,530829,2,False,1788804260.7391412,
unbound,bogus,test.test-bogus.example,cold,683558,2,False,1788804260.7398725,
unbound,bogus,test.test-bogus.example,cold,551210,2,False,1788804260.7404742,
unbound,bogus,test.test-bogus.example,cold,781136,2,False,1788804260.741295,
unbound,bogus,test.test-bogus.example,cold,463913,2,False,1788804260.7418013,
unbound,bogus,test.test-bogus.example,cold,501342,2,False,1788804260.7423503,
unbound,bogus,test.test-bogus.example,cold,479281,2,False,1788804260.7428997,
unbound,bogus,test.test-bogus.example,cold,434963,2,False,1788804260.7433734,
unbound,bogus,test.test-bogus.example,cold,587933,2,False,1788804260.7440097,
unbound,bogus,test.test-bogus.example,cold,511689,2,False,1788804260.7445726,
unbound,bogus,test.test-bogus.example,cold,494574,2,False,1788804260.745113,
unbound,bogus,test.test-bogus.example,cold,2681819,2,False,1788804260.7478364,
unbound,bogus,test.test-bogus.example,cold,681549,2,False,1788804260.7485929,
unbound,bogus,test.test-bogus.example,cold,491470,2,False,1788804260.7491376,
unbound,bogus,test.test-bogus.example,cold,496105,2,False,1788804260.7496834,
unbound,bogus,test.test-bogus.example,cold,543665,2,False,1788804260.750278,
unbound,bogus,test.test-bogus.example,cold,598028,2,False,1788804260.7509162,
unbound,bogus,test.test-bogus.example,cold,522561,2,False,1788804260.7514813,
unbound,bogus,test.test-bogus.example,cold,529908,2,False,1788804260.7520514,
unbound,bogus,test.test-bogus.example,cold,530028,2,False,1788804260.7526321,
unbound,bogus,test.test-bogus.example,cold,499940,2,False,1788804260.7531707,
unbound,bogus,test.test-bogus.example,cold,492660,2,False,1788804260.7536998,
unbound,bogus,test.test-bogus.example,cold,851849,2,False,1788804260.7546592,
unbound,bogus,test.test-bogus.example,cold,737863,2,False,1788804260.755456,
unbound,bogus,test.test-bogus.example,cold,697717,2,False,1788804260.7562063,
unbound,bogus,test.test-bogus.example,cold,616179,2,False,1788804260.7568655,
unbound,bogus,test.test-bogus.example,cold,567150,2,False,1788804260.7574868,
unbound,bogus,test.test-bogus.example,cold,564238,2,False,1788804260.7580938,
unbound,bogus,test.test-bogus.example,cold,561982,2,False,1788804260.758708,
unbound,bogus,test.test-bogus.example,cold,592068,2,False,1788804260.7593465,
unbound,bogus,test.test-bogus.example,cold,621675,2,False,1788804260.760017,
unbound,bogus,test.test-bogus.example,cold,555419,2,False,1788804260.7606254,
unbound,bogus,test.test-bogus.example,cold,636080,2,False,1788804260.7613046,
unbound,bogus,test.test-bogus.example,cold,956606,2,False,1788804260.7623045,
unbound,bogus,test.test-bogus.example,cold,561740,2,False,1788804260.7629752,
unbound,bogus,test.test-bogus.example,cold,531837,2,False,1788804260.7635639,
unbound,bogus,test.test-bogus.example,cold,517442,2,False,1788804260.7641377,
unbound,bogus,test.test-bogus.example,cold,509337,2,False,1788804260.7646925,
unbound,bogus,test.test-bogus.example,cold,636614,2,False,1788804260.765391,
unbound,bogus,test.test-bogus.example,cold,537305,2,False,1788804260.765984,
unbound,bogus,test.test-bogus.example,cold,713514,2,False,1788804260.766749,
unbound,bogus,test.test-bogus.example,cold,2690290,2,False,1788804260.7694938,
unbound,bogus,test.test-bogus.example,cold,696356,2,False,1788804260.7702649,
unbound,bogus,test.test-bogus.example,cold,1159307,2,False,1788804260.771476,
unbound,bogus,test.test-bogus.example,cold,489480,2,False,1788804260.7720082,
unbound,bogus,test.test-bogus.example,cold,510936,2,False,1788804260.7725594,
unbound,bogus,test.test-bogus.example,cold,516642,2,False,1788804260.7731223,
unbound,bogus,test.test-bogus.example,cold,490701,2,False,1788804260.773661,
unbound,bogus,test.test-bogus.example,cold,542673,2,False,1788804260.7742536,
unbound,bogus,test.test-bogus.example,cold,520998,2,False,1788804260.7748122,
unbound,bogus,test.test-bogus.example,cold,514152,2,False,1788804260.7753763,
unbound,bogus,test.test-bogus.example,cold,535365,2,False,1788804260.7759585,
unbound,bogus,test.test-bogus.example,cold,462295,2,False,1788804260.7764683,
unbound,bogus,test.test-bogus.example,cold,480493,2,False,1788804260.7769868,
unbound,bogus,test.test-bogus.example,cold,438910,2,False,1788804260.7774656,
unbound,bogus,test.test-bogus.example,cold,553096,2,False,1788804260.7780592,
unbound,bogus,test.test-bogus.example,cold,562375,2,False,1788804260.778671,
unbound,bogus,test.test-bogus.example,cold,555329,2,False,1788804260.779266,
unbound,bogus,test.test-bogus.example,cold,499692,2,False,1788804260.7798135,
unbound,bogus,test.test-bogus.example,cold,545369,2,False,1788804260.7804086,
unbound,bogus,test.test-bogus.example,cold,516188,2,False,1788804260.780974,
unbound,bogus,test.test-bogus.example,cold,530537,2,False,1788804260.7815557,
unbound,bogus,test.test-bogus.example,cold,526758,2,False,1788804260.782125,
unbound,bogus,test.test-bogus.example,cold,1014393,2,False,1788804260.7831795,
unbound,bogus,test.test-bogus.example,cold,794263,2,False,1788804260.7840173,
unbound,bogus,test.test-bogus.example,cold,569565,2,False,1788804260.7846363,
unbound,bogus,test.test-bogus.example,cold,484187,2,False,1788804260.7851722,
unbound,bogus,test.test-bogus.example,cold,479375,2,False,1788804260.7857058,
unbound,bogus,test.test-bogus.example,cold,517575,2,False,1788804260.7862775,
unbound,bogus,test.test-bogus.example,cold,897433,2,False,1788804260.7874043,
unbound,bogus,test.test-bogus.example,cold,673346,2,False,1788804260.7881432,
unbound,bogus,test.test-bogus.example,cold,3336286,2,False,1788804260.7915676,
unbound,bogus,test.test-bogus.example,cold,870262,2,False,1788804260.7925282,
unbound,bogus,test.test-bogus.example,cold,669303,2,False,1788804260.793254,
unbound,bogus,test.test-bogus.example,cold,812762,2,False,1788804260.794109,
unbound,bogus,test.test-bogus.example,cold,671046,2,False,1788804260.7948227,
unbound,bogus,test.test-bogus.example,cold,647570,2,False,1788804260.795527,
unbound,bogus,test.test-bogus.example,cold,612518,2,False,1788804260.7962003,
unbound,bogus,test.test-bogus.example,cold,552682,2,False,1788804260.7968018,
unbound,bogus,test.test-bogus.example,cold,519652,2,False,1788804260.7973676,
unbound,bogus,test.test-bogus.example,cold,490688,2,False,1788804260.7978995,
unbound,bogus,test.test-bogus.example,cold,578647,2,False,1788804260.7985194,
unbound,bogus,test.test-bogus.example,cold,501668,2,False,1788804260.799062,
unbound,bogus,test.test-bogus.example,cold,588499,2,False,1788804260.7996993,
unbound,bogus,test.test-bogus.example,cold,741932,2,False,1788804260.8004823,
unbound,bogus,test.test-bogus.example,cold,504647,2,False,1788804260.801029,
unbound,bogus,test.test-bogus.example,cold,528017,2,False,1788804260.8015969,
unbound,bogus,test.test-bogus.example,cold,5218379,2,False,1788804260.8068614,
unbound,bogus,test.test-bogus.example,cold,892282,2,False,1788804260.8078244,
unbound,bogus,test.test-bogus.example,cold,671366,2,False,1788804260.8085754,
unbound,bogus,test.test-bogus.example,cold,521574,2,False,1788804260.8091512,
unbound,bogus,test.test-bogus.example,cold,487024,2,False,1788804260.80971,
unbound,bogus,test.test-bogus.example,cold,932591,2,False,1788804260.810688,
unbound,bogus,test.test-bogus.example,cold,627342,2,False,1788804260.8113747,
unbound,bogus,test.test-bogus.example,cold,3418014,2,False,1788804260.814854,
unbound,bogus,test.test-bogus.example,cold,482865,2,False,1788804260.815388,
unbound,bogus,test.test-bogus.example,cold,458923,2,False,1788804260.815897,
unbound,bogus,test.test-bogus.example,cold,525752,2,False,1788804260.8164625,
unbound,bogus,test.test-bogus.example,cold,444805,2,False,1788804260.8169463,
unbound,bogus,test.test-bogus.example,cold,454278,2,False,1788804260.81744,
unbound,bogus,test.test-bogus.example,cold,4100060,2,False,1788804260.8215985,
unbound,bogus,test.test-bogus.example,cold,844647,2,False,1788804260.8226063,
unbound,bogus,test.test-bogus.example,cold,520208,2,False,1788804260.8231854,
unbound,bogus,test.test-bogus.example,cold,480233,2,False,1788804260.823718,
unbound,bogus,test.test-bogus.example,cold,535505,2,False,1788804260.8243046,
unbound,bogus,test.test-bogus.example,cold,447153,2,False,1788804260.8247924,
unbound,bogus,test.test-bogus.example,cold,486696,2,False,1788804260.8253286,
unbound,bogus,test.test-bogus.example,cold,527013,2,False,1788804260.825901,
unbound,bogus,test.test-bogus.example,cold,565733,2,False,1788804260.8265164,
unbound,bogus,test.test-bogus.example,cold,471340,2,False,1788804260.827038,
unbound,bogus,test.test-bogus.example,cold,559751,2,False,1788804260.827651,
unbound,bogus,test.test-bogus.example,cold,516828,2,False,1788804260.8282175,
unbound,bogus,test.test-bogus.example,cold,542494,2,False,1788804260.82881,
unbound,bogus,test.test-bogus.example,cold,533522,2,False,1788804260.8293922,
unbound,bogus,test.test-bogus.example,cold,530824,2,False,1788804260.829973,
unbound,bogus,test.test-bogus.example,cold,566941,2,False,1788804260.8305838,
unbound,bogus,test.test-bogus.example,cold,487437,2,False,1788804260.8311105,
unbound,bogus,test.test-bogus.example,cold,514576,2,False,1788804260.8316717,
unbound,bogus,test.test-bogus.example,cold,514583,2,False,1788804260.832224,
unbound,bogus,test.test-bogus.example,cold,503468,2,False,1788804260.832773,
unbound,bogus,test.test-bogus.example,cold,489690,2,False,1788804260.833309,
unbound,bogus,test.test-bogus.example,cold,596522,2,False,1788804260.8339512,
unbound,bogus,test.test-bogus.example,cold,881808,2,False,1788804260.8348746,
unbound,bogus,test.test-bogus.example,cold,518992,2,False,1788804260.8354478,
unbound,bogus,test.test-bogus.example,cold,515598,2,False,1788804260.8360128,
unbound,bogus,test.test-bogus.example,cold,511464,2,False,1788804260.8365722,
unbound,bogus,test.test-bogus.example,cold,501521,2,False,1788804260.837112,
unbound,bogus,test.test-bogus.example,cold,545833,2,False,1788804260.8377,
unbound,bogus,test.test-bogus.example,cold,527144,2,False,1788804260.8382769,
unbound,bogus,test.test-bogus.example,cold,498793,2,False,1788804260.8388135,
unbound,bogus,test.test-bogus.example,cold,2760084,2,False,1788804260.8416123,
unbound,bogus,test.test-bogus.example,cold,2376467,2,False,1788804260.844055,
unbound,bogus,test.test-bogus.example,cold,819991,2,False,1788804260.8449419,
unbound,bogus,test.test-bogus.example,cold,580784,2,False,1788804260.8455882,
unbound,bogus,test.test-bogus.example,cold,557510,2,False,1788804260.8461866,
unbound,bogus,test.test-bogus.example,cold,546513,2,False,1788804260.846778,
unbound,bogus,test.test-bogus.example,cold,511130,2,False,1788804260.847344,
unbound,bogus,test.test-bogus.example,cold,508474,2,False,1788804260.8479004,
unbound,bogus,test.test-bogus.example,cold,524995,2,False,1788804260.8484645,
unbound,bogus,test.test-bogus.example,cold,609861,2,False,1788804260.8491151,
unbound,bogus,test.test-bogus.example,cold,588296,2,False,1788804260.8497517,
unbound,bogus,test.test-bogus.example,cold,634347,2,False,1788804260.8504303,
unbound,bogus,test.test-bogus.example,cold,572288,2,False,1788804260.851059,
unbound,bogus,test.test-bogus.example,cold,531613,2,False,1788804260.8516395,
unbound,bogus,test.test-bogus.example,cold,548514,2,False,1788804260.852231,
unbound,bogus,test.test-bogus.example,cold,499066,2,False,1788804260.8527887,
unbound,bogus,test.test-bogus.example,cold,538494,2,False,1788804260.8533795,
unbound,bogus,test.test-bogus.example,cold,523492,2,False,1788804260.853955,
unbound,bogus,test.test-bogus.example,cold,537083,2,False,1788804260.8545403,
unbound,bogus,test.test-bogus.example,cold,544492,2,False,1788804260.8551333,
unbound,bogus,test.test-bogus.example,cold,524554,2,False,1788804260.8556976,
unbound,bogus,test.test-bogus.example,cold,522585,2,False,1788804260.8562703,
unbound,bogus,test.test-bogus.example,cold,837265,2,False,1788804260.857156,
unbound,bogus,test.test-bogus.example,cold,497856,2,False,1788804260.8576927,
unbound,bogus,test.test-bogus.example,cold,478634,2,False,1788804260.8582098,
unbound,bogus,test.test-bogus.example,cold,470368,2,False,1788804260.8587208,
unbound,bogus,test.test-bogus.example,cold,525485,2,False,1788804260.8592935,
unbound,bogus,test.test-bogus.example,cold,571204,2,False,1788804260.8599052,
unbound,bogus,test.test-bogus.example,cold,428234,2,False,1788804260.860371,
unbound,bogus,test.test-bogus.example,cold,504118,2,False,1788804260.860924,
unbound,bogus,test.test-bogus.example,cold,2724604,2,False,1788804260.8636878,
unbound,bogus,test.test-bogus.example,cold,776075,2,False,1788804260.8645298,
unbound,bogus,test.test-bogus.example,cold,561133,2,False,1788804260.865146,
unbound,bogus,test.test-bogus.example,cold,517989,2,False,1788804260.865717,
unbound,bogus,test.test-bogus.example,cold,596672,2,False,1788804260.8663611,
unbound,bogus,test.test-bogus.example,cold,669109,2,False,1788804260.8670986,
unbound,bogus,test.test-bogus.example,cold,502205,2,False,1788804260.8676522,
unbound,bogus,test.test-bogus.example,cold,538842,2,False,1788804260.868242,
unbound,bogus,test.test-bogus.example,cold,548387,2,False,1788804260.8688333,
unbound,bogus,test.test-bogus.example,cold,500684,2,False,1788804260.8693845,
unbound,bogus,test.test-bogus.example,cold,530793,2,False,1788804260.8699644,
unbound,bogus,test.test-bogus.example,cold,567820,2,False,1788804260.8705795,
unbound,bogus,test.test-bogus.example,cold,522624,2,False,1788804260.8711538,
unbound,bogus,test.test-bogus.example,cold,527151,2,False,1788804260.871728,
unbound,bogus,test.test-bogus.example,cold,515144,2,False,1788804260.87229,
unbound,bogus,test.test-bogus.example,cold,534710,2,False,1788804260.8728743,
unbound,bogus,test.test-bogus.example,cold,548006,2,False,1788804260.8734722,
unbound,bogus,test.test-bogus.example,cold,529549,2,False,1788804260.874049,
unbound,bogus,test.test-bogus.example,cold,588591,2,False,1788804260.8746839,
unbound,bogus,test.test-bogus.example,cold,540983,2,False,1788804260.8752656,
unbound,bogus,test.test-bogus.example,cold,597402,2,False,1788804260.8759027,
unbound,bogus,test.test-bogus.example,cold,538611,2,False,1788804260.8764932,
unbound,bogus,test.test-bogus.example,cold,492140,2,False,1788804260.8770304,
unbound,bogus,test.test-bogus.example,cold,823148,2,False,1788804260.8778923,
unbound,bogus,test.test-bogus.example,cold,543223,2,False,1788804260.8784754,
unbound,bogus,test.test-bogus.example,cold,430684,2,False,1788804260.8789558,
unbound,bogus,test.test-bogus.example,cold,566344,2,False,1788804260.8795638,
unbound,bogus,test.test-bogus.example,cold,492245,2,False,1788804260.8800962,
unbound,bogus,test.test-bogus.example,cold,713517,2,False,1788804260.880859,
unbound,bogus,test.test-bogus.example,cold,598867,2,False,1788804260.8815117,
unbound,bogus,test.test-bogus.example,cold,540927,2,False,1788804260.8820937,
unbound,bogus,test.test-bogus.example,cold,2677881,2,False,1788804260.884823,
unbound,bogus,test.test-bogus.example,cold,753652,2,False,1788804260.885629,
unbound,bogus,test.test-bogus.example,cold,526659,2,False,1788804260.8862011,
unbound,bogus,test.test-bogus.example,cold,560660,2,False,1788804260.8868048,
unbound,bogus,test.test-bogus.example,cold,615104,2,False,1788804260.8874805,
unbound,bogus,test.test-bogus.example,cold,545436,2,False,1788804260.888083,
unbound,bogus,test.test-bogus.example,cold,578990,2,False,1788804260.8887148,
unbound,bogus,test.test-bogus.example,cold,521619,2,False,1788804260.8892937,
unbound,bogus,test.test-bogus.example,cold,583436,2,False,1788804260.8899295,
unbound,bogus,test.test-bogus.example,cold,543315,2,False,1788804260.89052,
unbound,bogus,test.test-bogus.example,cold,1534761,2,False,1788804260.8921022,
unbound,bogus,test.test-bogus.example,cold,561574,2,False,1788804260.8927112,
unbound,bogus,test.test-bogus.example,cold,499165,2,False,1788804260.893263,
unbound,bogus,test.test-bogus.example,cold,489165,2,False,1788804260.8937922,
unbound,bogus,test.test-bogus.example,cold,393568,2,False,1788804260.8942306,
unbound,bogus,test.test-bogus.example,cold,457770,2,False,1788804260.8947363,
unbound,bogus,test.test-bogus.example,cold,486900,2,False,1788804260.8952718,
unbound,bogus,test.test-bogus.example,cold,435155,2,False,1788804260.8957467,
unbound,bogus,test.test-bogus.example,cold,540732,2,False,1788804260.896333,
unbound,bogus,test.test-bogus.example,cold,408343,2,False,1788804260.8967881,
unbound,bogus,test.test-bogus.example,cold,401193,2,False,1788804260.8972304,
unbound,bogus,test.test-bogus.example,cold,411544,2,False,1788804260.8976815,
unbound,bogus,test.test-bogus.example,cold,390794,2,False,1788804260.8981085,
unbound,bogus,test.test-bogus.example,cold,502975,2,False,1788804260.8986497,
unbound,bogus,test.test-bogus.example,cold,1041134,2,False,1788804260.8997486,
unbound,bogus,test.test-bogus.example,cold,670914,2,False,1788804260.9004853,
unbound,bogus,test.test-bogus.example,cold,716057,2,False,1788804260.9012678,
unbound,bogus,test.test-bogus.example,cold,560344,2,False,1788804260.9019196,
unbound,bogus,test.test-bogus.example,cold,629824,2,False,1788804260.9026039,
unbound,bogus,test.test-bogus.example,cold,630282,2,False,1788804260.9032938,
unbound,bogus,test.test-bogus.example,cold,517644,2,False,1788804260.9038544,
unbound,bogus,test.test-bogus.example,cold,535509,2,False,1788804260.9044359,
unbound,bogus,test.test-bogus.example,cold,2796730,2,False,1788804260.9072769,
unbound,bogus,test.test-bogus.example,cold,716264,2,False,1788804260.9080575,
unbound,bogus,test.test-bogus.example,cold,784159,2,False,1788804260.9088988,
unbound,bogus,test.test-bogus.example,cold,811481,2,False,1788804260.9098203,
unbound,bogus,test.test-bogus.example,cold,585162,2,False,1788804260.9104588,
unbound,bogus,test.test-bogus.example,cold,576493,2,False,1788804260.9110866,
unbound,bogus,test.test-bogus.example,cold,529665,2,False,1788804260.9116645,
unbound,bogus,test.test-bogus.example,cold,487346,2,False,1788804260.9122,
unbound,bogus,test.test-bogus.example,cold,633201,2,False,1788804260.9128816,
unbound,bogus,test.test-bogus.example,cold,735177,2,False,1788804260.9136732,
unbound,bogus,test.test-bogus.example,cold,703976,2,False,1788804260.9144385,
unbound,bogus,test.test-bogus.example,cold,692662,2,False,1788804260.915189,
unbound,bogus,test.test-bogus.example,cold,685642,2,False,1788804260.9159245,
unbound,bogus,test.test-bogus.example,cold,534375,2,False,1788804260.916523,
unbound,bogus,test.test-bogus.example,cold,534776,2,False,1788804260.9171054,
unbound,bogus,test.test-bogus.example,cold,508623,2,False,1788804260.9176536,
unbound,bogus,test.test-bogus.example,cold,499053,2,False,1788804260.9182022,
unbound,bogus,test.test-bogus.example,cold,516627,2,False,1788804260.9187555,
unbound,bogus,test.test-bogus.example,cold,520420,2,False,1788804260.919317,
unbound,bogus,test.test-bogus.example,cold,522697,2,False,1788804260.9198947,
unbound,bogus,test.test-bogus.example,cold,518806,2,False,1788804260.9204648,
unbound,bogus,test.test-bogus.example,cold,506415,2,False,1788804260.9210224,
unbound,bogus,test.test-bogus.example,cold,544027,2,False,1788804260.9216151,
unbound,bogus,test.test-bogus.example,cold,880754,2,False,1788804260.9225461,
unbound,bogus,test.test-bogus.example,cold,603639,2,False,1788804260.9231944,
unbound,bogus,test.test-bogus.example,cold,528633,2,False,1788804260.923769,
unbound,bogus,test.test-bogus.example,cold,542148,2,False,1788804260.9243662,
unbound,bogus,test.test-bogus.example,cold,515783,2,False,1788804260.9249282,
unbound,bogus,test.test-bogus.example,cold,721092,2,False,1788804260.9256988,
unbound,bogus,test.test-bogus.example,cold,565591,2,False,1788804260.9263165,
unbound,bogus,test.test-bogus.example,cold,513500,2,False,1788804260.9269211,
unbound,bogus,test.test-bogus.example,cold,3208360,2,False,1788804260.9301808,
unbound,bogus,test.test-bogus.example,cold,791726,2,False,1788804260.9310439,
unbound,bogus,test.test-bogus.example,cold,523979,2,False,1788804260.931622,
unbound,bogus,test.test-bogus.example,cold,526098,2,False,1788804260.9322016,
unbound,bogus,test.test-bogus.example,cold,515059,2,False,1788804260.9327564,
unbound,bogus,test.test-bogus.example,cold,557704,2,False,1788804260.933367,
unbound,bogus,test.test-bogus.example,cold,689379,2,False,1788804260.9341054,
unbound,bogus,test.test-bogus.example,cold,493459,2,False,1788804260.9346435,
unbound,bogus,test.test-bogus.example,cold,574870,2,False,1788804260.9352572,
unbound,bogus,test.test-bogus.example,cold,531110,2,False,1788804260.935839,
unbound,bogus,test.test-bogus.example,cold,510978,2,False,1788804260.9363952,
unbound,bogus,test.test-bogus.example,cold,504533,2,False,1788804260.9369464,
unbound,bogus,test.test-bogus.example,cold,527214,2,False,1788804260.937512,
unbound,bogus,test.test-bogus.example,cold,527555,2,False,1788804260.9380896,
unbound,bogus,test.test-bogus.example,cold,536492,2,False,1788804260.9386733,
unbound,bogus,test.test-bogus.example,cold,542925,2,False,1788804260.9392571,
unbound,bogus,test.test-bogus.example,cold,539086,2,False,1788804260.939847,
unbound,bogus,test.test-bogus.example,cold,505669,2,False,1788804260.9404001,
unbound,bogus,test.test-bogus.example,cold,535731,2,False,1788804260.9409742,
unbound,bogus,test.test-bogus.example,cold,473394,2,False,1788804260.9414845,
unbound,bogus,test.test-bogus.example,cold,516551,2,False,1788804260.9420493,
unbound,bogus,test.test-bogus.example,cold,600910,2,False,1788804260.9427006,
unbound,bogus,test.test-bogus.example,cold,555151,2,False,1788804260.943308,
unbound,bogus,test.test-bogus.example,cold,3469913,2,False,1788804260.946826,
unbound,bogus,test.test-bogus.example,cold,1096938,2,False,1788804260.9480023,
unbound,bogus,test.test-bogus.example,cold,611092,2,False,1788804260.9486663,
unbound,bogus,test.test-bogus.example,cold,532080,2,False,1788804260.949243,
unbound,bogus,test.test-bogus.example,cold,516363,2,False,1788804260.949816,
unbound,bogus,test.test-bogus.example,cold,534700,2,False,1788804260.9504082,
unbound,bogus,test.test-bogus.example,cold,572551,2,False,1788804260.9510257,
unbound,bogus,test.test-bogus.example,cold,521953,2,False,1788804260.9515944,
unbound,bogus,test.test-bogus.example,cold,521335,2,False,1788804260.9521625,
unbound,bogus,test.test-bogus.example,cold,2831625,2,False,1788804260.955037,
unbound,bogus,test.test-bogus.example,cold,717193,2,False,1788804260.955815,
unbound,bogus,test.test-bogus.example,cold,534773,2,False,1788804260.9564009,
unbound,bogus,test.test-bogus.example,cold,546985,2,False,1788804260.9569957,
unbound,bogus,test.test-bogus.example,cold,510469,2,False,1788804260.9575555,
unbound,bogus,test.test-bogus.example,cold,470546,2,False,1788804260.958066,
unbound,bogus,test.test-bogus.example,cold,537697,2,False,1788804260.9586492,
unbound,bogus,test.test-bogus.example,cold,494207,2,False,1788804260.9591832,
unbound,bogus,test.test-bogus.example,cold,663159,2,False,1788804260.959886,
unbound,bogus,test.test-bogus.example,cold,542902,2,False,1788804260.9604738,
unbound,bogus,test.test-bogus.example,cold,498089,2,False,1788804260.9610114,
unbound,bogus,test.test-bogus.example,cold,501436,2,False,1788804260.9615624,
unbound,bogus,test.test-bogus.example,cold,546347,2,False,1788804260.9621494,
unbound,bogus,test.test-bogus.example,cold,555791,2,False,1788804260.9627578,
unbound,bogus,test.test-bogus.example,cold,495418,2,False,1788804260.9632924,
unbound,bogus,test.test-bogus.example,cold,531826,2,False,1788804260.9638782,
unbound,bogus,test.test-bogus.example,cold,547481,2,False,1788804260.9644678,
unbound,bogus,test.test-bogus.example,cold,582679,2,False,1788804260.965088,
unbound,bogus,test.test-bogus.example,cold,574093,2,False,1788804260.9657137,
unbound,bogus,test.test-bogus.example,cold,499141,2,False,1788804260.966255,
unbound,bogus,test.test-bogus.example,cold,630846,2,False,1788804260.9669268,
unbound,bogus,test.test-bogus.example,cold,632871,2,False,1788804260.967611,
unbound,bogus,test.test-bogus.example,cold,500524,2,False,1788804260.9681726,
unbound,bogus,test.test-bogus.example,cold,860928,2,False,1788804260.9690857,
unbound,bogus,test.test-bogus.example,cold,640573,2,False,1788804260.969769,
unbound,bogus,test.test-bogus.example,cold,651010,2,False,1788804260.9704773,
unbound,bogus,test.test-bogus.example,cold,546815,2,False,1788804260.971074,
unbound,bogus,test.test-bogus.example,cold,1535608,2,False,1788804260.972683,
unbound,bogus,test.test-bogus.example,cold,646414,2,False,1788804260.9733877,
unbound,bogus,test.test-bogus.example,cold,570370,2,False,1788804260.9740095,
unbound,bogus,test.test-bogus.example,cold,619119,2,False,1788804260.9746897,
unbound,bogus,test.test-bogus.example,cold,3285389,2,False,1788804260.9780412,
unbound,bogus,test.test-bogus.example,cold,761051,2,False,1788804260.9788728,
unbound,bogus,test.test-bogus.example,cold,622889,2,False,1788804260.9795516,
unbound,bogus,test.test-bogus.example,cold,551870,2,False,1788804260.9801528,
unbound,bogus,test.test-bogus.example,cold,516597,2,False,1788804260.9807153,
unbound,bogus,test.test-bogus.example,cold,535780,2,False,1788804260.9812996,
unbound,bogus,test.test-bogus.example,cold,540071,2,False,1788804260.9818883,
unbound,bogus,test.test-bogus.example,cold,526691,2,False,1788804260.9824674,
unbound,bogus,test.test-bogus.example,cold,605208,2,False,1788804260.983125,
unbound,bogus,test.test-bogus.example,cold,577304,2,False,1788804260.9837518,
unbound,bogus,test.test-bogus.example,cold,475784,2,False,1788804260.9842682,
unbound,bogus,test.test-bogus.example,cold,510630,2,False,1788804260.9848201,
unbound,bogus,test.test-bogus.example,cold,499518,2,False,1788804260.9853668,
unbound,bogus,test.test-bogus.example,cold,506875,2,False,1788804260.9859228,
unbound,bogus,test.test-bogus.example,cold,547040,2,False,1788804260.98652,
unbound,bogus,test.test-bogus.example,cold,499661,2,False,1788804260.9870698,
unbound,bogus,test.test-bogus.example,cold,497623,2,False,1788804260.9876096,
unbound,bogus,test.test-bogus.example,cold,489996,2,False,1788804260.9881396,
unbound,bogus,test.test-bogus.example,cold,509871,2,False,1788804260.9886863,
unbound,bogus,test.test-bogus.example,cold,525146,2,False,1788804260.9892585,
unbound,bogus,test.test-bogus.example,cold,536874,2,False,1788804260.9898486,
unbound,bogus,test.test-bogus.example,cold,648537,2,False,1788804260.9905462,
unbound,bogus,test.test-bogus.example,cold,920163,2,False,1788804260.9915233,
unbound,bogus,test.test-bogus.example,cold,493650,2,False,1788804260.992058,
unbound,bogus,test.test-bogus.example,cold,524259,2,False,1788804260.9926267,
unbound,bogus,test.test-bogus.example,cold,496009,2,False,1788804260.9931614,
unbound,bogus,test.test-bogus.example,cold,519762,2,False,1788804260.9937322,
unbound,bogus,test.test-bogus.example,cold,617797,2,False,1788804260.9943967,
unbound,bogus,test.test-bogus.example,cold,555691,2,False,1788804260.9949973,
unbound,bogus,test.test-bogus.example,cold,574683,2,False,1788804260.9956203,
unbound,bogus,test.test-bogus.example,cold,2615058,2,False,1788804260.9982758,
unbound,bogus,test.test-bogus.example,cold,701276,2,False,1788804260.9990273,
unbound,bogus,test.test-bogus.example,cold,485256,2,False,1788804260.9995544,
unbound,bogus,test.test-bogus.example,cold,515179,2,False,1788804261.0001175,
unbound,bogus,test.test-bogus.example,cold,531896,2,False,1788804261.0007005,
unbound,bogus,test.test-bogus.example,cold,563793,2,False,1788804261.0013087,
unbound,bogus,test.test-bogus.example,cold,545491,2,False,1788804261.0018976,
unbound,bogus,test.test-bogus.example,cold,584223,2,False,1788804261.0025196,
unbound,bogus,test.test-bogus.example,cold,520390,2,False,1788804261.003091,
unbound,bogus,test.test-bogus.example,cold,516647,2,False,1788804261.0036623,
unbound,bogus,test.test-bogus.example,cold,513646,2,False,1788804261.0042295,
unbound,bogus,test.test-bogus.example,cold,494076,2,False,1788804261.0047672,
unbound,bogus,test.test-bogus.example,cold,505430,2,False,1788804261.0053177,
unbound,bogus,test.test-bogus.example,cold,533600,2,False,1788804261.005911,
unbound,bogus,test.test-bogus.example,cold,710592,2,False,1788804261.0066762,
unbound,bogus,test.test-bogus.example,cold,587875,2,False,1788804261.0073197,
unbound,bogus,test.test-bogus.example,cold,521448,2,False,1788804261.0078847,
unbound,bogus,test.test-bogus.example,cold,493564,2,False,1788804261.008424,
unbound,bogus,test.test-bogus.example,cold,530937,2,False,1788804261.0090053,
unbound,bogus,test.test-bogus.example,cold,509920,2,False,1788804261.0095584,
unbound,bogus,test.test-bogus.example,cold,527535,2,False,1788804261.010137,
unbound,bogus,test.test-bogus.example,cold,543367,2,False,1788804261.0107286,
unbound,bogus,test.test-bogus.example,cold,492180,2,False,1788804261.0112627,
unbound,bogus,test.test-bogus.example,cold,806533,2,False,1788804261.0121198,
unbound,bogus,test.test-bogus.example,cold,508838,2,False,1788804261.0126688,
unbound,bogus,test.test-bogus.example,cold,535287,2,False,1788804261.0132535,
unbound,bogus,test.test-bogus.example,cold,552729,2,False,1788804261.0138578,
unbound,bogus,test.test-bogus.example,cold,563570,2,False,1788804261.0144706,
unbound,bogus,test.test-bogus.example,cold,602941,2,False,1788804261.0151129,
unbound,bogus,test.test-bogus.example,cold,463703,2,False,1788804261.015626,
unbound,bogus,test.test-bogus.example,cold,596842,2,False,1788804261.0162725,
unbound,bogus,test.test-bogus.example,cold,2789309,2,False,1788804261.0191119,
unbound,bogus,test.test-bogus.example,cold,674366,2,False,1788804261.0198529,
unbound,bogus,test.test-bogus.example,cold,503964,2,False,1788804261.020414,
unbound,bogus,test.test-bogus.example,cold,520436,2,False,1788804261.0209844,
unbound,bogus,test.test-bogus.example,cold,549974,2,False,1788804261.0215814,
unbound,bogus,test.test-bogus.example,cold,512381,2,False,1788804261.0221446,
unbound,bogus,test.test-bogus.example,cold,500136,2,False,1788804261.0226893,
unbound,bogus,test.test-bogus.example,cold,461876,2,False,1788804261.0231931,
unbound,bogus,test.test-bogus.example,cold,503979,2,False,1788804261.023748,
unbound,bogus,test.test-bogus.example,cold,473465,2,False,1788804261.0242598,
unbound,bogus,test.test-bogus.example,cold,484199,2,False,1788804261.0247955,
unbound,bogus,test.test-bogus.example,cold,760149,2,False,1788804261.025607,
unbound,bogus,test.test-bogus.example,cold,580513,2,False,1788804261.0262392,
unbound,bogus,test.test-bogus.example,cold,502206,2,False,1788804261.0267909,
unbound,bogus,test.test-bogus.example,cold,601846,2,False,1788804261.0274427,
unbound,bogus,test.test-bogus.example,cold,520886,2,False,1788804261.0280097,
unbound,bogus,test.test-bogus.example,cold,480119,2,False,1788804261.028539,
unbound,bogus,test.test-bogus.example,cold,496847,2,False,1788804261.029086,
unbound,bogus,test.test-bogus.example,cold,462881,2,False,1788804261.0295863,
unbound,bogus,test.test-bogus.example,cold,525292,2,False,1788804261.0301588,
unbound,bogus,test.test-bogus.example,cold,609824,2,False,1788804261.0308216,
unbound,bogus,test.test-bogus.example,cold,487763,2,False,1788804261.0313542,
unbound,bogus,test.test-bogus.example,cold,510380,2,False,1788804261.0319135,
unbound,bogus,test.test-bogus.example,cold,848976,2,False,1788804261.0328183,
unbound,bogus,test.test-bogus.example,cold,510109,2,False,1788804261.0333762,
unbound,bogus,test.test-bogus.example,cold,495228,2,False,1788804261.0339136,
unbound,bogus,test.test-bogus.example,cold,529854,2,False,1788804261.0344858,
unbound,bogus,test.test-bogus.example,cold,548327,2,False,1788804261.0350845,
unbound,bogus,test.test-bogus.example,cold,627973,2,False,1788804261.0357616,
unbound,bogus,test.test-bogus.example,cold,504951,2,False,1788804261.036307,
unbound,bogus,test.test-bogus.example,cold,442785,2,False,1788804261.0367908,
unbound,bogus,test.test-bogus.example,cold,3030919,2,False,1788804261.0398705,
unbound,bogus,test.test-bogus.example,cold,733743,2,False,1788804261.040659,
unbound,bogus,test.test-bogus.example,cold,546895,2,False,1788804261.0412588,
unbound,bogus,test.test-bogus.example,cold,507159,2,False,1788804261.0418184,
unbound,bogus,test.test-bogus.example,cold,519164,2,False,1788804261.042389,
unbound,bogus,test.test-bogus.example,cold,540195,2,False,1788804261.0429795,
unbound,bogus,test.test-bogus.example,cold,497263,2,False,1788804261.043516,
unbound,bogus,test.test-bogus.example,cold,442679,2,False,1788804261.0440054,
unbound,bogus,test.test-bogus.example,cold,476700,2,False,1788804261.0445318,
unbound,bogus,test.test-bogus.example,cold,453268,2,False,1788804261.045024,
unbound,bogus,test.test-bogus.example,cold,460651,2,False,1788804261.0455227,
unbound,bogus,test.test-bogus.example,cold,494973,2,False,1788804261.046108,
unbound,bogus,test.test-bogus.example,cold,558966,2,False,1788804261.046715,
unbound,bogus,test.test-bogus.example,cold,609892,2,False,1788804261.047392,
unbound,bogus,test.test-bogus.example,cold,556416,2,False,1788804261.0479999,
unbound,bogus,test.test-bogus.example,cold,565527,2,False,1788804261.0486114,
unbound,bogus,test.test-bogus.example,cold,526003,2,False,1788804261.0491903,
unbound,bogus,test.test-bogus.example,cold,519044,2,False,1788804261.0497677,
unbound,bogus,test.test-bogus.example,cold,676459,2,False,1788804261.0504973,
unbound,bogus,test.test-bogus.example,cold,567039,2,False,1788804261.0511146,
unbound,bogus,test.test-bogus.example,cold,529774,2,False,1788804261.0516918,
unbound,bogus,test.test-bogus.example,cold,553910,2,False,1788804261.0522926,
unbound,bogus,test.test-bogus.example,cold,478382,2,False,1788804261.0528204,
unbound,bogus,test.test-bogus.example,cold,1116147,2,False,1788804261.0539827,
unbound,bogus,test.test-bogus.example,cold,755144,2,False,1788804261.0548122,
unbound,bogus,test.test-bogus.example,cold,639702,2,False,1788804261.0555217,
unbound,bogus,test.test-bogus.example,cold,645857,2,False,1788804261.056332,
unbound,bogus,test.test-bogus.example,cold,572183,2,False,1788804261.056957,
unbound,bogus,test.test-bogus.example,cold,733191,2,False,1788804261.0577419,
unbound,bogus,test.test-bogus.example,cold,512740,2,False,1788804261.0583115,
unbound,bogus,test.test-bogus.example,cold,525739,2,False,1788804261.0588782,
unbound,bogus,test.test-bogus.example,cold,3084372,2,False,1788804261.0620148,
unbound,bogus,test.test-bogus.example,cold,759981,2,False,1788804261.0628266,
unbound,bogus,test.test-bogus.example,cold,559706,2,False,1788804261.063433,
unbound,bogus,test.test-bogus.example,cold,451759,2,False,1788804261.0639265,
unbound,bogus,test.test-bogus.example,cold,586663,2,False,1788804261.0645611,
unbound,bogus,test.test-bogus.example,cold,526350,2,False,1788804261.0651367,
unbound,bogus,test.test-bogus.example,cold,498736,2,False,1788804261.0657263,
unbound,bogus,test.test-bogus.example,cold,648977,2,False,1788804261.066428,
unbound,bogus,test.test-bogus.example,cold,554175,2,False,1788804261.0670445,
unbound,bogus,test.test-bogus.example,cold,537570,2,False,1788804261.0676255,
unbound,bogus,test.test-bogus.example,cold,498114,2,False,1788804261.068163,
unbound,bogus,test.test-bogus.example,cold,501210,2,False,1788804261.0687125,
unbound,bogus,test.test-bogus.example,cold,518376,2,False,1788804261.069281,
unbound,bogus,test.test-bogus.example,cold,630954,2,False,1788804261.0699518,
unbound,bogus,test.test-bogus.example,cold,568736,2,False,1788804261.0705783,
unbound,bogus,test.test-bogus.example,cold,527785,2,False,1788804261.071147,
unbound,bogus,test.test-bogus.example,cold,512298,2,False,1788804261.071703,
unbound,bogus,test.test-bogus.example,cold,487895,2,False,1788804261.072231,
unbound,bogus,test.test-bogus.example,cold,570511,2,False,1788804261.0728521,
unbound,bogus,test.test-bogus.example,cold,509015,2,False,1788804261.0734017,
unbound,bogus,test.test-bogus.example,cold,707415,2,False,1788804261.0741658,
unbound,bogus,test.test-bogus.example,cold,584990,2,False,1788804261.07481,
unbound,bogus,test.test-bogus.example,cold,497351,2,False,1788804261.0753582,
unbound,bogus,test.test-bogus.example,cold,623080,2,False,1788804261.0760453,
unbound,bogus,test.test-bogus.example,cold,1020072,2,False,1788804261.077117,
unbound,bogus,test.test-bogus.example,cold,655488,2,False,1788804261.0778244,
unbound,bogus,test.test-bogus.example,cold,598885,2,False,1788804261.0784724,
unbound,bogus,test.test-bogus.example,cold,498256,2,False,1788804261.0790136,
unbound,bogus,test.test-bogus.example,cold,500041,2,False,1788804261.0795512,
unbound,bogus,test.test-bogus.example,cold,575187,2,False,1788804261.08017,
unbound,bogus,test.test-bogus.example,cold,529210,2,False,1788804261.080746,
unbound,bogus,test.test-bogus.example,cold,561703,2,False,1788804261.0813472,
unbound,bogus,test.test-bogus.example,cold,2785243,2,False,1788804261.0841713,
unbound,bogus,test.test-bogus.example,cold,808218,2,False,1788804261.085053,
unbound,bogus,test.test-bogus.example,cold,474896,2,False,1788804261.085579,
unbound,bogus,test.test-bogus.example,cold,600625,2,False,1788804261.086233,
unbound,bogus,test.test-bogus.example,cold,623973,2,False,1788804261.0869067,
unbound,bogus,test.test-bogus.example,cold,498762,2,False,1788804261.0874465,
unbound,bogus,test.test-bogus.example,cold,510293,2,False,1788804261.0880053,
unbound,bogus,test.test-bogus.example,cold,510057,2,False,1788804261.088563,
unbound,bogus,test.test-bogus.example,cold,531441,2,False,1788804261.0891325,
unbound,bogus,test.test-bogus.example,cold,693702,2,False,1788804261.0898778,
unbound,bogus,test.test-bogus.example,cold,495809,2,False,1788804261.090428,
unbound,bogus,test.test-bogus.example,cold,554040,2,False,1788804261.0910375,
unbound,bogus,test.test-bogus.example,cold,523952,2,False,1788804261.0916102,
unbound,bogus,test.test-bogus.example,cold,502457,2,False,1788804261.0921633,
unbound,bogus,test.test-bogus.example,cold,523245,2,False,1788804261.0927365,
unbound,bogus,test.test-bogus.example,cold,526867,2,False,1788804261.0933058,
unbound,bogus,test.test-bogus.example,cold,505398,2,False,1788804261.0938575,
unbound,bogus,test.test-bogus.example,cold,556816,2,False,1788804261.0944672,
unbound,bogus,test.test-bogus.example,cold,558887,2,False,1788804261.0950747,
unbound,bogus,test.test-bogus.example,cold,545494,2,False,1788804261.0956695,
unbound,bogus,test.test-bogus.example,cold,515377,2,False,1788804261.0962346,
unbound,bogus,test.test-bogus.example,cold,506819,2,False,1788804261.0967796,
unbound,bogus,test.test-bogus.example,cold,524350,2,False,1788804261.0973475,
unbound,bogus,test.test-bogus.example,cold,855850,2,False,1788804261.098249,
unbound,bogus,test.test-bogus.example,cold,522716,2,False,1788804261.0988195,
unbound,bogus,test.test-bogus.example,cold,520260,2,False,1788804261.099388,
unbound,bogus,test.test-bogus.example,cold,531712,2,False,1788804261.0999699,
unbound,bogus,test.test-bogus.example,cold,496335,2,False,1788804261.100516,
unbound,bogus,test.test-bogus.example,cold,593637,2,False,1788804261.101149,
unbound,bogus,test.test-bogus.example,cold,521910,2,False,1788804261.1017246,
unbound,bogus,test.test-bogus.example,cold,522828,2,False,1788804261.102291,
unbound,bogus,test.test-bogus.example,cold,2799222,2,False,1788804261.105134,
unbound,bogus,test.test-bogus.example,cold,737963,2,False,1788804261.1059475,
unbound,bogus,test.test-bogus.example,cold,766766,2,False,1788804261.1068106,
unbound,bogus,test.test-bogus.example,cold,515633,2,False,1788804261.107378,
unbound,bogus,test.test-bogus.example,cold,609001,2,False,1788804261.1080422,
unbound,bogus,test.test-bogus.example,cold,649552,2,False,1788804261.1087346,
unbound,bogus,test.test-bogus.example,cold,515335,2,False,1788804261.109288,
unbound,bogus,test.test-bogus.example,cold,535531,2,False,1788804261.109874,
unbound,bogus,test.test-bogus.example,cold,537440,2,False,1788804261.1104572,
unbound,bogus,test.test-bogus.example,cold,484236,2,False,1788804261.110989,
unbound,bogus,test.test-bogus.example,cold,504755,2,False,1788804261.1115403,
unbound,bogus,test.test-bogus.example,cold,510655,2,False,1788804261.1121073,
unbound,bogus,test.test-bogus.example,cold,530345,2,False,1788804261.1126876,
unbound,bogus,test.test-bogus.example,cold,520592,2,False,1788804261.1132472,
unbound,bogus,test.test-bogus.example,cold,525970,2,False,1788804261.1138198,
unbound,bogus,test.test-bogus.example,cold,576715,2,False,1788804261.1144466,
unbound,bogus,test.test-bogus.example,cold,530643,2,False,1788804261.1150305,
unbound,bogus,test.test-bogus.example,cold,524875,2,False,1788804261.1156056,
unbound,bogus,test.test-bogus.example,cold,775765,2,False,1788804261.116443,
unbound,bogus,test.test-bogus.example,cold,697001,2,False,1788804261.1172671,
unbound,bogus,test.test-bogus.example,cold,581096,2,False,1788804261.1178946,
unbound,bogus,test.test-bogus.example,cold,761871,2,False,1788804261.1187031,
unbound,bogus,test.test-bogus.example,cold,1168519,2,False,1788804261.11994,
unbound,bogus,test.test-bogus.example,cold,643051,2,False,1788804261.1206546,
unbound,bogus,test.test-bogus.example,cold,565675,2,False,1788804261.1212788,
unbound,bogus,test.test-bogus.example,cold,574411,2,False,1788804261.1219077,
unbound,bogus,test.test-bogus.example,cold,511731,2,False,1788804261.1224642,
unbound,bogus,test.test-bogus.example,cold,543099,2,False,1788804261.1230495,
unbound,bogus,test.test-bogus.example,cold,466783,2,False,1788804261.1235542,
unbound,bogus,test.test-bogus.example,cold,466383,2,False,1788804261.1240585,
unbound,bogus,test.test-bogus.example,cold,2774791,2,False,1788804261.1268747,
unbound,bogus,test.test-bogus.example,cold,701419,2,False,1788804261.127639,
unbound,bogus,test.test-bogus.example,cold,619399,2,False,1788804261.1283512,
unbound,bogus,test.test-bogus.example,cold,608110,2,False,1788804261.1290169,
unbound,bogus,test.test-bogus.example,cold,718899,2,False,1788804261.1297908,
unbound,bogus,test.test-bogus.example,cold,591722,2,False,1788804261.1304462,
unbound,bogus,test.test-bogus.example,cold,498646,2,False,1788804261.1310081,
unbound,bogus,test.test-bogus.example,cold,784983,2,False,1788804261.1318512,
unbound,bogus,test.test-bogus.example,cold,952951,2,False,1788804261.1328626,
unbound,bogus,test.test-bogus.example,cold,573578,2,False,1788804261.1334927,
unbound,bogus,test.test-bogus.example,cold,588321,2,False,1788804261.1341279,
unbound,bogus,test.test-bogus.example,cold,504328,2,False,1788804261.1346846,
unbound,bogus,test.test-bogus.example,cold,438608,2,False,1788804261.1351664,
unbound,bogus,test.test-bogus.example,cold,451019,2,False,1788804261.1356592,
unbound,bogus,test.test-bogus.example,cold,450426,2,False,1788804261.1361628,
unbound,bogus,test.test-bogus.example,cold,445032,2,False,1788804261.1366537,
unbound,bogus,test.test-bogus.example,cold,466414,2,False,1788804261.1371663,
unbound,bogus,test.test-bogus.example,cold,593713,2,False,1788804261.1378112,
unbound,bogus,test.test-bogus.example,cold,443019,2,False,1788804261.1382947,
unbound,bogus,test.test-bogus.example,cold,583723,2,False,1788804261.1389232,
unbound,bogus,test.test-bogus.example,cold,538368,2,False,1788804261.1395097,
unbound,bogus,test.test-bogus.example,cold,589436,2,False,1788804261.1401565,
unbound,bogus,test.test-bogus.example,cold,502152,2,False,1788804261.1407156,
unbound,bogus,test.test-bogus.example,cold,844636,2,False,1788804261.141609,
unbound,bogus,test.test-bogus.example,cold,561911,2,False,1788804261.1422377,
unbound,bogus,test.test-bogus.example,cold,644767,2,False,1788804261.1429355,
unbound,bogus,test.test-bogus.example,cold,741940,2,False,1788804261.1437373,
unbound,bogus,test.test-bogus.example,cold,524638,2,False,1788804261.1443117,
unbound,bogus,test.test-bogus.example,cold,691774,2,False,1788804261.1450589,
unbound,bogus,test.test-bogus.example,cold,519473,2,False,1788804261.1456308,
unbound,bogus,test.test-bogus.example,cold,465351,2,False,1788804261.1461358,
unbound,bogus,test.test-bogus.example,cold,2817216,2,False,1788804261.1490092,
unbound,bogus,test.test-bogus.example,cold,910308,2,False,1788804261.1500475,
unbound,bogus,test.test-bogus.example,cold,535315,2,False,1788804261.1506276,
unbound,bogus,test.test-bogus.example,cold,510839,2,False,1788804261.1511893,
unbound,bogus,test.test-bogus.example,cold,542415,2,False,1788804261.1517708,
unbound,bogus,test.test-bogus.example,cold,512775,2,False,1788804261.152321,
unbound,bogus,test.test-bogus.example,cold,469787,2,False,1788804261.1528413,
unbound,bogus,test.test-bogus.example,cold,487061,2,False,1788804261.1533756,
unbound,bogus,test.test-bogus.example,cold,505644,2,False,1788804261.153918,
unbound,bogus,test.test-bogus.example,cold,506650,2,False,1788804261.1544642,
unbound,bogus,test.test-bogus.example,cold,506420,2,False,1788804261.1550257,
unbound,bogus,test.test-bogus.example,cold,537331,2,False,1788804261.1556044,
unbound,bogus,test.test-bogus.example,cold,528645,2,False,1788804261.156179,
unbound,bogus,test.test-bogus.example,cold,543671,2,False,1788804261.1567695,
unbound,bogus,test.test-bogus.example,cold,500924,2,False,1788804261.1573093,
unbound,bogus,test.test-bogus.example,cold,515226,2,False,1788804261.1578636,
unbound,bogus,test.test-bogus.example,cold,563201,2,False,1788804261.158471,
unbound,bogus,test.test-bogus.example,cold,510541,2,False,1788804261.1590304,
unbound,bogus,test.test-bogus.example,cold,446730,2,False,1788804261.1595147,
unbound,bogus,test.test-bogus.example,cold,534147,2,False,1788804261.1600945,
unbound,bogus,test.test-bogus.example,cold,578757,2,False,1788804261.1607223,
unbound,bogus,test.test-bogus.example,cold,510326,2,False,1788804261.161283,
unbound,bogus,test.test-bogus.example,cold,505826,2,False,1788804261.1618273,
unbound,bogus,test.test-bogus.example,cold,818133,2,False,1788804261.1626966,
unbound,bogus,test.test-bogus.example,cold,586063,2,False,1788804261.1633332,
unbound,bogus,test.test-bogus.example,cold,536889,2,False,1788804261.16392,
unbound,bogus,test.test-bogus.example,cold,578580,2,False,1788804261.1645494,
unbound,bogus,test.test-bogus.example,cold,541714,2,False,1788804261.1651487,
unbound,bogus,test.test-bogus.example,cold,614484,2,False,1788804261.1658208,
unbound,bogus,test.test-bogus.example,cold,605281,2,False,1788804261.1664762,
unbound,bogus,test.test-bogus.example,cold,582083,2,False,1788804261.1671124,
unbound,bogus,test.test-bogus.example,cold,2854571,2,False,1788804261.1700163,
unbound,bogus,test.test-bogus.example,cold,680779,2,False,1788804261.1707623,
unbound,bogus,test.test-bogus.example,cold,571093,2,False,1788804261.171374,
unbound,bogus,test.test-bogus.example,cold,488695,2,False,1788804261.17191,
unbound,bogus,test.test-bogus.example,cold,551368,2,False,1788804261.172502,
unbound,bogus,test.test-bogus.example,cold,488143,2,False,1788804261.1730344,
unbound,bogus,test.test-bogus.example,cold,523866,2,False,1788804261.1736088,
unbound,bogus,test.test-bogus.example,cold,509750,2,False,1788804261.1741672,
unbound,bogus,test.test-bogus.example,cold,532783,2,False,1788804261.1747549,
unbound,bogus,test.test-bogus.example,cold,516095,2,False,1788804261.1753268,
unbound,bogus,test.test-bogus.example,cold,514260,2,False,1788804261.1758916,
unbound,bogus,test.test-bogus.example,cold,513362,2,False,1788804261.1764553,
unbound,bogus,test.test-bogus.example,cold,506903,2,False,1788804261.1770155,
unbound,bogus,test.test-bogus.example,cold,426548,2,False,1788804261.1774795,
unbound,bogus,test.test-bogus.example,cold,522885,2,False,1788804261.178039,
unbound,bogus,test.test-bogus.example,cold,547620,2,False,1788804261.1786268,
unbound,bogus,test.test-bogus.example,cold,589961,2,False,1788804261.1792753,
unbound,bogus,test.test-bogus.example,cold,696011,2,False,1788804261.1800294,
unbound,bogus,test.test-bogus.example,cold,712806,2,False,1788804261.1808007,
unbound,bogus,test.test-bogus.example,cold,598074,2,False,1788804261.1814528,
unbound,bogus,test.test-bogus.example,cold,523492,2,False,1788804261.1820347,
unbound,bogus,test.test-bogus.example,cold,590760,2,False,1788804261.182679,
unbound,bogus,test.test-bogus.example,cold,772474,2,False,1788804261.1834943,
unbound,bogus,test.test-bogus.example,cold,502477,2,False,1788804261.1840384,
unbound,bogus,test.test-bogus.example,cold,480978,2,False,1788804261.1845624,
unbound,bogus,test.test-bogus.example,cold,515051,2,False,1788804261.1851213,
unbound,bogus,test.test-bogus.example,cold,1742053,2,False,1788804261.1869085,
unbound,bogus,test.test-bogus.example,cold,723055,2,False,1788804261.1876945,
unbound,bogus,test.test-bogus.example,cold,568776,2,False,1788804261.1883154,
unbound,bogus,test.test-bogus.example,cold,535748,2,False,1788804261.1889095,
unbound,bogus,test.test-bogus.example,cold,4272290,2,False,1788804261.1932662,
unbound,bogus,test.test-bogus.example,cold,870491,2,False,1788804261.194248,
unbound,bogus,test.test-bogus.example,cold,656134,2,False,1788804261.1949944,
unbound,bogus,test.test-bogus.example,cold,983217,2,False,1788804261.1960282,
unbound,bogus,test.test-bogus.example,cold,603090,2,False,1788804261.1967869,
unbound,bogus,test.test-bogus.example,cold,543253,2,False,1788804261.1973846,
unbound,bogus,test.test-bogus.example,cold,541058,2,False,1788804261.1979754,
unbound,bogus,test.test-bogus.example,cold,569885,2,False,1788804261.1985931,
unbound,bogus,test.test-bogus.example,cold,499646,2,False,1788804261.199137,
unbound,bogus,test.test-bogus.example,cold,533998,2,False,1788804261.199726,
unbound,bogus,test.test-bogus.example,cold,510574,2,False,1788804261.2002866,
unbound,bogus,test.test-bogus.example,cold,507605,2,False,1788804261.2008436,
unbound,bogus,test.test-bogus.example,cold,550827,2,False,1788804261.201432,
unbound,bogus,test.test-bogus.example,cold,540793,2,False,1788804261.202027,
unbound,bogus,test.test-bogus.example,cold,465410,2,False,1788804261.2025323,
unbound,bogus,test.test-bogus.example,cold,511692,2,False,1788804261.203093,
unbound,bogus,test.test-bogus.example,cold,491124,2,False,1788804261.2036316,
unbound,bogus,test.test-bogus.example,cold,476843,2,False,1788804261.204155,
unbound,bogus,test.test-bogus.example,cold,516835,2,False,1788804261.2047093,
unbound,bogus,test.test-bogus.example,cold,476802,2,False,1788804261.2052293,
unbound,bogus,test.test-bogus.example,cold,520180,2,False,1788804261.2057931,
unbound,bogus,test.test-bogus.example,cold,485226,2,False,1788804261.2063198,
unbound,bogus,test.test-bogus.example,cold,908342,2,False,1788804261.2072704,
unbound,bogus,test.test-bogus.example,cold,740222,2,False,1788804261.208054,
unbound,bogus,test.test-bogus.example,cold,672735,2,False,1788804261.208791,
unbound,bogus,test.test-bogus.example,cold,572021,2,False,1788804261.2094326,
unbound,bogus,test.test-bogus.example,cold,598982,2,False,1788804261.2100854,
unbound,bogus,test.test-bogus.example,cold,891761,2,False,1788804261.2110343,
unbound,bogus,test.test-bogus.example,cold,517539,2,False,1788804261.2116077,
unbound,bogus,test.test-bogus.example,cold,496604,2,False,1788804261.2121556,
unbound,bogus,test.test-bogus.example,cold,3928631,2,False,1788804261.2161458,
unbound,bogus,test.test-bogus.example,cold,757652,2,False,1788804261.2169795,
unbound,bogus,test.test-bogus.example,cold,546823,2,False,1788804261.2175732,
unbound,bogus,test.test-bogus.example,cold,501655,2,False,1788804261.2181296,
unbound,bogus,test.test-bogus.example,cold,707466,2,False,1788804261.2188814,
unbound,bogus,test.test-bogus.example,cold,541379,2,False,1788804261.2194762,
unbound,bogus,test.test-bogus.example,cold,499603,2,False,1788804261.220026,
unbound,bogus,test.test-bogus.example,cold,552583,2,False,1788804261.2206213,
unbound,bogus,test.test-bogus.example,cold,586445,2,False,1788804261.2212596,
unbound,bogus,test.test-bogus.example,cold,494137,2,False,1788804261.2217982,
unbound,bogus,test.test-bogus.example,cold,504718,2,False,1788804261.2223544,
unbound,bogus,test.test-bogus.example,cold,602142,2,False,1788804261.2230523,
unbound,bogus,test.test-bogus.example,cold,548718,2,False,1788804261.2236495,
unbound,bogus,test.test-bogus.example,cold,511398,2,False,1788804261.2242026,
unbound,bogus,test.test-bogus.example,cold,530009,2,False,1788804261.2247858,
unbound,bogus,test.test-bogus.example,cold,543685,2,False,1788804261.225368,
unbound,bogus,test.test-bogus.example,cold,477394,2,False,1788804261.2258859,
unbound,bogus,test.test-bogus.example,cold,561838,2,False,1788804261.2264884,
unbound,bogus,test.test-bogus.example,cold,722938,2,False,1788804261.2272506,
unbound,bogus,test.test-bogus.example,cold,588401,2,False,1788804261.2279184,
unbound,bogus,test.test-bogus.example,cold,448859,2,False,1788804261.228414,
unbound,bogus,test.test-bogus.example,cold,458885,2,False,1788804261.228916,
unbound,bogus,test.test-bogus.example,cold,819093,2,False,1788804261.229786,
unbound,bogus,test.test-bogus.example,cold,479991,2,False,1788804261.2303064,
unbound,bogus,test.test-bogus.example,cold,599164,2,False,1788804261.2309496,
unbound,bogus,test.test-bogus.example,cold,493268,2,False,1788804261.2314978,
unbound,bogus,test.test-bogus.example,cold,530372,2,False,1788804261.2320704,
unbound,bogus,test.test-bogus.example,cold,825058,2,False,1788804261.2329352,
unbound,bogus,test.test-bogus.example,cold,495382,2,False,1788804261.233473,
unbound,bogus,test.test-bogus.example,cold,568197,2,False,1788804261.2340896,
unbound,bogus,test.test-bogus.example,cold,2977381,2,False,1788804261.2371109,
unbound,bogus,test.test-bogus.example,cold,701028,2,False,1788804261.237876,
unbound,bogus,test.test-bogus.example,cold,552868,2,False,1788804261.2384818,
unbound,bogus,test.test-bogus.example,cold,534836,2,False,1788804261.2390647,
unbound,bogus,test.test-bogus.example,cold,465060,2,False,1788804261.2395701,
unbound,bogus,test.test-bogus.example,cold,533833,2,False,1788804261.2401583,
unbound,bogus,test.test-bogus.example,cold,510975,2,False,1788804261.240719,
unbound,bogus,test.test-bogus.example,cold,519339,2,False,1788804261.2412853,
unbound,bogus,test.test-bogus.example,cold,513652,2,False,1788804261.2418368,
unbound,bogus,test.test-bogus.example,cold,523079,2,False,1788804261.2424068,
unbound,bogus,test.test-bogus.example,cold,537339,2,False,1788804261.2429934,
unbound,bogus,test.test-bogus.example,cold,505431,2,False,1788804261.243537,
unbound,bogus,test.test-bogus.example,cold,528808,2,False,1788804261.2441077,
unbound,bogus,test.test-bogus.example,cold,644544,2,False,1788804261.2448015,
unbound,bogus,test.test-bogus.example,cold,590152,2,False,1788804261.2454436,
unbound,bogus,test.test-bogus.example,cold,546283,2,False,1788804261.2460523,
unbound,bogus,test.test-bogus.example,cold,557515,2,False,1788804261.2466683,
unbound,bogus,test.test-bogus.example,cold,473785,2,False,1788804261.2471933,
unbound,bogus,test.test-bogus.example,cold,592637,2,False,1788804261.2478395,
unbound,bogus,test.test-bogus.example,cold,515881,2,False,1788804261.2484083,
unbound,bogus,test.test-bogus.example,cold,598873,2,False,1788804261.2490602,
unbound,bogus,test.test-bogus.example,cold,590597,2,False,1788804261.2497096,
unbound,bogus,test.test-bogus.example,cold,881612,2,False,1788804261.250647,
unbound,bogus,test.test-bogus.example,cold,498260,2,False,1788804261.2511885,
unbound,bogus,test.test-bogus.example,cold,522627,2,False,1788804261.251754,
unbound,bogus,test.test-bogus.example,cold,476409,2,False,1788804261.2522686,
unbound,bogus,test.test-bogus.example,cold,558962,2,False,1788804261.2528706,
unbound,bogus,test.test-bogus.example,cold,592051,2,False,1788804261.253504,
unbound,bogus,test.test-bogus.example,cold,481710,2,False,1788804261.2540302,
unbound,bogus,test.test-bogus.example,cold,543661,2,False,1788804261.2546146,
unbound,bogus,test.test-bogus.example,cold,2737078,2,False,1788804261.2574022,
unbound,bogus,test.test-bogus.example,cold,704416,2,False,1788804261.258183,
unbound,bogus,test.test-bogus.example,cold,535908,2,False,1788804261.2587743,
unbound,bogus,test.test-bogus.example,cold,447413,2,False,1788804261.259263,
unbound,bogus,test.test-bogus.example,cold,503277,2,False,1788804261.2598047,
unbound,bogus,test.test-bogus.example,cold,493652,2,False,1788804261.2603445,
unbound,bogus,test.test-bogus.example,cold,484047,2,False,1788804261.2608657,
unbound,bogus,test.test-bogus.example,cold,541436,2,False,1788804261.261456,
unbound,bogus,test.test-bogus.example,cold,538459,2,False,1788804261.2620354,
unbound,bogus,test.test-bogus.example,cold,559727,2,False,1788804261.2626452,
unbound,bogus,test.test-bogus.example,cold,561065,2,False,1788804261.2632618,
unbound,bogus,test.test-bogus.example,cold,511842,2,False,1788804261.263819,
unbound,bogus,test.test-bogus.example,cold,415338,2,False,1788804261.2642727,
unbound,bogus,test.test-bogus.example,cold,537566,2,False,1788804261.264859,
unbound,bogus,test.test-bogus.example,cold,517021,2,False,1788804261.2654278,
unbound,bogus,test.test-bogus.example,cold,565092,2,False,1788804261.2660413,
unbound,bogus,test.test-bogus.example,cold,3920436,2,False,1788804261.270019,
unbound,bogus,test.test-bogus.example,cold,597515,2,False,1788804261.2706792,
unbound,bogus,test.test-bogus.example,cold,511830,2,False,1788804261.2712405,
unbound,bogus,test.test-bogus.example,cold,509852,2,False,1788804261.2717912,
unbound,bogus,test.test-bogus.example,cold,540486,2,False,1788804261.2723794,
unbound,bogus,test.test-bogus.example,cold,480829,2,False,1788804261.272911,
unbound,bogus,test.test-bogus.example,cold,501537,2,False,1788804261.2734659,
unbound,bogus,test.test-bogus.example,cold,581693,2,False,1788804261.2740965,
unbound,bogus,test.test-bogus.example,cold,909977,2,False,1788804261.275059,
unbound,bogus,test.test-bogus.example,cold,517961,2,False,1788804261.2756288,
unbound,bogus,test.test-bogus.example,cold,538780,2,False,1788804261.2762167,
unbound,bogus,test.test-bogus.example,cold,527164,2,False,1788804261.2767828,
unbound,bogus,test.test-bogus.example,cold,506135,2,False,1788804261.2773392,
unbound,bogus,test.test-bogus.example,cold,595067,2,False,1788804261.277973,
unbound,bogus,test.test-bogus.example,cold,582186,2,False,1788804261.2786062,
unbound,bogus,test.test-bogus.example,cold,505872,2,False,1788804261.279157,
unbound,bogus,test.test-bogus.example,cold,2823368,2,False,1788804261.2820284,
unbound,bogus,test.test-bogus.example,cold,742543,2,False,1788804261.2828248,
unbound,bogus,test.test-bogus.example,cold,505325,2,False,1788804261.2833793,
unbound,bogus,test.test-bogus.example,cold,512352,2,False,1788804261.2839782,
unbound,bogus,test.test-bogus.example,cold,577823,2,False,1788804261.2845984,
unbound,bogus,test.test-bogus.example,cold,527377,2,False,1788804261.2851741,
unbound,bogus,test.test-bogus.example,cold,515270,2,False,1788804261.2857356,
unbound,bogus,test.test-bogus.example,cold,518595,2,False,1788804261.286295,
unbound,bogus,test.test-bogus.example,cold,576294,2,False,1788804261.286934,
unbound,bogus,test.test-bogus.example,cold,502416,2,False,1788804261.287485,
unbound,bogus,test.test-bogus.example,cold,553674,2,False,1788804261.2880893,
unbound,bogus,test.test-bogus.example,cold,537912,2,False,1788804261.2886713,
unbound,bogus,test.test-bogus.example,cold,480687,2,False,1788804261.2891967,
unbound,bogus,test.test-bogus.example,cold,618937,2,False,1788804261.2898629,
unbound,bogus,test.test-bogus.example,cold,628596,2,False,1788804261.290554,
unbound,bogus,test.test-bogus.example,cold,605947,2,False,1788804261.2912173,
unbound,bogus,test.test-bogus.example,cold,557397,2,False,1788804261.2918234,
unbound,bogus,test.test-bogus.example,cold,575881,2,False,1788804261.2924545,
unbound,bogus,test.test-bogus.example,cold,581597,2,False,1788804261.2930963,
unbound,bogus,test.test-bogus.example,cold,616373,2,False,1788804261.2937753,
unbound,bogus,test.test-bogus.example,cold,704718,2,False,1788804261.2945359,
unbound,bogus,test.test-bogus.example,cold,728187,2,False,1788804261.295323,
unbound,bogus,test.test-bogus.example,cold,854289,2,False,1788804261.296221,
unbound,bogus,test.test-bogus.example,cold,661504,2,False,1788804261.2969272,
unbound,bogus,test.test-bogus.example,cold,501931,2,False,1788804261.297473,
unbound,bogus,test.test-bogus.example,cold,482884,2,False,1788804261.2980027,
unbound,bogus,test.test-bogus.example,cold,478514,2,False,1788804261.2985787,
unbound,bogus,test.test-bogus.example,cold,896280,2,False,1788804261.2995315,
unbound,bogus,test.test-bogus.example,cold,525465,2,False,1788804261.300121,
unbound,bogus,test.test-bogus.example,cold,539653,2,False,1788804261.3007102,
unbound,bogus,test.test-bogus.example,cold,5282664,2,False,1788804261.306051,
unbound,bogus,test.test-bogus.example,cold,1072235,2,False,1788804261.307205,
unbound,bogus,test.test-bogus.example,cold,590063,2,False,1788804261.3078759,
unbound,bogus,test.test-bogus.example,cold,606145,2,False,1788804261.3085415,
unbound,bogus,test.test-bogus.example,cold,829542,2,False,1788804261.3094385,
unbound,bogus,test.test-bogus.example,cold,744112,2,False,1788804261.3102517,
unbound,bogus,test.test-bogus.example,cold,788602,2,False,1788804261.3111134,
unbound,bogus,test.test-bogus.example,cold,558387,2,False,1788804261.311729,
unbound,bogus,test.test-bogus.example,cold,618969,2,False,1788804261.3125083,
unbound,bogus,test.test-bogus.example,cold,596370,2,False,1788804261.3131604,
unbound,bogus,test.test-bogus.example,cold,675698,2,False,1788804261.3138928,
unbound,bogus,test.test-bogus.example,cold,757272,2,False,1788804261.3147027,
unbound,bogus,test.test-bogus.example,cold,607393,2,False,1788804261.315364,
unbound,bogus,test.test-bogus.example,cold,504352,2,False,1788804261.315923,
unbound,bogus,test.test-bogus.example,cold,561134,2,False,1788804261.3165329,
unbound,bogus,test.test-bogus.example,cold,770913,2,False,1788804261.317349,
unbound,bogus,test.test-bogus.example,cold,528775,2,False,1788804261.317931,
unbound,bogus,test.test-bogus.example,cold,518617,2,False,1788804261.318488,
unbound,bogus,test.test-bogus.example,cold,513263,2,False,1788804261.3190556,
unbound,bogus,test.test-bogus.example,cold,452996,2,False,1788804261.3195481,
unbound,bogus,test.test-bogus.example,cold,542841,2,False,1788804261.3201385,
unbound,bogus,test.test-bogus.example,cold,524013,2,False,1788804261.3207107,
unbound,bogus,test.test-bogus.example,cold,1062394,2,False,1788804261.321826,
unbound,bogus,test.test-bogus.example,cold,602827,2,False,1788804261.3224723,
unbound,bogus,test.test-bogus.example,cold,536120,2,False,1788804261.32305,
unbound,bogus,test.test-bogus.example,cold,527957,2,False,1788804261.3236167,
unbound,bogus,test.test-bogus.example,cold,479056,2,False,1788804261.3241436,
unbound,bogus,test.test-bogus.example,cold,552897,2,False,1788804261.3247476,
unbound,bogus,test.test-bogus.example,cold,526749,2,False,1788804261.3253284,
unbound,bogus,test.test-bogus.example,cold,598881,2,False,1788804261.3259854,
unbound,bogus,test.test-bogus.example,cold,3582086,2,False,1788804261.329622,
unbound,bogus,test.test-bogus.example,cold,784812,2,False,1788804261.3304713,
unbound,bogus,test.test-bogus.example,cold,572224,2,False,1788804261.3311038,
unbound,bogus,test.test-bogus.example,cold,540763,2,False,1788804261.3316948,
unbound,bogus,test.test-bogus.example,cold,588161,2,False,1788804261.3323355,
unbound,bogus,test.test-bogus.example,cold,478150,2,False,1788804261.332853,
unbound,bogus,test.test-bogus.example,cold,509694,2,False,1788804261.3334029,
unbound,bogus,test.test-bogus.example,cold,552363,2,False,1788804261.333998,
unbound,bogus,test.test-bogus.example,cold,532107,2,False,1788804261.334578,
unbound,bogus,test.test-bogus.example,cold,515683,2,False,1788804261.335132,
unbound,bogus,test.test-bogus.example,cold,477692,2,False,1788804261.3356504,
unbound,bogus,test.test-bogus.example,cold,440944,2,False,1788804261.336131,
unbound,bogus,test.test-bogus.example,cold,586673,2,False,1788804261.336757,
unbound,bogus,test.test-bogus.example,cold,540669,2,False,1788804261.337344,
unbound,bogus,test.test-bogus.example,cold,515269,2,False,1788804261.3379016,
unbound,bogus,test.test-bogus.example,cold,510803,2,False,1788804261.3384514,
unbound,bogus,test.test-bogus.example,cold,475148,2,False,1788804261.3389766,
unbound,bogus,test.test-bogus.example,cold,468604,2,False,1788804261.339489,
unbound,bogus,test.test-bogus.example,cold,492049,2,False,1788804261.3400207,
unbound,bogus,test.test-bogus.example,cold,538329,2,False,1788804261.340609,
unbound,bogus,test.test-bogus.example,cold,553287,2,False,1788804261.3412154,
unbound,bogus,test.test-bogus.example,cold,540347,2,False,1788804261.3418055,
unbound,bogus,test.test-bogus.example,cold,578424,2,False,1788804261.3424344,
unbound,bogus,test.test-bogus.example,cold,850525,2,False,1788804261.3433356,
unbound,bogus,test.test-bogus.example,cold,575143,2,False,1788804261.3439686,
unbound,bogus,test.test-bogus.example,cold,499800,2,False,1788804261.344509,
unbound,bogus,test.test-bogus.example,cold,530267,2,False,1788804261.3450782,
unbound,bogus,test.test-bogus.example,cold,644132,2,False,1788804261.3457775,
unbound,bogus,test.test-bogus.example,cold,688290,2,False,1788804261.34652,
unbound,bogus,test.test-bogus.example,cold,542100,2,False,1788804261.3471212,
unbound,bogus,test.test-bogus.example,cold,528998,2,False,1788804261.3477063,
unbound,bogus,test.test-bogus.example,cold,3645167,2,False,1788804261.351411,
unbound,bogus,test.test-bogus.example,cold,965097,2,False,1788804261.352464,
unbound,bogus,test.test-bogus.example,cold,762488,2,False,1788804261.353295,
unbound,bogus,test.test-bogus.example,cold,669854,2,False,1788804261.3540194,
unbound,bogus,test.test-bogus.example,cold,648093,2,False,1788804261.3547273,
unbound,bogus,test.test-bogus.example,cold,582698,2,False,1788804261.3554277,
unbound,bogus,test.test-bogus.example,cold,540215,2,False,1788804261.356018,
unbound,bogus,test.test-bogus.example,cold,509434,2,False,1788804261.3565812,
unbound,bogus,test.test-bogus.example,cold,474431,2,False,1788804261.3570964,
unbound,bogus,test.test-bogus.example,cold,499247,2,False,1788804261.357638,
unbound,bogus,test.test-bogus.example,cold,495174,2,False,1788804261.3581727,
unbound,bogus,test.test-bogus.example,cold,578497,2,False,1788804261.3587902,
unbound,bogus,test.test-bogus.example,cold,478095,2,False,1788804261.359316,
unbound,bogus,test.test-bogus.example,cold,516426,2,False,1788804261.3598833,
unbound,bogus,test.test-bogus.example,cold,436302,2,False,1788804261.360368,
unbound,bogus,test.test-bogus.example,cold,513007,2,False,1788804261.3609319,
unbound,bogus,test.test-bogus.example,cold,520456,2,False,1788804261.3615012,
unbound,bogus,test.test-bogus.example,cold,509244,2,False,1788804261.3620489,
unbound,bogus,test.test-bogus.example,cold,484572,2,False,1788804261.3625813,
unbound,bogus,test.test-bogus.example,cold,424203,2,False,1788804261.3630464,
unbound,bogus,test.test-bogus.example,cold,507047,2,False,1788804261.3635912,
unbound,bogus,test.test-bogus.example,cold,588643,2,False,1788804261.364231,
unbound,bogus,test.test-bogus.example,cold,560189,2,False,1788804261.3648324,
unbound,bogus,test.test-bogus.example,cold,530262,2,False,1788804261.3654048,
unbound,bogus,test.test-bogus.example,cold,480643,2,False,1788804261.3659313,
unbound,bogus,test.test-bogus.example,cold,808438,2,False,1788804261.3667781,
unbound,bogus,test.test-bogus.example,cold,558070,2,False,1788804261.367397,
unbound,bogus,test.test-bogus.example,cold,662296,2,False,1788804261.3681083,
unbound,bogus,test.test-bogus.example,cold,655139,2,False,1788804261.3688183,
unbound,bogus,test.test-bogus.example,cold,508519,2,False,1788804261.3693826,
unbound,bogus,test.test-bogus.example,cold,593163,2,False,1788804261.3700304,
unbound,bogus,test.test-bogus.example,cold,551239,2,False,1788804261.3706236,
unbound,bogus,test.test-bogus.example,cold,535561,2,False,1788804261.37121,
unbound,bogus,test.test-bogus.example,cold,2706439,2,False,1788804261.37397,
unbound,bogus,test.test-bogus.example,cold,800826,2,False,1788804261.3748279,
unbound,bogus,test.test-bogus.example,cold,512425,2,False,1788804261.3753855,
unbound,bogus,test.test-bogus.example,cold,492516,2,False,1788804261.3759217,
unbound,bogus,test.test-bogus.example,cold,561948,2,False,1788804261.3765252,
unbound,bogus,test.test-bogus.example,cold,511572,2,False,1788804261.3770864,
unbound,bogus,test.test-bogus.example,cold,511662,2,False,1788804261.377639,
unbound,bogus,test.test-bogus.example,cold,522905,2,False,1788804261.3782055,
unbound,bogus,test.test-bogus.example,cold,487111,2,False,1788804261.37873,
unbound,bogus,test.test-bogus.example,cold,536097,2,False,1788804261.3793042,
unbound,bogus,test.test-bogus.example,cold,514035,2,False,1788804261.3798594,
unbound,bogus,test.test-bogus.example,cold,474754,2,False,1788804261.38038,
unbound,bogus,test.test-bogus.example,cold,539099,2,False,1788804261.3809612,
unbound,bogus,test.test-bogus.example,cold,544222,2,False,1788804261.3815565,
unbound,bogus,test.test-bogus.example,cold,517452,2,False,1788804261.3822074,
unbound,bogus,test.test-bogus.example,cold,522083,2,False,1788804261.3827755,
unbound,bogus,test.test-bogus.example,cold,527714,2,False,1788804261.3833547,
unbound,bogus,test.test-bogus.example,cold,734204,2,False,1788804261.3841338,
unbound,bogus,test.test-bogus.example,cold,528831,2,False,1788804261.3847063,
unbound,bogus,test.test-bogus.example,cold,538980,2,False,1788804261.3852847,
unbound,bogus,test.test-bogus.example,cold,489437,2,False,1788804261.3858168,
unbound,bogus,test.test-bogus.example,cold,550924,2,False,1788804261.3864126,
unbound,bogus,test.test-bogus.example,cold,528819,2,False,1788804261.3869836,
unbound,bogus,test.test-bogus.example,cold,805619,2,False,1788804261.387837,
unbound,bogus,test.test-bogus.example,cold,536295,2,False,1788804261.3884194,
unbound,bogus,test.test-bogus.example,cold,530193,2,False,1788804261.3889961,
unbound,bogus,test.test-bogus.example,cold,507031,2,False,1788804261.3895473,
unbound,bogus,test.test-bogus.example,cold,488547,2,False,1788804261.3900788,
unbound,bogus,test.test-bogus.example,cold,631632,2,False,1788804261.390758,
unbound,bogus,test.test-bogus.example,cold,502239,2,False,1788804261.3913107,
unbound,bogus,test.test-bogus.example,cold,557977,2,False,1788804261.3919148,
unbound,bogus,test.test-bogus.example,cold,2945362,2,False,1788804261.3949099,
unbound,bogus,test.test-bogus.example,cold,682513,2,False,1788804261.3956656,
unbound,bogus,test.test-bogus.example,cold,546015,2,False,1788804261.3962648,
unbound,bogus,test.test-bogus.example,cold,484776,2,False,1788804261.396806,
unbound,bogus,test.test-bogus.example,cold,560004,2,False,1788804261.397405,
unbound,bogus,test.test-bogus.example,cold,510726,2,False,1788804261.397957,
unbound,bogus,test.test-bogus.example,cold,588437,2,False,1788804261.3985856,
unbound,bogus,test.test-bogus.example,cold,483635,2,False,1788804261.3991106,
unbound,bogus,test.test-bogus.example,cold,498311,2,False,1788804261.3996482,
unbound,bogus,test.test-bogus.example,cold,645732,2,False,1788804261.4003448,
unbound,bogus,test.test-bogus.example,cold,545827,2,False,1788804261.4009297,
unbound,bogus,test.test-bogus.example,cold,516298,2,False,1788804261.4014843,
unbound,bogus,test.test-bogus.example,cold,513284,2,False,1788804261.4020462,
unbound,bogus,test.test-bogus.example,cold,488526,2,False,1788804261.402577,
unbound,bogus,test.test-bogus.example,cold,480918,2,False,1788804261.403098,
unbound,bogus,test.test-bogus.example,cold,548884,2,False,1788804261.4036942,
unbound,bogus,test.test-bogus.example,cold,546136,2,False,1788804261.4042983,
unbound,bogus,test.test-bogus.example,cold,512799,2,False,1788804261.4048707,
unbound,bogus,test.test-bogus.example,cold,532704,2,False,1788804261.4054542,
unbound,bogus,test.test-bogus.example,cold,560830,2,False,1788804261.4060674,
unbound,bogus,test.test-bogus.example,cold,533953,2,False,1788804261.406661,
unbound,bogus,test.test-bogus.example,cold,581391,2,False,1788804261.407295,
unbound,bogus,test.test-bogus.example,cold,2183195,2,False,1788804261.4095485,
unbound,bogus,test.test-bogus.example,cold,1197083,2,False,1788804261.4108357,
unbound,bogus,test.test-bogus.example,cold,701112,2,False,1788804261.411614,
unbound,bogus,test.test-bogus.example,cold,818412,2,False,1788804261.4124956,
unbound,bogus,test.test-bogus.example,cold,509875,2,False,1788804261.413053,
unbound,bogus,test.test-bogus.example,cold,523571,2,False,1788804261.4136164,
unbound,bogus,test.test-bogus.example,cold,526270,2,False,1788804261.4141939,
unbound,bogus,test.test-bogus.example,cold,544870,2,False,1788804261.4147868,
unbound,bogus,test.test-bogus.example,cold,3002687,2,False,1788804261.4178355,
unbound,bogus,test.test-bogus.example,cold,712290,2,False,1788804261.4186132,
unbound,bogus,test.test-bogus.example,cold,534091,2,False,1788804261.4191914,
unbound,bogus,test.test-bogus.example,cold,460826,2,False,1788804261.4196901,
unbound,bogus,test.test-bogus.example,cold,543377,2,False,1788804261.4202821,
unbound,bogus,test.test-bogus.example,cold,506022,2,False,1788804261.4208274,
unbound,bogus,test.test-bogus.example,cold,487768,2,False,1788804261.4213588,
unbound,bogus,test.test-bogus.example,cold,521011,2,False,1788804261.4219196,
unbound,bogus,test.test-bogus.example,cold,575001,2,False,1788804261.4225328,
unbound,bogus,test.test-bogus.example,cold,534824,2,False,1788804261.4231167,
unbound,bogus,test.test-bogus.example,cold,493868,2,False,1788804261.4236493,
unbound,bogus,test.test-bogus.example,cold,539590,2,False,1788804261.4242396,
unbound,bogus,test.test-bogus.example,cold,592093,2,False,1788804261.4249322,
unbound,bogus,test.test-bogus.example,cold,582619,2,False,1788804261.425567,
unbound,bogus,test.test-bogus.example,cold,525352,2,False,1788804261.4261358,
unbound,bogus,test.test-bogus.example,cold,568481,2,False,1788804261.4267483,
unbound,bogus,test.test-bogus.example,cold,533195,2,False,1788804261.4273345,
unbound,bogus,test.test-bogus.example,cold,519349,2,False,1788804261.4279003,
unbound,bogus,test.test-bogus.example,cold,511452,2,False,1788804261.4284568,
unbound,bogus,test.test-bogus.example,cold,506993,2,False,1788804261.4290173,
unbound,bogus,test.test-bogus.example,cold,480737,2,False,1788804261.4295347,
unbound,bogus,test.test-bogus.example,cold,534545,2,False,1788804261.4301164,
unbound,bogus,test.test-bogus.example,cold,835653,2,False,1788804261.4310038,
unbound,bogus,test.test-bogus.example,cold,740314,2,False,1788804261.4317994,
unbound,bogus,test.test-bogus.example,cold,494524,2,False,1788804261.4323459,
unbound,bogus,test.test-bogus.example,cold,530398,2,False,1788804261.4329252,
unbound,bogus,test.test-bogus.example,cold,493741,2,False,1788804261.4334695,
unbound,bogus,test.test-bogus.example,cold,628485,2,False,1788804261.4341466,
unbound,bogus,test.test-bogus.example,cold,579874,2,False,1788804261.4347801,
unbound,bogus,test.test-bogus.example,cold,529633,2,False,1788804261.4353602,
unbound,bogus,test.test-bogus.example,cold,2790832,2,False,1788804261.4382052,
unbound,bogus,test.test-bogus.example,cold,691724,2,False,1788804261.438951,
unbound,bogus,test.test-bogus.example,cold,551816,2,False,1788804261.4395607,
unbound,bogus,test.test-bogus.example,cold,518597,2,False,1788804261.4401326,
unbound,bogus,test.test-bogus.example,cold,533460,2,False,1788804261.4407191,
unbound,bogus,test.test-bogus.example,cold,498828,2,False,1788804261.441263,
unbound,bogus,test.test-bogus.example,cold,527727,2,False,1788804261.441838,
unbound,bogus,test.test-bogus.example,cold,532777,2,False,1788804261.4424186,
unbound,bogus,test.test-bogus.example,cold,525843,2,False,1788804261.4429991,
unbound,bogus,test.test-bogus.example,cold,533081,2,False,1788804261.4435833,
unbound,bogus,test.test-bogus.example,cold,509487,2,False,1788804261.444142,
unbound,bogus,test.test-bogus.example,cold,541803,2,False,1788804261.4447324,
unbound,bogus,test.test-bogus.example,cold,533182,2,False,1788804261.4453177,
unbound,bogus,test.test-bogus.example,cold,432435,2,False,1788804261.4457974,
unbound,bogus,test.test-bogus.example,cold,467324,2,False,1788804261.4463036,
unbound,bogus,test.test-bogus.example,cold,597336,2,False,1788804261.4469476,
unbound,bogus,test.test-bogus.example,cold,700967,2,False,1788804261.4476898,
unbound,bogus,test.test-bogus.example,cold,519631,2,False,1788804261.4482539,
unbound,bogus,test.test-bogus.example,cold,503077,2,False,1788804261.4488142,
unbound,bogus,test.test-bogus.example,cold,506928,2,False,1788804261.449375,
unbound,bogus,test.test-bogus.example,cold,671622,2,False,1788804261.4501011,
unbound,bogus,test.test-bogus.example,cold,558169,2,False,1788804261.450724,
unbound,bogus,test.test-bogus.example,cold,532806,2,False,1788804261.4513178,
unbound,bogus,test.test-bogus.example,cold,486554,2,False,1788804261.4518576,
unbound,bogus,test.test-bogus.example,cold,925195,2,False,1788804261.4528298,
unbound,bogus,test.test-bogus.example,cold,1636300,2,False,1788804261.4545271,
unbound,bogus,test.test-bogus.example,cold,727943,2,False,1788804261.4553308,
unbound,bogus,test.test-bogus.example,cold,682199,2,False,1788804261.4560702,
unbound,bogus,test.test-bogus.example,cold,720859,2,False,1788804261.4568565,
unbound,bogus,test.test-bogus.example,cold,685389,2,False,1788804261.4576027,
unbound,bogus,test.test-bogus.example,cold,524318,2,False,1788804261.4581716,
unbound,bogus,test.test-bogus.example,cold,673757,2,False,1788804261.4588888,
unbound,bogus,test.test-bogus.example,cold,2916735,2,False,1788804261.4618583,
unbound,bogus,test.test-bogus.example,cold,737161,2,False,1788804261.4626703,
unbound,bogus,test.test-bogus.example,cold,710934,2,False,1788804261.4634383,
unbound,bogus,test.test-bogus.example,cold,484429,2,False,1788804261.4639654,
unbound,bogus,test.test-bogus.example,cold,503109,2,False,1788804261.4645088,
unbound,bogus,test.test-bogus.example,cold,467360,2,False,1788804261.4650164,
unbound,bogus,test.test-bogus.example,cold,484562,2,False,1788804261.4655452,
unbound,bogus,test.test-bogus.example,cold,524814,2,False,1788804261.4661167,
unbound,bogus,test.test-bogus.example,cold,525426,2,False,1788804261.4666827,
unbound,bogus,test.test-bogus.example,cold,533389,2,False,1788804261.4672678,
unbound,bogus,test.test-bogus.example,cold,472914,2,False,1788804261.4677792,
unbound,bogus,test.test-bogus.example,cold,505411,2,False,1788804261.4683323,
unbound,bogus,test.test-bogus.example,cold,469601,2,False,1788804261.4688401,
unbound,bogus,test.test-bogus.example,cold,492654,2,False,1788804261.469384,
unbound,bogus,test.test-bogus.example,cold,424939,2,False,1788804261.469849,
unbound,bogus,test.test-bogus.example,cold,558038,2,False,1788804261.4704504,
unbound,bogus,test.test-bogus.example,cold,510154,2,False,1788804261.4710083,
unbound,bogus,test.test-bogus.example,cold,535928,2,False,1788804261.4715872,
unbound,bogus,test.test-bogus.example,cold,499645,2,False,1788804261.472127,
unbound,bogus,test.test-bogus.example,cold,549775,2,False,1788804261.4727254,
unbound,bogus,test.test-bogus.example,cold,515135,2,False,1788804261.4732912,
unbound,bogus,test.test-bogus.example,cold,500413,2,False,1788804261.4738328,
unbound,bogus,test.test-bogus.example,cold,816537,2,False,1788804261.4746885,
unbound,bogus,test.test-bogus.example,cold,529851,2,False,1788804261.4752693,
unbound,bogus,test.test-bogus.example,cold,486893,2,False,1788804261.475806,
unbound,bogus,test.test-bogus.example,cold,412339,2,False,1788804261.476265,
unbound,bogus,test.test-bogus.example,cold,485032,2,False,1788804261.4767897,
unbound,bogus,test.test-bogus.example,cold,520461,2,False,1788804261.4773605,
unbound,bogus,test.test-bogus.example,cold,517509,2,False,1788804261.4779153,
unbound,bogus,test.test-bogus.example,cold,609565,2,False,1788804261.4785726,
unbound,bogus,test.test-bogus.example,cold,2794982,2,False,1788804261.481424,
unbound,bogus,test.test-bogus.example,cold,705268,2,False,1788804261.4821978,
unbound,bogus,test.test-bogus.example,cold,546280,2,False,1788804261.482788,
unbound,bogus,test.test-bogus.example,cold,471125,2,False,1788804261.483303,
unbound,bogus,test.test-bogus.example,cold,499948,2,False,1788804261.4838421,
unbound,bogus,test.test-bogus.example,cold,472994,2,False,1788804261.4843535,
unbound,bogus,test.test-bogus.example,cold,493824,2,False,1788804261.484902,
unbound,bogus,test.test-bogus.example,cold,480945,2,False,1788804261.4854348,
unbound,bogus,test.test-bogus.example,cold,506547,2,False,1788804261.4859958,
unbound,bogus,test.test-bogus.example,cold,447288,2,False,1788804261.486497,
unbound,bogus,test.test-bogus.example,cold,480910,2,False,1788804261.4870307,
unbound,bogus,test.test-bogus.example,cold,470993,2,False,1788804261.4875538,
unbound,bogus,test.test-bogus.example,cold,582945,2,False,1788804261.4882894,
unbound,bogus,test.test-bogus.example,cold,549833,2,False,1788804261.4889612,
unbound,bogus,test.test-bogus.example,cold,486148,2,False,1788804261.4895158,
unbound,bogus,test.test-bogus.example,cold,711187,2,False,1788804261.4903023,
unbound,bogus,test.test-bogus.example,cold,644581,2,False,1788804261.4909997,
unbound,bogus,test.test-bogus.example,cold,538775,2,False,1788804261.4915893,
unbound,bogus,test.test-bogus.example,cold,427834,2,False,1788804261.492059,
unbound,bogus,test.test-bogus.example,cold,530876,2,False,1788804261.4926274,
unbound,bogus,test.test-bogus.example,cold,499950,2,False,1788804261.4931774,
unbound,bogus,test.test-bogus.example,cold,486168,2,False,1788804261.4937139,
unbound,bogus,test.test-bogus.example,cold,990980,2,False,1788804261.4950023,
unbound,bogus,test.test-bogus.example,cold,562568,2,False,1788804261.4956179,
unbound,bogus,test.test-bogus.example,cold,520140,2,False,1788804261.496191,
unbound,bogus,test.test-bogus.example,cold,502287,2,False,1788804261.4967346,
unbound,bogus,test.test-bogus.example,cold,500327,2,False,1788804261.4972737,
unbound,bogus,test.test-bogus.example,cold,644282,2,False,1788804261.4979665,
unbound,bogus,test.test-bogus.example,cold,557846,2,False,1788804261.4985797,
unbound,bogus,test.test-bogus.example,cold,503228,2,False,1788804261.4991243,
unbound,bogus,test.test-bogus.example,cold,2660596,2,False,1788804261.5018377,
unbound,bogus,test.test-bogus.example,cold,703013,2,False,1788804261.5025938,
unbound,bogus,test.test-bogus.example,cold,530352,2,False,1788804261.5031703,
unbound,bogus,test.test-bogus.example,cold,566309,2,False,1788804261.503785,
unbound,bogus,test.test-bogus.example,cold,543212,2,False,1788804261.5043676,
unbound,bogus,test.test-bogus.example,cold,521233,2,False,1788804261.504932,
unbound,bogus,test.test-bogus.example,cold,544947,2,False,1788804261.505526,
unbound,bogus,test.test-bogus.example,cold,536443,2,False,1788804261.5061054,
unbound,bogus,test.test-bogus.example,cold,529750,2,False,1788804261.5066764,
unbound,bogus,test.test-bogus.example,cold,472047,2,False,1788804261.5071924,
unbound,bogus,test.test-bogus.example,cold,496485,2,False,1788804261.5077302,
unbound,bogus,test.test-bogus.example,cold,660432,2,False,1788804261.5084386,
unbound,bogus,test.test-bogus.example,cold,538688,2,False,1788804261.5090272,
unbound,bogus,test.test-bogus.example,cold,720488,2,False,1788804261.509799,
unbound,bogus,test.test-bogus.example,cold,572511,2,False,1788804261.5104148,
unbound,bogus,test.test-bogus.example,cold,527849,2,False,1788804261.5109959,
unbound,bogus,test.test-bogus.example,cold,631410,2,False,1788804261.511677,
unbound,bogus,test.test-bogus.example,cold,486847,2,False,1788804261.5122101,
unbound,bogus,test.test-bogus.example,cold,519451,2,False,1788804261.512769,
unbound,bogus,test.test-bogus.example,cold,633797,2,False,1788804261.513453,
unbound,bogus,test.test-bogus.example,cold,560555,2,False,1788804261.5140643,
unbound,bogus,test.test-bogus.example,cold,626366,2,False,1788804261.5147297,
unbound,bogus,test.test-bogus.example,cold,563506,2,False,1788804261.5153372,
unbound,bogus,test.test-bogus.example,cold,886352,2,False,1788804261.5162702,
unbound,bogus,test.test-bogus.example,cold,475896,2,False,1788804261.5168018,
unbound,bogus,test.test-bogus.example,cold,499201,2,False,1788804261.517349,
unbound,bogus,test.test-bogus.example,cold,551563,2,False,1788804261.51795,
unbound,bogus,test.test-bogus.example,cold,515695,2,False,1788804261.5185149,
unbound,bogus,test.test-bogus.example,cold,663448,2,False,1788804261.519226,
unbound,bogus,test.test-bogus.example,cold,519061,2,False,1788804261.5197961,
unbound,bogus,test.test-bogus.example,cold,556173,2,False,1788804261.5204031,
unbound,bogus,test.test-bogus.example,cold,2854341,2,False,1788804261.5233097,
unbound,bogus,test.test-bogus.example,cold,727651,2,False,1788804261.524105,
unbound,bogus,test.test-bogus.example,cold,534587,2,False,1788804261.5246913,
unbound,bogus,test.test-bogus.example,cold,540373,2,False,1788804261.5252845,
unbound,bogus,test.test-bogus.example,cold,756528,2,False,1788804261.526096,
unbound,bogus,test.test-bogus.example,cold,575357,2,False,1788804261.5267134,
unbound,bogus,test.test-bogus.example,cold,487511,2,False,1788804261.5272424,
unbound,bogus,test.test-bogus.example,cold,523231,2,False,1788804261.5278058,
unbound,bogus,test.test-bogus.example,cold,603631,2,False,1788804261.528453,
unbound,bogus,test.test-bogus.example,cold,543799,2,False,1788804261.529057,
unbound,bogus,test.test-bogus.example,cold,665486,2,False,1788804261.529772,
unbound,bogus,test.test-bogus.example,cold,589837,2,False,1788804261.5304077,
unbound,bogus,test.test-bogus.example,cold,624992,2,False,1788804261.531084,
unbound,bogus,test.test-bogus.example,cold,624076,2,False,1788804261.5317755,
unbound,bogus,test.test-bogus.example,cold,510093,2,False,1788804261.532338,
unbound,bogus,test.test-bogus.example,cold,490082,2,False,1788804261.5328755,
unbound,bogus,test.test-bogus.example,cold,427930,2,False,1788804261.5333676,
unbound,bogus,test.test-bogus.example,cold,417375,2,False,1788804261.5338337,
unbound,bogus,test.test-bogus.example,cold,401413,2,False,1788804261.534289,
unbound,bogus,test.test-bogus.example,cold,534952,2,False,1788804261.5348723,
unbound,bogus,test.test-bogus.example,cold,870576,2,False,1788804261.535864,
unbound,bogus,test.test-bogus.example,cold,673283,2,False,1788804261.5366461,
unbound,bogus,test.test-bogus.example,cold,709425,2,False,1788804261.5374005,
unbound,bogus,test.test-bogus.example,cold,1136912,2,False,1788804261.5385892,
unbound,bogus,test.test-bogus.example,cold,722473,2,False,1788804261.5393777,
unbound,bogus,test.test-bogus.example,cold,592160,2,False,1788804261.540027,
unbound,bogus,test.test-bogus.example,cold,989921,2,False,1788804261.5410807,
unbound,bogus,test.test-bogus.example,cold,582591,2,False,1788804261.5417297,
unbound,bogus,test.test-bogus.example,cold,682113,2,False,1788804261.5424554,
unbound,bogus,test.test-bogus.example,cold,438841,2,False,1788804261.5429366,
unbound,bogus,test.test-bogus.example,cold,508958,2,False,1788804261.5434878,
unbound,bogus,test.test-bogus.example,cold,2672868,2,False,1788804261.5462012,
unbound,bogus,test.test-bogus.example,cold,732154,2,False,1788804261.547012,
unbound,bogus,test.test-bogus.example,cold,634834,2,False,1788804261.5477033,
unbound,bogus,test.test-bogus.example,cold,675685,2,False,1788804261.5484202,
unbound,bogus,test.test-bogus.example,cold,530686,2,False,1788804261.5489907,
unbound,bogus,test.test-bogus.example,cold,514886,2,False,1788804261.5495458,
unbound,bogus,test.test-bogus.example,cold,503032,2,False,1788804261.5500946,
unbound,bogus,test.test-bogus.example,cold,526031,2,False,1788804261.5506604,
unbound,bogus,test.test-bogus.example,cold,471916,2,False,1788804261.5511703,
unbound,bogus,test.test-bogus.example,cold,488256,2,False,1788804261.5516987,
unbound,bogus,test.test-bogus.example,cold,525359,2,False,1788804261.5522747,
unbound,bogus,test.test-bogus.example,cold,518994,2,False,1788804261.5528443,
unbound,bogus,test.test-bogus.example,cold,528160,2,False,1788804261.5534205,
unbound,bogus,test.test-bogus.example,cold,541653,2,False,1788804261.5540133,
unbound,bogus,test.test-bogus.example,cold,525335,2,False,1788804261.554579,
unbound,bogus,test.test-bogus.example,cold,532713,2,False,1788804261.5551612,
unbound,bogus,test.test-bogus.example,cold,616665,2,False,1788804261.5558214,
unbound,bogus,test.test-bogus.example,cold,533050,2,False,1788804261.5564082,
unbound,bogus,test.test-bogus.example,cold,856251,2,False,1788804261.5573068,
unbound,bogus,test.test-bogus.example,cold,709810,2,False,1788804261.558261,
unbound,bogus,test.test-bogus.example,cold,591141,2,False,1788804261.55915,
unbound,bogus,test.test-bogus.example,cold,606193,2,False,1788804261.559815,
unbound,bogus,test.test-bogus.example,cold,957701,2,False,1788804261.5608284,
unbound,bogus,test.test-bogus.example,cold,746557,2,False,1788804261.5616386,
unbound,bogus,test.test-bogus.example,cold,762218,2,False,1788804261.5624714,
unbound,bogus,test.test-bogus.example,cold,705636,2,False,1788804261.5632427,
unbound,bogus,test.test-bogus.example,cold,757670,2,False,1788804261.5640721,
unbound,bogus,test.test-bogus.example,cold,6135347,2,False,1788804261.5702777,
unbound,bogus,test.test-bogus.example,cold,760349,2,False,1788804261.5711296,
unbound,bogus,test.test-bogus.example,cold,921350,2,False,1788804261.5721111,
unbound,bogus,test.test-bogus.example,cold,8708183,2,False,1788804261.5808961,
unbound,bogus,test.test-bogus.example,cold,1270281,2,False,1788804261.5822728,
unbound,bogus,test.test-bogus.example,cold,2688232,2,False,1788804261.5851305,
unbound,bogus,test.test-bogus.example,cold,5811102,2,False,1788804261.5911086,
unbound,bogus,test.test-bogus.example,cold,2775779,2,False,1788804261.593997,
unbound,bogus,test.test-bogus.example,cold,995101,2,False,1788804261.5950716,
unbound,bogus,test.test-bogus.example,cold,807562,2,False,1788804261.5959494,
unbound,bogus,test.test-bogus.example,cold,608080,2,False,1788804261.5966184,
unbound,bogus,test.test-bogus.example,cold,1256743,2,False,1788804261.597923,
unbound,bogus,test.test-bogus.example,cold,752744,2,False,1788804261.5988085,
unbound,bogus,test.test-bogus.example,cold,586598,2,False,1788804261.599457,
unbound,bogus,test.test-bogus.example,cold,679765,2,False,1788804261.6002421,
unbound,bogus,test.test-bogus.example,cold,711485,2,False,1788804261.601055,
unbound,bogus,test.test-bogus.example,cold,692662,2,False,1788804261.6018395,
unbound,bogus,test.test-bogus.example,cold,689312,2,False,1788804261.6027062,
unbound,bogus,test.test-bogus.example,cold,542568,2,False,1788804261.6032996,
unbound,bogus,test.test-bogus.example,cold,610629,2,False,1788804261.6039662,
unbound,bogus,test.test-bogus.example,cold,1035171,2,False,1788804261.6050596,
unbound,bogus,test.test-bogus.example,cold,1838806,2,False,1788804261.6069682,
unbound,bogus,test.test-bogus.example,cold,998454,2,False,1788804261.608123,
unbound,bogus,test.test-bogus.example,cold,807192,2,False,1788804261.6090047,
unbound,bogus,test.test-bogus.example,cold,1234520,2,False,1788804261.6103058,
unbound,bogus,test.test-bogus.example,cold,982220,2,False,1788804261.6113882,
unbound,bogus,test.test-bogus.example,cold,799247,2,False,1788804261.6122448,
unbound,bogus,test.test-bogus.example,cold,645867,2,False,1788804261.6130319,
unbound,bogus,test.test-bogus.example,cold,609156,2,False,1788804261.6137033,
unbound,bogus,test.test-bogus.example,cold,582464,2,False,1788804261.6143394,
unbound,bogus,test.test-bogus.example,cold,526674,2,False,1788804261.614936,
unbound,bogus,test.test-bogus.example,cold,899006,2,False,1788804261.6158886,
unbound,bogus,test.test-bogus.example,cold,3973820,2,False,1788804261.6199188,
unbound,bogus,test.test-bogus.example,cold,897673,2,False,1788804261.6208968,
unbound,bogus,test.test-bogus.example,cold,661595,2,False,1788804261.6216278,
unbound,bogus,test.test-bogus.example,cold,812601,2,False,1788804261.6225083,
unbound,bogus,test.test-bogus.example,cold,703180,2,False,1788804261.6232746,
unbound,bogus,test.test-bogus.example,cold,544758,2,False,1788804261.6238792,
unbound,bogus,test.test-bogus.example,cold,555577,2,False,1788804261.6244884,
unbound,bogus,test.test-bogus.example,cold,522330,2,False,1788804261.6250677,
unbound,bogus,test.test-bogus.example,cold,1122886,2,False,1788804261.6262393,
unbound,bogus,test.test-bogus.example,cold,1097355,2,False,1788804261.6274412,
unbound,bogus,test.test-bogus.example,cold,956490,2,False,1788804261.6284797,
unbound,bogus,test.test-bogus.example,cold,1400248,2,False,1788804261.629956,
unbound,bogus,test.test-bogus.example,cold,960204,2,False,1788804261.6311042,
unbound,bogus,test.test-bogus.example,cold,789694,2,False,1788804261.6319647,
unbound,bogus,test.test-bogus.example,cold,1057672,2,False,1788804261.6330936,
unbound,bogus,test.test-bogus.example,cold,1567373,2,False,1788804261.6347394,
unbound,bogus,test.test-bogus.example,cold,723628,2,False,1788804261.6355286,
unbound,bogus,test.test-bogus.example,cold,1303953,2,False,1788804261.636887,
unbound,bogus,test.test-bogus.example,cold,910407,2,False,1788804261.6378615,
unbound,bogus,test.test-bogus.example,cold,1000698,2,False,1788804261.6389356,
unbound,bogus,test.test-bogus.example,cold,737547,2,False,1788804261.6397493,
unbound,bogus,test.test-bogus.example,cold,918221,2,False,1788804261.6407325,
unbound,bogus,test.test-bogus.example,cold,1334808,2,False,1788804261.642134,
unbound,bogus,test.test-bogus.example,cold,1631074,2,False,1788804261.643833,
unbound,bogus,test.test-bogus.example,cold,6872486,2,False,1788804261.6507947,
unbound,bogus,test.test-bogus.example,cold,1599567,2,False,1788804261.652536,
unbound,bogus,test.test-bogus.example,cold,1233314,2,False,1788804261.6541364,
unbound,bogus,test.test-bogus.example,cold,868397,2,False,1788804261.6551561,
unbound,bogus,test.test-bogus.example,cold,833574,2,False,1788804261.6560776,
unbound,bogus,test.test-bogus.example,cold,609399,2,False,1788804261.6567411,
unbound,bogus,test.test-bogus.example,cold,721450,2,False,1788804261.6575134,
unbound,bogus,test.test-bogus.example,cold,582150,2,False,1788804261.65818,
unbound,bogus,test.test-bogus.example,cold,997473,2,False,1788804261.6592362,
unbound,bogus,test.test-bogus.example,cold,5551477,2,False,1788804261.6648462,
unbound,bogus,test.test-bogus.example,cold,4505731,2,False,1788804261.669436,
unbound,bogus,test.test-bogus.example,cold,932890,2,False,1788804261.6704893,
unbound,bogus,test.test-bogus.example,cold,660300,2,False,1788804261.6712177,
unbound,bogus,test.test-bogus.example,cold,899680,2,False,1788804261.6721647,
unbound,bogus,test.test-bogus.example,cold,840923,2,False,1788804261.6730895,
unbound,bogus,test.test-bogus.example,cold,1482900,2,False,1788804261.6747458,
unbound,bogus,test.test-bogus.example,cold,839237,2,False,1788804261.6756659,
unbound,bogus,test.test-bogus.example,cold,815867,2,False,1788804261.6766038,
unbound,bogus,test.test-bogus.example,cold,899354,2,False,1788804261.6775794,
unbound,bogus,test.test-bogus.example,cold,860683,2,False,1788804261.678522,
unbound,bogus,test.test-bogus.example,cold,627358,2,False,1788804261.6792896,
unbound,bogus,test.test-bogus.example,cold,691852,2,False,1788804261.6800463,
unbound,bogus,test.test-bogus.example,cold,719520,2,False,1788804261.6808295,
unbound,bogus,test.test-bogus.example,cold,634362,2,False,1788804261.6815214,
unbound,bogus,test.test-bogus.example,cold,872389,2,False,1788804261.6824982,
unbound,bogus,test.test-bogus.example,cold,1057052,2,False,1788804261.6836278,
unbound,bogus,test.test-bogus.example,cold,652060,2,False,1788804261.6844459,
unbound,bogus,test.test-bogus.example,cold,610827,2,False,1788804261.685119,
unbound,bogus,test.test-bogus.example,cold,617502,2,False,1788804261.6857965,
unbound,bogus,test.test-bogus.example,cold,506656,2,False,1788804261.6863594,
unbound,bogus,test.test-bogus.example,cold,1185858,2,False,1788804261.687952,
unbound,bogus,test.test-bogus.example,cold,2268724,2,False,1788804261.6905847,
unbound,bogus,test.test-bogus.example,cold,1099360,2,False,1788804261.691777,
unbound,bogus,test.test-bogus.example,cold,727367,2,False,1788804261.6925805,
unbound,bogus,test.test-bogus.example,cold,1949295,2,False,1788804261.694696,
unbound,bogus,test.test-bogus.example,cold,1376976,2,False,1788804261.696167,
unbound,bogus,test.test-bogus.example,cold,3744355,2,False,1788804261.7000415,
unbound,bogus,test.test-bogus.example,cold,1339966,2,False,1788804261.7014678,
unbound,bogus,test.test-bogus.example,cold,1147837,2,False,1788804261.7026827,
unbound,bogus,test.test-bogus.example,cold,2962241,2,False,1788804261.7057185,
unbound,bogus,test.test-bogus.example,cold,785112,2,False,1788804261.7065732,
unbound,bogus,test.test-bogus.example,cold,546209,2,False,1788804261.707166,
unbound,bogus,test.test-bogus.example,cold,560267,2,False,1788804261.7077692,
unbound,bogus,test.test-bogus.example,cold,814046,2,False,1788804261.7086241,
unbound,bogus,test.test-bogus.example,cold,675938,2,False,1788804261.709359,
unbound,bogus,test.test-bogus.example,cold,1181211,2,False,1788804261.7106016,
unbound,bogus,test.test-bogus.example,cold,693886,2,False,1788804261.7113664,
unbound,bogus,test.test-bogus.example,cold,546540,2,False,1788804261.711972,
unbound,bogus,test.test-bogus.example,cold,510284,2,False,1788804261.7125342,
unbound,bogus,test.test-bogus.example,cold,696522,2,False,1788804261.7134018,
unbound,bogus,test.test-bogus.example,cold,638327,2,False,1788804261.7141225,
unbound,bogus,test.test-bogus.example,cold,662749,2,False,1788804261.7148342,
unbound,bogus,test.test-bogus.example,cold,583110,2,False,1788804261.715467,
unbound,bogus,test.test-bogus.example,cold,542473,2,False,1788804261.7160537,
unbound,bogus,test.test-bogus.example,cold,564376,2,False,1788804261.7166722,
unbound,bogus,test.test-bogus.example,cold,549765,2,False,1788804261.717276,
unbound,bogus,test.test-bogus.example,cold,529223,2,False,1788804261.717851,
unbound,bogus,test.test-bogus.example,cold,669836,2,False,1788804261.7185738,
unbound,bogus,test.test-bogus.example,cold,887101,2,False,1788804261.719706,
unbound,bogus,test.test-bogus.example,cold,1751576,2,False,1788804261.7215292,
unbound,bogus,test.test-bogus.example,cold,952115,2,False,1788804261.7237706,
unbound,bogus,test.test-bogus.example,cold,744640,2,False,1788804261.7245889,
unbound,bogus,test.test-bogus.example,cold,1048339,2,False,1788804261.725713,
unbound,bogus,test.test-bogus.example,cold,753390,2,False,1788804261.7265387,
unbound,bogus,test.test-bogus.example,cold,4049447,2,False,1788804261.7306566,
unbound,bogus,test.test-bogus.example,cold,2373049,2,False,1788804261.73312,
unbound,bogus,test.test-bogus.example,cold,907277,2,False,1788804261.73448,
unbound,bogus,test.test-bogus.example,cold,1004684,2,False,1788804261.7355552,
unbound,bogus,test.test-bogus.example,cold,607998,2,False,1788804261.7362285,
unbound,bogus,test.test-bogus.example,cold,601700,2,False,1788804261.7368867,
unbound,bogus,test.test-bogus.example,cold,3124682,2,False,1788804261.7400696,
unbound,bogus,test.test-bogus.example,cold,837382,2,False,1788804261.7409759,
unbound,bogus,test.test-bogus.example,cold,721367,2,False,1788804261.741765,
unbound,bogus,test.test-bogus.example,cold,543615,2,False,1788804261.7423587,
unbound,bogus,test.test-bogus.example,cold,545698,2,False,1788804261.7429662,
unbound,bogus,test.test-bogus.example,cold,513850,2,False,1788804261.7435226,
unbound,bogus,test.test-bogus.example,cold,553900,2,False,1788804261.7441308,
unbound,bogus,test.test-bogus.example,cold,483608,2,False,1788804261.7446704,
unbound,bogus,test.test-bogus.example,cold,504804,2,False,1788804261.7452207,
unbound,bogus,test.test-bogus.example,cold,666150,2,False,1788804261.745942,
unbound,bogus,test.test-bogus.example,cold,3637237,2,False,1788804261.7496524,
unbound,bogus,test.test-bogus.example,cold,547166,2,False,1788804261.7502491,
unbound,bogus,test.test-bogus.example,cold,526741,2,False,1788804261.7508283,
unbound,bogus,test.test-bogus.example,cold,531904,2,False,1788804261.751409,
unbound,bogus,test.test-bogus.example,cold,511843,2,False,1788804261.7519712,
unbound,bogus,test.test-bogus.example,cold,519539,2,False,1788804261.7525425,
unbound,bogus,test.test-bogus.example,cold,499049,2,False,1788804261.7530942,
unbound,bogus,test.test-bogus.example,cold,504595,2,False,1788804261.7536469,
unbound,bogus,test.test-bogus.example,cold,523722,2,False,1788804261.7542207,
unbound,bogus,test.test-bogus.example,cold,525640,2,False,1788804261.7547877,
unbound,bogus,test.test-bogus.example,cold,508518,2,False,1788804261.7553396,
unbound,bogus,test.test-bogus.example,cold,834515,2,False,1788804261.7562253,
unbound,bogus,test.test-bogus.example,cold,1059288,2,False,1788804261.7573483,
unbound,bogus,test.test-bogus.example,cold,2752161,2,False,1788804261.7602806,
unbound,bogus,test.test-bogus.example,cold,634240,2,False,1788804261.7609723,
unbound,bogus,test.test-bogus.example,cold,474047,2,False,1788804261.7614925,
unbound,bogus,test.test-bogus.example,cold,602875,2,False,1788804261.7621472,
unbound,bogus,test.test-bogus.example,cold,537320,2,False,1788804261.762737,
unbound,bogus,test.test-bogus.example,cold,477896,2,False,1788804261.7632618,
unbound,bogus,test.test-bogus.example,cold,2790795,2,False,1788804261.7661061,
unbound,bogus,test.test-bogus.example,cold,748112,2,False,1788804261.766912,
unbound,bogus,test.test-bogus.example,cold,807321,2,False,1788804261.7677746,
unbound,bogus,test.test-bogus.example,cold,587602,2,False,1788804261.7684114,
unbound,bogus,test.test-bogus.example,cold,591678,2,False,1788804261.769103,
unbound,bogus,test.test-bogus.example,cold,539309,2,False,1788804261.7697015,
unbound,bogus,test.test-bogus.example,cold,477617,2,False,1788804261.7702327,
unbound,bogus,test.test-bogus.example,cold,528139,2,False,1788804261.7708178,
unbound,bogus,test.test-bogus.example,cold,698678,2,False,1788804261.771565,
unbound,bogus,test.test-bogus.example,cold,540410,2,False,1788804261.7721663,
unbound,bogus,test.test-bogus.example,cold,808095,2,False,1788804261.7730918,
unbound,bogus,test.test-bogus.example,cold,626960,2,False,1788804261.7738001,
unbound,bogus,test.test-bogus.example,cold,843176,2,False,1788804261.774714,
unbound,bogus,test.test-bogus.example,cold,581269,2,False,1788804261.7753558,
unbound,bogus,test.test-bogus.example,cold,723894,2,False,1788804261.7761312,
unbound,bogus,test.test-bogus.example,cold,560634,2,False,1788804261.7767994,
unbound,bogus,test.test-bogus.example,cold,587443,2,False,1788804261.7774332,
unbound,bogus,test.test-bogus.example,cold,1051360,2,False,1788804261.778539,
unbound,bogus,test.test-bogus.example,cold,572408,2,False,1788804261.7791915,
unbound,bogus,test.test-bogus.example,cold,675083,2,False,1788804261.7799196,
unbound,bogus,test.test-bogus.example,cold,689287,2,False,1788804261.7806606,
unbound,bogus,test.test-bogus.example,cold,584596,2,False,1788804261.7813008,
unbound,bogus,test.test-bogus.example,cold,909952,2,False,1788804261.7822719,
unbound,bogus,test.test-bogus.example,cold,611389,2,False,1788804261.7829785,
unbound,bogus,test.test-bogus.example,cold,963949,2,False,1788804261.7839947,
unbound,bogus,test.test-bogus.example,cold,668112,2,False,1788804261.784716,
unbound,bogus,test.test-bogus.example,cold,490111,2,False,1788804261.7852464,
unbound,bogus,test.test-bogus.example,cold,501704,2,False,1788804261.7857873,
unbound,bogus,test.test-bogus.example,cold,514983,2,False,1788804261.7863472,
unbound,bogus,test.test-bogus.example,cold,526130,2,False,1788804261.7869313,
unbound,bogus,test.test-bogus.example,cold,5586419,2,False,1788804261.7925713,
unbound,bogus,test.test-bogus.example,cold,920896,2,False,1788804261.7935762,
unbound,bogus,test.test-bogus.example,cold,653877,2,False,1788804261.7943068,
unbound,bogus,test.test-bogus.example,cold,759278,2,False,1788804261.7951324,
unbound,bogus,test.test-bogus.example,cold,4161014,2,False,1788804261.7993798,
unbound,bogus,test.test-bogus.example,cold,760702,2,False,1788804261.8002176,
unbound,bogus,test.test-bogus.example,cold,618266,2,False,1788804261.800897,
unbound,bogus,test.test-bogus.example,cold,618346,2,False,1788804261.8015728,
unbound,bogus,test.test-bogus.example,cold,596465,2,False,1788804261.8022275,
unbound,bogus,test.test-bogus.example,cold,628903,2,False,1788804261.8029141,
unbound,bogus,test.test-bogus.example,cold,658723,2,False,1788804261.803644,
unbound,bogus,test.test-bogus.example,cold,597704,2,False,1788804261.8043,
unbound,bogus,test.test-bogus.example,cold,576977,2,False,1788804261.8049324,
unbound,bogus,test.test-bogus.example,cold,548773,2,False,1788804261.8055365,
unbound,bogus,test.test-bogus.example,cold,582687,2,False,1788804261.8061755,
unbound,bogus,test.test-bogus.example,cold,588390,2,False,1788804261.806819,
unbound,bogus,test.test-bogus.example,cold,576321,2,False,1788804261.8074515,
unbound,bogus,test.test-bogus.example,cold,556373,2,False,1788804261.8080661,
unbound,bogus,test.test-bogus.example,cold,607046,2,False,1788804261.8087308,
unbound,bogus,test.test-bogus.example,cold,533249,2,False,1788804261.8094327,
unbound,bogus,test.test-bogus.example,cold,496202,2,False,1788804261.8100526,
unbound,bogus,test.test-bogus.example,cold,576012,2,False,1788804261.810762,
unbound,bogus,test.test-bogus.example,cold,662140,2,False,1788804261.8114836,
unbound,bogus,test.test-bogus.example,cold,460911,2,False,1788804261.8119874,
unbound,bogus,test.test-bogus.example,cold,787640,2,False,1788804261.8128166,
unbound,bogus,test.test-bogus.example,cold,491112,2,False,1788804261.8133473,
unbound,bogus,test.test-bogus.example,cold,529738,2,False,1788804261.813917,
unbound,bogus,test.test-bogus.example,cold,541183,2,False,1788804261.8145025,
unbound,bogus,test.test-bogus.example,cold,518713,2,False,1788804261.8150654,
unbound,bogus,test.test-bogus.example,cold,627796,2,False,1788804261.8157423,
unbound,bogus,test.test-bogus.example,cold,516350,2,False,1788804261.816298,
unbound,bogus,test.test-bogus.example,cold,547303,2,False,1788804261.8168888,
unbound,bogus,test.test-bogus.example,cold,3047438,2,False,1788804261.8199909,
unbound,bogus,test.test-bogus.example,cold,854598,2,False,1788804261.82093,
unbound,bogus,test.test-bogus.example,cold,599959,2,False,1788804261.821592,
unbound,bogus,test.test-bogus.example,cold,625090,2,False,1788804261.8222754,
unbound,bogus,test.test-bogus.example,cold,668647,2,False,1788804261.823005,
unbound,bogus,test.test-bogus.example,cold,654192,2,False,1788804261.8237066,
unbound,bogus,test.test-bogus.example,cold,573488,2,False,1788804261.8243308,
unbound,bogus,test.test-bogus.example,cold,2750915,2,False,1788804261.8271475,
unbound,bogus,test.test-bogus.example,cold,1449442,2,False,1788804261.828739,
unbound,bogus,test.test-bogus.example,cold,632019,2,False,1788804261.8295178,
unbound,bogus,test.test-bogus.example,cold,540108,2,False,1788804261.8301048,
unbound,bogus,test.test-bogus.example,cold,545604,2,False,1788804261.8307014,
unbound,bogus,test.test-bogus.example,cold,494945,2,False,1788804261.831238,
unbound,bogus,test.test-bogus.example,cold,514545,2,False,1788804261.831805,
unbound,bogus,test.test-bogus.example,cold,539696,2,False,1788804261.8323953,
unbound,bogus,test.test-bogus.example,cold,530091,2,False,1788804261.8329625,
unbound,bogus,test.test-bogus.example,cold,534107,2,False,1788804261.8335516,
unbound,bogus,test.test-bogus.example,cold,496776,2,False,1788804261.8341002,
unbound,bogus,test.test-bogus.example,cold,583742,2,False,1788804261.834725,
unbound,bogus,test.test-bogus.example,cold,540880,2,False,1788804261.8353224,
unbound,bogus,test.test-bogus.example,cold,638478,2,False,1788804261.8360922,
unbound,bogus,test.test-bogus.example,cold,547120,2,False,1788804261.8366919,
unbound,bogus,test.test-bogus.example,cold,682731,2,False,1788804261.8374274,
unbound,bogus,test.test-bogus.example,cold,1397373,2,False,1788804261.839288,
unbound,bogus,test.test-bogus.example,cold,642353,2,False,1788804261.8399982,
unbound,bogus,test.test-bogus.example,cold,600869,2,False,1788804261.840648,
unbound,bogus,test.test-bogus.example,cold,529157,2,False,1788804261.841228,
unbound,bogus,test.test-bogus.example,cold,565138,2,False,1788804261.8418458,
unbound,bogus,test.test-bogus.example,cold,806629,2,False,1788804261.8427093,
unbound,bogus,test.test-bogus.example,cold,664193,2,False,1788804261.8434186,
unbound,bogus,test.test-bogus.example,cold,495084,2,False,1788804261.843967,
unbound,bogus,test.test-bogus.example,cold,2988716,2,False,1788804261.8470006,
unbound,bogus,test.test-bogus.example,cold,848627,2,False,1788804261.8479285,
unbound,bogus,test.test-bogus.example,cold,662533,2,False,1788804261.8486402,
unbound,bogus,test.test-bogus.example,cold,2306502,2,False,1788804261.8509958,
unbound,bogus,test.test-bogus.example,cold,725912,2,False,1788804261.8517928,
unbound,bogus,test.test-bogus.example,cold,540226,2,False,1788804261.8523927,
unbound,bogus,test.test-bogus.example,cold,651674,2,False,1788804261.8531017,
unbound,bogus,test.test-bogus.example,cold,616244,2,False,1788804261.8537705,
unbound,bogus,test.test-bogus.example,cold,654731,2,False,1788804261.854488,
unbound,bogus,test.test-bogus.example,cold,619381,2,False,1788804261.8551636,
unbound,bogus,test.test-bogus.example,cold,720275,2,False,1788804261.8559933,
unbound,bogus,test.test-bogus.example,cold,550191,2,False,1788804261.8565907,
unbound,bogus,test.test-bogus.example,cold,565147,2,False,1788804261.8572073,
unbound,bogus,test.test-bogus.example,cold,553644,2,False,1788804261.8578107,
unbound,bogus,test.test-bogus.example,cold,549014,2,False,1788804261.858413,
unbound,bogus,test.test-bogus.example,cold,599518,2,False,1788804261.859069,
unbound,bogus,test.test-bogus.example,cold,519566,2,False,1788804261.8596425,
unbound,bogus,test.test-bogus.example,cold,569861,2,False,1788804261.8602664,
unbound,bogus,test.test-bogus.example,cold,520864,2,False,1788804261.860835,
unbound,bogus,test.test-bogus.example,cold,423398,2,False,1788804261.8612976,
unbound,bogus,test.test-bogus.example,cold,553626,2,False,1788804261.8619003,
unbound,bogus,test.test-bogus.example,cold,538423,2,False,1788804261.862491,
unbound,bogus,test.test-bogus.example,cold,475060,2,False,1788804261.863005,
unbound,bogus,test.test-bogus.example,cold,794712,2,False,1788804261.8638387,
unbound,bogus,test.test-bogus.example,cold,557587,2,False,1788804261.8644443,
unbound,bogus,test.test-bogus.example,cold,509198,2,False,1788804261.8649938,
unbound,bogus,test.test-bogus.example,cold,505548,2,False,1788804261.8655455,
unbound,bogus,test.test-bogus.example,cold,506798,2,False,1788804261.866108,
unbound,bogus,test.test-bogus.example,cold,771227,2,False,1788804261.8669257,
unbound,bogus,test.test-bogus.example,cold,559269,2,False,1788804261.8675356,
unbound,bogus,test.test-bogus.example,cold,532553,2,False,1788804261.8681176,
unbound,bogus,test.test-bogus.example,cold,2904797,2,False,1788804261.8710618,
unbound,bogus,test.test-bogus.example,cold,732511,2,False,1788804261.8718536,
unbound,bogus,test.test-bogus.example,cold,667706,2,False,1788804261.8725717,
unbound,bogus,test.test-bogus.example,cold,806829,2,False,1788804261.8734345,
unbound,bogus,test.test-bogus.example,cold,762864,2,False,1788804261.874286,
unbound,bogus,test.test-bogus.example,cold,702303,2,False,1788804261.8750508,
unbound,bogus,test.test-bogus.example,cold,775063,2,False,1788804261.8758893,
unbound,bogus,test.test-bogus.example,cold,719486,2,False,1788804261.8766649,
unbound,bogus,test.test-bogus.example,cold,549056,2,False,1788804261.8772614,
unbound,bogus,test.test-bogus.example,cold,559418,2,False,1788804261.8778603,
unbound,bogus,test.test-bogus.example,cold,501360,2,False,1788804261.8784025,
unbound,bogus,test.test-bogus.example,cold,431600,2,False,1788804261.878886,
unbound,bogus,test.test-bogus.example,cold,511719,2,False,1788804261.8794475,
unbound,bogus,test.test-bogus.example,cold,530968,2,False,1788804261.8800287,
unbound,bogus,test.test-bogus.example,cold,519245,2,False,1788804261.8805952,
unbound,bogus,test.test-bogus.example,cold,535405,2,False,1788804261.881176,
unbound,bogus,test.test-bogus.example,cold,483048,2,False,1788804261.8816996,
unbound,bogus,test.test-bogus.example,cold,545689,2,False,1788804261.882288,
unbound,bogus,test.test-bogus.example,cold,611980,2,False,1788804261.8829503,
unbound,bogus,test.test-bogus.example,cold,578230,2,False,1788804261.883578,
unbound,bogus,test.test-bogus.example,cold,618803,2,False,1788804261.8842475,
unbound,bogus,test.test-bogus.example,cold,593481,2,False,1788804261.8848863,
unbound,bogus,test.test-bogus.example,cold,519904,2,False,1788804261.885454,
unbound,bogus,test.test-bogus.example,cold,1137720,2,False,1788804261.8866396,
unbound,bogus,test.test-bogus.example,cold,564307,2,False,1788804261.8873746,
unbound,bogus,test.test-bogus.example,cold,781933,2,False,1788804261.8883014,
unbound,bogus,test.test-bogus.example,cold,572565,2,False,1788804261.8889272,
unbound,bogus,test.test-bogus.example,cold,991367,2,False,1788804261.8899925,
unbound,bogus,test.test-bogus.example,cold,705305,2,False,1788804261.8907616,
unbound,bogus,test.test-bogus.example,cold,669354,2,False,1788804261.8914905,
unbound,bogus,test.test-bogus.example,cold,641416,2,False,1788804261.892192,
unbound,bogus,test.test-bogus.example,cold,2689092,2,False,1788804261.8949425,
unbound,bogus,test.test-bogus.example,cold,748137,2,False,1788804261.8957589,
unbound,bogus,test.test-bogus.example,cold,504671,2,False,1788804261.8963192,
unbound,bogus,test.test-bogus.example,cold,503067,2,False,1788804261.8968723,
unbound,bogus,test.test-bogus.example,cold,523320,2,False,1788804261.897444,
unbound,bogus,test.test-bogus.example,cold,1143947,2,False,1788804261.8986351,
unbound,bogus,test.test-bogus.example,cold,478591,2,False,1788804261.8991563,
unbound,bogus,test.test-bogus.example,cold,538709,2,False,1788804261.8997376,
unbound,bogus,test.test-bogus.example,cold,483716,2,False,1788804261.900271,
unbound,bogus,test.test-bogus.example,cold,517521,2,False,1788804261.9008384,
unbound,bogus,test.test-bogus.example,cold,461415,2,False,1788804261.9013503,
unbound,bogus,test.test-bogus.example,cold,563924,2,False,1788804261.901956,
unbound,bogus,test.test-bogus.example,cold,570853,2,False,1788804261.9025838,
unbound,bogus,test.test-bogus.example,cold,502542,2,False,1788804261.9031334,
unbound,bogus,test.test-bogus.example,cold,599366,2,False,1788804261.9037843,
unbound,bogus,test.test-bogus.example,cold,588079,2,False,1788804261.90444,
unbound,bogus,test.test-bogus.example,cold,587347,2,False,1788804261.9050794,
unbound,bogus,test.test-bogus.example,cold,688868,2,False,1788804261.905815,
unbound,bogus,test.test-bogus.example,cold,547241,2,False,1788804261.9064155,
unbound,bogus,test.test-bogus.example,cold,475721,2,False,1788804261.9069445,
unbound,bogus,test.test-bogus.example,cold,576392,2,False,1788804261.9075732,
unbound,bogus,test.test-bogus.example,cold,653058,2,False,1788804261.9082804,
unbound,bogus,test.test-bogus.example,cold,1149623,2,False,1788804261.9094896,
unbound,bogus,test.test-bogus.example,cold,618585,2,False,1788804261.9101558,
unbound,bogus,test.test-bogus.example,cold,630940,2,False,1788804261.9108422,
unbound,bogus,test.test-bogus.example,cold,549348,2,False,1788804261.911443,
unbound,bogus,test.test-bogus.example,cold,538403,2,False,1788804261.91203,
unbound,bogus,test.test-bogus.example,cold,577024,2,False,1788804261.9126503,
unbound,bogus,test.test-bogus.example,cold,483949,2,False,1788804261.913176,
unbound,bogus,test.test-bogus.example,cold,529682,2,False,1788804261.9137573,
unbound,bogus,test.test-bogus.example,cold,3104255,2,False,1788804261.9169142,
unbound,bogus,test.test-bogus.example,cold,685627,2,False,1788804261.9176745,
unbound,bogus,test.test-bogus.example,cold,519326,2,False,1788804261.9182487,
unbound,bogus,test.test-bogus.example,cold,551823,2,False,1788804261.9188476,
unbound,bogus,test.test-bogus.example,cold,552395,2,False,1788804261.9194458,
unbound,bogus,test.test-bogus.example,cold,483238,2,False,1788804261.9199784,
unbound,bogus,test.test-bogus.example,cold,465548,2,False,1788804261.9204895,
unbound,bogus,test.test-bogus.example,cold,479318,2,False,1788804261.9210067,
unbound,bogus,test.test-bogus.example,cold,505248,2,False,1788804261.921559,
unbound,bogus,test.test-bogus.example,cold,584809,2,False,1788804261.9221828,
unbound,bogus,test.test-bogus.example,cold,902595,2,False,1788804261.923137,
unbound,bogus,test.test-bogus.example,cold,679627,2,False,1788804261.9238746,
unbound,bogus,test.test-bogus.example,cold,636299,2,False,1788804261.9245648,
unbound,bogus,test.test-bogus.example,cold,565488,2,False,1788804261.9251828,
unbound,bogus,test.test-bogus.example,cold,547554,2,False,1788804261.9257772,
unbound,bogus,test.test-bogus.example,cold,511393,2,False,1788804261.926329,
unbound,bogus,test.test-bogus.example,cold,523105,2,False,1788804261.9269292,
unbound,bogus,test.test-bogus.example,cold,521882,2,False,1788804261.9274902,
unbound,bogus,test.test-bogus.example,cold,1007618,2,False,1788804261.9286838,
unbound,bogus,test.test-bogus.example,cold,2062012,2,False,1788804261.9308105,
unbound,bogus,test.test-bogus.example,cold,896066,2,False,1788804261.931796,
unbound,bogus,test.test-bogus.example,cold,881005,2,False,1788804261.9327493,
unbound,bogus,test.test-bogus.example,cold,1431309,2,False,1788804261.9342668,
unbound,bogus,test.test-bogus.example,cold,872817,2,False,1788804261.9352195,
unbound,bogus,test.test-bogus.example,cold,567576,2,False,1788804261.935848,
unbound,bogus,test.test-bogus.example,cold,496450,2,False,1788804261.936406,
unbound,bogus,test.test-bogus.example,cold,540626,2,False,1788804261.9370015,
unbound,bogus,test.test-bogus.example,cold,680511,2,False,1788804261.9377387,
unbound,bogus,test.test-bogus.example,cold,1177136,2,False,1788804261.938977,
unbound,bogus,test.test-bogus.example,cold,795648,2,False,1788804261.9398425,
unbound,bogus,test.test-bogus.example,cold,3330331,2,False,1788804261.9432368,
unbound,bogus,test.test-bogus.example,cold,811445,2,False,1788804261.9441795,
unbound,bogus,test.test-bogus.example,cold,1025125,2,False,1788804261.9452596,
unbound,bogus,test.test-bogus.example,cold,546622,2,False,1788804261.9458728,
unbound,bogus,test.test-bogus.example,cold,594829,2,False,1788804261.946515,
unbound,bogus,test.test-bogus.example,cold,505029,2,False,1788804261.9470723,
unbound,bogus,test.test-bogus.example,cold,520695,2,False,1788804261.947645,
unbound,bogus,test.test-bogus.example,cold,507695,2,False,1788804261.9482076,
unbound,bogus,test.test-bogus.example,cold,520504,2,False,1788804261.94877,
unbound,bogus,test.test-bogus.example,cold,444336,2,False,1788804261.9492545,
unbound,bogus,test.test-bogus.example,cold,623534,2,False,1788804261.94992,
unbound,bogus,test.test-bogus.example,cold,654173,2,False,1788804261.9506412,
unbound,bogus,test.test-bogus.example,cold,518161,2,False,1788804261.9512026,
unbound,bogus,test.test-bogus.example,cold,605588,2,False,1788804261.9518518,
unbound,bogus,test.test-bogus.example,cold,515106,2,False,1788804261.9524212,
unbound,bogus,test.test-bogus.example,cold,519971,2,False,1788804261.9529903,
unbound,bogus,test.test-bogus.example,cold,559626,2,False,1788804261.9535975,
unbound,bogus,test.test-bogus.example,cold,535891,2,False,1788804261.9541817,
unbound,bogus,test.test-bogus.example,cold,578850,2,False,1788804261.9548085,
unbound,bogus,test.test-bogus.example,cold,558494,2,False,1788804261.955416,
unbound,bogus,test.test-bogus.example,cold,523361,2,False,1788804261.9559805,
unbound,bogus,test.test-bogus.example,cold,542776,2,False,1788804261.9565678,
unbound,bogus,test.test-bogus.example,cold,501004,2,False,1788804261.957109,
unbound,bogus,test.test-bogus.example,cold,870171,2,False,1788804261.9580204,
unbound,bogus,test.test-bogus.example,cold,951927,2,False,1788804261.9590273,
unbound,bogus,test.test-bogus.example,cold,473022,2,False,1788804261.959548,
unbound,bogus,test.test-bogus.example,cold,558504,2,False,1788804261.9601579,
unbound,bogus,test.test-bogus.example,cold,516131,2,False,1788804261.9607239,
unbound,bogus,test.test-bogus.example,cold,543666,2,False,1788804261.9613135,
unbound,bogus,test.test-bogus.example,cold,604990,2,False,1788804261.9619658,
unbound,bogus,test.test-bogus.example,cold,503203,2,False,1788804261.9625263,
unbound,bogus,test.test-bogus.example,cold,2734064,2,False,1788804261.9653091,
unbound,bogus,test.test-bogus.example,cold,710135,2,False,1788804261.9660807,
unbound,bogus,test.test-bogus.example,cold,578639,2,False,1788804261.9667187,
unbound,bogus,test.test-bogus.example,cold,586006,2,False,1788804261.9673605,
unbound,bogus,test.test-bogus.example,cold,558170,2,False,1788804261.967965,
unbound,bogus,test.test-bogus.example,cold,522692,2,False,1788804261.968531,
unbound,bogus,test.test-bogus.example,cold,688095,2,False,1788804261.9692705,
unbound,bogus,test.test-bogus.example,cold,752358,2,False,1788804261.9700994,
unbound,bogus,test.test-bogus.example,cold,706762,2,False,1788804261.9708688,
unbound,bogus,test.test-bogus.example,cold,578477,2,False,1788804261.9715219,
unbound,bogus,test.test-bogus.example,cold,561143,2,False,1788804261.9721367,
unbound,bogus,test.test-bogus.example,cold,605968,2,False,1788804261.9727938,
unbound,bogus,test.test-bogus.example,cold,548629,2,False,1788804261.9733963,
unbound,bogus,test.test-bogus.example,cold,464005,2,False,1788804261.9739032,
unbound,bogus,test.test-bogus.example,cold,543160,2,False,1788804261.9744887,
unbound,bogus,test.test-bogus.example,cold,534331,2,False,1788804261.9750643,
unbound,bogus,test.test-bogus.example,cold,513190,2,False,1788804261.9756258,
unbound,bogus,test.test-bogus.example,cold,605233,2,False,1788804261.9762702,
unbound,bogus,test.test-bogus.example,cold,516628,2,False,1788804261.9768317,
unbound,bogus,test.test-bogus.example,cold,483254,2,False,1788804261.9773574,
unbound,bogus,test.test-bogus.example,cold,458932,2,False,1788804261.9778702,
unbound,bogus,test.test-bogus.example,cold,554133,2,False,1788804261.9784648,
unbound,bogus,test.test-bogus.example,cold,568467,2,False,1788804261.979076,
unbound,bogus,test.test-bogus.example,cold,851151,2,False,1788804261.9799755,
unbound,bogus,test.test-bogus.example,cold,541740,2,False,1788804261.9805665,
unbound,bogus,test.test-bogus.example,cold,446678,2,False,1788804261.9810534,
unbound,bogus,test.test-bogus.example,cold,489236,2,False,1788804261.9815924,
unbound,bogus,test.test-bogus.example,cold,482215,2,False,1788804261.9821217,
unbound,bogus,test.test-bogus.example,cold,636596,2,False,1788804261.982795,
unbound,bogus,test.test-bogus.example,cold,496748,2,False,1788804261.9833415,
unbound,bogus,test.test-bogus.example,cold,576008,2,False,1788804261.9839683,
unbound,bogus,test.test-bogus.example,cold,3029321,2,False,1788804261.9870524,
unbound,bogus,test.test-bogus.example,cold,764761,2,False,1788804261.9879563,
unbound,bogus,test.test-bogus.example,cold,661167,2,False,1788804261.988685,
unbound,bogus,test.test-bogus.example,cold,526487,2,False,1788804261.9892535,
unbound,bogus,test.test-bogus.example,cold,511212,2,False,1788804261.989804,
unbound,bogus,test.test-bogus.example,cold,657018,2,False,1788804261.9905136,
unbound,bogus,test.test-bogus.example,cold,459161,2,False,1788804261.991012,
unbound,bogus,test.test-bogus.example,cold,631148,2,False,1788804261.991689,
unbound,bogus,test.test-bogus.example,cold,570475,2,False,1788804261.9923532,
unbound,bogus,test.test-bogus.example,cold,506394,2,False,1788804261.9929073,
unbound,bogus,test.test-bogus.example,cold,545151,2,False,1788804261.9934998,
unbound,bogus,test.test-bogus.example,cold,485104,2,False,1788804261.9940267,
unbound,bogus,test.test-bogus.example,cold,536826,2,False,1788804261.9946074,
unbound,bogus,test.test-bogus.example,cold,528288,2,False,1788804261.9951766,
unbound,bogus,test.test-bogus.example,cold,545476,2,False,1788804261.9957724,
unbound,bogus,test.test-bogus.example,cold,534986,2,False,1788804261.9963555,
unbound,bogus,test.test-bogus.example,cold,523974,2,False,1788804261.9969366,
unbound,bogus,test.test-bogus.example,cold,555985,2,False,1788804261.9975426,
unbound,bogus,test.test-bogus.example,cold,468427,2,False,1788804261.998049,
unbound,bogus,test.test-bogus.example,cold,615958,2,False,1788804261.9987047,
unbound,bogus,test.test-bogus.example,cold,525030,2,False,1788804261.999279,
unbound,bogus,test.test-bogus.example,cold,512730,2,False,1788804261.9998398,
unbound,bogus,test.test-bogus.example,cold,585444,2,False,1788804262.000477,
unbound,bogus,test.test-bogus.example,cold,527715,2,False,1788804262.0010445,
unbound,bogus,test.test-bogus.example,cold,833094,2,False,1788804262.0019193,
unbound,bogus,test.test-bogus.example,cold,497185,2,False,1788804262.0024583,
unbound,bogus,test.test-bogus.example,cold,515392,2,False,1788804262.0030217,
unbound,bogus,test.test-bogus.example,cold,554336,2,False,1788804262.0036187,
unbound,bogus,test.test-bogus.example,cold,492293,2,False,1788804262.0041602,
unbound,bogus,test.test-bogus.example,cold,601689,2,False,1788804262.0048113,
unbound,bogus,test.test-bogus.example,cold,499061,2,False,1788804262.0053594,
unbound,bogus,test.test-bogus.example,cold,515943,2,False,1788804262.0059235,
unbound,bogus,test.test-bogus.example,cold,3014753,2,False,1788804262.0089893,
unbound,bogus,test.test-bogus.example,cold,668642,2,False,1788804262.009725,
unbound,bogus,test.test-bogus.example,cold,512544,2,False,1788804262.0102806,
unbound,bogus,test.test-bogus.example,cold,649315,2,False,1788804262.010969,
unbound,bogus,test.test-bogus.example,cold,486046,2,False,1788804262.0114946,
unbound,bogus,test.test-bogus.example,cold,448955,2,False,1788804262.01199,
unbound,bogus,test.test-bogus.example,cold,486721,2,False,1788804262.0125327,
unbound,bogus,test.test-bogus.example,cold,515171,2,False,1788804262.0131018,
unbound,bogus,test.test-bogus.example,cold,450029,2,False,1788804262.0136056,
unbound,bogus,test.test-bogus.example,cold,574103,2,False,1788804262.0142534,
unbound,bogus,test.test-bogus.example,cold,569410,2,False,1788804262.0148876,
unbound,bogus,test.test-bogus.example,cold,594638,2,False,1788804262.0155337,
unbound,bogus,test.test-bogus.example,cold,548457,2,False,1788804262.0161455,
unbound,bogus,test.test-bogus.example,cold,686452,2,False,1788804262.0168908,
unbound,bogus,test.test-bogus.example,cold,579932,2,False,1788804262.0175457,
unbound,bogus,test.test-bogus.example,cold,582460,2,False,1788804262.0181818,
unbound,bogus,test.test-bogus.example,cold,651292,2,False,1788804262.0188944,
unbound,bogus,test.test-bogus.example,cold,688857,2,False,1788804262.0196323,
unbound,bogus,test.test-bogus.example,cold,673576,2,False,1788804262.0203612,
unbound,bogus,test.test-bogus.example,cold,599170,2,False,1788804262.0210118,
unbound,bogus,test.test-bogus.example,cold,538641,2,False,1788804262.0216026,
unbound,bogus,test.test-bogus.example,cold,1123417,2,False,1788804262.0227778,
unbound,bogus,test.test-bogus.example,cold,574482,2,False,1788804262.0234058,
unbound,bogus,test.test-bogus.example,cold,532945,2,False,1788804262.02399,
unbound,bogus,test.test-bogus.example,cold,458025,2,False,1788804262.0245519,
unbound,bogus,test.test-bogus.example,cold,591639,2,False,1788804262.0251977,
unbound,bogus,test.test-bogus.example,cold,599015,2,False,1788804262.0258467,
unbound,bogus,test.test-bogus.example,cold,544224,2,False,1788804262.026437,
unbound,bogus,test.test-bogus.example,cold,484569,2,False,1788804262.0269763,
unbound,bogus,test.test-bogus.example,cold,2784946,2,False,1788804262.0298035,
unbound,bogus,test.test-bogus.example,cold,707961,2,False,1788804262.0305834,
unbound,bogus,test.test-bogus.example,cold,507640,2,False,1788804262.031137,
unbound,bogus,test.test-bogus.example,cold,524327,2,False,1788804262.031702,
unbound,bogus,test.test-bogus.example,cold,528253,2,False,1788804262.0322807,
unbound,bogus,test.test-bogus.example,cold,454046,2,False,1788804262.0327764,
unbound,bogus,test.test-bogus.example,cold,465231,2,False,1788804262.0332823,
unbound,bogus,test.test-bogus.example,cold,535048,2,False,1788804262.0338676,
unbound,bogus,test.test-bogus.example,cold,555665,2,False,1788804262.0344722,
unbound,bogus,test.test-bogus.example,cold,517565,2,False,1788804262.0350292,
unbound,bogus,test.test-bogus.example,cold,532807,2,False,1788804262.0356336,
unbound,bogus,test.test-bogus.example,cold,532959,2,False,1788804262.0362225,
unbound,bogus,test.test-bogus.example,cold,557364,2,False,1788804262.0368266,
unbound,bogus,test.test-bogus.example,cold,553012,2,False,1788804262.0374308,
unbound,bogus,test.test-bogus.example,cold,651803,2,False,1788804262.0381365,
unbound,bogus,test.test-bogus.example,cold,576988,2,False,1788804262.0387647,
unbound,bogus,test.test-bogus.example,cold,538907,2,False,1788804262.039347,
unbound,bogus,test.test-bogus.example,cold,553936,2,False,1788804262.0399415,
unbound,bogus,test.test-bogus.example,cold,479260,2,False,1788804262.040466,
unbound,bogus,test.test-bogus.example,cold,498565,2,False,1788804262.0410058,
unbound,bogus,test.test-bogus.example,cold,536866,2,False,1788804262.041583,
unbound,bogus,test.test-bogus.example,cold,547308,2,False,1788804262.0421815,
unbound,bogus,test.test-bogus.example,cold,464272,2,False,1788804262.042685,
unbound,bogus,test.test-bogus.example,cold,560626,2,False,1788804262.043291,
unbound,bogus,test.test-bogus.example,cold,834719,2,False,1788804262.0441732,
unbound,bogus,test.test-bogus.example,cold,552811,2,False,1788804262.0447662,
unbound,bogus,test.test-bogus.example,cold,499676,2,False,1788804262.0453305,
unbound,bogus,test.test-bogus.example,cold,531453,2,False,1788804262.045913,
unbound,bogus,test.test-bogus.example,cold,524485,2,False,1788804262.0464847,
unbound,bogus,test.test-bogus.example,cold,579450,2,False,1788804262.0471137,
unbound,bogus,test.test-bogus.example,cold,526106,2,False,1788804262.0476885,
unbound,bogus,test.test-bogus.example,cold,461523,2,False,1788804262.048189,
unbound,bogus,test.test-bogus.example,cold,3199218,2,False,1788804262.0514314,
unbound,bogus,test.test-bogus.example,cold,717852,2,False,1788804262.0522277,
unbound,bogus,test.test-bogus.example,cold,534575,2,False,1788804262.0528119,
unbound,bogus,test.test-bogus.example,cold,522502,2,False,1788804262.0533767,
unbound,bogus,test.test-bogus.example,cold,817615,2,False,1788804262.054247,
unbound,bogus,test.test-bogus.example,cold,534963,2,False,1788804262.0548365,
unbound,bogus,test.test-bogus.example,cold,523858,2,False,1788804262.0554123,
unbound,bogus,test.test-bogus.example,cold,440817,2,False,1788804262.055894,
unbound,bogus,test.test-bogus.example,cold,519526,2,False,1788804262.0564537,
unbound,bogus,test.test-bogus.example,cold,669401,2,False,1788804262.0571928,
unbound,bogus,test.test-bogus.example,cold,551747,2,False,1788804262.0578263,
unbound,bogus,test.test-bogus.example,cold,578532,2,False,1788804262.058452,
unbound,bogus,test.test-bogus.example,cold,485275,2,False,1788804262.0589786,
unbound,bogus,test.test-bogus.example,cold,555241,2,False,1788804262.0595772,
unbound,bogus,test.test-bogus.example,cold,441216,2,False,1788804262.060065,
unbound,bogus,test.test-bogus.example,cold,563073,2,False,1788804262.0606751,
unbound,bogus,test.test-bogus.example,cold,509967,2,False,1788804262.0612373,
unbound,bogus,test.test-bogus.example,cold,471923,2,False,1788804262.0617566,
unbound,bogus,test.test-bogus.example,cold,485403,2,False,1788804262.0622835,
unbound,bogus,test.test-bogus.example,cold,549312,2,False,1788804262.0628731,
unbound,bogus,test.test-bogus.example,cold,469550,2,False,1788804262.0633893,
unbound,bogus,test.test-bogus.example,cold,479900,2,False,1788804262.0639105,
unbound,bogus,test.test-bogus.example,cold,488648,2,False,1788804262.0644488,
unbound,bogus,test.test-bogus.example,cold,765299,2,False,1788804262.0652518,
unbound,bogus,test.test-bogus.example,cold,1506046,2,False,1788804262.0668097,
unbound,bogus,test.test-bogus.example,cold,1455082,2,False,1788804262.0683286,
unbound,bogus,test.test-bogus.example,cold,732393,2,False,1788804262.0691168,
unbound,bogus,test.test-bogus.example,cold,1081660,2,False,1788804262.0702674,
unbound,bogus,test.test-bogus.example,cold,940711,2,False,1788804262.071268,
unbound,bogus,test.test-bogus.example,cold,585758,2,False,1788804262.071932,
unbound,bogus,test.test-bogus.example,cold,593771,2,False,1788804262.07259,
unbound,bogus,test.test-bogus.example,cold,2812321,2,False,1788804262.0754588,
unbound,bogus,test.test-bogus.example,cold,727920,2,False,1788804262.0762515,
unbound,bogus,test.test-bogus.example,cold,530062,2,False,1788804262.076834,
unbound,bogus,test.test-bogus.example,cold,519413,2,False,1788804262.0774095,
unbound,bogus,test.test-bogus.example,cold,516705,2,False,1788804262.0779693,
unbound,bogus,test.test-bogus.example,cold,515588,2,False,1788804262.0785348,
unbound,bogus,test.test-bogus.example,cold,517540,2,False,1788804262.0791028,
unbound,bogus,test.test-bogus.example,cold,790042,2,False,1788804262.0799391,
unbound,bogus,test.test-bogus.example,cold,589302,2,False,1788804262.0805836,
unbound,bogus,test.test-bogus.example,cold,533241,2,False,1788804262.081168,
unbound,bogus,test.test-bogus.example,cold,555854,2,False,1788804262.081779,
unbound,bogus,test.test-bogus.example,cold,528358,2,False,1788804262.082357,
unbound,bogus,test.test-bogus.example,cold,551985,2,False,1788804262.0829954,
unbound,bogus,test.test-bogus.example,cold,553876,2,False,1788804262.0835886,
unbound,bogus,test.test-bogus.example,cold,466455,2,False,1788804262.0840974,
unbound,bogus,test.test-bogus.example,cold,437841,2,False,1788804262.0845838,
unbound,bogus,test.test-bogus.example,cold,464496,2,False,1788804262.0850952,
unbound,bogus,test.test-bogus.example,cold,620979,2,False,1788804262.0857666,
unbound,bogus,test.test-bogus.example,cold,499131,2,False,1788804262.0863178,
unbound,bogus,test.test-bogus.example,cold,508992,2,False,1788804262.0868776,
unbound,bogus,test.test-bogus.example,cold,503645,2,False,1788804262.087424,
unbound,bogus,test.test-bogus.example,cold,512483,2,False,1788804262.0879786,
unbound,bogus,test.test-bogus.example,cold,470389,2,False,1788804262.088487,
unbound,bogus,test.test-bogus.example,cold,878992,2,False,1788804262.0894153,
unbound,bogus,test.test-bogus.example,cold,543764,2,False,1788804262.090008,
unbound,bogus,test.test-bogus.example,cold,558807,2,False,1788804262.0906148,
unbound,bogus,test.test-bogus.example,cold,550529,2,False,1788804262.091212,
unbound,bogus,test.test-bogus.example,cold,807425,2,False,1788804262.0920725,
unbound,bogus,test.test-bogus.example,cold,768605,2,False,1788804262.092909,
unbound,bogus,test.test-bogus.example,cold,642386,2,False,1788804262.0936923,
unbound,bogus,test.test-bogus.example,cold,724329,2,False,1788804262.0944724,
unbound,bogus,test.test-bogus.example,cold,3726816,2,False,1788804262.098246,
unbound,bogus,test.test-bogus.example,cold,788870,2,False,1788804262.0991025,
unbound,bogus,test.test-bogus.example,cold,626903,2,False,1788804262.0997775,
unbound,bogus,test.test-bogus.example,cold,494754,2,False,1788804262.1003168,
unbound,bogus,test.test-bogus.example,cold,543011,2,False,1788804262.1009028,
unbound,bogus,test.test-bogus.example,cold,509552,2,False,1788804262.1014626,
unbound,bogus,test.test-bogus.example,cold,1180017,2,False,1788804262.102686,
unbound,bogus,test.test-bogus.example,cold,539720,2,False,1788804262.1032846,
unbound,bogus,test.test-bogus.example,cold,496469,2,False,1788804262.1038203,
unbound,bogus,test.test-bogus.example,cold,577451,2,False,1788804262.1044517,
unbound,bogus,test.test-bogus.example,cold,666144,2,False,1788804262.105169,
unbound,bogus,test.test-bogus.example,cold,676847,2,False,1788804262.1059322,
unbound,bogus,test.test-bogus.example,cold,742386,2,False,1788804262.1067374,
unbound,bogus,test.test-bogus.example,cold,825797,2,False,1788804262.107626,
unbound,bogus,test.test-bogus.example,cold,3409730,2,False,1788804262.111135,
unbound,bogus,test.test-bogus.example,cold,805233,2,False,1788804262.1120334,
unbound,bogus,test.test-bogus.example,cold,730035,2,False,1788804262.1129134,
unbound,bogus,test.test-bogus.example,cold,743277,2,False,1788804262.113727,
unbound,bogus,test.test-bogus.example,cold,712847,2,False,1788804262.1144915,
unbound,bogus,test.test-bogus.example,cold,622512,2,False,1788804262.1151721,
unbound,bogus,test.test-bogus.example,cold,665642,2,False,1788804262.115925,
unbound,bogus,test.test-bogus.example,cold,730923,2,False,1788804262.1166995,
unbound,bogus,test.test-bogus.example,cold,1919432,2,False,1788804262.1186852,
unbound,bogus,test.test-bogus.example,cold,1190396,2,False,1788804262.120253,
unbound,bogus,test.test-bogus.example,cold,766036,2,False,1788804262.121236,
unbound,bogus,test.test-bogus.example,cold,749467,2,False,1788804262.1220534,
unbound,bogus,test.test-bogus.example,cold,603114,2,False,1788804262.122735,
unbound,bogus,test.test-bogus.example,cold,898420,2,False,1788804262.1237202,
unbound,bogus,test.test-bogus.example,cold,649120,2,False,1788804262.1244595,
unbound,bogus,test.test-bogus.example,cold,830155,2,False,1788804262.1253664,
unbound,bogus,test.test-bogus.example,cold,3069583,2,False,1788804262.128496,
unbound,bogus,test.test-bogus.example,cold,1006306,2,False,1788804262.1295812,
unbound,bogus,test.test-bogus.example,cold,893824,2,False,1788804262.1307576,
unbound,bogus,test.test-bogus.example,cold,714771,2,False,1788804262.131548,
unbound,bogus,test.test-bogus.example,cold,786107,2,False,1788804262.1324024,
unbound,bogus,test.test-bogus.example,cold,699941,2,False,1788804262.133169,
unbound,bogus,test.test-bogus.example,cold,692197,2,False,1788804262.1339169,
unbound,bogus,test.test-bogus.example,cold,758032,2,False,1788804262.1347244,
unbound,bogus,test.test-bogus.example,cold,778895,2,False,1788804262.1355767,
unbound,bogus,test.test-bogus.example,cold,728036,2,False,1788804262.1363618,
unbound,bogus,test.test-bogus.example,cold,567862,2,False,1788804262.1370125,
unbound,bogus,test.test-bogus.example,cold,547306,2,False,1788804262.1376123,
unbound,bogus,test.test-bogus.example,cold,670879,2,False,1788804262.1383393,
unbound,bogus,test.test-bogus.example,cold,686484,2,False,1788804262.1390986,
unbound,bogus,test.test-bogus.example,cold,524112,2,False,1788804262.1396682,
unbound,bogus,test.test-bogus.example,cold,611181,2,False,1788804262.1403356,
unbound,bogus,test.test-bogus.example,cold,761213,2,False,1788804262.1411529,
unbound,bogus,test.test-bogus.example,cold,679629,2,False,1788804262.1418936,
unbound,bogus,test.test-bogus.example,cold,624900,2,False,1788804262.1425717,
unbound,bogus,test.test-bogus.example,cold,566387,2,False,1788804262.143193,
unbound,bogus,test.test-bogus.example,cold,654300,2,False,1788804262.1439009,
unbound,bogus,test.test-bogus.example,cold,567417,2,False,1788804262.1445134,
unbound,bogus,test.test-bogus.example,cold,1178021,2,False,1788804262.1457572,
unbound,bogus,test.test-bogus.example,cold,5401003,2,False,1788804262.1512308,
unbound,bogus,test.test-bogus.example,cold,786913,2,False,1788804262.1521416,
unbound,bogus,test.test-bogus.example,cold,728837,2,False,1788804262.1529357,
unbound,bogus,test.test-bogus.example,cold,677239,2,False,1788804262.1536763,
unbound,bogus,test.test-bogus.example,cold,903021,2,False,1788804262.1546419,
unbound,bogus,test.test-bogus.example,cold,601600,2,False,1788804262.1553054,
unbound,bogus,test.test-bogus.example,cold,661966,2,False,1788804262.1560225,
unbound,bogus,test.test-bogus.example,cold,3852069,2,False,1788804262.1599627,
unbound,bogus,test.test-bogus.example,cold,937947,2,False,1788804262.1609628,
unbound,bogus,test.test-bogus.example,cold,703596,2,False,1788804262.1617682,
unbound,bogus,test.test-bogus.example,cold,643550,2,False,1788804262.1624706,
unbound,bogus,test.test-bogus.example,cold,524331,2,False,1788804262.163049,
unbound,bogus,test.test-bogus.example,cold,553832,2,False,1788804262.1636527,
unbound,bogus,test.test-bogus.example,cold,513056,2,False,1788804262.1642153,
unbound,bogus,test.test-bogus.example,cold,492434,2,False,1788804262.164758,
unbound,bogus,test.test-bogus.example,cold,602408,2,False,1788804262.1654038,
unbound,bogus,test.test-bogus.example,cold,642656,2,False,1788804262.1661012,
unbound,bogus,test.test-bogus.example,cold,583944,2,False,1788804262.166728,
unbound,bogus,test.test-bogus.example,cold,531760,2,False,1788804262.1673079,
unbound,bogus,test.test-bogus.example,cold,534015,2,False,1788804262.167893,
unbound,bogus,test.test-bogus.example,cold,497334,2,False,1788804262.168433,
unbound,bogus,test.test-bogus.example,cold,488776,2,False,1788804262.1689694,
unbound,bogus,test.test-bogus.example,cold,692642,2,False,1788804262.169716,
unbound,bogus,test.test-bogus.example,cold,502903,2,False,1788804262.1702714,
unbound,bogus,test.test-bogus.example,cold,545888,2,False,1788804262.1708722,
unbound,bogus,test.test-bogus.example,cold,465909,2,False,1788804262.171391,
unbound,bogus,test.test-bogus.example,cold,676088,2,False,1788804262.1721163,
unbound,bogus,test.test-bogus.example,cold,546275,2,False,1788804262.1727138,
unbound,bogus,test.test-bogus.example,cold,603150,2,False,1788804262.1733673,
unbound,bogus,test.test-bogus.example,cold,548498,2,False,1788804262.173967,
unbound,bogus,test.test-bogus.example,cold,1052937,2,False,1788804262.175077,
unbound,bogus,test.test-bogus.example,cold,536213,2,False,1788804262.1757288,
unbound,bogus,test.test-bogus.example,cold,528805,2,False,1788804262.1763928,
unbound,bogus,test.test-bogus.example,cold,528208,2,False,1788804262.1769738,
unbound,bogus,test.test-bogus.example,cold,719575,2,False,1788804262.1778133,
unbound,bogus,test.test-bogus.example,cold,716167,2,False,1788804262.178601,
unbound,bogus,test.test-bogus.example,cold,770417,2,False,1788804262.1794336,
unbound,bogus,test.test-bogus.example,cold,644046,2,False,1788804262.1801348,
unbound,bogus,test.test-bogus.example,cold,3597641,2,False,1788804262.18379,
unbound,bogus,test.test-bogus.example,cold,727820,2,False,1788804262.1845899,
unbound,bogus,test.test-bogus.example,cold,484034,2,False,1788804262.1851203,
unbound,bogus,test.test-bogus.example,cold,516624,2,False,1788804262.1856854,
unbound,bogus,test.test-bogus.example,cold,646142,2,False,1788804262.1865368,
unbound,bogus,test.test-bogus.example,cold,535984,2,False,1788804262.1871154,
unbound,bogus,test.test-bogus.example,cold,537075,2,False,1788804262.1876967,
unbound,bogus,test.test-bogus.example,cold,498615,2,False,1788804262.1882393,
unbound,bogus,test.test-bogus.example,cold,560640,2,False,1788804262.1888478,
unbound,bogus,test.test-bogus.example,cold,511061,2,False,1788804262.1894097,
unbound,bogus,test.test-bogus.example,cold,527814,2,False,1788804262.1899862,
unbound,bogus,test.test-bogus.example,cold,566737,2,False,1788804262.190601,
unbound,bogus,test.test-bogus.example,cold,533364,2,False,1788804262.1911838,
unbound,bogus,test.test-bogus.example,cold,568760,2,False,1788804262.1918013,
unbound,bogus,test.test-bogus.example,cold,497001,2,False,1788804262.192339,
unbound,bogus,test.test-bogus.example,cold,493317,2,False,1788804262.1928723,
unbound,bogus,test.test-bogus.example,cold,541512,2,False,1788804262.1934543,
unbound,bogus,test.test-bogus.example,cold,519412,2,False,1788804262.1940234,
unbound,bogus,test.test-bogus.example,cold,487949,2,False,1788804262.1945586,
unbound,bogus,test.test-bogus.example,cold,507515,2,False,1788804262.195114,
unbound,bogus,test.test-bogus.example,cold,449398,2,False,1788804262.1955993,
unbound,bogus,test.test-bogus.example,cold,482917,2,False,1788804262.1961293,
unbound,bogus,test.test-bogus.example,cold,495278,2,False,1788804262.196664,
unbound,bogus,test.test-bogus.example,cold,1000503,2,False,1788804262.1977088,
unbound,bogus,test.test-bogus.example,cold,573907,2,False,1788804262.19834,
unbound,bogus,test.test-bogus.example,cold,480575,2,False,1788804262.1989007,
unbound,bogus,test.test-bogus.example,cold,682922,2,False,1788804262.1996267,
unbound,bogus,test.test-bogus.example,cold,848160,2,False,1788804262.200527,
unbound,bogus,test.test-bogus.example,cold,618359,2,False,1788804262.2012017,
unbound,bogus,test.test-bogus.example,cold,508961,2,False,1788804262.201767,
unbound,bogus,test.test-bogus.example,cold,521400,2,False,1788804262.202328,
unbound,bogus,test.test-bogus.example,cold,2919513,2,False,1788804262.205291,
unbound,bogus,test.test-bogus.example,cold,679043,2,False,1788804262.2060337,
unbound,bogus,test.test-bogus.example,cold,524612,2,False,1788804262.2066045,
unbound,bogus,test.test-bogus.example,cold,534041,2,False,1788804262.207187,
unbound,bogus,test.test-bogus.example,cold,542775,2,False,1788804262.2077782,
unbound,bogus,test.test-bogus.example,cold,547888,2,False,1788804262.2083762,
unbound,bogus,test.test-bogus.example,cold,515316,2,False,1788804262.2089467,
unbound,bogus,test.test-bogus.example,cold,507540,2,False,1788804262.2095068,
unbound,bogus,test.test-bogus.example,cold,625003,2,False,1788804262.2101817,
unbound,bogus,test.test-bogus.example,cold,546867,2,False,1788804262.210777,
unbound,bogus,test.test-bogus.example,cold,530749,2,False,1788804262.2113671,
unbound,bogus,test.test-bogus.example,cold,486773,2,False,1788804262.211897,
unbound,bogus,test.test-bogus.example,cold,425049,2,False,1788804262.2123644,
unbound,bogus,test.test-bogus.example,cold,536821,2,False,1788804262.2129493,
unbound,bogus,test.test-bogus.example,cold,492293,2,False,1788804262.2134824,
unbound,bogus,test.test-bogus.example,cold,683018,2,False,1788804262.2142158,
unbound,bogus,test.test-bogus.example,cold,673992,2,False,1788804262.2149496,
unbound,bogus,test.test-bogus.example,cold,520695,2,False,1788804262.2155256,
unbound,bogus,test.test-bogus.example,cold,654374,2,False,1788804262.2162333,
unbound,bogus,test.test-bogus.example,cold,503597,2,False,1788804262.216789,
unbound,bogus,test.test-bogus.example,cold,516050,2,False,1788804262.2173536,
unbound,bogus,test.test-bogus.example,cold,530083,2,False,1788804262.217932,
unbound,bogus,test.test-bogus.example,cold,535743,2,False,1788804262.2185175,
unbound,bogus,test.test-bogus.example,cold,503576,2,False,1788804262.21907,
unbound,bogus,test.test-bogus.example,cold,906444,2,False,1788804262.220025,
unbound,bogus,test.test-bogus.example,cold,494937,2,False,1788804262.2205603,
unbound,bogus,test.test-bogus.example,cold,503401,2,False,1788804262.221114,
unbound,bogus,test.test-bogus.example,cold,532499,2,False,1788804262.2216954,
unbound,bogus,test.test-bogus.example,cold,529625,2,False,1788804262.2222743,
unbound,bogus,test.test-bogus.example,cold,576480,2,False,1788804262.2229004,
unbound,bogus,test.test-bogus.example,cold,519218,2,False,1788804262.2234704,
unbound,bogus,test.test-bogus.example,cold,475246,2,False,1788804262.2239962,
unbound,bogus,test.test-bogus.example,cold,3021116,2,False,1788804262.2270672,
unbound,bogus,test.test-bogus.example,cold,710391,2,False,1788804262.2278638,
unbound,bogus,test.test-bogus.example,cold,701459,2,False,1788804262.2286284,
unbound,bogus,test.test-bogus.example,cold,749893,2,False,1788804262.229436,
unbound,bogus,test.test-bogus.example,cold,552692,2,False,1788804262.2300317,
unbound,bogus,test.test-bogus.example,cold,634370,2,False,1788804262.2307138,
unbound,bogus,test.test-bogus.example,cold,519573,2,False,1788804262.2312899,
unbound,bogus,test.test-bogus.example,cold,486667,2,False,1788804262.231819,
unbound,bogus,test.test-bogus.example,cold,470742,2,False,1788804262.2323306,
unbound,bogus,test.test-bogus.example,cold,1197496,2,False,1788804262.2335815,
unbound,bogus,test.test-bogus.example,cold,1959526,2,False,1788804262.2356365,
unbound,bogus,test.test-bogus.example,cold,674695,2,False,1788804262.2364004,
unbound,bogus,test.test-bogus.example,cold,549825,2,False,1788804262.237015,
unbound,bogus,test.test-bogus.example,cold,577650,2,False,1788804262.2376812,
unbound,bogus,test.test-bogus.example,cold,481655,2,False,1788804262.23823,
unbound,bogus,test.test-bogus.example,cold,599086,2,False,1788804262.2388835,
unbound,bogus,test.test-bogus.example,cold,563232,2,False,1788804262.2394884,
unbound,bogus,test.test-bogus.example,cold,511030,2,False,1788804262.2400548,
unbound,bogus,test.test-bogus.example,cold,486135,2,False,1788804262.240593,
unbound,bogus,test.test-bogus.example,cold,497522,2,False,1788804262.2411397,
unbound,bogus,test.test-bogus.example,cold,516010,2,False,1788804262.2417042,
unbound,bogus,test.test-bogus.example,cold,506542,2,False,1788804262.2422638,
unbound,bogus,test.test-bogus.example,cold,539522,2,False,1788804262.2428513,
unbound,bogus,test.test-bogus.example,cold,526418,2,False,1788804262.2434266,
unbound,bogus,test.test-bogus.example,cold,929936,2,False,1788804262.2444012,
unbound,bogus,test.test-bogus.example,cold,541256,2,False,1788804262.244983,
unbound,bogus,test.test-bogus.example,cold,487994,2,False,1788804262.245513,
unbound,bogus,test.test-bogus.example,cold,554021,2,False,1788804262.2461174,
unbound,bogus,test.test-bogus.example,cold,555796,2,False,1788804262.2467234,
unbound,bogus,test.test-bogus.example,cold,606206,2,False,1788804262.2473779,
unbound,bogus,test.test-bogus.example,cold,512941,2,False,1788804262.2479506,
unbound,bogus,test.test-bogus.example,cold,554312,2,False,1788804262.248553,
unbound,bogus,test.test-bogus.example,cold,2965968,2,False,1788804262.251571,
unbound,bogus,test.test-bogus.example,cold,3298319,2,False,1788804262.2549458,
unbound,bogus,test.test-bogus.example,cold,3671783,2,False,1788804262.258705,
unbound,bogus,test.test-bogus.example,cold,3262197,2,False,1788804262.2620401,
unbound,bogus,test.test-bogus.example,cold,2883352,2,False,1788804262.265,
unbound,bogus,test.test-bogus.example,cold,2980297,2,False,1788804262.268051,
unbound,bogus,test.test-bogus.example,cold,2843559,2,False,1788804262.2709641,
unbound,bogus,test.test-bogus.example,cold,2963656,2,False,1788804262.2740011,
unbound,bogus,test.test-bogus.example,cold,3662614,2,False,1788804262.2777338,
unbound,bogus,test.test-bogus.example,cold,2863309,2,False,1788804262.2806518,
unbound,bogus,test.test-bogus.example,cold,3118800,2,False,1788804262.2838252,
unbound,bogus,test.test-bogus.example,cold,2827257,2,False,1788804262.2867079,
unbound,bogus,test.test-bogus.example,cold,3035811,2,False,1788804262.2898126,
unbound,bogus,test.test-bogus.example,cold,3314372,2,False,1788804262.293201,
unbound,bogus,test.test-bogus.example,cold,3096088,2,False,1788804262.296371,
unbound,bogus,test.test-bogus.example,cold,2825045,2,False,1788804262.2992668,
unbound,bogus,test.test-bogus.example,cold,2897758,2,False,1788804262.3022451,
unbound,bogus,test.test-bogus.example,cold,3053172,2,False,1788804262.3053741,
unbound,bogus,test.test-bogus.example,cold,3993016,2,False,1788804262.3094454,
unbound,bogus,test.test-bogus.example,cold,3002715,2,False,1788804262.3125277,
unbound,bogus,test.test-bogus.example,cold,2924742,2,False,1788804262.315511,
unbound,bogus,test.test-bogus.example,cold,2873455,2,False,1788804262.318451,
unbound,bogus,test.test-bogus.example,cold,2837741,2,False,1788804262.3213613,
unbound,bogus,test.test-bogus.example,cold,5467128,2,False,1788804262.3268893,
unbound,bogus,test.test-bogus.example,cold,4736518,2,False,1788804262.3317096,
unbound,bogus,test.test-bogus.example,cold,3979796,2,False,1788804262.3357716,
unbound,bogus,test.test-bogus.example,cold,4303886,2,False,1788804262.340165,
unbound,bogus,test.test-bogus.example,cold,3952478,2,False,1788804262.3442056,
unbound,bogus,test.test-bogus.example,cold,3455636,2,False,1788804262.347732,
unbound,bogus,test.test-bogus.example,cold,3503959,2,False,1788804262.351332,
unbound,bogus,test.test-bogus.example,cold,3010042,2,False,1788804262.3544211,
unbound,bogus,test.test-bogus.example,cold,3113061,2,False,1788804262.3576024,
unbound,bogus,test.test-bogus.example,cold,2863714,2,False,1788804262.3605218,
unbound,bogus,test.test-bogus.example,cold,3011967,2,False,1788804262.363611,
unbound,bogus,test.test-bogus.example,cold,4149420,2,False,1788804262.3678484,
unbound,bogus,test.test-bogus.example,cold,3186940,2,False,1788804262.371115,
unbound,bogus,test.test-bogus.example,cold,3419986,2,False,1788804262.374622,
unbound,bogus,test.test-bogus.example,cold,3522361,2,False,1788804262.378232,
unbound,bogus,test.test-bogus.example,cold,3410648,2,False,1788804262.381721,
unbound,bogus,test.test-bogus.example,cold,3434090,2,False,1788804262.3852205,
unbound,bogus,test.test-bogus.example,cold,4121461,2,False,1788804262.389424,
unbound,bogus,test.test-bogus.example,cold,3430476,2,False,1788804262.392919,
unbound,bogus,test.test-bogus.example,cold,3301214,2,False,1788804262.3962834,
unbound,bogus,test.test-bogus.example,cold,3741794,2,False,1788804262.400108,
unbound,bogus,test.test-bogus.example,cold,3450463,2,False,1788804262.403632,
unbound,bogus,test.test-bogus.example,cold,3353263,2,False,1788804262.4070652,
unbound,bogus,test.test-bogus.example,cold,3290759,2,False,1788804262.410444,
unbound,bogus,test.test-bogus.example,cold,3978275,2,False,1788804262.4145195,
unbound,bogus,test.test-bogus.example,cold,4110438,2,False,1788804262.4189343,
unbound,bogus,test.test-bogus.example,cold,4125412,2,False,1788804262.423154,
unbound,bogus,test.test-bogus.example,cold,3332137,2,False,1788804262.426618,
unbound,bogus,test.test-bogus.example,cold,3311908,2,False,1788804262.4300046,
unbound,bogus,test.test-bogus.example,cold,4317449,2,False,1788804262.4344094,
unbound,bogus,test.test-bogus.example,cold,3430984,2,False,1788804262.4379234,
unbound,bogus,test.test-bogus.example,cold,3320600,2,False,1788804262.4413261,
unbound,bogus,test.test-bogus.example,cold,3366425,2,False,1788804262.4447699,
unbound,bogus,test.test-bogus.example,cold,3233474,2,False,1788804262.4480808,
unbound,bogus,test.test-bogus.example,cold,4006190,2,False,1788804262.452161,
unbound,bogus,test.test-bogus.example,cold,3422108,2,False,1788804262.4556677,
unbound,bogus,test.test-bogus.example,cold,3533259,2,False,1788804262.459298,
unbound,bogus,test.test-bogus.example,cold,3457936,2,False,1788804262.4628553,
unbound,bogus,test.test-bogus.example,cold,3466518,2,False,1788804262.4664195,
unbound,bogus,test.test-bogus.example,cold,3597010,2,False,1788804262.4701061,
unbound,bogus,test.test-bogus.example,cold,3443697,2,False,1788804262.4736297,
unbound,bogus,test.test-bogus.example,cold,3737542,2,False,1788804262.4774907,
unbound,bogus,test.test-bogus.example,cold,3667517,2,False,1788804262.4812639,
unbound,bogus,test.test-bogus.example,cold,3973507,2,False,1788804262.4852955,
unbound,bogus,test.test-bogus.example,cold,4314313,2,False,1788804262.4896698,
unbound,bogus,test.test-bogus.example,cold,4558085,2,False,1788804262.4943113,
unbound,bogus,test.test-bogus.example,cold,5105434,2,False,1788804262.499534,
unbound,bogus,test.test-bogus.example,cold,3851151,2,False,1788804262.503488,
unbound,bogus,test.test-bogus.example,cold,3884761,2,False,1788804262.5074668,
unbound,bogus,test.test-bogus.example,cold,3535540,2,False,1788804262.5110824,
unbound,bogus,test.test-bogus.example,cold,3542838,2,False,1788804262.5147054,
unbound,bogus,test.test-bogus.example,cold,3833286,2,False,1788804262.518861,
unbound,bogus,test.test-bogus.example,cold,4192554,2,False,1788804262.5231512,
unbound,bogus,test.test-bogus.example,cold,3879928,2,False,1788804262.5271163,
unbound,bogus,test.test-bogus.example,cold,5492197,2,False,1788804262.5326943,
unbound,bogus,test.test-bogus.example,cold,6360040,2,False,1788804262.5391283,
unbound,bogus,test.test-bogus.example,cold,3959819,2,False,1788804262.543167,
unbound,bogus,test.test-bogus.example,cold,3413133,2,False,1788804262.5466585,
unbound,bogus,test.test-bogus.example,cold,3591011,2,False,1788804262.5503414,
unbound,bogus,test.test-bogus.example,cold,3429738,2,False,1788804262.5538838,
unbound,bogus,test.test-bogus.example,cold,4072428,2,False,1788804262.5580554,
unbound,bogus,test.test-bogus.example,cold,4517301,2,False,1788804262.5628002,
unbound,bogus,test.test-bogus.example,cold,3894463,2,False,1788804262.5668256,
unbound,bogus,test.test-bogus.example,cold,3630881,2,False,1788804262.5705583,
unbound,bogus,test.test-bogus.example,cold,5446660,2,False,1788804262.5760925,
unbound,bogus,test.test-bogus.example,cold,5377180,2,False,1788804262.5816054,
unbound,bogus,test.test-bogus.example,cold,5251681,2,False,1788804262.5869818,
unbound,bogus,test.test-bogus.example,cold,4047944,2,False,1788804262.5911179,
unbound,bogus,test.test-bogus.example,cold,4698410,2,False,1788804262.5959377,
unbound,bogus,test.test-bogus.example,cold,7711795,2,False,1788804262.603738,
unbound,bogus,test.test-bogus.example,cold,10252958,2,False,1788804262.6141374,
unbound,bogus,test.test-bogus.example,cold,7362239,2,False,1788804262.6216009,
unbound,bogus,test.test-bogus.example,cold,13729977,2,False,1788804262.6354308,
unbound,bogus,test.test-bogus.example,cold,6477182,2,False,1788804262.6420996,
unbound,bogus,test.test-bogus.example,cold,4074841,2,False,1788804262.6464126,
unbound,bogus,test.test-bogus.example,cold,5093007,2,False,1788804262.6517262,
unbound,bogus,test.test-bogus.example,cold,5705993,2,False,1788804262.6576607,
unbound,bogus,test.test-bogus.example,cold,9584803,2,False,1788804262.6673687,
unbound,bogus,test.test-bogus.example,cold,3979469,2,False,1788804262.671472,
unbound,bogus,test.test-bogus.example,cold,4039053,2,False,1788804262.6755807,
unbound,bogus,test.test-bogus.example,cold,3135240,2,False,1788804262.6788614,
unbound,bogus,test.test-bogus.example,cold,3590366,2,False,1788804262.682514,
unbound,bogus,test.test-bogus.example,cold,3121203,2,False,1788804262.6857166,
unbound,bogus,test.test-bogus.example,cold,2945765,2,False,1788804262.688721,
unbound,bogus,test.test-bogus.example,cold,3666211,2,False,1788804262.692474,
unbound,bogus,test.test-bogus.example,cold,3324426,2,False,1788804262.6958823,
unbound,bogus,test.test-bogus.example,cold,3333092,2,False,1788804262.699272,
unbound,bogus,test.test-bogus.example,cold,3139207,2,False,1788804262.7024884,
unbound,bogus,test.test-bogus.example,cold,3142744,2,False,1788804262.7056997,
unbound,bogus,test.test-bogus.example,cold,3194458,2,False,1788804262.708964,
unbound,bogus,test.test-bogus.example,cold,3700204,2,False,1788804262.7127302,
unbound,bogus,test.test-bogus.example,cold,3418561,2,False,1788804262.7162259,
unbound,bogus,test.test-bogus.example,cold,3150560,2,False,1788804262.719455,
unbound,bogus,test.test-bogus.example,cold,3485899,2,False,1788804262.723013,
unbound,bogus,test.test-bogus.example,cold,3388524,2,False,1788804262.7264838,
unbound,bogus,test.test-bogus.example,cold,3046330,2,False,1788804262.7296205,
unbound,bogus,test.test-bogus.example,cold,3324761,2,False,1788804262.7330167,
unbound,bogus,test.test-bogus.example,cold,4014349,2,False,1788804262.737133,
unbound,bogus,test.test-bogus.example,cold,4156093,2,False,1788804262.7414348,
unbound,bogus,test.test-bogus.example,cold,3004390,2,False,1788804262.7445,
unbound,bogus,test.test-bogus.example,cold,3204608,2,False,1788804262.7477705,
unbound,bogus,test.test-bogus.example,cold,2952431,2,False,1788804262.7508018,
unbound,bogus,test.test-bogus.example,cold,3916650,2,False,1788804262.7547886,
unbound,bogus,test.test-bogus.example,cold,3503144,2,False,1788804262.7583647,
unbound,bogus,test.test-bogus.example,cold,3086635,2,False,1788804262.7615383,
unbound,bogus,test.test-bogus.example,cold,2899274,2,False,1788804262.7645125,
unbound,bogus,test.test-bogus.example,cold,3286349,2,False,1788804262.7678668,
unbound,bogus,test.test-bogus.example,cold,3921548,2,False,1788804262.771858,
unbound,bogus,test.test-bogus.example,cold,3488740,2,False,1788804262.775441,
unbound,bogus,test.test-bogus.example,cold,3208975,2,False,1788804262.778725,
unbound,bogus,test.test-bogus.example,cold,3419333,2,False,1788804262.7822099,
unbound,bogus,test.test-bogus.example,cold,2961065,2,False,1788804262.7852354,
unbound,bogus,test.test-bogus.example,cold,3971520,2,False,1788804262.7892952,
unbound,bogus,test.test-bogus.example,cold,5863481,2,False,1788804262.7952397,
unbound,bogus,test.test-bogus.example,cold,3534229,2,False,1788804262.7988708,
unbound,bogus,test.test-bogus.example,cold,3274126,2,False,1788804262.8022203,
unbound,bogus,test.test-bogus.example,cold,2978949,2,False,1788804262.8052697,
unbound,bogus,test.test-bogus.example,cold,4404226,2,False,1788804262.80975,
unbound,bogus,test.test-bogus.example,cold,3599323,2,False,1788804262.8134158,
unbound,bogus,test.test-bogus.example,cold,4002303,2,False,1788804262.8174903,
unbound,bogus,test.test-bogus.example,cold,3600847,2,False,1788804262.821175,
unbound,bogus,test.test-bogus.example,cold,5649630,2,False,1788804262.8269193,
unbound,bogus,test.test-bogus.example,cold,3214341,2,False,1788804262.8302095,
unbound,bogus,test.test-bogus.example,cold,2973395,2,False,1788804262.8332608,
unbound,bogus,test.test-bogus.example,cold,3409724,2,False,1788804262.8367321,
unbound,bogus,test.test-bogus.example,cold,3398588,2,False,1788804262.8401911,
unbound,bogus,test.test-bogus.example,cold,3139335,2,False,1788804262.8433964,
unbound,bogus,test.test-bogus.example,cold,3337720,2,False,1788804262.8468091,
unbound,bogus,test.test-bogus.example,cold,3569217,2,False,1788804262.850441,
unbound,bogus,test.test-bogus.example,cold,3190771,2,False,1788804262.8537102,
unbound,bogus,test.test-bogus.example,cold,3840234,2,False,1788804262.8576329,
unbound,bogus,test.test-bogus.example,cold,4509310,2,False,1788804262.862228,
unbound,bogus,test.test-bogus.example,cold,3457227,2,False,1788804262.8657753,
unbound,bogus,test.test-bogus.example,cold,3041452,2,False,1788804262.8689063,
unbound,bogus,test.test-bogus.example,cold,3557888,2,False,1788804262.8725383,
unbound,bogus,test.test-bogus.example,cold,2977493,2,False,1788804262.8756127,
unbound,bogus,test.test-bogus.example,cold,3848839,2,False,1788804262.879535,
unbound,bogus,test.test-bogus.example,cold,3279679,2,False,1788804262.8828971,
unbound,bogus,test.test-bogus.example,cold,3327818,2,False,1788804262.8863058,
unbound,bogus,test.test-bogus.example,cold,3161127,2,False,1788804262.88955,
unbound,bogus,test.test-bogus.example,cold,3081163,2,False,1788804262.8927019,
unbound,bogus,test.test-bogus.example,cold,4134363,2,False,1788804262.8969195,
unbound,bogus,test.test-bogus.example,cold,4049937,2,False,1788804262.901071,
unbound,bogus,test.test-bogus.example,cold,3166313,2,False,1788804262.9043267,
unbound,bogus,test.test-bogus.example,cold,2807790,2,False,1788804262.9071977,
unbound,bogus,test.test-bogus.example,cold,3276415,2,False,1788804262.9105465,
unbound,bogus,test.test-bogus.example,cold,3022109,2,False,1788804262.9136257,
unbound,bogus,test.test-bogus.example,cold,3701412,2,False,1788804262.917404,
unbound,bogus,test.test-bogus.example,cold,3407057,2,False,1788804262.920896,
unbound,bogus,test.test-bogus.example,cold,2985582,2,False,1788804262.9239595,
unbound,bogus,test.test-bogus.example,cold,3411988,2,False,1788804262.9274476,
unbound,bogus,test.test-bogus.example,cold,3950518,2,False,1788804262.9314682,
unbound,bogus,test.test-bogus.example,cold,3281792,2,False,1788804262.9348228,
unbound,bogus,test.test-bogus.example,cold,3341761,2,False,1788804262.938237,
unbound,bogus,test.test-bogus.example,cold,2937724,2,False,1788804262.9412563,
unbound,bogus,test.test-bogus.example,cold,3258733,2,False,1788804262.944593,
unbound,bogus,test.test-bogus.example,cold,3679324,2,False,1788804262.948333,
unbound,bogus,test.test-bogus.example,cold,3438555,2,False,1788804262.9518435,
unbound,bogus,test.test-bogus.example,cold,3117913,2,False,1788804262.9550436,
unbound,bogus,test.test-bogus.example,cold,3017853,2,False,1788804262.9581327,
unbound,bogus,test.test-bogus.example,cold,2863651,2,False,1788804262.9610775,
unbound,bogus,test.test-bogus.example,cold,3363591,2,False,1788804262.9644978,
unbound,bogus,test.test-bogus.example,cold,3178407,2,False,1788804262.967753,
unbound,bogus,test.test-bogus.example,cold,3404381,2,False,1788804262.9712267,
unbound,bogus,test.test-bogus.example,cold,3801437,2,False,1788804262.9750993,
unbound,bogus,test.test-bogus.example,cold,4712780,2,False,1788804262.9799066,
unbound,bogus,test.test-bogus.example,cold,3440684,2,False,1788804262.9834197,
unbound,bogus,test.test-bogus.example,cold,2968112,2,False,1788804262.986458,
unbound,bogus,test.test-bogus.example,cold,2861236,2,False,1788804262.9893897,
unbound,bogus,test.test-bogus.example,cold,2827860,2,False,1788804262.9922874,
unbound,bogus,test.test-bogus.example,cold,3747752,2,False,1788804262.996101,
unbound,bogus,test.test-bogus.example,cold,3932256,2,False,1788804263.0001075,
unbound,bogus,test.test-bogus.example,cold,3848602,2,False,1788804263.0040443,
unbound,bogus,test.test-bogus.example,cold,3197978,2,False,1788804263.0073085,
unbound,bogus,test.test-bogus.example,cold,4000606,2,False,1788804263.011397,
unbound,bogus,test.test-bogus.example,cold,3633321,2,False,1788804263.015108,
unbound,bogus,test.test-bogus.example,cold,2988075,2,False,1788804263.0181627,
unbound,bogus,test.test-bogus.example,cold,3064223,2,False,1788804263.0212874,
unbound,bogus,test.test-bogus.example,cold,3007489,2,False,1788804263.0243738,
unbound,bogus,test.test-bogus.example,cold,3296265,2,False,1788804263.027734,
unbound,bogus,test.test-bogus.example,cold,2983333,2,False,1788804263.0307958,
unbound,bogus,test.test-bogus.example,cold,2765740,2,False,1788804263.033628,
unbound,bogus,test.test-bogus.example,cold,2933506,2,False,1788804263.0366359,
unbound,bogus,test.test-bogus.example,cold,3178487,2,False,1788804263.0398896,
unbound,bogus,test.test-bogus.example,cold,3356788,2,False,1788804263.0433438,
unbound,bogus,test.test-bogus.example,cold,3291927,2,False,1788804263.0467052,
unbound,bogus,test.test-bogus.example,cold,2975856,2,False,1788804263.0497594,
unbound,bogus,test.test-bogus.example,cold,3517958,2,False,1788804263.0533533,
unbound,bogus,test.test-bogus.example,cold,4356176,2,False,1788804263.0577905,
unbound,bogus,test.test-bogus.example,cold,4174481,2,False,1788804263.0620575,
unbound,bogus,test.test-bogus.example,cold,3496974,2,False,1788804263.0656273,
unbound,bogus,test.test-bogus.example,cold,3170295,2,False,1788804263.0688767,
unbound,bogus,test.test-bogus.example,cold,4183367,2,False,1788804263.073125,
unbound,bogus,test.test-bogus.example,cold,3905745,2,False,1788804263.077105,
unbound,bogus,test.test-bogus.example,cold,3796717,2,False,1788804263.0809927,
unbound,bogus,test.test-bogus.example,cold,2946156,2,False,1788804263.084018,
unbound,bogus,test.test-bogus.example,cold,2828083,2,False,1788804263.0869236,
unbound,bogus,test.test-bogus.example,cold,5046206,2,False,1788804263.0920322,
unbound,bogus,test.test-bogus.example,cold,18572882,2,False,1788804263.1107185,
unbound,bogus,test.test-bogus.example,cold,5118337,2,False,1788804263.1160254,
unbound,bogus,test.test-bogus.example,cold,4816557,2,False,1788804263.1209636,
unbound,bogus,test.test-bogus.example,cold,5686764,2,False,1788804263.1267743,
unbound,bogus,test.test-bogus.example,cold,3844146,2,False,1788804263.1307197,
unbound,bogus,test.test-bogus.example,cold,3340293,2,False,1788804263.1341286,
unbound,bogus,test.test-bogus.example,cold,3892246,2,False,1788804263.1381164,
unbound,bogus,test.test-bogus.example,cold,3738519,2,False,1788804263.1419423,
unbound,bogus,test.test-bogus.example,cold,3645309,2,False,1788804263.145671,
unbound,bogus,test.test-bogus.example,cold,3172628,2,False,1788804263.148919,
unbound,bogus,test.test-bogus.example,cold,3590966,2,False,1788804263.1525927,
unbound,bogus,test.test-bogus.example,cold,3167633,2,False,1788804263.1558604,
unbound,bogus,test.test-bogus.example,cold,3461450,2,False,1788804263.1593993,
unbound,bogus,test.test-bogus.example,cold,3272340,2,False,1788804263.1627507,
unbound,bogus,test.test-bogus.example,cold,3023465,2,False,1788804263.1658394,
unbound,bogus,test.test-bogus.example,cold,5601046,2,False,1788804263.171503,
unbound,bogus,test.test-bogus.example,cold,3271167,2,False,1788804263.1748548,
unbound,bogus,test.test-bogus.example,cold,3291998,2,False,1788804263.1782298,
unbound,bogus,test.test-bogus.example,cold,3173044,2,False,1788804263.1815026,
unbound,bogus,test.test-bogus.example,cold,3073207,2,False,1788804263.1846588,
unbound,bogus,test.test-bogus.example,cold,3101221,2,False,1788804263.1878388,
unbound,bogus,test.test-bogus.example,cold,3178114,2,False,1788804263.1910777,
unbound,bogus,test.test-bogus.example,cold,3102868,2,False,1788804263.1942434,
unbound,bogus,test.test-bogus.example,cold,3787466,2,False,1788804263.1981027,
unbound,bogus,test.test-bogus.example,cold,2868232,2,False,1788804263.2010276,
unbound,bogus,test.test-bogus.example,cold,3092823,2,False,1788804263.204197,
unbound,bogus,test.test-bogus.example,cold,3076286,2,False,1788804263.2073345,
unbound,bogus,test.test-bogus.example,cold,2870458,2,False,1788804263.2102828,
unbound,bogus,test.test-bogus.example,cold,4193160,2,False,1788804263.2145362,
unbound,bogus,test.test-bogus.example,cold,4164430,2,False,1788804263.2187817,
unbound,bogus,test.test-bogus.example,cold,4567024,2,False,1788804263.2234292,
unbound,bogus,test.test-bogus.example,cold,3183865,2,False,1788804263.2267594,
unbound,bogus,test.test-bogus.example,cold,3286326,2,False,1788804263.230109,
unbound,bogus,test.test-bogus.example,cold,2971325,2,False,1788804263.2331467,
unbound,bogus,test.test-bogus.example,cold,5138003,2,False,1788804263.2383416,
unbound,bogus,test.test-bogus.example,cold,2986630,2,False,1788804263.241408,
unbound,bogus,test.test-bogus.example,cold,3233502,2,False,1788804263.2447073,
unbound,bogus,test.test-bogus.example,cold,3584593,2,False,1788804263.2483594,
unbound,bogus,test.test-bogus.example,cold,3876545,2,False,1788804263.252306,
unbound,bogus,test.test-bogus.example,cold,3297706,2,False,1788804263.255695,
unbound,bogus,test.test-bogus.example,cold,3091110,2,False,1788804263.2588577,
unbound,bogus,test.test-bogus.example,cold,3007437,2,False,1788804263.2619488,
unbound,bogus,test.test-bogus.example,cold,3023865,2,False,1788804263.2650542,
unbound,bogus,test.test-bogus.example,cold,3437464,2,False,1788804263.2685719,
unbound,bogus,test.test-bogus.example,cold,3805406,2,False,1788804263.2724786,
unbound,bogus,test.test-bogus.example,cold,3428007,2,False,1788804263.2759826,
unbound,bogus,test.test-bogus.example,cold,3563329,2,False,1788804263.279608,
unbound,bogus,test.test-bogus.example,cold,3291677,2,False,1788804263.282993,
unbound,bogus,test.test-bogus.example,cold,3054466,2,False,1788804263.2861247,
unbound,bogus,test.test-bogus.example,cold,2985003,2,False,1788804263.289172,
unbound,bogus,test.test-bogus.example,cold,3581369,2,False,1788804263.2928371,
unbound,bogus,test.test-bogus.example,cold,3550680,2,False,1788804263.2964776,
unbound,bogus,test.test-bogus.example,cold,3679964,2,False,1788804263.3003032,
unbound,bogus,test.test-bogus.example,cold,3920654,2,False,1788804263.304304,
unbound,bogus,test.test-bogus.example,cold,3850031,2,False,1788804263.3082244,
unbound,bogus,test.test-bogus.example,cold,2938378,2,False,1788804263.3112314,
unbound,bogus,test.test-bogus.example,cold,3340621,2,False,1788804263.3146517,
unbound,bogus,test.test-bogus.example,cold,3740564,2,False,1788804263.3184674,
unbound,bogus,test.test-bogus.example,cold,3146924,2,False,1788804263.3217003,
unbound,bogus,test.test-bogus.example,cold,3065012,2,False,1788804263.324837,
unbound,bogus,test.test-bogus.example,cold,3160613,2,False,1788804263.3280735,
unbound,bogus,test.test-bogus.example,cold,3988023,2,False,1788804263.3321197,
unbound,bogus,test.test-bogus.example,cold,3148913,2,False,1788804263.3353424,
unbound,bogus,test.test-bogus.example,cold,3095734,2,False,1788804263.3385108,
unbound,bogus,test.test-bogus.example,cold,3103161,2,False,1788804263.3416843,
unbound,bogus,test.test-bogus.example,cold,2976589,2,False,1788804263.344727,
unbound,bogus,test.test-bogus.example,cold,3048003,2,False,1788804263.347849,
unbound,bogus,test.test-bogus.example,cold,3230033,2,False,1788804263.3511448,
unbound,bogus,test.test-bogus.example,cold,3103651,2,False,1788804263.3543332,
unbound,bogus,test.test-bogus.example,cold,2991708,2,False,1788804263.3574224,
unbound,bogus,test.test-bogus.example,cold,3397142,2,False,1788804263.360897,
unbound,bogus,test.test-bogus.example,cold,3968279,2,False,1788804263.36495,
unbound,bogus,test.test-bogus.example,cold,5119613,2,False,1788804263.3702168,
unbound,bogus,test.test-bogus.example,cold,8210217,2,False,1788804263.3785207,
unbound,bogus,test.test-bogus.example,cold,4260053,2,False,1788804263.382886,
unbound,bogus,test.test-bogus.example,cold,3497820,2,False,1788804263.3864584,
unbound,bogus,test.test-bogus.example,cold,2954787,2,False,1788804263.389487,
unbound,bogus,test.test-bogus.example,cold,2925149,2,False,1788804263.392475,
unbound,bogus,test.test-bogus.example,cold,3147118,2,False,1788804263.3956978,
unbound,bogus,test.test-bogus.example,cold,3790034,2,False,1788804263.3995671,
unbound,bogus,test.test-bogus.example,cold,2894423,2,False,1788804263.4025385,
unbound,bogus,test.test-bogus.example,cold,3060450,2,False,1788804263.4056785,
unbound,bogus,test.test-bogus.example,cold,3266949,2,False,1788804263.4090238,
unbound,bogus,test.test-bogus.example,cold,3380579,2,False,1788804263.4125087,
unbound,bogus,test.test-bogus.example,cold,3354356,2,False,1788804263.415942,
unbound,bogus,test.test-bogus.example,cold,3175799,2,False,1788804263.4191787,
unbound,bogus,test.test-bogus.example,cold,2808227,2,False,1788804263.4220638,
unbound,bogus,test.test-bogus.example,cold,3070319,2,False,1788804263.4252129,
unbound,bogus,test.test-bogus.example,cold,3180419,2,False,1788804263.4284668,
unbound,bogus,test.test-bogus.example,cold,3311148,2,False,1788804263.4318483,
unbound,bogus,test.test-bogus.example,cold,2962577,2,False,1788804263.4348874,
unbound,bogus,test.test-bogus.example,cold,3134462,2,False,1788804263.438088,
unbound,bogus,test.test-bogus.example,cold,3162812,2,False,1788804263.4413266,
unbound,bogus,test.test-bogus.example,cold,2988663,2,False,1788804263.4443958,
unbound,bogus,test.test-bogus.example,cold,3258745,2,False,1788804263.4477212,
unbound,bogus,test.test-bogus.example,cold,3038962,2,False,1788804263.4508603,
unbound,bogus,test.test-bogus.example,cold,3263859,2,False,1788804263.4541826,
unbound,bogus,test.test-bogus.example,cold,3924215,2,False,1788804263.4581904,
unbound,bogus,test.test-bogus.example,cold,3641516,2,False,1788804263.4619184,
unbound,bogus,test.test-bogus.example,cold,4153033,2,False,1788804263.4661784,
unbound,bogus,test.test-bogus.example,cold,3425380,2,False,1788804263.4696922,
unbound,bogus,test.test-bogus.example,cold,2975201,2,False,1788804263.4727552,
unbound,bogus,test.test-bogus.example,cold,3252472,2,False,1788804263.476064,
unbound,bogus,test.test-bogus.example,cold,3945232,2,False,1788804263.4800866,
unbound,bogus,test.test-bogus.example,cold,2906835,2,False,1788804263.4830613,
unbound,bogus,test.test-bogus.example,cold,3040498,2,False,1788804263.486181,
unbound,bogus,test.test-bogus.example,cold,3131377,2,False,1788804263.4893854,
unbound,bogus,test.test-bogus.example,cold,3638174,2,False,1788804263.4931166,
unbound,bogus,test.test-bogus.example,cold,2962578,2,False,1788804263.4961572,
unbound,bogus,test.test-bogus.example,cold,2817026,2,False,1788804263.4990563,
unbound,bogus,test.test-bogus.example,cold,3110190,2,False,1788804263.5022264,
unbound,bogus,test.test-bogus.example,cold,3022805,2,False,1788804263.5053213,
unbound,bogus,test.test-bogus.example,cold,3116631,2,False,1788804263.5085075,
unbound,bogus,test.test-bogus.example,cold,3329424,2,False,1788804263.5119147,
unbound,bogus,test.test-bogus.example,cold,3295899,2,False,1788804263.5152693,
unbound,bogus,test.test-bogus.example,cold,3015785,2,False,1788804263.5183547,
unbound,bogus,test.test-bogus.example,cold,3126082,2,False,1788804263.5216002,
unbound,bogus,test.test-bogus.example,cold,3078090,2,False,1788804263.5247653,
unbound,bogus,test.test-bogus.example,cold,3218910,2,False,1788804263.5280547,
unbound,bogus,test.test-bogus.example,cold,2975992,2,False,1788804263.5311086,
unbound,bogus,test.test-bogus.example,cold,4553497,2,False,1788804263.5357237,
unbound,bogus,test.test-bogus.example,cold,5127486,2,False,1788804263.540925,
unbound,bogus,test.test-bogus.example,cold,3945629,2,False,1788804263.5449486,
unbound,bogus,test.test-bogus.example,cold,3050577,2,False,1788804263.5480757,
unbound,bogus,test.test-bogus.example,cold,3456709,2,False,1788804263.5516167,
unbound,bogus,test.test-bogus.example,cold,3086898,2,False,1788804263.5547686,
unbound,bogus,test.test-bogus.example,cold,4419800,2,False,1788804263.5592637,
unbound,bogus,test.test-bogus.example,cold,3129232,2,False,1788804263.5624735,
unbound,bogus,test.test-bogus.example,cold,2890283,2,False,1788804263.565459,
unbound,bogus,test.test-bogus.example,cold,3034648,2,False,1788804263.5685625,
unbound,bogus,test.test-bogus.example,cold,3415285,2,False,1788804263.5720494,
unbound,bogus,test.test-bogus.example,cold,3312283,2,False,1788804263.5755944,
unbound,bogus,test.test-bogus.example,cold,2995174,2,False,1788804263.5786483,
unbound,bogus,test.test-bogus.example,cold,2846402,2,False,1788804263.5815575,
unbound,bogus,test.test-bogus.example,cold,3263989,2,False,1788804263.5849109,
unbound,bogus,test.test-bogus.example,cold,4347057,2,False,1788804263.5893247,
unbound,bogus,test.test-bogus.example,cold,4739776,2,False,1788804263.594141,
unbound,bogus,test.test-bogus.example,cold,3271845,2,False,1788804263.5974956,
unbound,bogus,test.test-bogus.example,cold,3075096,2,False,1788804263.60065,
unbound,bogus,test.test-bogus.example,cold,3816956,2,False,1788804263.604529,
unbound,bogus,test.test-bogus.example,cold,3119466,2,False,1788804263.6077068,
unbound,bogus,test.test-bogus.example,cold,3300295,2,False,1788804263.6110783,
unbound,bogus,test.test-bogus.example,cold,4038615,2,False,1788804263.615207,
unbound,bogus,test.test-bogus.example,cold,8620622,2,False,1788804263.623927,
unbound,bogus,test.test-bogus.example,cold,6441317,2,False,1788804263.6305048,
unbound,bogus,test.test-bogus.example,cold,10503393,2,False,1788804263.6411216,
unbound,bogus,test.test-bogus.example,cold,4554471,2,False,1788804263.645774,
unbound,bogus,test.test-bogus.example,cold,5547081,2,False,1788804263.6514053,
unbound,bogus,test.test-bogus.example,cold,5862262,2,False,1788804263.657414,
unbound,bogus,test.test-bogus.example,cold,3933579,2,False,1788804263.6614454,
unbound,bogus,test.test-bogus.example,cold,4595372,2,False,1788804263.6661475,
unbound,bogus,test.test-bogus.example,cold,4543395,2,False,1788804263.670799,
unbound,bogus,test.test-bogus.example,cold,4154530,2,False,1788804263.6750612,
unbound,bogus,test.test-bogus.example,cold,3115099,2,False,1788804263.6782658,
unbound,bogus,test.test-bogus.example,cold,4721115,2,False,1788804263.6830695,
unbound,bogus,test.test-bogus.example,cold,4305718,2,False,1788804263.6874583,
unbound,bogus,test.test-bogus.example,cold,5658093,2,False,1788804263.6932206,
unbound,bogus,test.test-bogus.example,cold,4473372,2,False,1788804263.697808,
unbound,bogus,test.test-bogus.example,cold,5086578,2,False,1788804263.7030272,
unbound,bogus,test.test-bogus.example,cold,4633190,2,False,1788804263.707759,
unbound,bogus,test.test-bogus.example,cold,3167540,2,False,1788804263.7110057,
unbound,bogus,test.test-bogus.example,cold,2901439,2,False,1788804263.7139723,
unbound,bogus,test.test-bogus.example,cold,3156674,2,False,1788804263.717188,
unbound,bogus,test.test-bogus.example,cold,3696908,2,False,1788804263.7209573,
unbound,bogus,test.test-bogus.example,cold,3191502,2,False,1788804263.724209,
unbound,bogus,test.test-bogus.example,cold,3293818,2,False,1788804263.7275853,
unbound,bogus,test.test-bogus.example,cold,2928154,2,False,1788804263.7305927,
unbound,bogus,test.test-bogus.example,cold,3582025,2,False,1788804263.7342498,
unbound,bogus,test.test-bogus.example,cold,3379640,2,False,1788804263.7377102,
unbound,bogus,test.test-bogus.example,cold,2888495,2,False,1788804263.7406566,
unbound,bogus,test.test-bogus.example,cold,3136371,2,False,1788804263.7438667,
unbound,bogus,test.test-bogus.example,cold,3132374,2,False,1788804263.7470703,
unbound,bogus,test.test-bogus.example,cold,2941330,2,False,1788804263.750088,
unbound,bogus,test.test-bogus.example,cold,3269568,2,False,1788804263.7534263,
unbound,bogus,test.test-bogus.example,cold,3383240,2,False,1788804263.756888,
unbound,bogus,test.test-bogus.example,cold,3195817,2,False,1788804263.7601507,
unbound,bogus,test.test-bogus.example,cold,3287239,2,False,1788804263.7634983,
unbound,bogus,test.test-bogus.example,cold,3011790,2,False,1788804263.7665777,
unbound,bogus,test.test-bogus.example,cold,3348309,2,False,1788804263.7700222,
unbound,bogus,test.test-bogus.example,cold,3160242,2,False,1788804263.773243,
unbound,bogus,test.test-bogus.example,cold,3383696,2,False,1788804263.7767107,
unbound,bogus,test.test-bogus.example,cold,4954002,2,False,1788804263.7817495,
unbound,bogus,test.test-bogus.example,cold,3737203,2,False,1788804263.7855818,
unbound,bogus,test.test-bogus.example,cold,3291575,2,False,1788804263.788935,
unbound,bogus,test.test-bogus.example,cold,2918550,2,False,1788804263.7919211,
unbound,bogus,test.test-bogus.example,cold,3183046,2,False,1788804263.7951744,
unbound,bogus,test.test-bogus.example,cold,3351580,2,False,1788804263.7985954,
unbound,bogus,test.test-bogus.example,cold,3417346,2,False,1788804263.8021033,
unbound,bogus,test.test-bogus.example,cold,3213647,2,False,1788804263.8054516,
unbound,bogus,test.test-bogus.example,cold,3246443,2,False,1788804263.8087716,
unbound,bogus,test.test-bogus.example,cold,3005692,2,False,1788804263.8118365,
unbound,bogus,test.test-bogus.example,cold,4287494,2,False,1788804263.8162124,
unbound,bogus,test.test-bogus.example,cold,3590274,2,False,1788804263.819898,
unbound,bogus,test.test-bogus.example,cold,3349767,2,False,1788804263.823305,
unbound,bogus,test.test-bogus.example,cold,3119186,2,False,1788804263.8265045,
unbound,bogus,test.test-bogus.example,cold,3000076,2,False,1788804263.829569,
unbound,bogus,test.test-bogus.example,cold,3207869,2,False,1788804263.8328576,
unbound,bogus,test.test-bogus.example,cold,3367411,2,False,1788804263.8362932,
unbound,bogus,test.test-bogus.example,cold,2926474,2,False,1788804263.8392773,
unbound,bogus,test.test-bogus.example,cold,3187658,2,False,1788804263.8425424,
unbound,bogus,test.test-bogus.example,cold,2874475,2,False,1788804263.8454788,
unbound,bogus,test.test-bogus.example,cold,3715430,2,False,1788804263.8492482,
unbound,bogus,test.test-bogus.example,cold,3227983,2,False,1788804263.852543,
unbound,bogus,test.test-bogus.example,cold,3309365,2,False,1788804263.8559365,
unbound,bogus,test.test-bogus.example,cold,3570740,2,False,1788804263.8595972,
unbound,bogus,test.test-bogus.example,cold,5440201,2,False,1788804263.8651316,
unbound,bogus,test.test-bogus.example,cold,6360353,2,False,1788804263.8715801,
unbound,bogus,test.test-bogus.example,cold,4154018,2,False,1788804263.8758297,
unbound,bogus,test.test-bogus.example,cold,4141043,2,False,1788804263.8800507,
unbound,bogus,test.test-bogus.example,cold,6590012,2,False,1788804263.8867066,
unbound,bogus,test.test-bogus.example,cold,5530458,2,False,1788804263.892337,
unbound,bogus,test.test-bogus.example,cold,6506251,2,False,1788804263.898943,
unbound,bogus,test.test-bogus.example,cold,4597763,2,False,1788804263.9036145,
unbound,bogus,test.test-bogus.example,cold,2914402,2,False,1788804263.9065964,
unbound,bogus,test.test-bogus.example,cold,3432804,2,False,1788804263.910089,
unbound,bogus,test.test-bogus.example,cold,3187780,2,False,1788804263.913347,
unbound,bogus,test.test-bogus.example,cold,4108132,2,False,1788804263.9175205,
unbound,bogus,test.test-bogus.example,cold,3150533,2,False,1788804263.9207466,
unbound,bogus,test.test-bogus.example,cold,3110846,2,False,1788804263.9239664,
unbound,bogus,test.test-bogus.example,cold,3810389,2,False,1788804263.9278646,
unbound,bogus,test.test-bogus.example,cold,4337106,2,False,1788804263.9322917,
unbound,bogus,test.test-bogus.example,cold,5519985,2,False,1788804263.9378839,
unbound,bogus,test.test-bogus.example,cold,7017210,2,False,1788804263.9449897,
unbound,bogus,test.test-bogus.example,cold,6688756,2,False,1788804263.9520655,
unbound,bogus,test.test-bogus.example,cold,4255553,2,False,1788804263.9564152,
unbound,bogus,test.test-bogus.example,cold,7436847,2,False,1788804263.9639573,
unbound,bogus,test.test-bogus.example,cold,5328437,2,False,1788804263.9693954,
unbound,bogus,test.test-bogus.example,cold,9355360,2,False,1788804263.9788435,
unbound,bogus,test.test-bogus.example,cold,8323526,2,False,1788804263.9872677,
unbound,bogus,test.test-bogus.example,cold,7496070,2,False,1788804263.9948697,
unbound,bogus,test.test-bogus.example,cold,5135021,2,False,1788804264.0001113,
unbound,bogus,test.test-bogus.example,cold,4888547,2,False,1788804264.0050845,
unbound,bogus,test.test-bogus.example,cold,9918576,2,False,1788804264.0152342,
unbound,bogus,test.test-bogus.example,cold,5401897,2,False,1788804264.0207534,
unbound,bogus,test.test-bogus.example,cold,3593924,2,False,1788804264.024428,
unbound,bogus,test.test-bogus.example,cold,4092290,2,False,1788804264.0286314,
unbound,bogus,test.test-bogus.example,cold,3428302,2,False,1788804264.0322862,
unbound,bogus,test.test-bogus.example,cold,3213238,2,False,1788804264.0355673,
unbound,bogus,test.test-bogus.example,cold,3293725,2,False,1788804264.0389414,
unbound,bogus,test.test-bogus.example,cold,3626659,2,False,1788804264.0426598,
unbound,bogus,test.test-bogus.example,cold,3163955,2,False,1788804264.0459125,
unbound,bogus,test.test-bogus.example,cold,3257239,2,False,1788804264.0492423,
unbound,bogus,test.test-bogus.example,cold,3390606,2,False,1788804264.0527086,
unbound,bogus,test.test-bogus.example,cold,3520913,2,False,1788804264.0563323,
unbound,bogus,test.test-bogus.example,cold,3176779,2,False,1788804264.0595675,
unbound,bogus,test.test-bogus.example,cold,3042181,2,False,1788804264.062677,
unbound,bogus,test.test-bogus.example,cold,3130506,2,False,1788804264.0658903,
unbound,bogus,test.test-bogus.example,cold,3262360,2,False,1788804264.0692625,
unbound,bogus,test.test-bogus.example,cold,3330057,2,False,1788804264.0726767,
unbound,bogus,test.test-bogus.example,cold,3466236,2,False,1788804264.0762198,
unbound,bogus,test.test-bogus.example,cold,3286696,2,False,1788804264.0795887,
unbound,bogus,test.test-bogus.example,cold,3160724,2,False,1788804264.0828273,
unbound,bogus,test.test-bogus.example,cold,3215025,2,False,1788804264.086119,
unbound,bogus,test.test-bogus.example,cold,3481611,2,False,1788804264.0896697,
unbound,bogus,test.test-bogus.example,cold,3231367,2,False,1788804264.0929792,
unbound,bogus,test.test-bogus.example,cold,3094750,2,False,1788804264.096147,
unbound,bogus,test.test-bogus.example,cold,3203033,2,False,1788804264.0994222,
unbound,bogus,test.test-bogus.example,cold,3499288,2,False,1788804264.1029987,
unbound,bogus,test.test-bogus.example,cold,4850627,2,False,1788804264.1079369,
unbound,bogus,test.test-bogus.example,cold,4506419,2,False,1788804264.1125333,
unbound,bogus,test.test-bogus.example,cold,3389083,2,False,1788804264.1159952,
unbound,bogus,test.test-bogus.example,cold,4179506,2,False,1788804264.1202545,
unbound,bogus,test.test-bogus.example,cold,3221608,2,False,1788804264.1235678,
unbound,bogus,test.test-bogus.example,cold,2983414,2,False,1788804264.1266162,
unbound,bogus,test.test-bogus.example,cold,2923262,2,False,1788804264.129607,
unbound,bogus,test.test-bogus.example,cold,2852197,2,False,1788804264.1325245,
unbound,bogus,test.test-bogus.example,cold,5112104,2,False,1788804264.137708,
unbound,bogus,test.test-bogus.example,cold,3442767,2,False,1788804264.1412144,
unbound,bogus,test.test-bogus.example,cold,2934749,2,False,1788804264.1442392,
unbound,bogus,test.test-bogus.example,cold,3293338,2,False,1788804264.1476078,
unbound,bogus,test.test-bogus.example,cold,3657373,2,False,1788804264.151338,
unbound,bogus,test.test-bogus.example,cold,3042637,2,False,1788804264.154475,
unbound,bogus,test.test-bogus.example,cold,3363611,2,False,1788804264.1579368,
unbound,bogus,test.test-bogus.example,cold,3545341,2,False,1788804264.1615477,
unbound,bogus,test.test-bogus.example,cold,2985050,2,False,1788804264.1645937,
unbound,bogus,test.test-bogus.example,cold,3078786,2,False,1788804264.1677518,
unbound,bogus,test.test-bogus.example,cold,3472868,2,False,1788804264.1712973,
unbound,bogus,test.test-bogus.example,cold,2806240,2,False,1788804264.1741629,
unbound,bogus,test.test-bogus.example,cold,3108810,2,False,1788804264.1773372,
unbound,bogus,test.test-bogus.example,cold,3122554,2,False,1788804264.1805327,
unbound,bogus,test.test-bogus.example,cold,5014512,2,False,1788804264.1856418,
unbound,bogus,test.test-bogus.example,cold,3571111,2,False,1788804264.189447,
unbound,bogus,test.test-bogus.example,cold,3199158,2,False,1788804264.1927176,
unbound,bogus,test.test-bogus.example,cold,8805171,2,False,1788804264.201674,
unbound,bogus,test.test-bogus.example,cold,4576267,2,False,1788804264.206418,
unbound,bogus,test.test-bogus.example,cold,3995327,2,False,1788804264.2105231,
unbound,bogus,test.test-bogus.example,cold,6377653,2,False,1788804264.2169852,
unbound,bogus,test.test-bogus.example,cold,4019299,2,False,1788804264.221112,
unbound,bogus,test.test-bogus.example,cold,4059553,2,False,1788804264.2252586,
unbound,bogus,test.test-bogus.example,cold,4056637,2,False,1788804264.2293968,
unbound,bogus,test.test-bogus.example,cold,5201523,2,False,1788804264.2346654,
unbound,bogus,test.test-bogus.example,cold,3466929,2,False,1788804264.2382057,
unbound,bogus,test.test-bogus.example,cold,3735204,2,False,1788804264.242231,
unbound,bogus,test.test-bogus.example,cold,3631072,2,False,1788804264.246075,
unbound,bogus,test.test-bogus.example,cold,3553459,2,False,1788804264.249707,
unbound,bogus,test.test-bogus.example,cold,3698391,2,False,1788804264.2534714,
unbound,bogus,test.test-bogus.example,cold,3205890,2,False,1788804264.2567506,
unbound,bogus,test.test-bogus.example,cold,3002555,2,False,1788804264.2598333,
unbound,bogus,test.test-bogus.example,cold,3807068,2,False,1788804264.2637398,
unbound,bogus,test.test-bogus.example,cold,4206624,2,False,1788804264.2680118,
unbound,bogus,test.test-bogus.example,cold,3156730,2,False,1788804264.2712379,
unbound,bogus,test.test-bogus.example,cold,2909662,2,False,1788804264.2742093,
unbound,bogus,test.test-bogus.example,cold,3383287,2,False,1788804264.2776725,
unbound,bogus,test.test-bogus.example,cold,4406011,2,False,1788804264.2821643,
unbound,bogus,test.test-bogus.example,cold,3080181,2,False,1788804264.285326,
unbound,bogus,test.test-bogus.example,cold,3159649,2,False,1788804264.288567,
unbound,bogus,test.test-bogus.example,cold,3102847,2,False,1788804264.291739,
unbound,bogus,test.test-bogus.example,cold,3809634,2,False,1788804264.2956243,
unbound,bogus,test.test-bogus.example,cold,3208605,2,False,1788804264.2989237,
unbound,bogus,test.test-bogus.example,cold,3004195,2,False,1788804264.3019865,
unbound,bogus,test.test-bogus.example,cold,3050607,2,False,1788804264.3051517,
unbound,bogus,test.test-bogus.example,cold,3428961,2,False,1788804264.3086555,
unbound,bogus,test.test-bogus.example,cold,3227489,2,False,1788804264.3119574,
unbound,bogus,test.test-bogus.example,cold,2901658,2,False,1788804264.314918,
unbound,bogus,test.test-bogus.example,cold,3675523,2,False,1788804264.318649,
unbound,bogus,test.test-bogus.example,cold,3190290,2,False,1788804264.321908,
unbound,bogus,test.test-bogus.example,cold,3283097,2,False,1788804264.325266,
unbound,bogus,test.test-bogus.example,cold,2935458,2,False,1788804264.3282752,
unbound,bogus,test.test-bogus.example,cold,3250221,2,False,1788804264.331587,
unbound,bogus,test.test-bogus.example,cold,2910793,2,False,1788804264.3345768,
unbound,bogus,test.test-bogus.example,cold,3264425,2,False,1788804264.3378954,
unbound,bogus,test.test-bogus.example,cold,3595928,2,False,1788804264.3415568,
unbound,bogus,test.test-bogus.example,cold,3965353,2,False,1788804264.3456187,
unbound,bogus,test.test-bogus.example,cold,3573705,2,False,1788804264.3492842,
unbound,bogus,test.test-bogus.example,cold,3116053,2,False,1788804264.352513,
unbound,bogus,test.test-bogus.example,cold,3397085,2,False,1788804264.3559787,
unbound,bogus,test.test-bogus.example,cold,3507062,2,False,1788804264.359563,
unbound,bogus,test.test-bogus.example,cold,3218152,2,False,1788804264.3628864,
unbound,bogus,test.test-bogus.example,cold,3208419,2,False,1788804264.3661609,
unbound,bogus,test.test-bogus.example,cold,3113067,2,False,1788804264.369355,
unbound,bogus,test.test-bogus.example,cold,3587532,2,False,1788804264.3730307,
unbound,bogus,test.test-bogus.example,cold,4173143,2,False,1788804264.3772848,
unbound,bogus,test.test-bogus.example,cold,2948477,2,False,1788804264.3803172,
unbound,bogus,test.test-bogus.example,cold,3518921,2,False,1788804264.3839307,
unbound,bogus,test.test-bogus.example,cold,3094700,2,False,1788804264.3871412,
unbound,bogus,test.test-bogus.example,cold,3088853,2,False,1788804264.3902936,
unbound,bogus,test.test-bogus.example,cold,3190554,2,False,1788804264.3935525,
unbound,bogus,test.test-bogus.example,cold,2868618,2,False,1788804264.396502,
unbound,bogus,test.test-bogus.example,cold,4058190,2,False,1788804264.4006257,
unbound,bogus,test.test-bogus.example,cold,4395751,2,False,1788804264.4050903,
unbound,bogus,test.test-bogus.example,cold,4398821,2,False,1788804264.4095948,
unbound,bogus,test.test-bogus.example,cold,3186269,2,False,1788804264.412856,
unbound,bogus,test.test-bogus.example,cold,3433728,2,False,1788804264.4163697,
unbound,bogus,test.test-bogus.example,cold,3545625,2,False,1788804264.4199915,
unbound,bogus,test.test-bogus.example,cold,4697729,2,False,1788804264.4247596,
unbound,bogus,test.test-bogus.example,cold,4047929,2,False,1788804264.4288802,
unbound,bogus,test.test-bogus.example,cold,4104831,2,False,1788804264.4330547,
unbound,bogus,test.test-bogus.example,cold,3555435,2,False,1788804264.436688,
unbound,bogus,test.test-bogus.example,cold,4655830,2,False,1788804264.4414184,
unbound,bogus,test.test-bogus.example,cold,3795917,2,False,1788804264.4452798,
unbound,bogus,test.test-bogus.example,cold,4095317,2,False,1788804264.4494622,
unbound,bogus,test.test-bogus.example,cold,3283107,2,False,1788804264.4528217,
unbound,bogus,test.test-bogus.example,cold,4278202,2,False,1788804264.4571872,
unbound,bogus,test.test-bogus.example,cold,3267375,2,False,1788804264.4605343,
unbound,bogus,test.test-bogus.example,cold,3001805,2,False,1788804264.463607,
unbound,bogus,test.test-bogus.example,cold,3032413,2,False,1788804264.4667196,
unbound,bogus,test.test-bogus.example,cold,3258462,2,False,1788804264.4700668,
unbound,bogus,test.test-bogus.example,cold,2876091,2,False,1788804264.4730115,
unbound,bogus,test.test-bogus.example,cold,4567576,2,False,1788804264.4776855,
unbound,bogus,test.test-bogus.example,cold,3242189,2,False,1788804264.48103,
unbound,bogus,test.test-bogus.example,cold,3736603,2,False,1788804264.4848282,
unbound,bogus,test.test-bogus.example,cold,2943592,2,False,1788804264.4878314,
unbound,bogus,test.test-bogus.example,cold,3259095,2,False,1788804264.4911711,
unbound,bogus,test.test-bogus.example,cold,3494603,2,False,1788804264.4947367,
unbound,bogus,test.test-bogus.example,cold,2985285,2,False,1788804264.4978287,
unbound,bogus,test.test-bogus.example,cold,4308079,2,False,1788804264.502219,
unbound,bogus,test.test-bogus.example,cold,4686098,2,False,1788804264.5069993,
unbound,bogus,test.test-bogus.example,cold,4093465,2,False,1788804264.511168,
unbound,bogus,test.test-bogus.example,cold,3314815,2,False,1788804264.5145485,
unbound,bogus,test.test-bogus.example,cold,5000527,2,False,1788804264.5196097,
unbound,bogus,test.test-bogus.example,cold,3741301,2,False,1788804264.5234337,
unbound,bogus,test.test-bogus.example,cold,3199892,2,False,1788804264.5267007,
unbound,bogus,test.test-bogus.example,cold,3167383,2,False,1788804264.5299466,
unbound,bogus,test.test-bogus.example,cold,3064774,2,False,1788804264.5330892,
unbound,bogus,test.test-bogus.example,cold,4041567,2,False,1788804264.5371954,
unbound,bogus,test.test-bogus.example,cold,3267521,2,False,1788804264.540564,
unbound,bogus,test.test-bogus.example,cold,3211332,2,False,1788804264.5438435,
unbound,bogus,test.test-bogus.example,cold,3244919,2,False,1788804264.5472655,
unbound,bogus,test.test-bogus.example,cold,2895714,2,False,1788804264.5502338,
unbound,bogus,test.test-bogus.example,cold,2889973,2,False,1788804264.5531924,
unbound,bogus,test.test-bogus.example,cold,3759174,2,False,1788804264.5570095,
unbound,bogus,test.test-bogus.example,cold,3268035,2,False,1788804264.560346,
unbound,bogus,test.test-bogus.example,cold,3016274,2,False,1788804264.5634267,
unbound,bogus,test.test-bogus.example,cold,3266595,2,False,1788804264.5667667,
unbound,bogus,test.test-bogus.example,cold,3388211,2,False,1788804264.5702262,
unbound,bogus,test.test-bogus.example,cold,4558259,2,False,1788804264.5748823,
unbound,bogus,test.test-bogus.example,cold,3817826,2,False,1788804264.5787792,
unbound,bogus,test.test-bogus.example,cold,3220317,2,False,1788804264.582057,
unbound,bogus,test.test-bogus.example,cold,3893898,2,False,1788804264.586039,
unbound,bogus,test.test-bogus.example,cold,3840898,2,False,1788804264.5899656,
unbound,bogus,test.test-bogus.example,cold,3093097,2,False,1788804264.5931263,
unbound,bogus,test.test-bogus.example,cold,3812131,2,False,1788804264.5970027,
unbound,bogus,test.test-bogus.example,cold,3777661,2,False,1788804264.6008725,
unbound,bogus,test.test-bogus.example,cold,3050033,2,False,1788804264.6040213,
unbound,bogus,test.test-bogus.example,cold,3171295,2,False,1788804264.6072562,
unbound,bogus,test.test-bogus.example,cold,3007630,2,False,1788804264.6103406,
unbound,bogus,test.test-bogus.example,cold,3001147,2,False,1788804264.6134622,
unbound,bogus,test.test-bogus.example,cold,4518005,2,False,1788804264.6181285,
unbound,bogus,test.test-bogus.example,cold,3610617,2,False,1788804264.6218433,
unbound,bogus,test.test-bogus.example,cold,2940515,2,False,1788804264.6248593,
unbound,bogus,test.test-bogus.example,cold,3703299,2,False,1788804264.6286366,
unbound,bogus,test.test-bogus.example,cold,5020674,2,False,1788804264.6337411,
unbound,bogus,test.test-bogus.example,cold,4254992,2,False,1788804264.638141,
unbound,bogus,test.test-bogus.example,cold,4197298,2,False,1788804264.6424246,
unbound,bogus,test.test-bogus.example,cold,4168737,2,False,1788804264.646683,
unbound,bogus,test.test-bogus.example,cold,3706062,2,False,1788804264.650448,
unbound,bogus,test.test-bogus.example,cold,3160584,2,False,1788804264.6537018,
unbound,bogus,test.test-bogus.example,cold,4040283,2,False,1788804264.657835,
unbound,bogus,test.test-bogus.example,cold,4171706,2,False,1788804264.6620817,
unbound,bogus,test.test-bogus.example,cold,3671738,2,False,1788804264.665835,
unbound,bogus,test.test-bogus.example,cold,3228527,2,False,1788804264.6691291,
unbound,bogus,test.test-bogus.example,cold,3020762,2,False,1788804264.6722326,
unbound,bogus,test.test-bogus.example,cold,2889222,2,False,1788804264.6751971,
unbound,bogus,test.test-bogus.example,cold,3571429,2,False,1788804264.6788385,
unbound,bogus,test.test-bogus.example,cold,4728351,2,False,1788804264.6836634,
unbound,bogus,test.test-bogus.example,cold,4222745,2,False,1788804264.6879835,
unbound,bogus,test.test-bogus.example,cold,3557585,2,False,1788804264.6916857,
unbound,bogus,test.test-bogus.example,cold,4601771,2,False,1788804264.6963818,
unbound,bogus,test.test-bogus.example,cold,3686287,2,False,1788804264.7001467,
unbound,bogus,test.test-bogus.example,cold,2954952,2,False,1788804264.7031786,
unbound,bogus,test.test-bogus.example,cold,3165165,2,False,1788804264.706605,
unbound,bogus,test.test-bogus.example,cold,7344802,2,False,1788804264.7140436,
unbound,bogus,test.test-bogus.example,cold,3920625,2,False,1788804264.7180586,
unbound,bogus,test.test-bogus.example,cold,3251482,2,False,1788804264.7213929,
unbound,bogus,test.test-bogus.example,cold,4003363,2,False,1788804264.7254694,
unbound,bogus,test.test-bogus.example,cold,3817490,2,False,1788804264.7293715,
unbound,bogus,test.test-bogus.example,cold,3448240,2,False,1788804264.7329054,
unbound,bogus,test.test-bogus.example,cold,3041879,2,False,1788804264.7360208,
unbound,bogus,test.test-bogus.example,cold,3071546,2,False,1788804264.7391546,
unbound,bogus,test.test-bogus.example,cold,3696615,2,False,1788804264.742937,
unbound,bogus,test.test-bogus.example,cold,3577903,2,False,1788804264.7466073,
unbound,bogus,test.test-bogus.example,cold,3095092,2,False,1788804264.7497733,
unbound,bogus,test.test-bogus.example,cold,3397363,2,False,1788804264.7532504,
unbound,bogus,test.test-bogus.example,cold,3439017,2,False,1788804264.7567716,
unbound,bogus,test.test-bogus.example,cold,3448719,2,False,1788804264.7604923,
unbound,bogus,test.test-bogus.example,cold,2899023,2,False,1788804264.7634475,
unbound,bogus,test.test-bogus.example,cold,3170965,2,False,1788804264.7666924,
unbound,bogus,test.test-bogus.example,cold,2922886,2,False,1788804264.769694,
unbound,bogus,test.test-bogus.example,cold,3748318,2,False,1788804264.7735126,
unbound,bogus,test.test-bogus.example,cold,4825907,2,False,1788804264.77843,
unbound,bogus,test.test-bogus.example,cold,3313191,2,False,1788804264.7818375,
unbound,bogus,test.test-bogus.example,cold,3073780,2,False,1788804264.7849736,
unbound,bogus,test.test-bogus.example,cold,3151154,2,False,1788804264.7881877,
unbound,bogus,test.test-bogus.example,cold,3189720,2,False,1788804264.7914536,
unbound,bogus,test.test-bogus.example,cold,3001696,2,False,1788804264.7945287,
unbound,bogus,test.test-bogus.example,cold,2931077,2,False,1788804264.7975335,
unbound,bogus,test.test-bogus.example,cold,3284023,2,False,1788804264.8008869,
unbound,bogus,test.test-bogus.example,cold,4904044,2,False,1788804264.8058825,
unbound,bogus,test.test-bogus.example,cold,3804875,2,False,1788804264.809782,
unbound,bogus,test.test-bogus.example,cold,4530438,2,False,1788804264.8144054,
unbound,bogus,test.test-bogus.example,cold,4251876,2,False,1788804264.8187437,
unbound,bogus,test.test-bogus.example,cold,5027649,2,False,1788804264.823869,
unbound,bogus,test.test-bogus.example,cold,5848265,2,False,1788804264.829817,
unbound,bogus,test.test-bogus.example,cold,5246198,2,False,1788804264.8351583,
unbound,bogus,test.test-bogus.example,cold,4259672,2,False,1788804264.8395095,
unbound,bogus,test.test-bogus.example,cold,3567847,2,False,1788804264.843158,
unbound,bogus,test.test-bogus.example,cold,2906188,2,False,1788804264.8461394,
unbound,bogus,test.test-bogus.example,cold,3162876,2,False,1788804264.8493748,
unbound,bogus,test.test-bogus.example,cold,3046559,2,False,1788804264.8525054,
unbound,bogus,test.test-bogus.example,cold,4256013,2,False,1788804264.8568232,
unbound,bogus,test.test-bogus.example,cold,3143962,2,False,1788804264.8600466,
unbound,bogus,test.test-bogus.example,cold,3031467,2,False,1788804264.8631344,
unbound,bogus,test.test-bogus.example,cold,3078426,2,False,1788804264.866284,
unbound,bogus,test.test-bogus.example,cold,3008451,2,False,1788804264.8693693,
unbound,bogus,test.test-bogus.example,cold,2986747,2,False,1788804264.8724365,
unbound,bogus,test.test-bogus.example,cold,3173339,2,False,1788804264.8756757,
unbound,bogus,test.test-bogus.example,cold,2894566,2,False,1788804264.8786402,
unbound,bogus,test.test-bogus.example,cold,3004221,2,False,1788804264.8817055,
unbound,bogus,test.test-bogus.example,cold,3019349,2,False,1788804264.8847957,
unbound,bogus,test.test-bogus.example,cold,3020994,2,False,1788804264.887887,
unbound,bogus,test.test-bogus.example,cold,3141337,2,False,1788804264.8910966,
unbound,bogus,test.test-bogus.example,cold,2957934,2,False,1788804264.8941276,
unbound,bogus,test.test-bogus.example,cold,3145100,2,False,1788804264.8973427,
unbound,bogus,test.test-bogus.example,cold,3220287,2,False,1788804264.9006333,
unbound,bogus,test.test-bogus.example,cold,4190951,2,False,1788804264.9049156,
unbound,bogus,test.test-bogus.example,cold,3462523,2,False,1788804264.908463,
unbound,bogus,test.test-bogus.example,cold,2997312,2,False,1788804264.9118147,
unbound,bogus,test.test-bogus.example,cold,4560668,2,False,1788804264.9164338,
unbound,bogus,test.test-bogus.example,cold,6713076,2,False,1788804264.923261,
unbound,bogus,test.test-bogus.example,cold,4007054,2,False,1788804264.9273546,
unbound,bogus,test.test-bogus.example,cold,3901513,2,False,1788804264.931319,
unbound,bogus,test.test-bogus.example,cold,3128618,2,False,1788804264.9346166,
unbound,bogus,test.test-bogus.example,cold,3190036,2,False,1788804264.9378912,
unbound,bogus,test.test-bogus.example,cold,2980821,2,False,1788804264.9409487,
unbound,bogus,test.test-bogus.example,cold,3918110,2,False,1788804264.9449441,
unbound,bogus,test.test-bogus.example,cold,3846518,2,False,1788804264.9488726,
unbound,bogus,test.test-bogus.example,cold,3267104,2,False,1788804264.952221,
unbound,bogus,test.test-bogus.example,cold,3018742,2,False,1788804264.9553068,
unbound,bogus,test.test-bogus.example,cold,3058497,2,False,1788804264.9584382,
unbound,bogus,test.test-bogus.example,cold,2990457,2,False,1788804264.961499,
unbound,bogus,test.test-bogus.example,cold,3152769,2,False,1788804264.9647264,
unbound,bogus,test.test-bogus.example,cold,2917959,2,False,1788804264.9677186,
unbound,bogus,test.test-bogus.example,cold,2873283,2,False,1788804264.970664,
unbound,bogus,test.test-bogus.example,cold,3069881,2,False,1788804264.9738119,
unbound,bogus,test.test-bogus.example,cold,2938792,2,False,1788804264.976814,
unbound,bogus,test.test-bogus.example,cold,3367550,2,False,1788804264.9802604,
unbound,bogus,test.test-bogus.example,cold,4379014,2,False,1788804264.9847243,
unbound,bogus,test.test-bogus.example,cold,3879908,2,False,1788804264.9886777,
unbound,bogus,test.test-bogus.example,cold,3233989,2,False,1788804264.99198,
unbound,bogus,test.test-bogus.example,cold,2963019,2,False,1788804264.9950178,
unbound,bogus,test.test-bogus.example,cold,4175907,2,False,1788804264.9992814,
unbound,bogus,test.test-bogus.example,cold,7847130,2,False,1788804265.007213,
unbound,bogus,test.test-bogus.example,cold,6648184,2,False,1788804265.014007,
unbound,bogus,test.test-bogus.example,cold,5368473,2,False,1788804265.0194566,
unbound,bogus,test.test-bogus.example,cold,7030790,2,False,1788804265.0265737,
unbound,bogus,test.test-bogus.example,cold,3894629,2,False,1788804265.0305483,
unbound,bogus,test.test-bogus.example,cold,3705915,2,False,1788804265.0343397,
unbound,bogus,test.test-bogus.example,cold,3419614,2,False,1788804265.037861,
unbound,bogus,test.test-bogus.example,cold,3221086,2,False,1788804265.0411544,
unbound,bogus,test.test-bogus.example,cold,3042690,2,False,1788804265.0442734,
unbound,bogus,test.test-bogus.example,cold,2868685,2,False,1788804265.0472176,
unbound,bogus,test.test-bogus.example,cold,3084139,2,False,1788804265.050385,
unbound,bogus,test.test-bogus.example,cold,2931937,2,False,1788804265.0533915,
unbound,bogus,test.test-bogus.example,cold,3034679,2,False,1788804265.0564883,
unbound,bogus,test.test-bogus.example,cold,3052380,2,False,1788804265.0596058,
unbound,bogus,test.test-bogus.example,cold,6082408,2,False,1788804265.065787,
unbound,bogus,test.test-bogus.example,cold,4748666,2,False,1788804265.070657,
unbound,bogus,test.test-bogus.example,cold,3516933,2,False,1788804265.0742512,
unbound,bogus,test.test-bogus.example,cold,8190013,2,False,1788804265.082518,
unbound,bogus,test.test-bogus.example,cold,3350622,2,False,1788804265.0859525,
unbound,bogus,test.test-bogus.example,cold,3153314,2,False,1788804265.0892112,
unbound,bogus,test.test-bogus.example,cold,2951441,2,False,1788804265.0922377,
unbound,bogus,test.test-bogus.example,cold,2969553,2,False,1788804265.0952754,
unbound,bogus,test.test-bogus.example,cold,3375170,2,False,1788804265.0987284,
unbound,bogus,test.test-bogus.example,cold,3315418,2,False,1788804265.1021106,
unbound,bogus,test.test-bogus.example,cold,2898396,2,False,1788804265.1050813,
unbound,bogus,test.test-bogus.example,cold,3003947,2,False,1788804265.1081479,
unbound,bogus,test.test-bogus.example,cold,3443219,2,False,1788804265.1116621,
unbound,bogus,test.test-bogus.example,cold,3375991,2,False,1788804265.1151211,
unbound,bogus,test.test-bogus.example,cold,2971626,2,False,1788804265.1181698,
unbound,bogus,test.test-bogus.example,cold,2806062,2,False,1788804265.1210306,
unbound,bogus,test.test-bogus.example,cold,2889654,2,False,1788804265.1239758,
unbound,bogus,test.test-bogus.example,cold,3190069,2,False,1788804265.1272445,
unbound,bogus,test.test-bogus.example,cold,4956039,2,False,1788804265.1322553,
unbound,bogus,test.test-bogus.example,cold,3004651,2,False,1788804265.1353362,
unbound,bogus,test.test-bogus.example,cold,2953113,2,False,1788804265.1383977,
unbound,bogus,test.test-bogus.example,cold,5025437,2,False,1788804265.1435106,
unbound,bogus,test.test-bogus.example,cold,4124627,2,False,1788804265.1477797,
unbound,bogus,test.test-bogus.example,cold,3307167,2,False,1788804265.1511884,
unbound,bogus,test.test-bogus.example,cold,3030070,2,False,1788804265.1542904,
unbound,bogus,test.test-bogus.example,cold,2925278,2,False,1788804265.1572802,
unbound,bogus,test.test-bogus.example,cold,4592835,2,False,1788804265.1619513,
unbound,bogus,test.test-bogus.example,cold,3198909,2,False,1788804265.1652262,
unbound,bogus,test.test-bogus.example,cold,3247820,2,False,1788804265.168559,
unbound,bogus,test.test-bogus.example,cold,3017126,2,False,1788804265.1716578,
unbound,bogus,test.test-bogus.example,cold,2981999,2,False,1788804265.1747112,
unbound,bogus,test.test-bogus.example,cold,3396012,2,False,1788804265.1781814,
unbound,bogus,test.test-bogus.example,cold,3244975,2,False,1788804265.181496,
unbound,bogus,test.test-bogus.example,cold,2906333,2,False,1788804265.1844778,
unbound,bogus,test.test-bogus.example,cold,3117718,2,False,1788804265.1878366,
unbound,bogus,test.test-bogus.example,cold,3698527,2,False,1788804265.1916063,
unbound,bogus,test.test-bogus.example,cold,2936271,2,False,1788804265.1946063,
unbound,bogus,test.test-bogus.example,cold,2989911,2,False,1788804265.1976972,
unbound,bogus,test.test-bogus.example,cold,2926004,2,False,1788804265.200688,
unbound,bogus,test.test-bogus.example,cold,3045782,2,False,1788804265.2037997,
unbound,bogus,test.test-bogus.example,cold,2933265,2,False,1788804265.206811,
unbound,bogus,test.test-bogus.example,cold,3612221,2,False,1788804265.2104886,
unbound,bogus,test.test-bogus.example,cold,3056392,2,False,1788804265.213649,
unbound,bogus,test.test-bogus.example,cold,3960015,2,False,1788804265.2177076,
unbound,bogus,test.test-bogus.example,cold,4691648,2,False,1788804265.222493,
unbound,bogus,test.test-bogus.example,cold,5176162,2,False,1788804265.2277572,
unbound,bogus,test.test-bogus.example,cold,3659808,2,False,1788804265.2314947,
unbound,bogus,test.test-bogus.example,cold,3293654,2,False,1788804265.2348468,
unbound,bogus,test.test-bogus.example,cold,5166064,2,False,1788804265.2400925,
unbound,bogus,test.test-bogus.example,cold,3576995,2,False,1788804265.2437708,
unbound,bogus,test.test-bogus.example,cold,4100874,2,False,1788804265.2479863,
unbound,bogus,test.test-bogus.example,cold,4787320,2,False,1788804265.2529066,
unbound,bogus,test.test-bogus.example,cold,4444824,2,False,1788804265.257461,
unbound,bogus,test.test-bogus.example,cold,4294346,2,False,1788804265.2618473,
unbound,bogus,test.test-bogus.example,cold,2997585,2,False,1788804265.264911,
unbound,bogus,test.test-bogus.example,cold,3201917,2,False,1788804265.2681692,
unbound,bogus,test.test-bogus.example,cold,2947974,2,False,1788804265.2711911,
unbound,bogus,test.test-bogus.example,cold,2903811,2,False,1788804265.274172,
unbound,bogus,test.test-bogus.example,cold,2949985,2,False,1788804265.2771962,
unbound,bogus,test.test-bogus.example,cold,2900267,2,False,1788804265.2801743,
unbound,bogus,test.test-bogus.example,cold,3021208,2,False,1788804265.283258,
unbound,bogus,test.test-bogus.example,cold,2997897,2,False,1788804265.2863464,
unbound,bogus,test.test-bogus.example,cold,2856775,2,False,1788804265.289303,
unbound,bogus,test.test-bogus.example,cold,3162573,2,False,1788804265.292545,
unbound,bogus,test.test-bogus.example,cold,2929088,2,False,1788804265.295533,
unbound,bogus,test.test-bogus.example,cold,2914777,2,False,1788804265.298516,
unbound,bogus,test.test-bogus.example,cold,4370472,2,False,1788804265.3029656,
unbound,bogus,test.test-bogus.example,cold,3561215,2,False,1788804265.3066418,
unbound,bogus,test.test-bogus.example,cold,3823447,2,False,1788804265.3105485,
unbound,bogus,test.test-bogus.example,cold,3260836,2,False,1788804265.3138819,
unbound,bogus,test.test-bogus.example,cold,2991779,2,False,1788804265.3169575,
unbound,bogus,test.test-bogus.example,cold,4164952,2,False,1788804265.3211823,
unbound,bogus,test.test-bogus.example,cold,3171854,2,False,1788804265.3244247,
unbound,bogus,test.test-bogus.example,cold,2938015,2,False,1788804265.3274186,
unbound,bogus,test.test-bogus.example,cold,3248443,2,False,1788804265.3307292,
unbound,bogus,test.test-bogus.example,cold,3120501,2,False,1788804265.3339293,
unbound,bogus,test.test-bogus.example,cold,3240670,2,False,1788804265.3372624,
unbound,bogus,test.test-bogus.example,cold,3423193,2,False,1788804265.3407702,
unbound,bogus,test.test-bogus.example,cold,3033488,2,False,1788804265.3438725,
unbound,bogus,test.test-bogus.example,cold,2883785,2,False,1788804265.3468218,
unbound,bogus,test.test-bogus.example,cold,3029923,2,False,1788804265.3499243,
unbound,bogus,test.test-bogus.example,cold,3175957,2,False,1788804265.3531697,
unbound,bogus,test.test-bogus.example,cold,2939089,2,False,1788804265.3561788,
unbound,bogus,test.test-bogus.example,cold,3135142,2,False,1788804265.3593957,
unbound,bogus,test.test-bogus.example,cold,2906317,2,False,1788804265.362381,
unbound,bogus,test.test-bogus.example,cold,3640943,2,False,1788804265.3660977,
unbound,bogus,test.test-bogus.example,cold,3008205,2,False,1788804265.3691792,
unbound,bogus,test.test-bogus.example,cold,2887199,2,False,1788804265.3721278,
unbound,bogus,test.test-bogus.example,cold,3169227,2,False,1788804265.3753493,
unbound,bogus,test.test-bogus.example,cold,2879180,2,False,1788804265.3782847,
unbound,bogus,test.test-bogus.example,cold,4641468,2,False,1788804265.3830016,
unbound,bogus,test.test-bogus.example,cold,3835792,2,False,1788804265.386933,
unbound,bogus,test.test-bogus.example,cold,3459568,2,False,1788804265.3904757,
unbound,bogus,test.test-bogus.example,cold,2934621,2,False,1788804265.3934839,
unbound,bogus,test.test-bogus.example,cold,3449802,2,False,1788804265.3970172,
unbound,bogus,test.test-bogus.example,cold,4780879,2,False,1788804265.401876,
unbound,bogus,test.test-bogus.example,cold,3187615,2,False,1788804265.4051309,
unbound,bogus,test.test-bogus.example,cold,3105738,2,False,1788804265.408292,
unbound,bogus,test.test-bogus.example,cold,3198393,2,False,1788804265.4115882,
unbound,bogus,test.test-bogus.example,cold,3172255,2,False,1788804265.4148214,
unbound,bogus,test.test-bogus.example,cold,3369663,2,False,1788804265.4182508,
unbound,bogus,test.test-bogus.example,cold,3244172,2,False,1788804265.4215732,
unbound,bogus,test.test-bogus.example,cold,3052425,2,False,1788804265.424704,
unbound,bogus,test.test-bogus.example,cold,3605203,2,False,1788804265.4283717,
unbound,bogus,test.test-bogus.example,cold,4556164,2,False,1788804265.4329946,
unbound,bogus,test.test-bogus.example,cold,3564129,2,False,1788804265.4366376,
unbound,bogus,test.test-bogus.example,cold,3081993,2,False,1788804265.439778,
unbound,bogus,test.test-bogus.example,cold,2953617,2,False,1788804265.4427934,
unbound,bogus,test.test-bogus.example,cold,3132294,2,False,1788804265.4459906,
unbound,bogus,test.test-bogus.example,cold,3022679,2,False,1788804265.4490743,
unbound,bogus,test.test-bogus.example,cold,3098856,2,False,1788804265.4522412,
unbound,bogus,test.test-bogus.example,cold,2891313,2,False,1788804265.455193,
unbound,bogus,test.test-bogus.example,cold,2864854,2,False,1788804265.45814,
unbound,bogus,test.test-bogus.example,cold,3600108,2,False,1788804265.4618137,
unbound,bogus,test.test-bogus.example,cold,3928442,2,False,1788804265.465853,
unbound,bogus,test.test-bogus.example,cold,3498844,2,False,1788804265.4694664,
unbound,bogus,test.test-bogus.example,cold,3010760,2,False,1788804265.4725418,
unbound,bogus,test.test-bogus.example,cold,3096061,2,False,1788804265.475693,
unbound,bogus,test.test-bogus.example,cold,3038756,2,False,1788804265.4787903,
unbound,bogus,test.test-bogus.example,cold,3964244,2,False,1788804265.4828432,
unbound,bogus,test.test-bogus.example,cold,2851224,2,False,1788804265.4857633,
unbound,bogus,test.test-bogus.example,cold,3214586,2,False,1788804265.4890416,
unbound,bogus,test.test-bogus.example,cold,3178506,2,False,1788804265.4923213,
unbound,bogus,test.test-bogus.example,cold,3265483,2,False,1788804265.4956853,
unbound,bogus,test.test-bogus.example,cold,3186205,2,False,1788804265.4989302,
unbound,bogus,test.test-bogus.example,cold,3021010,2,False,1788804265.5020304,
unbound,bogus,test.test-bogus.example,cold,3048426,2,False,1788804265.5051515,
unbound,bogus,test.test-bogus.example,cold,3010277,2,False,1788804265.508246,
unbound,bogus,test.test-bogus.example,cold,2952546,2,False,1788804265.511278,
unbound,bogus,test.test-bogus.example,cold,3397366,2,False,1788804265.5147536,
unbound,bogus,test.test-bogus.example,cold,2815995,2,False,1788804265.5176358,
unbound,bogus,test.test-bogus.example,cold,2972976,2,False,1788804265.5206873,
unbound,bogus,test.test-bogus.example,cold,3232939,2,False,1788804265.5239975,
unbound,bogus,test.test-bogus.example,cold,3019653,2,False,1788804265.5270958,
unbound,bogus,test.test-bogus.example,cold,3208544,2,False,1788804265.5303922,
unbound,bogus,test.test-bogus.example,cold,3114040,2,False,1788804265.5335865,
unbound,bogus,test.test-bogus.example,cold,4300700,2,False,1788804265.5379725,
unbound,bogus,test.test-bogus.example,cold,3241444,2,False,1788804265.5413058,
unbound,bogus,test.test-bogus.example,cold,4388870,2,False,1788804265.545765,
unbound,bogus,test.test-bogus.example,cold,4243859,2,False,1788804265.5500886,
unbound,bogus,test.test-bogus.example,cold,3080205,2,False,1788804265.5532408,
unbound,bogus,test.test-bogus.example,cold,3095278,2,False,1788804265.5563924,
unbound,bogus,test.test-bogus.example,cold,3378252,2,False,1788804265.559839,
unbound,bogus,test.test-bogus.example,cold,3603918,2,False,1788804265.563504,
unbound,bogus,test.test-bogus.example,cold,3164701,2,False,1788804265.5667386,
unbound,bogus,test.test-bogus.example,cold,3091512,2,False,1788804265.5699077,
unbound,bogus,test.test-bogus.example,cold,3272028,2,False,1788804265.5732427,
unbound,bogus,test.test-bogus.example,cold,3212008,2,False,1788804265.5765443,
unbound,bogus,test.test-bogus.example,cold,4211821,2,False,1788804265.5808454,
unbound,bogus,test.test-bogus.example,cold,3031444,2,False,1788804265.5839612,
unbound,bogus,test.test-bogus.example,cold,3212428,2,False,1788804265.5872505,
unbound,bogus,test.test-bogus.example,cold,4635740,2,False,1788804265.5919673,
unbound,bogus,test.test-bogus.example,cold,4345047,2,False,1788804265.5964036,
unbound,bogus,test.test-bogus.example,cold,3228639,2,False,1788804265.599698,
unbound,bogus,test.test-bogus.example,cold,2878231,2,False,1788804265.6026483,
unbound,bogus,test.test-bogus.example,cold,3153857,2,False,1788804265.6058714,
unbound,bogus,test.test-bogus.example,cold,3165107,2,False,1788804265.6091025,
unbound,bogus,test.test-bogus.example,cold,3085619,2,False,1788804265.6122425,
unbound,bogus,test.test-bogus.example,cold,3394372,2,False,1788804265.615747,
unbound,bogus,test.test-bogus.example,cold,3033309,2,False,1788804265.6188564,
unbound,bogus,test.test-bogus.example,cold,3319721,2,False,1788804265.6222522,
unbound,bogus,test.test-bogus.example,cold,2861912,2,False,1788804265.6251724,
unbound,bogus,test.test-bogus.example,cold,3163184,2,False,1788804265.628414,
unbound,bogus,test.test-bogus.example,cold,3174764,2,False,1788804265.6317074,
unbound,bogus,test.test-bogus.example,cold,3049363,2,False,1788804265.6348355,
unbound,bogus,test.test-bogus.example,cold,3099283,2,False,1788804265.638003,
unbound,bogus,test.test-bogus.example,cold,3303364,2,False,1788804265.6413908,
unbound,bogus,test.test-bogus.example,cold,3064574,2,False,1788804265.644514,
unbound,bogus,test.test-bogus.example,cold,3301989,2,False,1788804265.6478927,
unbound,bogus,test.test-bogus.example,cold,3075540,2,False,1788804265.6510623,
unbound,bogus,test.test-bogus.example,cold,2908433,2,False,1788804265.6540413,
unbound,bogus,test.test-bogus.example,cold,5408873,2,False,1788804265.659526,
unbound,bogus,test.test-bogus.example,cold,4051886,2,False,1788804265.663679,
unbound,bogus,test.test-bogus.example,cold,3390598,2,False,1788804265.6671572,
unbound,bogus,test.test-bogus.example,cold,5920648,2,False,1788804265.6731632,
unbound,bogus,test.test-bogus.example,cold,3175762,2,False,1788804265.676402,
unbound,bogus,test.test-bogus.example,cold,3610880,2,False,1788804265.6805184,
unbound,bogus,test.test-bogus.example,cold,3121577,2,False,1788804265.6837013,
unbound,bogus,test.test-bogus.example,cold,3450982,2,False,1788804265.687232,
unbound,bogus,test.test-bogus.example,cold,3021750,2,False,1788804265.690312,
unbound,bogus,test.test-bogus.example,cold,3276429,2,False,1788804265.6937056,
unbound,bogus,test.test-bogus.example,cold,3171027,2,False,1788804265.6969497,
unbound,bogus,test.test-bogus.example,cold,3145524,2,False,1788804265.700163,
unbound,bogus,test.test-bogus.example,cold,4040844,2,False,1788804265.7042756,
unbound,bogus,test.test-bogus.example,cold,4008561,2,False,1788804265.708381,
unbound,bogus,test.test-bogus.example,cold,4016636,2,False,1788804265.712476,
unbound,bogus,test.test-bogus.example,cold,3087864,2,False,1788804265.715644,
unbound,bogus,test.test-bogus.example,cold,4340894,2,False,1788804265.7200804,
unbound,bogus,test.test-bogus.example,cold,3325176,2,False,1788804265.7234938,
unbound,bogus,test.test-bogus.example,cold,3082798,2,False,1788804265.7266567,
unbound,bogus,test.test-bogus.example,cold,3186015,2,False,1788804265.7299173,
unbound,bogus,test.test-bogus.example,cold,3138709,2,False,1788804265.7331169,
unbound,bogus,test.test-bogus.example,cold,3295162,2,False,1788804265.736478,
unbound,bogus,test.test-bogus.example,cold,4276618,2,False,1788804265.7408373,
unbound,bogus,test.test-bogus.example,cold,2871666,2,False,1788804265.743787,
unbound,bogus,test.test-bogus.example,cold,3095034,2,False,1788804265.7469583,
unbound,bogus,test.test-bogus.example,cold,2888153,2,False,1788804265.7499118,
unbound,bogus,test.test-bogus.example,cold,3144931,2,False,1788804265.7531266,
unbound,bogus,test.test-bogus.example,cold,3085496,2,False,1788804265.7562847,
unbound,bogus,test.test-bogus.example,cold,3183301,2,False,1788804265.7595387,
unbound,bogus,test.test-bogus.example,cold,2882159,2,False,1788804265.7624998,
unbound,bogus,test.test-bogus.example,cold,3024320,2,False,1788804265.765597,
unbound,bogus,test.test-bogus.example,cold,2920736,2,False,1788804265.7685988,
unbound,bogus,test.test-bogus.example,cold,3242643,2,False,1788804265.7719083,
unbound,bogus,test.test-bogus.example,cold,3034837,2,False,1788804265.7750053,
unbound,bogus,test.test-bogus.example,cold,3118055,2,False,1788804265.7781808,
unbound,bogus,test.test-bogus.example,cold,3627468,2,False,1788804265.781874,
unbound,bogus,test.test-bogus.example,cold,5038654,2,False,1788804265.7870004,
unbound,bogus,test.test-bogus.example,cold,3638229,2,False,1788804265.7907338,
unbound,bogus,test.test-bogus.example,cold,2990351,2,False,1788804265.7937965,
unbound,bogus,test.test-bogus.example,cold,3181116,2,False,1788804265.7970552,
unbound,bogus,test.test-bogus.example,cold,3520705,2,False,1788804265.8006508,
unbound,bogus,test.test-bogus.example,cold,3346542,2,False,1788804265.8040855,
unbound,bogus,test.test-bogus.example,cold,2951140,2,False,1788804265.8071265,
unbound,bogus,test.test-bogus.example,cold,2868815,2,False,1788804265.8100777,
unbound,bogus,test.test-bogus.example,cold,3123141,2,False,1788804265.8132668,
unbound,bogus,test.test-bogus.example,cold,2995422,2,False,1788804265.8163457,
unbound,bogus,test.test-bogus.example,cold,3899933,2,False,1788804265.8203182,
unbound,bogus,test.test-bogus.example,cold,3080502,2,False,1788804265.823457,
unbound,bogus,test.test-bogus.example,cold,2954754,2,False,1788804265.8264816,
unbound,bogus,test.test-bogus.example,cold,3069349,2,False,1788804265.8296351,
unbound,bogus,test.test-bogus.example,cold,3029092,2,False,1788804265.832757,
unbound,bogus,test.test-bogus.example,cold,3058847,2,False,1788804265.8358848,
unbound,bogus,test.test-bogus.example,cold,3404932,2,False,1788804265.8393493,
unbound,bogus,test.test-bogus.example,cold,3122297,2,False,1788804265.8425367,
unbound,bogus,test.test-bogus.example,cold,2822120,2,False,1788804265.8454363,
unbound,bogus,test.test-bogus.example,cold,3606033,2,False,1788804265.8491068,
unbound,bogus,test.test-bogus.example,cold,3233124,2,False,1788804265.8524082,
unbound,bogus,test.test-bogus.example,cold,3057053,2,False,1788804265.8555489,
unbound,bogus,test.test-bogus.example,cold,2862892,2,False,1788804265.8584876,
unbound,bogus,test.test-bogus.example,cold,3139265,2,False,1788804265.8617144,
unbound,bogus,test.test-bogus.example,cold,4376571,2,False,1788804265.86617,
unbound,bogus,test.test-bogus.example,cold,3689921,2,False,1788804265.8699458,
unbound,bogus,test.test-bogus.example,cold,3141163,2,False,1788804265.8731458,
unbound,bogus,test.test-bogus.example,cold,2945620,2,False,1788804265.876163,
unbound,bogus,test.test-bogus.example,cold,3184651,2,False,1788804265.8794096,
unbound,bogus,test.test-bogus.example,cold,3607423,2,False,1788804265.8831093,
unbound,bogus,test.test-bogus.example,cold,3118884,2,False,1788804265.8864677,
unbound,bogus,test.test-bogus.example,cold,2873006,2,False,1788804265.8894053,
unbound,bogus,test.test-bogus.example,cold,2902387,2,False,1788804265.8923721,
unbound,bogus,test.test-bogus.example,cold,3115218,2,False,1788804265.8955712,
unbound,bogus,test.test-bogus.example,cold,3204208,2,False,1788804265.898852,
unbound,bogus,test.test-bogus.example,cold,3249199,2,False,1788804265.9022179,
unbound,bogus,test.test-bogus.example,cold,2992673,2,False,1788804265.9052756,
unbound,bogus,test.test-bogus.example,cold,2928489,2,False,1788804265.9082634,
unbound,bogus,test.test-bogus.example,cold,3032114,2,False,1788804265.911373,
unbound,bogus,test.test-bogus.example,cold,3115378,2,False,1788804265.9145534,
unbound,bogus,test.test-bogus.example,cold,3012356,2,False,1788804265.9176302,
unbound,bogus,test.test-bogus.example,cold,3245693,2,False,1788804265.920948,
unbound,bogus,test.test-bogus.example,cold,2942772,2,False,1788804265.9239566,
unbound,bogus,test.test-bogus.example,cold,3136525,2,False,1788804265.9271667,
unbound,bogus,test.test-bogus.example,cold,3036788,2,False,1788804265.930276,
unbound,bogus,test.test-bogus.example,cold,2898796,2,False,1788804265.933231,
unbound,bogus,test.test-bogus.example,cold,3068404,2,False,1788804265.9363742,
unbound,bogus,test.test-bogus.example,cold,2904607,2,False,1788804265.939345,
unbound,bogus,test.test-bogus.example,cold,3159933,2,False,1788804265.9425733,
unbound,bogus,test.test-bogus.example,cold,3943715,2,False,1788804265.9466062,
unbound,bogus,test.test-bogus.example,cold,4902047,2,False,1788804265.9516082,
unbound,bogus,test.test-bogus.example,cold,3861953,2,False,1788804265.9555528,
unbound,bogus,test.test-bogus.example,cold,3290496,2,False,1788804265.9589183,
unbound,bogus,test.test-bogus.example,cold,4166369,2,False,1788804265.9631565,
unbound,bogus,test.test-bogus.example,cold,3024268,2,False,1788804265.9662473,
unbound,bogus,test.test-bogus.example,cold,3189092,2,False,1788804265.969509,
unbound,bogus,test.test-bogus.example,cold,2982250,2,False,1788804265.9725773,
unbound,bogus,test.test-bogus.example,cold,3181795,2,False,1788804265.9758554,
unbound,bogus,test.test-bogus.example,cold,3421882,2,False,1788804265.9793484,
unbound,bogus,test.test-bogus.example,cold,3204976,2,False,1788804265.9826427,
unbound,bogus,test.test-bogus.example,cold,3126197,2,False,1788804265.9858565,
unbound,bogus,test.test-bogus.example,cold,3020251,2,False,1788804265.9889371,
unbound,bogus,test.test-bogus.example,cold,3035096,2,False,1788804265.992046,
unbound,bogus,test.test-bogus.example,cold,2866905,2,False,1788804265.9949827,
unbound,bogus,test.test-bogus.example,cold,2934648,2,False,1788804265.9979904,
unbound,bogus,test.test-bogus.example,cold,2945145,2,False,1788804266.0010018,
unbound,bogus,test.test-bogus.example,cold,3330937,2,False,1788804266.0043938,
unbound,bogus,test.test-bogus.example,cold,3277956,2,False,1788804266.0077422,
unbound,bogus,test.test-bogus.example,cold,3049086,2,False,1788804266.010868,
unbound,bogus,test.test-bogus.example,cold,3110191,2,False,1788804266.014051,
unbound,bogus,test.test-bogus.example,cold,5436074,2,False,1788804266.0195634,
unbound,bogus,test.test-bogus.example,cold,4790195,2,False,1788804266.0244408,
unbound,bogus,test.test-bogus.example,cold,3988918,2,False,1788804266.028515,
unbound,bogus,test.test-bogus.example,cold,3098755,2,False,1788804266.0317004,
unbound,bogus,test.test-bogus.example,cold,2926370,2,False,1788804266.0346916,
unbound,bogus,test.test-bogus.example,cold,3433872,2,False,1788804266.0381942,
unbound,bogus,test.test-bogus.example,cold,3172224,2,False,1788804266.0414367,
unbound,bogus,test.test-bogus.example,cold,2968881,2,False,1788804266.0444753,
unbound,bogus,test.test-bogus.example,cold,3003586,2,False,1788804266.0475514,
unbound,bogus,test.test-bogus.example,cold,2975154,2,False,1788804266.0506117,
unbound,bogus,test.test-bogus.example,cold,3403076,2,False,1788804266.054094,
unbound,bogus,test.test-bogus.example,cold,3045684,2,False,1788804266.0572102,
unbound,bogus,test.test-bogus.example,cold,3286347,2,False,1788804266.0605574,
unbound,bogus,test.test-bogus.example,cold,2960806,2,False,1788804266.0636005,
unbound,bogus,test.test-bogus.example,cold,3204879,2,False,1788804266.066861,
unbound,bogus,test.test-bogus.example,cold,3559141,2,False,1788804266.0705028,
unbound,bogus,test.test-bogus.example,cold,3210544,2,False,1788804266.0737946,
unbound,bogus,test.test-bogus.example,cold,4391782,2,False,1788804266.0782735,
unbound,bogus,test.test-bogus.example,cold,3522428,2,False,1788804266.0818846,
unbound,bogus,test.test-bogus.example,cold,3058416,2,False,1788804266.085019,
unbound,bogus,test.test-bogus.example,cold,3175482,2,False,1788804266.088268,
unbound,bogus,test.test-bogus.example,cold,3040695,2,False,1788804266.091372,
unbound,bogus,test.test-bogus.example,cold,3093759,2,False,1788804266.0945349,
unbound,bogus,test.test-bogus.example,cold,2992670,2,False,1788804266.097592,
unbound,bogus,test.test-bogus.example,cold,3159391,2,False,1788804266.1008117,
unbound,bogus,test.test-bogus.example,cold,6133972,2,False,1788804266.107035,
unbound,bogus,test.test-bogus.example,cold,5204851,2,False,1788804266.112368,
unbound,bogus,test.test-bogus.example,cold,3183010,2,False,1788804266.1158473,
unbound,bogus,test.test-bogus.example,cold,6785354,2,False,1788804266.1227093,
unbound,bogus,test.test-bogus.example,cold,3149371,2,False,1788804266.1259177,
unbound,bogus,test.test-bogus.example,cold,3093583,2,False,1788804266.1290789,
unbound,bogus,test.test-bogus.example,cold,3025947,2,False,1788804266.1321704,
unbound,bogus,test.test-bogus.example,cold,3053026,2,False,1788804266.135293,
unbound,bogus,test.test-bogus.example,cold,3174295,2,False,1788804266.1385489,
unbound,bogus,test.test-bogus.example,cold,4009900,2,False,1788804266.1426418,
unbound,bogus,test.test-bogus.example,cold,2995407,2,False,1788804266.1457205,
unbound,bogus,test.test-bogus.example,cold,4531286,2,False,1788804266.1503284,
unbound,bogus,test.test-bogus.example,cold,3156202,2,False,1788804266.1535878,
unbound,bogus,test.test-bogus.example,cold,2900547,2,False,1788804266.1565578,
unbound,bogus,test.test-bogus.example,cold,3092064,2,False,1788804266.1597261,
unbound,bogus,test.test-bogus.example,cold,3036533,2,False,1788804266.1628284,
unbound,bogus,test.test-bogus.example,cold,3000216,2,False,1788804266.165885,
unbound,bogus,test.test-bogus.example,cold,2833328,2,False,1788804266.1687837,
unbound,bogus,test.test-bogus.example,cold,2994147,2,False,1788804266.1718361,
unbound,bogus,test.test-bogus.example,cold,3028114,2,False,1788804266.1749432,
unbound,bogus,test.test-bogus.example,cold,3070821,2,False,1788804266.1780992,
unbound,bogus,test.test-bogus.example,cold,3272197,2,False,1788804266.181452,
unbound,bogus,test.test-bogus.example,cold,3905414,2,False,1788804266.1854432,
unbound,bogus,test.test-bogus.example,cold,5527274,2,False,1788804266.191057,
unbound,bogus,test.test-bogus.example,cold,9853908,2,False,1788804266.201007,
unbound,bogus,test.test-bogus.example,cold,7588019,2,False,1788804266.2087283,
unbound,bogus,test.test-bogus.example,cold,5092722,2,False,1788804266.2140129,
unbound,bogus,test.test-bogus.example,cold,5820807,2,False,1788804266.219919,
unbound,bogus,test.test-bogus.example,cold,4790517,2,False,1788804266.2247941,
unbound,bogus,test.test-bogus.example,cold,4481048,2,False,1788804266.229522,
unbound,bogus,test.test-bogus.example,cold,3188271,2,False,1788804266.2328112,
unbound,bogus,test.test-bogus.example,cold,3157171,2,False,1788804266.2360466,
unbound,bogus,test.test-bogus.example,cold,2884203,2,False,1788804266.2390063,
unbound,bogus,test.test-bogus.example,cold,3158783,2,False,1788804266.2422326,
unbound,bogus,test.test-bogus.example,cold,3076938,2,False,1788804266.2453716,
unbound,bogus,test.test-bogus.example,cold,3065772,2,False,1788804266.2485225,
unbound,bogus,test.test-bogus.example,cold,3095031,2,False,1788804266.251698,
unbound,bogus,test.test-bogus.example,cold,3083003,2,False,1788804266.2548566,
unbound,bogus,test.test-bogus.example,cold,2938562,2,False,1788804266.2578747,
unbound,bogus,test.test-bogus.example,cold,2959379,2,False,1788804266.26091,
unbound,bogus,test.test-bogus.example,cold,4559131,2,False,1788804266.265531,
unbound,bogus,test.test-bogus.example,cold,3935897,2,False,1788804266.269555,
unbound,bogus,test.test-bogus.example,cold,3133320,2,False,1788804266.272764,
unbound,bogus,test.test-bogus.example,cold,2993363,2,False,1788804266.2758226,
unbound,bogus,test.test-bogus.example,cold,3046667,2,False,1788804266.2789462,
unbound,bogus,test.test-bogus.example,cold,3456736,2,False,1788804266.2824848,
unbound,bogus,test.test-bogus.example,cold,3478860,2,False,1788804266.2860644,
unbound,bogus,test.test-bogus.example,cold,3006691,2,False,1788804266.2891414,
unbound,bogus,test.test-bogus.example,cold,3206693,2,False,1788804266.292429,
unbound,bogus,test.test-bogus.example,cold,2980301,2,False,1788804266.2954838,
unbound,bogus,test.test-bogus.example,cold,3172012,2,False,1788804266.2987378,
unbound,bogus,test.test-bogus.example,cold,4253229,2,False,1788804266.3030715,
unbound,bogus,test.test-bogus.example,cold,3163027,2,False,1788804266.3062983,
unbound,bogus,test.test-bogus.example,cold,3072448,2,False,1788804266.3094275,
unbound,bogus,test.test-bogus.example,cold,2961320,2,False,1788804266.3124578,
unbound,bogus,test.test-bogus.example,cold,3077104,2,False,1788804266.3155975,
unbound,bogus,test.test-bogus.example,cold,3125533,2,False,1788804266.3187854,
unbound,bogus,test.test-bogus.example,cold,2841060,2,False,1788804266.3217213,
unbound,bogus,test.test-bogus.example,cold,3164948,2,False,1788804266.324961,
unbound,bogus,test.test-bogus.example,cold,3361660,2,False,1788804266.3283923,
unbound,bogus,test.test-bogus.example,cold,3505886,2,False,1788804266.3319764,
unbound,bogus,test.test-bogus.example,cold,5990139,2,False,1788804266.3381734,
unbound,bogus,test.test-bogus.example,cold,5271743,2,False,1788804266.3438556,
unbound,bogus,test.test-bogus.example,cold,4260654,2,False,1788804266.3483627,
unbound,bogus,test.test-bogus.example,cold,3748782,2,False,1788804266.352349,
unbound,bogus,test.test-bogus.example,cold,3753267,2,False,1788804266.3561838,
unbound,bogus,test.test-bogus.example,cold,3581296,2,False,1788804266.3598444,
unbound,bogus,test.test-bogus.example,cold,3773926,2,False,1788804266.363706,
unbound,bogus,test.test-bogus.example,cold,3194613,2,False,1788804266.3669913,
unbound,bogus,test.test-bogus.example,cold,3444042,2,False,1788804266.3705149,
unbound,bogus,test.test-bogus.example,cold,3579487,2,False,1788804266.3741698,
unbound,bogus,test.test-bogus.example,cold,3565021,2,False,1788804266.3777964,
unbound,bogus,test.test-bogus.example,cold,4315521,2,False,1788804266.3821957,
unbound,bogus,test.test-bogus.example,cold,4714868,2,False,1788804266.3869908,
unbound,bogus,test.test-bogus.example,cold,3246596,2,False,1788804266.3902981,
unbound,bogus,test.test-bogus.example,cold,3723563,2,False,1788804266.39414,
unbound,bogus,test.test-bogus.example,cold,4639459,2,False,1788804266.3988674,
unbound,bogus,test.test-bogus.example,cold,5039743,2,False,1788804266.4039996,
unbound,bogus,test.test-bogus.example,cold,4187166,2,False,1788804266.4082694,
unbound,bogus,test.test-bogus.example,cold,3482771,2,False,1788804266.4118323,
unbound,bogus,test.test-bogus.example,cold,4203758,2,False,1788804266.4161215,
unbound,bogus,test.test-bogus.example,cold,2973630,2,False,1788804266.419173,
unbound,bogus,test.test-bogus.example,cold,3513239,2,False,1788804266.42275,
unbound,bogus,test.test-bogus.example,cold,4086877,2,False,1788804266.4269304,
unbound,bogus,test.test-bogus.example,cold,4055738,2,False,1788804266.4310746,
unbound,bogus,test.test-bogus.example,cold,3215014,2,False,1788804266.434361,
unbound,bogus,test.test-bogus.example,cold,3061222,2,False,1788804266.4375393,
unbound,bogus,test.test-bogus.example,cold,3199339,2,False,1788804266.4408078,
unbound,bogus,test.test-bogus.example,cold,3005801,2,False,1788804266.443899,
unbound,bogus,test.test-bogus.example,cold,3591536,2,False,1788804266.4475653,
unbound,bogus,test.test-bogus.example,cold,3067436,2,False,1788804266.4507105,
unbound,bogus,test.test-bogus.example,cold,3287196,2,False,1788804266.4540582,
unbound,bogus,test.test-bogus.example,cold,2985428,2,False,1788804266.4571154,
unbound,bogus,test.test-bogus.example,cold,4416739,2,False,1788804266.4616106,
unbound,bogus,test.test-bogus.example,cold,3637045,2,False,1788804266.4653373,
unbound,bogus,test.test-bogus.example,cold,3922482,2,False,1788804266.4693496,
unbound,bogus,test.test-bogus.example,cold,3737591,2,False,1788804266.4731698,
unbound,bogus,test.test-bogus.example,cold,3297996,2,False,1788804266.4765463,
unbound,bogus,test.test-bogus.example,cold,3434619,2,False,1788804266.4800851,
unbound,bogus,test.test-bogus.example,cold,2942704,2,False,1788804266.4830887,
unbound,bogus,test.test-bogus.example,cold,3101461,2,False,1788804266.4862518,
unbound,bogus,test.test-bogus.example,cold,3029667,2,False,1788804266.489345,
unbound,bogus,test.test-bogus.example,cold,3100444,2,False,1788804266.4925203,
unbound,bogus,test.test-bogus.example,cold,2968168,2,False,1788804266.4955668,
unbound,bogus,test.test-bogus.example,cold,3085597,2,False,1788804266.4987197,
unbound,bogus,test.test-bogus.example,cold,3090002,2,False,1788804266.501865,
unbound,bogus,test.test-bogus.example,cold,4609133,2,False,1788804266.5065458,
unbound,bogus,test.test-bogus.example,cold,3697020,2,False,1788804266.5103178,
unbound,bogus,test.test-bogus.example,cold,3099852,2,False,1788804266.5135224,
unbound,bogus,test.test-bogus.example,cold,3137845,2,False,1788804266.516739,
unbound,bogus,test.test-bogus.example,cold,3586834,2,False,1788804266.5204086,
unbound,bogus,test.test-bogus.example,cold,3234158,2,False,1788804266.5237231,
unbound,bogus,test.test-bogus.example,cold,3093073,2,False,1788804266.5268981,
unbound,bogus,test.test-bogus.example,cold,3082218,2,False,1788804266.5300536,
unbound,bogus,test.test-bogus.example,cold,2999266,2,False,1788804266.533115,
unbound,bogus,test.test-bogus.example,cold,3187208,2,False,1788804266.5363638,
unbound,bogus,test.test-bogus.example,cold,3569739,2,False,1788804266.5400546,
unbound,bogus,test.test-bogus.example,cold,3444892,2,False,1788804266.5438447,
unbound,bogus,test.test-bogus.example,cold,3140643,2,False,1788804266.5470648,
unbound,bogus,test.test-bogus.example,cold,3054812,2,False,1788804266.550184,
unbound,bogus,test.test-bogus.example,cold,2939011,2,False,1788804266.5531821,
unbound,bogus,test.test-bogus.example,cold,3159014,2,False,1788804266.5564198,
unbound,bogus,test.test-bogus.example,cold,2886595,2,False,1788804266.5593605,
unbound,bogus,test.test-bogus.example,cold,3102356,2,False,1788804266.5625508,
unbound,bogus,test.test-bogus.example,cold,2887557,2,False,1788804266.5656512,
unbound,bogus,test.test-bogus.example,cold,3401902,2,False,1788804266.569132,
unbound,bogus,test.test-bogus.example,cold,4924920,2,False,1788804266.574138,
unbound,bogus,test.test-bogus.example,cold,2952246,2,False,1788804266.577166,
unbound,bogus,test.test-bogus.example,cold,3088766,2,False,1788804266.5803428,
unbound,bogus,test.test-bogus.example,cold,4341111,2,False,1788804266.5847657,
unbound,bogus,test.test-bogus.example,cold,5311974,2,False,1788804266.590163,
unbound,bogus,test.test-bogus.example,cold,3334480,2,False,1788804266.593819,
unbound,bogus,test.test-bogus.example,cold,3165680,2,False,1788804266.5970664,
unbound,bogus,test.test-bogus.example,cold,3144133,2,False,1788804266.6002693,
unbound,bogus,test.test-bogus.example,cold,3753473,2,False,1788804266.6040978,
unbound,bogus,test.test-bogus.example,cold,2945474,2,False,1788804266.6071007,
unbound,bogus,test.test-bogus.example,cold,2984747,2,False,1788804266.6101544,
unbound,bogus,test.test-bogus.example,cold,2947611,2,False,1788804266.6131723,
unbound,bogus,test.test-bogus.example,cold,3073804,2,False,1788804266.6163218,
unbound,bogus,test.test-bogus.example,cold,3894752,2,False,1788804266.6202908,
unbound,bogus,test.test-bogus.example,cold,3296984,2,False,1788804266.6236804,
unbound,bogus,test.test-bogus.example,cold,3095930,2,False,1788804266.626834,
unbound,bogus,test.test-bogus.example,cold,4566833,2,False,1788804266.631485,
unbound,bogus,test.test-bogus.example,cold,3751455,2,False,1788804266.6353388,
unbound,bogus,test.test-bogus.example,cold,3401512,2,False,1788804266.6388364,
unbound,bogus,test.test-bogus.example,cold,2874485,2,False,1788804266.641774,
unbound,bogus,test.test-bogus.example,cold,3124702,2,False,1788804266.64496,
unbound,bogus,test.test-bogus.example,cold,3081723,2,False,1788804266.6481154,
unbound,bogus,test.test-bogus.example,cold,3341907,2,False,1788804266.651545,
unbound,bogus,test.test-bogus.example,cold,3052718,2,False,1788804266.654672,
unbound,bogus,test.test-bogus.example,cold,2929655,2,False,1788804266.657678,
unbound,bogus,test.test-bogus.example,cold,3174938,2,False,1788804266.6609135,
unbound,bogus,test.test-bogus.example,cold,4421399,2,False,1788804266.6654155,
unbound,bogus,test.test-bogus.example,cold,3996327,2,False,1788804266.6695056,
unbound,bogus,test.test-bogus.example,cold,4107916,2,False,1788804266.673723,
unbound,bogus,test.test-bogus.example,cold,2886871,2,False,1788804266.6766686,
unbound,bogus,test.test-bogus.example,cold,2988158,2,False,1788804266.6797135,
unbound,bogus,test.test-bogus.example,cold,3329347,2,False,1788804266.6831279,
unbound,bogus,test.test-bogus.example,cold,2974313,2,False,1788804266.6861959,
unbound,bogus,test.test-bogus.example,cold,2898192,2,False,1788804266.6891563,
unbound,bogus,test.test-bogus.example,cold,2813063,2,False,1788804266.6920297,
unbound,bogus,test.test-bogus.example,cold,2874526,2,False,1788804266.6949797,
unbound,bogus,test.test-bogus.example,cold,3254251,2,False,1788804266.6983137,
unbound,bogus,test.test-bogus.example,cold,3826901,2,False,1788804266.7022452,
unbound,bogus,test.test-bogus.example,cold,3067450,2,False,1788804266.7053773,
unbound,bogus,test.test-bogus.example,cold,2971347,2,False,1788804266.7084293,
unbound,bogus,test.test-bogus.example,cold,3118630,2,False,1788804266.7116094,
unbound,bogus,test.test-bogus.example,cold,2864940,2,False,1788804266.7145343,
unbound,bogus,test.test-bogus.example,cold,3054698,2,False,1788804266.7176847,
unbound,bogus,test.test-bogus.example,cold,5025533,2,False,1788804266.7227814,
unbound,bogus,test.test-bogus.example,cold,4744792,2,False,1788804266.7276206,
unbound,bogus,test.test-bogus.example,cold,5002340,2,False,1788804266.7327197,
unbound,bogus,test.test-bogus.example,cold,4294492,2,False,1788804266.7370923,
unbound,bogus,test.test-bogus.example,cold,3576293,2,False,1788804266.740784,
unbound,bogus,test.test-bogus.example,cold,4502726,2,False,1788804266.7453873,
unbound,bogus,test.test-bogus.example,cold,5280132,2,False,1788804266.7507699,
unbound,bogus,test.test-bogus.example,cold,4226274,2,False,1788804266.7550817,
unbound,bogus,test.test-bogus.example,cold,4420613,2,False,1788804266.7596009,
unbound,bogus,test.test-bogus.example,cold,5069027,2,False,1788804266.764868,
unbound,bogus,test.test-bogus.example,cold,5174049,2,False,1788804266.7701423,
unbound,bogus,test.test-bogus.example,cold,3420984,2,False,1788804266.7736382,
unbound,bogus,test.test-bogus.example,cold,8792926,2,False,1788804266.782516,
unbound,bogus,test.test-bogus.example,cold,6455239,2,False,1788804266.7890713,
unbound,bogus,test.test-bogus.example,cold,6800573,2,False,1788804266.796015,
unbound,bogus,test.test-bogus.example,cold,8834301,2,False,1788804266.805032,
unbound,bogus,test.test-bogus.example,cold,10215985,2,False,1788804266.8153396,
unbound,bogus,test.test-bogus.example,cold,7893092,2,False,1788804266.823327,
unbound,bogus,test.test-bogus.example,cold,6351159,2,False,1788804266.8297782,
unbound,bogus,test.test-bogus.example,cold,5273509,2,False,1788804266.8351655,
unbound,bogus,test.test-bogus.example,cold,4694895,2,False,1788804266.8399372,
unbound,bogus,test.test-bogus.example,cold,5191181,2,False,1788804266.8452203,
unbound,bogus,test.test-bogus.example,cold,3984668,2,False,1788804266.8494506,
unbound,bogus,test.test-bogus.example,cold,4086981,2,False,1788804266.8536339,
unbound,bogus,test.test-bogus.example,cold,4049966,2,False,1788804266.85777,
unbound,bogus,test.test-bogus.example,cold,3614299,2,False,1788804266.861467,
unbound,bogus,test.test-bogus.example,cold,3535648,2,False,1788804266.8650715,
unbound,bogus,test.test-bogus.example,cold,4535725,2,False,1788804266.8696916,
unbound,bogus,test.test-bogus.example,cold,3434323,2,False,1788804266.8731878,
unbound,bogus,test.test-bogus.example,cold,3397039,2,False,1788804266.8766634,
unbound,bogus,test.test-bogus.example,cold,4388884,2,False,1788804266.881134,
unbound,bogus,test.test-bogus.example,cold,3903376,2,False,1788804266.8851104,
unbound,bogus,test.test-bogus.example,cold,3308355,2,False,1788804266.8885014,
unbound,bogus,test.test-bogus.example,cold,3416711,2,False,1788804266.8920054,
unbound,bogus,test.test-bogus.example,cold,4695825,2,False,1788804266.8968146,
unbound,bogus,test.test-bogus.example,cold,9238913,2,False,1788804266.9061563,
unbound,bogus,test.test-bogus.example,cold,4989884,2,False,1788804266.9112227,
unbound,bogus,test.test-bogus.example,cold,3828432,2,False,1788804266.9151382,
unbound,bogus,test.test-bogus.example,cold,3309759,2,False,1788804266.9186044,
unbound,bogus,test.test-bogus.example,cold,3055013,2,False,1788804266.9217298,
unbound,bogus,test.test-bogus.example,cold,3388336,2,False,1788804266.925198,
unbound,bogus,test.test-bogus.example,cold,2882899,2,False,1788804266.9281747,
unbound,bogus,test.test-bogus.example,cold,2949686,2,False,1788804266.931199,
unbound,bogus,test.test-bogus.example,cold,2933734,2,False,1788804266.93421,
unbound,bogus,test.test-bogus.example,cold,3012934,2,False,1788804266.9372976,
unbound,bogus,test.test-bogus.example,cold,3062212,2,False,1788804266.940439,
unbound,bogus,test.test-bogus.example,cold,3749789,2,False,1788804266.9442658,
unbound,bogus,test.test-bogus.example,cold,3270383,2,False,1788804266.9476078,
unbound,bogus,test.test-bogus.example,cold,2880584,2,False,1788804266.95055,
unbound,bogus,test.test-bogus.example,cold,2847521,2,False,1788804266.9534712,
unbound,bogus,test.test-bogus.example,cold,3218920,2,False,1788804266.9567685,
unbound,bogus,test.test-bogus.example,cold,3980249,2,False,1788804266.9608335,
unbound,bogus,test.test-bogus.example,cold,3318887,2,False,1788804266.964233,
unbound,bogus,test.test-bogus.example,cold,2937120,2,False,1788804266.9672332,
unbound,bogus,test.test-bogus.example,cold,2861526,2,False,1788804266.9701676,
unbound,bogus,test.test-bogus.example,cold,2996317,2,False,1788804266.9732242,
unbound,bogus,test.test-bogus.example,cold,2903523,2,False,1788804266.9761865,
unbound,bogus,test.test-bogus.example,cold,4354851,2,False,1788804266.980623,
unbound,bogus,test.test-bogus.example,cold,4682070,2,False,1788804266.9854183,
unbound,bogus,test.test-bogus.example,cold,3466742,2,False,1788804266.9889886,
unbound,bogus,test.test-bogus.example,cold,3633535,2,False,1788804266.9926925,
unbound,bogus,test.test-bogus.example,cold,2913150,2,False,1788804266.9956768,
unbound,bogus,test.test-bogus.example,cold,3271447,2,False,1788804266.9991539,
unbound,bogus,test.test-bogus.example,cold,3324964,2,False,1788804267.0026188,
unbound,bogus,test.test-bogus.example,cold,3853696,2,False,1788804267.0065553,
unbound,bogus,test.test-bogus.example,cold,3189051,2,False,1788804267.0098374,
unbound,bogus,test.test-bogus.example,cold,2957751,2,False,1788804267.0128727,
unbound,bogus,test.test-bogus.example,cold,3142040,2,False,1788804267.0160875,
unbound,bogus,test.test-bogus.example,cold,3109849,2,False,1788804267.0192616,
unbound,bogus,test.test-bogus.example,cold,5199595,2,False,1788804267.0245426,
unbound,bogus,test.test-bogus.example,cold,4889274,2,False,1788804267.0295453,
unbound,bogus,test.test-bogus.example,cold,3724241,2,False,1788804267.0333345,
unbound,bogus,test.test-bogus.example,cold,3132342,2,False,1788804267.0365431,
unbound,bogus,test.test-bogus.example,cold,3101493,2,False,1788804267.0397182,
unbound,bogus,test.test-bogus.example,cold,2954191,2,False,1788804267.0427313,
unbound,bogus,test.test-bogus.example,cold,3085519,2,False,1788804267.0458734,
unbound,bogus,test.test-bogus.example,cold,3077861,2,False,1788804267.0490205,
unbound,bogus,test.test-bogus.example,cold,3027684,2,False,1788804267.052118,
unbound,bogus,test.test-bogus.example,cold,2974802,2,False,1788804267.055178,
unbound,bogus,test.test-bogus.example,cold,3240318,2,False,1788804267.0585017,
unbound,bogus,test.test-bogus.example,cold,3303063,2,False,1788804267.0619004,
unbound,bogus,test.test-bogus.example,cold,4719696,2,False,1788804267.0667033,
unbound,bogus,test.test-bogus.example,cold,5996606,2,False,1788804267.0727804,
unbound,bogus,test.test-bogus.example,cold,6061112,2,False,1788804267.0789282,
unbound,bogus,test.test-bogus.example,cold,4013583,2,False,1788804267.0831404,
unbound,bogus,test.test-bogus.example,cold,3771029,2,False,1788804267.0869951,
unbound,bogus,test.test-bogus.example,cold,4159757,2,False,1788804267.091276,
unbound,bogus,test.test-bogus.example,cold,3768221,2,False,1788804267.095134,
unbound,bogus,test.test-bogus.example,cold,3559769,2,False,1788804267.0987837,
unbound,bogus,test.test-bogus.example,cold,3110125,2,False,1788804267.1019773,
unbound,bogus,test.test-bogus.example,cold,3270392,2,False,1788804267.1053357,
unbound,bogus,test.test-bogus.example,cold,3297468,2,False,1788804267.1087112,
unbound,bogus,test.test-bogus.example,cold,3013581,2,False,1788804267.1117961,
unbound,bogus,test.test-bogus.example,cold,2912964,2,False,1788804267.1147742,
unbound,bogus,test.test-bogus.example,cold,3934324,2,False,1788804267.1187944,
unbound,bogus,test.test-bogus.example,cold,4019226,2,False,1788804267.1228867,
unbound,bogus,test.test-bogus.example,cold,3831767,2,False,1788804267.126784,
unbound,bogus,test.test-bogus.example,cold,3032694,2,False,1788804267.1298838,
unbound,bogus,test.test-bogus.example,cold,3016059,2,False,1788804267.1329665,
unbound,bogus,test.test-bogus.example,cold,3882404,2,False,1788804267.1369221,
unbound,bogus,test.test-bogus.example,cold,4214190,2,False,1788804267.1412318,
unbound,bogus,test.test-bogus.example,cold,8316767,2,False,1788804267.149647,
unbound,bogus,test.test-bogus.example,cold,6216456,2,False,1788804267.155949,
unbound,bogus,test.test-bogus.example,cold,5090941,2,False,1788804267.1611395,
unbound,bogus,test.test-bogus.example,cold,6324109,2,False,1788804267.167588,
unbound,bogus,test.test-bogus.example,cold,3867104,2,False,1788804267.1715496,
unbound,bogus,test.test-bogus.example,cold,5299157,2,False,1788804267.1769319,
unbound,bogus,test.test-bogus.example,cold,6115814,2,False,1788804267.1831388,
unbound,bogus,test.test-bogus.example,cold,5205125,2,False,1788804267.1884277,
unbound,bogus,test.test-bogus.example,cold,4673938,2,False,1788804267.1931798,
unbound,bogus,test.test-bogus.example,cold,4160542,2,False,1788804267.1974175,
unbound,bogus,test.test-bogus.example,cold,3889708,2,False,1788804267.2013898,
unbound,bogus,test.test-bogus.example,cold,5011197,2,False,1788804267.2066813,
unbound,bogus,test.test-bogus.example,cold,3992066,2,False,1788804267.2107959,
unbound,bogus,test.test-bogus.example,cold,5313477,2,False,1788804267.2165263,
unbound,bogus,test.test-bogus.example,cold,4057095,2,False,1788804267.2206755,
unbound,bogus,test.test-bogus.example,cold,11712188,2,False,1788804267.2324688,
unbound,bogus,test.test-bogus.example,cold,5439566,2,False,1788804267.2380073,
unbound,bogus,test.test-bogus.example,cold,4816095,2,False,1788804267.2429204,
unbound,bogus,test.test-bogus.example,cold,5706648,2,False,1788804267.2487288,
unbound,bogus,test.test-bogus.example,cold,5839343,2,False,1788804267.2546582,
unbound,bogus,test.test-bogus.example,cold,3974509,2,False,1788804267.258785,
unbound,bogus,test.test-bogus.example,cold,5513680,2,False,1788804267.2643945,
unbound,bogus,test.test-bogus.example,cold,3816799,2,False,1788804267.268298,
unbound,bogus,test.test-bogus.example,cold,3083961,2,False,1788804267.2714536,
unbound,bogus,test.test-bogus.example,cold,4630878,2,False,1788804267.2761526,
unbound,bogus,test.test-bogus.example,cold,3281414,2,False,1788804267.279522,
unbound,bogus,test.test-bogus.example,cold,3189526,2,False,1788804267.2827826,
unbound,bogus,test.test-bogus.example,cold,3051689,2,False,1788804267.2858984,
unbound,bogus,test.test-bogus.example,cold,3129940,2,False,1788804267.289098,
unbound,bogus,test.test-bogus.example,cold,2914956,2,False,1788804267.2920876,
unbound,bogus,test.test-bogus.example,cold,3116896,2,False,1788804267.295268,
unbound,bogus,test.test-bogus.example,cold,2858438,2,False,1788804267.2981834,
unbound,bogus,test.test-bogus.example,cold,4863469,2,False,1788804267.3031156,
unbound,bogus,test.test-bogus.example,cold,4480759,2,False,1788804267.30767,
unbound,bogus,test.test-bogus.example,cold,3209785,2,False,1788804267.3109465,
unbound,bogus,test.test-bogus.example,cold,3240648,2,False,1788804267.3142698,
unbound,bogus,test.test-bogus.example,cold,2950084,2,False,1788804267.3172982,
unbound,bogus,test.test-bogus.example,cold,3141852,2,False,1788804267.3205187,
unbound,bogus,test.test-bogus.example,cold,4974676,2,False,1788804267.325561,
unbound,bogus,test.test-bogus.example,cold,3056043,2,False,1788804267.328679,
unbound,bogus,test.test-bogus.example,cold,3182193,2,False,1788804267.3319347,
unbound,bogus,test.test-bogus.example,cold,3012310,2,False,1788804267.3350494,
unbound,bogus,test.test-bogus.example,cold,2987540,2,False,1788804267.338108,
unbound,bogus,test.test-bogus.example,cold,3210519,2,False,1788804267.3413863,
unbound,bogus,test.test-bogus.example,cold,3443379,2,False,1788804267.3449166,
unbound,bogus,test.test-bogus.example,cold,2966614,2,False,1788804267.3479564,
unbound,bogus,test.test-bogus.example,cold,3048069,2,False,1788804267.351077,
unbound,bogus,test.test-bogus.example,cold,2933510,2,False,1788804267.3540833,
unbound,bogus,test.test-bogus.example,cold,2900210,2,False,1788804267.3570611,
unbound,bogus,test.test-bogus.example,cold,3234747,2,False,1788804267.3603632,
unbound,bogus,test.test-bogus.example,cold,2975328,2,False,1788804267.3634224,
unbound,bogus,test.test-bogus.example,cold,2993316,2,False,1788804267.3665035,
unbound,bogus,test.test-bogus.example,cold,3191740,2,False,1788804267.3697715,
unbound,bogus,test.test-bogus.example,cold,2883688,2,False,1788804267.3727214,
unbound,bogus,test.test-bogus.example,cold,2976687,2,False,1788804267.3757558,
unbound,bogus,test.test-bogus.example,cold,3141230,2,False,1788804267.378972,
unbound,bogus,test.test-bogus.example,cold,3105185,2,False,1788804267.382152,
unbound,bogus,test.test-bogus.example,cold,4256766,2,False,1788804267.3865013,
unbound,bogus,test.test-bogus.example,cold,3621590,2,False,1788804267.3902292,
unbound,bogus,test.test-bogus.example,cold,2876669,2,False,1788804267.393179,
unbound,bogus,test.test-bogus.example,cold,3174135,2,False,1788804267.3964183,
unbound,bogus,test.test-bogus.example,cold,3204145,2,False,1788804267.3997004,
unbound,bogus,test.test-bogus.example,cold,3742179,2,False,1788804267.403522,
unbound,bogus,test.test-bogus.example,cold,3650038,2,False,1788804267.4072502,
unbound,bogus,test.test-bogus.example,cold,4570450,2,False,1788804267.4119058,
unbound,bogus,test.test-bogus.example,cold,5317822,2,False,1788804267.4173217,
unbound,bogus,test.test-bogus.example,cold,3283021,2,False,1788804267.4206889,
unbound,bogus,test.test-bogus.example,cold,4015908,2,False,1788804267.4248233,
unbound,bogus,test.test-bogus.example,cold,3140545,2,False,1788804267.428028,
unbound,bogus,test.test-bogus.example,cold,3050136,2,False,1788804267.431161,
unbound,bogus,test.test-bogus.example,cold,3111786,2,False,1788804267.434355,
unbound,bogus,test.test-bogus.example,cold,3116978,2,False,1788804267.4375927,
unbound,bogus,test.test-bogus.example,cold,3145531,2,False,1788804267.4408083,
unbound,bogus,test.test-bogus.example,cold,3053532,2,False,1788804267.4439266,
unbound,bogus,test.test-bogus.example,cold,3037237,2,False,1788804267.4470248,
unbound,bogus,test.test-bogus.example,cold,3158366,2,False,1788804267.4502609,
unbound,bogus,test.test-bogus.example,cold,3196200,2,False,1788804267.453559,
unbound,bogus,test.test-bogus.example,cold,3004773,2,False,1788804267.4566255,
unbound,bogus,test.test-bogus.example,cold,3266276,2,False,1788804267.4599757,
unbound,bogus,test.test-bogus.example,cold,3695689,2,False,1788804267.4637475,
unbound,bogus,test.test-bogus.example,cold,4078642,2,False,1788804267.4679232,
unbound,bogus,test.test-bogus.example,cold,3351041,2,False,1788804267.4713569,
unbound,bogus,test.test-bogus.example,cold,2893555,2,False,1788804267.4743104,
unbound,bogus,test.test-bogus.example,cold,2970680,2,False,1788804267.4773605,
unbound,bogus,test.test-bogus.example,cold,3123806,2,False,1788804267.4805455,
unbound,bogus,test.test-bogus.example,cold,3579265,2,False,1788804267.4841936,
unbound,bogus,test.test-bogus.example,cold,2975558,2,False,1788804267.4872434,
unbound,bogus,test.test-bogus.example,cold,3077461,2,False,1788804267.4903982,
unbound,bogus,test.test-bogus.example,cold,2840981,2,False,1788804267.4933236,
unbound,bogus,test.test-bogus.example,cold,4262865,2,False,1788804267.4977221,
unbound,bogus,test.test-bogus.example,cold,5100523,2,False,1788804267.502919,
unbound,bogus,test.test-bogus.example,cold,3520890,2,False,1788804267.5065854,
unbound,bogus,test.test-bogus.example,cold,3102835,2,False,1788804267.5097976,
unbound,bogus,test.test-bogus.example,cold,2970380,2,False,1788804267.512838,
unbound,bogus,test.test-bogus.example,cold,2942304,2,False,1788804267.5158615,
unbound,bogus,test.test-bogus.example,cold,3466823,2,False,1788804267.5193977,
unbound,bogus,test.test-bogus.example,cold,2864938,2,False,1788804267.5223305,
unbound,bogus,test.test-bogus.example,cold,2902546,2,False,1788804267.5253305,
unbound,bogus,test.test-bogus.example,cold,2893181,2,False,1788804267.5282862,
unbound,bogus,test.test-bogus.example,cold,3183183,2,False,1788804267.531537,
unbound,bogus,test.test-bogus.example,cold,3187172,2,False,1788804267.5347931,
unbound,bogus,test.test-bogus.example,cold,3539543,2,False,1788804267.5384223,
unbound,bogus,test.test-bogus.example,cold,2997129,2,False,1788804267.5414994,
unbound,bogus,test.test-bogus.example,cold,4492952,2,False,1788804267.5460613,
unbound,bogus,test.test-bogus.example,cold,3189723,2,False,1788804267.5493126,
unbound,bogus,test.test-bogus.example,cold,2997010,2,False,1788804267.5523775,
unbound,bogus,test.test-bogus.example,cold,2811445,2,False,1788804267.5552433,
unbound,bogus,test.test-bogus.example,cold,2911737,2,False,1788804267.5582273,
unbound,bogus,test.test-bogus.example,cold,3119316,2,False,1788804267.5614254,
unbound,bogus,test.test-bogus.example,cold,3152209,2,False,1788804267.5646617,
unbound,bogus,test.test-bogus.example,cold,3206766,2,False,1788804267.567946,
unbound,bogus,test.test-bogus.example,cold,3141477,2,False,1788804267.5711606,
unbound,bogus,test.test-bogus.example,cold,3274204,2,False,1788804267.57451,
unbound,bogus,test.test-bogus.example,cold,3157759,2,False,1788804267.577749,
unbound,bogus,test.test-bogus.example,cold,2941322,2,False,1788804267.5807776,
unbound,bogus,test.test-bogus.example,cold,4015155,2,False,1788804267.5848804,
unbound,bogus,test.test-bogus.example,cold,3713942,2,False,1788804267.5886714,
unbound,bogus,test.test-bogus.example,cold,3758641,2,False,1788804267.5925217,
unbound,bogus,test.test-bogus.example,cold,2903727,2,False,1788804267.5954947,
unbound,bogus,test.test-bogus.example,cold,3317973,2,False,1788804267.5988922,
unbound,bogus,test.test-bogus.example,cold,2944596,2,False,1788804267.6019056,
unbound,bogus,test.test-bogus.example,cold,3220081,2,False,1788804267.605212,
unbound,bogus,test.test-bogus.example,cold,3011277,2,False,1788804267.6083097,
unbound,bogus,test.test-bogus.example,cold,3316188,2,False,1788804267.6116958,
unbound,bogus,test.test-bogus.example,cold,3121010,2,False,1788804267.6148856,
unbound,bogus,test.test-bogus.example,cold,2955062,2,False,1788804267.6179178,
unbound,bogus,test.test-bogus.example,cold,4190068,2,False,1788804267.6221945,
unbound,bogus,test.test-bogus.example,cold,3281328,2,False,1788804267.6255639,
unbound,bogus,test.test-bogus.example,cold,3131505,2,False,1788804267.6287656,
unbound,bogus,test.test-bogus.example,cold,3418709,2,False,1788804267.6322675,
unbound,bogus,test.test-bogus.example,cold,3315479,2,False,1788804267.6356616,
unbound,bogus,test.test-bogus.example,cold,2921838,2,False,1788804267.638662,
unbound,bogus,test.test-bogus.example,cold,3168679,2,False,1788804267.6419153,
unbound,bogus,test.test-bogus.example,cold,3532422,2,False,1788804267.6455452,
unbound,bogus,test.test-bogus.example,cold,2985839,2,False,1788804267.648595,
unbound,bogus,test.test-bogus.example,cold,3247452,2,False,1788804267.6519074,
unbound,bogus,test.test-bogus.example,cold,3070076,2,False,1788804267.655057,
unbound,bogus,test.test-bogus.example,cold,3353873,2,False,1788804267.658495,
unbound,bogus,test.test-bogus.example,cold,5911406,2,False,1788804267.6644976,
unbound,bogus,test.test-bogus.example,cold,5894686,2,False,1788804267.6704924,
unbound,bogus,test.test-bogus.example,cold,5095325,2,False,1788804267.6756752,
unbound,bogus,test.test-bogus.example,cold,3188929,2,False,1788804267.6789398,
unbound,bogus,test.test-bogus.example,cold,5746893,2,False,1788804267.6847577,
unbound,bogus,test.test-bogus.example,cold,3038688,2,False,1788804267.687886,
unbound,bogus,test.test-bogus.example,cold,3232424,2,False,1788804267.6911993,
unbound,bogus,test.test-bogus.example,cold,2868397,2,False,1788804267.694138,
unbound,bogus,test.test-bogus.example,cold,3225065,2,False,1788804267.697425,
unbound,bogus,test.test-bogus.example,cold,3047741,2,False,1788804267.700564,
unbound,bogus,test.test-bogus.example,cold,3661972,2,False,1788804267.7042942,
unbound,bogus,test.test-bogus.example,cold,4645372,2,False,1788804267.7090256,
unbound,bogus,test.test-bogus.example,cold,3525541,2,False,1788804267.7126226,
unbound,bogus,test.test-bogus.example,cold,3526786,2,False,1788804267.7162347,
unbound,bogus,test.test-bogus.example,cold,3338167,2,False,1788804267.7196681,
unbound,bogus,test.test-bogus.example,cold,4143159,2,False,1788804267.7238817,
unbound,bogus,test.test-bogus.example,cold,3293265,2,False,1788804267.7272718,
unbound,bogus,test.test-bogus.example,cold,4733399,2,False,1788804267.7320857,
unbound,bogus,test.test-bogus.example,cold,3366671,2,False,1788804267.7355351,
unbound,bogus,test.test-bogus.example,cold,3222367,2,False,1788804267.7388282,
unbound,bogus,test.test-bogus.example,cold,3620414,2,False,1788804267.7425418,
unbound,bogus,test.test-bogus.example,cold,4298784,2,False,1788804267.7469392,
unbound,bogus,test.test-bogus.example,cold,3540410,2,False,1788804267.7506225,
unbound,bogus,test.test-bogus.example,cold,2946865,2,False,1788804267.7536306,
unbound,bogus,test.test-bogus.example,cold,2927025,2,False,1788804267.7566314,
unbound,bogus,test.test-bogus.example,cold,3072959,2,False,1788804267.7597778,
unbound,bogus,test.test-bogus.example,cold,3473539,2,False,1788804267.7633088,
unbound,bogus,test.test-bogus.example,cold,3593534,2,False,1788804267.7670996,
unbound,bogus,test.test-bogus.example,cold,4334659,2,False,1788804267.771517,
unbound,bogus,test.test-bogus.example,cold,4791558,2,False,1788804267.7763994,
unbound,bogus,test.test-bogus.example,cold,3861469,2,False,1788804267.7803366,
unbound,bogus,test.test-bogus.example,cold,3042589,2,False,1788804267.7834458,
unbound,bogus,test.test-bogus.example,cold,3678804,2,False,1788804267.7872064,
unbound,bogus,test.test-bogus.example,cold,3801185,2,False,1788804267.7910848,
unbound,bogus,test.test-bogus.example,cold,2898228,2,False,1788804267.7940538,
unbound,bogus,test.test-bogus.example,cold,2829090,2,False,1788804267.7969441,
unbound,bogus,test.test-bogus.example,cold,2912879,2,False,1788804267.799917,
unbound,bogus,test.test-bogus.example,cold,3359543,2,False,1788804267.8033495,
unbound,bogus,test.test-bogus.example,cold,3948040,2,False,1788804267.8073874,
unbound,bogus,test.test-bogus.example,cold,3118474,2,False,1788804267.8105693,
unbound,bogus,test.test-bogus.example,cold,2995776,2,False,1788804267.813625,
unbound,bogus,test.test-bogus.example,cold,3100828,2,False,1788804267.8167903,
unbound,bogus,test.test-bogus.example,cold,3108222,2,False,1788804267.8199663,
unbound,bogus,test.test-bogus.example,cold,4688010,2,False,1788804267.824735,
unbound,bogus,test.test-bogus.example,cold,2962568,2,False,1788804267.8277566,
unbound,bogus,test.test-bogus.example,cold,2984550,2,False,1788804267.830814,
unbound,bogus,test.test-bogus.example,cold,3077321,2,False,1788804267.833984,
unbound,bogus,test.test-bogus.example,cold,2894146,2,False,1788804267.8369446,
unbound,bogus,test.test-bogus.example,cold,3233486,2,False,1788804267.8403242,
unbound,bogus,test.test-bogus.example,cold,3164728,2,False,1788804267.8436155,
unbound,bogus,test.test-bogus.example,cold,2984133,2,False,1788804267.846663,
unbound,bogus,test.test-bogus.example,cold,3171093,2,False,1788804267.8498962,
unbound,bogus,test.test-bogus.example,cold,2957806,2,False,1788804267.8529384,
unbound,bogus,test.test-bogus.example,cold,3231882,2,False,1788804267.85626,
unbound,bogus,test.test-bogus.example,cold,2934597,2,False,1788804267.8592498,
unbound,bogus,test.test-bogus.example,cold,2932683,2,False,1788804267.8622491,
unbound,bogus,test.test-bogus.example,cold,3627893,2,False,1788804267.8659549,
unbound,bogus,test.test-bogus.example,cold,3849922,2,False,1788804267.869896,
unbound,bogus,test.test-bogus.example,cold,3158719,2,False,1788804267.8731458,
unbound,bogus,test.test-bogus.example,cold,3041364,2,False,1788804267.8762794,
unbound,bogus,test.test-bogus.example,cold,3105345,2,False,1788804267.8794646,
unbound,bogus,test.test-bogus.example,cold,2878062,2,False,1788804267.8824208,
unbound,bogus,test.test-bogus.example,cold,3949002,2,False,1788804267.8864448,
unbound,bogus,test.test-bogus.example,cold,4133276,2,False,1788804267.8906705,
unbound,bogus,test.test-bogus.example,cold,3388135,2,False,1788804267.8941336,
unbound,bogus,test.test-bogus.example,cold,2893234,2,False,1788804267.8970928,
unbound,bogus,test.test-bogus.example,cold,3663581,2,False,1788804267.9008307,
unbound,bogus,test.test-bogus.example,cold,4834245,2,False,1788804267.905749,
unbound,bogus,test.test-bogus.example,cold,4584427,2,False,1788804267.9104216,
unbound,bogus,test.test-bogus.example,cold,3294686,2,False,1788804267.9137962,
unbound,bogus,test.test-bogus.example,cold,3126242,2,False,1788804267.9170284,
unbound,bogus,test.test-bogus.example,cold,3360888,2,False,1788804267.920507,
unbound,bogus,test.test-bogus.example,cold,3758286,2,False,1788804267.9243364,
unbound,bogus,test.test-bogus.example,cold,3064909,2,False,1788804267.9274817,
unbound,bogus,test.test-bogus.example,cold,3125595,2,False,1788804267.9306695,
unbound,bogus,test.test-bogus.example,cold,3147045,2,False,1788804267.9338884,
unbound,bogus,test.test-bogus.example,cold,3049857,2,False,1788804267.937002,
unbound,bogus,test.test-bogus.example,cold,2867467,2,False,1788804267.9399414,
unbound,bogus,test.test-bogus.example,cold,3698863,2,False,1788804267.9437046,
unbound,bogus,test.test-bogus.example,cold,3312338,2,False,1788804267.947098,
unbound,bogus,test.test-bogus.example,cold,4237552,2,False,1788804267.9514184,
unbound,bogus,test.test-bogus.example,cold,3027507,2,False,1788804267.9545105,
unbound,bogus,test.test-bogus.example,cold,3012696,2,False,1788804267.9575977,
unbound,bogus,test.test-bogus.example,cold,4448962,2,False,1788804267.9921737,
unbound,bogus,test.test-bogus.example,cold,4996014,2,False,1788804267.997295,
unbound,bogus,test.test-bogus.example,cold,3415442,2,False,1788804268.0008144,
unbound,bogus,test.test-bogus.example,cold,3378617,2,False,1788804268.0042837,
unbound,bogus,test.test-bogus.example,cold,3177685,2,False,1788804268.007537,
unbound,bogus,test.test-bogus.example,cold,4308011,2,False,1788804268.011918,
unbound,bogus,test.test-bogus.example,cold,4131664,2,False,1788804268.0161335,
unbound,bogus,test.test-bogus.example,cold,3600953,2,False,1788804268.0198343,
unbound,bogus,test.test-bogus.example,cold,3093005,2,False,1788804268.0230029,
unbound,bogus,test.test-bogus.example,cold,3133734,2,False,1788804268.0261989,
unbound,bogus,test.test-bogus.example,cold,3254343,2,False,1788804268.029511,
unbound,bogus,test.test-bogus.example,cold,2986330,2,False,1788804268.0325708,
unbound,bogus,test.test-bogus.example,cold,3045047,2,False,1788804268.0356796,
unbound,bogus,test.test-bogus.example,cold,3104596,2,False,1788804268.0388548,
unbound,bogus,test.test-bogus.example,cold,4341605,2,False,1788804268.0432603,
unbound,bogus,test.test-bogus.example,cold,3792089,2,False,1788804268.04723,
unbound,bogus,test.test-bogus.example,cold,3471725,2,False,1788804268.050775,
unbound,bogus,test.test-bogus.example,cold,4266866,2,False,1788804268.0551224,
unbound,bogus,test.test-bogus.example,cold,4947575,2,False,1788804268.0604234,
unbound,bogus,test.test-bogus.example,cold,3249737,2,False,1788804268.0637527,
unbound,bogus,test.test-bogus.example,cold,3168688,2,False,1788804268.0669763,
unbound,bogus,test.test-bogus.example,cold,3053863,2,False,1788804268.070085,
unbound,bogus,test.test-bogus.example,cold,3236525,2,False,1788804268.0734015,
unbound,bogus,test.test-bogus.example,cold,4246812,2,False,1788804268.0777254,
unbound,bogus,test.test-bogus.example,cold,2933088,2,False,1788804268.0807288,
unbound,bogus,test.test-bogus.example,cold,3149799,2,False,1788804268.0839438,
unbound,bogus,test.test-bogus.example,cold,2929749,2,False,1788804268.0869443,
unbound,bogus,test.test-bogus.example,cold,3057529,2,False,1788804268.0900645,
unbound,bogus,test.test-bogus.example,cold,3368712,2,False,1788804268.0935133,
unbound,bogus,test.test-bogus.example,cold,3276398,2,False,1788804268.0968776,
unbound,bogus,test.test-bogus.example,cold,3082595,2,False,1788804268.1000395,
unbound,bogus,test.test-bogus.example,cold,3096213,2,False,1788804268.1032228,
unbound,bogus,test.test-bogus.example,cold,3662035,2,False,1788804268.1069536,
unbound,bogus,test.test-bogus.example,cold,3115032,2,False,1788804268.1101232,
unbound,bogus,test.test-bogus.example,cold,2999177,2,False,1788804268.113214,
unbound,bogus,test.test-bogus.example,cold,3049510,2,False,1788804268.1163397,
unbound,bogus,test.test-bogus.example,cold,3021125,2,False,1788804268.1194708,
unbound,bogus,test.test-bogus.example,cold,3140173,2,False,1788804268.1226807,
unbound,bogus,test.test-bogus.example,cold,3038536,2,False,1788804268.1257765,
unbound,bogus,test.test-bogus.example,cold,3267905,2,False,1788804268.1291225,
unbound,bogus,test.test-bogus.example,cold,2891081,2,False,1788804268.1320958,
unbound,bogus,test.test-bogus.example,cold,4949925,2,False,1788804268.1371124,
unbound,bogus,test.test-bogus.example,cold,5517185,2,False,1788804268.1427317,
unbound,bogus,test.test-bogus.example,cold,5113261,2,False,1788804268.1479328,
unbound,bogus,test.test-bogus.example,cold,3834395,2,False,1788804268.1518388,
unbound,bogus,test.test-bogus.example,cold,3760182,2,False,1788804268.1556776,
unbound,bogus,test.test-bogus.example,cold,3204948,2,False,1788804268.1589553,
unbound,bogus,test.test-bogus.example,cold,2913933,2,False,1788804268.1619434,
unbound,bogus,test.test-bogus.example,cold,3051701,2,False,1788804268.1650727,
unbound,bogus,test.test-bogus.example,cold,3325963,2,False,1788804268.1684966,
unbound,bogus,test.test-bogus.example,cold,2918695,2,False,1788804268.1717622,
unbound,bogus,test.test-bogus.example,cold,4259944,2,False,1788804268.1761026,
unbound,bogus,test.test-bogus.example,cold,2977991,2,False,1788804268.1791604,
unbound,bogus,test.test-bogus.example,cold,3053958,2,False,1788804268.182278,
unbound,bogus,test.test-bogus.example,cold,3211935,2,False,1788804268.1855726,
unbound,bogus,test.test-bogus.example,cold,2859240,2,False,1788804268.1885033,
unbound,bogus,test.test-bogus.example,cold,2967797,2,False,1788804268.1915512,
unbound,bogus,test.test-bogus.example,cold,2999333,2,False,1788804268.1946228,
unbound,bogus,test.test-bogus.example,cold,2922652,2,False,1788804268.197628,
unbound,bogus,test.test-bogus.example,cold,3063237,2,False,1788804268.2007837,
unbound,bogus,test.test-bogus.example,cold,3098680,2,False,1788804268.2039528,
unbound,bogus,test.test-bogus.example,cold,3117493,2,False,1788804268.2071536,
unbound,bogus,test.test-bogus.example,cold,3709743,2,False,1788804268.2109528,
unbound,bogus,test.test-bogus.example,cold,6164294,2,False,1788804268.2172155,
unbound,bogus,test.test-bogus.example,cold,5716646,2,False,1788804268.2230396,
unbound,bogus,test.test-bogus.example,cold,4451099,2,False,1788804268.2275915,
unbound,bogus,test.test-bogus.example,cold,4157503,2,False,1788804268.2318244,
unbound,bogus,test.test-bogus.example,cold,4836772,2,False,1788804268.2367516,
unbound,bogus,test.test-bogus.example,cold,5409366,2,False,1788804268.2422538,
unbound,bogus,test.test-bogus.example,cold,3871474,2,False,1788804268.2461905,
unbound,bogus,test.test-bogus.example,cold,3539832,2,False,1788804268.2499602,
unbound,bogus,test.test-bogus.example,cold,4027962,2,False,1788804268.2540913,
unbound,bogus,test.test-bogus.example,cold,3978765,2,False,1788804268.2581584,
unbound,bogus,test.test-bogus.example,cold,4127377,2,False,1788804268.26237,
unbound,bogus,test.test-bogus.example,cold,3041529,2,False,1788804268.2654893,
unbound,bogus,test.test-bogus.example,cold,2918646,2,False,1788804268.268492,
unbound,bogus,test.test-bogus.example,cold,2905190,2,False,1788804268.2714758,
unbound,bogus,test.test-bogus.example,cold,3095059,2,False,1788804268.2746449,
unbound,bogus,test.test-bogus.example,cold,2985644,2,False,1788804268.2777054,
unbound,bogus,test.test-bogus.example,cold,2870486,2,False,1788804268.2806442,
unbound,bogus,test.test-bogus.example,cold,3505472,2,False,1788804268.2842216,
unbound,bogus,test.test-bogus.example,cold,2806662,2,False,1788804268.2870915,
unbound,bogus,test.test-bogus.example,cold,3127313,2,False,1788804268.2902904,
unbound,bogus,test.test-bogus.example,cold,3424869,2,False,1788804268.2937787,
unbound,bogus,test.test-bogus.example,cold,5694920,2,False,1788804268.2996101,
unbound,bogus,test.test-bogus.example,cold,6248899,2,False,1788804268.3059423,
unbound,bogus,test.test-bogus.example,cold,4976844,2,False,1788804268.3109875,
unbound,bogus,test.test-bogus.example,cold,3446850,2,False,1788804268.314503,
unbound,bogus,test.test-bogus.example,cold,3395161,2,False,1788804268.317987,
unbound,bogus,test.test-bogus.example,cold,2939828,2,False,1788804268.3210185,
unbound,bogus,test.test-bogus.example,cold,2878461,2,False,1788804268.3239644,
unbound,bogus,test.test-bogus.example,cold,2887474,2,False,1788804268.326988,
unbound,bogus,test.test-bogus.example,cold,2891094,2,False,1788804268.3299603,
unbound,bogus,test.test-bogus.example,cold,3516739,2,False,1788804268.333545,
unbound,bogus,test.test-bogus.example,cold,4125018,2,False,1788804268.3377664,
unbound,bogus,test.test-bogus.example,cold,3588115,2,False,1788804268.3414392,
unbound,bogus,test.test-bogus.example,cold,3138219,2,False,1788804268.3446486,
unbound,bogus,test.test-bogus.example,cold,3098651,2,False,1788804268.3478036,
unbound,bogus,test.test-bogus.example,cold,3000617,2,False,1788804268.3508837,
unbound,bogus,test.test-bogus.example,cold,3072269,2,False,1788804268.3540123,
unbound,bogus,test.test-bogus.example,cold,3049146,2,False,1788804268.3571317,
unbound,bogus,test.test-bogus.example,cold,2927252,2,False,1788804268.3601236,
unbound,bogus,test.test-bogus.example,cold,3555345,2,False,1788804268.3637576,
unbound,bogus,test.test-bogus.example,cold,4053240,2,False,1788804268.3679047,
unbound,bogus,test.test-bogus.example,cold,4954317,2,False,1788804268.37295,
unbound,bogus,test.test-bogus.example,cold,4179527,2,False,1788804268.3772187,
unbound,bogus,test.test-bogus.example,cold,2880965,2,False,1788804268.3801603,
unbound,bogus,test.test-bogus.example,cold,5997949,2,False,1788804268.3862178,
unbound,bogus,test.test-bogus.example,cold,3951122,2,False,1788804268.3902664,
unbound,bogus,test.test-bogus.example,cold,3570974,2,False,1788804268.3939345,
unbound,bogus,test.test-bogus.example,cold,4577322,2,False,1788804268.3985987,
unbound,bogus,test.test-bogus.example,cold,4286553,2,False,1788804268.4029896,
unbound,bogus,test.test-bogus.example,cold,3282467,2,False,1788804268.4063559,
unbound,bogus,test.test-bogus.example,cold,3884992,2,False,1788804268.4103463,
unbound,bogus,test.test-bogus.example,cold,3485627,2,False,1788804268.4139183,
unbound,bogus,test.test-bogus.example,cold,4551221,2,False,1788804268.4185574,
unbound,bogus,test.test-bogus.example,cold,6145524,2,False,1788804268.4247885,
unbound,bogus,test.test-bogus.example,cold,4216828,2,False,1788804268.4290853,
unbound,bogus,test.test-bogus.example,cold,4304192,2,False,1788804268.4334714,
unbound,bogus,test.test-bogus.example,cold,3433100,2,False,1788804268.4369807,
unbound,bogus,test.test-bogus.example,cold,3084294,2,False,1788804268.4401307,
unbound,bogus,test.test-bogus.example,cold,2906920,2,False,1788804268.443095,
unbound,bogus,test.test-bogus.example,cold,3062379,2,False,1788804268.4462283,
unbound,bogus,test.test-bogus.example,cold,3140194,2,False,1788804268.4494298,
unbound,bogus,test.test-bogus.example,cold,3244505,2,False,1788804268.4527583,
unbound,bogus,test.test-bogus.example,cold,7795523,2,False,1788804268.4606402,
unbound,bogus,test.test-bogus.example,cold,3025188,2,False,1788804268.4637592,
unbound,bogus,test.test-bogus.example,cold,3339751,2,False,1788804268.467163,
unbound,bogus,test.test-bogus.example,cold,3273768,2,False,1788804268.4705124,
unbound,bogus,test.test-bogus.example,cold,2981005,2,False,1788804268.4735618,
unbound,bogus,test.test-bogus.example,cold,4228957,2,False,1788804268.4778707,
unbound,bogus,test.test-bogus.example,cold,3315072,2,False,1788804268.4812665,
unbound,bogus,test.test-bogus.example,cold,3221082,2,False,1788804268.4845543,
unbound,bogus,test.test-bogus.example,cold,3142471,2,False,1788804268.4877706,
unbound,bogus,test.test-bogus.example,cold,2945576,2,False,1788804268.490784,
unbound,bogus,test.test-bogus.example,cold,4534148,2,False,1788804268.4953837,
unbound,bogus,test.test-bogus.example,cold,3284937,2,False,1788804268.4987483,
unbound,bogus,test.test-bogus.example,cold,2983914,2,False,1788804268.5018032,
unbound,bogus,test.test-bogus.example,cold,3466556,2,False,1788804268.5053608,
unbound,bogus,test.test-bogus.example,cold,3189333,2,False,1788804268.5086262,
unbound,bogus,test.test-bogus.example,cold,3089033,2,False,1788804268.5117948,
unbound,bogus,test.test-bogus.example,cold,5025556,2,False,1788804268.51689,
unbound,bogus,test.test-bogus.example,cold,3390092,2,False,1788804268.5203693,
unbound,bogus,test.test-bogus.example,cold,3099020,2,False,1788804268.5235739,
unbound,bogus,test.test-bogus.example,cold,2924220,2,False,1788804268.5265827,
unbound,bogus,test.test-bogus.example,cold,3474584,2,False,1788804268.5301216,
unbound,bogus,test.test-bogus.example,cold,2929325,2,False,1788804268.5331259,
unbound,bogus,test.test-bogus.example,cold,3213922,2,False,1788804268.5364354,
unbound,bogus,test.test-bogus.example,cold,3627269,2,False,1788804268.540142,
unbound,bogus,test.test-bogus.example,cold,3225669,2,False,1788804268.5434387,
unbound,bogus,test.test-bogus.example,cold,2983570,2,False,1788804268.5464954,
unbound,bogus,test.test-bogus.example,cold,2963623,2,False,1788804268.549531,
unbound,bogus,test.test-bogus.example,cold,3110733,2,False,1788804268.5527153,
unbound,bogus,test.test-bogus.example,cold,4416164,2,False,1788804268.5572078,
unbound,bogus,test.test-bogus.example,cold,3253994,2,False,1788804268.5605438,
unbound,bogus,test.test-bogus.example,cold,3908022,2,False,1788804268.5645547,
unbound,bogus,test.test-bogus.example,cold,4718036,2,False,1788804268.5693738,
unbound,bogus,test.test-bogus.example,cold,3559691,2,False,1788804268.5730305,
unbound,bogus,test.test-bogus.example,cold,3282191,2,False,1788804268.5763931,
unbound,bogus,test.test-bogus.example,cold,3287452,2,False,1788804268.5797858,
unbound,bogus,test.test-bogus.example,cold,3017172,2,False,1788804268.5828803,
unbound,bogus,test.test-bogus.example,cold,3061583,2,False,1788804268.5860283,
unbound,bogus,test.test-bogus.example,cold,3140677,2,False,1788804268.5892396,
unbound,bogus,test.test-bogus.example,cold,2866680,2,False,1788804268.5921667,
unbound,bogus,test.test-bogus.example,cold,2926551,2,False,1788804268.5951586,
unbound,bogus,test.test-bogus.example,cold,2842814,2,False,1788804268.5980656,
unbound,bogus,test.test-bogus.example,cold,3102182,2,False,1788804268.6012368,
unbound,bogus,test.test-bogus.example,cold,3561870,2,False,1788804268.604872,
unbound,bogus,test.test-bogus.example,cold,2948302,2,False,1788804268.6078951,
unbound,bogus,test.test-bogus.example,cold,3236757,2,False,1788804268.611203,
unbound,bogus,test.test-bogus.example,cold,5588335,2,False,1788804268.6168702,
unbound,bogus,test.test-bogus.example,cold,4578247,2,False,1788804268.6215289,
unbound,bogus,test.test-bogus.example,cold,3307536,2,False,1788804268.624893,
unbound,bogus,test.test-bogus.example,cold,3110572,2,False,1788804268.6280696,
unbound,bogus,test.test-bogus.example,cold,3084819,2,False,1788804268.6312182,
unbound,bogus,test.test-bogus.example,cold,3658157,2,False,1788804268.6349552,
unbound,bogus,test.test-bogus.example,cold,3405141,2,False,1788804268.638435,
unbound,bogus,test.test-bogus.example,cold,2934013,2,False,1788804268.641435,
unbound,bogus,test.test-bogus.example,cold,3039806,2,False,1788804268.6445327,
unbound,bogus,test.test-bogus.example,cold,2920736,2,False,1788804268.6475163,
unbound,bogus,test.test-bogus.example,cold,3003505,2,False,1788804268.650636,
unbound,bogus,test.test-bogus.example,cold,4029627,2,False,1788804268.6547275,
unbound,bogus,test.test-bogus.example,cold,5555315,2,False,1788804268.6603694,
unbound,bogus,test.test-bogus.example,cold,4686335,2,False,1788804268.6651623,
unbound,bogus,test.test-bogus.example,cold,4097596,2,False,1788804268.669353,
unbound,bogus,test.test-bogus.example,cold,3290668,2,False,1788804268.6727164,
unbound,bogus,test.test-bogus.example,cold,2829389,2,False,1788804268.6756177,
unbound,bogus,test.test-bogus.example,cold,2841208,2,False,1788804268.6785228,
unbound,bogus,test.test-bogus.example,cold,3034959,2,False,1788804268.6816287,
unbound,bogus,test.test-bogus.example,cold,3214350,2,False,1788804268.684919,
unbound,bogus,test.test-bogus.example,cold,3722071,2,False,1788804268.6887016,
unbound,bogus,test.test-bogus.example,cold,2964705,2,False,1788804268.6917572,
unbound,bogus,test.test-bogus.example,cold,3505063,2,False,1788804268.6953375,
unbound,bogus,test.test-bogus.example,cold,3633042,2,False,1788804268.699065,
unbound,bogus,test.test-bogus.example,cold,3959101,2,False,1788804268.7031043,
unbound,bogus,test.test-bogus.example,cold,3060264,2,False,1788804268.7062356,
unbound,bogus,test.test-bogus.example,cold,3028837,2,False,1788804268.7093256,
unbound,bogus,test.test-bogus.example,cold,3014391,2,False,1788804268.7123942,
unbound,bogus,test.test-bogus.example,cold,4133808,2,False,1788804268.7166321,
unbound,bogus,test.test-bogus.example,cold,4053432,2,False,1788804268.720781,
unbound,bogus,test.test-bogus.example,cold,2845285,2,False,1788804268.723687,
unbound,bogus,test.test-bogus.example,cold,3312504,2,False,1788804268.7270684,
unbound,bogus,test.test-bogus.example,cold,3014754,2,False,1788804268.730163,
unbound,bogus,test.test-bogus.example,cold,3155867,2,False,1788804268.7333975,
unbound,bogus,test.test-bogus.example,cold,3517809,2,False,1788804268.7370114,
unbound,bogus,test.test-bogus.example,cold,2860066,2,False,1788804268.7399487,
unbound,bogus,test.test-bogus.example,cold,2908783,2,False,1788804268.7429137,
unbound,bogus,test.test-bogus.example,cold,2892756,2,False,1788804268.7458725,
unbound,bogus,test.test-bogus.example,cold,3086775,2,False,1788804268.749037,
unbound,bogus,test.test-bogus.example,cold,3161495,2,False,1788804268.7522824,
unbound,bogus,test.test-bogus.example,cold,2901720,2,False,1788804268.7552705,
unbound,bogus,test.test-bogus.example,cold,3305707,2,False,1788804268.758633,
unbound,bogus,test.test-bogus.example,cold,3219073,2,False,1788804268.7619207,
unbound,bogus,test.test-bogus.example,cold,3231627,2,False,1788804268.7652218,
unbound,bogus,test.test-bogus.example,cold,3103264,2,False,1788804268.7683973,
unbound,bogus,test.test-bogus.example,cold,3119550,2,False,1788804268.7716107,
unbound,bogus,test.test-bogus.example,cold,3955486,2,False,1788804268.775633,
unbound,bogus,test.test-bogus.example,cold,3525362,2,False,1788804268.7792466,
unbound,bogus,test.test-bogus.example,cold,4256436,2,False,1788804268.7836032,
unbound,bogus,test.test-bogus.example,cold,3056286,2,False,1788804268.7867231,
unbound,bogus,test.test-bogus.example,cold,3378280,2,False,1788804268.7901886,
unbound,bogus,test.test-bogus.example,cold,3096760,2,False,1788804268.7933605,
unbound,bogus,test.test-bogus.example,cold,4739723,2,False,1788804268.7981832,
unbound,bogus,test.test-bogus.example,cold,3134385,2,False,1788804268.8013985,
unbound,bogus,test.test-bogus.example,cold,3140839,2,False,1788804268.8046,
unbound,bogus,test.test-bogus.example,cold,3121999,2,False,1788804268.8077977,
unbound,bogus,test.test-bogus.example,cold,2989100,2,False,1788804268.8108692,
unbound,bogus,test.test-bogus.example,cold,3634191,2,False,1788804268.814582,
unbound,bogus,test.test-bogus.example,cold,3095989,2,False,1788804268.8177485,
unbound,bogus,test.test-bogus.example,cold,2918650,2,False,1788804268.8207421,
unbound,bogus,test.test-bogus.example,cold,3036230,2,False,1788804268.8238432,
unbound,bogus,test.test-bogus.example,cold,2983425,2,False,1788804268.8268917,
unbound,bogus,test.test-bogus.example,cold,2897835,2,False,1788804268.829858,
unbound,bogus,test.test-bogus.example,cold,2945338,2,False,1788804268.832862,
unbound,bogus,test.test-bogus.example,cold,3063913,2,False,1788804268.8360062,
unbound,bogus,test.test-bogus.example,cold,3530733,2,False,1788804268.8396027,
unbound,bogus,test.test-bogus.example,cold,5540317,2,False,1788804268.8452363,
unbound,bogus,test.test-bogus.example,cold,4630483,2,False,1788804268.849959,
unbound,bogus,test.test-bogus.example,cold,4864488,2,False,1788804268.8549042,
unbound,bogus,test.test-bogus.example,cold,5612909,2,False,1788804268.8606124,
unbound,bogus,test.test-bogus.example,cold,3830513,2,False,1788804268.8645473,
unbound,bogus,test.test-bogus.example,cold,3091416,2,False,1788804268.8677163,
unbound,bogus,test.test-bogus.example,cold,3116426,2,False,1788804268.870908,
unbound,bogus,test.test-bogus.example,cold,3253147,2,False,1788804268.8742485,
unbound,bogus,test.test-bogus.example,cold,2962165,2,False,1788804268.877286,
unbound,bogus,test.test-bogus.example,cold,2877771,2,False,1788804268.8802252,
unbound,bogus,test.test-bogus.example,cold,3201410,2,False,1788804268.8835683,
unbound,bogus,test.test-bogus.example,cold,2938897,2,False,1788804268.886562,
unbound,bogus,test.test-bogus.example,cold,3447980,2,False,1788804268.8900864,
unbound,bogus,test.test-bogus.example,cold,3338427,2,False,1788804268.893503,
unbound,bogus,test.test-bogus.example,cold,3278263,2,False,1788804268.8968635,
unbound,bogus,test.test-bogus.example,cold,3254699,2,False,1788804268.9002032,
unbound,bogus,test.test-bogus.example,cold,2913601,2,False,1788804268.9031832,
unbound,bogus,test.test-bogus.example,cold,3193285,2,False,1788804268.906442,
unbound,bogus,test.test-bogus.example,cold,5044139,2,False,1788804268.9115577,
unbound,bogus,test.test-bogus.example,cold,3878477,2,False,1788804268.9155083,
unbound,bogus,test.test-bogus.example,cold,3220342,2,False,1788804268.9188101,
unbound,bogus,test.test-bogus.example,cold,3190246,2,False,1788804268.9220896,
unbound,bogus,test.test-bogus.example,cold,2894294,2,False,1788804268.9250631,
unbound,bogus,test.test-bogus.example,cold,3839262,2,False,1788804268.928974,
unbound,bogus,test.test-bogus.example,cold,3053670,2,False,1788804268.9321063,
unbound,bogus,test.test-bogus.example,cold,4040449,2,False,1788804268.936208,
unbound,bogus,test.test-bogus.example,cold,3737734,2,False,1788804268.9401574,
unbound,bogus,test.test-bogus.example,cold,3724672,2,False,1788804268.9439754,
unbound,bogus,test.test-bogus.example,cold,2971631,2,False,1788804268.947022,
unbound,bogus,test.test-bogus.example,cold,3062612,2,False,1788804268.9501448,
unbound,bogus,test.test-bogus.example,cold,3489241,2,False,1788804268.9536977,
unbound,bogus,test.test-bogus.example,cold,5851542,2,False,1788804268.959628,
unbound,bogus,test.test-bogus.example,cold,3701589,2,False,1788804268.9634242,
unbound,bogus,test.test-bogus.example,cold,4194415,2,False,1788804268.9677105,
unbound,bogus,test.test-bogus.example,cold,5012306,2,False,1788804268.972809,
unbound,bogus,test.test-bogus.example,cold,3950275,2,False,1788804268.9768925,
unbound,bogus,test.test-bogus.example,cold,5005732,2,False,1788804268.981975,
unbound,bogus,test.test-bogus.example,cold,4597798,2,False,1788804268.9866583,
unbound,bogus,test.test-bogus.example,cold,4132969,2,False,1788804268.9908755,
unbound,bogus,test.test-bogus.example,cold,4902238,2,False,1788804268.9958658,
unbound,bogus,test.test-bogus.example,cold,3420065,2,False,1788804268.9993517,
unbound,bogus,test.test-bogus.example,cold,3153354,2,False,1788804269.0025954,
unbound,bogus,test.test-bogus.example,cold,2865489,2,False,1788804269.0055335,
unbound,bogus,test.test-bogus.example,cold,3041426,2,False,1788804269.008652,
unbound,bogus,test.test-bogus.example,cold,3055356,2,False,1788804269.011785,
unbound,bogus,test.test-bogus.example,cold,3480995,2,False,1788804269.0153284,
unbound,bogus,test.test-bogus.example,cold,4497874,2,False,1788804269.019909,
unbound,bogus,test.test-bogus.example,cold,3790378,2,False,1788804269.0237758,
unbound,bogus,test.test-bogus.example,cold,3030189,2,False,1788804269.0268734,
unbound,bogus,test.test-bogus.example,cold,3060011,2,False,1788804269.030002,
unbound,bogus,test.test-bogus.example,cold,3138444,2,False,1788804269.0332127,
unbound,bogus,test.test-bogus.example,cold,4447759,2,False,1788804269.0377302,
unbound,bogus,test.test-bogus.example,cold,3173370,2,False,1788804269.040976,
unbound,bogus,test.test-bogus.example,cold,3115179,2,False,1788804269.0441625,
unbound,bogus,test.test-bogus.example,cold,3049661,2,False,1788804269.0472867,
unbound,bogus,test.test-bogus.example,cold,3000668,2,False,1788804269.0503573,
unbound,bogus,test.test-bogus.example,cold,3545450,2,False,1788804269.0539784,
unbound,bogus,test.test-bogus.example,cold,3092001,2,False,1788804269.0571458,
unbound,bogus,test.test-bogus.example,cold,2998663,2,False,1788804269.0602047,
unbound,bogus,test.test-bogus.example,cold,3775558,2,False,1788804269.0640538,
unbound,bogus,test.test-bogus.example,cold,2863844,2,False,1788804269.0669882,
unbound,bogus,test.test-bogus.example,cold,5336219,2,False,1788804269.072394,
unbound,bogus,test.test-bogus.example,cold,2957225,2,False,1788804269.075466,
unbound,bogus,test.test-bogus.example,cold,5273923,2,False,1788804269.0808027,
unbound,bogus,test.test-bogus.example,cold,4006573,2,False,1788804269.084897,
unbound,bogus,test.test-bogus.example,cold,3211699,2,False,1788804269.0881822,
unbound,bogus,test.test-bogus.example,cold,3231007,2,False,1788804269.0914748,
unbound,bogus,test.test-bogus.example,cold,3087459,2,False,1788804269.0946488,
unbound,bogus,test.test-bogus.example,cold,5224652,2,False,1788804269.0999486,
unbound,bogus,test.test-bogus.example,cold,3969915,2,False,1788804269.1040337,
unbound,bogus,test.test-bogus.example,cold,5608676,2,False,1788804269.1098278,
unbound,bogus,test.test-bogus.example,cold,5026461,2,False,1788804269.1149518,
unbound,bogus,test.test-bogus.example,cold,3667927,2,False,1788804269.118696,
unbound,bogus,test.test-bogus.example,cold,3616794,2,False,1788804269.1223779,
unbound,bogus,test.test-bogus.example,cold,4013901,2,False,1788804269.126461,
unbound,bogus,test.test-bogus.example,cold,3196590,2,False,1788804269.1297312,
unbound,bogus,test.test-bogus.example,cold,3051334,2,False,1788804269.1329257,
unbound,bogus,test.test-bogus.example,cold,2900374,2,False,1788804269.1358807,
unbound,bogus,test.test-bogus.example,cold,3387836,2,False,1788804269.1393456,
unbound,bogus,test.test-bogus.example,cold,3034810,2,False,1788804269.1424537,
unbound,bogus,test.test-bogus.example,cold,2978620,2,False,1788804269.1455028,
unbound,bogus,test.test-bogus.example,cold,2927119,2,False,1788804269.1484985,
unbound,bogus,test.test-bogus.example,cold,5309885,2,False,1788804269.1538668,
unbound,bogus,test.test-bogus.example,cold,3088528,2,False,1788804269.1570144,
unbound,bogus,test.test-bogus.example,cold,2943640,2,False,1788804269.1600108,
unbound,bogus,test.test-bogus.example,cold,2898021,2,False,1788804269.162975,
unbound,bogus,test.test-bogus.example,cold,3369981,2,False,1788804269.1664197,
unbound,bogus,test.test-bogus.example,cold,3001213,2,False,1788804269.1694922,
unbound,bogus,test.test-bogus.example,cold,3213377,2,False,1788804269.1727827,
unbound,bogus,test.test-bogus.example,cold,3582298,2,False,1788804269.1764343,
unbound,bogus,test.test-bogus.example,cold,4901386,2,False,1788804269.1814375,
unbound,bogus,test.test-bogus.example,cold,3394274,2,False,1788804269.1849258,
unbound,bogus,test.test-bogus.example,cold,3073305,2,False,1788804269.1880586,
unbound,bogus,test.test-bogus.example,cold,3076012,2,False,1788804269.1912086,
unbound,bogus,test.test-bogus.example,cold,3060124,2,False,1788804269.1943412,
unbound,bogus,test.test-bogus.example,cold,3501968,2,False,1788804269.1979086,
unbound,bogus,test.test-bogus.example,cold,2969332,2,False,1788804269.2009373,
unbound,bogus,test.test-bogus.example,cold,3085524,2,False,1788804269.204102,
unbound,bogus,test.test-bogus.example,cold,3579879,2,False,1788804269.2077537,
unbound,bogus,test.test-bogus.example,cold,3001559,2,False,1788804269.210817,
unbound,bogus,test.test-bogus.example,cold,2951855,2,False,1788804269.2138484,
unbound,bogus,test.test-bogus.example,cold,3121210,2,False,1788804269.2170386,
unbound,bogus,test.test-bogus.example,cold,3116980,2,False,1788804269.2202258,
unbound,bogus,test.test-bogus.example,cold,2901207,2,False,1788804269.2231824,
unbound,bogus,test.test-bogus.example,cold,3118054,2,False,1788804269.2263675,
unbound,bogus,test.test-bogus.example,cold,3109807,2,False,1788804269.2295675,
unbound,bogus,test.test-bogus.example,cold,3612828,2,False,1788804269.2332625,
unbound,bogus,test.test-bogus.example,cold,3135933,2,False,1788804269.2364693,
unbound,bogus,test.test-bogus.example,cold,3161588,2,False,1788804269.239694,
unbound,bogus,test.test-bogus.example,cold,2839083,2,False,1788804269.242595,
unbound,bogus,test.test-bogus.example,cold,3068589,2,False,1788804269.2457185,
unbound,bogus,test.test-bogus.example,cold,2982633,2,False,1788804269.248773,
unbound,bogus,test.test-bogus.example,cold,3177052,2,False,1788804269.2520304,
unbound,bogus,test.test-bogus.example,cold,3272955,2,False,1788804269.2553792,
unbound,bogus,test.test-bogus.example,cold,3500669,2,False,1788804269.2589698,
unbound,bogus,test.test-bogus.example,cold,3790289,2,False,1788804269.262835,
unbound,bogus,test.test-bogus.example,cold,3216050,2,False,1788804269.2661119,
unbound,bogus,test.test-bogus.example,cold,2969748,2,False,1788804269.2691567,
unbound,bogus,test.test-bogus.example,cold,2954192,2,False,1788804269.2721822,
unbound,bogus,test.test-bogus.example,cold,3122463,2,False,1788804269.2753792,
unbound,bogus,test.test-bogus.example,cold,3356276,2,False,1788804269.2788062,
unbound,bogus,test.test-bogus.example,cold,3146013,2,False,1788804269.2820277,
unbound,bogus,test.test-bogus.example,cold,2947029,2,False,1788804269.2850401,
unbound,bogus,test.test-bogus.example,cold,3081544,2,False,1788804269.288194,
unbound,bogus,test.test-bogus.example,cold,2870702,2,False,1788804269.2911296,
unbound,bogus,test.test-bogus.example,cold,3166802,2,False,1788804269.2943497,
unbound,bogus,test.test-bogus.example,cold,2987950,2,False,1788804269.2974138,
unbound,bogus,test.test-bogus.example,cold,3224783,2,False,1788804269.3007095,
unbound,bogus,test.test-bogus.example,cold,3327087,2,False,1788804269.3041062,
unbound,bogus,test.test-bogus.example,cold,3073843,2,False,1788804269.3072495,
unbound,bogus,test.test-bogus.example,cold,4453470,2,False,1788804269.3117824,
unbound,bogus,test.test-bogus.example,cold,10214080,2,False,1788804269.322176,
unbound,bogus,test.test-bogus.example,cold,4553392,2,False,1788804269.3268113,
unbound,bogus,test.test-bogus.example,cold,7189427,2,False,1788804269.3343675,
unbound,bogus,test.test-bogus.example,cold,6980317,2,False,1788804269.3414612,
unbound,bogus,test.test-bogus.example,cold,5450196,2,False,1788804269.3470187,
unbound,bogus,test.test-bogus.example,cold,3833344,2,False,1788804269.351111,
unbound,bogus,test.test-bogus.example,cold,4467599,2,False,1788804269.355675,
unbound,bogus,test.test-bogus.example,cold,5208240,2,False,1788804269.3609657,
unbound,bogus,test.test-bogus.example,cold,4367974,2,False,1788804269.3654046,
unbound,bogus,test.test-bogus.example,cold,3897895,2,False,1788804269.3693955,
unbound,bogus,test.test-bogus.example,cold,7219098,2,False,1788804269.376707,
unbound,bogus,test.test-bogus.example,cold,6027724,2,False,1788804269.3828564,
unbound,bogus,test.test-bogus.example,cold,4486223,2,False,1788804269.3874338,
unbound,bogus,test.test-bogus.example,cold,6125928,2,False,1788804269.3936589,
unbound,bogus,test.test-bogus.example,cold,6035435,2,False,1788804269.3997874,
unbound,bogus,test.test-bogus.example,cold,6157814,2,False,1788804269.406144,
unbound,bogus,test.test-bogus.example,cold,4480508,2,False,1788804269.4107177,
unbound,bogus,test.test-bogus.example,cold,7298299,2,False,1788804269.418117,
unbound,bogus,test.test-bogus.example,cold,6581241,2,False,1788804269.424798,
unbound,bogus,test.test-bogus.example,cold,5501422,2,False,1788804269.430381,
unbound,bogus,test.test-bogus.example,cold,6203843,2,False,1788804269.4366865,
unbound,bogus,test.test-bogus.example,cold,7138136,2,False,1788804269.4439144,
unbound,bogus,test.test-bogus.example,cold,3859425,2,False,1788804269.4478467,
unbound,bogus,test.test-bogus.example,cold,4247393,2,False,1788804269.4521766,
unbound,bogus,test.test-bogus.example,cold,3583159,2,False,1788804269.4558444,
unbound,bogus,test.test-bogus.example,cold,3986052,2,False,1788804269.4598963,
unbound,bogus,test.test-bogus.example,cold,4169215,2,False,1788804269.464139,
unbound,bogus,test.test-bogus.example,cold,4600653,2,False,1788804269.468816,
unbound,bogus,test.test-bogus.example,cold,4403965,2,False,1788804269.4733315,
unbound,bogus,test.test-bogus.example,cold,4087021,2,False,1788804269.4775121,
unbound,bogus,test.test-bogus.example,cold,4579055,2,False,1788804269.4821637,
unbound,bogus,test.test-bogus.example,cold,4067214,2,False,1788804269.4863174,
unbound,bogus,test.test-bogus.example,cold,4649558,2,False,1788804269.491062,
unbound,bogus,test.test-bogus.example,cold,3863926,2,False,1788804269.4950407,
unbound,bogus,test.test-bogus.example,cold,5211580,2,False,1788804269.5003476,
unbound,bogus,test.test-bogus.example,cold,5252553,2,False,1788804269.505704,
unbound,bogus,test.test-bogus.example,cold,3728966,2,False,1788804269.5095048,
unbound,bogus,test.test-bogus.example,cold,5111823,2,False,1788804269.514709,
unbound,bogus,test.test-bogus.example,cold,4727078,2,False,1788804269.5195162,
unbound,bogus,test.test-bogus.example,cold,4560352,2,False,1788804269.5241718,
unbound,bogus,test.test-bogus.example,cold,5098123,2,False,1788804269.5293624,
unbound,bogus,test.test-bogus.example,cold,4661111,2,False,1788804269.5341346,
unbound,bogus,test.test-bogus.example,cold,4277527,2,False,1788804269.5385108,
unbound,bogus,test.test-bogus.example,cold,4408548,2,False,1788804269.54302,
unbound,bogus,test.test-bogus.example,cold,5267051,2,False,1788804269.5483806,
unbound,bogus,test.test-bogus.example,cold,5761351,2,False,1788804269.5542564,
unbound,bogus,test.test-bogus.example,cold,6391259,2,False,1788804269.5607533,
unbound,bogus,test.test-bogus.example,cold,4219108,2,False,1788804269.565061,
unbound,bogus,test.test-bogus.example,cold,4480795,2,False,1788804269.5697312,
unbound,bogus,test.test-bogus.example,cold,4385640,2,False,1788804269.5741909,
unbound,bogus,test.test-bogus.example,cold,4584315,2,False,1788804269.5788631,
unbound,bogus,test.test-bogus.example,cold,4566838,2,False,1788804269.583527,
unbound,bogus,test.test-bogus.example,cold,4201175,2,False,1788804269.5878274,
unbound,bogus,test.test-bogus.example,cold,4163998,2,False,1788804269.59208,
unbound,bogus,test.test-bogus.example,cold,4774086,2,False,1788804269.5969496,
unbound,bogus,test.test-bogus.example,cold,4517638,2,False,1788804269.6015651,
unbound,bogus,test.test-bogus.example,cold,3945053,2,False,1788804269.6055977,
unbound,bogus,test.test-bogus.example,cold,3864219,2,False,1788804269.6095686,
unbound,bogus,test.test-bogus.example,cold,3607181,2,False,1788804269.6133707,
unbound,bogus,test.test-bogus.example,cold,3520557,2,False,1788804269.6169753,
unbound,bogus,test.test-bogus.example,cold,11717662,2,False,1788804269.6287751,
unbound,bogus,test.test-bogus.example,cold,8046061,2,False,1788804269.6368985,
unbound,bogus,test.test-bogus.example,cold,5638325,2,False,1788804269.6426222,
unbound,bogus,test.test-bogus.example,cold,3486049,2,False,1788804269.6462133,
unbound,bogus,test.test-bogus.example,cold,3134341,2,False,1788804269.6494122,
unbound,bogus,test.test-bogus.example,cold,2910682,2,False,1788804269.6523893,
unbound,bogus,test.test-bogus.example,cold,3378664,2,False,1788804269.6558807,
unbound,bogus,test.test-bogus.example,cold,3107578,2,False,1788804269.6590757,
unbound,bogus,test.test-bogus.example,cold,4290325,2,False,1788804269.6634593,
unbound,bogus,test.test-bogus.example,cold,3474517,2,False,1788804269.667016,
unbound,bogus,test.test-bogus.example,cold,2934105,2,False,1788804269.6700387,
unbound,bogus,test.test-bogus.example,cold,4047261,2,False,1788804269.6741521,
unbound,bogus,test.test-bogus.example,cold,3174991,2,False,1788804269.6774068,
unbound,bogus,test.test-bogus.example,cold,3119965,2,False,1788804269.680608,
unbound,bogus,test.test-bogus.example,cold,3290124,2,False,1788804269.683983,
unbound,bogus,test.test-bogus.example,cold,3438159,2,False,1788804269.6874971,
unbound,bogus,test.test-bogus.example,cold,3017381,2,False,1788804269.690575,
unbound,bogus,test.test-bogus.example,cold,6407915,2,False,1788804269.6970632,
unbound,bogus,test.test-bogus.example,cold,4666444,2,False,1788804269.7018282,
unbound,bogus,test.test-bogus.example,cold,3519440,2,False,1788804269.7054365,
unbound,bogus,test.test-bogus.example,cold,3023973,2,False,1788804269.7085395,
unbound,bogus,test.test-bogus.example,cold,4517058,2,False,1788804269.7131298,
unbound,bogus,test.test-bogus.example,cold,4319494,2,False,1788804269.717554,
unbound,bogus,test.test-bogus.example,cold,4777655,2,False,1788804269.72241,
unbound,bogus,test.test-bogus.example,cold,3993858,2,False,1788804269.7264903,
unbound,bogus,test.test-bogus.example,cold,4599725,2,False,1788804269.73117,
unbound,bogus,test.test-bogus.example,cold,3723419,2,False,1788804269.7349837,
unbound,bogus,test.test-bogus.example,cold,3648170,2,False,1788804269.7387147,
unbound,bogus,test.test-bogus.example,cold,4535705,2,False,1788804269.7433379,
unbound,bogus,test.test-bogus.example,cold,3251903,2,False,1788804269.7466698,
unbound,bogus,test.test-bogus.example,cold,4760307,2,False,1788804269.751511,
unbound,bogus,test.test-bogus.example,cold,3395470,2,False,1788804269.7549863,
unbound,bogus,test.test-bogus.example,cold,2998434,2,False,1788804269.758059,
unbound,bogus,test.test-bogus.example,cold,3807215,2,False,1788804269.7619503,
unbound,bogus,test.test-bogus.example,cold,7068789,2,False,1788804269.7690897,
unbound,bogus,test.test-bogus.example,cold,4120445,2,False,1788804269.7732863,
unbound,bogus,test.test-bogus.example,cold,3312240,2,False,1788804269.7766833,
unbound,bogus,test.test-bogus.example,cold,3117584,2,False,1788804269.779869,
unbound,bogus,test.test-bogus.example,cold,3444324,2,False,1788804269.7833865,
unbound,bogus,test.test-bogus.example,cold,2941991,2,False,1788804269.78639,
unbound,bogus,test.test-bogus.example,cold,3133160,2,False,1788804269.7896008,
unbound,bogus,test.test-bogus.example,cold,4218507,2,False,1788804269.7938974,
unbound,bogus,test.test-bogus.example,cold,4092169,2,False,1788804269.7980597,
unbound,bogus,test.test-bogus.example,cold,2962020,2,False,1788804269.801091,
unbound,bogus,test.test-bogus.example,cold,2955048,2,False,1788804269.8041277,
unbound,bogus,test.test-bogus.example,cold,3239051,2,False,1788804269.807432,
unbound,bogus,test.test-bogus.example,cold,2941461,2,False,1788804269.8104484,
unbound,bogus,test.test-bogus.example,cold,3347344,2,False,1788804269.813858,
unbound,bogus,test.test-bogus.example,cold,3168459,2,False,1788804269.8170915,
unbound,bogus,test.test-bogus.example,cold,3525126,2,False,1788804269.820704,
unbound,bogus,test.test-bogus.example,cold,5602013,2,False,1788804269.8263865,
unbound,bogus,test.test-bogus.example,cold,3152265,2,False,1788804269.8296006,
unbound,bogus,test.test-bogus.example,cold,2941686,2,False,1788804269.8326206,
unbound,bogus,test.test-bogus.example,cold,3038445,2,False,1788804269.8357403,
unbound,bogus,test.test-bogus.example,cold,5590860,2,False,1788804269.8414035,
unbound,bogus,test.test-bogus.example,cold,3837396,2,False,1788804269.845337,
unbound,bogus,test.test-bogus.example,cold,3004744,2,False,1788804269.8484337,
unbound,bogus,test.test-bogus.example,cold,3100297,2,False,1788804269.8516102,
unbound,bogus,test.test-bogus.example,cold,3403885,2,False,1788804269.855087,
unbound,bogus,test.test-bogus.example,cold,3270416,2,False,1788804269.8584292,
unbound,bogus,test.test-bogus.example,cold,4705724,2,False,1788804269.8632119,
unbound,bogus,test.test-bogus.example,cold,5881511,2,False,1788804269.8691812,
unbound,bogus,test.test-bogus.example,cold,6290921,2,False,1788804269.8756227,
unbound,bogus,test.test-bogus.example,cold,6196642,2,False,1788804269.881907,
unbound,bogus,test.test-bogus.example,cold,5927499,2,False,1788804269.8880353,
unbound,bogus,test.test-bogus.example,cold,5061967,2,False,1788804269.8932102,
unbound,bogus,test.test-bogus.example,cold,3574038,2,False,1788804269.8968656,
unbound,bogus,test.test-bogus.example,cold,3727304,2,False,1788804269.9006908,
unbound,bogus,test.test-bogus.example,cold,3491992,2,False,1788804269.904272,
unbound,bogus,test.test-bogus.example,cold,3177790,2,False,1788804269.907539,
unbound,bogus,test.test-bogus.example,cold,3113341,2,False,1788804269.910718,
unbound,bogus,test.test-bogus.example,cold,3031952,2,False,1788804269.9138205,
unbound,bogus,test.test-bogus.example,cold,3056504,2,False,1788804269.916933,
unbound,bogus,test.test-bogus.example,cold,3356716,2,False,1788804269.9203608,
unbound,bogus,test.test-bogus.example,cold,4057916,2,False,1788804269.924574,
unbound,bogus,test.test-bogus.example,cold,2994537,2,False,1788804269.927641,
unbound,bogus,test.test-bogus.example,cold,2988381,2,False,1788804269.9307003,
unbound,bogus,test.test-bogus.example,cold,3222775,2,False,1788804269.9339924,
unbound,bogus,test.test-bogus.example,cold,5454809,2,False,1788804269.9397998,
unbound,bogus,test.test-bogus.example,cold,9130922,2,False,1788804269.949028,
unbound,bogus,test.test-bogus.example,cold,5606487,2,False,1788804269.9547575,
unbound,bogus,test.test-bogus.example,cold,4064153,2,False,1788804269.9588954,
unbound,bogus,test.test-bogus.example,cold,4743348,2,False,1788804269.9637315,
unbound,bogus,test.test-bogus.example,cold,4773059,2,False,1788804269.9686167,
unbound,bogus,test.test-bogus.example,cold,3355403,2,False,1788804269.9720619,
unbound,bogus,test.test-bogus.example,cold,3852413,2,False,1788804269.975995,
unbound,bogus,test.test-bogus.example,cold,3954886,2,False,1788804269.9800372,
unbound,bogus,test.test-bogus.example,cold,4149629,2,False,1788804269.9842796,
unbound,bogus,test.test-bogus.example,cold,4853954,2,False,1788804269.9892209,
unbound,bogus,test.test-bogus.example,cold,3094576,2,False,1788804269.9923964,
unbound,bogus,test.test-bogus.example,cold,2973317,2,False,1788804269.9954765,
unbound,bogus,test.test-bogus.example,cold,2928365,2,False,1788804269.9984756,
unbound,bogus,test.test-bogus.example,cold,4547485,2,False,1788804270.0031104,
unbound,bogus,test.test-bogus.example,cold,3418804,2,False,1788804270.006609,
unbound,bogus,test.test-bogus.example,cold,2919794,2,False,1788804270.0095932,
unbound,bogus,test.test-bogus.example,cold,2853793,2,False,1788804270.0125067,
unbound,bogus,test.test-bogus.example,cold,3047707,2,False,1788804270.015619,
unbound,bogus,test.test-bogus.example,cold,3055677,2,False,1788804270.0188222,
unbound,bogus,test.test-bogus.example,cold,3151174,2,False,1788804270.0220332,
unbound,bogus,test.test-bogus.example,cold,2893411,2,False,1788804270.0249996,
unbound,bogus,test.test-bogus.example,cold,2849576,2,False,1788804270.027915,
unbound,bogus,test.test-bogus.example,cold,3029699,2,False,1788804270.0310247,
unbound,bogus,test.test-bogus.example,cold,3604490,2,False,1788804270.0347016,
unbound,bogus,test.test-bogus.example,cold,3213554,2,False,1788804270.0379722,
unbound,bogus,test.test-bogus.example,cold,3069242,2,False,1788804270.0411177,
unbound,bogus,test.test-bogus.example,cold,2966193,2,False,1788804270.0441437,
unbound,bogus,test.test-bogus.example,cold,2991225,2,False,1788804270.0472145,
unbound,bogus,test.test-bogus.example,cold,3518079,2,False,1788804270.050825,
unbound,bogus,test.test-bogus.example,cold,2889827,2,False,1788804270.0537832,
unbound,bogus,test.test-bogus.example,cold,3195746,2,False,1788804270.0570478,
unbound,bogus,test.test-bogus.example,cold,4210275,2,False,1788804270.0613441,
unbound,bogus,test.test-bogus.example,cold,3577436,2,False,1788804270.0650136,
unbound,bogus,test.test-bogus.example,cold,3005868,2,False,1788804270.06809,
unbound,bogus,test.test-bogus.example,cold,3183948,2,False,1788804270.0713453,
unbound,bogus,test.test-bogus.example,cold,3146076,2,False,1788804270.074574,
unbound,bogus,test.test-bogus.example,cold,3021862,2,False,1788804270.0776691,
unbound,bogus,test.test-bogus.example,cold,4650901,2,False,1788804270.0823936,
unbound,bogus,test.test-bogus.example,cold,3385107,2,False,1788804270.0858386,
unbound,bogus,test.test-bogus.example,cold,3034215,2,False,1788804270.0889497,
unbound,bogus,test.test-bogus.example,cold,2854870,2,False,1788804270.091881,
unbound,bogus,test.test-bogus.example,cold,3571830,2,False,1788804270.095512,
unbound,bogus,test.test-bogus.example,cold,3054365,2,False,1788804270.0986412,
unbound,bogus,test.test-bogus.example,cold,3007637,2,False,1788804270.101714,
unbound,bogus,test.test-bogus.example,cold,3066353,2,False,1788804270.1048422,
unbound,bogus,test.test-bogus.example,cold,3289278,2,False,1788804270.1082149,
unbound,bogus,test.test-bogus.example,cold,3559523,2,False,1788804270.1118548,
unbound,bogus,test.test-bogus.example,cold,3894925,2,False,1788804270.1158507,
unbound,bogus,test.test-bogus.example,cold,3668879,2,False,1788804270.1196048,
unbound,bogus,test.test-bogus.example,cold,3678128,2,False,1788804270.123375,
unbound,bogus,test.test-bogus.example,cold,3448854,2,False,1788804270.126882,
unbound,bogus,test.test-bogus.example,cold,3264500,2,False,1788804270.1302073,
unbound,bogus,test.test-bogus.example,cold,3016401,2,False,1788804270.1332862,
unbound,bogus,test.test-bogus.example,cold,2896905,2,False,1788804270.136245,
unbound,bogus,test.test-bogus.example,cold,4900301,2,False,1788804270.1412158,
unbound,bogus,test.test-bogus.example,cold,4396047,2,False,1788804270.1456902,
unbound,bogus,test.test-bogus.example,cold,3267101,2,False,1788804270.1490483,
unbound,bogus,test.test-bogus.example,cold,2951890,2,False,1788804270.1520631,
unbound,bogus,test.test-bogus.example,cold,3025798,2,False,1788804270.155154,
unbound,bogus,test.test-bogus.example,cold,3422744,2,False,1788804270.1586483,
unbound,bogus,test.test-bogus.example,cold,4037503,2,False,1788804270.1627946,
unbound,bogus,test.test-bogus.example,cold,2977375,2,False,1788804270.1658368,
unbound,bogus,test.test-bogus.example,cold,2878329,2,False,1788804270.1687799,
unbound,bogus,test.test-bogus.example,cold,3085626,2,False,1788804270.171927,
unbound,bogus,test.test-bogus.example,cold,3445089,2,False,1788804270.1754367,
unbound,bogus,test.test-bogus.example,cold,2935931,2,False,1788804270.1784513,
unbound,bogus,test.test-bogus.example,cold,2957119,2,False,1788804270.1814744,
unbound,bogus,test.test-bogus.example,cold,2908702,2,False,1788804270.1844575,
unbound,bogus,test.test-bogus.example,cold,3134351,2,False,1788804270.1876733,
unbound,bogus,test.test-bogus.example,cold,2925511,2,False,1788804270.1906786,
unbound,bogus,test.test-bogus.example,cold,3864560,2,False,1788804270.1946044,
unbound,bogus,test.test-bogus.example,cold,3108818,2,False,1788804270.1977897,
unbound,bogus,test.test-bogus.example,cold,2894410,2,False,1788804270.2007496,
unbound,bogus,test.test-bogus.example,cold,2918228,2,False,1788804270.2037418,
unbound,bogus,test.test-bogus.example,cold,3382555,2,False,1788804270.2071824,
unbound,bogus,test.test-bogus.example,cold,3030499,2,False,1788804270.2102864,
unbound,bogus,test.test-bogus.example,cold,2965153,2,False,1788804270.2133067,
unbound,bogus,test.test-bogus.example,cold,2929199,2,False,1788804270.2162895,
unbound,bogus,test.test-bogus.example,cold,3302517,2,False,1788804270.2196653,
unbound,bogus,test.test-bogus.example,cold,4139139,2,False,1788804270.2238944,
unbound,bogus,test.test-bogus.example,cold,3669901,2,False,1788804270.2276258,
unbound,bogus,test.test-bogus.example,cold,3728634,2,False,1788804270.231435,
unbound,bogus,test.test-bogus.example,cold,2999977,2,False,1788804270.2344997,
unbound,bogus,test.test-bogus.example,cold,3013971,2,False,1788804270.2375932,
unbound,bogus,test.test-bogus.example,cold,3629119,2,False,1788804270.2412846,
unbound,bogus,test.test-bogus.example,cold,3093714,2,False,1788804270.2444572,
unbound,bogus,test.test-bogus.example,cold,2950828,2,False,1788804270.2474961,
unbound,bogus,test.test-bogus.example,cold,2915160,2,False,1788804270.250467,
unbound,bogus,test.test-bogus.example,cold,3745541,2,False,1788804270.2542844,
unbound,bogus,test.test-bogus.example,cold,5013426,2,False,1788804270.2593815,
unbound,bogus,test.test-bogus.example,cold,3945055,2,False,1788804270.2634096,
unbound,bogus,test.test-bogus.example,cold,3060775,2,False,1788804270.2665274,
unbound,bogus,test.test-bogus.example,cold,2986065,2,False,1788804270.2695835,
unbound,bogus,test.test-bogus.example,cold,3972215,2,False,1788804270.2736292,
unbound,bogus,test.test-bogus.example,cold,4594492,2,False,1788804270.2783067,
unbound,bogus,test.test-bogus.example,cold,3030459,2,False,1788804270.2814088,
unbound,bogus,test.test-bogus.example,cold,2914774,2,False,1788804270.284391,
unbound,bogus,test.test-bogus.example,cold,3194139,2,False,1788804270.2876844,
unbound,bogus,test.test-bogus.example,cold,3105134,2,False,1788804270.290858,
unbound,bogus,test.test-bogus.example,cold,3377103,2,False,1788804270.2943106,
unbound,bogus,test.test-bogus.example,cold,3147640,2,False,1788804270.297523,
unbound,bogus,test.test-bogus.example,cold,4825964,2,False,1788804270.3024259,
unbound,bogus,test.test-bogus.example,cold,3960155,2,False,1788804270.3064647,
unbound,bogus,test.test-bogus.example,cold,2968239,2,False,1788804270.3095179,
unbound,bogus,test.test-bogus.example,cold,2983067,2,False,1788804270.3125567,
unbound,bogus,test.test-bogus.example,cold,3375828,2,False,1788804270.3160195,
unbound,bogus,test.test-bogus.example,cold,2944278,2,False,1788804270.3190846,
unbound,bogus,test.test-bogus.example,cold,3577509,2,False,1788804270.3227377,
unbound,bogus,test.test-bogus.example,cold,2924313,2,False,1788804270.3257248,
unbound,bogus,test.test-bogus.example,cold,2979096,2,False,1788804270.3287585,
unbound,bogus,test.test-bogus.example,cold,3079749,2,False,1788804270.331907,
unbound,bogus,test.test-bogus.example,cold,3093099,2,False,1788804270.3350632,
unbound,bogus,test.test-bogus.example,cold,3381687,2,False,1788804270.3385348,
unbound,bogus,test.test-bogus.example,cold,3091283,2,False,1788804270.3416862,
unbound,bogus,test.test-bogus.example,cold,2968480,2,False,1788804270.3447235,
unbound,bogus,test.test-bogus.example,cold,3945908,2,False,1788804270.3487382,
unbound,bogus,test.test-bogus.example,cold,6426008,2,False,1788804270.355252,
unbound,bogus,test.test-bogus.example,cold,3954751,2,False,1788804270.359306,
unbound,bogus,test.test-bogus.example,cold,3203594,2,False,1788804270.3625705,
unbound,bogus,test.test-bogus.example,cold,3092959,2,False,1788804270.3657293,
unbound,bogus,test.test-bogus.example,cold,3144696,2,False,1788804270.368952,
unbound,bogus,test.test-bogus.example,cold,3133230,2,False,1788804270.372146,
unbound,bogus,test.test-bogus.example,cold,3120253,2,False,1788804270.3753319,
unbound,bogus,test.test-bogus.example,cold,3794328,2,False,1788804270.3792002,
unbound,bogus,test.test-bogus.example,cold,4167680,2,False,1788804270.3834622,
unbound,bogus,test.test-bogus.example,cold,3950537,2,False,1788804270.3875122,
unbound,bogus,test.test-bogus.example,cold,3434751,2,False,1788804270.391017,
unbound,bogus,test.test-bogus.example,cold,3723347,2,False,1788804270.3948243,
unbound,bogus,test.test-bogus.example,cold,3676600,2,False,1788804270.3985765,
unbound,bogus,test.test-bogus.example,cold,4532527,2,False,1788804270.4031632,
unbound,bogus,test.test-bogus.example,cold,3619098,2,False,1788804270.406848,
unbound,bogus,test.test-bogus.example,cold,3168119,2,False,1788804270.4101057,
unbound,bogus,test.test-bogus.example,cold,2998131,2,False,1788804270.4131682,
unbound,bogus,test.test-bogus.example,cold,2910256,2,False,1788804270.4161503,
unbound,bogus,test.test-bogus.example,cold,3353677,2,False,1788804270.4195836,
unbound,bogus,test.test-bogus.example,cold,3297081,2,False,1788804270.4229603,
unbound,bogus,test.test-bogus.example,cold,3144293,2,False,1788804270.4261732,
unbound,bogus,test.test-bogus.example,cold,4100165,2,False,1788804270.430336,
unbound,bogus,test.test-bogus.example,cold,5919430,2,False,1788804270.4363306,
unbound,bogus,test.test-bogus.example,cold,6716319,2,False,1788804270.4431877,
unbound,bogus,test.test-bogus.example,cold,4535076,2,False,1788804270.448256,
unbound,bogus,test.test-bogus.example,cold,4691907,2,False,1788804270.4533808,
unbound,bogus,test.test-bogus.example,cold,3974089,2,False,1788804270.457443,
unbound,bogus,test.test-bogus.example,cold,7316413,2,False,1788804270.4648898,
unbound,bogus,test.test-bogus.example,cold,4437421,2,False,1788804270.469462,
unbound,bogus,test.test-bogus.example,cold,3935598,2,False,1788804270.4734764,
unbound,bogus,test.test-bogus.example,cold,4887325,2,False,1788804270.4784422,
unbound,bogus,test.test-bogus.example,cold,5538019,2,False,1788804270.48407,
unbound,bogus,test.test-bogus.example,cold,3979100,2,False,1788804270.4881492,
unbound,bogus,test.test-bogus.example,cold,4742248,2,False,1788804270.4929805,
unbound,bogus,test.test-bogus.example,cold,3478969,2,False,1788804270.4965463,
unbound,bogus,test.test-bogus.example,cold,3777857,2,False,1788804270.5004272,
unbound,bogus,test.test-bogus.example,cold,5473216,2,False,1788804270.505991,
unbound,bogus,test.test-bogus.example,cold,6239947,2,False,1788804270.5123336,
unbound,bogus,test.test-bogus.example,cold,4566686,2,False,1788804270.5170116,
unbound,bogus,test.test-bogus.example,cold,5531659,2,False,1788804270.5226402,
unbound,bogus,test.test-bogus.example,cold,5206212,2,False,1788804270.527925,
unbound,bogus,test.test-bogus.example,cold,4994376,2,False,1788804270.5330122,
unbound,bogus,test.test-bogus.example,cold,7608216,2,False,1788804270.5407064,
unbound,bogus,test.test-bogus.example,cold,6086877,2,False,1788804270.5468986,
unbound,bogus,test.test-bogus.example,cold,5568976,2,False,1788804270.5525358,
unbound,bogus,test.test-bogus.example,cold,3191007,2,False,1788804270.5558896,
unbound,bogus,test.test-bogus.example,cold,3203490,2,False,1788804270.5591612,
unbound,bogus,test.test-bogus.example,cold,4290691,2,False,1788804270.5635443,
unbound,bogus,test.test-bogus.example,cold,3106915,2,False,1788804270.566719,
unbound,bogus,test.test-bogus.example,cold,3624749,2,False,1788804270.5704072,
unbound,bogus,test.test-bogus.example,cold,3095596,2,False,1788804270.5735784,
unbound,bogus,test.test-bogus.example,cold,2971681,2,False,1788804270.5766108,
unbound,bogus,test.test-bogus.example,cold,2942557,2,False,1788804270.5796235,
unbound,bogus,test.test-bogus.example,cold,3313828,2,False,1788804270.5830266,
unbound,bogus,test.test-bogus.example,cold,2894282,2,False,1788804270.5859966,
unbound,bogus,test.test-bogus.example,cold,2868318,2,False,1788804270.588936,
unbound,bogus,test.test-bogus.example,cold,2923037,2,False,1788804270.591938,
unbound,bogus,test.test-bogus.example,cold,2981631,2,False,1788804270.59502,
unbound,bogus,test.test-bogus.example,cold,3384578,2,False,1788804270.598485,
unbound,bogus,test.test-bogus.example,cold,3110501,2,False,1788804270.6016629,
unbound,bogus,test.test-bogus.example,cold,3512595,2,False,1788804270.6052577,
unbound,bogus,test.test-bogus.example,cold,3041744,2,False,1788804270.6083705,
unbound,bogus,test.test-bogus.example,cold,3046920,2,False,1788804270.6115217,
unbound,bogus,test.test-bogus.example,cold,3145663,2,False,1788804270.6147425,
unbound,bogus,test.test-bogus.example,cold,3072489,2,False,1788804270.6178908,
unbound,bogus,test.test-bogus.example,cold,3965826,2,False,1788804270.621954,
unbound,bogus,test.test-bogus.example,cold,3559328,2,False,1788804270.625602,
unbound,bogus,test.test-bogus.example,cold,3304049,2,False,1788804270.6290004,
unbound,bogus,test.test-bogus.example,cold,5190078,2,False,1788804270.6343112,
unbound,bogus,test.test-bogus.example,cold,3826508,2,False,1788804270.6382415,
unbound,bogus,test.test-bogus.example,cold,3492964,2,False,1788804270.6418242,
unbound,bogus,test.test-bogus.example,cold,3357052,2,False,1788804270.6452653,
unbound,bogus,test.test-bogus.example,cold,2875179,2,False,1788804270.6482172,
unbound,bogus,test.test-bogus.example,cold,3087464,2,False,1788804270.6513698,
unbound,bogus,test.test-bogus.example,cold,3193774,2,False,1788804270.654637,
unbound,bogus,test.test-bogus.example,cold,3663494,2,False,1788804270.6583633,
unbound,bogus,test.test-bogus.example,cold,4511130,2,False,1788804270.662958,
unbound,bogus,test.test-bogus.example,cold,3451833,2,False,1788804270.6664786,
unbound,bogus,test.test-bogus.example,cold,3345907,2,False,1788804270.6699038,
unbound,bogus,test.test-bogus.example,cold,3030044,2,False,1788804270.6730244,
unbound,bogus,test.test-bogus.example,cold,3069708,2,False,1788804270.6761572,
unbound,bogus,test.test-bogus.example,cold,4033438,2,False,1788804270.6802824,
unbound,bogus,test.test-bogus.example,cold,3095799,2,False,1788804270.6834571,
unbound,bogus,test.test-bogus.example,cold,3127918,2,False,1788804270.6866627,
unbound,bogus,test.test-bogus.example,cold,2991954,2,False,1788804270.689726,
unbound,bogus,test.test-bogus.example,cold,3165702,2,False,1788804270.6929615,
unbound,bogus,test.test-bogus.example,cold,2965524,2,False,1788804270.6960008,
unbound,bogus,test.test-bogus.example,cold,3569610,2,False,1788804270.6996486,
unbound,bogus,test.test-bogus.example,cold,4853784,2,False,1788804270.7045841,
unbound,bogus,test.test-bogus.example,cold,3428198,2,False,1788804270.7080786,
unbound,bogus,test.test-bogus.example,cold,4045711,2,False,1788804270.712196,
unbound,bogus,test.test-bogus.example,cold,3064376,2,False,1788804270.715318,
unbound,bogus,test.test-bogus.example,cold,3118824,2,False,1788804270.7185066,
unbound,bogus,test.test-bogus.example,cold,4728344,2,False,1788804270.723296,
unbound,bogus,test.test-bogus.example,cold,3378475,2,False,1788804270.726747,
unbound,bogus,test.test-bogus.example,cold,2952584,2,False,1788804270.7297783,
unbound,bogus,test.test-bogus.example,cold,3220706,2,False,1788804270.7330756,
unbound,bogus,test.test-bogus.example,cold,8053205,2,False,1788804270.7412026,
unbound,bogus,test.test-bogus.example,cold,4463133,2,False,1788804270.745746,
unbound,bogus,test.test-bogus.example,cold,3435979,2,False,1788804270.7492642,
unbound,bogus,test.test-bogus.example,cold,3938588,2,False,1788804270.7533345,
unbound,bogus,test.test-bogus.example,cold,3466250,2,False,1788804270.7568727,
unbound,bogus,test.test-bogus.example,cold,3527916,2,False,1788804270.7604625,
unbound,bogus,test.test-bogus.example,cold,3428562,2,False,1788804270.763974,
unbound,bogus,test.test-bogus.example,cold,3072858,2,False,1788804270.7671041,
unbound,bogus,test.test-bogus.example,cold,3205465,2,False,1788804270.7703695,
unbound,bogus,test.test-bogus.example,cold,4762704,2,False,1788804270.7752059,
unbound,bogus,test.test-bogus.example,cold,5810920,2,False,1788804270.7810972,
unbound,bogus,test.test-bogus.example,cold,4188217,2,False,1788804270.7853634,
unbound,bogus,test.test-bogus.example,cold,3551455,2,False,1788804270.7889807,
unbound,bogus,test.test-bogus.example,cold,2971701,2,False,1788804270.7920277,
unbound,bogus,test.test-bogus.example,cold,3021281,2,False,1788804270.795119,
unbound,bogus,test.test-bogus.example,cold,3124448,2,False,1788804270.798305,
unbound,bogus,test.test-bogus.example,cold,3528673,2,False,1788804270.801897,
unbound,bogus,test.test-bogus.example,cold,3335158,2,False,1788804270.8053894,
unbound,bogus,test.test-bogus.example,cold,3035269,2,False,1788804270.8085103,
unbound,bogus,test.test-bogus.example,cold,2948172,2,False,1788804270.8115416,
unbound,bogus,test.test-bogus.example,cold,3105791,2,False,1788804270.8147185,
unbound,bogus,test.test-bogus.example,cold,3066083,2,False,1788804270.817844,
unbound,bogus,test.test-bogus.example,cold,3588793,2,False,1788804270.8214927,
unbound,bogus,test.test-bogus.example,cold,2939301,2,False,1788804270.8244934,
unbound,bogus,test.test-bogus.example,cold,3055411,2,False,1788804270.827616,
unbound,bogus,test.test-bogus.example,cold,3107705,2,False,1788804270.8307977,
unbound,bogus,test.test-bogus.example,cold,3018721,2,False,1788804270.833878,
unbound,bogus,test.test-bogus.example,cold,3486865,2,False,1788804270.8374343,
unbound,bogus,test.test-bogus.example,cold,3610684,2,False,1788804270.841116,
unbound,bogus,test.test-bogus.example,cold,3132501,2,False,1788804270.8443065,
unbound,bogus,test.test-bogus.example,cold,3136153,2,False,1788804270.8475132,
unbound,bogus,test.test-bogus.example,cold,3879857,2,False,1788804270.8514614,
unbound,bogus,test.test-bogus.example,cold,3210871,2,False,1788804270.8547385,
unbound,bogus,test.test-bogus.example,cold,3199183,2,False,1788804270.8580198,
unbound,bogus,test.test-bogus.example,cold,4819139,2,False,1788804270.8629365,
unbound,bogus,test.test-bogus.example,cold,4290417,2,False,1788804270.8673272,
unbound,bogus,test.test-bogus.example,cold,3448527,2,False,1788804270.87084,
unbound,bogus,test.test-bogus.example,cold,3198906,2,False,1788804270.8741117,
unbound,bogus,test.test-bogus.example,cold,3130626,2,False,1788804270.8773184,
unbound,bogus,test.test-bogus.example,cold,3676853,2,False,1788804270.8810766,
unbound,bogus,test.test-bogus.example,cold,3198133,2,False,1788804270.8843539,
unbound,bogus,test.test-bogus.example,cold,2987587,2,False,1788804270.8874297,
unbound,bogus,test.test-bogus.example,cold,3137952,2,False,1788804270.8908775,
unbound,bogus,test.test-bogus.example,cold,3062418,2,False,1788804270.893998,
unbound,bogus,test.test-bogus.example,cold,3345249,2,False,1788804270.8974075,
unbound,bogus,test.test-bogus.example,cold,3017952,2,False,1788804270.9004846,
unbound,bogus,test.test-bogus.example,cold,3125211,2,False,1788804270.9036803,
unbound,bogus,test.test-bogus.example,cold,3095692,2,False,1788804270.9068587,
unbound,bogus,test.test-bogus.example,cold,3408132,2,False,1788804270.910345,
unbound,bogus,test.test-bogus.example,cold,3530833,2,False,1788804270.9139564,
unbound,bogus,test.test-bogus.example,cold,3125904,2,False,1788804270.9171536,
unbound,bogus,test.test-bogus.example,cold,3557223,2,False,1788804270.920795,
unbound,bogus,test.test-bogus.example,cold,3089918,2,False,1788804270.92399,
unbound,bogus,test.test-bogus.example,cold,3037866,2,False,1788804270.9271085,
unbound,bogus,test.test-bogus.example,cold,3375649,2,False,1788804270.9305499,
unbound,bogus,test.test-bogus.example,cold,3082866,2,False,1788804270.933699,
unbound,bogus,test.test-bogus.example,cold,3492606,2,False,1788804270.9372663,
unbound,bogus,test.test-bogus.example,cold,9251052,2,False,1788804270.94659,
unbound,bogus,test.test-bogus.example,cold,5843366,2,False,1788804270.9526308,
unbound,bogus,test.test-bogus.example,cold,4559102,2,False,1788804270.9572992,
unbound,bogus,test.test-bogus.example,cold,3415198,2,False,1788804270.9607847,
unbound,bogus,test.test-bogus.example,cold,2967127,2,False,1788804270.963831,
unbound,bogus,test.test-bogus.example,cold,3061973,2,False,1788804270.9669552,
unbound,bogus,test.test-bogus.example,cold,3109926,2,False,1788804270.9701278,
unbound,bogus,test.test-bogus.example,cold,3278372,2,False,1788804270.9734766,
unbound,bogus,test.test-bogus.example,cold,3116023,2,False,1788804270.9766777,
unbound,bogus,test.test-bogus.example,cold,2982209,2,False,1788804270.97972,
unbound,bogus,test.test-bogus.example,cold,2863401,2,False,1788804270.9826615,
unbound,bogus,test.test-bogus.example,cold,3108858,2,False,1788804270.9858572,
unbound,bogus,test.test-bogus.example,cold,3142475,2,False,1788804270.9890785,
unbound,bogus,test.test-bogus.example,cold,3709879,2,False,1788804270.9928544,
unbound,bogus,test.test-bogus.example,cold,8573826,2,False,1788804271.0015094,
unbound,bogus,test.test-bogus.example,cold,3367238,2,False,1788804271.0049675,
unbound,bogus,test.test-bogus.example,cold,3063381,2,False,1788804271.008098,
unbound,bogus,test.test-bogus.example,cold,2954466,2,False,1788804271.0111134,
unbound,bogus,test.test-bogus.example,cold,3111422,2,False,1788804271.0143013,
unbound,bogus,test.test-bogus.example,cold,2978192,2,False,1788804271.0173469,
unbound,bogus,test.test-bogus.example,cold,3494661,2,False,1788804271.0209155,
unbound,bogus,test.test-bogus.example,cold,3786726,2,False,1788804271.0248015,
unbound,bogus,test.test-bogus.example,cold,3307938,2,False,1788804271.0281987,
unbound,bogus,test.test-bogus.example,cold,3032711,2,False,1788804271.0313141,
unbound,bogus,test.test-bogus.example,cold,2948182,2,False,1788804271.0343387,
unbound,bogus,test.test-bogus.example,cold,3169502,2,False,1788804271.037582,
unbound,bogus,test.test-bogus.example,cold,3471688,2,False,1788804271.0411386,
unbound,bogus,test.test-bogus.example,cold,3287566,2,False,1788804271.0445118,
unbound,bogus,test.test-bogus.example,cold,2999810,2,False,1788804271.0475883,
unbound,bogus,test.test-bogus.example,cold,2916199,2,False,1788804271.0505714,
unbound,bogus,test.test-bogus.example,cold,3385043,2,False,1788804271.0540342,
unbound,bogus,test.test-bogus.example,cold,2971347,2,False,1788804271.057082,
unbound,bogus,test.test-bogus.example,cold,3005910,2,False,1788804271.0601652,
unbound,bogus,test.test-bogus.example,cold,3757868,2,False,1788804271.0639904,
unbound,bogus,test.test-bogus.example,cold,3828520,2,False,1788804271.0679104,
unbound,bogus,test.test-bogus.example,cold,5217125,2,False,1788804271.073236,
unbound,bogus,test.test-bogus.example,cold,3440782,2,False,1788804271.0767784,
unbound,bogus,test.test-bogus.example,cold,5835736,2,False,1788804271.0827057,
unbound,bogus,test.test-bogus.example,cold,4278872,2,False,1788804271.0875416,
unbound,bogus,test.test-bogus.example,cold,3151211,2,False,1788804271.0907826,
unbound,bogus,test.test-bogus.example,cold,3071443,2,False,1788804271.093938,
unbound,bogus,test.test-bogus.example,cold,3117942,2,False,1788804271.0971339,
unbound,bogus,test.test-bogus.example,cold,4156477,2,False,1788804271.1013741,
unbound,bogus,test.test-bogus.example,cold,4571866,2,False,1788804271.1060102,
unbound,bogus,test.test-bogus.example,cold,3458410,2,False,1788804271.10955,
unbound,bogus,test.test-bogus.example,cold,3038547,2,False,1788804271.1126523,
unbound,bogus,test.test-bogus.example,cold,3496675,2,False,1788804271.1162214,
unbound,bogus,test.test-bogus.example,cold,3328751,2,False,1788804271.119617,
unbound,bogus,test.test-bogus.example,cold,3979640,2,False,1788804271.1236837,
unbound,bogus,test.test-bogus.example,cold,3331621,2,False,1788804271.127085,
unbound,bogus,test.test-bogus.example,cold,3168270,2,False,1788804271.1303272,
unbound,bogus,test.test-bogus.example,cold,3726983,2,False,1788804271.13415,
unbound,bogus,test.test-bogus.example,cold,3734424,2,False,1788804271.1379743,
unbound,bogus,test.test-bogus.example,cold,4285359,2,False,1788804271.1423404,
unbound,bogus,test.test-bogus.example,cold,3954919,2,False,1788804271.1463914,
unbound,bogus,test.test-bogus.example,cold,4425158,2,False,1788804271.1509058,
unbound,bogus,test.test-bogus.example,cold,4043494,2,False,1788804271.1550379,
unbound,bogus,test.test-bogus.example,cold,3188428,2,False,1788804271.1583197,
unbound,bogus,test.test-bogus.example,cold,4232942,2,False,1788804271.1626174,
unbound,bogus,test.test-bogus.example,cold,4117022,2,False,1788804271.1668572,
unbound,bogus,test.test-bogus.example,cold,3401269,2,False,1788804271.1703284,
unbound,bogus,test.test-bogus.example,cold,2964877,2,False,1788804271.173362,
unbound,bogus,test.test-bogus.example,cold,3270267,2,False,1788804271.176718,
unbound,bogus,test.test-bogus.example,cold,4347840,2,False,1788804271.1811664,
unbound,bogus,test.test-bogus.example,cold,5116397,2,False,1788804271.1863632,
unbound,bogus,test.test-bogus.example,cold,3442473,2,False,1788804271.189877,
unbound,bogus,test.test-bogus.example,cold,3451692,2,False,1788804271.1934068,
unbound,bogus,test.test-bogus.example,cold,3321604,2,False,1788804271.1967857,
unbound,bogus,test.test-bogus.example,cold,4231992,2,False,1788804271.2010913,
unbound,bogus,test.test-bogus.example,cold,5194385,2,False,1788804271.2063682,
unbound,bogus,test.test-bogus.example,cold,7751768,2,False,1788804271.214203,
unbound,bogus,test.test-bogus.example,cold,5391451,2,False,1788804271.219684,
unbound,bogus,test.test-bogus.example,cold,5114086,2,False,1788804271.224898,
unbound,bogus,test.test-bogus.example,cold,6800562,2,False,1788804271.231782,
unbound,bogus,test.test-bogus.example,cold,5124424,2,False,1788804271.2370214,
unbound,bogus,test.test-bogus.example,cold,5681500,2,False,1788804271.2428064,
unbound,bogus,test.test-bogus.example,cold,7330008,2,False,1788804271.2502944,
unbound,bogus,test.test-bogus.example,cold,9331407,2,False,1788804271.259727,
unbound,bogus,test.test-bogus.example,cold,4443934,2,False,1788804271.2642775,
unbound,bogus,test.test-bogus.example,cold,5559661,2,False,1788804271.2699225,
unbound,bogus,test.test-bogus.example,cold,4009587,2,False,1788804271.2740562,
unbound,bogus,test.test-bogus.example,cold,3375895,2,False,1788804271.2774935,
unbound,bogus,test.test-bogus.example,cold,4568982,2,False,1788804271.2821236,
unbound,bogus,test.test-bogus.example,cold,3278604,2,False,1788804271.285473,
unbound,bogus,test.test-bogus.example,cold,4124276,2,False,1788804271.2896793,
unbound,bogus,test.test-bogus.example,cold,3792120,2,False,1788804271.29356,
unbound,bogus,test.test-bogus.example,cold,3433451,2,False,1788804271.2970705,
unbound,bogus,test.test-bogus.example,cold,3485662,2,False,1788804271.3006327,
unbound,bogus,test.test-bogus.example,cold,3529915,2,False,1788804271.304284,
unbound,bogus,test.test-bogus.example,cold,2904990,2,False,1788804271.3072512,
unbound,bogus,test.test-bogus.example,cold,3335035,2,False,1788804271.310643,
unbound,bogus,test.test-bogus.example,cold,3300905,2,False,1788804271.3140316,
unbound,bogus,test.test-bogus.example,cold,4140159,2,False,1788804271.318251,
unbound,bogus,test.test-bogus.example,cold,4152622,2,False,1788804271.3224754,
unbound,bogus,test.test-bogus.example,cold,4217521,2,False,1788804271.326794,
unbound,bogus,test.test-bogus.example,cold,3210102,2,False,1788804271.3300762,
unbound,bogus,test.test-bogus.example,cold,3504663,2,False,1788804271.3336394,
unbound,bogus,test.test-bogus.example,cold,3441757,2,False,1788804271.3371751,
unbound,bogus,test.test-bogus.example,cold,4465725,2,False,1788804271.341725,
unbound,bogus,test.test-bogus.example,cold,4533394,2,False,1788804271.3463461,
unbound,bogus,test.test-bogus.example,cold,5195823,2,False,1788804271.3516262,
unbound,bogus,test.test-bogus.example,cold,3709486,2,False,1788804271.35541,
unbound,bogus,test.test-bogus.example,cold,4624579,2,False,1788804271.3601105,
unbound,bogus,test.test-bogus.example,cold,4799333,2,False,1788804271.3649943,
unbound,bogus,test.test-bogus.example,cold,3325138,2,False,1788804271.368392,
unbound,bogus,test.test-bogus.example,cold,3377832,2,False,1788804271.3719501,
unbound,bogus,test.test-bogus.example,cold,3495663,2,False,1788804271.3755145,
unbound,bogus,test.test-bogus.example,cold,3084209,2,False,1788804271.3786635,
unbound,bogus,test.test-bogus.example,cold,3926216,2,False,1788804271.3826644,
unbound,bogus,test.test-bogus.example,cold,3223722,2,False,1788804271.3859646,
unbound,bogus,test.test-bogus.example,cold,2930175,2,False,1788804271.3889682,
unbound,bogus,test.test-bogus.example,cold,3407665,2,False,1788804271.3924534,
unbound,bogus,test.test-bogus.example,cold,3163010,2,False,1788804271.3956892,
unbound,bogus,test.test-bogus.example,cold,4245313,2,False,1788804271.4000146,
unbound,bogus,test.test-bogus.example,cold,3840824,2,False,1788804271.4039245,
unbound,bogus,test.test-bogus.example,cold,3420922,2,False,1788804271.407429,
unbound,bogus,test.test-bogus.example,cold,3185299,2,False,1788804271.410684,
unbound,bogus,test.test-bogus.example,cold,3772538,2,False,1788804271.4145222,
unbound,bogus,test.test-bogus.example,cold,4127495,2,False,1788804271.418724,
unbound,bogus,test.test-bogus.example,cold,5719807,2,False,1788804271.4245539,
unbound,bogus,test.test-bogus.example,cold,5090362,2,False,1788804271.4297717,
unbound,bogus,test.test-bogus.example,cold,6027368,2,False,1788804271.435878,
unbound,bogus,test.test-bogus.example,cold,3311734,2,False,1788804271.4392858,
unbound,bogus,test.test-bogus.example,cold,4562931,2,False,1788804271.4439142,
unbound,bogus,test.test-bogus.example,cold,3316155,2,False,1788804271.4472911,
unbound,bogus,test.test-bogus.example,cold,3280549,2,False,1788804271.4506445,
unbound,bogus,test.test-bogus.example,cold,3579781,2,False,1788804271.454304,
unbound,bogus,test.test-bogus.example,cold,5193842,2,False,1788804271.4595983,
unbound,bogus,test.test-bogus.example,cold,3354181,2,False,1788804271.463028,
unbound,bogus,test.test-bogus.example,cold,3354982,2,False,1788804271.4664521,
unbound,bogus,test.test-bogus.example,cold,3270485,2,False,1788804271.469787,
unbound,bogus,test.test-bogus.example,cold,3238298,2,False,1788804271.473098,
unbound,bogus,test.test-bogus.example,cold,3976529,2,False,1788804271.4771485,
unbound,bogus,test.test-bogus.example,cold,3594323,2,False,1788804271.480836,
unbound,bogus,test.test-bogus.example,cold,6895991,2,False,1788804271.4880643,
unbound,bogus,test.test-bogus.example,cold,5317276,2,False,1788804271.4934816,
unbound,bogus,test.test-bogus.example,cold,6621137,2,False,1788804271.5002277,
unbound,bogus,test.test-bogus.example,cold,4741719,2,False,1788804271.505087,
unbound,bogus,test.test-bogus.example,cold,5513366,2,False,1788804271.5106957,
unbound,bogus,test.test-bogus.example,cold,3938292,2,False,1788804271.5147147,
unbound,bogus,test.test-bogus.example,cold,4615460,2,False,1788804271.5194108,
unbound,bogus,test.test-bogus.example,cold,6469623,2,False,1788804271.5262406,
unbound,bogus,test.test-bogus.example,cold,5017436,2,False,1788804271.5313983,
unbound,bogus,test.test-bogus.example,cold,4768454,2,False,1788804271.536288,
unbound,bogus,test.test-bogus.example,cold,4224305,2,False,1788804271.5405946,
unbound,bogus,test.test-bogus.example,cold,5070125,2,False,1788804271.5457456,
unbound,bogus,test.test-bogus.example,cold,5241327,2,False,1788804271.55108,
unbound,bogus,test.test-bogus.example,cold,6233513,2,False,1788804271.5574512,
unbound,bogus,test.test-bogus.example,cold,5237240,2,False,1788804271.5628757,
unbound,bogus,test.test-bogus.example,cold,5507211,2,False,1788804271.568473,
unbound,bogus,test.test-bogus.example,cold,5706475,2,False,1788804271.5742784,
unbound,bogus,test.test-bogus.example,cold,8123312,2,False,1788804271.5824983,
unbound,bogus,test.test-bogus.example,cold,10116109,2,False,1788804271.592693,
unbound,bogus,test.test-bogus.example,cold,6667610,2,False,1788804271.5994637,
unbound,bogus,test.test-bogus.example,cold,5942804,2,False,1788804271.6054842,
unbound,bogus,test.test-bogus.example,cold,4775121,2,False,1788804271.6103668,
unbound,bogus,test.test-bogus.example,cold,5405204,2,False,1788804271.615869,
unbound,bogus,test.test-bogus.example,cold,4589733,2,False,1788804271.6207008,
unbound,bogus,test.test-bogus.example,cold,6535674,2,False,1788804271.627387,
unbound,bogus,test.test-bogus.example,cold,5195748,2,False,1788804271.6327052,
unbound,bogus,test.test-bogus.example,cold,4935249,2,False,1788804271.637769,
unbound,bogus,test.test-bogus.example,cold,7200487,2,False,1788804271.645054,
unbound,bogus,test.test-bogus.example,cold,8060254,2,False,1788804271.653204,
unbound,bogus,test.test-bogus.example,cold,6684702,2,False,1788804271.6599662,
unbound,bogus,test.test-bogus.example,cold,13718635,2,False,1788804271.6737998,
unbound,bogus,test.test-bogus.example,cold,5338599,2,False,1788804271.6793425,
unbound,bogus,test.test-bogus.example,cold,5454119,2,False,1788804271.6849015,
unbound,bogus,test.test-bogus.example,cold,6287372,2,False,1788804271.6913087,
unbound,bogus,test.test-bogus.example,cold,5058362,2,False,1788804271.6964986,
unbound,bogus,test.test-bogus.example,cold,4513512,2,False,1788804271.701137,
unbound,bogus,test.test-bogus.example,cold,5438906,2,False,1788804271.7072148,
unbound,bogus,test.test-bogus.example,cold,3570259,2,False,1788804271.710919,
unbound,bogus,test.test-bogus.example,cold,4791866,2,False,1788804271.7157762,
unbound,bogus,test.test-bogus.example,cold,3603998,2,False,1788804271.7194448,
unbound,bogus,test.test-bogus.example,cold,3451092,2,False,1788804271.7229772,
unbound,bogus,test.test-bogus.example,cold,3847044,2,False,1788804271.7268956,
unbound,bogus,test.test-bogus.example,cold,3867294,2,False,1788804271.7308304,
unbound,bogus,test.test-bogus.example,cold,3789979,2,False,1788804271.7346947,
unbound,bogus,test.test-bogus.example,cold,3314814,2,False,1788804271.738072,
unbound,bogus,test.test-bogus.example,cold,4050191,2,False,1788804271.7421927,
unbound,bogus,test.test-bogus.example,cold,4714800,2,False,1788804271.747003,
unbound,bogus,test.test-bogus.example,cold,3391556,2,False,1788804271.7504778,
unbound,bogus,test.test-bogus.example,cold,3164883,2,False,1788804271.75372,
unbound,bogus,test.test-bogus.example,cold,3174536,2,False,1788804271.756993,
unbound,bogus,test.test-bogus.example,cold,3089451,2,False,1788804271.760155,
unbound,bogus,test.test-bogus.example,cold,3167330,2,False,1788804271.7633922,
unbound,bogus,test.test-bogus.example,cold,2929168,2,False,1788804271.7663856,
unbound,bogus,test.test-bogus.example,cold,3268177,2,False,1788804271.769721,
unbound,bogus,test.test-bogus.example,cold,3623422,2,False,1788804271.7734218,
unbound,bogus,test.test-bogus.example,cold,3354302,2,False,1788804271.7768521,
unbound,bogus,test.test-bogus.example,cold,3975000,2,False,1788804271.7811165,
unbound,bogus,test.test-bogus.example,cold,3695940,2,False,1788804271.7849255,
unbound,bogus,test.test-bogus.example,cold,3556195,2,False,1788804271.78862,
unbound,bogus,test.test-bogus.example,cold,3751590,2,False,1788804271.79246,
unbound,bogus,test.test-bogus.example,cold,4596244,2,False,1788804271.7971542,
unbound,bogus,test.test-bogus.example,cold,2889565,2,False,1788804271.8001175,
unbound,bogus,test.test-bogus.example,cold,6541095,2,False,1788804271.8067148,
unbound,bogus,test.test-bogus.example,cold,5520880,2,False,1788804271.8123384,
unbound,bogus,test.test-bogus.example,cold,5309301,2,False,1788804271.8177614,
unbound,bogus,test.test-bogus.example,cold,6986648,2,False,1788804271.8248448,
unbound,bogus,test.test-bogus.example,cold,4394297,2,False,1788804271.8293731,
unbound,bogus,test.test-bogus.example,cold,4982821,2,False,1788804271.8344302,
unbound,bogus,test.test-bogus.example,cold,3509393,2,False,1788804271.8381267,
unbound,bogus,test.test-bogus.example,cold,3052524,2,False,1788804271.8412588,
unbound,bogus,test.test-bogus.example,cold,3324981,2,False,1788804271.8446543,
unbound,bogus,test.test-bogus.example,cold,3684178,2,False,1788804271.8484333,
unbound,bogus,test.test-bogus.example,cold,3038639,2,False,1788804271.8515563,
unbound,bogus,test.test-bogus.example,cold,3000657,2,False,1788804271.8546174,
unbound,bogus,test.test-bogus.example,cold,3234529,2,False,1788804271.8579254,
unbound,bogus,test.test-bogus.example,cold,3028872,2,False,1788804271.8610308,
unbound,bogus,test.test-bogus.example,cold,3004469,2,False,1788804271.864102,
unbound,bogus,test.test-bogus.example,cold,3129611,2,False,1788804271.867325,
unbound,bogus,test.test-bogus.example,cold,2900179,2,False,1788804271.8702955,
unbound,bogus,test.test-bogus.example,cold,3022095,2,False,1788804271.8733873,
unbound,bogus,test.test-bogus.example,cold,2962176,2,False,1788804271.8764253,
unbound,bogus,test.test-bogus.example,cold,3031651,2,False,1788804271.879532,
unbound,bogus,test.test-bogus.example,cold,3205012,2,False,1788804271.8828108,
unbound,bogus,test.test-bogus.example,cold,3132557,2,False,1788804271.8860378,
unbound,bogus,test.test-bogus.example,cold,3210792,2,False,1788804271.8893187,
unbound,bogus,test.test-bogus.example,cold,3023493,2,False,1788804271.8924372,
unbound,bogus,test.test-bogus.example,cold,3254498,2,False,1788804271.8957727,
unbound,bogus,test.test-bogus.example,cold,3089378,2,False,1788804271.8989348,
unbound,bogus,test.test-bogus.example,cold,3274541,2,False,1788804271.9022787,
unbound,bogus,test.test-bogus.example,cold,4613836,2,False,1788804271.9069989,
unbound,bogus,test.test-bogus.example,cold,5094962,2,False,1788804271.912182,
unbound,bogus,test.test-bogus.example,cold,4422454,2,False,1788804271.916679,
unbound,bogus,test.test-bogus.example,cold,4267039,2,False,1788804271.921031,
unbound,bogus,test.test-bogus.example,cold,3715443,2,False,1788804271.9248862,
unbound,bogus,test.test-bogus.example,cold,3302891,2,False,1788804271.928282,
unbound,bogus,test.test-bogus.example,cold,3221542,2,False,1788804271.9315708,
unbound,bogus,test.test-bogus.example,cold,3118160,2,False,1788804271.9347677,
unbound,bogus,test.test-bogus.example,cold,3170932,2,False,1788804271.9380176,
unbound,bogus,test.test-bogus.example,cold,3029071,2,False,1788804271.9411259,
unbound,bogus,test.test-bogus.example,cold,3902937,2,False,1788804271.9450905,
unbound,bogus,test.test-bogus.example,cold,3031857,2,False,1788804271.9482012,
unbound,bogus,test.test-bogus.example,cold,2935021,2,False,1788804271.9512093,
unbound,bogus,test.test-bogus.example,cold,3223830,2,False,1788804271.9545093,
unbound,bogus,test.test-bogus.example,cold,3439788,2,False,1788804271.9580271,
unbound,bogus,test.test-bogus.example,cold,3130270,2,False,1788804271.9612362,
unbound,bogus,test.test-bogus.example,cold,3473029,2,False,1788804271.9647753,
unbound,bogus,test.test-bogus.example,cold,3122383,2,False,1788804271.967975,
unbound,bogus,test.test-bogus.example,cold,2960922,2,False,1788804271.9710727,
unbound,bogus,test.test-bogus.example,cold,3259555,2,False,1788804271.9744062,
unbound,bogus,test.test-bogus.example,cold,3095179,2,False,1788804271.9775712,
unbound,bogus,test.test-bogus.example,cold,3134502,2,False,1788804271.980772,
unbound,bogus,test.test-bogus.example,cold,8526035,2,False,1788804271.9893656,
unbound,bogus,test.test-bogus.example,cold,4768421,2,False,1788804271.9942255,
unbound,bogus,test.test-bogus.example,cold,5182206,2,False,1788804271.99949,
unbound,bogus,test.test-bogus.example,cold,5660333,2,False,1788804272.0052586,
unbound,bogus,test.test-bogus.example,cold,5211161,2,False,1788804272.010585,
unbound,bogus,test.test-bogus.example,cold,3933651,2,False,1788804272.0146027,
unbound,bogus,test.test-bogus.example,cold,3046413,2,False,1788804272.017714,
unbound,bogus,test.test-bogus.example,cold,3224356,2,False,1788804272.0210052,
unbound,bogus,test.test-bogus.example,cold,3034496,2,False,1788804272.0240955,
unbound,bogus,test.test-bogus.example,cold,2885366,2,False,1788804272.0270493,
unbound,bogus,test.test-bogus.example,cold,2910665,2,False,1788804272.0300183,
unbound,bogus,test.test-bogus.example,cold,3229251,2,False,1788804272.033303,
unbound,bogus,test.test-bogus.example,cold,3001158,2,False,1788804272.0363812,
unbound,bogus,test.test-bogus.example,cold,3120235,2,False,1788804272.0396032,
unbound,bogus,test.test-bogus.example,cold,4254160,2,False,1788804272.0439332,
unbound,bogus,test.test-bogus.example,cold,3197348,2,False,1788804272.0472085,
unbound,bogus,test.test-bogus.example,cold,3104421,2,False,1788804272.0503886,
unbound,bogus,test.test-bogus.example,cold,3026459,2,False,1788804272.053477,
unbound,bogus,test.test-bogus.example,cold,3112090,2,False,1788804272.0566711,
unbound,bogus,test.test-bogus.example,cold,2925547,2,False,1788804272.0596635,
unbound,bogus,test.test-bogus.example,cold,4055494,2,False,1788804272.063794,
unbound,bogus,test.test-bogus.example,cold,4409942,2,False,1788804272.0683057,
unbound,bogus,test.test-bogus.example,cold,3504196,2,False,1788804272.0719044,
unbound,bogus,test.test-bogus.example,cold,3131717,2,False,1788804272.0751052,
unbound,bogus,test.test-bogus.example,cold,3173212,2,False,1788804272.078345,
unbound,bogus,test.test-bogus.example,cold,3147715,2,False,1788804272.0815685,
unbound,bogus,test.test-bogus.example,cold,3838365,2,False,1788804272.0854778,
unbound,bogus,test.test-bogus.example,cold,3372394,2,False,1788804272.088928,
unbound,bogus,test.test-bogus.example,cold,3039846,2,False,1788804272.0920253,
unbound,bogus,test.test-bogus.example,cold,3052095,2,False,1788804272.0951324,
unbound,bogus,test.test-bogus.example,cold,3090249,2,False,1788804272.0982976,
unbound,bogus,test.test-bogus.example,cold,3078482,2,False,1788804272.1014512,
unbound,bogus,test.test-bogus.example,cold,3326450,2,False,1788804272.1048572,
unbound,bogus,test.test-bogus.example,cold,3427156,2,False,1788804272.1083572,
unbound,bogus,test.test-bogus.example,cold,3130511,2,False,1788804272.1116,
unbound,bogus,test.test-bogus.example,cold,3336040,2,False,1788804272.1150203,
unbound,bogus,test.test-bogus.example,cold,3997073,2,False,1788804272.1190844,
unbound,bogus,test.test-bogus.example,cold,3414242,2,False,1788804272.1225736,
unbound,bogus,test.test-bogus.example,cold,2942504,2,False,1788804272.1255896,
unbound,bogus,test.test-bogus.example,cold,3048843,2,False,1788804272.1287043,
unbound,bogus,test.test-bogus.example,cold,3304130,2,False,1788804272.1320903,
unbound,bogus,test.test-bogus.example,cold,3258106,2,False,1788804272.1354358,
unbound,bogus,test.test-bogus.example,cold,3371015,2,False,1788804272.1388698,
unbound,bogus,test.test-bogus.example,cold,3202727,2,False,1788804272.1421356,
unbound,bogus,test.test-bogus.example,cold,4883577,2,False,1788804272.147094,
unbound,bogus,test.test-bogus.example,cold,3742747,2,False,1788804272.1509125,
unbound,bogus,test.test-bogus.example,cold,3393386,2,False,1788804272.1543887,
unbound,bogus,test.test-bogus.example,cold,3201093,2,False,1788804272.1576536,
unbound,bogus,test.test-bogus.example,cold,3026903,2,False,1788804272.1607656,
unbound,bogus,test.test-bogus.example,cold,3858691,2,False,1788804272.1647003,
unbound,bogus,test.test-bogus.example,cold,4190566,2,False,1788804272.1689973,
unbound,bogus,test.test-bogus.example,cold,3524318,2,False,1788804272.1726184,
unbound,bogus,test.test-bogus.example,cold,4773404,2,False,1788804272.177479,
unbound,bogus,test.test-bogus.example,cold,4136118,2,False,1788804272.1817453,
unbound,bogus,test.test-bogus.example,cold,5713265,2,False,1788804272.1875587,
unbound,bogus,test.test-bogus.example,cold,3669909,2,False,1788804272.1913457,
unbound,bogus,test.test-bogus.example,cold,2964804,2,False,1788804272.1943762,
unbound,bogus,test.test-bogus.example,cold,3201114,2,False,1788804272.197638,
unbound,bogus,test.test-bogus.example,cold,2997124,2,False,1788804272.200707,
unbound,bogus,test.test-bogus.example,cold,3384010,2,False,1788804272.204184,
unbound,bogus,test.test-bogus.example,cold,3136477,2,False,1788804272.2073994,
unbound,bogus,test.test-bogus.example,cold,3209725,2,False,1788804272.2106805,
unbound,bogus,test.test-bogus.example,cold,3136677,2,False,1788804272.213898,
unbound,bogus,test.test-bogus.example,cold,3147550,2,False,1788804272.217109,
unbound,bogus,test.test-bogus.example,cold,2854765,2,False,1788804272.220042,
unbound,bogus,test.test-bogus.example,cold,3308828,2,False,1788804272.2234197,
unbound,bogus,test.test-bogus.example,cold,4042388,2,False,1788804272.2275507,
unbound,bogus,test.test-bogus.example,cold,3992394,2,False,1788804272.2316134,
unbound,bogus,test.test-bogus.example,cold,3286873,2,False,1788804272.2349777,
unbound,bogus,test.test-bogus.example,cold,3085841,2,False,1788804272.2381375,
unbound,bogus,test.test-bogus.example,cold,6681374,2,False,1788804272.2449,
unbound,bogus,test.test-bogus.example,cold,4662632,2,False,1788804272.249645,
unbound,bogus,test.test-bogus.example,cold,4663302,2,False,1788804272.254376,
unbound,bogus,test.test-bogus.example,cold,6689273,2,False,1788804272.2611406,
unbound,bogus,test.test-bogus.example,cold,3960091,2,False,1788804272.2651954,
unbound,bogus,test.test-bogus.example,cold,2983629,2,False,1788804272.268262,
unbound,bogus,test.test-bogus.example,cold,3167160,2,False,1788804272.2714977,
unbound,bogus,test.test-bogus.example,cold,3101239,2,False,1788804272.2746797,
unbound,bogus,test.test-bogus.example,cold,2990015,2,False,1788804272.277744,
unbound,bogus,test.test-bogus.example,cold,3147170,2,False,1788804272.2809572,
unbound,bogus,test.test-bogus.example,cold,4178749,2,False,1788804272.2852025,
unbound,bogus,test.test-bogus.example,cold,2962354,2,False,1788804272.288223,
unbound,bogus,test.test-bogus.example,cold,3218842,2,False,1788804272.2915053,
unbound,bogus,test.test-bogus.example,cold,3322562,2,False,1788804272.2949092,
unbound,bogus,test.test-bogus.example,cold,4457315,2,False,1788804272.299452,
unbound,bogus,test.test-bogus.example,cold,3467051,2,False,1788804272.303,
unbound,bogus,test.test-bogus.example,cold,4452056,2,False,1788804272.3075259,
unbound,bogus,test.test-bogus.example,cold,3943287,2,False,1788804272.3115659,
unbound,bogus,test.test-bogus.example,cold,3611424,2,False,1788804272.3152626,
unbound,bogus,test.test-bogus.example,cold,3060444,2,False,1788804272.3183813,
unbound,bogus,test.test-bogus.example,cold,5675716,2,False,1788804272.3241405,
unbound,bogus,test.test-bogus.example,cold,4482195,2,False,1788804272.3287108,
unbound,bogus,test.test-bogus.example,cold,3192877,2,False,1788804272.3320003,
unbound,bogus,test.test-bogus.example,cold,3168415,2,False,1788804272.33524,
unbound,bogus,test.test-bogus.example,cold,3125779,2,False,1788804272.3384283,
unbound,bogus,test.test-bogus.example,cold,3247073,2,False,1788804272.3417518,
unbound,bogus,test.test-bogus.example,cold,3186259,2,False,1788804272.3450158,
unbound,bogus,test.test-bogus.example,cold,3090459,2,False,1788804272.3481739,
unbound,bogus,test.test-bogus.example,cold,3132734,2,False,1788804272.3513823,
unbound,bogus,test.test-bogus.example,cold,3313185,2,False,1788804272.3547482,
unbound,bogus,test.test-bogus.example,cold,3071017,2,False,1788804272.3578773,
unbound,bogus,test.test-bogus.example,cold,2999726,2,False,1788804272.3609562,
unbound,bogus,test.test-bogus.example,cold,4457149,2,False,1788804272.3654969,
unbound,bogus,test.test-bogus.example,cold,3109892,2,False,1788804272.368742,
unbound,bogus,test.test-bogus.example,cold,3913368,2,False,1788804272.3727179,
unbound,bogus,test.test-bogus.example,cold,3507123,2,False,1788804272.3763056,
unbound,bogus,test.test-bogus.example,cold,2904394,2,False,1788804272.3792741,
unbound,bogus,test.test-bogus.example,cold,5800566,2,False,1788804272.3851464,
unbound,bogus,test.test-bogus.example,cold,5596209,2,False,1788804272.3908842,
unbound,bogus,test.test-bogus.example,cold,4938445,2,False,1788804272.3959346,
unbound,bogus,test.test-bogus.example,cold,4133518,2,False,1788804272.4001682,
unbound,bogus,test.test-bogus.example,cold,3603719,2,False,1788804272.403862,
unbound,bogus,test.test-bogus.example,cold,3422139,2,False,1788804272.4073725,
unbound,bogus,test.test-bogus.example,cold,3196138,2,False,1788804272.4106493,
unbound,bogus,test.test-bogus.example,cold,3683887,2,False,1788804272.4144108,
unbound,bogus,test.test-bogus.example,cold,3150141,2,False,1788804272.417621,
unbound,bogus,test.test-bogus.example,cold,3075216,2,False,1788804272.4207706,
unbound,bogus,test.test-bogus.example,cold,3093150,2,False,1788804272.4239388,
unbound,bogus,test.test-bogus.example,cold,3240531,2,False,1788804272.427237,
unbound,bogus,test.test-bogus.example,cold,3403090,2,False,1788804272.4307103,
unbound,bogus,test.test-bogus.example,cold,3203113,2,False,1788804272.4339778,
unbound,bogus,test.test-bogus.example,cold,3002232,2,False,1788804272.4370427,
unbound,bogus,test.test-bogus.example,cold,3131913,2,False,1788804272.440238,
unbound,bogus,test.test-bogus.example,cold,3808767,2,False,1788804272.444111,
unbound,bogus,test.test-bogus.example,cold,3758558,2,False,1788804272.4479349,
unbound,bogus,test.test-bogus.example,cold,3409909,2,False,1788804272.4514096,
unbound,bogus,test.test-bogus.example,cold,3389717,2,False,1788804272.4548812,
unbound,bogus,test.test-bogus.example,cold,3603678,2,False,1788804272.4585688,
unbound,bogus,test.test-bogus.example,cold,4143837,2,False,1788804272.4627905,
unbound,bogus,test.test-bogus.example,cold,4239886,2,False,1788804272.4671235,
unbound,bogus,test.test-bogus.example,cold,5033314,2,False,1788804272.472251,
unbound,bogus,test.test-bogus.example,cold,3891787,2,False,1788804272.4762504,
unbound,bogus,test.test-bogus.example,cold,3071630,2,False,1788804272.479386,
unbound,bogus,test.test-bogus.example,cold,2960915,2,False,1788804272.4824224,
unbound,bogus,test.test-bogus.example,cold,3507601,2,False,1788804272.4860077,
unbound,bogus,test.test-bogus.example,cold,3213922,2,False,1788804272.489293,
unbound,bogus,test.test-bogus.example,cold,3263099,2,False,1788804272.4926188,
unbound,bogus,test.test-bogus.example,cold,3351009,2,False,1788804272.4960399,
unbound,bogus,test.test-bogus.example,cold,3234790,2,False,1788804272.4993591,
unbound,bogus,test.test-bogus.example,cold,3430061,2,False,1788804272.5028698,
unbound,bogus,test.test-bogus.example,cold,3369364,2,False,1788804272.5063024,
unbound,bogus,test.test-bogus.example,cold,3674105,2,False,1788804272.5100558,
unbound,bogus,test.test-bogus.example,cold,3325617,2,False,1788804272.5134573,
unbound,bogus,test.test-bogus.example,cold,3124324,2,False,1788804272.516653,
unbound,bogus,test.test-bogus.example,cold,3040717,2,False,1788804272.5197837,
unbound,bogus,test.test-bogus.example,cold,3514285,2,False,1788804272.5233777,
unbound,bogus,test.test-bogus.example,cold,4026780,2,False,1788804272.5274894,
unbound,bogus,test.test-bogus.example,cold,3259734,2,False,1788804272.5308297,
unbound,bogus,test.test-bogus.example,cold,3208406,2,False,1788804272.534105,
unbound,bogus,test.test-bogus.example,cold,3713096,2,False,1788804272.5378966,
unbound,bogus,test.test-bogus.example,cold,4786364,2,False,1788804272.542765,
unbound,bogus,test.test-bogus.example,cold,3434263,2,False,1788804272.5462625,
unbound,bogus,test.test-bogus.example,cold,3822844,2,False,1788804272.5501702,
unbound,bogus,test.test-bogus.example,cold,3929701,2,False,1788804272.5541842,
unbound,bogus,test.test-bogus.example,cold,3235254,2,False,1788804272.5574822,
unbound,bogus,test.test-bogus.example,cold,3480766,2,False,1788804272.5610495,
unbound,bogus,test.test-bogus.example,cold,5984520,2,False,1788804272.5671358,
unbound,bogus,test.test-bogus.example,cold,4845999,2,False,1788804272.5720654,
unbound,bogus,test.test-bogus.example,cold,3909130,2,False,1788804272.5760791,
unbound,bogus,test.test-bogus.example,cold,6936108,2,False,1788804272.583296,
unbound,bogus,test.test-bogus.example,cold,10459055,2,False,1788804272.5939302,
unbound,bogus,test.test-bogus.example,cold,6824502,2,False,1788804272.6011918,
unbound,bogus,test.test-bogus.example,cold,4965915,2,False,1788804272.606248,
unbound,bogus,test.test-bogus.example,cold,3622730,2,False,1788804272.609966,
unbound,bogus,test.test-bogus.example,cold,4211839,2,False,1788804272.614245,
unbound,bogus,test.test-bogus.example,cold,3170196,2,False,1788804272.6174848,
unbound,bogus,test.test-bogus.example,cold,4404248,2,False,1788804272.62198,
unbound,bogus,test.test-bogus.example,cold,5534141,2,False,1788804272.627597,
unbound,bogus,test.test-bogus.example,cold,3642527,2,False,1788804272.63147,
unbound,bogus,test.test-bogus.example,cold,3466935,2,False,1788804272.6350152,
unbound,bogus,test.test-bogus.example,cold,3515995,2,False,1788804272.638609,
unbound,bogus,test.test-bogus.example,cold,3044764,2,False,1788804272.641736,
unbound,bogus,test.test-bogus.example,cold,5310353,2,False,1788804272.647116,
unbound,bogus,test.test-bogus.example,cold,3193715,2,False,1788804272.6503732,
unbound,bogus,test.test-bogus.example,cold,3104903,2,False,1788804272.6535628,
unbound,bogus,test.test-bogus.example,cold,3168485,2,False,1788804272.6568124,
unbound,bogus,test.test-bogus.example,cold,3076475,2,False,1788804272.65997,
unbound,bogus,test.test-bogus.example,cold,4722662,2,False,1788804272.6647854,
unbound,bogus,test.test-bogus.example,cold,3879409,2,False,1788804272.668752,
unbound,bogus,test.test-bogus.example,cold,4866138,2,False,1788804272.6736817,
unbound,bogus,test.test-bogus.example,cold,4448037,2,False,1788804272.6782095,
unbound,bogus,test.test-bogus.example,cold,4134095,2,False,1788804272.6824255,
unbound,bogus,test.test-bogus.example,cold,3839812,2,False,1788804272.6863673,
unbound,bogus,test.test-bogus.example,cold,3610138,2,False,1788804272.690054,
unbound,bogus,test.test-bogus.example,cold,4357174,2,False,1788804272.6945055,
unbound,bogus,test.test-bogus.example,cold,3878353,2,False,1788804272.6984878,
unbound,bogus,test.test-bogus.example,cold,4704778,2,False,1788804272.7032945,
unbound,bogus,test.test-bogus.example,cold,4170524,2,False,1788804272.7075534,
unbound,bogus,test.test-bogus.example,cold,6118812,2,False,1788804272.7138352,
unbound,bogus,test.test-bogus.example,cold,5048139,2,False,1788804272.7190013,
unbound,bogus,test.test-bogus.example,cold,3252094,2,False,1788804272.7223313,
unbound,bogus,test.test-bogus.example,cold,3270851,2,False,1788804272.725681,
unbound,bogus,test.test-bogus.example,cold,4722567,2,False,1788804272.7304773,
unbound,bogus,test.test-bogus.example,cold,5287492,2,False,1788804272.7358472,
unbound,bogus,test.test-bogus.example,cold,3147342,2,False,1788804272.73907,
unbound,bogus,test.test-bogus.example,cold,3047076,2,False,1788804272.7421885,
unbound,bogus,test.test-bogus.example,cold,3177561,2,False,1788804272.7454479,
unbound,bogus,test.test-bogus.example,cold,3092032,2,False,1788804272.748618,
unbound,bogus,test.test-bogus.example,cold,3141079,2,False,1788804272.7518284,
unbound,bogus,test.test-bogus.example,cold,2974056,2,False,1788804272.7548733,
unbound,bogus,test.test-bogus.example,cold,3127549,2,False,1788804272.7580786,
unbound,bogus,test.test-bogus.example,cold,3659649,2,False,1788804272.761821,
unbound,bogus,test.test-bogus.example,cold,4395739,2,False,1788804272.7663038,
unbound,bogus,test.test-bogus.example,cold,3215466,2,False,1788804272.7695775,
unbound,bogus,test.test-bogus.example,cold,3000954,2,False,1788804272.7726533,
unbound,bogus,test.test-bogus.example,cold,3249925,2,False,1788804272.775977,
unbound,bogus,test.test-bogus.example,cold,3171193,2,False,1788804272.7792249,
unbound,bogus,test.test-bogus.example,cold,2978920,2,False,1788804272.7822711,
unbound,bogus,test.test-bogus.example,cold,3111098,2,False,1788804272.785443,
unbound,bogus,test.test-bogus.example,cold,3791093,2,False,1788804272.78933,
unbound,bogus,test.test-bogus.example,cold,4808296,2,False,1788804272.7942338,
unbound,bogus,test.test-bogus.example,cold,3424138,2,False,1788804272.7977455,
unbound,bogus,test.test-bogus.example,cold,3637521,2,False,1788804272.8014684,
unbound,bogus,test.test-bogus.example,cold,3212779,2,False,1788804272.804763,
unbound,bogus,test.test-bogus.example,cold,4074869,2,False,1788804272.8089592,
unbound,bogus,test.test-bogus.example,cold,3145730,2,False,1788804272.8121707,
unbound,bogus,test.test-bogus.example,cold,3100969,2,False,1788804272.8153338,
unbound,bogus,test.test-bogus.example,cold,3425559,2,False,1788804272.8188272,
unbound,bogus,test.test-bogus.example,cold,3532852,2,False,1788804272.8224416,
unbound,bogus,test.test-bogus.example,cold,4098323,2,False,1788804272.8265991,
unbound,bogus,test.test-bogus.example,cold,5096969,2,False,1788804272.8317795,
unbound,bogus,test.test-bogus.example,cold,3699654,2,False,1788804272.8355627,
unbound,bogus,test.test-bogus.example,cold,3789827,2,False,1788804272.8394365,
unbound,bogus,test.test-bogus.example,cold,3361767,2,False,1788804272.8428812,
unbound,bogus,test.test-bogus.example,cold,4708691,2,False,1788804272.8476748,
unbound,bogus,test.test-bogus.example,cold,3361079,2,False,1788804272.8511283,
unbound,bogus,test.test-bogus.example,cold,3667391,2,False,1788804272.8548753,
unbound,bogus,test.test-bogus.example,cold,3400191,2,False,1788804272.8583417,
unbound,bogus,test.test-bogus.example,cold,3048190,2,False,1788804272.8614712,
unbound,bogus,test.test-bogus.example,cold,3214424,2,False,1788804272.8647513,
unbound,bogus,test.test-bogus.example,cold,3288894,2,False,1788804272.8681045,
unbound,bogus,test.test-bogus.example,cold,4562566,2,False,1788804272.8727458,
unbound,bogus,test.test-bogus.example,cold,3357975,2,False,1788804272.8761854,
unbound,bogus,test.test-bogus.example,cold,3292969,2,False,1788804272.8795636,
unbound,bogus,test.test-bogus.example,cold,3139063,2,False,1788804272.8827734,
unbound,bogus,test.test-bogus.example,cold,3811883,2,False,1788804272.8866622,
unbound,bogus,test.test-bogus.example,cold,3248891,2,False,1788804272.8899975,
unbound,bogus,test.test-bogus.example,cold,4255829,2,False,1788804272.8943255,
unbound,bogus,test.test-bogus.example,cold,4897106,2,False,1788804272.8993022,
unbound,bogus,test.test-bogus.example,cold,3555367,2,False,1788804272.902963,
unbound,bogus,test.test-bogus.example,cold,3443710,2,False,1788804272.9065003,
unbound,bogus,test.test-bogus.example,cold,3926338,2,False,1788804272.910518,
unbound,bogus,test.test-bogus.example,cold,3916807,2,False,1788804272.9145298,
unbound,bogus,test.test-bogus.example,cold,3971728,2,False,1788804272.9186013,
unbound,bogus,test.test-bogus.example,cold,3387424,2,False,1788804272.9220746,
unbound,bogus,test.test-bogus.example,cold,3998368,2,False,1788804272.9261453,
unbound,bogus,test.test-bogus.example,cold,3172496,2,False,1788804272.9294088,
unbound,bogus,test.test-bogus.example,cold,3163675,2,False,1788804272.9326425,
unbound,bogus,test.test-bogus.example,cold,3179542,2,False,1788804272.9358885,
unbound,bogus,test.test-bogus.example,cold,3029842,2,False,1788804272.9390068,
unbound,bogus,test.test-bogus.example,cold,3155500,2,False,1788804272.9422407,
unbound,bogus,test.test-bogus.example,cold,3012150,2,False,1788804272.9453282,
unbound,bogus,test.test-bogus.example,cold,3724996,2,False,1788804272.9491289,
unbound,bogus,test.test-bogus.example,cold,4520946,2,False,1788804272.9537494,
unbound,bogus,test.test-bogus.example,cold,4719426,2,False,1788804272.958566,
unbound,bogus,test.test-bogus.example,cold,3620372,2,False,1788804272.962281,
unbound,bogus,test.test-bogus.example,cold,3890100,2,False,1788804272.966231,
unbound,bogus,test.test-bogus.example,cold,3111719,2,False,1788804272.969419,
unbound,bogus,test.test-bogus.example,cold,3204523,2,False,1788804272.972681,
unbound,bogus,test.test-bogus.example,cold,3235657,2,False,1788804272.9759846,
unbound,bogus,test.test-bogus.example,cold,3012019,2,False,1788804272.9790673,
unbound,bogus,test.test-bogus.example,cold,3321930,2,False,1788804272.9824939,
unbound,bogus,test.test-bogus.example,cold,2964536,2,False,1788804272.9855144,
unbound,bogus,test.test-bogus.example,cold,3018586,2,False,1788804272.9886053,
unbound,bogus,test.test-bogus.example,cold,2924522,2,False,1788804272.9916072,
unbound,bogus,test.test-bogus.example,cold,3109178,2,False,1788804272.9947991,
unbound,bogus,test.test-bogus.example,cold,3474144,2,False,1788804272.9983592,
unbound,bogus,test.test-bogus.example,cold,5327179,2,False,1788804273.0037577,
unbound,bogus,test.test-bogus.example,cold,3087072,2,False,1788804273.0069058,
unbound,bogus,test.test-bogus.example,cold,3496512,2,False,1788804273.0104709,
unbound,bogus,test.test-bogus.example,cold,3146949,2,False,1788804273.0136926,
unbound,bogus,test.test-bogus.example,cold,3294722,2,False,1788804273.017047,
unbound,bogus,test.test-bogus.example,cold,3178338,2,False,1788804273.020296,
unbound,bogus,test.test-bogus.example,cold,4157549,2,False,1788804273.0245612,
unbound,bogus,test.test-bogus.example,cold,3507614,2,False,1788804273.028151,
unbound,bogus,test.test-bogus.example,cold,4271637,2,False,1788804273.03251,
unbound,bogus,test.test-bogus.example,cold,3897449,2,False,1788804273.0365343,
unbound,bogus,test.test-bogus.example,cold,3102054,2,False,1788804273.039698,
unbound,bogus,test.test-bogus.example,cold,3440790,2,False,1788804273.0432153,
unbound,bogus,test.test-bogus.example,cold,4304100,2,False,1788804273.0476203,
unbound,bogus,test.test-bogus.example,cold,3407346,2,False,1788804273.0511332,
unbound,bogus,test.test-bogus.example,cold,4897515,2,False,1788804273.056102,
unbound,bogus,test.test-bogus.example,cold,4685976,2,False,1788804273.0608664,
unbound,bogus,test.test-bogus.example,cold,5587254,2,False,1788804273.0665386,
