resolver,outcome,domain,cache_state,query_time_ns,response_rcode,ad_flag,timestamp,error
unbound,nsec3,nonexistent.test-nsec3.example,cold,4322018,3,True,1788804298.5404022,
unbound,nsec3,nonexistent.test-nsec3.example,cold,4848936,3,True,1788804298.5453436,
unbound,nsec3,nonexistent.test-nsec3.example,cold,8322859,3,True,1788804298.5537643,
unbound,nsec3,nonexistent.test-nsec3.example,cold,5195243,3,True,1788804298.5590415,
unbound,nsec3,nonexistent.test-nsec3.example,cold,4359127,3,True,1788804298.5634637,
unbound,nsec3,nonexistent.test-nsec3.example,cold,4191765,3,True,1788804298.5677552,
unbound,nsec3,nonexistent.test-nsec3.example,cold,4429372,3,True,1788804298.5722756,
unbound,nsec3,nonexistent.test-nsec3.example,cold,5207292,3,True,1788804298.5775454,
unbound,nsec3,nonexistent.test-nsec3.example,cold,5429324,3,True,1788804298.5830457,
unbound,nsec3,nonexistent.test-nsec3.example,cold,3671982,3,True,1788804298.586785,
unbound,nsec3,nonexistent.test-nsec3.example,cold,4512884,3,True,1788804298.5913827,
unbound,nsec3,nonexistent.test-nsec3.example,cold,5792377,3,True,1788804298.5972636,
unbound,nsec3,nonexistent.test-nsec3.example,cold,4134348,3,True,1788804298.601487,
unbound,nsec3,nonexistent.test-nsec3.example,cold,4524702,3,True,1788804298.6060975,
unbound,nsec3,nonexistent.test-nsec3.example,cold,11643805,3,True,1788804298.6178248,
unbound,nsec3,nonexistent.test-nsec3.example,cold,4261326,3,True,1788804298.6221817,
unbound,nsec3,nonexistent.test-nsec3.example,cold,4505111,3,True,1788804298.626793,
unbound,nsec3,nonexistent.test-nsec3.example,cold,4873710,3,True,1788804298.631756,
unbound,nsec3,nonexistent.test-nsec3.example,cold,6364559,3,True,1788804298.6382148,
unbound,nsec3,nonexistent.test-nsec3.example,cold,4027164,3,True,1788804298.6423254,
unbound,nsec3,nonexistent.test-nsec3.example,cold,3921403,3,True,1788804298.6463342,
unbound,nsec3,nonexistent.test-nsec3.example,cold,4449756,3,True,1788804298.6508627,
unbound,nsec3,nonexistent.test-nsec3.example,cold,5008963,3,True,1788804298.6559627,
unbound,nsec3,nonexistent.test-nsec3.example,cold,5220677,3,True,1788804298.661282,
unbound,nsec3,nonexistent.test-nsec3.example,cold,5650752,3,True,1788804298.6670313,
unbound,nsec3,nonexistent.test-nsec3.example,cold,9875998,3,True,1788804298.6769922,
unbound,nsec3,nonexistent.test-nsec3.example,cold,4777074,3,True,1788804298.6821396,
unbound,nsec3,nonexistent.test-nsec3.example,cold,4122372,3,True,1788804298.6863248,
unbound,nsec3,nonexistent.test-nsec3.example,cold,6178080,3,True,1788804298.6925924,
unbound,nsec3,nonexistent.test-nsec3.example,cold,4057596,3,True,1788804298.6967285,
unbound,nsec3,nonexistent.test-nsec3.example,cold,4738847,3,True,1788804298.7015343,
unbound,nsec3,nonexistent.test-nsec3.example,cold,4199114,3,True,1788804298.7058163,
unbound,nsec3,nonexistent.test-nsec3.example,cold,4160013,3,True,1788804298.710052,
unbound,nsec3,nonexistent.test-nsec3.example,cold,4560505,3,True,1788804298.714799,
unbound,nsec3,nonexistent.test-nsec3.example,cold,4064769,3,True,1788804298.718979,
unbound,nsec3,nonexistent.test-nsec3.example,cold,4312278,3,True,1788804298.7234027,
unbound,nsec3,nonexistent.test-nsec3.example,cold,3844060,3,True,1788804298.7273285,
unbound,nsec3,nonexistent.test-nsec3.example,cold,4067015,3,True,1788804298.7314975,
unbound,nsec3,nonexistent.test-nsec3.example,cold,4433978,3,True,1788804298.7360177,
unbound,nsec3,nonexistent.test-nsec3.example,cold,4285519,3,True,1788804298.74038,
unbound,nsec3,nonexistent.test-nsec3.example,cold,7613398,3,True,1788804298.7480843,
unbound,nsec3,nonexistent.test-nsec3.example,cold,4747013,3,True,1788804298.7530367,
unbound,nsec3,nonexistent.test-nsec3.example,cold,4056706,3,True,1788804298.7571764,
unbound,nsec3,nonexistent.test-nsec3.example,cold,4214610,3,True,1788804298.7614691,
unbound,nsec3,nonexistent.test-nsec3.example,cold,4012327,3,True,1788804298.7655716,
unbound,nsec3,nonexistent.test-nsec3.example,cold,5241567,3,True,1788804298.7709088,
unbound,nsec3,nonexistent.test-nsec3.example,cold,4273082,3,True,1788804298.7752712,
unbound,nsec3,nonexistent.test-nsec3.example,cold,3810167,3,True,1788804298.7791753,
unbound,nsec3,nonexistent.test-nsec3.example,cold,4586359,3,True,1788804298.7838545,
unbound,nsec3,nonexistent.test-nsec3.example,cold,4928372,3,True,1788804298.7888694,
unbound,nsec3,nonexistent.test-nsec3.example,cold,6903087,3,True,1788804298.7958677,
unbound,nsec3,nonexistent.test-nsec3.example,cold,4729929,3,True,1788804298.8006728,
unbound,nsec3,nonexistent.test-nsec3.example,cold,6214488,3,True,1788804298.8069842,
unbound,nsec3,nonexistent.test-nsec3.example,cold,5427011,3,True,1788804298.8124819,
unbound,nsec3,nonexistent.test-nsec3.example,cold,4736322,3,True,1788804298.8173978,
unbound,nsec3,nonexistent.test-nsec3.example,cold,5099012,3,True,1788804298.8225832,
unbound,nsec3,nonexistent.test-nsec3.example,cold,6215232,3,True,1788804298.8288922,
unbound,nsec3,nonexistent.test-nsec3.example,cold,5369513,3,True,1788804298.834787,
unbound,nsec3,nonexistent.test-nsec3.example,cold,4695683,3,True,1788804298.839556,
unbound,nsec3,nonexistent.test-nsec3.example,cold,4132043,3,True,1788804298.843783,
unbound,nsec3,nonexistent.test-nsec3.example,cold,5012716,3,True,1788804298.8488832,
unbound,nsec3,nonexistent.test-nsec3.example,cold,4500019,3,True,1788804298.853485,
unbound,nsec3,nonexistent.test-nsec3.example,cold,5145737,3,True,1788804298.858714,
unbound,nsec3,nonexistent.test-nsec3.example,cold,4422970,3,True,1788804298.863217,
unbound,nsec3,nonexistent.test-nsec3.example,cold,4593540,3,True,1788804298.8679037,
unbound,nsec3,nonexistent.test-nsec3.example,cold,6638434,3,True,1788804298.8746314,
unbound,nsec3,nonexistent.test-nsec3.example,cold,5169771,3,True,1788804298.879898,
unbound,nsec3,nonexistent.test-nsec3.example,cold,4086173,3,True,1788804298.8840697,
unbound,nsec3,nonexistent.test-nsec3.example,cold,4605385,3,True,1788804298.8887608,
unbound,nsec3,nonexistent.test-nsec3.example,cold,3893289,3,True,1788804298.892725,
unbound,nsec3,nonexistent.test-nsec3.example,cold,5558755,3,True,1788804298.898353,
unbound,nsec3,nonexistent.test-nsec3.example,cold,4594442,3,True,1788804298.9030323,
unbound,nsec3,nonexistent.test-nsec3.example,cold,4481556,3,True,1788804298.907616,
unbound,nsec3,nonexistent.test-nsec3.example,cold,3645092,3,True,1788804298.911337,
unbound,nsec3,nonexistent.test-nsec3.example,cold,4336356,3,True,1788804298.9157622,
unbound,nsec3,nonexistent.test-nsec3.example,cold,4717221,3,True,1788804298.9205554,
unbound,nsec3,nonexistent.test-nsec3.example,cold,3887441,3,True,1788804298.9245968,
unbound,nsec3,nonexistent.test-nsec3.example,cold,6329924,3,True,1788804298.931008,
unbound,nsec3,nonexistent.test-nsec3.example,cold,4687984,3,True,1788804298.93578,
unbound,nsec3,nonexistent.test-nsec3.example,cold,5319312,3,True,1788804298.9411757,
unbound,nsec3,nonexistent.test-nsec3.example,cold,4530759,3,True,1788804298.9457955,
unbound,nsec3,nonexistent.test-nsec3.example,cold,5331401,3,True,1788804298.9512281,
unbound,nsec3,nonexistent.test-nsec3.example,cold,5555700,3,True,1788804298.9568696,
unbound,nsec3,nonexistent.test-nsec3.example,cold,4364562,3,True,1788804298.9613204,
unbound,nsec3,nonexistent.test-nsec3.example,cold,5950760,3,True,1788804298.9673562,
unbound,nsec3,nonexistent.test-nsec3.example,cold,6411301,3,True,1788804298.973851,
unbound,nsec3,nonexistent.test-nsec3.example,cold,11935537,3,True,1788804298.9863107,
unbound,nsec3,nonexistent.test-nsec3.example,cold,6615034,3,True,1788804298.9930668,
unbound,nsec3,nonexistent.test-nsec3.example,cold,6522194,3,True,1788804298.9997282,
unbound,nsec3,nonexistent.test-nsec3.example,cold,5803169,3,True,1788804299.0056143,
unbound,nsec3,nonexistent.test-nsec3.example,cold,5048778,3,True,1788804299.0107546,
unbound,nsec3,nonexistent.test-nsec3.example,cold,7138559,3,True,1788804299.0180104,
unbound,nsec3,nonexistent.test-nsec3.example,cold,5703773,3,True,1788804299.023823,
unbound,nsec3,nonexistent.test-nsec3.example,cold,6524761,3,True,1788804299.0304446,
unbound,nsec3,nonexistent.test-nsec3.example,cold,7573281,3,True,1788804299.038129,
unbound,nsec3,nonexistent.test-nsec3.example,cold,4685931,3,True,1788804299.0428822,
unbound,nsec3,nonexistent.test-nsec3.example,cold,4519207,3,True,1788804299.0474885,
unbound,nsec3,nonexistent.test-nsec3.example,cold,4396782,3,True,1788804299.0519743,
unbound,nsec3,nonexistent.test-nsec3.example,cold,4603742,3,True,1788804299.056661,
unbound,nsec3,nonexistent.test-nsec3.example,cold,4187576,3,True,1788804299.0609097,
unbound,nsec3,nonexistent.test-nsec3.example,cold,4227788,3,True,1788804299.0652134,
unbound,nsec3,nonexistent.test-nsec3.example,cold,4607766,3,True,1788804299.069911,
unbound,nsec3,nonexistent.test-nsec3.example,cold,5456430,3,True,1788804299.0754626,
unbound,nsec3,nonexistent.test-nsec3.example,cold,4202804,3,True,1788804299.079767,
unbound,nsec3,nonexistent.test-nsec3.example,cold,3849183,3,True,1788804299.0837007,
unbound,nsec3,nonexistent.test-nsec3.example,cold,7025869,3,True,1788804299.0907886,
unbound,nsec3,nonexistent.test-nsec3.example,cold,4912012,3,True,1788804299.0957918,
unbound,nsec3,nonexistent.test-nsec3.example,cold,4156321,3,True,1788804299.1000392,
unbound,nsec3,nonexistent.test-nsec3.example,cold,4695721,3,True,1788804299.1048038,
unbound,nsec3,nonexistent.test-nsec3.example,cold,7180409,3,True,1788804299.112079,
unbound,nsec3,nonexistent.test-nsec3.example,cold,5958061,3,True,1788804299.1181502,
unbound,nsec3,nonexistent.test-nsec3.example,cold,5695232,3,True,1788804299.1239538,
unbound,nsec3,nonexistent.test-nsec3.example,cold,5474370,3,True,1788804299.1296098,
unbound,nsec3,nonexistent.test-nsec3.example,cold,4823696,3,True,1788804299.1345277,
unbound,nsec3,nonexistent.test-nsec3.example,cold,4847989,3,True,1788804299.1394708,
unbound,nsec3,nonexistent.test-nsec3.example,cold,5739793,3,True,1788804299.1455116,
unbound,nsec3,nonexistent.test-nsec3.example,cold,4555839,3,True,1788804299.1502836,
unbound,nsec3,nonexistent.test-nsec3.example,cold,4289800,3,True,1788804299.1546433,
unbound,nsec3,nonexistent.test-nsec3.example,cold,4049621,3,True,1788804299.1587632,
unbound,nsec3,nonexistent.test-nsec3.example,cold,4438071,3,True,1788804299.163285,
unbound,nsec3,nonexistent.test-nsec3.example,cold,3948230,3,True,1788804299.1673298,
unbound,nsec3,nonexistent.test-nsec3.example,cold,4838511,3,True,1788804299.1722548,
unbound,nsec3,nonexistent.test-nsec3.example,cold,4038689,3,True,1788804299.1763783,
unbound,nsec3,nonexistent.test-nsec3.example,cold,4077390,3,True,1788804299.180523,
unbound,nsec3,nonexistent.test-nsec3.example,cold,4054831,3,True,1788804299.1846564,
unbound,nsec3,nonexistent.test-nsec3.example,cold,4326965,3,True,1788804299.1890569,
unbound,nsec3,nonexistent.test-nsec3.example,cold,6035105,3,True,1788804299.195179,
unbound,nsec3,nonexistent.test-nsec3.example,cold,5715401,3,True,1788804299.2009966,
unbound,nsec3,nonexistent.test-nsec3.example,cold,5340403,3,True,1788804299.2064176,
unbound,nsec3,nonexistent.test-nsec3.example,cold,6298129,3,True,1788804299.2128294,
unbound,nsec3,nonexistent.test-nsec3.example,cold,9399674,3,True,1788804299.222324,
unbound,nsec3,nonexistent.test-nsec3.example,cold,5531242,3,True,1788804299.228103,
unbound,nsec3,nonexistent.test-nsec3.example,cold,4663886,3,True,1788804299.2328498,
unbound,nsec3,nonexistent.test-nsec3.example,cold,4679239,3,True,1788804299.237615,
unbound,nsec3,nonexistent.test-nsec3.example,cold,5059450,3,True,1788804299.2429488,
unbound,nsec3,nonexistent.test-nsec3.example,cold,3677242,3,True,1788804299.2467258,
unbound,nsec3,nonexistent.test-nsec3.example,cold,5185073,3,True,1788804299.2520242,
unbound,nsec3,nonexistent.test-nsec3.example,cold,4171280,3,True,1788804299.2563171,
unbound,nsec3,nonexistent.test-nsec3.example,cold,3693959,3,True,1788804299.260104,
unbound,nsec3,nonexistent.test-nsec3.example,cold,5116332,3,True,1788804299.265305,
unbound,nsec3,nonexistent.test-nsec3.example,cold,5030869,3,True,1788804299.2704084,
unbound,nsec3,nonexistent.test-nsec3.example,cold,5476274,3,True,1788804299.275981,
unbound,nsec3,nonexistent.test-nsec3.example,cold,5100214,3,True,1788804299.2811754,
unbound,nsec3,nonexistent.test-nsec3.example,cold,5300116,3,True,1788804299.2865596,
unbound,nsec3,nonexistent.test-nsec3.example,cold,4438146,3,True,1788804299.2910967,
unbound,nsec3,nonexistent.test-nsec3.example,cold,5150175,3,True,1788804299.29635,
unbound,nsec3,nonexistent.test-nsec3.example,cold,4401986,3,True,1788804299.3008337,
unbound,nsec3,nonexistent.test-nsec3.example,cold,4949501,3,True,1788804299.305855,
unbound,nsec3,nonexistent.test-nsec3.example,cold,5479208,3,True,1788804299.311528,
unbound,nsec3,nonexistent.test-nsec3.example,cold,4118275,3,True,1788804299.3157556,
unbound,nsec3,nonexistent.test-nsec3.example,cold,4015390,3,True,1788804299.3198528,
unbound,nsec3,nonexistent.test-nsec3.example,cold,5301733,3,True,1788804299.3252363,
unbound,nsec3,nonexistent.test-nsec3.example,cold,4353519,3,True,1788804299.3299181,
unbound,nsec3,nonexistent.test-nsec3.example,cold,4864747,3,True,1788804299.334868,
unbound,nsec3,nonexistent.test-nsec3.example,cold,3437946,3,True,1788804299.3383768,
unbound,nsec3,nonexistent.test-nsec3.example,cold,5162324,3,True,1788804299.3436146,
unbound,nsec3,nonexistent.test-nsec3.example,cold,3931677,3,True,1788804299.3476374,
unbound,nsec3,nonexistent.test-nsec3.example,cold,5351881,3,True,1788804299.3530967,
unbound,nsec3,nonexistent.test-nsec3.example,cold,4953158,3,True,1788804299.3581502,
unbound,nsec3,nonexistent.test-nsec3.example,cold,6220736,3,True,1788804299.3644445,
unbound,nsec3,nonexistent.test-nsec3.example,cold,10969528,3,True,1788804299.375557,
unbound,nsec3,nonexistent.test-nsec3.example,cold,9197920,3,True,1788804299.384924,
unbound,nsec3,nonexistent.test-nsec3.example,cold,3902919,3,True,1788804299.3889034,
unbound,nsec3,nonexistent.test-nsec3.example,cold,4979695,3,True,1788804299.393955,
unbound,nsec3,nonexistent.test-nsec3.example,cold,5529361,3,True,1788804299.3995512,
unbound,nsec3,nonexistent.test-nsec3.example,cold,4282014,3,True,1788804299.4039042,
unbound,nsec3,nonexistent.test-nsec3.example,cold,5706180,3,True,1788804299.409684,
unbound,nsec3,nonexistent.test-nsec3.example,cold,7019337,3,True,1788804299.4168336,
unbound,nsec3,nonexistent.test-nsec3.example,cold,6456753,3,True,1788804299.4236088,
unbound,nsec3,nonexistent.test-nsec3.example,cold,7787714,3,True,1788804299.4315734,
unbound,nsec3,nonexistent.test-nsec3.example,cold,13675098,3,True,1788804299.445454,
unbound,nsec3,nonexistent.test-nsec3.example,cold,7916653,3,True,1788804299.453456,
unbound,nsec3,nonexistent.test-nsec3.example,cold,8094337,3,True,1788804299.4616537,
unbound,nsec3,nonexistent.test-nsec3.example,cold,7745053,3,True,1788804299.4695714,
unbound,nsec3,nonexistent.test-nsec3.example,cold,7900350,3,True,1788804299.4775836,
unbound,nsec3,nonexistent.test-nsec3.example,cold,10440012,3,True,1788804299.4881315,
unbound,nsec3,nonexistent.test-nsec3.example,cold,6515349,3,True,1788804299.4947474,
unbound,nsec3,nonexistent.test-nsec3.example,cold,5618834,3,True,1788804299.5006073,
unbound,nsec3,nonexistent.test-nsec3.example,cold,5976703,3,True,1788804299.506752,
unbound,nsec3,nonexistent.test-nsec3.example,cold,5707970,3,True,1788804299.5125632,
unbound,nsec3,nonexistent.test-nsec3.example,cold,10053606,3,True,1788804299.5227346,
unbound,nsec3,nonexistent.test-nsec3.example,cold,4258402,3,True,1788804299.5271053,
unbound,nsec3,nonexistent.test-nsec3.example,cold,3509786,3,True,1788804299.5307531,
unbound,nsec3,nonexistent.test-nsec3.example,cold,4413846,3,True,1788804299.5353074,
unbound,nsec3,nonexistent.test-nsec3.example,cold,4066099,3,True,1788804299.5394611,
unbound,nsec3,nonexistent.test-nsec3.example,cold,3834783,3,True,1788804299.54344,
unbound,nsec3,nonexistent.test-nsec3.example,cold,6155257,3,True,1788804299.5498347,
unbound,nsec3,nonexistent.test-nsec3.example,cold,6101124,3,True,1788804299.556029,
unbound,nsec3,nonexistent.test-nsec3.example,cold,7186539,3,True,1788804299.5634708,
unbound,nsec3,nonexistent.test-nsec3.example,cold,4939712,3,True,1788804299.5686746,
unbound,nsec3,nonexistent.test-nsec3.example,cold,5570489,3,True,1788804299.5743456,
unbound,nsec3,nonexistent.test-nsec3.example,cold,5107862,3,True,1788804299.5795443,
unbound,nsec3,nonexistent.test-nsec3.example,cold,6125482,3,True,1788804299.585767,
unbound,nsec3,nonexistent.test-nsec3.example,cold,7480908,3,True,1788804299.5933475,
unbound,nsec3,nonexistent.test-nsec3.example,cold,9219168,3,True,1788804299.6026993,
unbound,nsec3,nonexistent.test-nsec3.example,cold,6963169,3,True,1788804299.6097646,
unbound,nsec3,nonexistent.test-nsec3.example,cold,6536962,3,True,1788804299.6164048,
unbound,nsec3,nonexistent.test-nsec3.example,cold,6254039,3,True,1788804299.6229806,
unbound,nsec3,nonexistent.test-nsec3.example,cold,8395500,3,True,1788804299.6314933,
unbound,nsec3,nonexistent.test-nsec3.example,cold,4562761,3,True,1788804299.6361387,
unbound,nsec3,nonexistent.test-nsec3.example,cold,9060872,3,True,1788804299.645296,
unbound,nsec3,nonexistent.test-nsec3.example,cold,9673437,3,True,1788804299.655066,
unbound,nsec3,nonexistent.test-nsec3.example,cold,5757095,3,True,1788804299.6609547,
unbound,nsec3,nonexistent.test-nsec3.example,cold,9759094,3,True,1788804299.6709208,
unbound,nsec3,nonexistent.test-nsec3.example,cold,6384656,3,True,1788804299.6774075,
unbound,nsec3,nonexistent.test-nsec3.example,cold,5446920,3,True,1788804299.6829448,
unbound,nsec3,nonexistent.test-nsec3.example,cold,5921370,3,True,1788804299.688951,
unbound,nsec3,nonexistent.test-nsec3.example,cold,4685299,3,True,1788804299.6937542,
unbound,nsec3,nonexistent.test-nsec3.example,cold,6053334,3,True,1788804299.6999354,
unbound,nsec3,nonexistent.test-nsec3.example,cold,5312963,3,True,1788804299.7053378,
unbound,nsec3,nonexistent.test-nsec3.example,cold,14976016,3,True,1788804299.7204146,
unbound,nsec3,nonexistent.test-nsec3.example,cold,5433582,3,True,1788804299.7259488,
unbound,nsec3,nonexistent.test-nsec3.example,cold,28322650,3,True,1788804299.754361,
unbound,nsec3,nonexistent.test-nsec3.example,cold,5313664,3,True,1788804299.7597833,
unbound,nsec3,nonexistent.test-nsec3.example,cold,4946292,3,True,1788804299.7648225,
unbound,nsec3,nonexistent.test-nsec3.example,cold,3734588,3,True,1788804299.7686546,
unbound,nsec3,nonexistent.test-nsec3.example,cold,3288361,3,True,1788804299.7720163,
unbound,nsec3,nonexistent.test-nsec3.example,cold,3252976,3,True,1788804299.7753637,
unbound,nsec3,nonexistent.test-nsec3.example,cold,4930816,3,True,1788804299.7803788,
unbound,nsec3,nonexistent.test-nsec3.example,cold,4046553,3,True,1788804299.7845085,
unbound,nsec3,nonexistent.test-nsec3.example,cold,4349050,3,True,1788804299.7889352,
unbound,nsec3,nonexistent.test-nsec3.example,cold,5386767,3,True,1788804299.7944117,
unbound,nsec3,nonexistent.test-nsec3.example,cold,5049875,3,True,1788804299.79954,
unbound,nsec3,nonexistent.test-nsec3.example,cold,5558341,3,True,1788804299.805189,
unbound,nsec3,nonexistent.test-nsec3.example,cold,5199617,3,True,1788804299.810475,
unbound,nsec3,nonexistent.test-nsec3.example,cold,4485126,3,True,1788804299.815048,
unbound,nsec3,nonexistent.test-nsec3.example,cold,3787294,3,True,1788804299.8189065,
unbound,nsec3,nonexistent.test-nsec3.example,cold,6112796,3,True,1788804299.825126,
unbound,nsec3,nonexistent.test-nsec3.example,cold,6584234,3,True,1788804299.8318934,
unbound,nsec3,nonexistent.test-nsec3.example,cold,6062050,3,True,1788804299.8381004,
unbound,nsec3,nonexistent.test-nsec3.example,cold,6276301,3,True,1788804299.844478,
unbound,nsec3,nonexistent.test-nsec3.example,cold,5620298,3,True,1788804299.8504632,
unbound,nsec3,nonexistent.test-nsec3.example,cold,5917035,3,True,1788804299.8564525,
unbound,nsec3,nonexistent.test-nsec3.example,cold,4306587,3,True,1788804299.8608513,
unbound,nsec3,nonexistent.test-nsec3.example,cold,6131874,3,True,1788804299.8670769,
unbound,nsec3,nonexistent.test-nsec3.example,cold,9233374,3,True,1788804299.8764184,
unbound,nsec3,nonexistent.test-nsec3.example,cold,3651784,3,True,1788804299.8801718,
unbound,nsec3,nonexistent.test-nsec3.example,cold,4440790,3,True,1788804299.8846881,
unbound,nsec3,nonexistent.test-nsec3.example,cold,4869289,3,True,1788804299.8896506,
unbound,nsec3,nonexistent.test-nsec3.example,cold,4053879,3,True,1788804299.8937964,
unbound,nsec3,nonexistent.test-nsec3.example,cold,3553258,3,True,1788804299.897429,
unbound,nsec3,nonexistent.test-nsec3.example,cold,4672234,3,True,1788804299.9021654,
unbound,nsec3,nonexistent.test-nsec3.example,cold,3931864,3,True,1788804299.9061658,
unbound,nsec3,nonexistent.test-nsec3.example,cold,3870892,3,True,1788804299.910177,
unbound,nsec3,nonexistent.test-nsec3.example,cold,3854957,3,True,1788804299.9141793,
unbound,nsec3,nonexistent.test-nsec3.example,cold,5064711,3,True,1788804299.91935,
unbound,nsec3,nonexistent.test-nsec3.example,cold,5828089,3,True,1788804299.925279,
unbound,nsec3,nonexistent.test-nsec3.example,cold,4473829,3,True,1788804299.9298687,
unbound,nsec3,nonexistent.test-nsec3.example,cold,4983083,3,True,1788804299.9349613,
unbound,nsec3,nonexistent.test-nsec3.example,cold,6209923,3,True,1788804299.9412773,
unbound,nsec3,nonexistent.test-nsec3.example,cold,5410227,3,True,1788804299.9467828,
unbound,nsec3,nonexistent.test-nsec3.example,cold,5489306,3,True,1788804299.9523559,
unbound,nsec3,nonexistent.test-nsec3.example,cold,4829087,3,True,1788804299.9572678,
unbound,nsec3,nonexistent.test-nsec3.example,cold,4372325,3,True,1788804299.961709,
unbound,nsec3,nonexistent.test-nsec3.example,cold,3687801,3,True,1788804299.9654987,
unbound,nsec3,nonexistent.test-nsec3.example,cold,6752510,3,True,1788804299.9723184,
unbound,nsec3,nonexistent.test-nsec3.example,cold,3861602,3,True,1788804299.976274,
unbound,nsec3,nonexistent.test-nsec3.example,cold,3338891,3,True,1788804299.9796734,
unbound,nsec3,nonexistent.test-nsec3.example,cold,3141710,3,True,1788804299.982882,
unbound,nsec3,nonexistent.test-nsec3.example,cold,4306182,3,True,1788804299.9872608,
unbound,nsec3,nonexistent.test-nsec3.example,cold,4788264,3,True,1788804299.9921536,
unbound,nsec3,nonexistent.test-nsec3.example,cold,5490029,3,True,1788804299.9977164,
unbound,nsec3,nonexistent.test-nsec3.example,cold,5941824,3,True,1788804300.0037491,
unbound,nsec3,nonexistent.test-nsec3.example,cold,11301779,3,True,1788804300.015165,
unbound,nsec3,nonexistent.test-nsec3.example,cold,5636475,3,True,1788804300.0209072,
unbound,nsec3,nonexistent.test-nsec3.example,cold,5726321,3,True,1788804300.0267265,
unbound,nsec3,nonexistent.test-nsec3.example,cold,5537370,3,True,1788804300.032377,
unbound,nsec3,nonexistent.test-nsec3.example,cold,7706545,3,True,1788804300.0401962,
unbound,nsec3,nonexistent.test-nsec3.example,cold,5833932,3,True,1788804300.0461197,
unbound,nsec3,nonexistent.test-nsec3.example,cold,6279178,3,True,1788804300.0525491,
unbound,nsec3,nonexistent.test-nsec3.example,cold,6754416,3,True,1788804300.0593948,
unbound,nsec3,nonexistent.test-nsec3.example,cold,4118364,3,True,1788804300.0636096,
unbound,nsec3,nonexistent.test-nsec3.example,cold,5453176,3,True,1788804300.0692184,
unbound,nsec3,nonexistent.test-nsec3.example,cold,4910210,3,True,1788804300.0743687,
unbound,nsec3,nonexistent.test-nsec3.example,cold,6617939,3,True,1788804300.081083,
unbound,nsec3,nonexistent.test-nsec3.example,cold,5407324,3,True,1788804300.0865917,
unbound,nsec3,nonexistent.test-nsec3.example,cold,4334932,3,True,1788804300.0910938,
unbound,nsec3,nonexistent.test-nsec3.example,cold,3784873,3,True,1788804300.0949936,
unbound,nsec3,nonexistent.test-nsec3.example,cold,3686823,3,True,1788804300.0988839,
unbound,nsec3,nonexistent.test-nsec3.example,cold,3728425,3,True,1788804300.1026914,
unbound,nsec3,nonexistent.test-nsec3.example,cold,4123626,3,True,1788804300.1068954,
unbound,nsec3,nonexistent.test-nsec3.example,cold,5283394,3,True,1788804300.112271,
unbound,nsec3,nonexistent.test-nsec3.example,cold,3905723,3,True,1788804300.116273,
unbound,nsec3,nonexistent.test-nsec3.example,cold,4324987,3,True,1788804300.120738,
unbound,nsec3,nonexistent.test-nsec3.example,cold,3746104,3,True,1788804300.124591,
unbound,nsec3,nonexistent.test-nsec3.example,cold,4237039,3,True,1788804300.12891,
unbound,nsec3,nonexistent.test-nsec3.example,cold,5025738,3,True,1788804300.134014,
unbound,nsec3,nonexistent.test-nsec3.example,cold,4377051,3,True,1788804300.1384761,
unbound,nsec3,nonexistent.test-nsec3.example,cold,5976463,3,True,1788804300.1446722,
unbound,nsec3,nonexistent.test-nsec3.example,cold,4674840,3,True,1788804300.1494575,
unbound,nsec3,nonexistent.test-nsec3.example,cold,4385838,3,True,1788804300.1539373,
unbound,nsec3,nonexistent.test-nsec3.example,cold,6360521,3,True,1788804300.160394,
unbound,nsec3,nonexistent.test-nsec3.example,cold,6335026,3,True,1788804300.1668565,
unbound,nsec3,nonexistent.test-nsec3.example,cold,7728758,3,True,1788804300.1746907,
unbound,nsec3,nonexistent.test-nsec3.example,cold,6048308,3,True,1788804300.1808286,
unbound,nsec3,nonexistent.test-nsec3.example,cold,5086378,3,True,1788804300.1860054,
unbound,nsec3,nonexistent.test-nsec3.example,cold,4623715,3,True,1788804300.1907225,
unbound,nsec3,nonexistent.test-nsec3.example,cold,4925236,3,True,1788804300.19572,
unbound,nsec3,nonexistent.test-nsec3.example,cold,3655455,3,True,1788804300.1994638,
unbound,nsec3,nonexistent.test-nsec3.example,cold,3776121,3,True,1788804300.2033267,
unbound,nsec3,nonexistent.test-nsec3.example,cold,5320747,3,True,1788804300.2087362,
unbound,nsec3,nonexistent.test-nsec3.example,cold,5004297,3,True,1788804300.213841,
unbound,nsec3,nonexistent.test-nsec3.example,cold,4360399,3,True,1788804300.2183084,
unbound,nsec3,nonexistent.test-nsec3.example,cold,4322746,3,True,1788804300.222813,
unbound,nsec3,nonexistent.test-nsec3.example,cold,5269920,3,True,1788804300.2281694,
unbound,nsec3,nonexistent.test-nsec3.example,cold,4194904,3,True,1788804300.2324696,
unbound,nsec3,nonexistent.test-nsec3.example,cold,5518219,3,True,1788804300.2380862,
unbound,nsec3,nonexistent.test-nsec3.example,cold,5795922,3,True,1788804300.2439845,
unbound,nsec3,nonexistent.test-nsec3.example,cold,3978777,3,True,1788804300.2480557,
unbound,nsec3,nonexistent.test-nsec3.example,cold,4864223,3,True,1788804300.2529938,
unbound,nsec3,nonexistent.test-nsec3.example,cold,5471893,3,True,1788804300.25856,
unbound,nsec3,nonexistent.test-nsec3.example,cold,3879806,3,True,1788804300.2625303,
unbound,nsec3,nonexistent.test-nsec3.example,cold,4589023,3,True,1788804300.2672071,
unbound,nsec3,nonexistent.test-nsec3.example,cold,4613567,3,True,1788804300.2719123,
unbound,nsec3,nonexistent.test-nsec3.example,cold,5095738,3,True,1788804300.2771084,
unbound,nsec3,nonexistent.test-nsec3.example,cold,3982103,3,True,1788804300.281178,
unbound,nsec3,nonexistent.test-nsec3.example,cold,3640222,3,True,1788804300.284897,
unbound,nsec3,nonexistent.test-nsec3.example,cold,4118536,3,True,1788804300.2891812,
unbound,nsec3,nonexistent.test-nsec3.example,cold,5429927,3,True,1788804300.2946942,
unbound,nsec3,nonexistent.test-nsec3.example,cold,3677853,3,True,1788804300.298445,
unbound,nsec3,nonexistent.test-nsec3.example,cold,4380699,3,True,1788804300.3029118,
unbound,nsec3,nonexistent.test-nsec3.example,cold,4188019,3,True,1788804300.3071783,
unbound,nsec3,nonexistent.test-nsec3.example,cold,4140785,3,True,1788804300.3114252,
unbound,nsec3,nonexistent.test-nsec3.example,cold,4019644,3,True,1788804300.3155348,
unbound,nsec3,nonexistent.test-nsec3.example,cold,8248082,3,True,1788804300.3238683,
unbound,nsec3,nonexistent.test-nsec3.example,cold,4126728,3,True,1788804300.3280714,
unbound,nsec3,nonexistent.test-nsec3.example,cold,5542693,3,True,1788804300.3336797,
unbound,nsec3,nonexistent.test-nsec3.example,cold,4174659,3,True,1788804300.338007,
unbound,nsec3,nonexistent.test-nsec3.example,cold,4936023,3,True,1788804300.3430307,
unbound,nsec3,nonexistent.test-nsec3.example,cold,4359850,3,True,1788804300.347488,
unbound,nsec3,nonexistent.test-nsec3.example,cold,4071692,3,True,1788804300.351651,
unbound,nsec3,nonexistent.test-nsec3.example,cold,5758240,3,True,1788804300.3574774,
unbound,nsec3,nonexistent.test-nsec3.example,cold,3996568,3,True,1788804300.3617284,
unbound,nsec3,nonexistent.test-nsec3.example,cold,4771958,3,True,1788804300.366571,
unbound,nsec3,nonexistent.test-nsec3.example,cold,4232626,3,True,1788804300.3708885,
unbound,nsec3,nonexistent.test-nsec3.example,cold,5408770,3,True,1788804300.3763845,
unbound,nsec3,nonexistent.test-nsec3.example,cold,4912355,3,True,1788804300.3813877,
unbound,nsec3,nonexistent.test-nsec3.example,cold,4157940,3,True,1788804300.3856463,
unbound,nsec3,nonexistent.test-nsec3.example,cold,5553813,3,True,1788804300.3913052,
unbound,nsec3,nonexistent.test-nsec3.example,cold,5738091,3,True,1788804300.3971438,
unbound,nsec3,nonexistent.test-nsec3.example,cold,6966892,3,True,1788804300.4042027,
unbound,nsec3,nonexistent.test-nsec3.example,cold,5152896,3,True,1788804300.4094307,
unbound,nsec3,nonexistent.test-nsec3.example,cold,5100716,3,True,1788804300.4148679,
unbound,nsec3,nonexistent.test-nsec3.example,cold,3547143,3,True,1788804300.4185207,
unbound,nsec3,nonexistent.test-nsec3.example,cold,4126354,3,True,1788804300.4227316,
unbound,nsec3,nonexistent.test-nsec3.example,cold,4181480,3,True,1788804300.4269848,
unbound,nsec3,nonexistent.test-nsec3.example,cold,4188814,3,True,1788804300.4312656,
unbound,nsec3,nonexistent.test-nsec3.example,cold,5321889,3,True,1788804300.4366825,
unbound,nsec3,nonexistent.test-nsec3.example,cold,4409273,3,True,1788804300.441186,
unbound,nsec3,nonexistent.test-nsec3.example,cold,5646828,3,True,1788804300.446929,
unbound,nsec3,nonexistent.test-nsec3.example,cold,5472809,3,True,1788804300.4524937,
unbound,nsec3,nonexistent.test-nsec3.example,cold,4342271,3,True,1788804300.4569287,
unbound,nsec3,nonexistent.test-nsec3.example,cold,7340336,3,True,1788804300.4643598,
unbound,nsec3,nonexistent.test-nsec3.example,cold,10113474,3,True,1788804300.474579,
unbound,nsec3,nonexistent.test-nsec3.example,cold,10052592,3,True,1788804300.4847462,
unbound,nsec3,nonexistent.test-nsec3.example,cold,9953180,3,True,1788804300.4948175,
unbound,nsec3,nonexistent.test-nsec3.example,cold,5865355,3,True,1788804300.5007813,
unbound,nsec3,nonexistent.test-nsec3.example,cold,6835180,3,True,1788804300.5079136,
unbound,nsec3,nonexistent.test-nsec3.example,cold,5285368,3,True,1788804300.5133357,
unbound,nsec3,nonexistent.test-nsec3.example,cold,8884169,3,True,1788804300.522322,
unbound,nsec3,nonexistent.test-nsec3.example,cold,4958730,3,True,1788804300.5276268,
unbound,nsec3,nonexistent.test-nsec3.example,cold,7179143,3,True,1788804300.5348938,
unbound,nsec3,nonexistent.test-nsec3.example,cold,11806308,3,True,1788804300.5468006,
unbound,nsec3,nonexistent.test-nsec3.example,cold,10272815,3,True,1788804300.5571616,
unbound,nsec3,nonexistent.test-nsec3.example,cold,7093497,3,True,1788804300.5643585,
unbound,nsec3,nonexistent.test-nsec3.example,cold,9846727,3,True,1788804300.574298,
unbound,nsec3,nonexistent.test-nsec3.example,cold,7954137,3,True,1788804300.5823903,
unbound,nsec3,nonexistent.test-nsec3.example,cold,8058318,3,True,1788804300.590559,
unbound,nsec3,nonexistent.test-nsec3.example,cold,12198058,3,True,1788804300.6028595,
unbound,nsec3,nonexistent.test-nsec3.example,cold,6983686,3,True,1788804300.6099663,
unbound,nsec3,nonexistent.test-nsec3.example,cold,7693015,3,True,1788804300.6177588,
unbound,nsec3,nonexistent.test-nsec3.example,cold,8394459,3,True,1788804300.626245,
unbound,nsec3,nonexistent.test-nsec3.example,cold,6953316,3,True,1788804300.6332853,
unbound,nsec3,nonexistent.test-nsec3.example,cold,7660583,3,True,1788804300.6410384,
unbound,nsec3,nonexistent.test-nsec3.example,cold,8146928,3,True,1788804300.649281,
unbound,nsec3,nonexistent.test-nsec3.example,cold,6428503,3,True,1788804300.6558142,
unbound,nsec3,nonexistent.test-nsec3.example,cold,6228002,3,True,1788804300.6621444,
unbound,nsec3,nonexistent.test-nsec3.example,cold,4952551,3,True,1788804300.6671958,
unbound,nsec3,nonexistent.test-nsec3.example,cold,3644915,3,True,1788804300.6710358,
unbound,nsec3,nonexistent.test-nsec3.example,cold,4692461,3,True,1788804300.6758144,
unbound,nsec3,nonexistent.test-nsec3.example,cold,6578806,3,True,1788804300.6824863,
unbound,nsec3,nonexistent.test-nsec3.example,cold,4504486,3,True,1788804300.6871562,
unbound,nsec3,nonexistent.test-nsec3.example,cold,3704161,3,True,1788804300.6909504,
unbound,nsec3,nonexistent.test-nsec3.example,cold,5913199,3,True,1788804300.6969454,
unbound,nsec3,nonexistent.test-nsec3.example,cold,3668275,3,True,1788804300.7006943,
unbound,nsec3,nonexistent.test-nsec3.example,cold,4023737,3,True,1788804300.704797,
unbound,nsec3,nonexistent.test-nsec3.example,cold,4375785,3,True,1788804300.7092495,
unbound,nsec3,nonexistent.test-nsec3.example,cold,13583190,3,True,1788804300.722915,
unbound,nsec3,nonexistent.test-nsec3.example,cold,5465054,3,True,1788804300.728467,
unbound,nsec3,nonexistent.test-nsec3.example,cold,3941859,3,True,1788804300.732499,
unbound,nsec3,nonexistent.test-nsec3.example,cold,4342253,3,True,1788804300.7369237,
unbound,nsec3,nonexistent.test-nsec3.example,cold,5128709,3,True,1788804300.7421346,
unbound,nsec3,nonexistent.test-nsec3.example,cold,4599110,3,True,1788804300.7468338,
unbound,nsec3,nonexistent.test-nsec3.example,cold,5389437,3,True,1788804300.7523205,
unbound,nsec3,nonexistent.test-nsec3.example,cold,6308367,3,True,1788804300.758718,
unbound,nsec3,nonexistent.test-nsec3.example,cold,5249433,3,True,1788804300.764042,
unbound,nsec3,nonexistent.test-nsec3.example,cold,5326507,3,True,1788804300.7694428,
unbound,nsec3,nonexistent.test-nsec3.example,cold,5362942,3,True,1788804300.774899,
unbound,nsec3,nonexistent.test-nsec3.example,cold,5039373,3,True,1788804300.78004,
unbound,nsec3,nonexistent.test-nsec3.example,cold,4179279,3,True,1788804300.7842968,
unbound,nsec3,nonexistent.test-nsec3.example,cold,4892892,3,True,1788804300.7892618,
unbound,nsec3,nonexistent.test-nsec3.example,cold,5188555,3,True,1788804300.794541,
unbound,nsec3,nonexistent.test-nsec3.example,cold,5385762,3,True,1788804300.8000944,
unbound,nsec3,nonexistent.test-nsec3.example,cold,6058682,3,True,1788804300.806249,
unbound,nsec3,nonexistent.test-nsec3.example,cold,4282177,3,True,1788804300.810595,
unbound,nsec3,nonexistent.test-nsec3.example,cold,4275265,3,True,1788804300.8149407,
unbound,nsec3,nonexistent.test-nsec3.example,cold,3742284,3,True,1788804300.8188455,
unbound,nsec3,nonexistent.test-nsec3.example,cold,4332284,3,True,1788804300.8232598,
unbound,nsec3,nonexistent.test-nsec3.example,cold,4183108,3,True,1788804300.8275483,
unbound,nsec3,nonexistent.test-nsec3.example,cold,4523080,3,True,1788804300.83217,
unbound,nsec3,nonexistent.test-nsec3.example,cold,4893635,3,True,1788804300.8371751,
unbound,nsec3,nonexistent.test-nsec3.example,cold,5108795,3,True,1788804300.8423674,
unbound,nsec3,nonexistent.test-nsec3.example,cold,4652755,3,True,1788804300.8471117,
unbound,nsec3,nonexistent.test-nsec3.example,cold,4673289,3,True,1788804300.8519163,
unbound,nsec3,nonexistent.test-nsec3.example,cold,5475138,3,True,1788804300.8574674,
unbound,nsec3,nonexistent.test-nsec3.example,cold,5130092,3,True,1788804300.862685,
unbound,nsec3,nonexistent.test-nsec3.example,cold,5443656,3,True,1788804300.8682227,
unbound,nsec3,nonexistent.test-nsec3.example,cold,4792018,3,True,1788804300.873107,
unbound,nsec3,nonexistent.test-nsec3.example,cold,4500302,3,True,1788804300.8777006,
unbound,nsec3,nonexistent.test-nsec3.example,cold,6396948,3,True,1788804300.8841853,
unbound,nsec3,nonexistent.test-nsec3.example,cold,5009858,3,True,1788804300.8893328,
unbound,nsec3,nonexistent.test-nsec3.example,cold,4078466,3,True,1788804300.893508,
unbound,nsec3,nonexistent.test-nsec3.example,cold,4209678,3,True,1788804300.8978074,
unbound,nsec3,nonexistent.test-nsec3.example,cold,4869124,3,True,1788804300.90278,
unbound,nsec3,nonexistent.test-nsec3.example,cold,3791446,3,True,1788804300.9066527,
unbound,nsec3,nonexistent.test-nsec3.example,cold,4455780,3,True,1788804300.9111814,
unbound,nsec3,nonexistent.test-nsec3.example,cold,3908262,3,True,1788804300.9151683,
unbound,nsec3,nonexistent.test-nsec3.example,cold,4844955,3,True,1788804300.9201245,
unbound,nsec3,nonexistent.test-nsec3.example,cold,5611059,3,True,1788804300.9258542,
unbound,nsec3,nonexistent.test-nsec3.example,cold,5056080,3,True,1788804300.9310126,
unbound,nsec3,nonexistent.test-nsec3.example,cold,5808856,3,True,1788804300.936908,
unbound,nsec3,nonexistent.test-nsec3.example,cold,4141581,3,True,1788804300.9411397,
unbound,nsec3,nonexistent.test-nsec3.example,cold,5028887,3,True,1788804300.946236,
unbound,nsec3,nonexistent.test-nsec3.example,cold,5213973,3,True,1788804300.9515371,
unbound,nsec3,nonexistent.test-nsec3.example,cold,4002152,3,True,1788804300.9556217,
unbound,nsec3,nonexistent.test-nsec3.example,cold,5932642,3,True,1788804300.9616294,
unbound,nsec3,nonexistent.test-nsec3.example,cold,5797623,3,True,1788804300.9675298,
unbound,nsec3,nonexistent.test-nsec3.example,cold,4107747,3,True,1788804300.9717638,
unbound,nsec3,nonexistent.test-nsec3.example,cold,4897305,3,True,1788804300.9767685,
unbound,nsec3,nonexistent.test-nsec3.example,cold,3936912,3,True,1788804300.9809308,
unbound,nsec3,nonexistent.test-nsec3.example,cold,4243227,3,True,1788804300.9852662,
unbound,nsec3,nonexistent.test-nsec3.example,cold,3823592,3,True,1788804300.9891686,
unbound,nsec3,nonexistent.test-nsec3.example,cold,4694216,3,True,1788804300.9939556,
unbound,nsec3,nonexistent.test-nsec3.example,cold,4269800,3,True,1788804300.9984183,
unbound,nsec3,nonexistent.test-nsec3.example,cold,5444187,3,True,1788804301.0039456,
unbound,nsec3,nonexistent.test-nsec3.example,cold,4107748,3,True,1788804301.0081363,
unbound,nsec3,nonexistent.test-nsec3.example,cold,4820109,3,True,1788804301.0130506,
unbound,nsec3,nonexistent.test-nsec3.example,cold,5187376,3,True,1788804301.0183113,
unbound,nsec3,nonexistent.test-nsec3.example,cold,3967235,3,True,1788804301.0223627,
unbound,nsec3,nonexistent.test-nsec3.example,cold,4400829,3,True,1788804301.0268338,
unbound,nsec3,nonexistent.test-nsec3.example,cold,5474293,3,True,1788804301.0323946,
unbound,nsec3,nonexistent.test-nsec3.example,cold,4462255,3,True,1788804301.037031,
unbound,nsec3,nonexistent.test-nsec3.example,cold,5090928,3,True,1788804301.0422044,
unbound,nsec3,nonexistent.test-nsec3.example,cold,5644553,3,True,1788804301.0479577,
unbound,nsec3,nonexistent.test-nsec3.example,cold,4400280,3,True,1788804301.0524528,
unbound,nsec3,nonexistent.test-nsec3.example,cold,5257758,3,True,1788804301.057869,
unbound,nsec3,nonexistent.test-nsec3.example,cold,4100402,3,True,1788804301.0620534,
unbound,nsec3,nonexistent.test-nsec3.example,cold,4461285,3,True,1788804301.0666018,
unbound,nsec3,nonexistent.test-nsec3.example,cold,5140078,3,True,1788804301.0718086,
unbound,nsec3,nonexistent.test-nsec3.example,cold,4847404,3,True,1788804301.0767288,
unbound,nsec3,nonexistent.test-nsec3.example,cold,4307216,3,True,1788804301.0811331,
unbound,nsec3,nonexistent.test-nsec3.example,cold,4475388,3,True,1788804301.0856946,
unbound,nsec3,nonexistent.test-nsec3.example,cold,3956842,3,True,1788804301.089747,
unbound,nsec3,nonexistent.test-nsec3.example,cold,5101753,3,True,1788804301.0949326,
unbound,nsec3,nonexistent.test-nsec3.example,cold,5653216,3,True,1788804301.100683,
unbound,nsec3,nonexistent.test-nsec3.example,cold,5106710,3,True,1788804301.1058807,
unbound,nsec3,nonexistent.test-nsec3.example,cold,3813640,3,True,1788804301.1097646,
unbound,nsec3,nonexistent.test-nsec3.example,cold,3775822,3,True,1788804301.1136148,
unbound,nsec3,nonexistent.test-nsec3.example,cold,5204845,3,True,1788804301.1189194,
unbound,nsec3,nonexistent.test-nsec3.example,cold,5109026,3,True,1788804301.124115,
unbound,nsec3,nonexistent.test-nsec3.example,cold,6026056,3,True,1788804301.13023,
unbound,nsec3,nonexistent.test-nsec3.example,cold,4796566,3,True,1788804301.13513,
unbound,nsec3,nonexistent.test-nsec3.example,cold,3889344,3,True,1788804301.1391444,
unbound,nsec3,nonexistent.test-nsec3.example,cold,3857559,3,True,1788804301.1430926,
unbound,nsec3,nonexistent.test-nsec3.example,cold,3744294,3,True,1788804301.1469536,
unbound,nsec3,nonexistent.test-nsec3.example,cold,4036220,3,True,1788804301.151058,
unbound,nsec3,nonexistent.test-nsec3.example,cold,4377579,3,True,1788804301.1555104,
unbound,nsec3,nonexistent.test-nsec3.example,cold,4468624,3,True,1788804301.1600616,
unbound,nsec3,nonexistent.test-nsec3.example,cold,5449965,3,True,1788804301.165609,
unbound,nsec3,nonexistent.test-nsec3.example,cold,4853722,3,True,1788804301.1705697,
unbound,nsec3,nonexistent.test-nsec3.example,cold,4239336,3,True,1788804301.174881,
unbound,nsec3,nonexistent.test-nsec3.example,cold,5995930,3,True,1788804301.1809728,
unbound,nsec3,nonexistent.test-nsec3.example,cold,4231928,3,True,1788804301.185291,
unbound,nsec3,nonexistent.test-nsec3.example,cold,4440445,3,True,1788804301.1898305,
unbound,nsec3,nonexistent.test-nsec3.example,cold,4308761,3,True,1788804301.194237,
unbound,nsec3,nonexistent.test-nsec3.example,cold,4664754,3,True,1788804301.1989832,
unbound,nsec3,nonexistent.test-nsec3.example,cold,5911561,3,True,1788804301.2051318,
unbound,nsec3,nonexistent.test-nsec3.example,cold,2295950,3,True,1788804301.2075117,
unbound,nsec3,nonexistent.test-nsec3.example,cold,1406359,3,True,1788804301.2090242,
unbound,nsec3,nonexistent.test-nsec3.example,cold,1420050,3,True,1788804301.2106278,
unbound,nsec3,nonexistent.test-nsec3.example,cold,998112,3,True,1788804301.211712,
unbound,nsec3,nonexistent.test-nsec3.example,cold,700279,3,True,1788804301.2124805,
unbound,nsec3,nonexistent.test-nsec3.example,cold,608727,3,True,1788804301.2131517,
unbound,nsec3,nonexistent.test-nsec3.example,cold,921139,3,True,1788804301.21413,
unbound,nsec3,nonexistent.test-nsec3.example,cold,1366997,3,True,1788804301.2155552,
unbound,nsec3,nonexistent.test-nsec3.example,cold,950945,3,True,1788804301.2165785,
unbound,nsec3,nonexistent.test-nsec3.example,cold,791794,3,True,1788804301.217434,
unbound,nsec3,nonexistent.test-nsec3.example,cold,734449,3,True,1788804301.2182298,
unbound,nsec3,nonexistent.test-nsec3.example,cold,669433,3,True,1788804301.2189558,
unbound,nsec3,nonexistent.test-nsec3.example,cold,791381,3,True,1788804301.2198074,
unbound,nsec3,nonexistent.test-nsec3.example,cold,756050,3,True,1788804301.2206209,
unbound,nsec3,nonexistent.test-nsec3.example,cold,1006523,3,True,1788804301.2216878,
unbound,nsec3,nonexistent.test-nsec3.example,cold,995737,3,True,1788804301.2228332,
unbound,nsec3,nonexistent.test-nsec3.example,cold,1538869,3,True,1788804301.2244403,
unbound,nsec3,nonexistent.test-nsec3.example,cold,1107282,3,True,1788804301.225642,
unbound,nsec3,nonexistent.test-nsec3.example,cold,816264,3,True,1788804301.2266045,
unbound,nsec3,nonexistent.test-nsec3.example,cold,1588392,3,True,1788804301.2282484,
unbound,nsec3,nonexistent.test-nsec3.example,cold,800146,3,True,1788804301.2291448,
unbound,nsec3,nonexistent.test-nsec3.example,cold,684969,3,True,1788804301.2299306,
unbound,nsec3,nonexistent.test-nsec3.example,cold,702635,3,True,1788804301.230721,
unbound,nsec3,nonexistent.test-nsec3.example,cold,703248,3,True,1788804301.231474,
unbound,nsec3,nonexistent.test-nsec3.example,cold,879784,3,True,1788804301.2326355,
unbound,nsec3,nonexistent.test-nsec3.example,cold,988277,3,True,1788804301.2336912,
unbound,nsec3,nonexistent.test-nsec3.example,cold,982545,3,True,1788804301.2347414,
unbound,nsec3,nonexistent.test-nsec3.example,cold,818062,3,True,1788804301.2356884,
unbound,nsec3,nonexistent.test-nsec3.example,cold,799188,3,True,1788804301.23655,
unbound,nsec3,nonexistent.test-nsec3.example,cold,698462,3,True,1788804301.2373104,
unbound,nsec3,nonexistent.test-nsec3.example,cold,679931,3,True,1788804301.23807,
unbound,nsec3,nonexistent.test-nsec3.example,cold,719210,3,True,1788804301.2388415,
unbound,nsec3,nonexistent.test-nsec3.example,cold,4233755,3,True,1788804301.243169,
unbound,nsec3,nonexistent.test-nsec3.example,cold,1102732,3,True,1788804301.2444096,
unbound,nsec3,nonexistent.test-nsec3.example,cold,965702,3,True,1788804301.2455351,
unbound,nsec3,nonexistent.test-nsec3.example,cold,827549,3,True,1788804301.2464201,
unbound,nsec3,nonexistent.test-nsec3.example,cold,779657,3,True,1788804301.24725,
unbound,nsec3,nonexistent.test-nsec3.example,cold,919727,3,True,1788804301.2482216,
unbound,nsec3,nonexistent.test-nsec3.example,cold,891061,3,True,1788804301.2491784,
unbound,nsec3,nonexistent.test-nsec3.example,cold,892545,3,True,1788804301.2501254,
unbound,nsec3,nonexistent.test-nsec3.example,cold,1144795,3,True,1788804301.2513287,
unbound,nsec3,nonexistent.test-nsec3.example,cold,631150,3,True,1788804301.252021,
unbound,nsec3,nonexistent.test-nsec3.example,cold,671186,3,True,1788804301.2527497,
unbound,nsec3,nonexistent.test-nsec3.example,cold,680169,3,True,1788804301.2534862,
unbound,nsec3,nonexistent.test-nsec3.example,cold,998705,3,True,1788804301.254543,
unbound,nsec3,nonexistent.test-nsec3.example,cold,1152449,3,True,1788804301.2558143,
unbound,nsec3,nonexistent.test-nsec3.example,cold,952401,3,True,1788804301.2568967,
unbound,nsec3,nonexistent.test-nsec3.example,cold,1235508,3,True,1788804301.2582035,
unbound,nsec3,nonexistent.test-nsec3.example,cold,1525859,3,True,1788804301.2598078,
unbound,nsec3,nonexistent.test-nsec3.example,cold,650031,3,True,1788804301.2605321,
unbound,nsec3,nonexistent.test-nsec3.example,cold,606673,3,True,1788804301.2611902,
unbound,nsec3,nonexistent.test-nsec3.example,cold,719885,3,True,1788804301.2619555,
unbound,nsec3,nonexistent.test-nsec3.example,cold,735177,3,True,1788804301.2627351,
unbound,nsec3,nonexistent.test-nsec3.example,cold,847553,3,True,1788804301.2636285,
unbound,nsec3,nonexistent.test-nsec3.example,cold,726120,3,True,1788804301.2644114,
unbound,nsec3,nonexistent.test-nsec3.example,cold,1317784,3,True,1788804301.2657862,
unbound,nsec3,nonexistent.test-nsec3.example,cold,796923,3,True,1788804301.2666574,
unbound,nsec3,nonexistent.test-nsec3.example,cold,671013,3,True,1788804301.2674007,
unbound,nsec3,nonexistent.test-nsec3.example,cold,809010,3,True,1788804301.2682579,
unbound,nsec3,nonexistent.test-nsec3.example,cold,731750,3,True,1788804301.2690394,
unbound,nsec3,nonexistent.test-nsec3.example,cold,1015220,3,True,1788804301.2701209,
unbound,nsec3,nonexistent.test-nsec3.example,cold,693030,3,True,1788804301.2708824,
unbound,nsec3,nonexistent.test-nsec3.example,cold,659438,3,True,1788804301.2715974,
unbound,nsec3,nonexistent.test-nsec3.example,cold,648401,3,True,1788804301.2722929,
unbound,nsec3,nonexistent.test-nsec3.example,cold,699474,3,True,1788804301.273046,
unbound,nsec3,nonexistent.test-nsec3.example,cold,1265129,3,True,1788804301.2743695,
unbound,nsec3,nonexistent.test-nsec3.example,cold,1259619,3,True,1788804301.2757006,
unbound,nsec3,nonexistent.test-nsec3.example,cold,1130976,3,True,1788804301.2769072,
unbound,nsec3,nonexistent.test-nsec3.example,cold,782173,3,True,1788804301.2777507,
unbound,nsec3,nonexistent.test-nsec3.example,cold,703277,3,True,1788804301.2785146,
unbound,nsec3,nonexistent.test-nsec3.example,cold,824533,3,True,1788804301.2794046,
unbound,nsec3,nonexistent.test-nsec3.example,cold,961316,3,True,1788804301.2804282,
unbound,nsec3,nonexistent.test-nsec3.example,cold,785921,3,True,1788804301.2812812,
unbound,nsec3,nonexistent.test-nsec3.example,cold,1307188,3,True,1788804301.282653,
unbound,nsec3,nonexistent.test-nsec3.example,cold,979817,3,True,1788804301.2837095,
unbound,nsec3,nonexistent.test-nsec3.example,cold,634641,3,True,1788804301.2844114,
unbound,nsec3,nonexistent.test-nsec3.example,cold,727644,3,True,1788804301.2852054,
unbound,nsec3,nonexistent.test-nsec3.example,cold,684263,3,True,1788804301.28595,
unbound,nsec3,nonexistent.test-nsec3.example,cold,1291783,3,True,1788804301.2873085,
unbound,nsec3,nonexistent.test-nsec3.example,cold,1358278,3,True,1788804301.2887475,
unbound,nsec3,nonexistent.test-nsec3.example,cold,1099295,3,True,1788804301.2899137,
unbound,nsec3,nonexistent.test-nsec3.example,cold,912658,3,True,1788804301.2908967,
unbound,nsec3,nonexistent.test-nsec3.example,cold,1051772,3,True,1788804301.2920182,
unbound,nsec3,nonexistent.test-nsec3.example,cold,727784,3,True,1788804301.2928083,
unbound,nsec3,nonexistent.test-nsec3.example,cold,837021,3,True,1788804301.2937093,
unbound,nsec3,nonexistent.test-nsec3.example,cold,746935,3,True,1788804301.294506,
unbound,nsec3,nonexistent.test-nsec3.example,cold,892901,3,True,1788804301.2954578,
unbound,nsec3,nonexistent.test-nsec3.example,cold,686725,3,True,1788804301.2961943,
unbound,nsec3,nonexistent.test-nsec3.example,cold,763378,3,True,1788804301.2970169,
unbound,nsec3,nonexistent.test-nsec3.example,cold,781768,3,True,1788804301.297859,
unbound,nsec3,nonexistent.test-nsec3.example,cold,800845,3,True,1788804301.2987225,
unbound,nsec3,nonexistent.test-nsec3.example,cold,710358,3,True,1788804301.2994893,
unbound,nsec3,nonexistent.test-nsec3.example,cold,831440,3,True,1788804301.30038,
unbound,nsec3,nonexistent.test-nsec3.example,cold,765674,3,True,1788804301.301197,
unbound,nsec3,nonexistent.test-nsec3.example,cold,813813,3,True,1788804301.3020766,
unbound,nsec3,nonexistent.test-nsec3.example,cold,706837,3,True,1788804301.3028486,
unbound,nsec3,nonexistent.test-nsec3.example,cold,928154,3,True,1788804301.303827,
unbound,nsec3,nonexistent.test-nsec3.example,cold,887869,3,True,1788804301.304783,
unbound,nsec3,nonexistent.test-nsec3.example,cold,984815,3,True,1788804301.305841,
unbound,nsec3,nonexistent.test-nsec3.example,cold,837532,3,True,1788804301.306751,
unbound,nsec3,nonexistent.test-nsec3.example,cold,862143,3,True,1788804301.3078005,
unbound,nsec3,nonexistent.test-nsec3.example,cold,801147,3,True,1788804301.3086607,
unbound,nsec3,nonexistent.test-nsec3.example,cold,751201,3,True,1788804301.3097374,
unbound,nsec3,nonexistent.test-nsec3.example,cold,885349,3,True,1788804301.3106742,
unbound,nsec3,nonexistent.test-nsec3.example,cold,947290,3,True,1788804301.3116887,
unbound,nsec3,nonexistent.test-nsec3.example,cold,940431,3,True,1788804301.3126948,
unbound,nsec3,nonexistent.test-nsec3.example,cold,741720,3,True,1788804301.3135092,
unbound,nsec3,nonexistent.test-nsec3.example,cold,857670,3,True,1788804301.314418,
unbound,nsec3,nonexistent.test-nsec3.example,cold,906458,3,True,1788804301.315391,
unbound,nsec3,nonexistent.test-nsec3.example,cold,885374,3,True,1788804301.3163493,
unbound,nsec3,nonexistent.test-nsec3.example,cold,812666,3,True,1788804301.317232,
unbound,nsec3,nonexistent.test-nsec3.example,cold,710590,3,True,1788804301.3179889,
unbound,nsec3,nonexistent.test-nsec3.example,cold,1155110,3,True,1788804301.319238,
unbound,nsec3,nonexistent.test-nsec3.example,cold,1084047,3,True,1788804301.3204517,
unbound,nsec3,nonexistent.test-nsec3.example,cold,1650027,3,True,1788804301.3221767,
unbound,nsec3,nonexistent.test-nsec3.example,cold,1101442,3,True,1788804301.3233743,
unbound,nsec3,nonexistent.test-nsec3.example,cold,1040792,3,True,1788804301.324477,
unbound,nsec3,nonexistent.test-nsec3.example,cold,809848,3,True,1788804301.3254256,
unbound,nsec3,nonexistent.test-nsec3.example,cold,683117,3,True,1788804301.3261683,
unbound,nsec3,nonexistent.test-nsec3.example,cold,787632,3,True,1788804301.3270028,
unbound,nsec3,nonexistent.test-nsec3.example,cold,1219857,3,True,1788804301.328292,
unbound,nsec3,nonexistent.test-nsec3.example,cold,731284,3,True,1788804301.3291044,
unbound,nsec3,nonexistent.test-nsec3.example,cold,864029,3,True,1788804301.3300261,
unbound,nsec3,nonexistent.test-nsec3.example,cold,741178,3,True,1788804301.3308394,
unbound,nsec3,nonexistent.test-nsec3.example,cold,831016,3,True,1788804301.3317327,
unbound,nsec3,nonexistent.test-nsec3.example,cold,655984,3,True,1788804301.3324528,
unbound,nsec3,nonexistent.test-nsec3.example,cold,672864,3,True,1788804301.333187,
unbound,nsec3,nonexistent.test-nsec3.example,cold,803200,3,True,1788804301.334073,
unbound,nsec3,nonexistent.test-nsec3.example,cold,653370,3,True,1788804301.3347867,
unbound,nsec3,nonexistent.test-nsec3.example,cold,937677,3,True,1788804301.335789,
unbound,nsec3,nonexistent.test-nsec3.example,cold,935600,3,True,1788804301.3367941,
unbound,nsec3,nonexistent.test-nsec3.example,cold,1261392,3,True,1788804301.3381248,
unbound,nsec3,nonexistent.test-nsec3.example,cold,1077203,3,True,1788804301.3392634,
unbound,nsec3,nonexistent.test-nsec3.example,cold,811017,3,True,1788804301.340142,
unbound,nsec3,nonexistent.test-nsec3.example,cold,669317,3,True,1788804301.3408668,
unbound,nsec3,nonexistent.test-nsec3.example,cold,772207,3,True,1788804301.3416953,
unbound,nsec3,nonexistent.test-nsec3.example,cold,1084847,3,True,1788804301.3428342,
unbound,nsec3,nonexistent.test-nsec3.example,cold,842017,3,True,1788804301.3437374,
unbound,nsec3,nonexistent.test-nsec3.example,cold,785783,3,True,1788804301.3445904,
unbound,nsec3,nonexistent.test-nsec3.example,cold,693941,3,True,1788804301.345385,
unbound,nsec3,nonexistent.test-nsec3.example,cold,845417,3,True,1788804301.3463619,
unbound,nsec3,nonexistent.test-nsec3.example,cold,819889,3,True,1788804301.347251,
unbound,nsec3,nonexistent.test-nsec3.example,cold,1193421,3,True,1788804301.348508,
unbound,nsec3,nonexistent.test-nsec3.example,cold,743792,3,True,1788804301.3493164,
unbound,nsec3,nonexistent.test-nsec3.example,cold,751440,3,True,1788804301.3501203,
unbound,nsec3,nonexistent.test-nsec3.example,cold,837232,3,True,1788804301.351017,
unbound,nsec3,nonexistent.test-nsec3.example,cold,2682511,3,True,1788804301.3537679,
unbound,nsec3,nonexistent.test-nsec3.example,cold,1377107,3,True,1788804301.3554466,
unbound,nsec3,nonexistent.test-nsec3.example,cold,1490862,3,True,1788804301.3570163,
unbound,nsec3,nonexistent.test-nsec3.example,cold,1226355,3,True,1788804301.3583372,
unbound,nsec3,nonexistent.test-nsec3.example,cold,1409097,3,True,1788804301.3598993,
unbound,nsec3,nonexistent.test-nsec3.example,cold,828791,3,True,1788804301.3608654,
unbound,nsec3,nonexistent.test-nsec3.example,cold,740278,3,True,1788804301.361671,
unbound,nsec3,nonexistent.test-nsec3.example,cold,835486,3,True,1788804301.3625693,
unbound,nsec3,nonexistent.test-nsec3.example,cold,1693215,3,True,1788804301.364332,
unbound,nsec3,nonexistent.test-nsec3.example,cold,1681370,3,True,1788804301.3661025,
unbound,nsec3,nonexistent.test-nsec3.example,cold,2396210,3,True,1788804301.3686123,
unbound,nsec3,nonexistent.test-nsec3.example,cold,1925309,3,True,1788804301.3706605,
unbound,nsec3,nonexistent.test-nsec3.example,cold,1159176,3,True,1788804301.3719068,
unbound,nsec3,nonexistent.test-nsec3.example,cold,1014120,3,True,1788804301.372999,
unbound,nsec3,nonexistent.test-nsec3.example,cold,1072437,3,True,1788804301.374346,
unbound,nsec3,nonexistent.test-nsec3.example,cold,872622,3,True,1788804301.3752906,
unbound,nsec3,nonexistent.test-nsec3.example,cold,745099,3,True,1788804301.376096,
unbound,nsec3,nonexistent.test-nsec3.example,cold,802519,3,True,1788804301.3770113,
unbound,nsec3,nonexistent.test-nsec3.example,cold,813804,3,True,1788804301.3778784,
unbound,nsec3,nonexistent.test-nsec3.example,cold,814448,3,True,1788804301.378743,
unbound,nsec3,nonexistent.test-nsec3.example,cold,709222,3,True,1788804301.3795042,
unbound,nsec3,nonexistent.test-nsec3.example,cold,721298,3,True,1788804301.3802834,
unbound,nsec3,nonexistent.test-nsec3.example,cold,801695,3,True,1788804301.3811336,
unbound,nsec3,nonexistent.test-nsec3.example,cold,863167,3,True,1788804301.3820803,
unbound,nsec3,nonexistent.test-nsec3.example,cold,1211520,3,True,1788804301.3833528,
unbound,nsec3,nonexistent.test-nsec3.example,cold,862529,3,True,1788804301.3842828,
unbound,nsec3,nonexistent.test-nsec3.example,cold,870848,3,True,1788804301.3852208,
unbound,nsec3,nonexistent.test-nsec3.example,cold,830447,3,True,1788804301.386102,
unbound,nsec3,nonexistent.test-nsec3.example,cold,840889,3,True,1788804301.3870106,
unbound,nsec3,nonexistent.test-nsec3.example,cold,827559,3,True,1788804301.3879068,
unbound,nsec3,nonexistent.test-nsec3.example,cold,768215,3,True,1788804301.3887393,
unbound,nsec3,nonexistent.test-nsec3.example,cold,882333,3,True,1788804301.3896823,
unbound,nsec3,nonexistent.test-nsec3.example,cold,794186,3,True,1788804301.390552,
unbound,nsec3,nonexistent.test-nsec3.example,cold,888501,3,True,1788804301.3914993,
unbound,nsec3,nonexistent.test-nsec3.example,cold,849379,3,True,1788804301.3924105,
unbound,nsec3,nonexistent.test-nsec3.example,cold,635874,3,True,1788804301.3931043,
unbound,nsec3,nonexistent.test-nsec3.example,cold,607371,3,True,1788804301.3937635,
unbound,nsec3,nonexistent.test-nsec3.example,cold,791873,3,True,1788804301.3946037,
unbound,nsec3,nonexistent.test-nsec3.example,cold,3432872,3,True,1788804301.3980982,
unbound,nsec3,nonexistent.test-nsec3.example,cold,1044123,3,True,1788804301.3992004,
unbound,nsec3,nonexistent.test-nsec3.example,cold,844022,3,True,1788804301.4001138,
unbound,nsec3,nonexistent.test-nsec3.example,cold,826092,3,True,1788804301.4010143,
unbound,nsec3,nonexistent.test-nsec3.example,cold,824250,3,True,1788804301.4019005,
unbound,nsec3,nonexistent.test-nsec3.example,cold,864094,3,True,1788804301.4028263,
unbound,nsec3,nonexistent.test-nsec3.example,cold,1041470,3,True,1788804301.4039266,
unbound,nsec3,nonexistent.test-nsec3.example,cold,738547,3,True,1788804301.404727,
unbound,nsec3,nonexistent.test-nsec3.example,cold,737596,3,True,1788804301.4055147,
unbound,nsec3,nonexistent.test-nsec3.example,cold,663630,3,True,1788804301.4062254,
unbound,nsec3,nonexistent.test-nsec3.example,cold,1336348,3,True,1788804301.4076245,
unbound,nsec3,nonexistent.test-nsec3.example,cold,982418,3,True,1788804301.4086907,
unbound,nsec3,nonexistent.test-nsec3.example,cold,769990,3,True,1788804301.4095314,
unbound,nsec3,nonexistent.test-nsec3.example,cold,674404,3,True,1788804301.4102724,
unbound,nsec3,nonexistent.test-nsec3.example,cold,987206,3,True,1788804301.4113216,
unbound,nsec3,nonexistent.test-nsec3.example,cold,1054267,3,True,1788804301.412439,
unbound,nsec3,nonexistent.test-nsec3.example,cold,796053,3,True,1788804301.413301,
unbound,nsec3,nonexistent.test-nsec3.example,cold,724726,3,True,1788804301.414078,
unbound,nsec3,nonexistent.test-nsec3.example,cold,775485,3,True,1788804301.4149005,
unbound,nsec3,nonexistent.test-nsec3.example,cold,5734959,3,True,1788804301.4206882,
unbound,nsec3,nonexistent.test-nsec3.example,cold,1178605,3,True,1788804301.4219828,
unbound,nsec3,nonexistent.test-nsec3.example,cold,946876,3,True,1788804301.4230084,
unbound,nsec3,nonexistent.test-nsec3.example,cold,837107,3,True,1788804301.4239113,
unbound,nsec3,nonexistent.test-nsec3.example,cold,759006,3,True,1788804301.4247403,
unbound,nsec3,nonexistent.test-nsec3.example,cold,651316,3,True,1788804301.4254544,
unbound,nsec3,nonexistent.test-nsec3.example,cold,625608,3,True,1788804301.4261377,
unbound,nsec3,nonexistent.test-nsec3.example,cold,753467,3,True,1788804301.4269454,
unbound,nsec3,nonexistent.test-nsec3.example,cold,698404,3,True,1788804301.4277005,
unbound,nsec3,nonexistent.test-nsec3.example,cold,786304,3,True,1788804301.4285393,
unbound,nsec3,nonexistent.test-nsec3.example,cold,778661,3,True,1788804301.4293797,
unbound,nsec3,nonexistent.test-nsec3.example,cold,781206,3,True,1788804301.4302151,
unbound,nsec3,nonexistent.test-nsec3.example,cold,897425,3,True,1788804301.4311697,
unbound,nsec3,nonexistent.test-nsec3.example,cold,806463,3,True,1788804301.432046,
unbound,nsec3,nonexistent.test-nsec3.example,cold,721815,3,True,1788804301.432832,
unbound,nsec3,nonexistent.test-nsec3.example,cold,838701,3,True,1788804301.4337382,
unbound,nsec3,nonexistent.test-nsec3.example,cold,830451,3,True,1788804301.43464,
unbound,nsec3,nonexistent.test-nsec3.example,cold,853894,3,True,1788804301.4355724,
unbound,nsec3,nonexistent.test-nsec3.example,cold,1057733,3,True,1788804301.4367244,
unbound,nsec3,nonexistent.test-nsec3.example,cold,843470,3,True,1788804301.437665,
unbound,nsec3,nonexistent.test-nsec3.example,cold,817917,3,True,1788804301.4385521,
unbound,nsec3,nonexistent.test-nsec3.example,cold,1100380,3,True,1788804301.4397125,
unbound,nsec3,nonexistent.test-nsec3.example,cold,835010,3,True,1788804301.4406214,
unbound,nsec3,nonexistent.test-nsec3.example,cold,1257781,3,True,1788804301.4419494,
unbound,nsec3,nonexistent.test-nsec3.example,cold,1179590,3,True,1788804301.4432032,
unbound,nsec3,nonexistent.test-nsec3.example,cold,1008909,3,True,1788804301.4442916,
unbound,nsec3,nonexistent.test-nsec3.example,cold,813277,3,True,1788804301.4451697,
unbound,nsec3,nonexistent.test-nsec3.example,cold,2458815,3,True,1788804301.4476967,
unbound,nsec3,nonexistent.test-nsec3.example,cold,2121212,3,True,1788804301.4499133,
unbound,nsec3,nonexistent.test-nsec3.example,cold,1608547,3,True,1788804301.4516106,
unbound,nsec3,nonexistent.test-nsec3.example,cold,873729,3,True,1788804301.4525633,
unbound,nsec3,nonexistent.test-nsec3.example,cold,826965,3,True,1788804301.4534469,
unbound,nsec3,nonexistent.test-nsec3.example,cold,547040,3,True,1788804301.4540575,
unbound,nsec3,nonexistent.test-nsec3.example,cold,814225,3,True,1788804301.4549317,
unbound,nsec3,nonexistent.test-nsec3.example,cold,1070048,3,True,1788804301.4561992,
unbound,nsec3,nonexistent.test-nsec3.example,cold,851080,3,True,1788804301.457209,
unbound,nsec3,nonexistent.test-nsec3.example,cold,1074084,3,True,1788804301.4583507,
unbound,nsec3,nonexistent.test-nsec3.example,cold,1057798,3,True,1788804301.459496,
unbound,nsec3,nonexistent.test-nsec3.example,cold,806032,3,True,1788804301.4603608,
unbound,nsec3,nonexistent.test-nsec3.example,cold,683088,3,True,1788804301.4611094,
unbound,nsec3,nonexistent.test-nsec3.example,cold,1031443,3,True,1788804301.4622016,
unbound,nsec3,nonexistent.test-nsec3.example,cold,1141803,3,True,1788804301.463404,
unbound,nsec3,nonexistent.test-nsec3.example,cold,1747781,3,True,1788804301.4652123,
unbound,nsec3,nonexistent.test-nsec3.example,cold,992292,3,True,1788804301.466282,
unbound,nsec3,nonexistent.test-nsec3.example,cold,666215,3,True,1788804301.4671006,
unbound,nsec3,nonexistent.test-nsec3.example,cold,667509,3,True,1788804301.4678504,
unbound,nsec3,nonexistent.test-nsec3.example,cold,783623,3,True,1788804301.4686866,
unbound,nsec3,nonexistent.test-nsec3.example,cold,893730,3,True,1788804301.469628,
unbound,nsec3,nonexistent.test-nsec3.example,cold,802337,3,True,1788804301.4705389,
unbound,nsec3,nonexistent.test-nsec3.example,cold,872545,3,True,1788804301.4714696,
unbound,nsec3,nonexistent.test-nsec3.example,cold,801630,3,True,1788804301.4723415,
unbound,nsec3,nonexistent.test-nsec3.example,cold,792218,3,True,1788804301.473184,
unbound,nsec3,nonexistent.test-nsec3.example,cold,1051150,3,True,1788804301.4743028,
unbound,nsec3,nonexistent.test-nsec3.example,cold,1121805,3,True,1788804301.4755583,
unbound,nsec3,nonexistent.test-nsec3.example,cold,896398,3,True,1788804301.4765267,
unbound,nsec3,nonexistent.test-nsec3.example,cold,916970,3,True,1788804301.4775598,
unbound,nsec3,nonexistent.test-nsec3.example,cold,834300,3,True,1788804301.4784598,
unbound,nsec3,nonexistent.test-nsec3.example,cold,929876,3,True,1788804301.479442,
unbound,nsec3,nonexistent.test-nsec3.example,cold,789770,3,True,1788804301.4802942,
unbound,nsec3,nonexistent.test-nsec3.example,cold,705174,3,True,1788804301.48106,
unbound,nsec3,nonexistent.test-nsec3.example,cold,856099,3,True,1788804301.4819756,
unbound,nsec3,nonexistent.test-nsec3.example,cold,660763,3,True,1788804301.4827003,
unbound,nsec3,nonexistent.test-nsec3.example,cold,902921,3,True,1788804301.4836671,
unbound,nsec3,nonexistent.test-nsec3.example,cold,797378,3,True,1788804301.4845343,
unbound,nsec3,nonexistent.test-nsec3.example,cold,818079,3,True,1788804301.485419,
unbound,nsec3,nonexistent.test-nsec3.example,cold,899583,3,True,1788804301.4863856,
unbound,nsec3,nonexistent.test-nsec3.example,cold,973632,3,True,1788804301.4874253,
unbound,nsec3,nonexistent.test-nsec3.example,cold,800132,3,True,1788804301.4882975,
unbound,nsec3,nonexistent.test-nsec3.example,cold,794977,3,True,1788804301.4891577,
unbound,nsec3,nonexistent.test-nsec3.example,cold,997083,3,True,1788804301.4902203,
unbound,nsec3,nonexistent.test-nsec3.example,cold,1003600,3,True,1788804301.4912767,
unbound,nsec3,nonexistent.test-nsec3.example,cold,706680,3,True,1788804301.4920418,
unbound,nsec3,nonexistent.test-nsec3.example,cold,877899,3,True,1788804301.4929779,
unbound,nsec3,nonexistent.test-nsec3.example,cold,891917,3,True,1788804301.49393,
unbound,nsec3,nonexistent.test-nsec3.example,cold,738513,3,True,1788804301.4947813,
unbound,nsec3,nonexistent.test-nsec3.example,cold,925825,3,True,1788804301.495964,
unbound,nsec3,nonexistent.test-nsec3.example,cold,1151232,3,True,1788804301.4972148,
unbound,nsec3,nonexistent.test-nsec3.example,cold,856268,3,True,1788804301.4982777,
unbound,nsec3,nonexistent.test-nsec3.example,cold,1205985,3,True,1788804301.49956,
unbound,nsec3,nonexistent.test-nsec3.example,cold,2795688,3,True,1788804301.5024638,
unbound,nsec3,nonexistent.test-nsec3.example,cold,834077,3,True,1788804301.5034182,
unbound,nsec3,nonexistent.test-nsec3.example,cold,849555,3,True,1788804301.504322,
unbound,nsec3,nonexistent.test-nsec3.example,cold,694209,3,True,1788804301.5050766,
unbound,nsec3,nonexistent.test-nsec3.example,cold,703849,3,True,1788804301.5058398,
unbound,nsec3,nonexistent.test-nsec3.example,cold,753111,3,True,1788804301.5066466,
unbound,nsec3,nonexistent.test-nsec3.example,cold,773567,3,True,1788804301.5074844,
unbound,nsec3,nonexistent.test-nsec3.example,cold,702440,3,True,1788804301.5082507,
unbound,nsec3,nonexistent.test-nsec3.example,cold,720971,3,True,1788804301.509029,
unbound,nsec3,nonexistent.test-nsec3.example,cold,922759,3,True,1788804301.5100057,
unbound,nsec3,nonexistent.test-nsec3.example,cold,967569,3,True,1788804301.511038,
unbound,nsec3,nonexistent.test-nsec3.example,cold,706056,3,True,1788804301.5118012,
unbound,nsec3,nonexistent.test-nsec3.example,cold,807220,3,True,1788804301.512662,
unbound,nsec3,nonexistent.test-nsec3.example,cold,819747,3,True,1788804301.513536,
unbound,nsec3,nonexistent.test-nsec3.example,cold,645376,3,True,1788804301.5142426,
unbound,nsec3,nonexistent.test-nsec3.example,cold,756452,3,True,1788804301.5150456,
unbound,nsec3,nonexistent.test-nsec3.example,cold,830311,3,True,1788804301.5159311,
unbound,nsec3,nonexistent.test-nsec3.example,cold,737889,3,True,1788804301.5167255,
unbound,nsec3,nonexistent.test-nsec3.example,cold,700130,3,True,1788804301.517476,
unbound,nsec3,nonexistent.test-nsec3.example,cold,712223,3,True,1788804301.5182457,
unbound,nsec3,nonexistent.test-nsec3.example,cold,630216,3,True,1788804301.5189388,
unbound,nsec3,nonexistent.test-nsec3.example,cold,710778,3,True,1788804301.519711,
unbound,nsec3,nonexistent.test-nsec3.example,cold,1865785,3,True,1788804301.521644,
unbound,nsec3,nonexistent.test-nsec3.example,cold,1429211,3,True,1788804301.5233634,
unbound,nsec3,nonexistent.test-nsec3.example,cold,1118025,3,True,1788804301.524574,
unbound,nsec3,nonexistent.test-nsec3.example,cold,1556555,3,True,1788804301.5262148,
unbound,nsec3,nonexistent.test-nsec3.example,cold,1102895,3,True,1788804301.5274193,
unbound,nsec3,nonexistent.test-nsec3.example,cold,1081688,3,True,1788804301.5285904,
unbound,nsec3,nonexistent.test-nsec3.example,cold,831187,3,True,1788804301.5294938,
unbound,nsec3,nonexistent.test-nsec3.example,cold,816048,3,True,1788804301.5304065,
unbound,nsec3,nonexistent.test-nsec3.example,cold,772369,3,True,1788804301.5312455,
unbound,nsec3,nonexistent.test-nsec3.example,cold,1150172,3,True,1788804301.5324588,
unbound,nsec3,nonexistent.test-nsec3.example,cold,934034,3,True,1788804301.533461,
unbound,nsec3,nonexistent.test-nsec3.example,cold,893474,3,True,1788804301.5344217,
unbound,nsec3,nonexistent.test-nsec3.example,cold,834884,3,True,1788804301.5353086,
unbound,nsec3,nonexistent.test-nsec3.example,cold,677851,3,True,1788804301.5360355,
unbound,nsec3,nonexistent.test-nsec3.example,cold,872026,3,True,1788804301.536962,
unbound,nsec3,nonexistent.test-nsec3.example,cold,779358,3,True,1788804301.5378609,
unbound,nsec3,nonexistent.test-nsec3.example,cold,714941,3,True,1788804301.5386252,
unbound,nsec3,nonexistent.test-nsec3.example,cold,778917,3,True,1788804301.5394588,
unbound,nsec3,nonexistent.test-nsec3.example,cold,730638,3,True,1788804301.5402534,
unbound,nsec3,nonexistent.test-nsec3.example,cold,1250824,3,True,1788804301.5415645,
unbound,nsec3,nonexistent.test-nsec3.example,cold,822526,3,True,1788804301.54246,
unbound,nsec3,nonexistent.test-nsec3.example,cold,891328,3,True,1788804301.543457,
unbound,nsec3,nonexistent.test-nsec3.example,cold,703106,3,True,1788804301.5442314,
unbound,nsec3,nonexistent.test-nsec3.example,cold,790505,3,True,1788804301.5450737,
unbound,nsec3,nonexistent.test-nsec3.example,cold,731189,3,True,1788804301.5458593,
unbound,nsec3,nonexistent.test-nsec3.example,cold,775014,3,True,1788804301.5466838,
unbound,nsec3,nonexistent.test-nsec3.example,cold,732514,3,True,1788804301.547464,
unbound,nsec3,nonexistent.test-nsec3.example,cold,811099,3,True,1788804301.5483346,
unbound,nsec3,nonexistent.test-nsec3.example,cold,673850,3,True,1788804301.5490701,
unbound,nsec3,nonexistent.test-nsec3.example,cold,825189,3,True,1788804301.5500019,
unbound,nsec3,nonexistent.test-nsec3.example,cold,748942,3,True,1788804301.5508883,
unbound,nsec3,nonexistent.test-nsec3.example,cold,810748,3,True,1788804301.5518003,
unbound,nsec3,nonexistent.test-nsec3.example,cold,793680,3,True,1788804301.5527883,
unbound,nsec3,nonexistent.test-nsec3.example,cold,743429,3,True,1788804301.5536397,
unbound,nsec3,nonexistent.test-nsec3.example,cold,851498,3,True,1788804301.5546498,
unbound,nsec3,nonexistent.test-nsec3.example,cold,792838,3,True,1788804301.5555108,
unbound,nsec3,nonexistent.test-nsec3.example,cold,894388,3,True,1788804301.556465,
unbound,nsec3,nonexistent.test-nsec3.example,cold,872127,3,True,1788804301.5574353,
unbound,nsec3,nonexistent.test-nsec3.example,cold,711628,3,True,1788804301.5582156,
unbound,nsec3,nonexistent.test-nsec3.example,cold,771917,3,True,1788804301.5590556,
unbound,nsec3,nonexistent.test-nsec3.example,cold,788117,3,True,1788804301.559909,
unbound,nsec3,nonexistent.test-nsec3.example,cold,763550,3,True,1788804301.560734,
unbound,nsec3,nonexistent.test-nsec3.example,cold,897908,3,True,1788804301.5617034,
unbound,nsec3,nonexistent.test-nsec3.example,cold,1055037,3,True,1788804301.5628402,
unbound,nsec3,nonexistent.test-nsec3.example,cold,903619,3,True,1788804301.5638204,
unbound,nsec3,nonexistent.test-nsec3.example,cold,764159,3,True,1788804301.5646782,
unbound,nsec3,nonexistent.test-nsec3.example,cold,765730,3,True,1788804301.56551,
unbound,nsec3,nonexistent.test-nsec3.example,cold,946294,3,True,1788804301.566651,
unbound,nsec3,nonexistent.test-nsec3.example,cold,947488,3,True,1788804301.5676675,
unbound,nsec3,nonexistent.test-nsec3.example,cold,694015,3,True,1788804301.5684204,
unbound,nsec3,nonexistent.test-nsec3.example,cold,943353,3,True,1788804301.569482,
unbound,nsec3,nonexistent.test-nsec3.example,cold,866873,3,True,1788804301.5704145,
unbound,nsec3,nonexistent.test-nsec3.example,cold,981107,3,True,1788804301.571459,
unbound,nsec3,nonexistent.test-nsec3.example,cold,829781,3,True,1788804301.5723565,
unbound,nsec3,nonexistent.test-nsec3.example,cold,967257,3,True,1788804301.5733824,
unbound,nsec3,nonexistent.test-nsec3.example,cold,1394025,3,True,1788804301.57484,
unbound,nsec3,nonexistent.test-nsec3.example,cold,867528,3,True,1788804301.575782,
unbound,nsec3,nonexistent.test-nsec3.example,cold,868730,3,True,1788804301.5767043,
unbound,nsec3,nonexistent.test-nsec3.example,cold,978001,3,True,1788804301.577754,
unbound,nsec3,nonexistent.test-nsec3.example,cold,947432,3,True,1788804301.578773,
unbound,nsec3,nonexistent.test-nsec3.example,cold,898737,3,True,1788804301.5797594,
unbound,nsec3,nonexistent.test-nsec3.example,cold,832615,3,True,1788804301.5807807,
unbound,nsec3,nonexistent.test-nsec3.example,cold,797842,3,True,1788804301.581632,
unbound,nsec3,nonexistent.test-nsec3.example,cold,739096,3,True,1788804301.5824301,
unbound,nsec3,nonexistent.test-nsec3.example,cold,859528,3,True,1788804301.5833352,
unbound,nsec3,nonexistent.test-nsec3.example,cold,726395,3,True,1788804301.5841281,
unbound,nsec3,nonexistent.test-nsec3.example,cold,689367,3,True,1788804301.5848634,
unbound,nsec3,nonexistent.test-nsec3.example,cold,667245,3,True,1788804301.5855763,
unbound,nsec3,nonexistent.test-nsec3.example,cold,914378,3,True,1788804301.586924,
unbound,nsec3,nonexistent.test-nsec3.example,cold,798601,3,True,1788804301.5877903,
unbound,nsec3,nonexistent.test-nsec3.example,cold,759645,3,True,1788804301.5886128,
unbound,nsec3,nonexistent.test-nsec3.example,cold,850495,3,True,1788804301.5895247,
unbound,nsec3,nonexistent.test-nsec3.example,cold,703353,3,True,1788804301.5902927,
unbound,nsec3,nonexistent.test-nsec3.example,cold,801844,3,True,1788804301.5911553,
unbound,nsec3,nonexistent.test-nsec3.example,cold,715386,3,True,1788804301.5919273,
unbound,nsec3,nonexistent.test-nsec3.example,cold,884652,3,True,1788804301.5928607,
unbound,nsec3,nonexistent.test-nsec3.example,cold,1018207,3,True,1788804301.5939403,
unbound,nsec3,nonexistent.test-nsec3.example,cold,658791,3,True,1788804301.5946605,
unbound,nsec3,nonexistent.test-nsec3.example,cold,862173,3,True,1788804301.5956278,
unbound,nsec3,nonexistent.test-nsec3.example,cold,794076,3,True,1788804301.5964847,
unbound,nsec3,nonexistent.test-nsec3.example,cold,1043666,3,True,1788804301.5975804,
unbound,nsec3,nonexistent.test-nsec3.example,cold,868804,3,True,1788804301.5985067,
unbound,nsec3,nonexistent.test-nsec3.example,cold,848379,3,True,1788804301.5994027,
unbound,nsec3,nonexistent.test-nsec3.example,cold,819492,3,True,1788804301.6002822,
unbound,nsec3,nonexistent.test-nsec3.example,cold,827620,3,True,1788804301.6011794,
unbound,nsec3,nonexistent.test-nsec3.example,cold,748113,3,True,1788804301.6019971,
unbound,nsec3,nonexistent.test-nsec3.example,cold,679057,3,True,1788804301.6027403,
unbound,nsec3,nonexistent.test-nsec3.example,cold,704663,3,True,1788804301.6035075,
unbound,nsec3,nonexistent.test-nsec3.example,cold,695275,3,True,1788804301.6042671,
unbound,nsec3,nonexistent.test-nsec3.example,cold,773354,3,True,1788804301.6051009,
unbound,nsec3,nonexistent.test-nsec3.example,cold,887689,3,True,1788804301.6060503,
unbound,nsec3,nonexistent.test-nsec3.example,cold,705837,3,True,1788804301.6068273,
unbound,nsec3,nonexistent.test-nsec3.example,cold,862684,3,True,1788804301.607755,
unbound,nsec3,nonexistent.test-nsec3.example,cold,755257,3,True,1788804301.6085975,
unbound,nsec3,nonexistent.test-nsec3.example,cold,900741,3,True,1788804301.609597,
unbound,nsec3,nonexistent.test-nsec3.example,cold,1316607,3,True,1788804301.6110127,
unbound,nsec3,nonexistent.test-nsec3.example,cold,775709,3,True,1788804301.6118743,
unbound,nsec3,nonexistent.test-nsec3.example,cold,790360,3,True,1788804301.6127274,
unbound,nsec3,nonexistent.test-nsec3.example,cold,691306,3,True,1788804301.6134856,
unbound,nsec3,nonexistent.test-nsec3.example,cold,558137,3,True,1788804301.614109,
unbound,nsec3,nonexistent.test-nsec3.example,cold,881550,3,True,1788804301.6150463,
unbound,nsec3,nonexistent.test-nsec3.example,cold,785954,3,True,1788804301.6158924,
unbound,nsec3,nonexistent.test-nsec3.example,cold,983675,3,True,1788804301.6169252,
unbound,nsec3,nonexistent.test-nsec3.example,cold,686648,3,True,1788804301.6177642,
unbound,nsec3,nonexistent.test-nsec3.example,cold,900700,3,True,1788804301.6187203,
unbound,nsec3,nonexistent.test-nsec3.example,cold,1056294,3,True,1788804301.6198397,
unbound,nsec3,nonexistent.test-nsec3.example,cold,2969573,3,True,1788804301.6230266,
unbound,nsec3,nonexistent.test-nsec3.example,cold,1195275,3,True,1788804301.6243696,
unbound,nsec3,nonexistent.test-nsec3.example,cold,3451893,3,True,1788804301.6278965,
unbound,nsec3,nonexistent.test-nsec3.example,cold,1574348,3,True,1788804301.6295702,
unbound,nsec3,nonexistent.test-nsec3.example,cold,1100545,3,True,1788804301.630892,
unbound,nsec3,nonexistent.test-nsec3.example,cold,833733,3,True,1788804301.6318097,
unbound,nsec3,nonexistent.test-nsec3.example,cold,712923,3,True,1788804301.6325917,
unbound,nsec3,nonexistent.test-nsec3.example,cold,719484,3,True,1788804301.63336,
unbound,nsec3,nonexistent.test-nsec3.example,cold,758231,3,True,1788804301.6341767,
unbound,nsec3,nonexistent.test-nsec3.example,cold,792611,3,True,1788804301.6350331,
unbound,nsec3,nonexistent.test-nsec3.example,cold,1320375,3,True,1788804301.6364598,
unbound,nsec3,nonexistent.test-nsec3.example,cold,906650,3,True,1788804301.6374986,
unbound,nsec3,nonexistent.test-nsec3.example,cold,705202,3,True,1788804301.6382694,
unbound,nsec3,nonexistent.test-nsec3.example,cold,730444,3,True,1788804301.6390471,
unbound,nsec3,nonexistent.test-nsec3.example,cold,749064,3,True,1788804301.6398604,
unbound,nsec3,nonexistent.test-nsec3.example,cold,690826,3,True,1788804301.6405978,
unbound,nsec3,nonexistent.test-nsec3.example,cold,654295,3,True,1788804301.6412973,
unbound,nsec3,nonexistent.test-nsec3.example,cold,898335,3,True,1788804301.6423023,
unbound,nsec3,nonexistent.test-nsec3.example,cold,1003231,3,True,1788804301.643385,
unbound,nsec3,nonexistent.test-nsec3.example,cold,797559,3,True,1788804301.6442602,
unbound,nsec3,nonexistent.test-nsec3.example,cold,990864,3,True,1788804301.6453435,
unbound,nsec3,nonexistent.test-nsec3.example,cold,874621,3,True,1788804301.6463056,
unbound,nsec3,nonexistent.test-nsec3.example,cold,1561891,3,True,1788804301.6479454,
unbound,nsec3,nonexistent.test-nsec3.example,cold,1028994,3,True,1788804301.6490598,
unbound,nsec3,nonexistent.test-nsec3.example,cold,1017083,3,True,1788804301.6501613,
unbound,nsec3,nonexistent.test-nsec3.example,cold,5451987,3,True,1788804301.6557136,
unbound,nsec3,nonexistent.test-nsec3.example,cold,2438333,3,True,1788804301.6588826,
unbound,nsec3,nonexistent.test-nsec3.example,cold,2822517,3,True,1788804301.6618927,
unbound,nsec3,nonexistent.test-nsec3.example,cold,8148563,3,True,1788804301.6701484,
unbound,nsec3,nonexistent.test-nsec3.example,cold,1653636,3,True,1788804301.6719165,
unbound,nsec3,nonexistent.test-nsec3.example,cold,1493406,3,True,1788804301.6734953,
unbound,nsec3,nonexistent.test-nsec3.example,cold,2196860,3,True,1788804301.6757796,
unbound,nsec3,nonexistent.test-nsec3.example,cold,1103302,3,True,1788804301.676997,
unbound,nsec3,nonexistent.test-nsec3.example,cold,1416402,3,True,1788804301.678497,
unbound,nsec3,nonexistent.test-nsec3.example,cold,1034284,3,True,1788804301.6796136,
unbound,nsec3,nonexistent.test-nsec3.example,cold,905173,3,True,1788804301.6806002,
unbound,nsec3,nonexistent.test-nsec3.example,cold,976208,3,True,1788804301.6816614,
unbound,nsec3,nonexistent.test-nsec3.example,cold,912773,3,True,1788804301.6826754,
unbound,nsec3,nonexistent.test-nsec3.example,cold,932327,3,True,1788804301.6836867,
unbound,nsec3,nonexistent.test-nsec3.example,cold,800689,3,True,1788804301.684562,
unbound,nsec3,nonexistent.test-nsec3.example,cold,853624,3,True,1788804301.6854894,
unbound,nsec3,nonexistent.test-nsec3.example,cold,1002933,3,True,1788804301.686563,
unbound,nsec3,nonexistent.test-nsec3.example,cold,1187940,3,True,1788804301.6878295,
unbound,nsec3,nonexistent.test-nsec3.example,cold,2384956,3,True,1788804301.6905124,
unbound,nsec3,nonexistent.test-nsec3.example,cold,1482185,3,True,1788804301.692339,
unbound,nsec3,nonexistent.test-nsec3.example,cold,987252,3,True,1788804301.6933978,
unbound,nsec3,nonexistent.test-nsec3.example,cold,1331773,3,True,1788804301.6947966,
unbound,nsec3,nonexistent.test-nsec3.example,cold,1040973,3,True,1788804301.695903,
unbound,nsec3,nonexistent.test-nsec3.example,cold,721927,3,True,1788804301.6966927,
unbound,nsec3,nonexistent.test-nsec3.example,cold,711850,3,True,1788804301.6974633,
unbound,nsec3,nonexistent.test-nsec3.example,cold,2718939,3,True,1788804301.7002547,
unbound,nsec3,nonexistent.test-nsec3.example,cold,1188480,3,True,1788804301.7015493,
unbound,nsec3,nonexistent.test-nsec3.example,cold,1074037,3,True,1788804301.7027109,
unbound,nsec3,nonexistent.test-nsec3.example,cold,1492551,3,True,1788804301.7042818,
unbound,nsec3,nonexistent.test-nsec3.example,cold,1179099,3,True,1788804301.705636,
unbound,nsec3,nonexistent.test-nsec3.example,cold,708509,3,True,1788804301.706412,
unbound,nsec3,nonexistent.test-nsec3.example,cold,1380192,3,True,1788804301.707855,
unbound,nsec3,nonexistent.test-nsec3.example,cold,674339,3,True,1788804301.7085972,
unbound,nsec3,nonexistent.test-nsec3.example,cold,766067,3,True,1788804301.7094274,
unbound,nsec3,nonexistent.test-nsec3.example,cold,2323345,3,True,1788804301.7118175,
unbound,nsec3,nonexistent.test-nsec3.example,cold,1424049,3,True,1788804301.7137146,
unbound,nsec3,nonexistent.test-nsec3.example,cold,967732,3,True,1788804301.7147603,
unbound,nsec3,nonexistent.test-nsec3.example,cold,3446966,3,True,1788804301.7182953,
unbound,nsec3,nonexistent.test-nsec3.example,cold,1560535,3,True,1788804301.7199516,
unbound,nsec3,nonexistent.test-nsec3.example,cold,6006606,3,True,1788804301.7260888,
unbound,nsec3,nonexistent.test-nsec3.example,cold,12764288,3,True,1788804301.7390041,
unbound,nsec3,nonexistent.test-nsec3.example,cold,3784666,3,True,1788804301.7429698,
unbound,nsec3,nonexistent.test-nsec3.example,cold,1824119,3,True,1788804301.7452617,
unbound,nsec3,nonexistent.test-nsec3.example,cold,1240088,3,True,1788804301.7467484,
unbound,nsec3,nonexistent.test-nsec3.example,cold,3011014,3,True,1788804301.7498832,
unbound,nsec3,nonexistent.test-nsec3.example,cold,2213145,3,True,1788804301.7521923,
unbound,nsec3,nonexistent.test-nsec3.example,cold,1301882,3,True,1788804301.7535868,
unbound,nsec3,nonexistent.test-nsec3.example,cold,1454327,3,True,1788804301.75515,
unbound,nsec3,nonexistent.test-nsec3.example,cold,1223173,3,True,1788804301.75647,
unbound,nsec3,nonexistent.test-nsec3.example,cold,1015745,3,True,1788804301.7575693,
unbound,nsec3,nonexistent.test-nsec3.example,cold,1051191,3,True,1788804301.7587056,
unbound,nsec3,nonexistent.test-nsec3.example,cold,2196983,3,True,1788804301.7609947,
unbound,nsec3,nonexistent.test-nsec3.example,cold,977591,3,True,1788804301.762091,
unbound,nsec3,nonexistent.test-nsec3.example,cold,922890,3,True,1788804301.7630918,
unbound,nsec3,nonexistent.test-nsec3.example,cold,1115301,3,True,1788804301.7642982,
unbound,nsec3,nonexistent.test-nsec3.example,cold,646201,3,True,1788804301.7650173,
unbound,nsec3,nonexistent.test-nsec3.example,cold,960110,3,True,1788804301.7660472,
unbound,nsec3,nonexistent.test-nsec3.example,cold,1405671,3,True,1788804301.7675169,
unbound,nsec3,nonexistent.test-nsec3.example,cold,4144079,3,True,1788804301.7717412,
unbound,nsec3,nonexistent.test-nsec3.example,cold,1379243,3,True,1788804301.7732291,
unbound,nsec3,nonexistent.test-nsec3.example,cold,1803090,3,True,1788804301.7751608,
unbound,nsec3,nonexistent.test-nsec3.example,cold,1899528,3,True,1788804301.777163,
unbound,nsec3,nonexistent.test-nsec3.example,cold,1108721,3,True,1788804301.7783644,
unbound,nsec3,nonexistent.test-nsec3.example,cold,2000599,3,True,1788804301.780453,
unbound,nsec3,nonexistent.test-nsec3.example,cold,1518452,3,True,1788804301.7820628,
unbound,nsec3,nonexistent.test-nsec3.example,cold,1090880,3,True,1788804301.7832384,
unbound,nsec3,nonexistent.test-nsec3.example,cold,1153145,3,True,1788804301.7844794,
unbound,nsec3,nonexistent.test-nsec3.example,cold,1195419,3,True,1788804301.7857862,
unbound,nsec3,nonexistent.test-nsec3.example,cold,1016677,3,True,1788804301.7868896,
unbound,nsec3,nonexistent.test-nsec3.example,cold,5437123,3,True,1788804301.792418,
unbound,nsec3,nonexistent.test-nsec3.example,cold,2119336,3,True,1788804301.794657,
unbound,nsec3,nonexistent.test-nsec3.example,cold,1643469,3,True,1788804301.7964091,
unbound,nsec3,nonexistent.test-nsec3.example,cold,3285709,3,True,1788804301.7997763,
unbound,nsec3,nonexistent.test-nsec3.example,cold,3876691,3,True,1788804301.8038096,
unbound,nsec3,nonexistent.test-nsec3.example,cold,2689398,3,True,1788804301.8078094,
unbound,nsec3,nonexistent.test-nsec3.example,cold,1264739,3,True,1788804301.809186,
unbound,nsec3,nonexistent.test-nsec3.example,cold,878573,3,True,1788804301.810139,
unbound,nsec3,nonexistent.test-nsec3.example,cold,799363,3,True,1788804301.8110063,
unbound,nsec3,nonexistent.test-nsec3.example,cold,1047402,3,True,1788804301.8122027,
unbound,nsec3,nonexistent.test-nsec3.example,cold,832764,3,True,1788804301.813085,
unbound,nsec3,nonexistent.test-nsec3.example,cold,835640,3,True,1788804301.813989,
unbound,nsec3,nonexistent.test-nsec3.example,cold,784242,3,True,1788804301.8148358,
unbound,nsec3,nonexistent.test-nsec3.example,cold,1360410,3,True,1788804301.8162742,
unbound,nsec3,nonexistent.test-nsec3.example,cold,1708129,3,True,1788804301.8180692,
unbound,nsec3,nonexistent.test-nsec3.example,cold,940861,3,True,1788804301.8190942,
unbound,nsec3,nonexistent.test-nsec3.example,cold,764130,3,True,1788804301.8199441,
unbound,nsec3,nonexistent.test-nsec3.example,cold,893886,3,True,1788804301.8209279,
unbound,nsec3,nonexistent.test-nsec3.example,cold,911140,3,True,1788804301.8218966,
unbound,nsec3,nonexistent.test-nsec3.example,cold,855480,3,True,1788804301.822807,
unbound,nsec3,nonexistent.test-nsec3.example,cold,911966,3,True,1788804301.823781,
unbound,nsec3,nonexistent.test-nsec3.example,cold,3503843,3,True,1788804301.8273551,
unbound,nsec3,nonexistent.test-nsec3.example,cold,1003792,3,True,1788804301.8284569,
unbound,nsec3,nonexistent.test-nsec3.example,cold,915136,3,True,1788804301.8294413,
unbound,nsec3,nonexistent.test-nsec3.example,cold,826438,3,True,1788804301.8303175,
unbound,nsec3,nonexistent.test-nsec3.example,cold,766636,3,True,1788804301.8311458,
unbound,nsec3,nonexistent.test-nsec3.example,cold,669349,3,True,1788804301.831876,
unbound,nsec3,nonexistent.test-nsec3.example,cold,745190,3,True,1788804301.83268,
unbound,nsec3,nonexistent.test-nsec3.example,cold,713730,3,True,1788804301.8334541,
unbound,nsec3,nonexistent.test-nsec3.example,cold,818144,3,True,1788804301.8343194,
unbound,nsec3,nonexistent.test-nsec3.example,cold,707122,3,True,1788804301.835086,
unbound,nsec3,nonexistent.test-nsec3.example,cold,825017,3,True,1788804301.8359933,
unbound,nsec3,nonexistent.test-nsec3.example,cold,848432,3,True,1788804301.8369157,
unbound,nsec3,nonexistent.test-nsec3.example,cold,1679326,3,True,1788804301.8386936,
unbound,nsec3,nonexistent.test-nsec3.example,cold,1055674,3,True,1788804301.8402605,
unbound,nsec3,nonexistent.test-nsec3.example,cold,946082,3,True,1788804301.841421,
unbound,nsec3,nonexistent.test-nsec3.example,cold,1789555,3,True,1788804301.843993,
unbound,nsec3,nonexistent.test-nsec3.example,cold,1102762,3,True,1788804301.8451846,
unbound,nsec3,nonexistent.test-nsec3.example,cold,949242,3,True,1788804301.8462098,
unbound,nsec3,nonexistent.test-nsec3.example,cold,888350,3,True,1788804301.847168,
unbound,nsec3,nonexistent.test-nsec3.example,cold,886820,3,True,1788804301.848132,
unbound,nsec3,nonexistent.test-nsec3.example,cold,861147,3,True,1788804301.8490577,
unbound,nsec3,nonexistent.test-nsec3.example,cold,1130797,3,True,1788804301.8502662,
unbound,nsec3,nonexistent.test-nsec3.example,cold,1361040,3,True,1788804301.8517292,
unbound,nsec3,nonexistent.test-nsec3.example,cold,1069640,3,True,1788804301.85293,
unbound,nsec3,nonexistent.test-nsec3.example,cold,783931,3,True,1788804301.8538082,
unbound,nsec3,nonexistent.test-nsec3.example,cold,991668,3,True,1788804301.854865,
unbound,nsec3,nonexistent.test-nsec3.example,cold,869512,3,True,1788804301.8557932,
unbound,nsec3,nonexistent.test-nsec3.example,cold,782264,3,True,1788804301.8566506,
unbound,nsec3,nonexistent.test-nsec3.example,cold,788821,3,True,1788804301.8574996,
unbound,nsec3,nonexistent.test-nsec3.example,cold,1130701,3,True,1788804301.8587105,
unbound,nsec3,nonexistent.test-nsec3.example,cold,940241,3,True,1788804301.8597238,
unbound,nsec3,nonexistent.test-nsec3.example,cold,804358,3,True,1788804301.8606002,
unbound,nsec3,nonexistent.test-nsec3.example,cold,684069,3,True,1788804301.8613496,
unbound,nsec3,nonexistent.test-nsec3.example,cold,868500,3,True,1788804301.8622766,
unbound,nsec3,nonexistent.test-nsec3.example,cold,997050,3,True,1788804301.863352,
unbound,nsec3,nonexistent.test-nsec3.example,cold,814266,3,True,1788804301.8642235,
unbound,nsec3,nonexistent.test-nsec3.example,cold,865919,3,True,1788804301.8651402,
unbound,nsec3,nonexistent.test-nsec3.example,cold,1079201,3,True,1788804301.866267,
unbound,nsec3,nonexistent.test-nsec3.example,cold,753071,3,True,1788804301.8670855,
unbound,nsec3,nonexistent.test-nsec3.example,cold,990155,3,True,1788804301.8681703,
unbound,nsec3,nonexistent.test-nsec3.example,cold,945175,3,True,1788804301.8691804,
unbound,nsec3,nonexistent.test-nsec3.example,cold,807031,3,True,1788804301.8700454,
unbound,nsec3,nonexistent.test-nsec3.example,cold,972131,3,True,1788804301.8710856,
unbound,nsec3,nonexistent.test-nsec3.example,cold,983134,3,True,1788804301.8722162,
unbound,nsec3,nonexistent.test-nsec3.example,cold,1389912,3,True,1788804301.8736749,
unbound,nsec3,nonexistent.test-nsec3.example,cold,1001037,3,True,1788804301.8747497,
unbound,nsec3,nonexistent.test-nsec3.example,cold,1040377,3,True,1788804301.8758726,
unbound,nsec3,nonexistent.test-nsec3.example,cold,802198,3,True,1788804301.8767369,
unbound,nsec3,nonexistent.test-nsec3.example,cold,720165,3,True,1788804301.8775208,
unbound,nsec3,nonexistent.test-nsec3.example,cold,806030,3,True,1788804301.878375,
unbound,nsec3,nonexistent.test-nsec3.example,cold,733939,3,True,1788804301.8791595,
unbound,nsec3,nonexistent.test-nsec3.example,cold,743369,3,True,1788804301.8799655,
unbound,nsec3,nonexistent.test-nsec3.example,cold,682977,3,True,1788804301.880695,
unbound,nsec3,nonexistent.test-nsec3.example,cold,709344,3,True,1788804301.881453,
unbound,nsec3,nonexistent.test-nsec3.example,cold,717324,3,True,1788804301.8822136,
unbound,nsec3,nonexistent.test-nsec3.example,cold,1429514,3,True,1788804301.8837023,
unbound,nsec3,nonexistent.test-nsec3.example,cold,1958946,3,True,1788804301.885732,
unbound,nsec3,nonexistent.test-nsec3.example,cold,922969,3,True,1788804301.8867338,
unbound,nsec3,nonexistent.test-nsec3.example,cold,816132,3,True,1788804301.8876083,
unbound,nsec3,nonexistent.test-nsec3.example,cold,689287,3,True,1788804301.888361,
unbound,nsec3,nonexistent.test-nsec3.example,cold,806767,3,True,1788804301.8892267,
unbound,nsec3,nonexistent.test-nsec3.example,cold,943148,3,True,1788804301.8902187,
unbound,nsec3,nonexistent.test-nsec3.example,cold,980273,3,True,1788804301.8912568,
unbound,nsec3,nonexistent.test-nsec3.example,cold,621398,3,True,1788804301.8919291,
unbound,nsec3,nonexistent.test-nsec3.example,cold,615691,3,True,1788804301.892602,
unbound,nsec3,nonexistent.test-nsec3.example,cold,811932,3,True,1788804301.8934605,
unbound,nsec3,nonexistent.test-nsec3.example,cold,902826,3,True,1788804301.894444,
unbound,nsec3,nonexistent.test-nsec3.example,cold,973995,3,True,1788804301.8954694,
unbound,nsec3,nonexistent.test-nsec3.example,cold,908908,3,True,1788804301.8964484,
unbound,nsec3,nonexistent.test-nsec3.example,cold,871029,3,True,1788804301.8973732,
unbound,nsec3,nonexistent.test-nsec3.example,cold,941119,3,True,1788804301.8983815,
unbound,nsec3,nonexistent.test-nsec3.example,cold,983403,3,True,1788804301.899434,
unbound,nsec3,nonexistent.test-nsec3.example,cold,1286642,3,True,1788804301.9008071,
unbound,nsec3,nonexistent.test-nsec3.example,cold,1222719,3,True,1788804301.9021175,
unbound,nsec3,nonexistent.test-nsec3.example,cold,817669,3,True,1788804301.9030027,
unbound,nsec3,nonexistent.test-nsec3.example,cold,740771,3,True,1788804301.903798,
unbound,nsec3,nonexistent.test-nsec3.example,cold,805737,3,True,1788804301.9046538,
unbound,nsec3,nonexistent.test-nsec3.example,cold,689562,3,True,1788804301.9054008,
unbound,nsec3,nonexistent.test-nsec3.example,cold,891165,3,True,1788804301.9063463,
unbound,nsec3,nonexistent.test-nsec3.example,cold,907696,3,True,1788804301.907377,
unbound,nsec3,nonexistent.test-nsec3.example,cold,752769,3,True,1788804301.908197,
unbound,nsec3,nonexistent.test-nsec3.example,cold,816112,3,True,1788804301.9090955,
unbound,nsec3,nonexistent.test-nsec3.example,cold,813023,3,True,1788804301.9100552,
unbound,nsec3,nonexistent.test-nsec3.example,cold,817019,3,True,1788804301.9109263,
unbound,nsec3,nonexistent.test-nsec3.example,cold,714663,3,True,1788804301.9117014,
unbound,nsec3,nonexistent.test-nsec3.example,cold,1045589,3,True,1788804301.912814,
unbound,nsec3,nonexistent.test-nsec3.example,cold,815153,3,True,1788804301.9136958,
unbound,nsec3,nonexistent.test-nsec3.example,cold,849231,3,True,1788804301.9146967,
unbound,nsec3,nonexistent.test-nsec3.example,cold,1058516,3,True,1788804301.9158201,
unbound,nsec3,nonexistent.test-nsec3.example,cold,1048244,3,True,1788804301.916924,
unbound,nsec3,nonexistent.test-nsec3.example,cold,1023847,3,True,1788804301.9180157,
unbound,nsec3,nonexistent.test-nsec3.example,cold,773534,3,True,1788804301.9188602,
unbound,nsec3,nonexistent.test-nsec3.example,cold,738309,3,True,1788804301.9196508,
unbound,nsec3,nonexistent.test-nsec3.example,cold,697460,3,True,1788804301.9204113,
unbound,nsec3,nonexistent.test-nsec3.example,cold,716957,3,True,1788804301.9211848,
unbound,nsec3,nonexistent.test-nsec3.example,cold,755030,3,True,1788804301.9219954,
unbound,nsec3,nonexistent.test-nsec3.example,cold,810283,3,True,1788804301.9228616,
unbound,nsec3,nonexistent.test-nsec3.example,cold,836987,3,True,1788804301.9237778,
unbound,nsec3,nonexistent.test-nsec3.example,cold,947238,3,True,1788804301.924801,
unbound,nsec3,nonexistent.test-nsec3.example,cold,834125,3,True,1788804301.925709,
unbound,nsec3,nonexistent.test-nsec3.example,cold,1109584,3,True,1788804301.9268901,
unbound,nsec3,nonexistent.test-nsec3.example,cold,1103311,3,True,1788804301.9280665,
unbound,nsec3,nonexistent.test-nsec3.example,cold,1558232,3,True,1788804301.9297101,
unbound,nsec3,nonexistent.test-nsec3.example,cold,743484,3,True,1788804301.9305341,
unbound,nsec3,nonexistent.test-nsec3.example,cold,735163,3,True,1788804301.9313426,
unbound,nsec3,nonexistent.test-nsec3.example,cold,743290,3,True,1788804301.9321487,
unbound,nsec3,nonexistent.test-nsec3.example,cold,766877,3,True,1788804301.9329743,
unbound,nsec3,nonexistent.test-nsec3.example,cold,1019934,3,True,1788804301.934053,
unbound,nsec3,nonexistent.test-nsec3.example,cold,826621,3,True,1788804301.9349513,
unbound,nsec3,nonexistent.test-nsec3.example,cold,956148,3,True,1788804301.9359736,
unbound,nsec3,nonexistent.test-nsec3.example,cold,1056000,3,True,1788804301.9371104,
unbound,nsec3,nonexistent.test-nsec3.example,cold,1556655,3,True,1788804301.9387357,
unbound,nsec3,nonexistent.test-nsec3.example,cold,991861,3,True,1788804301.9398148,
unbound,nsec3,nonexistent.test-nsec3.example,cold,869525,3,True,1788804301.940753,
unbound,nsec3,nonexistent.test-nsec3.example,cold,777811,3,True,1788804301.941581,
unbound,nsec3,nonexistent.test-nsec3.example,cold,606195,3,True,1788804301.9422493,
unbound,nsec3,nonexistent.test-nsec3.example,cold,647340,3,True,1788804301.9429538,
unbound,nsec3,nonexistent.test-nsec3.example,cold,802900,3,True,1788804301.9438581,
unbound,nsec3,nonexistent.test-nsec3.example,cold,793679,3,True,1788804301.9447198,
unbound,nsec3,nonexistent.test-nsec3.example,cold,844506,3,True,1788804301.9456146,
unbound,nsec3,nonexistent.test-nsec3.example,cold,751644,3,True,1788804301.946424,
unbound,nsec3,nonexistent.test-nsec3.example,cold,791048,3,True,1788804301.9472632,
unbound,nsec3,nonexistent.test-nsec3.example,cold,791277,3,True,1788804301.9481292,
unbound,nsec3,nonexistent.test-nsec3.example,cold,930643,3,True,1788804301.9491267,
unbound,nsec3,nonexistent.test-nsec3.example,cold,791330,3,True,1788804301.9499774,
unbound,nsec3,nonexistent.test-nsec3.example,cold,880422,3,True,1788804301.9509223,
unbound,nsec3,nonexistent.test-nsec3.example,cold,963079,3,True,1788804301.9519434,
unbound,nsec3,nonexistent.test-nsec3.example,cold,752829,3,True,1788804301.9527602,
unbound,nsec3,nonexistent.test-nsec3.example,cold,743258,3,True,1788804301.9535503,
unbound,nsec3,nonexistent.test-nsec3.example,cold,815834,3,True,1788804301.954429,
unbound,nsec3,nonexistent.test-nsec3.example,cold,819954,3,True,1788804301.9552956,
unbound,nsec3,nonexistent.test-nsec3.example,cold,703775,3,True,1788804301.9560661,
unbound,nsec3,nonexistent.test-nsec3.example,cold,793334,3,True,1788804301.9569101,
unbound,nsec3,nonexistent.test-nsec3.example,cold,806278,3,True,1788804301.9577837,
unbound,nsec3,nonexistent.test-nsec3.example,cold,727111,3,True,1788804301.9585674,
unbound,nsec3,nonexistent.test-nsec3.example,cold,732556,3,True,1788804301.9593763,
unbound,nsec3,nonexistent.test-nsec3.example,cold,876700,3,True,1788804301.9603174,
unbound,nsec3,nonexistent.test-nsec3.example,cold,698322,3,True,1788804301.9610796,
unbound,nsec3,nonexistent.test-nsec3.example,cold,1174151,3,True,1788804301.9623096,
unbound,nsec3,nonexistent.test-nsec3.example,cold,949513,3,True,1788804301.9633415,
unbound,nsec3,nonexistent.test-nsec3.example,cold,876449,3,True,1788804301.9643338,
unbound,nsec3,nonexistent.test-nsec3.example,cold,783737,3,True,1788804301.9651968,
unbound,nsec3,nonexistent.test-nsec3.example,cold,798525,3,True,1788804301.9660623,
unbound,nsec3,nonexistent.test-nsec3.example,cold,664943,3,True,1788804301.9667785,
unbound,nsec3,nonexistent.test-nsec3.example,cold,878359,3,True,1788804301.967725,
unbound,nsec3,nonexistent.test-nsec3.example,cold,778231,3,True,1788804301.9686387,
unbound,nsec3,nonexistent.test-nsec3.example,cold,820976,3,True,1788804301.969562,
unbound,nsec3,nonexistent.test-nsec3.example,cold,933922,3,True,1788804301.9706712,
unbound,nsec3,nonexistent.test-nsec3.example,cold,824623,3,True,1788804301.9716501,
unbound,nsec3,nonexistent.test-nsec3.example,cold,824483,3,True,1788804301.9726624,
unbound,nsec3,nonexistent.test-nsec3.example,cold,828924,3,True,1788804301.9735563,
unbound,nsec3,nonexistent.test-nsec3.example,cold,845946,3,True,1788804301.9744768,
unbound,nsec3,nonexistent.test-nsec3.example,cold,879300,3,True,1788804301.975414,
unbound,nsec3,nonexistent.test-nsec3.example,cold,699503,3,True,1788804301.976178,
unbound,nsec3,nonexistent.test-nsec3.example,cold,955111,3,True,1788804301.9771948,
unbound,nsec3,nonexistent.test-nsec3.example,cold,896109,3,True,1788804301.9781573,
unbound,nsec3,nonexistent.test-nsec3.example,cold,879192,3,True,1788804301.9791005,
unbound,nsec3,nonexistent.test-nsec3.example,cold,852221,3,True,1788804301.9801474,
unbound,nsec3,nonexistent.test-nsec3.example,cold,815595,3,True,1788804301.9810314,
unbound,nsec3,nonexistent.test-nsec3.example,cold,1174046,3,True,1788804301.982283,
unbound,nsec3,nonexistent.test-nsec3.example,cold,873011,3,True,1788804301.983239,
unbound,nsec3,nonexistent.test-nsec3.example,cold,781427,3,True,1788804301.9840913,
unbound,nsec3,nonexistent.test-nsec3.example,cold,707322,3,True,1788804301.984903,
unbound,nsec3,nonexistent.test-nsec3.example,cold,1031124,3,True,1788804301.9861212,
unbound,nsec3,nonexistent.test-nsec3.example,cold,703635,3,True,1788804301.986891,
unbound,nsec3,nonexistent.test-nsec3.example,cold,757738,3,True,1788804301.9876995,
unbound,nsec3,nonexistent.test-nsec3.example,cold,697738,3,True,1788804301.9884558,
unbound,nsec3,nonexistent.test-nsec3.example,cold,839843,3,True,1788804301.989344,
unbound,nsec3,nonexistent.test-nsec3.example,cold,685447,3,True,1788804301.9900906,
unbound,nsec3,nonexistent.test-nsec3.example,cold,1038400,3,True,1788804301.99119,
unbound,nsec3,nonexistent.test-nsec3.example,cold,969369,3,True,1788804301.992227,
unbound,nsec3,nonexistent.test-nsec3.example,cold,634635,3,True,1788804301.9929116,
unbound,nsec3,nonexistent.test-nsec3.example,cold,730938,3,True,1788804301.9937017,
unbound,nsec3,nonexistent.test-nsec3.example,cold,816896,3,True,1788804301.9945655,
unbound,nsec3,nonexistent.test-nsec3.example,cold,921485,3,True,1788804301.9958043,
unbound,nsec3,nonexistent.test-nsec3.example,cold,1743704,3,True,1788804301.9977129,
unbound,nsec3,nonexistent.test-nsec3.example,cold,1097462,3,True,1788804301.9990885,
unbound,nsec3,nonexistent.test-nsec3.example,cold,1014702,3,True,1788804302.0002682,
unbound,nsec3,nonexistent.test-nsec3.example,cold,1016851,3,True,1788804302.0013573,
unbound,nsec3,nonexistent.test-nsec3.example,cold,693446,3,True,1788804302.0022862,
unbound,nsec3,nonexistent.test-nsec3.example,cold,967945,3,True,1788804302.003561,
unbound,nsec3,nonexistent.test-nsec3.example,cold,698493,3,True,1788804302.0043402,
unbound,nsec3,nonexistent.test-nsec3.example,cold,772703,3,True,1788804302.0051806,
unbound,nsec3,nonexistent.test-nsec3.example,cold,998302,3,True,1788804302.0062432,
unbound,nsec3,nonexistent.test-nsec3.example,cold,917857,3,True,1788804302.0072317,
unbound,nsec3,nonexistent.test-nsec3.example,cold,1723312,3,True,1788804302.0090265,
unbound,nsec3,nonexistent.test-nsec3.example,cold,1027625,3,True,1788804302.0101418,
unbound,nsec3,nonexistent.test-nsec3.example,cold,878452,3,True,1788804302.0110993,
unbound,nsec3,nonexistent.test-nsec3.example,cold,842092,3,True,1788804302.0120335,
unbound,nsec3,nonexistent.test-nsec3.example,cold,776527,3,True,1788804302.0128753,
unbound,nsec3,nonexistent.test-nsec3.example,cold,877366,3,True,1788804302.01381,
unbound,nsec3,nonexistent.test-nsec3.example,cold,817878,3,True,1788804302.014701,
unbound,nsec3,nonexistent.test-nsec3.example,cold,1075296,3,True,1788804302.0158458,
unbound,nsec3,nonexistent.test-nsec3.example,cold,936754,3,True,1788804302.0168514,
unbound,nsec3,nonexistent.test-nsec3.example,cold,795730,3,True,1788804302.0176995,
unbound,nsec3,nonexistent.test-nsec3.example,cold,918432,3,True,1788804302.0186741,
unbound,nsec3,nonexistent.test-nsec3.example,cold,944635,3,True,1788804302.0196943,
unbound,nsec3,nonexistent.test-nsec3.example,cold,796600,3,True,1788804302.0205553,
unbound,nsec3,nonexistent.test-nsec3.example,cold,674215,3,True,1788804302.0212924,
unbound,nsec3,nonexistent.test-nsec3.example,cold,687855,3,True,1788804302.0220368,
unbound,nsec3,nonexistent.test-nsec3.example,cold,781763,3,True,1788804302.0228698,
unbound,nsec3,nonexistent.test-nsec3.example,cold,670453,3,True,1788804302.0235991,
unbound,nsec3,nonexistent.test-nsec3.example,cold,765995,3,True,1788804302.024423,
unbound,nsec3,nonexistent.test-nsec3.example,cold,786270,3,True,1788804302.025358,
unbound,nsec3,nonexistent.test-nsec3.example,cold,1283916,3,True,1788804302.026702,
unbound,nsec3,nonexistent.test-nsec3.example,cold,926650,3,True,1788804302.0276885,
unbound,nsec3,nonexistent.test-nsec3.example,cold,750272,3,True,1788804302.028497,
unbound,nsec3,nonexistent.test-nsec3.example,cold,812287,3,True,1788804302.0293872,
unbound,nsec3,nonexistent.test-nsec3.example,cold,1088452,3,True,1788804302.0305474,
unbound,nsec3,nonexistent.test-nsec3.example,cold,922247,3,True,1788804302.0315394,
unbound,nsec3,nonexistent.test-nsec3.example,cold,731414,3,True,1788804302.0323768,
unbound,nsec3,nonexistent.test-nsec3.example,cold,700580,3,True,1788804302.0331264,
unbound,nsec3,nonexistent.test-nsec3.example,cold,785274,3,True,1788804302.0340655,
unbound,nsec3,nonexistent.test-nsec3.example,cold,1264238,3,True,1788804302.0355334,
unbound,nsec3,nonexistent.test-nsec3.example,cold,910661,3,True,1788804302.036542,
unbound,nsec3,nonexistent.test-nsec3.example,cold,837064,3,True,1788804302.0375705,
unbound,nsec3,nonexistent.test-nsec3.example,cold,961440,3,True,1788804302.038954,
unbound,nsec3,nonexistent.test-nsec3.example,cold,1017778,3,True,1788804302.0401309,
unbound,nsec3,nonexistent.test-nsec3.example,cold,876853,3,True,1788804302.041082,
unbound,nsec3,nonexistent.test-nsec3.example,cold,898532,3,True,1788804302.042054,
unbound,nsec3,nonexistent.test-nsec3.example,cold,741592,3,True,1788804302.0428631,
unbound,nsec3,nonexistent.test-nsec3.example,cold,951488,3,True,1788804302.0438876,
unbound,nsec3,nonexistent.test-nsec3.example,cold,945787,3,True,1788804302.0449033,
unbound,nsec3,nonexistent.test-nsec3.example,cold,929498,3,True,1788804302.0459018,
unbound,nsec3,nonexistent.test-nsec3.example,cold,733783,3,True,1788804302.0466993,
unbound,nsec3,nonexistent.test-nsec3.example,cold,688091,3,True,1788804302.0474467,
unbound,nsec3,nonexistent.test-nsec3.example,cold,701013,3,True,1788804302.0482042,
unbound,nsec3,nonexistent.test-nsec3.example,cold,734367,3,True,1788804302.0489936,
unbound,nsec3,nonexistent.test-nsec3.example,cold,785065,3,True,1788804302.0498385,
unbound,nsec3,nonexistent.test-nsec3.example,cold,908978,3,True,1788804302.0508094,
unbound,nsec3,nonexistent.test-nsec3.example,cold,872531,3,True,1788804302.051747,
unbound,nsec3,nonexistent.test-nsec3.example,cold,977560,3,True,1788804302.0527914,
unbound,nsec3,nonexistent.test-nsec3.example,cold,760496,3,True,1788804302.0536587,
unbound,nsec3,nonexistent.test-nsec3.example,cold,1033876,3,True,1788804302.0547602,
unbound,nsec3,nonexistent.test-nsec3.example,cold,1025900,3,True,1788804302.0558436,
unbound,nsec3,nonexistent.test-nsec3.example,cold,1077407,3,True,1788804302.0570567,
unbound,nsec3,nonexistent.test-nsec3.example,cold,1042747,3,True,1788804302.058315,
unbound,nsec3,nonexistent.test-nsec3.example,cold,938758,3,True,1788804302.0593317,
unbound,nsec3,nonexistent.test-nsec3.example,cold,843602,3,True,1788804302.0602567,
unbound,nsec3,nonexistent.test-nsec3.example,cold,881273,3,True,1788804302.0612,
unbound,nsec3,nonexistent.test-nsec3.example,cold,871654,3,True,1788804302.0621202,
unbound,nsec3,nonexistent.test-nsec3.example,cold,828335,3,True,1788804302.063006,
unbound,nsec3,nonexistent.test-nsec3.example,cold,749515,3,True,1788804302.06382,
unbound,nsec3,nonexistent.test-nsec3.example,cold,798115,3,True,1788804302.064693,
unbound,nsec3,nonexistent.test-nsec3.example,cold,681160,3,True,1788804302.0654483,
unbound,nsec3,nonexistent.test-nsec3.example,cold,786730,3,True,1788804302.0663033,
unbound,nsec3,nonexistent.test-nsec3.example,cold,855864,3,True,1788804302.0672226,
unbound,nsec3,nonexistent.test-nsec3.example,cold,1351614,3,True,1788804302.068636,
unbound,nsec3,nonexistent.test-nsec3.example,cold,724566,3,True,1788804302.069426,
unbound,nsec3,nonexistent.test-nsec3.example,cold,700862,3,True,1788804302.0701814,
unbound,nsec3,nonexistent.test-nsec3.example,cold,1334360,3,True,1788804302.0715725,
unbound,nsec3,nonexistent.test-nsec3.example,cold,1365688,3,True,1788804302.073018,
unbound,nsec3,nonexistent.test-nsec3.example,cold,1262354,3,True,1788804302.0744822,
unbound,nsec3,nonexistent.test-nsec3.example,cold,1483709,3,True,1788804302.0760462,
unbound,nsec3,nonexistent.test-nsec3.example,cold,761066,3,True,1788804302.0768871,
unbound,nsec3,nonexistent.test-nsec3.example,cold,897896,3,True,1788804302.0778534,
unbound,nsec3,nonexistent.test-nsec3.example,cold,790001,3,True,1788804302.0786977,
unbound,nsec3,nonexistent.test-nsec3.example,cold,697947,3,True,1788804302.0794585,
unbound,nsec3,nonexistent.test-nsec3.example,cold,744160,3,True,1788804302.0803585,
unbound,nsec3,nonexistent.test-nsec3.example,cold,1086700,3,True,1788804302.0815024,
unbound,nsec3,nonexistent.test-nsec3.example,cold,860647,3,True,1788804302.0824404,
unbound,nsec3,nonexistent.test-nsec3.example,cold,1035599,3,True,1788804302.0835445,
unbound,nsec3,nonexistent.test-nsec3.example,cold,782348,3,True,1788804302.0843966,
unbound,nsec3,nonexistent.test-nsec3.example,cold,771560,3,True,1788804302.0853243,
unbound,nsec3,nonexistent.test-nsec3.example,cold,835414,3,True,1788804302.0862186,
unbound,nsec3,nonexistent.test-nsec3.example,cold,1040997,3,True,1788804302.0873075,
unbound,nsec3,nonexistent.test-nsec3.example,cold,788541,3,True,1788804302.088156,
unbound,nsec3,nonexistent.test-nsec3.example,cold,1538468,3,True,1788804302.0897481,
unbound,nsec3,nonexistent.test-nsec3.example,cold,934050,3,True,1788804302.090751,
unbound,nsec3,nonexistent.test-nsec3.example,cold,1264774,3,True,1788804302.0928075,
unbound,nsec3,nonexistent.test-nsec3.example,cold,877061,3,True,1788804302.093754,
unbound,nsec3,nonexistent.test-nsec3.example,cold,772593,3,True,1788804302.094589,
unbound,nsec3,nonexistent.test-nsec3.example,cold,702553,3,True,1788804302.0953531,
unbound,nsec3,nonexistent.test-nsec3.example,cold,678562,3,True,1788804302.0960927,
unbound,nsec3,nonexistent.test-nsec3.example,cold,675163,3,True,1788804302.0968587,
unbound,nsec3,nonexistent.test-nsec3.example,cold,913813,3,True,1788804302.097818,
unbound,nsec3,nonexistent.test-nsec3.example,cold,775626,3,True,1788804302.098647,
unbound,nsec3,nonexistent.test-nsec3.example,cold,1049092,3,True,1788804302.0997572,
unbound,nsec3,nonexistent.test-nsec3.example,cold,871501,3,True,1788804302.1006792,
unbound,nsec3,nonexistent.test-nsec3.example,cold,873584,3,True,1788804302.1016023,
unbound,nsec3,nonexistent.test-nsec3.example,cold,854007,3,True,1788804302.102522,
unbound,nsec3,nonexistent.test-nsec3.example,cold,739966,3,True,1788804302.1033275,
unbound,nsec3,nonexistent.test-nsec3.example,cold,889352,3,True,1788804302.1042757,
unbound,nsec3,nonexistent.test-nsec3.example,cold,722556,3,True,1788804302.105178,
unbound,nsec3,nonexistent.test-nsec3.example,cold,701670,3,True,1788804302.1059554,
unbound,nsec3,nonexistent.test-nsec3.example,cold,711480,3,True,1788804302.1067274,
unbound,nsec3,nonexistent.test-nsec3.example,cold,946897,3,True,1788804302.1077337,
unbound,nsec3,nonexistent.test-nsec3.example,cold,782024,3,True,1788804302.1085765,
unbound,nsec3,nonexistent.test-nsec3.example,cold,1304521,3,True,1788804302.1099415,
unbound,nsec3,nonexistent.test-nsec3.example,cold,2383297,3,True,1788804302.1125407,
unbound,nsec3,nonexistent.test-nsec3.example,cold,1110123,3,True,1788804302.1138244,
unbound,nsec3,nonexistent.test-nsec3.example,cold,872161,3,True,1788804302.1147726,
unbound,nsec3,nonexistent.test-nsec3.example,cold,938548,3,True,1788804302.115773,
unbound,nsec3,nonexistent.test-nsec3.example,cold,835624,3,True,1788804302.1166768,
unbound,nsec3,nonexistent.test-nsec3.example,cold,730005,3,True,1788804302.1174695,
unbound,nsec3,nonexistent.test-nsec3.example,cold,754273,3,True,1788804302.1182795,
unbound,nsec3,nonexistent.test-nsec3.example,cold,870832,3,True,1788804302.119223,
unbound,nsec3,nonexistent.test-nsec3.example,cold,935067,3,True,1788804302.1202254,
unbound,nsec3,nonexistent.test-nsec3.example,cold,868044,3,True,1788804302.121165,
unbound,nsec3,nonexistent.test-nsec3.example,cold,971397,3,True,1788804302.1222162,
unbound,nsec3,nonexistent.test-nsec3.example,cold,1589252,3,True,1788804302.1238923,
unbound,nsec3,nonexistent.test-nsec3.example,cold,968055,3,True,1788804302.1251972,
unbound,nsec3,nonexistent.test-nsec3.example,cold,2385014,3,True,1788804302.1277442,
unbound,nsec3,nonexistent.test-nsec3.example,cold,1137545,3,True,1788804302.1291215,
unbound,nsec3,nonexistent.test-nsec3.example,cold,1002099,3,True,1788804302.130198,
unbound,nsec3,nonexistent.test-nsec3.example,cold,877327,3,True,1788804302.1311736,
unbound,nsec3,nonexistent.test-nsec3.example,cold,910067,3,True,1788804302.1323714,
unbound,nsec3,nonexistent.test-nsec3.example,cold,1079272,3,True,1788804302.133537,
unbound,nsec3,nonexistent.test-nsec3.example,cold,962422,3,True,1788804302.1346295,
unbound,nsec3,nonexistent.test-nsec3.example,cold,1560971,3,True,1788804302.1363971,
unbound,nsec3,nonexistent.test-nsec3.example,cold,1347535,3,True,1788804302.1379845,
unbound,nsec3,nonexistent.test-nsec3.example,cold,1373061,3,True,1788804302.1395237,
unbound,nsec3,nonexistent.test-nsec3.example,cold,1283880,3,True,1788804302.140888,
unbound,nsec3,nonexistent.test-nsec3.example,cold,907713,3,True,1788804302.1418667,
unbound,nsec3,nonexistent.test-nsec3.example,cold,1000472,3,True,1788804302.142935,
unbound,nsec3,nonexistent.test-nsec3.example,cold,1108333,3,True,1788804302.1441174,
unbound,nsec3,nonexistent.test-nsec3.example,cold,977386,3,True,1788804302.1452014,
unbound,nsec3,nonexistent.test-nsec3.example,cold,1376219,3,True,1788804302.1466532,
unbound,nsec3,nonexistent.test-nsec3.example,cold,1165680,3,True,1788804302.1479084,
unbound,nsec3,nonexistent.test-nsec3.example,cold,1220406,3,True,1788804302.1492925,
unbound,nsec3,nonexistent.test-nsec3.example,cold,736821,3,True,1788804302.1501024,
unbound,nsec3,nonexistent.test-nsec3.example,cold,804843,3,True,1788804302.1509726,
unbound,nsec3,nonexistent.test-nsec3.example,cold,1199329,3,True,1788804302.1523151,
unbound,nsec3,nonexistent.test-nsec3.example,cold,953400,3,True,1788804302.1535625,
unbound,nsec3,nonexistent.test-nsec3.example,cold,905184,3,True,1788804302.15456,
unbound,nsec3,nonexistent.test-nsec3.example,cold,992477,3,True,1788804302.1556227,
unbound,nsec3,nonexistent.test-nsec3.example,cold,958294,3,True,1788804302.1566522,
unbound,nsec3,nonexistent.test-nsec3.example,cold,1254520,3,True,1788804302.1579778,
unbound,nsec3,nonexistent.test-nsec3.example,cold,892859,3,True,1788804302.1589494,
unbound,nsec3,nonexistent.test-nsec3.example,cold,1094008,3,True,1788804302.160102,
unbound,nsec3,nonexistent.test-nsec3.example,cold,931282,3,True,1788804302.1611063,
unbound,nsec3,nonexistent.test-nsec3.example,cold,1263665,3,True,1788804302.1624453,
unbound,nsec3,nonexistent.test-nsec3.example,cold,893987,3,True,1788804302.1634202,
unbound,nsec3,nonexistent.test-nsec3.example,cold,1054714,3,True,1788804302.1645494,
unbound,nsec3,nonexistent.test-nsec3.example,cold,952246,3,True,1788804302.1655684,
unbound,nsec3,nonexistent.test-nsec3.example,cold,713410,3,True,1788804302.1666112,
unbound,nsec3,nonexistent.test-nsec3.example,cold,1458697,3,True,1788804302.1681347,
unbound,nsec3,nonexistent.test-nsec3.example,cold,1065090,3,True,1788804302.169274,
unbound,nsec3,nonexistent.test-nsec3.example,cold,2181739,3,True,1788804302.1715431,
unbound,nsec3,nonexistent.test-nsec3.example,cold,1286850,3,True,1788804302.1729202,
unbound,nsec3,nonexistent.test-nsec3.example,cold,981162,3,True,1788804302.1739805,
unbound,nsec3,nonexistent.test-nsec3.example,cold,787865,3,True,1788804302.1748433,
unbound,nsec3,nonexistent.test-nsec3.example,cold,919713,3,True,1788804302.1758308,
unbound,nsec3,nonexistent.test-nsec3.example,cold,970262,3,True,1788804302.1770723,
unbound,nsec3,nonexistent.test-nsec3.example,cold,1014832,3,True,1788804302.1782897,
unbound,nsec3,nonexistent.test-nsec3.example,cold,1354136,3,True,1788804302.17972,
unbound,nsec3,nonexistent.test-nsec3.example,cold,983038,3,True,1788804302.1807885,
unbound,nsec3,nonexistent.test-nsec3.example,cold,891966,3,True,1788804302.1818697,
unbound,nsec3,nonexistent.test-nsec3.example,cold,1020612,3,True,1788804302.1830246,
unbound,nsec3,nonexistent.test-nsec3.example,cold,795882,3,True,1788804302.184299,
unbound,nsec3,nonexistent.test-nsec3.example,cold,877066,3,True,1788804302.1852417,
unbound,nsec3,nonexistent.test-nsec3.example,cold,887256,3,True,1788804302.186194,
unbound,nsec3,nonexistent.test-nsec3.example,cold,940243,3,True,1788804302.187199,
unbound,nsec3,nonexistent.test-nsec3.example,cold,1243808,3,True,1788804302.1886268,
unbound,nsec3,nonexistent.test-nsec3.example,cold,884564,3,True,1788804302.1895854,
unbound,nsec3,nonexistent.test-nsec3.example,cold,991853,3,True,1788804302.1906433,
unbound,nsec3,nonexistent.test-nsec3.example,cold,1237336,3,True,1788804302.1919634,
unbound,nsec3,nonexistent.test-nsec3.example,cold,867449,3,True,1788804302.1929183,
unbound,nsec3,nonexistent.test-nsec3.example,cold,1159928,3,True,1788804302.1941488,
unbound,nsec3,nonexistent.test-nsec3.example,cold,1027408,3,True,1788804302.1952488,
unbound,nsec3,nonexistent.test-nsec3.example,cold,932624,3,True,1788804302.196247,
unbound,nsec3,nonexistent.test-nsec3.example,cold,865756,3,True,1788804302.1971655,
unbound,nsec3,nonexistent.test-nsec3.example,cold,776067,3,True,1788804302.1980016,
unbound,nsec3,nonexistent.test-nsec3.example,cold,1279266,3,True,1788804302.1993482,
unbound,nsec3,nonexistent.test-nsec3.example,cold,745141,3,True,1788804302.2001832,
unbound,nsec3,nonexistent.test-nsec3.example,cold,731900,3,True,1788804302.2009792,
unbound,nsec3,nonexistent.test-nsec3.example,cold,836768,3,True,1788804302.2018723,
unbound,nsec3,nonexistent.test-nsec3.example,cold,646371,3,True,1788804302.202565,
unbound,nsec3,nonexistent.test-nsec3.example,cold,593119,3,True,1788804302.2032168,
unbound,nsec3,nonexistent.test-nsec3.example,cold,829931,3,True,1788804302.2041507,
unbound,nsec3,nonexistent.test-nsec3.example,cold,595747,3,True,1788804302.204813,
unbound,nsec3,nonexistent.test-nsec3.example,cold,694520,3,True,1788804302.2055683,
unbound,nsec3,nonexistent.test-nsec3.example,cold,777425,3,True,1788804302.206407,
unbound,nsec3,nonexistent.test-nsec3.example,cold,963890,3,True,1788804302.2074323,
unbound,nsec3,nonexistent.test-nsec3.example,cold,790832,3,True,1788804302.2082887,
unbound,nsec3,nonexistent.test-nsec3.example,cold,873909,3,True,1788804302.2092087,
unbound,nsec3,nonexistent.test-nsec3.example,cold,829233,3,True,1788804302.2100883,
unbound,nsec3,nonexistent.test-nsec3.example,cold,846893,3,True,1788804302.2109845,
unbound,nsec3,nonexistent.test-nsec3.example,cold,714052,3,True,1788804302.211754,
unbound,nsec3,nonexistent.test-nsec3.example,cold,589053,3,True,1788804302.2123864,
unbound,nsec3,nonexistent.test-nsec3.example,cold,792263,3,True,1788804302.213225,
unbound,nsec3,nonexistent.test-nsec3.example,cold,659334,3,True,1788804302.213929,
unbound,nsec3,nonexistent.test-nsec3.example,cold,959322,3,True,1788804302.2149367,
unbound,nsec3,nonexistent.test-nsec3.example,cold,1060259,3,True,1788804302.2160625,
unbound,nsec3,nonexistent.test-nsec3.example,cold,1245312,3,True,1788804302.2173817,
unbound,nsec3,nonexistent.test-nsec3.example,cold,772008,3,True,1788804302.2182415,
unbound,nsec3,nonexistent.test-nsec3.example,cold,900797,3,True,1788804302.2192354,
unbound,nsec3,nonexistent.test-nsec3.example,cold,804997,3,True,1788804302.220108,
unbound,nsec3,nonexistent.test-nsec3.example,cold,742694,3,True,1788804302.220914,
unbound,nsec3,nonexistent.test-nsec3.example,cold,794352,3,True,1788804302.2217536,
unbound,nsec3,nonexistent.test-nsec3.example,cold,669508,3,True,1788804302.2224693,
unbound,nsec3,nonexistent.test-nsec3.example,cold,846719,3,True,1788804302.2233648,
unbound,nsec3,nonexistent.test-nsec3.example,cold,811071,3,True,1788804302.2242465,
unbound,nsec3,nonexistent.test-nsec3.example,cold,723529,3,True,1788804302.225033,
unbound,nsec3,nonexistent.test-nsec3.example,cold,776395,3,True,1788804302.2258563,
unbound,nsec3,nonexistent.test-nsec3.example,cold,783649,3,True,1788804302.2266963,
unbound,nsec3,nonexistent.test-nsec3.example,cold,1007587,3,True,1788804302.2277615,
unbound,nsec3,nonexistent.test-nsec3.example,cold,859497,3,True,1788804302.2286875,
unbound,nsec3,nonexistent.test-nsec3.example,cold,820576,3,True,1788804302.2295806,
unbound,nsec3,nonexistent.test-nsec3.example,cold,954397,3,True,1788804302.2305899,
unbound,nsec3,nonexistent.test-nsec3.example,cold,1092359,3,True,1788804302.2317548,
unbound,nsec3,nonexistent.test-nsec3.example,cold,921491,3,True,1788804302.2327425,
unbound,nsec3,nonexistent.test-nsec3.example,cold,786701,3,True,1788804302.2335868,
unbound,nsec3,nonexistent.test-nsec3.example,cold,882255,3,True,1788804302.2345736,
unbound,nsec3,nonexistent.test-nsec3.example,cold,826328,3,True,1788804302.235459,
unbound,nsec3,nonexistent.test-nsec3.example,cold,863698,3,True,1788804302.2363734,
unbound,nsec3,nonexistent.test-nsec3.example,cold,819694,3,True,1788804302.2372532,
unbound,nsec3,nonexistent.test-nsec3.example,cold,2788406,3,True,1788804302.240111,
unbound,nsec3,nonexistent.test-nsec3.example,cold,1126409,3,True,1788804302.2413416,
unbound,nsec3,nonexistent.test-nsec3.example,cold,957781,3,True,1788804302.2423816,
unbound,nsec3,nonexistent.test-nsec3.example,cold,1065533,3,True,1788804302.2435207,
unbound,nsec3,nonexistent.test-nsec3.example,cold,779153,3,True,1788804302.244371,
unbound,nsec3,nonexistent.test-nsec3.example,cold,885911,3,True,1788804302.2453253,
unbound,nsec3,nonexistent.test-nsec3.example,cold,1186149,3,True,1788804302.2465801,
unbound,nsec3,nonexistent.test-nsec3.example,cold,1956338,3,True,1788804302.2486105,
unbound,nsec3,nonexistent.test-nsec3.example,cold,1519077,3,True,1788804302.25023,
unbound,nsec3,nonexistent.test-nsec3.example,cold,2377295,3,True,1788804302.2527108,
unbound,nsec3,nonexistent.test-nsec3.example,cold,1390643,3,True,1788804302.2544096,
unbound,nsec3,nonexistent.test-nsec3.example,cold,1148143,3,True,1788804302.255628,
unbound,nsec3,nonexistent.test-nsec3.example,cold,745565,3,True,1788804302.2564385,
unbound,nsec3,nonexistent.test-nsec3.example,cold,1073495,3,True,1788804302.257577,
unbound,nsec3,nonexistent.test-nsec3.example,cold,1011871,3,True,1788804302.2586703,
unbound,nsec3,nonexistent.test-nsec3.example,cold,1309585,3,True,1788804302.260066,
unbound,nsec3,nonexistent.test-nsec3.example,cold,1036112,3,True,1788804302.261183,
unbound,nsec3,nonexistent.test-nsec3.example,cold,1027862,3,True,1788804302.2622848,
unbound,nsec3,nonexistent.test-nsec3.example,cold,883673,3,True,1788804302.2632225,
unbound,nsec3,nonexistent.test-nsec3.example,cold,761611,3,True,1788804302.2641006,
unbound,nsec3,nonexistent.test-nsec3.example,cold,792867,3,True,1788804302.264987,
unbound,nsec3,nonexistent.test-nsec3.example,cold,858285,3,True,1788804302.265912,
unbound,nsec3,nonexistent.test-nsec3.example,cold,956005,3,True,1788804302.267014,
unbound,nsec3,nonexistent.test-nsec3.example,cold,848333,3,True,1788804302.2679338,
unbound,nsec3,nonexistent.test-nsec3.example,cold,764806,3,True,1788804302.268759,
unbound,nsec3,nonexistent.test-nsec3.example,cold,1149622,3,True,1788804302.2699618,
unbound,nsec3,nonexistent.test-nsec3.example,cold,888538,3,True,1788804302.270923,
unbound,nsec3,nonexistent.test-nsec3.example,cold,717320,3,True,1788804302.271705,
unbound,nsec3,nonexistent.test-nsec3.example,cold,838030,3,True,1788804302.272592,
unbound,nsec3,nonexistent.test-nsec3.example,cold,2977704,3,True,1788804302.275632,
unbound,nsec3,nonexistent.test-nsec3.example,cold,766087,3,True,1788804302.2764754,
unbound,nsec3,nonexistent.test-nsec3.example,cold,885324,3,True,1788804302.277419,
unbound,nsec3,nonexistent.test-nsec3.example,cold,841786,3,True,1788804302.27831,
unbound,nsec3,nonexistent.test-nsec3.example,cold,635775,3,True,1788804302.2789927,
unbound,nsec3,nonexistent.test-nsec3.example,cold,817271,3,True,1788804302.279853,
unbound,nsec3,nonexistent.test-nsec3.example,cold,793470,3,True,1788804302.2806976,
unbound,nsec3,nonexistent.test-nsec3.example,cold,827250,3,True,1788804302.2815893,
unbound,nsec3,nonexistent.test-nsec3.example,cold,891587,3,True,1788804302.2825482,
unbound,nsec3,nonexistent.test-nsec3.example,cold,875607,3,True,1788804302.2834923,
unbound,nsec3,nonexistent.test-nsec3.example,cold,1519652,3,True,1788804302.2852597,
unbound,nsec3,nonexistent.test-nsec3.example,cold,1046529,3,True,1788804302.2863967,
unbound,nsec3,nonexistent.test-nsec3.example,cold,772856,3,True,1788804302.287303,
unbound,nsec3,nonexistent.test-nsec3.example,cold,659143,3,True,1788804302.288021,
unbound,nsec3,nonexistent.test-nsec3.example,cold,847735,3,True,1788804302.2889311,
unbound,nsec3,nonexistent.test-nsec3.example,cold,827014,3,True,1788804302.2898333,
unbound,nsec3,nonexistent.test-nsec3.example,cold,732615,3,True,1788804302.2906291,
unbound,nsec3,nonexistent.test-nsec3.example,cold,867280,3,True,1788804302.2915654,
unbound,nsec3,nonexistent.test-nsec3.example,cold,1068512,3,True,1788804302.2926867,
unbound,nsec3,nonexistent.test-nsec3.example,cold,928422,3,True,1788804302.2937374,
unbound,nsec3,nonexistent.test-nsec3.example,cold,1013167,3,True,1788804302.294803,
unbound,nsec3,nonexistent.test-nsec3.example,cold,792846,3,True,1788804302.2956455,
unbound,nsec3,nonexistent.test-nsec3.example,cold,589906,3,True,1788804302.296285,
unbound,nsec3,nonexistent.test-nsec3.example,cold,602497,3,True,1788804302.296943,
unbound,nsec3,nonexistent.test-nsec3.example,cold,603440,3,True,1788804302.2976017,
unbound,nsec3,nonexistent.test-nsec3.example,cold,652751,3,True,1788804302.2983105,
unbound,nsec3,nonexistent.test-nsec3.example,cold,659126,3,True,1788804302.2990274,
unbound,nsec3,nonexistent.test-nsec3.example,cold,1045308,3,True,1788804302.300134,
unbound,nsec3,nonexistent.test-nsec3.example,cold,800958,3,True,1788804302.301119,
unbound,nsec3,nonexistent.test-nsec3.example,cold,719976,3,True,1788804302.3019178,
unbound,nsec3,nonexistent.test-nsec3.example,cold,802533,3,True,1788804302.3027844,
unbound,nsec3,nonexistent.test-nsec3.example,cold,755073,3,True,1788804302.30359,
unbound,nsec3,nonexistent.test-nsec3.example,cold,730163,3,True,1788804302.304418,
unbound,nsec3,nonexistent.test-nsec3.example,cold,710868,3,True,1788804302.3051803,
unbound,nsec3,nonexistent.test-nsec3.example,cold,745174,3,True,1788804302.3059745,
unbound,nsec3,nonexistent.test-nsec3.example,cold,947897,3,True,1788804302.3069816,
unbound,nsec3,nonexistent.test-nsec3.example,cold,1017816,3,True,1788804302.3084326,
unbound,nsec3,nonexistent.test-nsec3.example,cold,917109,3,True,1788804302.3094106,
unbound,nsec3,nonexistent.test-nsec3.example,cold,616835,3,True,1788804302.3100927,
unbound,nsec3,nonexistent.test-nsec3.example,cold,1215381,3,True,1788804302.3113694,
unbound,nsec3,nonexistent.test-nsec3.example,cold,823149,3,True,1788804302.3122709,
unbound,nsec3,nonexistent.test-nsec3.example,cold,689028,3,True,1788804302.313027,
unbound,nsec3,nonexistent.test-nsec3.example,cold,872162,3,True,1788804302.3139503,
unbound,nsec3,nonexistent.test-nsec3.example,cold,766758,3,True,1788804302.3147764,
unbound,nsec3,nonexistent.test-nsec3.example,cold,688097,3,True,1788804302.3155115,
unbound,nsec3,nonexistent.test-nsec3.example,cold,782386,3,True,1788804302.3163507,
unbound,nsec3,nonexistent.test-nsec3.example,cold,757714,3,True,1788804302.3171668,
unbound,nsec3,nonexistent.test-nsec3.example,cold,827064,3,True,1788804302.318046,
unbound,nsec3,nonexistent.test-nsec3.example,cold,1476836,3,True,1788804302.3195815,
unbound,nsec3,nonexistent.test-nsec3.example,cold,745122,3,True,1788804302.3203847,
unbound,nsec3,nonexistent.test-nsec3.example,cold,3957182,3,True,1788804302.32441,
unbound,nsec3,nonexistent.test-nsec3.example,cold,923108,3,True,1788804302.3255098,
unbound,nsec3,nonexistent.test-nsec3.example,cold,1499290,3,True,1788804302.3270874,
unbound,nsec3,nonexistent.test-nsec3.example,cold,1503724,3,True,1788804302.3287508,
unbound,nsec3,nonexistent.test-nsec3.example,cold,845410,3,True,1788804302.329715,
unbound,nsec3,nonexistent.test-nsec3.example,cold,804607,3,True,1788804302.3306491,
unbound,nsec3,nonexistent.test-nsec3.example,cold,801121,3,True,1788804302.3315082,
unbound,nsec3,nonexistent.test-nsec3.example,cold,962741,3,True,1788804302.332538,
unbound,nsec3,nonexistent.test-nsec3.example,cold,886844,3,True,1788804302.3334992,
unbound,nsec3,nonexistent.test-nsec3.example,cold,808075,3,True,1788804302.3343604,
unbound,nsec3,nonexistent.test-nsec3.example,cold,824399,3,True,1788804302.335262,
unbound,nsec3,nonexistent.test-nsec3.example,cold,765968,3,True,1788804302.3360918,
unbound,nsec3,nonexistent.test-nsec3.example,cold,711509,3,True,1788804302.336861,
unbound,nsec3,nonexistent.test-nsec3.example,cold,717143,3,True,1788804302.3376331,
unbound,nsec3,nonexistent.test-nsec3.example,cold,671581,3,True,1788804302.338351,
unbound,nsec3,nonexistent.test-nsec3.example,cold,777215,3,True,1788804302.33919,
unbound,nsec3,nonexistent.test-nsec3.example,cold,718801,3,True,1788804302.3399718,
unbound,nsec3,nonexistent.test-nsec3.example,cold,808101,3,True,1788804302.3408287,
unbound,nsec3,nonexistent.test-nsec3.example,cold,797860,3,True,1788804302.341683,
unbound,nsec3,nonexistent.test-nsec3.example,cold,738738,3,True,1788804302.3424873,
unbound,nsec3,nonexistent.test-nsec3.example,cold,784345,3,True,1788804302.3433268,
unbound,nsec3,nonexistent.test-nsec3.example,cold,806860,3,True,1788804302.3442817,
unbound,nsec3,nonexistent.test-nsec3.example,cold,756552,3,True,1788804302.3450818,
unbound,nsec3,nonexistent.test-nsec3.example,cold,834454,3,True,1788804302.345965,
unbound,nsec3,nonexistent.test-nsec3.example,cold,797074,3,True,1788804302.3468227,
unbound,nsec3,nonexistent.test-nsec3.example,cold,910604,3,True,1788804302.3477824,
unbound,nsec3,nonexistent.test-nsec3.example,cold,801034,3,True,1788804302.3486466,
unbound,nsec3,nonexistent.test-nsec3.example,cold,790596,3,True,1788804302.349494,
unbound,nsec3,nonexistent.test-nsec3.example,cold,887715,3,True,1788804302.3504431,
unbound,nsec3,nonexistent.test-nsec3.example,cold,870686,3,True,1788804302.3513744,
unbound,nsec3,nonexistent.test-nsec3.example,cold,687524,3,True,1788804302.3522034,
unbound,nsec3,nonexistent.test-nsec3.example,cold,672763,3,True,1788804302.352973,
unbound,nsec3,nonexistent.test-nsec3.example,cold,650239,3,True,1788804302.3537035,
unbound,nsec3,nonexistent.test-nsec3.example,cold,819299,3,True,1788804302.354567,
unbound,nsec3,nonexistent.test-nsec3.example,cold,961578,3,True,1788804302.3555868,
unbound,nsec3,nonexistent.test-nsec3.example,cold,796074,3,True,1788804302.3564365,
unbound,nsec3,nonexistent.test-nsec3.example,cold,751025,3,True,1788804302.3572495,
unbound,nsec3,nonexistent.test-nsec3.example,cold,767941,3,True,1788804302.3580618,
unbound,nsec3,nonexistent.test-nsec3.example,cold,663116,3,True,1788804302.3587737,
unbound,nsec3,nonexistent.test-nsec3.example,cold,748582,3,True,1788804302.359583,
unbound,nsec3,nonexistent.test-nsec3.example,cold,792212,3,True,1788804302.3604212,
unbound,nsec3,nonexistent.test-nsec3.example,cold,732133,3,True,1788804302.3612134,
unbound,nsec3,nonexistent.test-nsec3.example,cold,659571,3,True,1788804302.3619332,
unbound,nsec3,nonexistent.test-nsec3.example,cold,1602303,3,True,1788804302.3635983,
unbound,nsec3,nonexistent.test-nsec3.example,cold,741392,3,True,1788804302.3644183,
unbound,nsec3,nonexistent.test-nsec3.example,cold,811217,3,True,1788804302.3652997,
unbound,nsec3,nonexistent.test-nsec3.example,cold,826158,3,True,1788804302.366192,
unbound,nsec3,nonexistent.test-nsec3.example,cold,1271710,3,True,1788804302.3675303,
unbound,nsec3,nonexistent.test-nsec3.example,cold,832343,3,True,1788804302.3684375,
unbound,nsec3,nonexistent.test-nsec3.example,cold,702412,3,True,1788804302.3692064,
unbound,nsec3,nonexistent.test-nsec3.example,cold,1034310,3,True,1788804302.3702912,
unbound,nsec3,nonexistent.test-nsec3.example,cold,1037149,3,True,1788804302.3713932,
unbound,nsec3,nonexistent.test-nsec3.example,cold,924968,3,True,1788804302.3723848,
unbound,nsec3,nonexistent.test-nsec3.example,cold,696421,3,True,1788804302.373146,
unbound,nsec3,nonexistent.test-nsec3.example,cold,1130625,3,True,1788804302.374337,
unbound,nsec3,nonexistent.test-nsec3.example,cold,755235,3,True,1788804302.3751545,
unbound,nsec3,nonexistent.test-nsec3.example,cold,819691,3,True,1788804302.376031,
unbound,nsec3,nonexistent.test-nsec3.example,cold,771122,3,True,1788804302.3768644,
unbound,nsec3,nonexistent.test-nsec3.example,cold,872344,3,True,1788804302.3778014,
unbound,nsec3,nonexistent.test-nsec3.example,cold,895355,3,True,1788804302.378769,
unbound,nsec3,nonexistent.test-nsec3.example,cold,814509,3,True,1788804302.37966,
unbound,nsec3,nonexistent.test-nsec3.example,cold,977007,3,True,1788804302.3807065,
unbound,nsec3,nonexistent.test-nsec3.example,cold,978845,3,True,1788804302.3817542,
unbound,nsec3,nonexistent.test-nsec3.example,cold,741334,3,True,1788804302.3825703,
unbound,nsec3,nonexistent.test-nsec3.example,cold,909475,3,True,1788804302.3835647,
unbound,nsec3,nonexistent.test-nsec3.example,cold,755046,3,True,1788804302.3843918,
unbound,nsec3,nonexistent.test-nsec3.example,cold,801280,3,True,1788804302.3852491,
unbound,nsec3,nonexistent.test-nsec3.example,cold,703969,3,True,1788804302.386014,
unbound,nsec3,nonexistent.test-nsec3.example,cold,964356,3,True,1788804302.3874342,
unbound,nsec3,nonexistent.test-nsec3.example,cold,693959,3,True,1788804302.3881907,
unbound,nsec3,nonexistent.test-nsec3.example,cold,637906,3,True,1788804302.3888862,
unbound,nsec3,nonexistent.test-nsec3.example,cold,689373,3,True,1788804302.3896291,
unbound,nsec3,nonexistent.test-nsec3.example,cold,904069,3,True,1788804302.3905928,
unbound,nsec3,nonexistent.test-nsec3.example,cold,792971,3,True,1788804302.3914413,
unbound,nsec3,nonexistent.test-nsec3.example,cold,1167076,3,True,1788804302.3927224,
unbound,nsec3,nonexistent.test-nsec3.example,cold,1916724,3,True,1788804302.3947353,
unbound,nsec3,nonexistent.test-nsec3.example,cold,885684,3,True,1788804302.3957047,
unbound,nsec3,nonexistent.test-nsec3.example,cold,784185,3,True,1788804302.396701,
unbound,nsec3,nonexistent.test-nsec3.example,cold,837370,3,True,1788804302.3976073,
unbound,nsec3,nonexistent.test-nsec3.example,cold,898411,3,True,1788804302.3985677,
unbound,nsec3,nonexistent.test-nsec3.example,cold,721696,3,True,1788804302.3993576,
unbound,nsec3,nonexistent.test-nsec3.example,cold,721737,3,True,1788804302.4001348,
unbound,nsec3,nonexistent.test-nsec3.example,cold,3784449,3,True,1788804302.4039817,
unbound,nsec3,nonexistent.test-nsec3.example,cold,1022534,3,True,1788804302.4050984,
unbound,nsec3,nonexistent.test-nsec3.example,cold,896869,3,True,1788804302.406072,
unbound,nsec3,nonexistent.test-nsec3.example,cold,900443,3,True,1788804302.407048,
unbound,nsec3,nonexistent.test-nsec3.example,cold,877723,3,True,1788804302.4080381,
unbound,nsec3,nonexistent.test-nsec3.example,cold,1233883,3,True,1788804302.409457,
unbound,nsec3,nonexistent.test-nsec3.example,cold,931297,3,True,1788804302.4105606,
unbound,nsec3,nonexistent.test-nsec3.example,cold,1064806,3,True,1788804302.4116907,
unbound,nsec3,nonexistent.test-nsec3.example,cold,842593,3,True,1788804302.4126158,
unbound,nsec3,nonexistent.test-nsec3.example,cold,1633527,3,True,1788804302.4143043,
unbound,nsec3,nonexistent.test-nsec3.example,cold,1495248,3,True,1788804302.4158704,
unbound,nsec3,nonexistent.test-nsec3.example,cold,964696,3,True,1788804302.4168994,
unbound,nsec3,nonexistent.test-nsec3.example,cold,1039820,3,True,1788804302.4180145,
unbound,nsec3,nonexistent.test-nsec3.example,cold,868492,3,True,1788804302.418943,
unbound,nsec3,nonexistent.test-nsec3.example,cold,1065366,3,True,1788804302.4202375,
unbound,nsec3,nonexistent.test-nsec3.example,cold,1070231,3,True,1788804302.4214182,
unbound,nsec3,nonexistent.test-nsec3.example,cold,862814,3,True,1788804302.422342,
unbound,nsec3,nonexistent.test-nsec3.example,cold,859559,3,True,1788804302.4232597,
unbound,nsec3,nonexistent.test-nsec3.example,cold,750120,3,True,1788804302.4240599,
unbound,nsec3,nonexistent.test-nsec3.example,cold,675678,3,True,1788804302.424783,
unbound,nsec3,nonexistent.test-nsec3.example,cold,1283439,3,True,1788804302.4262352,
unbound,nsec3,nonexistent.test-nsec3.example,cold,853265,3,True,1788804302.427162,
unbound,nsec3,nonexistent.test-nsec3.example,cold,958383,3,True,1788804302.4281952,
unbound,nsec3,nonexistent.test-nsec3.example,cold,1009862,3,True,1788804302.4292762,
unbound,nsec3,nonexistent.test-nsec3.example,cold,868578,3,True,1788804302.4302554,
unbound,nsec3,nonexistent.test-nsec3.example,cold,1514133,3,True,1788804302.4318352,
unbound,nsec3,nonexistent.test-nsec3.example,cold,815307,3,True,1788804302.4327562,
unbound,nsec3,nonexistent.test-nsec3.example,cold,2565307,3,True,1788804302.4354377,
unbound,nsec3,nonexistent.test-nsec3.example,cold,1814483,3,True,1788804302.437658,
unbound,nsec3,nonexistent.test-nsec3.example,cold,783094,3,True,1788804302.4385195,
unbound,nsec3,nonexistent.test-nsec3.example,cold,839655,3,True,1788804302.4394457,
unbound,nsec3,nonexistent.test-nsec3.example,cold,610727,3,True,1788804302.4401288,
unbound,nsec3,nonexistent.test-nsec3.example,cold,653420,3,True,1788804302.4408412,
unbound,nsec3,nonexistent.test-nsec3.example,cold,923461,3,True,1788804302.441823,
unbound,nsec3,nonexistent.test-nsec3.example,cold,817855,3,True,1788804302.4426956,
unbound,nsec3,nonexistent.test-nsec3.example,cold,4992991,3,True,1788804302.447746,
unbound,nsec3,nonexistent.test-nsec3.example,cold,902421,3,True,1788804302.4487457,
unbound,nsec3,nonexistent.test-nsec3.example,cold,910840,3,True,1788804302.449725,
unbound,nsec3,nonexistent.test-nsec3.example,cold,934542,3,True,1788804302.4507384,
unbound,nsec3,nonexistent.test-nsec3.example,cold,879636,3,True,1788804302.4516973,
unbound,nsec3,nonexistent.test-nsec3.example,cold,830290,3,True,1788804302.4525886,
unbound,nsec3,nonexistent.test-nsec3.example,cold,767565,3,True,1788804302.4534204,
unbound,nsec3,nonexistent.test-nsec3.example,cold,751779,3,True,1788804302.4542294,
unbound,nsec3,nonexistent.test-nsec3.example,cold,1048742,3,True,1788804302.4553401,
unbound,nsec3,nonexistent.test-nsec3.example,cold,847343,3,True,1788804302.4562445,
unbound,nsec3,nonexistent.test-nsec3.example,cold,842539,3,True,1788804302.4571388,
unbound,nsec3,nonexistent.test-nsec3.example,cold,793820,3,True,1788804302.457999,
unbound,nsec3,nonexistent.test-nsec3.example,cold,885550,3,True,1788804302.4589517,
unbound,nsec3,nonexistent.test-nsec3.example,cold,821838,3,True,1788804302.459914,
unbound,nsec3,nonexistent.test-nsec3.example,cold,719129,3,True,1788804302.4606988,
unbound,nsec3,nonexistent.test-nsec3.example,cold,852347,3,True,1788804302.4616168,
unbound,nsec3,nonexistent.test-nsec3.example,cold,854083,3,True,1788804302.4625325,
unbound,nsec3,nonexistent.test-nsec3.example,cold,788199,3,True,1788804302.4633822,
unbound,nsec3,nonexistent.test-nsec3.example,cold,760477,3,True,1788804302.464195,
unbound,nsec3,nonexistent.test-nsec3.example,cold,752158,3,True,1788804302.465006,
unbound,nsec3,nonexistent.test-nsec3.example,cold,864364,3,True,1788804302.4659328,
unbound,nsec3,nonexistent.test-nsec3.example,cold,774269,3,True,1788804302.4667673,
unbound,nsec3,nonexistent.test-nsec3.example,cold,667814,3,True,1788804302.4674833,
unbound,nsec3,nonexistent.test-nsec3.example,cold,643827,3,True,1788804302.4681726,
unbound,nsec3,nonexistent.test-nsec3.example,cold,869579,3,True,1788804302.469101,
unbound,nsec3,nonexistent.test-nsec3.example,cold,913675,3,True,1788804302.4700875,
unbound,nsec3,nonexistent.test-nsec3.example,cold,886761,3,True,1788804302.4710438,
unbound,nsec3,nonexistent.test-nsec3.example,cold,971841,3,True,1788804302.4721313,
unbound,nsec3,nonexistent.test-nsec3.example,cold,956556,3,True,1788804302.4731674,
unbound,nsec3,nonexistent.test-nsec3.example,cold,861413,3,True,1788804302.4740868,
unbound,nsec3,nonexistent.test-nsec3.example,cold,676554,3,True,1788804302.474834,
unbound,nsec3,nonexistent.test-nsec3.example,cold,667133,3,True,1788804302.4755604,
unbound,nsec3,nonexistent.test-nsec3.example,cold,621140,3,True,1788804302.476235,
unbound,nsec3,nonexistent.test-nsec3.example,cold,603415,3,True,1788804302.4768894,
unbound,nsec3,nonexistent.test-nsec3.example,cold,590534,3,True,1788804302.4775205,
unbound,nsec3,nonexistent.test-nsec3.example,cold,696416,3,True,1788804302.4782689,
unbound,nsec3,nonexistent.test-nsec3.example,cold,706092,3,True,1788804302.4790354,
unbound,nsec3,nonexistent.test-nsec3.example,cold,704199,3,True,1788804302.4798143,
unbound,nsec3,nonexistent.test-nsec3.example,cold,739310,3,True,1788804302.480608,
unbound,nsec3,nonexistent.test-nsec3.example,cold,963251,3,True,1788804302.4816275,
unbound,nsec3,nonexistent.test-nsec3.example,cold,2625249,3,True,1788804302.4843335,
unbound,nsec3,nonexistent.test-nsec3.example,cold,1666565,3,True,1788804302.4862483,
unbound,nsec3,nonexistent.test-nsec3.example,cold,2038231,3,True,1788804302.48845,
unbound,nsec3,nonexistent.test-nsec3.example,cold,1342213,3,True,1788804302.4900637,
unbound,nsec3,nonexistent.test-nsec3.example,cold,1429107,3,True,1788804302.4915783,
unbound,nsec3,nonexistent.test-nsec3.example,cold,1301855,3,True,1788804302.4929678,
unbound,nsec3,nonexistent.test-nsec3.example,cold,904125,3,True,1788804302.4939592,
unbound,nsec3,nonexistent.test-nsec3.example,cold,805994,3,True,1788804302.4948366,
unbound,nsec3,nonexistent.test-nsec3.example,cold,858112,3,True,1788804302.4958222,
unbound,nsec3,nonexistent.test-nsec3.example,cold,996345,3,True,1788804302.4969704,
unbound,nsec3,nonexistent.test-nsec3.example,cold,926535,3,True,1788804302.4979584,
unbound,nsec3,nonexistent.test-nsec3.example,cold,792964,3,True,1788804302.4989002,
unbound,nsec3,nonexistent.test-nsec3.example,cold,1112320,3,True,1788804302.5000603,
unbound,nsec3,nonexistent.test-nsec3.example,cold,835064,3,True,1788804302.5009604,
unbound,nsec3,nonexistent.test-nsec3.example,cold,784894,3,True,1788804302.5018117,
unbound,nsec3,nonexistent.test-nsec3.example,cold,832795,3,True,1788804302.5027099,
unbound,nsec3,nonexistent.test-nsec3.example,cold,3613264,3,True,1788804302.5063994,
unbound,nsec3,nonexistent.test-nsec3.example,cold,890964,3,True,1788804302.5073853,
unbound,nsec3,nonexistent.test-nsec3.example,cold,766296,3,True,1788804302.5082192,
unbound,nsec3,nonexistent.test-nsec3.example,cold,1020071,3,True,1788804302.509297,
unbound,nsec3,nonexistent.test-nsec3.example,cold,1592969,3,True,1788804302.5109482,
unbound,nsec3,nonexistent.test-nsec3.example,cold,1694583,3,True,1788804302.512699,
unbound,nsec3,nonexistent.test-nsec3.example,cold,4429119,3,True,1788804302.5171876,
unbound,nsec3,nonexistent.test-nsec3.example,cold,4566248,3,True,1788804302.5218298,
unbound,nsec3,nonexistent.test-nsec3.example,cold,5557339,3,True,1788804302.5274658,
unbound,nsec3,nonexistent.test-nsec3.example,cold,4577939,3,True,1788804302.5323236,
unbound,nsec3,nonexistent.test-nsec3.example,cold,3933444,3,True,1788804302.5363863,
unbound,nsec3,nonexistent.test-nsec3.example,cold,4601577,3,True,1788804302.5410676,
unbound,nsec3,nonexistent.test-nsec3.example,cold,4383194,3,True,1788804302.545539,
unbound,nsec3,nonexistent.test-nsec3.example,cold,5582348,3,True,1788804302.5512085,
unbound,nsec3,nonexistent.test-nsec3.example,cold,5021461,3,True,1788804302.5564547,
unbound,nsec3,nonexistent.test-nsec3.example,cold,5038385,3,True,1788804302.5615954,
unbound,nsec3,nonexistent.test-nsec3.example,cold,6375585,3,True,1788804302.5680556,
unbound,nsec3,nonexistent.test-nsec3.example,cold,5396081,3,True,1788804302.5735521,
unbound,nsec3,nonexistent.test-nsec3.example,cold,3974340,3,True,1788804302.5776186,
unbound,nsec3,nonexistent.test-nsec3.example,cold,4218103,3,True,1788804302.581925,
unbound,nsec3,nonexistent.test-nsec3.example,cold,4774836,3,True,1788804302.586774,
unbound,nsec3,nonexistent.test-nsec3.example,cold,4072648,3,True,1788804302.590938,
unbound,nsec3,nonexistent.test-nsec3.example,cold,4153308,3,True,1788804302.5951788,
unbound,nsec3,nonexistent.test-nsec3.example,cold,7563787,3,True,1788804302.6028295,
unbound,nsec3,nonexistent.test-nsec3.example,cold,4571793,3,True,1788804302.6074913,
unbound,nsec3,nonexistent.test-nsec3.example,cold,4053706,3,True,1788804302.6116955,
unbound,nsec3,nonexistent.test-nsec3.example,cold,4869167,3,True,1788804302.6166632,
unbound,nsec3,nonexistent.test-nsec3.example,cold,5940427,3,True,1788804302.6226845,
unbound,nsec3,nonexistent.test-nsec3.example,cold,4277756,3,True,1788804302.6270447,
unbound,nsec3,nonexistent.test-nsec3.example,cold,4642437,3,True,1788804302.6319766,
unbound,nsec3,nonexistent.test-nsec3.example,cold,4770198,3,True,1788804302.636826,
unbound,nsec3,nonexistent.test-nsec3.example,cold,5442535,3,True,1788804302.6423526,
unbound,nsec3,nonexistent.test-nsec3.example,cold,6327839,3,True,1788804302.648776,
unbound,nsec3,nonexistent.test-nsec3.example,cold,18134673,3,True,1788804302.6669965,
unbound,nsec3,nonexistent.test-nsec3.example,cold,19726229,3,True,1788804302.6868117,
unbound,nsec3,nonexistent.test-nsec3.example,cold,15676858,3,True,1788804302.7025747,
unbound,nsec3,nonexistent.test-nsec3.example,cold,5596838,3,True,1788804302.708286,
unbound,nsec3,nonexistent.test-nsec3.example,cold,4099931,3,True,1788804302.7124717,
unbound,nsec3,nonexistent.test-nsec3.example,cold,5669583,3,True,1788804302.7182245,
unbound,nsec3,nonexistent.test-nsec3.example,cold,7650363,3,True,1788804302.7259626,
unbound,nsec3,nonexistent.test-nsec3.example,cold,5974664,3,True,1788804302.73205,
unbound,nsec3,nonexistent.test-nsec3.example,cold,4349324,3,True,1788804302.736491,
unbound,nsec3,nonexistent.test-nsec3.example,cold,5681700,3,True,1788804302.742235,
unbound,nsec3,nonexistent.test-nsec3.example,cold,4231946,3,True,1788804302.746544,
unbound,nsec3,nonexistent.test-nsec3.example,cold,4469185,3,True,1788804302.7511003,
unbound,nsec3,nonexistent.test-nsec3.example,cold,3622299,3,True,1788804302.7548788,
unbound,nsec3,nonexistent.test-nsec3.example,cold,5906593,3,True,1788804302.7608724,
unbound,nsec3,nonexistent.test-nsec3.example,cold,5669483,3,True,1788804302.7666407,
unbound,nsec3,nonexistent.test-nsec3.example,cold,5919847,3,True,1788804302.7726526,
unbound,nsec3,nonexistent.test-nsec3.example,cold,5319328,3,True,1788804302.7780645,
unbound,nsec3,nonexistent.test-nsec3.example,cold,7703091,3,True,1788804302.7858639,
unbound,nsec3,nonexistent.test-nsec3.example,cold,3830102,3,True,1788804302.7897692,
unbound,nsec3,nonexistent.test-nsec3.example,cold,4702246,3,True,1788804302.7945495,
unbound,nsec3,nonexistent.test-nsec3.example,cold,4310219,3,True,1788804302.7989533,
unbound,nsec3,nonexistent.test-nsec3.example,cold,4197834,3,True,1788804302.8032286,
unbound,nsec3,nonexistent.test-nsec3.example,cold,5659205,3,True,1788804302.8089836,
unbound,nsec3,nonexistent.test-nsec3.example,cold,6324901,3,True,1788804302.8154213,
unbound,nsec3,nonexistent.test-nsec3.example,cold,4966670,3,True,1788804302.820488,
unbound,nsec3,nonexistent.test-nsec3.example,cold,3680829,3,True,1788804302.8242383,
unbound,nsec3,nonexistent.test-nsec3.example,cold,4280633,3,True,1788804302.8286126,
unbound,nsec3,nonexistent.test-nsec3.example,cold,5295779,3,True,1788804302.8339806,
unbound,nsec3,nonexistent.test-nsec3.example,cold,4320461,3,True,1788804302.838411,
unbound,nsec3,nonexistent.test-nsec3.example,cold,4797100,3,True,1788804302.8432727,
unbound,nsec3,nonexistent.test-nsec3.example,cold,4245788,3,True,1788804302.847623,
unbound,nsec3,nonexistent.test-nsec3.example,cold,4241278,3,True,1788804302.8519545,
unbound,nsec3,nonexistent.test-nsec3.example,cold,4323910,3,True,1788804302.8563502,
unbound,nsec3,nonexistent.test-nsec3.example,cold,5857218,3,True,1788804302.8622723,
unbound,nsec3,nonexistent.test-nsec3.example,cold,3987515,3,True,1788804302.8663433,
unbound,nsec3,nonexistent.test-nsec3.example,cold,4146363,3,True,1788804302.870591,
unbound,nsec3,nonexistent.test-nsec3.example,cold,4053088,3,True,1788804302.8747437,
unbound,nsec3,nonexistent.test-nsec3.example,cold,5179993,3,True,1788804302.8800116,
unbound,nsec3,nonexistent.test-nsec3.example,cold,3767054,3,True,1788804302.8838713,
unbound,nsec3,nonexistent.test-nsec3.example,cold,6139799,3,True,1788804302.8901896,
unbound,nsec3,nonexistent.test-nsec3.example,cold,4801093,3,True,1788804302.8950937,
unbound,nsec3,nonexistent.test-nsec3.example,cold,3909906,3,True,1788804302.8992083,
unbound,nsec3,nonexistent.test-nsec3.example,cold,4426866,3,True,1788804302.9037383,
unbound,nsec3,nonexistent.test-nsec3.example,cold,4442611,3,True,1788804302.9082494,
unbound,nsec3,nonexistent.test-nsec3.example,cold,5169953,3,True,1788804302.9135046,
unbound,nsec3,nonexistent.test-nsec3.example,cold,3997755,3,True,1788804302.917578,
unbound,nsec3,nonexistent.test-nsec3.example,cold,4607402,3,True,1788804302.9222589,
unbound,nsec3,nonexistent.test-nsec3.example,cold,5822005,3,True,1788804302.92819,
unbound,nsec3,nonexistent.test-nsec3.example,cold,4710508,3,True,1788804302.933005,
unbound,nsec3,nonexistent.test-nsec3.example,cold,4814027,3,True,1788804302.937924,
unbound,nsec3,nonexistent.test-nsec3.example,cold,5046697,3,True,1788804302.943059,
unbound,nsec3,nonexistent.test-nsec3.example,cold,3934429,3,True,1788804302.9471035,
unbound,nsec3,nonexistent.test-nsec3.example,cold,4090214,3,True,1788804302.9513345,
unbound,nsec3,nonexistent.test-nsec3.example,cold,4207181,3,True,1788804302.9556475,
unbound,nsec3,nonexistent.test-nsec3.example,cold,4152117,3,True,1788804302.9598935,
unbound,nsec3,nonexistent.test-nsec3.example,cold,4237080,3,True,1788804302.9642217,
unbound,nsec3,nonexistent.test-nsec3.example,cold,5545341,3,True,1788804302.9698608,
unbound,nsec3,nonexistent.test-nsec3.example,cold,5038200,3,True,1788804302.9749963,
unbound,nsec3,nonexistent.test-nsec3.example,cold,3704474,3,True,1788804302.9787838,
unbound,nsec3,nonexistent.test-nsec3.example,cold,4367389,3,True,1788804302.9832246,
unbound,nsec3,nonexistent.test-nsec3.example,cold,4626392,3,True,1788804302.987954,
unbound,nsec3,nonexistent.test-nsec3.example,cold,3921342,3,True,1788804302.992041,
unbound,nsec3,nonexistent.test-nsec3.example,cold,4747310,3,True,1788804302.9968798,
unbound,nsec3,nonexistent.test-nsec3.example,cold,3960897,3,True,1788804303.0009446,
unbound,nsec3,nonexistent.test-nsec3.example,cold,4679695,3,True,1788804303.0057156,
unbound,nsec3,nonexistent.test-nsec3.example,cold,6314067,3,True,1788804303.0121338,
unbound,nsec3,nonexistent.test-nsec3.example,cold,5074859,3,True,1788804303.017281,
unbound,nsec3,nonexistent.test-nsec3.example,cold,5026791,3,True,1788804303.022393,
unbound,nsec3,nonexistent.test-nsec3.example,cold,4558702,3,True,1788804303.0270212,
unbound,nsec3,nonexistent.test-nsec3.example,cold,4211556,3,True,1788804303.0312998,
unbound,nsec3,nonexistent.test-nsec3.example,cold,4846291,3,True,1788804303.0362144,
unbound,nsec3,nonexistent.test-nsec3.example,cold,5253557,3,True,1788804303.0415337,
unbound,nsec3,nonexistent.test-nsec3.example,cold,4583723,3,True,1788804303.0462024,
unbound,nsec3,nonexistent.test-nsec3.example,cold,6507151,3,True,1788804303.0527947,
unbound,nsec3,nonexistent.test-nsec3.example,cold,4054475,3,True,1788804303.0569258,
unbound,nsec3,nonexistent.test-nsec3.example,cold,4787973,3,True,1788804303.0617976,
unbound,nsec3,nonexistent.test-nsec3.example,cold,3650764,3,True,1788804303.065549,
unbound,nsec3,nonexistent.test-nsec3.example,cold,4209806,3,True,1788804303.069826,
unbound,nsec3,nonexistent.test-nsec3.example,cold,3740938,3,True,1788804303.0736434,
unbound,nsec3,nonexistent.test-nsec3.example,cold,4332488,3,True,1788804303.0780628,
unbound,nsec3,nonexistent.test-nsec3.example,cold,5124950,3,True,1788804303.0832798,
unbound,nsec3,nonexistent.test-nsec3.example,cold,3875314,3,True,1788804303.0872552,
unbound,nsec3,nonexistent.test-nsec3.example,cold,4711062,3,True,1788804303.0920556,
unbound,nsec3,nonexistent.test-nsec3.example,cold,4971918,3,True,1788804303.097111,
unbound,nsec3,nonexistent.test-nsec3.example,cold,5289106,3,True,1788804303.1024694,
unbound,nsec3,nonexistent.test-nsec3.example,cold,4052874,3,True,1788804303.1066077,
unbound,nsec3,nonexistent.test-nsec3.example,cold,4221195,3,True,1788804303.1109304,
unbound,nsec3,nonexistent.test-nsec3.example,cold,4402582,3,True,1788804303.1154425,
unbound,nsec3,nonexistent.test-nsec3.example,cold,4132573,3,True,1788804303.1197135,
unbound,nsec3,nonexistent.test-nsec3.example,cold,5129091,3,True,1788804303.1249187,
unbound,nsec3,nonexistent.test-nsec3.example,cold,5816375,3,True,1788804303.1308477,
unbound,nsec3,nonexistent.test-nsec3.example,cold,5705671,3,True,1788804303.1366472,
unbound,nsec3,nonexistent.test-nsec3.example,cold,5121483,3,True,1788804303.1419811,
unbound,nsec3,nonexistent.test-nsec3.example,cold,3966356,3,True,1788804303.1460278,
unbound,nsec3,nonexistent.test-nsec3.example,cold,4938328,3,True,1788804303.1510344,
unbound,nsec3,nonexistent.test-nsec3.example,cold,3722963,3,True,1788804303.1548326,
unbound,nsec3,nonexistent.test-nsec3.example,cold,4864245,3,True,1788804303.1597989,
unbound,nsec3,nonexistent.test-nsec3.example,cold,4242769,3,True,1788804303.164112,
unbound,nsec3,nonexistent.test-nsec3.example,cold,4695481,3,True,1788804303.1688864,
unbound,nsec3,nonexistent.test-nsec3.example,cold,4424487,3,True,1788804303.1734211,
unbound,nsec3,nonexistent.test-nsec3.example,cold,4280348,3,True,1788804303.177797,
unbound,nsec3,nonexistent.test-nsec3.example,cold,5090150,3,True,1788804303.1829712,
unbound,nsec3,nonexistent.test-nsec3.example,cold,4453392,3,True,1788804303.1874986,
unbound,nsec3,nonexistent.test-nsec3.example,cold,4260417,3,True,1788804303.1918468,
unbound,nsec3,nonexistent.test-nsec3.example,cold,3874445,3,True,1788804303.1958048,
unbound,nsec3,nonexistent.test-nsec3.example,cold,3920092,3,True,1788804303.1998158,
unbound,nsec3,nonexistent.test-nsec3.example,cold,5336533,3,True,1788804303.2052379,
unbound,nsec3,nonexistent.test-nsec3.example,cold,7135290,3,True,1788804303.2124646,
unbound,nsec3,nonexistent.test-nsec3.example,cold,5540381,3,True,1788804303.2181287,
unbound,nsec3,nonexistent.test-nsec3.example,cold,5478171,3,True,1788804303.2236896,
unbound,nsec3,nonexistent.test-nsec3.example,cold,5339801,3,True,1788804303.2291603,
unbound,nsec3,nonexistent.test-nsec3.example,cold,4780364,3,True,1788804303.2340286,
unbound,nsec3,nonexistent.test-nsec3.example,cold,4953913,3,True,1788804303.239047,
unbound,nsec3,nonexistent.test-nsec3.example,cold,4866168,3,True,1788804303.2440336,
unbound,nsec3,nonexistent.test-nsec3.example,cold,5342484,3,True,1788804303.2494879,
unbound,nsec3,nonexistent.test-nsec3.example,cold,3123649,3,True,1788804303.2527442,
unbound,nsec3,nonexistent.test-nsec3.example,cold,911830,3,True,1788804303.2537324,
unbound,nsec3,nonexistent.test-nsec3.example,cold,713011,3,True,1788804303.2545102,
unbound,nsec3,nonexistent.test-nsec3.example,cold,791129,3,True,1788804303.2553551,
unbound,nsec3,nonexistent.test-nsec3.example,cold,690535,3,True,1788804303.256102,
unbound,nsec3,nonexistent.test-nsec3.example,cold,790092,3,True,1788804303.256958,
unbound,nsec3,nonexistent.test-nsec3.example,cold,849414,3,True,1788804303.257856,
unbound,nsec3,nonexistent.test-nsec3.example,cold,798514,3,True,1788804303.2587373,
unbound,nsec3,nonexistent.test-nsec3.example,cold,788875,3,True,1788804303.2595942,
unbound,nsec3,nonexistent.test-nsec3.example,cold,672032,3,True,1788804303.2603323,
unbound,nsec3,nonexistent.test-nsec3.example,cold,753594,3,True,1788804303.261282,
unbound,nsec3,nonexistent.test-nsec3.example,cold,689910,3,True,1788804303.2621913,
unbound,nsec3,nonexistent.test-nsec3.example,cold,871595,3,True,1788804303.2631083,
unbound,nsec3,nonexistent.test-nsec3.example,cold,979746,3,True,1788804303.2642431,
unbound,nsec3,nonexistent.test-nsec3.example,cold,1123279,3,True,1788804303.2654295,
unbound,nsec3,nonexistent.test-nsec3.example,cold,839102,3,True,1788804303.2663257,
unbound,nsec3,nonexistent.test-nsec3.example,cold,806987,3,True,1788804303.2671964,
unbound,nsec3,nonexistent.test-nsec3.example,cold,704249,3,True,1788804303.2679543,
unbound,nsec3,nonexistent.test-nsec3.example,cold,1042121,3,True,1788804303.2690544,
unbound,nsec3,nonexistent.test-nsec3.example,cold,806183,3,True,1788804303.269929,
unbound,nsec3,nonexistent.test-nsec3.example,cold,866172,3,True,1788804303.2708507,
unbound,nsec3,nonexistent.test-nsec3.example,cold,812043,3,True,1788804303.271727,
unbound,nsec3,nonexistent.test-nsec3.example,cold,795794,3,True,1788804303.2725916,
unbound,nsec3,nonexistent.test-nsec3.example,cold,902833,3,True,1788804303.273578,
unbound,nsec3,nonexistent.test-nsec3.example,cold,775883,3,True,1788804303.274423,
unbound,nsec3,nonexistent.test-nsec3.example,cold,899488,3,True,1788804303.2753692,
unbound,nsec3,nonexistent.test-nsec3.example,cold,681390,3,True,1788804303.2761004,
unbound,nsec3,nonexistent.test-nsec3.example,cold,734766,3,True,1788804303.2768915,
unbound,nsec3,nonexistent.test-nsec3.example,cold,618384,3,True,1788804303.2775671,
unbound,nsec3,nonexistent.test-nsec3.example,cold,613962,3,True,1788804303.2782388,
unbound,nsec3,nonexistent.test-nsec3.example,cold,750522,3,True,1788804303.2790358,
unbound,nsec3,nonexistent.test-nsec3.example,cold,794812,3,True,1788804303.2798905,
unbound,nsec3,nonexistent.test-nsec3.example,cold,646826,3,True,1788804303.280599,
unbound,nsec3,nonexistent.test-nsec3.example,cold,1285206,3,True,1788804303.2819486,
unbound,nsec3,nonexistent.test-nsec3.example,cold,1398104,3,True,1788804303.2834234,
unbound,nsec3,nonexistent.test-nsec3.example,cold,2511979,3,True,1788804303.2860098,
unbound,nsec3,nonexistent.test-nsec3.example,cold,2277557,3,True,1788804303.2883754,
unbound,nsec3,nonexistent.test-nsec3.example,cold,1272403,3,True,1788804303.289745,
unbound,nsec3,nonexistent.test-nsec3.example,cold,1600581,3,True,1788804303.2914224,
unbound,nsec3,nonexistent.test-nsec3.example,cold,1476761,3,True,1788804303.2929783,
unbound,nsec3,nonexistent.test-nsec3.example,cold,1357939,3,True,1788804303.2944233,
unbound,nsec3,nonexistent.test-nsec3.example,cold,1460355,3,True,1788804303.2959733,
unbound,nsec3,nonexistent.test-nsec3.example,cold,980711,3,True,1788804303.297052,
unbound,nsec3,nonexistent.test-nsec3.example,cold,911542,3,True,1788804303.2980213,
unbound,nsec3,nonexistent.test-nsec3.example,cold,738603,3,True,1788804303.298825,
unbound,nsec3,nonexistent.test-nsec3.example,cold,860524,3,True,1788804303.299747,
unbound,nsec3,nonexistent.test-nsec3.example,cold,658846,3,True,1788804303.300465,
unbound,nsec3,nonexistent.test-nsec3.example,cold,908154,3,True,1788804303.3014376,
unbound,nsec3,nonexistent.test-nsec3.example,cold,778408,3,True,1788804303.302285,
unbound,nsec3,nonexistent.test-nsec3.example,cold,710726,3,True,1788804303.3030453,
unbound,nsec3,nonexistent.test-nsec3.example,cold,760916,3,True,1788804303.3038664,
unbound,nsec3,nonexistent.test-nsec3.example,cold,990890,3,True,1788804303.3049092,
unbound,nsec3,nonexistent.test-nsec3.example,cold,772703,3,True,1788804303.305744,
unbound,nsec3,nonexistent.test-nsec3.example,cold,705087,3,True,1788804303.3065073,
unbound,nsec3,nonexistent.test-nsec3.example,cold,1031629,3,True,1788804303.3075879,
unbound,nsec3,nonexistent.test-nsec3.example,cold,790171,3,True,1788804303.3084497,
unbound,nsec3,nonexistent.test-nsec3.example,cold,574187,3,True,1788804303.3090823,
unbound,nsec3,nonexistent.test-nsec3.example,cold,753997,3,True,1788804303.3098772,
unbound,nsec3,nonexistent.test-nsec3.example,cold,724426,3,True,1788804303.3106425,
unbound,nsec3,nonexistent.test-nsec3.example,cold,1015926,3,True,1788804303.311704,
unbound,nsec3,nonexistent.test-nsec3.example,cold,1156635,3,True,1788804303.3129256,
unbound,nsec3,nonexistent.test-nsec3.example,cold,673115,3,True,1788804303.3136675,
unbound,nsec3,nonexistent.test-nsec3.example,cold,739676,3,True,1788804303.3144617,
unbound,nsec3,nonexistent.test-nsec3.example,cold,1421272,3,True,1788804303.3159354,
unbound,nsec3,nonexistent.test-nsec3.example,cold,879901,3,True,1788804303.3168957,
unbound,nsec3,nonexistent.test-nsec3.example,cold,995671,3,True,1788804303.3179693,
unbound,nsec3,nonexistent.test-nsec3.example,cold,677844,3,True,1788804303.318724,
unbound,nsec3,nonexistent.test-nsec3.example,cold,809911,3,True,1788804303.3195992,
unbound,nsec3,nonexistent.test-nsec3.example,cold,1297128,3,True,1788804303.3209903,
unbound,nsec3,nonexistent.test-nsec3.example,cold,1037238,3,True,1788804303.3222232,
unbound,nsec3,nonexistent.test-nsec3.example,cold,1005236,3,True,1788804303.3233032,
unbound,nsec3,nonexistent.test-nsec3.example,cold,765447,3,True,1788804303.3241355,
unbound,nsec3,nonexistent.test-nsec3.example,cold,799537,3,True,1788804303.324997,
unbound,nsec3,nonexistent.test-nsec3.example,cold,1513737,3,True,1788804303.3265676,
unbound,nsec3,nonexistent.test-nsec3.example,cold,748809,3,True,1788804303.3273773,
unbound,nsec3,nonexistent.test-nsec3.example,cold,844886,3,True,1788804303.3282895,
unbound,nsec3,nonexistent.test-nsec3.example,cold,1289359,3,True,1788804303.3296516,
unbound,nsec3,nonexistent.test-nsec3.example,cold,875012,3,True,1788804303.3306787,
unbound,nsec3,nonexistent.test-nsec3.example,cold,946150,3,True,1788804303.3317778,
unbound,nsec3,nonexistent.test-nsec3.example,cold,949424,3,True,1788804303.3328676,
unbound,nsec3,nonexistent.test-nsec3.example,cold,693630,3,True,1788804303.3338008,
unbound,nsec3,nonexistent.test-nsec3.example,cold,742124,3,True,1788804303.3346922,
unbound,nsec3,nonexistent.test-nsec3.example,cold,894609,3,True,1788804303.3356497,
unbound,nsec3,nonexistent.test-nsec3.example,cold,1066455,3,True,1788804303.3367748,
unbound,nsec3,nonexistent.test-nsec3.example,cold,750586,3,True,1788804303.3375812,
unbound,nsec3,nonexistent.test-nsec3.example,cold,736225,3,True,1788804303.338374,
unbound,nsec3,nonexistent.test-nsec3.example,cold,974534,3,True,1788804303.3394098,
unbound,nsec3,nonexistent.test-nsec3.example,cold,816987,3,True,1788804303.3402941,
unbound,nsec3,nonexistent.test-nsec3.example,cold,2500671,3,True,1788804303.342859,
unbound,nsec3,nonexistent.test-nsec3.example,cold,979879,3,True,1788804303.3439155,
unbound,nsec3,nonexistent.test-nsec3.example,cold,838479,3,True,1788804303.3448195,
unbound,nsec3,nonexistent.test-nsec3.example,cold,911267,3,True,1788804303.345796,
unbound,nsec3,nonexistent.test-nsec3.example,cold,987931,3,True,1788804303.346849,
unbound,nsec3,nonexistent.test-nsec3.example,cold,894991,3,True,1788804303.347843,
unbound,nsec3,nonexistent.test-nsec3.example,cold,822058,3,True,1788804303.3487265,
unbound,nsec3,nonexistent.test-nsec3.example,cold,718547,3,True,1788804303.3495092,
unbound,nsec3,nonexistent.test-nsec3.example,cold,724669,3,True,1788804303.3502939,
unbound,nsec3,nonexistent.test-nsec3.example,cold,1160864,3,True,1788804303.3515067,
unbound,nsec3,nonexistent.test-nsec3.example,cold,1723780,3,True,1788804303.3533006,
unbound,nsec3,nonexistent.test-nsec3.example,cold,1411268,3,True,1788804303.3548043,
unbound,nsec3,nonexistent.test-nsec3.example,cold,1160103,3,True,1788804303.356056,
unbound,nsec3,nonexistent.test-nsec3.example,cold,795900,3,True,1788804303.356912,
unbound,nsec3,nonexistent.test-nsec3.example,cold,787115,3,True,1788804303.35776,
unbound,nsec3,nonexistent.test-nsec3.example,cold,724892,3,True,1788804303.3585331,
unbound,nsec3,nonexistent.test-nsec3.example,cold,1126823,3,True,1788804303.3597097,
unbound,nsec3,nonexistent.test-nsec3.example,cold,3959137,3,True,1788804303.3637395,
unbound,nsec3,nonexistent.test-nsec3.example,cold,3756854,3,True,1788804303.3675873,
unbound,nsec3,nonexistent.test-nsec3.example,cold,912139,3,True,1788804303.3685846,
unbound,nsec3,nonexistent.test-nsec3.example,cold,1183672,3,True,1788804303.3698363,
unbound,nsec3,nonexistent.test-nsec3.example,cold,1015023,3,True,1788804303.3710108,
unbound,nsec3,nonexistent.test-nsec3.example,cold,1750933,3,True,1788804303.3728397,
unbound,nsec3,nonexistent.test-nsec3.example,cold,952354,3,True,1788804303.3738844,
unbound,nsec3,nonexistent.test-nsec3.example,cold,1051496,3,True,1788804303.3749983,
unbound,nsec3,nonexistent.test-nsec3.example,cold,1465402,3,True,1788804303.3765268,
unbound,nsec3,nonexistent.test-nsec3.example,cold,844023,3,True,1788804303.3774416,
unbound,nsec3,nonexistent.test-nsec3.example,cold,697803,3,True,1788804303.3782072,
unbound,nsec3,nonexistent.test-nsec3.example,cold,658328,3,True,1788804303.3789268,
unbound,nsec3,nonexistent.test-nsec3.example,cold,765550,3,True,1788804303.3797483,
unbound,nsec3,nonexistent.test-nsec3.example,cold,749351,3,True,1788804303.3805947,
unbound,nsec3,nonexistent.test-nsec3.example,cold,694056,3,True,1788804303.381336,
unbound,nsec3,nonexistent.test-nsec3.example,cold,878825,3,True,1788804303.3822591,
unbound,nsec3,nonexistent.test-nsec3.example,cold,1378822,3,True,1788804303.383703,
unbound,nsec3,nonexistent.test-nsec3.example,cold,881955,3,True,1788804303.3846486,
unbound,nsec3,nonexistent.test-nsec3.example,cold,890079,3,True,1788804303.3855958,
unbound,nsec3,nonexistent.test-nsec3.example,cold,745464,3,True,1788804303.3864107,
unbound,nsec3,nonexistent.test-nsec3.example,cold,932154,3,True,1788804303.3873951,
unbound,nsec3,nonexistent.test-nsec3.example,cold,691036,3,True,1788804303.388147,
unbound,nsec3,nonexistent.test-nsec3.example,cold,765103,3,True,1788804303.3889642,
unbound,nsec3,nonexistent.test-nsec3.example,cold,795105,3,True,1788804303.389817,
unbound,nsec3,nonexistent.test-nsec3.example,cold,679627,3,True,1788804303.3905635,
unbound,nsec3,nonexistent.test-nsec3.example,cold,817307,3,True,1788804303.3914557,
unbound,nsec3,nonexistent.test-nsec3.example,cold,841506,3,True,1788804303.392348,
unbound,nsec3,nonexistent.test-nsec3.example,cold,735802,3,True,1788804303.3931305,
unbound,nsec3,nonexistent.test-nsec3.example,cold,753864,3,True,1788804303.393948,
unbound,nsec3,nonexistent.test-nsec3.example,cold,1265483,3,True,1788804303.395262,
unbound,nsec3,nonexistent.test-nsec3.example,cold,867761,3,True,1788804303.3961887,
unbound,nsec3,nonexistent.test-nsec3.example,cold,702931,3,True,1788804303.396945,
unbound,nsec3,nonexistent.test-nsec3.example,cold,663059,3,True,1788804303.397655,
unbound,nsec3,nonexistent.test-nsec3.example,cold,620243,3,True,1788804303.3983347,
unbound,nsec3,nonexistent.test-nsec3.example,cold,882624,3,True,1788804303.3992758,
unbound,nsec3,nonexistent.test-nsec3.example,cold,870391,3,True,1788804303.4002109,
unbound,nsec3,nonexistent.test-nsec3.example,cold,785197,3,True,1788804303.401146,
unbound,nsec3,nonexistent.test-nsec3.example,cold,997519,3,True,1788804303.402194,
unbound,nsec3,nonexistent.test-nsec3.example,cold,1432478,3,True,1788804303.4037905,
unbound,nsec3,nonexistent.test-nsec3.example,cold,770412,3,True,1788804303.4046745,
unbound,nsec3,nonexistent.test-nsec3.example,cold,795465,3,True,1788804303.4055321,
unbound,nsec3,nonexistent.test-nsec3.example,cold,735868,3,True,1788804303.4063277,
unbound,nsec3,nonexistent.test-nsec3.example,cold,703446,3,True,1788804303.407091,
unbound,nsec3,nonexistent.test-nsec3.example,cold,866729,3,True,1788804303.4080527,
unbound,nsec3,nonexistent.test-nsec3.example,cold,927084,3,True,1788804303.4090474,
unbound,nsec3,nonexistent.test-nsec3.example,cold,788993,3,True,1788804303.4099107,
unbound,nsec3,nonexistent.test-nsec3.example,cold,1008647,3,True,1788804303.4109895,
unbound,nsec3,nonexistent.test-nsec3.example,cold,1613297,3,True,1788804303.412676,
unbound,nsec3,nonexistent.test-nsec3.example,cold,967402,3,True,1788804303.4137504,
unbound,nsec3,nonexistent.test-nsec3.example,cold,840092,3,True,1788804303.414651,
unbound,nsec3,nonexistent.test-nsec3.example,cold,1061663,3,True,1788804303.4157717,
unbound,nsec3,nonexistent.test-nsec3.example,cold,669402,3,True,1788804303.4165015,
unbound,nsec3,nonexistent.test-nsec3.example,cold,888445,3,True,1788804303.4174423,
unbound,nsec3,nonexistent.test-nsec3.example,cold,1100416,3,True,1788804303.418607,
unbound,nsec3,nonexistent.test-nsec3.example,cold,1891690,3,True,1788804303.4205778,
unbound,nsec3,nonexistent.test-nsec3.example,cold,1626468,3,True,1788804303.4222968,
unbound,nsec3,nonexistent.test-nsec3.example,cold,1322187,3,True,1788804303.423708,
unbound,nsec3,nonexistent.test-nsec3.example,cold,774434,3,True,1788804303.4245641,
unbound,nsec3,nonexistent.test-nsec3.example,cold,722704,3,True,1788804303.4253542,
unbound,nsec3,nonexistent.test-nsec3.example,cold,701834,3,True,1788804303.42615,
unbound,nsec3,nonexistent.test-nsec3.example,cold,700912,3,True,1788804303.4268959,
unbound,nsec3,nonexistent.test-nsec3.example,cold,743050,3,True,1788804303.4276857,
unbound,nsec3,nonexistent.test-nsec3.example,cold,726682,3,True,1788804303.4284606,
unbound,nsec3,nonexistent.test-nsec3.example,cold,738931,3,True,1788804303.4292607,
unbound,nsec3,nonexistent.test-nsec3.example,cold,608781,3,True,1788804303.4299293,
unbound,nsec3,nonexistent.test-nsec3.example,cold,1012356,3,True,1788804303.4310162,
unbound,nsec3,nonexistent.test-nsec3.example,cold,1293912,3,True,1788804303.4323726,
unbound,nsec3,nonexistent.test-nsec3.example,cold,876064,3,True,1788804303.4333007,
unbound,nsec3,nonexistent.test-nsec3.example,cold,999203,3,True,1788804303.4343529,
unbound,nsec3,nonexistent.test-nsec3.example,cold,1281538,3,True,1788804303.4358735,
unbound,nsec3,nonexistent.test-nsec3.example,cold,5879175,3,True,1788804303.442111,
unbound,nsec3,nonexistent.test-nsec3.example,cold,1007418,3,True,1788804303.443299,
unbound,nsec3,nonexistent.test-nsec3.example,cold,985750,3,True,1788804303.444351,
unbound,nsec3,nonexistent.test-nsec3.example,cold,800798,3,True,1788804303.4452128,
unbound,nsec3,nonexistent.test-nsec3.example,cold,1101805,3,True,1788804303.4463828,
unbound,nsec3,nonexistent.test-nsec3.example,cold,2014783,3,True,1788804303.4485497,
unbound,nsec3,nonexistent.test-nsec3.example,cold,1123613,3,True,1788804303.4498258,
unbound,nsec3,nonexistent.test-nsec3.example,cold,1160727,3,True,1788804303.4510705,
unbound,nsec3,nonexistent.test-nsec3.example,cold,2222270,3,True,1788804303.4534078,
unbound,nsec3,nonexistent.test-nsec3.example,cold,1494271,3,True,1788804303.455004,
unbound,nsec3,nonexistent.test-nsec3.example,cold,1349470,3,True,1788804303.4564464,
unbound,nsec3,nonexistent.test-nsec3.example,cold,1068022,3,True,1788804303.4575915,
unbound,nsec3,nonexistent.test-nsec3.example,cold,1092313,3,True,1788804303.4587462,
unbound,nsec3,nonexistent.test-nsec3.example,cold,813275,3,True,1788804303.4596188,
unbound,nsec3,nonexistent.test-nsec3.example,cold,1055414,3,True,1788804303.4607437,
unbound,nsec3,nonexistent.test-nsec3.example,cold,934326,3,True,1788804303.4618187,
unbound,nsec3,nonexistent.test-nsec3.example,cold,833047,3,True,1788804303.4627085,
unbound,nsec3,nonexistent.test-nsec3.example,cold,1009736,3,True,1788804303.4637675,
unbound,nsec3,nonexistent.test-nsec3.example,cold,652889,3,True,1788804303.4644763,
unbound,nsec3,nonexistent.test-nsec3.example,cold,702290,3,True,1788804303.4652228,
unbound,nsec3,nonexistent.test-nsec3.example,cold,877387,3,True,1788804303.4661453,
unbound,nsec3,nonexistent.test-nsec3.example,cold,711542,3,True,1788804303.466903,
unbound,nsec3,nonexistent.test-nsec3.example,cold,890192,3,True,1788804303.4678538,
unbound,nsec3,nonexistent.test-nsec3.example,cold,1143759,3,True,1788804303.4690602,
unbound,nsec3,nonexistent.test-nsec3.example,cold,932805,3,True,1788804303.4701543,
unbound,nsec3,nonexistent.test-nsec3.example,cold,1039259,3,True,1788804303.4712667,
unbound,nsec3,nonexistent.test-nsec3.example,cold,974069,3,True,1788804303.4723008,
unbound,nsec3,nonexistent.test-nsec3.example,cold,1285299,3,True,1788804303.473662,
unbound,nsec3,nonexistent.test-nsec3.example,cold,1074970,3,True,1788804303.4748116,
unbound,nsec3,nonexistent.test-nsec3.example,cold,1242569,3,True,1788804303.4761944,
unbound,nsec3,nonexistent.test-nsec3.example,cold,928036,3,True,1788804303.4772089,
unbound,nsec3,nonexistent.test-nsec3.example,cold,1159006,3,True,1788804303.4784348,
unbound,nsec3,nonexistent.test-nsec3.example,cold,775465,3,True,1788804303.4792788,
unbound,nsec3,nonexistent.test-nsec3.example,cold,839312,3,True,1788804303.4801815,
unbound,nsec3,nonexistent.test-nsec3.example,cold,894600,3,True,1788804303.481145,
unbound,nsec3,nonexistent.test-nsec3.example,cold,811189,3,True,1788804303.482084,
unbound,nsec3,nonexistent.test-nsec3.example,cold,873921,3,True,1788804303.4830058,
unbound,nsec3,nonexistent.test-nsec3.example,cold,749909,3,True,1788804303.4838061,
unbound,nsec3,nonexistent.test-nsec3.example,cold,720151,3,True,1788804303.4845793,
unbound,nsec3,nonexistent.test-nsec3.example,cold,708080,3,True,1788804303.4853363,
unbound,nsec3,nonexistent.test-nsec3.example,cold,750621,3,True,1788804303.486152,
unbound,nsec3,nonexistent.test-nsec3.example,cold,729613,3,True,1788804303.486944,
unbound,nsec3,nonexistent.test-nsec3.example,cold,884286,3,True,1788804303.487889,
unbound,nsec3,nonexistent.test-nsec3.example,cold,751152,3,True,1788804303.4887023,
unbound,nsec3,nonexistent.test-nsec3.example,cold,803594,3,True,1788804303.4895723,
unbound,nsec3,nonexistent.test-nsec3.example,cold,761624,3,True,1788804303.490396,
unbound,nsec3,nonexistent.test-nsec3.example,cold,868973,3,True,1788804303.491331,
unbound,nsec3,nonexistent.test-nsec3.example,cold,915283,3,True,1788804303.492322,
unbound,nsec3,nonexistent.test-nsec3.example,cold,836835,3,True,1788804303.493219,
unbound,nsec3,nonexistent.test-nsec3.example,cold,764758,3,True,1788804303.4941742,
unbound,nsec3,nonexistent.test-nsec3.example,cold,709904,3,True,1788804303.4950464,
unbound,nsec3,nonexistent.test-nsec3.example,cold,939748,3,True,1788804303.4960537,
unbound,nsec3,nonexistent.test-nsec3.example,cold,872318,3,True,1788804303.496981,
unbound,nsec3,nonexistent.test-nsec3.example,cold,763944,3,True,1788804303.4978032,
unbound,nsec3,nonexistent.test-nsec3.example,cold,698378,3,True,1788804303.4985633,
unbound,nsec3,nonexistent.test-nsec3.example,cold,899461,3,True,1788804303.499524,
unbound,nsec3,nonexistent.test-nsec3.example,cold,863843,3,True,1788804303.5004537,
unbound,nsec3,nonexistent.test-nsec3.example,cold,778613,3,True,1788804303.501292,
unbound,nsec3,nonexistent.test-nsec3.example,cold,771702,3,True,1788804303.5021284,
unbound,nsec3,nonexistent.test-nsec3.example,cold,809885,3,True,1788804303.5030034,
unbound,nsec3,nonexistent.test-nsec3.example,cold,915742,3,True,1788804303.5039742,
unbound,nsec3,nonexistent.test-nsec3.example,cold,949104,3,True,1788804303.5051997,
unbound,nsec3,nonexistent.test-nsec3.example,cold,866589,3,True,1788804303.5062375,
unbound,nsec3,nonexistent.test-nsec3.example,cold,865171,3,True,1788804303.5072649,
unbound,nsec3,nonexistent.test-nsec3.example,cold,1004234,3,True,1788804303.5084562,
unbound,nsec3,nonexistent.test-nsec3.example,cold,913367,3,True,1788804303.5095503,
unbound,nsec3,nonexistent.test-nsec3.example,cold,830386,3,True,1788804303.5104513,
unbound,nsec3,nonexistent.test-nsec3.example,cold,917507,3,True,1788804303.5114403,
unbound,nsec3,nonexistent.test-nsec3.example,cold,845046,3,True,1788804303.5123599,
unbound,nsec3,nonexistent.test-nsec3.example,cold,770955,3,True,1788804303.5131953,
unbound,nsec3,nonexistent.test-nsec3.example,cold,802968,3,True,1788804303.5140615,
unbound,nsec3,nonexistent.test-nsec3.example,cold,708061,3,True,1788804303.5148313,
unbound,nsec3,nonexistent.test-nsec3.example,cold,1342046,3,True,1788804303.5163481,
unbound,nsec3,nonexistent.test-nsec3.example,cold,1668474,3,True,1788804303.5180902,
unbound,nsec3,nonexistent.test-nsec3.example,cold,1544813,3,True,1788804303.5197198,
unbound,nsec3,nonexistent.test-nsec3.example,cold,1252995,3,True,1788804303.5210729,
unbound,nsec3,nonexistent.test-nsec3.example,cold,1974380,3,True,1788804303.5231102,
unbound,nsec3,nonexistent.test-nsec3.example,cold,980583,3,True,1788804303.5241964,
unbound,nsec3,nonexistent.test-nsec3.example,cold,3834092,3,True,1788804303.528106,
unbound,nsec3,nonexistent.test-nsec3.example,cold,1070916,3,True,1788804303.5293348,
unbound,nsec3,nonexistent.test-nsec3.example,cold,903726,3,True,1788804303.5303214,
unbound,nsec3,nonexistent.test-nsec3.example,cold,1009902,3,True,1788804303.5314052,
unbound,nsec3,nonexistent.test-nsec3.example,cold,1712235,3,True,1788804303.5331845,
unbound,nsec3,nonexistent.test-nsec3.example,cold,949427,3,True,1788804303.5342064,
unbound,nsec3,nonexistent.test-nsec3.example,cold,1617893,3,True,1788804303.5359836,
unbound,nsec3,nonexistent.test-nsec3.example,cold,1155790,3,True,1788804303.5373416,
unbound,nsec3,nonexistent.test-nsec3.example,cold,773474,3,True,1788804303.5382702,
unbound,nsec3,nonexistent.test-nsec3.example,cold,1138135,3,True,1788804303.5394616,
unbound,nsec3,nonexistent.test-nsec3.example,cold,858540,3,True,1788804303.540504,
unbound,nsec3,nonexistent.test-nsec3.example,cold,808373,3,True,1788804303.541366,
unbound,nsec3,nonexistent.test-nsec3.example,cold,793610,3,True,1788804303.542209,
unbound,nsec3,nonexistent.test-nsec3.example,cold,884553,3,True,1788804303.5431495,
unbound,nsec3,nonexistent.test-nsec3.example,cold,752246,3,True,1788804303.543972,
unbound,nsec3,nonexistent.test-nsec3.example,cold,870046,3,True,1788804303.5449073,
unbound,nsec3,nonexistent.test-nsec3.example,cold,953186,3,True,1788804303.5459135,
unbound,nsec3,nonexistent.test-nsec3.example,cold,840075,3,True,1788804303.546819,
unbound,nsec3,nonexistent.test-nsec3.example,cold,775472,3,True,1788804303.5476568,
unbound,nsec3,nonexistent.test-nsec3.example,cold,846678,3,True,1788804303.548548,
unbound,nsec3,nonexistent.test-nsec3.example,cold,807708,3,True,1788804303.5494068,
unbound,nsec3,nonexistent.test-nsec3.example,cold,754686,3,True,1788804303.5502114,
unbound,nsec3,nonexistent.test-nsec3.example,cold,698624,3,True,1788804303.550974,
unbound,nsec3,nonexistent.test-nsec3.example,cold,762103,3,True,1788804303.5517955,
unbound,nsec3,nonexistent.test-nsec3.example,cold,739242,3,True,1788804303.5525837,
unbound,nsec3,nonexistent.test-nsec3.example,cold,1081334,3,True,1788804303.554151,
unbound,nsec3,nonexistent.test-nsec3.example,cold,850959,3,True,1788804303.5550804,
unbound,nsec3,nonexistent.test-nsec3.example,cold,843858,3,True,1788804303.5560145,
unbound,nsec3,nonexistent.test-nsec3.example,cold,821249,3,True,1788804303.5569046,
unbound,nsec3,nonexistent.test-nsec3.example,cold,714302,3,True,1788804303.5576835,
unbound,nsec3,nonexistent.test-nsec3.example,cold,775100,3,True,1788804303.5585315,
unbound,nsec3,nonexistent.test-nsec3.example,cold,1114557,3,True,1788804303.5596976,
unbound,nsec3,nonexistent.test-nsec3.example,cold,694962,3,True,1788804303.5604582,
unbound,nsec3,nonexistent.test-nsec3.example,cold,826769,3,True,1788804303.5613334,
unbound,nsec3,nonexistent.test-nsec3.example,cold,735934,3,True,1788804303.5621154,
unbound,nsec3,nonexistent.test-nsec3.example,cold,718840,3,True,1788804303.562881,
unbound,nsec3,nonexistent.test-nsec3.example,cold,948751,3,True,1788804303.5638897,
unbound,nsec3,nonexistent.test-nsec3.example,cold,898933,3,True,1788804303.5648582,
unbound,nsec3,nonexistent.test-nsec3.example,cold,800163,3,True,1788804303.5657268,
unbound,nsec3,nonexistent.test-nsec3.example,cold,779055,3,True,1788804303.5665739,
unbound,nsec3,nonexistent.test-nsec3.example,cold,732708,3,True,1788804303.5673664,
unbound,nsec3,nonexistent.test-nsec3.example,cold,731637,3,True,1788804303.5681605,
unbound,nsec3,nonexistent.test-nsec3.example,cold,648241,3,True,1788804303.5688686,
unbound,nsec3,nonexistent.test-nsec3.example,cold,734564,3,True,1788804303.5696583,
unbound,nsec3,nonexistent.test-nsec3.example,cold,675638,3,True,1788804303.570392,
unbound,nsec3,nonexistent.test-nsec3.example,cold,855479,3,True,1788804303.571297,
unbound,nsec3,nonexistent.test-nsec3.example,cold,784794,3,True,1788804303.5721338,
unbound,nsec3,nonexistent.test-nsec3.example,cold,864105,3,True,1788804303.5730648,
unbound,nsec3,nonexistent.test-nsec3.example,cold,737985,3,True,1788804303.5738716,
unbound,nsec3,nonexistent.test-nsec3.example,cold,907710,3,True,1788804303.5748312,
unbound,nsec3,nonexistent.test-nsec3.example,cold,789271,3,True,1788804303.5756972,
unbound,nsec3,nonexistent.test-nsec3.example,cold,722051,3,True,1788804303.5764747,
unbound,nsec3,nonexistent.test-nsec3.example,cold,781224,3,True,1788804303.5773146,
unbound,nsec3,nonexistent.test-nsec3.example,cold,991960,3,True,1788804303.578374,
unbound,nsec3,nonexistent.test-nsec3.example,cold,929947,3,True,1788804303.5793746,
unbound,nsec3,nonexistent.test-nsec3.example,cold,1028515,3,True,1788804303.5804737,
unbound,nsec3,nonexistent.test-nsec3.example,cold,814241,3,True,1788804303.5813658,
unbound,nsec3,nonexistent.test-nsec3.example,cold,706754,3,True,1788804303.5821354,
unbound,nsec3,nonexistent.test-nsec3.example,cold,1146589,3,True,1788804303.583353,
unbound,nsec3,nonexistent.test-nsec3.example,cold,993844,3,True,1788804303.5846586,
unbound,nsec3,nonexistent.test-nsec3.example,cold,889441,3,True,1788804303.5856164,
unbound,nsec3,nonexistent.test-nsec3.example,cold,934187,3,True,1788804303.5866196,
unbound,nsec3,nonexistent.test-nsec3.example,cold,752952,3,True,1788804303.587426,
unbound,nsec3,nonexistent.test-nsec3.example,cold,819901,3,True,1788804303.5883234,
unbound,nsec3,nonexistent.test-nsec3.example,cold,885257,3,True,1788804303.5892758,
unbound,nsec3,nonexistent.test-nsec3.example,cold,723454,3,True,1788804303.5900657,
unbound,nsec3,nonexistent.test-nsec3.example,cold,723498,3,True,1788804303.5908496,
unbound,nsec3,nonexistent.test-nsec3.example,cold,721501,3,True,1788804303.5916414,
unbound,nsec3,nonexistent.test-nsec3.example,cold,636276,3,True,1788804303.5923388,
unbound,nsec3,nonexistent.test-nsec3.example,cold,783453,3,True,1788804303.5931754,
unbound,nsec3,nonexistent.test-nsec3.example,cold,815632,3,True,1788804303.5940359,
unbound,nsec3,nonexistent.test-nsec3.example,cold,817710,3,True,1788804303.5949156,
unbound,nsec3,nonexistent.test-nsec3.example,cold,982058,3,True,1788804303.595965,
unbound,nsec3,nonexistent.test-nsec3.example,cold,743485,3,True,1788804303.5967627,
unbound,nsec3,nonexistent.test-nsec3.example,cold,805577,3,True,1788804303.597625,
unbound,nsec3,nonexistent.test-nsec3.example,cold,848348,3,True,1788804303.598537,
unbound,nsec3,nonexistent.test-nsec3.example,cold,797324,3,True,1788804303.5994017,
unbound,nsec3,nonexistent.test-nsec3.example,cold,846885,3,True,1788804303.6003165,
unbound,nsec3,nonexistent.test-nsec3.example,cold,668566,3,True,1788804303.6010525,
unbound,nsec3,nonexistent.test-nsec3.example,cold,847703,3,True,1788804303.6019561,
unbound,nsec3,nonexistent.test-nsec3.example,cold,751627,3,True,1788804303.6027737,
unbound,nsec3,nonexistent.test-nsec3.example,cold,900346,3,True,1788804303.6037388,
unbound,nsec3,nonexistent.test-nsec3.example,cold,944897,3,True,1788804303.6047406,
unbound,nsec3,nonexistent.test-nsec3.example,cold,1511608,3,True,1788804303.6063197,
unbound,nsec3,nonexistent.test-nsec3.example,cold,1140564,3,True,1788804303.6075416,
unbound,nsec3,nonexistent.test-nsec3.example,cold,908181,3,True,1788804303.6085303,
unbound,nsec3,nonexistent.test-nsec3.example,cold,2420125,3,True,1788804303.6110306,
unbound,nsec3,nonexistent.test-nsec3.example,cold,1484369,3,True,1788804303.612657,
unbound,nsec3,nonexistent.test-nsec3.example,cold,1453480,3,True,1788804303.6141918,
unbound,nsec3,nonexistent.test-nsec3.example,cold,1001328,3,True,1788804303.6153216,
unbound,nsec3,nonexistent.test-nsec3.example,cold,897842,3,True,1788804303.616365,
unbound,nsec3,nonexistent.test-nsec3.example,cold,723467,3,True,1788804303.6173422,
unbound,nsec3,nonexistent.test-nsec3.example,cold,691964,3,True,1788804303.6181028,
unbound,nsec3,nonexistent.test-nsec3.example,cold,755751,3,True,1788804303.6189167,
unbound,nsec3,nonexistent.test-nsec3.example,cold,1146633,3,True,1788804303.620127,
unbound,nsec3,nonexistent.test-nsec3.example,cold,1324679,3,True,1788804303.621516,
unbound,nsec3,nonexistent.test-nsec3.example,cold,1418872,3,True,1788804303.6230116,
unbound,nsec3,nonexistent.test-nsec3.example,cold,1061837,3,True,1788804303.624168,
unbound,nsec3,nonexistent.test-nsec3.example,cold,989652,3,True,1788804303.625236,
unbound,nsec3,nonexistent.test-nsec3.example,cold,960243,3,True,1788804303.6262677,
unbound,nsec3,nonexistent.test-nsec3.example,cold,882586,3,True,1788804303.6272624,
unbound,nsec3,nonexistent.test-nsec3.example,cold,834536,3,True,1788804303.6281512,
unbound,nsec3,nonexistent.test-nsec3.example,cold,840241,3,True,1788804303.6290524,
unbound,nsec3,nonexistent.test-nsec3.example,cold,838963,3,True,1788804303.6299438,
unbound,nsec3,nonexistent.test-nsec3.example,cold,630581,3,True,1788804303.6306329,
unbound,nsec3,nonexistent.test-nsec3.example,cold,897556,3,True,1788804303.6315753,
unbound,nsec3,nonexistent.test-nsec3.example,cold,825025,3,True,1788804303.6324494,
unbound,nsec3,nonexistent.test-nsec3.example,cold,782406,3,True,1788804303.6332984,
unbound,nsec3,nonexistent.test-nsec3.example,cold,731527,3,True,1788804303.6340766,
unbound,nsec3,nonexistent.test-nsec3.example,cold,873556,3,True,1788804303.6350062,
unbound,nsec3,nonexistent.test-nsec3.example,cold,964977,3,True,1788804303.6360471,
unbound,nsec3,nonexistent.test-nsec3.example,cold,1011694,3,True,1788804303.6371276,
unbound,nsec3,nonexistent.test-nsec3.example,cold,763750,3,True,1788804303.6379457,
unbound,nsec3,nonexistent.test-nsec3.example,cold,694461,3,True,1788804303.6387029,
unbound,nsec3,nonexistent.test-nsec3.example,cold,979475,3,True,1788804303.6397412,
unbound,nsec3,nonexistent.test-nsec3.example,cold,715373,3,True,1788804303.6405227,
unbound,nsec3,nonexistent.test-nsec3.example,cold,1815314,3,True,1788804303.6423988,
unbound,nsec3,nonexistent.test-nsec3.example,cold,875038,3,True,1788804303.6433403,
unbound,nsec3,nonexistent.test-nsec3.example,cold,920552,3,True,1788804303.6444237,
unbound,nsec3,nonexistent.test-nsec3.example,cold,850040,3,True,1788804303.6453273,
unbound,nsec3,nonexistent.test-nsec3.example,cold,781319,3,True,1788804303.6461594,
unbound,nsec3,nonexistent.test-nsec3.example,cold,797281,3,True,1788804303.647004,
unbound,nsec3,nonexistent.test-nsec3.example,cold,931168,3,True,1788804303.6479974,
unbound,nsec3,nonexistent.test-nsec3.example,cold,734935,3,True,1788804303.6488085,
unbound,nsec3,nonexistent.test-nsec3.example,cold,818427,3,True,1788804303.6496758,
unbound,nsec3,nonexistent.test-nsec3.example,cold,891898,3,True,1788804303.650617,
unbound,nsec3,nonexistent.test-nsec3.example,cold,919311,3,True,1788804303.651592,
unbound,nsec3,nonexistent.test-nsec3.example,cold,830524,3,True,1788804303.6524897,
unbound,nsec3,nonexistent.test-nsec3.example,cold,859339,3,True,1788804303.6534123,
unbound,nsec3,nonexistent.test-nsec3.example,cold,784577,3,True,1788804303.6542628,
unbound,nsec3,nonexistent.test-nsec3.example,cold,834919,3,True,1788804303.6551592,
unbound,nsec3,nonexistent.test-nsec3.example,cold,688937,3,True,1788804303.6559124,
unbound,nsec3,nonexistent.test-nsec3.example,cold,798824,3,True,1788804303.656772,
unbound,nsec3,nonexistent.test-nsec3.example,cold,812075,3,True,1788804303.6576428,
unbound,nsec3,nonexistent.test-nsec3.example,cold,1137819,3,True,1788804303.6588278,
unbound,nsec3,nonexistent.test-nsec3.example,cold,1128198,3,True,1788804303.6600158,
unbound,nsec3,nonexistent.test-nsec3.example,cold,1300207,3,True,1788804303.6613889,
unbound,nsec3,nonexistent.test-nsec3.example,cold,986606,3,True,1788804303.6624527,
unbound,nsec3,nonexistent.test-nsec3.example,cold,914032,3,True,1788804303.6634648,
unbound,nsec3,nonexistent.test-nsec3.example,cold,1023337,3,True,1788804303.6645532,
unbound,nsec3,nonexistent.test-nsec3.example,cold,819224,3,True,1788804303.665444,
unbound,nsec3,nonexistent.test-nsec3.example,cold,578249,3,True,1788804303.6660893,
unbound,nsec3,nonexistent.test-nsec3.example,cold,1274090,3,True,1788804303.66747,
unbound,nsec3,nonexistent.test-nsec3.example,cold,738146,3,True,1788804303.6683507,
unbound,nsec3,nonexistent.test-nsec3.example,cold,1022644,3,True,1788804303.6694362,
unbound,nsec3,nonexistent.test-nsec3.example,cold,1127496,3,True,1788804303.6706421,
unbound,nsec3,nonexistent.test-nsec3.example,cold,893659,3,True,1788804303.671601,
unbound,nsec3,nonexistent.test-nsec3.example,cold,1058773,3,True,1788804303.6727142,
unbound,nsec3,nonexistent.test-nsec3.example,cold,846948,3,True,1788804303.6736307,
unbound,nsec3,nonexistent.test-nsec3.example,cold,758378,3,True,1788804303.6744418,
unbound,nsec3,nonexistent.test-nsec3.example,cold,1027682,3,True,1788804303.6755292,
unbound,nsec3,nonexistent.test-nsec3.example,cold,670992,3,True,1788804303.6762486,
unbound,nsec3,nonexistent.test-nsec3.example,cold,681704,3,True,1788804303.676989,
unbound,nsec3,nonexistent.test-nsec3.example,cold,683590,3,True,1788804303.6777227,
unbound,nsec3,nonexistent.test-nsec3.example,cold,726814,3,True,1788804303.6784952,
unbound,nsec3,nonexistent.test-nsec3.example,cold,723709,3,True,1788804303.679268,
unbound,nsec3,nonexistent.test-nsec3.example,cold,741220,3,True,1788804303.6800613,
unbound,nsec3,nonexistent.test-nsec3.example,cold,1337143,3,True,1788804303.6814733,
unbound,nsec3,nonexistent.test-nsec3.example,cold,1725541,3,True,1788804303.6832805,
unbound,nsec3,nonexistent.test-nsec3.example,cold,1836914,3,True,1788804303.6852016,
unbound,nsec3,nonexistent.test-nsec3.example,cold,2381283,3,True,1788804303.6876771,
unbound,nsec3,nonexistent.test-nsec3.example,cold,3458518,3,True,1788804303.6912642,
unbound,nsec3,nonexistent.test-nsec3.example,cold,7842223,3,True,1788804303.699304,
unbound,nsec3,nonexistent.test-nsec3.example,cold,10492173,3,True,1788804303.7099853,
unbound,nsec3,nonexistent.test-nsec3.example,cold,7707614,3,True,1788804303.7177973,
unbound,nsec3,nonexistent.test-nsec3.example,cold,4729644,3,True,1788804303.724142,
unbound,nsec3,nonexistent.test-nsec3.example,cold,1530877,3,True,1788804303.7258682,
unbound,nsec3,nonexistent.test-nsec3.example,cold,2642778,3,True,1788804303.7285993,
unbound,nsec3,nonexistent.test-nsec3.example,cold,969932,3,True,1788804303.7296665,
unbound,nsec3,nonexistent.test-nsec3.example,cold,2276670,3,True,1788804303.7320192,
unbound,nsec3,nonexistent.test-nsec3.example,cold,1521368,3,True,1788804303.733668,
unbound,nsec3,nonexistent.test-nsec3.example,cold,946711,3,True,1788804303.7347116,
unbound,nsec3,nonexistent.test-nsec3.example,cold,1158865,3,True,1788804303.7359507,
unbound,nsec3,nonexistent.test-nsec3.example,cold,942591,3,True,1788804303.7369661,
unbound,nsec3,nonexistent.test-nsec3.example,cold,982194,3,True,1788804303.7380228,
unbound,nsec3,nonexistent.test-nsec3.example,cold,912772,3,True,1788804303.7390134,
unbound,nsec3,nonexistent.test-nsec3.example,cold,922696,3,True,1788804303.7400174,
unbound,nsec3,nonexistent.test-nsec3.example,cold,1072407,3,True,1788804303.7411704,
unbound,nsec3,nonexistent.test-nsec3.example,cold,976499,3,True,1788804303.742233,
unbound,nsec3,nonexistent.test-nsec3.example,cold,1150274,3,True,1788804303.7434661,
unbound,nsec3,nonexistent.test-nsec3.example,cold,994664,3,True,1788804303.7446303,
unbound,nsec3,nonexistent.test-nsec3.example,cold,987793,3,True,1788804303.7456932,
unbound,nsec3,nonexistent.test-nsec3.example,cold,863162,3,True,1788804303.7466314,
unbound,nsec3,nonexistent.test-nsec3.example,cold,1152955,3,True,1788804303.7482185,
unbound,nsec3,nonexistent.test-nsec3.example,cold,859574,3,True,1788804303.7491562,
unbound,nsec3,nonexistent.test-nsec3.example,cold,917138,3,True,1788804303.7501402,
unbound,nsec3,nonexistent.test-nsec3.example,cold,1048004,3,True,1788804303.751269,
unbound,nsec3,nonexistent.test-nsec3.example,cold,1188246,3,True,1788804303.752551,
unbound,nsec3,nonexistent.test-nsec3.example,cold,994260,3,True,1788804303.753856,
unbound,nsec3,nonexistent.test-nsec3.example,cold,1337328,3,True,1788804303.755271,
unbound,nsec3,nonexistent.test-nsec3.example,cold,1085799,3,True,1788804303.7564197,
unbound,nsec3,nonexistent.test-nsec3.example,cold,997852,3,True,1788804303.757512,
unbound,nsec3,nonexistent.test-nsec3.example,cold,1246199,3,True,1788804303.758839,
unbound,nsec3,nonexistent.test-nsec3.example,cold,1322422,3,True,1788804303.7602959,
unbound,nsec3,nonexistent.test-nsec3.example,cold,1074130,3,True,1788804303.761486,
unbound,nsec3,nonexistent.test-nsec3.example,cold,1106476,3,True,1788804303.7627084,
unbound,nsec3,nonexistent.test-nsec3.example,cold,1094145,3,True,1788804303.763891,
unbound,nsec3,nonexistent.test-nsec3.example,cold,927452,3,True,1788804303.7648969,
unbound,nsec3,nonexistent.test-nsec3.example,cold,950618,3,True,1788804303.7663567,
unbound,nsec3,nonexistent.test-nsec3.example,cold,739999,3,True,1788804303.7671707,
unbound,nsec3,nonexistent.test-nsec3.example,cold,702961,3,True,1788804303.767975,
unbound,nsec3,nonexistent.test-nsec3.example,cold,893096,3,True,1788804303.7690005,
unbound,nsec3,nonexistent.test-nsec3.example,cold,1046739,3,True,1788804303.770161,
unbound,nsec3,nonexistent.test-nsec3.example,cold,1281549,3,True,1788804303.7715573,
unbound,nsec3,nonexistent.test-nsec3.example,cold,806314,3,True,1788804303.7724473,
unbound,nsec3,nonexistent.test-nsec3.example,cold,1896089,3,True,1788804303.7744749,
unbound,nsec3,nonexistent.test-nsec3.example,cold,1380382,3,True,1788804303.7759714,
unbound,nsec3,nonexistent.test-nsec3.example,cold,777974,3,True,1788804303.7769146,
unbound,nsec3,nonexistent.test-nsec3.example,cold,727274,3,True,1788804303.7778232,
unbound,nsec3,nonexistent.test-nsec3.example,cold,985345,3,True,1788804303.7789507,
unbound,nsec3,nonexistent.test-nsec3.example,cold,703508,3,True,1788804303.7797763,
unbound,nsec3,nonexistent.test-nsec3.example,cold,686756,3,True,1788804303.7805128,
unbound,nsec3,nonexistent.test-nsec3.example,cold,799504,3,True,1788804303.781363,
unbound,nsec3,nonexistent.test-nsec3.example,cold,891976,3,True,1788804303.7823274,
unbound,nsec3,nonexistent.test-nsec3.example,cold,932136,3,True,1788804303.7833126,
unbound,nsec3,nonexistent.test-nsec3.example,cold,1166393,3,True,1788804303.7845433,
unbound,nsec3,nonexistent.test-nsec3.example,cold,897494,3,True,1788804303.7854953,
unbound,nsec3,nonexistent.test-nsec3.example,cold,839172,3,True,1788804303.786387,
unbound,nsec3,nonexistent.test-nsec3.example,cold,780520,3,True,1788804303.7872286,
unbound,nsec3,nonexistent.test-nsec3.example,cold,737886,3,True,1788804303.78802,
unbound,nsec3,nonexistent.test-nsec3.example,cold,680714,3,True,1788804303.7887607,
unbound,nsec3,nonexistent.test-nsec3.example,cold,613036,3,True,1788804303.7894328,
unbound,nsec3,nonexistent.test-nsec3.example,cold,708861,3,True,1788804303.7901986,
unbound,nsec3,nonexistent.test-nsec3.example,cold,627437,3,True,1788804303.7908852,
unbound,nsec3,nonexistent.test-nsec3.example,cold,1368798,3,True,1788804303.7923176,
unbound,nsec3,nonexistent.test-nsec3.example,cold,874330,3,True,1788804303.7932644,
unbound,nsec3,nonexistent.test-nsec3.example,cold,779886,3,True,1788804303.7940943,
unbound,nsec3,nonexistent.test-nsec3.example,cold,729615,3,True,1788804303.7948773,
unbound,nsec3,nonexistent.test-nsec3.example,cold,3718949,3,True,1788804303.7986631,
unbound,nsec3,nonexistent.test-nsec3.example,cold,2047650,3,True,1788804303.8008893,
unbound,nsec3,nonexistent.test-nsec3.example,cold,1211127,3,True,1788804303.802194,
unbound,nsec3,nonexistent.test-nsec3.example,cold,836212,3,True,1788804303.8031006,
unbound,nsec3,nonexistent.test-nsec3.example,cold,1193472,3,True,1788804303.804392,
unbound,nsec3,nonexistent.test-nsec3.example,cold,1190740,3,True,1788804303.8056564,
unbound,nsec3,nonexistent.test-nsec3.example,cold,1276414,3,True,1788804303.8070037,
unbound,nsec3,nonexistent.test-nsec3.example,cold,1266337,3,True,1788804303.8083494,
unbound,nsec3,nonexistent.test-nsec3.example,cold,1204254,3,True,1788804303.8096457,
unbound,nsec3,nonexistent.test-nsec3.example,cold,1090590,3,True,1788804303.810827,
unbound,nsec3,nonexistent.test-nsec3.example,cold,1058170,3,True,1788804303.8119588,
unbound,nsec3,nonexistent.test-nsec3.example,cold,2228828,3,True,1788804303.814409,
unbound,nsec3,nonexistent.test-nsec3.example,cold,1064666,3,True,1788804303.8157017,
unbound,nsec3,nonexistent.test-nsec3.example,cold,835605,3,True,1788804303.816604,
unbound,nsec3,nonexistent.test-nsec3.example,cold,713272,3,True,1788804303.817369,
unbound,nsec3,nonexistent.test-nsec3.example,cold,858964,3,True,1788804303.8182971,
unbound,nsec3,nonexistent.test-nsec3.example,cold,1183427,3,True,1788804303.8200996,
unbound,nsec3,nonexistent.test-nsec3.example,cold,991297,3,True,1788804303.8211715,
unbound,nsec3,nonexistent.test-nsec3.example,cold,888677,3,True,1788804303.8221273,
unbound,nsec3,nonexistent.test-nsec3.example,cold,762604,3,True,1788804303.8229566,
unbound,nsec3,nonexistent.test-nsec3.example,cold,799049,3,True,1788804303.8238027,
unbound,nsec3,nonexistent.test-nsec3.example,cold,889144,3,True,1788804303.8248086,
unbound,nsec3,nonexistent.test-nsec3.example,cold,772964,3,True,1788804303.825641,
unbound,nsec3,nonexistent.test-nsec3.example,cold,1319728,3,True,1788804303.8270214,
unbound,nsec3,nonexistent.test-nsec3.example,cold,1728048,3,True,1788804303.8288267,
unbound,nsec3,nonexistent.test-nsec3.example,cold,1577131,3,True,1788804303.8304913,
unbound,nsec3,nonexistent.test-nsec3.example,cold,982677,3,True,1788804303.8315637,
unbound,nsec3,nonexistent.test-nsec3.example,cold,3157031,3,True,1788804303.8348436,
unbound,nsec3,nonexistent.test-nsec3.example,cold,1370418,3,True,1788804303.8363144,
unbound,nsec3,nonexistent.test-nsec3.example,cold,814057,3,True,1788804303.8372808,
unbound,nsec3,nonexistent.test-nsec3.example,cold,737086,3,True,1788804303.8381486,
unbound,nsec3,nonexistent.test-nsec3.example,cold,1323418,3,True,1788804303.8395317,
unbound,nsec3,nonexistent.test-nsec3.example,cold,1211744,3,True,1788804303.8408172,
unbound,nsec3,nonexistent.test-nsec3.example,cold,871662,3,True,1788804303.8417754,
unbound,nsec3,nonexistent.test-nsec3.example,cold,652696,3,True,1788804303.8424883,
unbound,nsec3,nonexistent.test-nsec3.example,cold,921789,3,True,1788804303.8434596,
unbound,nsec3,nonexistent.test-nsec3.example,cold,659456,3,True,1788804303.84418,
unbound,nsec3,nonexistent.test-nsec3.example,cold,729956,3,True,1788804303.8449628,
unbound,nsec3,nonexistent.test-nsec3.example,cold,838992,3,True,1788804303.84586,
unbound,nsec3,nonexistent.test-nsec3.example,cold,874783,3,True,1788804303.8468034,
unbound,nsec3,nonexistent.test-nsec3.example,cold,965866,3,True,1788804303.847846,
unbound,nsec3,nonexistent.test-nsec3.example,cold,947521,3,True,1788804303.848868,
unbound,nsec3,nonexistent.test-nsec3.example,cold,4167709,3,True,1788804303.8531587,
unbound,nsec3,nonexistent.test-nsec3.example,cold,2922936,3,True,1788804303.856235,
unbound,nsec3,nonexistent.test-nsec3.example,cold,1456170,3,True,1788804303.858384,
unbound,nsec3,nonexistent.test-nsec3.example,cold,1661810,3,True,1788804303.860391,
unbound,nsec3,nonexistent.test-nsec3.example,cold,964550,3,True,1788804303.8614335,
unbound,nsec3,nonexistent.test-nsec3.example,cold,787260,3,True,1788804303.8622909,
unbound,nsec3,nonexistent.test-nsec3.example,cold,1210393,3,True,1788804303.8635633,
unbound,nsec3,nonexistent.test-nsec3.example,cold,1240523,3,True,1788804303.864871,
unbound,nsec3,nonexistent.test-nsec3.example,cold,1915798,3,True,1788804303.8668652,
unbound,nsec3,nonexistent.test-nsec3.example,cold,2281303,3,True,1788804303.8692555,
unbound,nsec3,nonexistent.test-nsec3.example,cold,1461690,3,True,1788804303.8708377,
unbound,nsec3,nonexistent.test-nsec3.example,cold,1386654,3,True,1788804303.8723118,
unbound,nsec3,nonexistent.test-nsec3.example,cold,1126750,3,True,1788804303.8735023,
unbound,nsec3,nonexistent.test-nsec3.example,cold,1275792,3,True,1788804303.874852,
unbound,nsec3,nonexistent.test-nsec3.example,cold,924452,3,True,1788804303.8758364,
unbound,nsec3,nonexistent.test-nsec3.example,cold,784700,3,True,1788804303.876674,
unbound,nsec3,nonexistent.test-nsec3.example,cold,811657,3,True,1788804303.8775356,
unbound,nsec3,nonexistent.test-nsec3.example,cold,761158,3,True,1788804303.8783479,
unbound,nsec3,nonexistent.test-nsec3.example,cold,1180394,3,True,1788804303.8796222,
unbound,nsec3,nonexistent.test-nsec3.example,cold,842705,3,True,1788804303.880548,
unbound,nsec3,nonexistent.test-nsec3.example,cold,1056049,3,True,1788804303.8816583,
unbound,nsec3,nonexistent.test-nsec3.example,cold,848364,3,True,1788804303.8825736,
unbound,nsec3,nonexistent.test-nsec3.example,cold,935061,3,True,1788804303.8835626,
unbound,nsec3,nonexistent.test-nsec3.example,cold,1118216,3,True,1788804303.8847413,
unbound,nsec3,nonexistent.test-nsec3.example,cold,834676,3,True,1788804303.8856387,
unbound,nsec3,nonexistent.test-nsec3.example,cold,935711,3,True,1788804303.8866394,
unbound,nsec3,nonexistent.test-nsec3.example,cold,1002826,3,True,1788804303.8877587,
unbound,nsec3,nonexistent.test-nsec3.example,cold,1178242,3,True,1788804303.8890114,
unbound,nsec3,nonexistent.test-nsec3.example,cold,1330482,3,True,1788804303.8904226,
unbound,nsec3,nonexistent.test-nsec3.example,cold,861208,3,True,1788804303.8913612,
unbound,nsec3,nonexistent.test-nsec3.example,cold,798479,3,True,1788804303.8922257,
unbound,nsec3,nonexistent.test-nsec3.example,cold,746188,3,True,1788804303.8930433,
unbound,nsec3,nonexistent.test-nsec3.example,cold,838579,3,True,1788804303.893948,
unbound,nsec3,nonexistent.test-nsec3.example,cold,726521,3,True,1788804303.8947365,
unbound,nsec3,nonexistent.test-nsec3.example,cold,937349,3,True,1788804303.8957372,
unbound,nsec3,nonexistent.test-nsec3.example,cold,769417,3,True,1788804303.8965712,
unbound,nsec3,nonexistent.test-nsec3.example,cold,728022,3,True,1788804303.8973463,
unbound,nsec3,nonexistent.test-nsec3.example,cold,699404,3,True,1788804303.898094,
unbound,nsec3,nonexistent.test-nsec3.example,cold,729916,3,True,1788804303.8988707,
unbound,nsec3,nonexistent.test-nsec3.example,cold,829053,3,True,1788804303.8997598,
unbound,nsec3,nonexistent.test-nsec3.example,cold,866464,3,True,1788804303.9008143,
unbound,nsec3,nonexistent.test-nsec3.example,cold,671319,3,True,1788804303.9015539,
unbound,nsec3,nonexistent.test-nsec3.example,cold,1045860,3,True,1788804303.9026682,
unbound,nsec3,nonexistent.test-nsec3.example,cold,822132,3,True,1788804303.9035559,
unbound,nsec3,nonexistent.test-nsec3.example,cold,689413,3,True,1788804303.9043057,
unbound,nsec3,nonexistent.test-nsec3.example,cold,825067,3,True,1788804303.90518,
unbound,nsec3,nonexistent.test-nsec3.example,cold,1255946,3,True,1788804303.906482,
unbound,nsec3,nonexistent.test-nsec3.example,cold,1067273,3,True,1788804303.9076025,
unbound,nsec3,nonexistent.test-nsec3.example,cold,1580056,3,True,1788804303.9092517,
unbound,nsec3,nonexistent.test-nsec3.example,cold,1156746,3,True,1788804303.9105449,
unbound,nsec3,nonexistent.test-nsec3.example,cold,1078486,3,True,1788804303.9117506,
unbound,nsec3,nonexistent.test-nsec3.example,cold,886633,3,True,1788804303.9127235,
unbound,nsec3,nonexistent.test-nsec3.example,cold,1141497,3,True,1788804303.9139671,
unbound,nsec3,nonexistent.test-nsec3.example,cold,802426,3,True,1788804303.9148426,
unbound,nsec3,nonexistent.test-nsec3.example,cold,865229,3,True,1788804303.9157712,
unbound,nsec3,nonexistent.test-nsec3.example,cold,816930,3,True,1788804303.9166925,
unbound,nsec3,nonexistent.test-nsec3.example,cold,616323,3,True,1788804303.9173543,
unbound,nsec3,nonexistent.test-nsec3.example,cold,661723,3,True,1788804303.9180598,
unbound,nsec3,nonexistent.test-nsec3.example,cold,768172,3,True,1788804303.9188716,
unbound,nsec3,nonexistent.test-nsec3.example,cold,1060652,3,True,1788804303.9199913,
unbound,nsec3,nonexistent.test-nsec3.example,cold,962079,3,True,1788804303.9210217,
unbound,nsec3,nonexistent.test-nsec3.example,cold,904890,3,True,1788804303.9219937,
unbound,nsec3,nonexistent.test-nsec3.example,cold,1243421,3,True,1788804303.923289,
unbound,nsec3,nonexistent.test-nsec3.example,cold,780815,3,True,1788804303.9241395,
unbound,nsec3,nonexistent.test-nsec3.example,cold,678336,3,True,1788804303.9248815,
unbound,nsec3,nonexistent.test-nsec3.example,cold,852302,3,True,1788804303.9258626,
unbound,nsec3,nonexistent.test-nsec3.example,cold,1091542,3,True,1788804303.927017,
unbound,nsec3,nonexistent.test-nsec3.example,cold,864018,3,True,1788804303.9279704,
unbound,nsec3,nonexistent.test-nsec3.example,cold,1466419,3,True,1788804303.9295013,
unbound,nsec3,nonexistent.test-nsec3.example,cold,1188894,3,True,1788804303.9307697,
unbound,nsec3,nonexistent.test-nsec3.example,cold,990983,3,True,1788804303.9318352,
unbound,nsec3,nonexistent.test-nsec3.example,cold,1067129,3,True,1788804303.932968,
unbound,nsec3,nonexistent.test-nsec3.example,cold,1184104,3,True,1788804303.9343617,
unbound,nsec3,nonexistent.test-nsec3.example,cold,949344,3,True,1788804303.9354174,
unbound,nsec3,nonexistent.test-nsec3.example,cold,756420,3,True,1788804303.9362419,
unbound,nsec3,nonexistent.test-nsec3.example,cold,719390,3,True,1788804303.9370236,
unbound,nsec3,nonexistent.test-nsec3.example,cold,1512149,3,True,1788804303.9385943,
unbound,nsec3,nonexistent.test-nsec3.example,cold,833054,3,True,1788804303.939501,
unbound,nsec3,nonexistent.test-nsec3.example,cold,948281,3,True,1788804303.9405048,
unbound,nsec3,nonexistent.test-nsec3.example,cold,796958,3,True,1788804303.9413848,
unbound,nsec3,nonexistent.test-nsec3.example,cold,861552,3,True,1788804303.942299,
unbound,nsec3,nonexistent.test-nsec3.example,cold,1866801,3,True,1788804303.9442334,
unbound,nsec3,nonexistent.test-nsec3.example,cold,1296299,3,True,1788804303.945808,
unbound,nsec3,nonexistent.test-nsec3.example,cold,942672,3,True,1788804303.946876,
unbound,nsec3,nonexistent.test-nsec3.example,cold,1057358,3,True,1788804303.9480803,
unbound,nsec3,nonexistent.test-nsec3.example,cold,905711,3,True,1788804303.949058,
unbound,nsec3,nonexistent.test-nsec3.example,cold,1005742,3,True,1788804303.9501374,
unbound,nsec3,nonexistent.test-nsec3.example,cold,756128,3,True,1788804303.9509559,
unbound,nsec3,nonexistent.test-nsec3.example,cold,766489,3,True,1788804303.9517758,
unbound,nsec3,nonexistent.test-nsec3.example,cold,748591,3,True,1788804303.952584,
unbound,nsec3,nonexistent.test-nsec3.example,cold,942108,3,True,1788804303.9535751,
unbound,nsec3,nonexistent.test-nsec3.example,cold,1060751,3,True,1788804303.954709,
unbound,nsec3,nonexistent.test-nsec3.example,cold,777688,3,True,1788804303.9555573,
unbound,nsec3,nonexistent.test-nsec3.example,cold,848911,3,True,1788804303.956458,
unbound,nsec3,nonexistent.test-nsec3.example,cold,877484,3,True,1788804303.9573867,
unbound,nsec3,nonexistent.test-nsec3.example,cold,762135,3,True,1788804303.958198,
unbound,nsec3,nonexistent.test-nsec3.example,cold,1033912,3,True,1788804303.959372,
unbound,nsec3,nonexistent.test-nsec3.example,cold,923791,3,True,1788804303.9604568,
unbound,nsec3,nonexistent.test-nsec3.example,cold,774646,3,True,1788804303.961295,
unbound,nsec3,nonexistent.test-nsec3.example,cold,705128,3,True,1788804303.962062,
unbound,nsec3,nonexistent.test-nsec3.example,cold,751541,3,True,1788804303.962868,
unbound,nsec3,nonexistent.test-nsec3.example,cold,744795,3,True,1788804303.9636707,
unbound,nsec3,nonexistent.test-nsec3.example,cold,723048,3,True,1788804303.9644525,
unbound,nsec3,nonexistent.test-nsec3.example,cold,797030,3,True,1788804303.965301,
unbound,nsec3,nonexistent.test-nsec3.example,cold,789603,3,True,1788804303.9661553,
unbound,nsec3,nonexistent.test-nsec3.example,cold,871613,3,True,1788804303.9670959,
unbound,nsec3,nonexistent.test-nsec3.example,cold,828997,3,True,1788804303.9680223,
unbound,nsec3,nonexistent.test-nsec3.example,cold,901553,3,True,1788804303.9689958,
unbound,nsec3,nonexistent.test-nsec3.example,cold,1173719,3,True,1788804303.9702613,
unbound,nsec3,nonexistent.test-nsec3.example,cold,1037034,3,True,1788804303.9713771,
unbound,nsec3,nonexistent.test-nsec3.example,cold,865184,3,True,1788804303.9723175,
unbound,nsec3,nonexistent.test-nsec3.example,cold,980642,3,True,1788804303.9733639,
unbound,nsec3,nonexistent.test-nsec3.example,cold,967451,3,True,1788804303.9743922,
unbound,nsec3,nonexistent.test-nsec3.example,cold,965465,3,True,1788804303.975476,
unbound,nsec3,nonexistent.test-nsec3.example,cold,920318,3,True,1788804303.9764771,
unbound,nsec3,nonexistent.test-nsec3.example,cold,926597,3,True,1788804303.9774647,
unbound,nsec3,nonexistent.test-nsec3.example,cold,863026,3,True,1788804303.978486,
unbound,nsec3,nonexistent.test-nsec3.example,cold,932780,3,True,1788804303.9797044,
unbound,nsec3,nonexistent.test-nsec3.example,cold,1339852,3,True,1788804303.9812026,
unbound,nsec3,nonexistent.test-nsec3.example,cold,917055,3,True,1788804303.9821935,
unbound,nsec3,nonexistent.test-nsec3.example,cold,714914,3,True,1788804303.982978,
unbound,nsec3,nonexistent.test-nsec3.example,cold,841342,3,True,1788804303.9838889,
unbound,nsec3,nonexistent.test-nsec3.example,cold,940002,3,True,1788804303.9848957,
unbound,nsec3,nonexistent.test-nsec3.example,cold,928671,3,True,1788804303.9858952,
unbound,nsec3,nonexistent.test-nsec3.example,cold,805196,3,True,1788804303.9867675,
unbound,nsec3,nonexistent.test-nsec3.example,cold,1167746,3,True,1788804303.9880016,
unbound,nsec3,nonexistent.test-nsec3.example,cold,865319,3,True,1788804303.9891076,
unbound,nsec3,nonexistent.test-nsec3.example,cold,866632,3,True,1788804303.9900308,
unbound,nsec3,nonexistent.test-nsec3.example,cold,721174,3,True,1788804303.9908173,
unbound,nsec3,nonexistent.test-nsec3.example,cold,737694,3,True,1788804303.9916134,
unbound,nsec3,nonexistent.test-nsec3.example,cold,661980,3,True,1788804303.992331,
unbound,nsec3,nonexistent.test-nsec3.example,cold,675069,3,True,1788804303.9930627,
unbound,nsec3,nonexistent.test-nsec3.example,cold,746367,3,True,1788804303.9938667,
unbound,nsec3,nonexistent.test-nsec3.example,cold,841527,3,True,1788804303.9947681,
unbound,nsec3,nonexistent.test-nsec3.example,cold,1078659,3,True,1788804303.9959135,
unbound,nsec3,nonexistent.test-nsec3.example,cold,680183,3,True,1788804303.9966521,
unbound,nsec3,nonexistent.test-nsec3.example,cold,908064,3,True,1788804303.997615,
unbound,nsec3,nonexistent.test-nsec3.example,cold,866975,3,True,1788804303.9985542,
unbound,nsec3,nonexistent.test-nsec3.example,cold,971634,3,True,1788804303.9996002,
unbound,nsec3,nonexistent.test-nsec3.example,cold,4584036,3,True,1788804304.0042348,
unbound,nsec3,nonexistent.test-nsec3.example,cold,1610816,3,True,1788804304.0059414,
unbound,nsec3,nonexistent.test-nsec3.example,cold,2335320,3,True,1788804304.008371,
unbound,nsec3,nonexistent.test-nsec3.example,cold,1152958,3,True,1788804304.0096183,
unbound,nsec3,nonexistent.test-nsec3.example,cold,635496,3,True,1788804304.010334,
unbound,nsec3,nonexistent.test-nsec3.example,cold,817657,3,True,1788804304.0112193,
unbound,nsec3,nonexistent.test-nsec3.example,cold,860733,3,True,1788804304.012165,
unbound,nsec3,nonexistent.test-nsec3.example,cold,1836142,3,True,1788804304.0140712,
unbound,nsec3,nonexistent.test-nsec3.example,cold,1121785,3,True,1788804304.0154095,
unbound,nsec3,nonexistent.test-nsec3.example,cold,1057916,3,True,1788804304.0165522,
unbound,nsec3,nonexistent.test-nsec3.example,cold,892172,3,True,1788804304.017531,
unbound,nsec3,nonexistent.test-nsec3.example,cold,902498,3,True,1788804304.0184917,
unbound,nsec3,nonexistent.test-nsec3.example,cold,962672,3,True,1788804304.019547,
unbound,nsec3,nonexistent.test-nsec3.example,cold,820517,3,True,1788804304.0204642,
unbound,nsec3,nonexistent.test-nsec3.example,cold,788853,3,True,1788804304.0213022,
unbound,nsec3,nonexistent.test-nsec3.example,cold,774313,3,True,1788804304.0221229,
unbound,nsec3,nonexistent.test-nsec3.example,cold,770819,3,True,1788804304.0229397,
unbound,nsec3,nonexistent.test-nsec3.example,cold,1128267,3,True,1788804304.0241158,
unbound,nsec3,nonexistent.test-nsec3.example,cold,904145,3,True,1788804304.0250728,
unbound,nsec3,nonexistent.test-nsec3.example,cold,883358,3,True,1788804304.026024,
unbound,nsec3,nonexistent.test-nsec3.example,cold,725925,3,True,1788804304.026811,
unbound,nsec3,nonexistent.test-nsec3.example,cold,668838,3,True,1788804304.027537,
unbound,nsec3,nonexistent.test-nsec3.example,cold,743106,3,True,1788804304.0283294,
unbound,nsec3,nonexistent.test-nsec3.example,cold,936541,3,True,1788804304.0293334,
unbound,nsec3,nonexistent.test-nsec3.example,cold,986827,3,True,1788804304.030398,
unbound,nsec3,nonexistent.test-nsec3.example,cold,1078366,3,True,1788804304.0315552,
unbound,nsec3,nonexistent.test-nsec3.example,cold,861385,3,True,1788804304.0324895,
unbound,nsec3,nonexistent.test-nsec3.example,cold,797840,3,True,1788804304.0333545,
unbound,nsec3,nonexistent.test-nsec3.example,cold,854714,3,True,1788804304.0342612,
unbound,nsec3,nonexistent.test-nsec3.example,cold,683817,3,True,1788804304.0350084,
unbound,nsec3,nonexistent.test-nsec3.example,cold,809571,3,True,1788804304.0358748,
unbound,nsec3,nonexistent.test-nsec3.example,cold,714134,3,True,1788804304.036642,
unbound,nsec3,nonexistent.test-nsec3.example,cold,724388,3,True,1788804304.037423,
unbound,nsec3,nonexistent.test-nsec3.example,cold,690062,3,True,1788804304.0381658,
unbound,nsec3,nonexistent.test-nsec3.example,cold,731469,3,True,1788804304.0389602,
unbound,nsec3,nonexistent.test-nsec3.example,cold,1205378,3,True,1788804304.0402458,
unbound,nsec3,nonexistent.test-nsec3.example,cold,813796,3,True,1788804304.0411248,
unbound,nsec3,nonexistent.test-nsec3.example,cold,1044544,3,True,1788804304.0422263,
unbound,nsec3,nonexistent.test-nsec3.example,cold,1133841,3,True,1788804304.0434544,
unbound,nsec3,nonexistent.test-nsec3.example,cold,726370,3,True,1788804304.0442529,
unbound,nsec3,nonexistent.test-nsec3.example,cold,764473,3,True,1788804304.0450792,
unbound,nsec3,nonexistent.test-nsec3.example,cold,884869,3,True,1788804304.0460134,
unbound,nsec3,nonexistent.test-nsec3.example,cold,650996,3,True,1788804304.046713,
unbound,nsec3,nonexistent.test-nsec3.example,cold,1094258,3,True,1788804304.0480454,
unbound,nsec3,nonexistent.test-nsec3.example,cold,989149,3,True,1788804304.0491054,
unbound,nsec3,nonexistent.test-nsec3.example,cold,803437,3,True,1788804304.0500975,
unbound,nsec3,nonexistent.test-nsec3.example,cold,871215,3,True,1788804304.0511234,
unbound,nsec3,nonexistent.test-nsec3.example,cold,1150658,3,True,1788804304.0523756,
unbound,nsec3,nonexistent.test-nsec3.example,cold,863480,3,True,1788804304.053349,
unbound,nsec3,nonexistent.test-nsec3.example,cold,892382,3,True,1788804304.0543633,
unbound,nsec3,nonexistent.test-nsec3.example,cold,727164,3,True,1788804304.0551572,
unbound,nsec3,nonexistent.test-nsec3.example,cold,839558,3,True,1788804304.0560637,
unbound,nsec3,nonexistent.test-nsec3.example,cold,906709,3,True,1788804304.05704,
unbound,nsec3,nonexistent.test-nsec3.example,cold,715742,3,True,1788804304.0578213,
unbound,nsec3,nonexistent.test-nsec3.example,cold,709348,3,True,1788804304.0585907,
unbound,nsec3,nonexistent.test-nsec3.example,cold,768625,3,True,1788804304.059423,
unbound,nsec3,nonexistent.test-nsec3.example,cold,740385,3,True,1788804304.060222,
unbound,nsec3,nonexistent.test-nsec3.example,cold,894965,3,True,1788804304.0611901,
unbound,nsec3,nonexistent.test-nsec3.example,cold,1338741,3,True,1788804304.0625997,
unbound,nsec3,nonexistent.test-nsec3.example,cold,1129924,3,True,1788804304.0638072,
unbound,nsec3,nonexistent.test-nsec3.example,cold,795731,3,True,1788804304.06468,
unbound,nsec3,nonexistent.test-nsec3.example,cold,693964,3,True,1788804304.0654376,
unbound,nsec3,nonexistent.test-nsec3.example,cold,1024144,3,True,1788804304.0665107,
unbound,nsec3,nonexistent.test-nsec3.example,cold,899722,3,True,1788804304.067473,
unbound,nsec3,nonexistent.test-nsec3.example,cold,903585,3,True,1788804304.068429,
unbound,nsec3,nonexistent.test-nsec3.example,cold,693337,3,True,1788804304.0692108,
unbound,nsec3,nonexistent.test-nsec3.example,cold,656410,3,True,1788804304.0699284,
unbound,nsec3,nonexistent.test-nsec3.example,cold,651053,3,True,1788804304.070638,
unbound,nsec3,nonexistent.test-nsec3.example,cold,743783,3,True,1788804304.0714395,
unbound,nsec3,nonexistent.test-nsec3.example,cold,809767,3,True,1788804304.072296,
unbound,nsec3,nonexistent.test-nsec3.example,cold,875610,3,True,1788804304.0732381,
unbound,nsec3,nonexistent.test-nsec3.example,cold,834137,3,True,1788804304.0741293,
unbound,nsec3,nonexistent.test-nsec3.example,cold,895077,3,True,1788804304.0750885,
unbound,nsec3,nonexistent.test-nsec3.example,cold,650446,3,True,1788804304.075844,
unbound,nsec3,nonexistent.test-nsec3.example,cold,692489,3,True,1788804304.0765955,
unbound,nsec3,nonexistent.test-nsec3.example,cold,653404,3,True,1788804304.0773065,
unbound,nsec3,nonexistent.test-nsec3.example,cold,646398,3,True,1788804304.0780113,
unbound,nsec3,nonexistent.test-nsec3.example,cold,665490,3,True,1788804304.0787323,
unbound,nsec3,nonexistent.test-nsec3.example,cold,1002748,3,True,1788804304.0797896,
unbound,nsec3,nonexistent.test-nsec3.example,cold,838231,3,True,1788804304.0810528,
unbound,nsec3,nonexistent.test-nsec3.example,cold,989558,3,True,1788804304.0820997,
unbound,nsec3,nonexistent.test-nsec3.example,cold,850863,3,True,1788804304.0830026,
unbound,nsec3,nonexistent.test-nsec3.example,cold,807701,3,True,1788804304.0838704,
unbound,nsec3,nonexistent.test-nsec3.example,cold,999286,3,True,1788804304.084927,
unbound,nsec3,nonexistent.test-nsec3.example,cold,2950950,3,True,1788804304.087978,
unbound,nsec3,nonexistent.test-nsec3.example,cold,1111789,3,True,1788804304.0891984,
unbound,nsec3,nonexistent.test-nsec3.example,cold,756307,3,True,1788804304.0900388,
unbound,nsec3,nonexistent.test-nsec3.example,cold,1352681,3,True,1788804304.0914614,
unbound,nsec3,nonexistent.test-nsec3.example,cold,939707,3,True,1788804304.092475,
unbound,nsec3,nonexistent.test-nsec3.example,cold,927134,3,True,1788804304.0935018,
unbound,nsec3,nonexistent.test-nsec3.example,cold,955680,3,True,1788804304.0945787,
unbound,nsec3,nonexistent.test-nsec3.example,cold,1105632,3,True,1788804304.095757,
unbound,nsec3,nonexistent.test-nsec3.example,cold,811608,3,True,1788804304.0967948,
unbound,nsec3,nonexistent.test-nsec3.example,cold,965763,3,True,1788804304.0978215,
unbound,nsec3,nonexistent.test-nsec3.example,cold,776657,3,True,1788804304.0986679,
unbound,nsec3,nonexistent.test-nsec3.example,cold,821414,3,True,1788804304.0995505,
unbound,nsec3,nonexistent.test-nsec3.example,cold,772274,3,True,1788804304.100375,
unbound,nsec3,nonexistent.test-nsec3.example,cold,717913,3,True,1788804304.1011662,
unbound,nsec3,nonexistent.test-nsec3.example,cold,725427,3,True,1788804304.1019516,
unbound,nsec3,nonexistent.test-nsec3.example,cold,835107,3,True,1788804304.1028347,
unbound,nsec3,nonexistent.test-nsec3.example,cold,756287,3,True,1788804304.103643,
unbound,nsec3,nonexistent.test-nsec3.example,cold,869680,3,True,1788804304.1045742,
unbound,nsec3,nonexistent.test-nsec3.example,cold,867964,3,True,1788804304.1055014,
unbound,nsec3,nonexistent.test-nsec3.example,cold,944160,3,True,1788804304.1065588,
unbound,nsec3,nonexistent.test-nsec3.example,cold,848940,3,True,1788804304.1075358,
unbound,nsec3,nonexistent.test-nsec3.example,cold,750010,3,True,1788804304.10835,
unbound,nsec3,nonexistent.test-nsec3.example,cold,850262,3,True,1788804304.1092603,
unbound,nsec3,nonexistent.test-nsec3.example,cold,732876,3,True,1788804304.110046,
unbound,nsec3,nonexistent.test-nsec3.example,cold,676754,3,True,1788804304.110789,
unbound,nsec3,nonexistent.test-nsec3.example,cold,869511,3,True,1788804304.1117191,
unbound,nsec3,nonexistent.test-nsec3.example,cold,749842,3,True,1788804304.112547,
unbound,nsec3,nonexistent.test-nsec3.example,cold,846976,3,True,1788804304.1134434,
unbound,nsec3,nonexistent.test-nsec3.example,cold,664705,3,True,1788804304.1141565,
unbound,nsec3,nonexistent.test-nsec3.example,cold,737759,3,True,1788804304.1149502,
unbound,nsec3,nonexistent.test-nsec3.example,cold,848662,3,True,1788804304.1158495,
unbound,nsec3,nonexistent.test-nsec3.example,cold,677913,3,True,1788804304.1165788,
unbound,nsec3,nonexistent.test-nsec3.example,cold,1070595,3,True,1788804304.1177201,
unbound,nsec3,nonexistent.test-nsec3.example,cold,838481,3,True,1788804304.118648,
unbound,nsec3,nonexistent.test-nsec3.example,cold,846252,3,True,1788804304.1195502,
unbound,nsec3,nonexistent.test-nsec3.example,cold,779536,3,True,1788804304.1204832,
unbound,nsec3,nonexistent.test-nsec3.example,cold,682345,3,True,1788804304.121253,
unbound,nsec3,nonexistent.test-nsec3.example,cold,830502,3,True,1788804304.1221304,
unbound,nsec3,nonexistent.test-nsec3.example,cold,679769,3,True,1788804304.12287,
unbound,nsec3,nonexistent.test-nsec3.example,cold,779412,3,True,1788804304.1237018,
unbound,nsec3,nonexistent.test-nsec3.example,cold,762599,3,True,1788804304.124514,
unbound,nsec3,nonexistent.test-nsec3.example,cold,909581,3,True,1788804304.125477,
unbound,nsec3,nonexistent.test-nsec3.example,cold,719997,3,True,1788804304.1262589,
unbound,nsec3,nonexistent.test-nsec3.example,cold,896585,3,True,1788804304.1272094,
unbound,nsec3,nonexistent.test-nsec3.example,cold,766873,3,True,1788804304.1280422,
unbound,nsec3,nonexistent.test-nsec3.example,cold,757586,3,True,1788804304.1288626,
unbound,nsec3,nonexistent.test-nsec3.example,cold,855375,3,True,1788804304.1297812,
unbound,nsec3,nonexistent.test-nsec3.example,cold,796459,3,True,1788804304.1306477,
unbound,nsec3,nonexistent.test-nsec3.example,cold,804177,3,True,1788804304.1315134,
unbound,nsec3,nonexistent.test-nsec3.example,cold,767630,3,True,1788804304.132337,
unbound,nsec3,nonexistent.test-nsec3.example,cold,771817,3,True,1788804304.133158,
unbound,nsec3,nonexistent.test-nsec3.example,cold,1016833,3,True,1788804304.134234,
unbound,nsec3,nonexistent.test-nsec3.example,cold,824633,3,True,1788804304.1351337,
unbound,nsec3,nonexistent.test-nsec3.example,cold,912390,3,True,1788804304.1361098,
unbound,nsec3,nonexistent.test-nsec3.example,cold,1114642,3,True,1788804304.1373134,
unbound,nsec3,nonexistent.test-nsec3.example,cold,1056444,3,True,1788804304.1384428,
unbound,nsec3,nonexistent.test-nsec3.example,cold,1014820,3,True,1788804304.13953,
unbound,nsec3,nonexistent.test-nsec3.example,cold,1041928,3,True,1788804304.1406412,
unbound,nsec3,nonexistent.test-nsec3.example,cold,591294,3,True,1788804304.1413,
unbound,nsec3,nonexistent.test-nsec3.example,cold,649630,3,True,1788804304.1420107,
unbound,nsec3,nonexistent.test-nsec3.example,cold,714881,3,True,1788804304.1428266,
unbound,nsec3,nonexistent.test-nsec3.example,cold,1558792,3,True,1788804304.1452296,
unbound,nsec3,nonexistent.test-nsec3.example,cold,1057549,3,True,1788804304.146428,
unbound,nsec3,nonexistent.test-nsec3.example,cold,941790,3,True,1788804304.1478903,
unbound,nsec3,nonexistent.test-nsec3.example,cold,802136,3,True,1788804304.1487668,
unbound,nsec3,nonexistent.test-nsec3.example,cold,1641253,3,True,1788804304.1504843,
unbound,nsec3,nonexistent.test-nsec3.example,cold,1131562,3,True,1788804304.1516917,
unbound,nsec3,nonexistent.test-nsec3.example,cold,1575658,3,True,1788804304.1535203,
unbound,nsec3,nonexistent.test-nsec3.example,cold,1020836,3,True,1788804304.15463,
unbound,nsec3,nonexistent.test-nsec3.example,cold,980653,3,True,1788804304.155693,
unbound,nsec3,nonexistent.test-nsec3.example,cold,1879567,3,True,1788804304.1576428,
unbound,nsec3,nonexistent.test-nsec3.example,cold,2459596,3,True,1788804304.160222,
unbound,nsec3,nonexistent.test-nsec3.example,cold,1572918,3,True,1788804304.1618793,
unbound,nsec3,nonexistent.test-nsec3.example,cold,961283,3,True,1788804304.1629243,
unbound,nsec3,nonexistent.test-nsec3.example,cold,1014800,3,True,1788804304.1639986,
unbound,nsec3,nonexistent.test-nsec3.example,cold,764317,3,True,1788804304.1648185,
unbound,nsec3,nonexistent.test-nsec3.example,cold,849943,3,True,1788804304.1657329,
unbound,nsec3,nonexistent.test-nsec3.example,cold,804034,3,True,1788804304.166601,
unbound,nsec3,nonexistent.test-nsec3.example,cold,707285,3,True,1788804304.167372,
unbound,nsec3,nonexistent.test-nsec3.example,cold,881419,3,True,1788804304.1683161,
unbound,nsec3,nonexistent.test-nsec3.example,cold,773458,3,True,1788804304.1691556,
unbound,nsec3,nonexistent.test-nsec3.example,cold,763678,3,True,1788804304.1699946,
unbound,nsec3,nonexistent.test-nsec3.example,cold,827334,3,True,1788804304.1709552,
unbound,nsec3,nonexistent.test-nsec3.example,cold,2341777,3,True,1788804304.1733847,
unbound,nsec3,nonexistent.test-nsec3.example,cold,1189279,3,True,1788804304.1746871,
unbound,nsec3,nonexistent.test-nsec3.example,cold,1255531,3,True,1788804304.1760309,
unbound,nsec3,nonexistent.test-nsec3.example,cold,863726,3,True,1788804304.1769698,
unbound,nsec3,nonexistent.test-nsec3.example,cold,722446,3,True,1788804304.1777582,
unbound,nsec3,nonexistent.test-nsec3.example,cold,676512,3,True,1788804304.1784973,
unbound,nsec3,nonexistent.test-nsec3.example,cold,757970,3,True,1788804304.1793058,
unbound,nsec3,nonexistent.test-nsec3.example,cold,928465,3,True,1788804304.1803064,
unbound,nsec3,nonexistent.test-nsec3.example,cold,882988,3,True,1788804304.1812453,
unbound,nsec3,nonexistent.test-nsec3.example,cold,808944,3,True,1788804304.1821334,
unbound,nsec3,nonexistent.test-nsec3.example,cold,839009,3,True,1788804304.18314,
unbound,nsec3,nonexistent.test-nsec3.example,cold,714867,3,True,1788804304.183912,
unbound,nsec3,nonexistent.test-nsec3.example,cold,763925,3,True,1788804304.1847315,
unbound,nsec3,nonexistent.test-nsec3.example,cold,747017,3,True,1788804304.1855268,
unbound,nsec3,nonexistent.test-nsec3.example,cold,741388,3,True,1788804304.1863148,
unbound,nsec3,nonexistent.test-nsec3.example,cold,728816,3,True,1788804304.1870904,
unbound,nsec3,nonexistent.test-nsec3.example,cold,682851,3,True,1788804304.1878562,
unbound,nsec3,nonexistent.test-nsec3.example,cold,819242,3,True,1788804304.1887264,
unbound,nsec3,nonexistent.test-nsec3.example,cold,692018,3,True,1788804304.1894739,
unbound,nsec3,nonexistent.test-nsec3.example,cold,563412,3,True,1788804304.1900964,
unbound,nsec3,nonexistent.test-nsec3.example,cold,773986,3,True,1788804304.190928,
unbound,nsec3,nonexistent.test-nsec3.example,cold,685365,3,True,1788804304.1916606,
unbound,nsec3,nonexistent.test-nsec3.example,cold,654376,3,True,1788804304.192361,
unbound,nsec3,nonexistent.test-nsec3.example,cold,810229,3,True,1788804304.1932154,
unbound,nsec3,nonexistent.test-nsec3.example,cold,931808,3,True,1788804304.194206,
unbound,nsec3,nonexistent.test-nsec3.example,cold,740015,3,True,1788804304.1950102,
unbound,nsec3,nonexistent.test-nsec3.example,cold,770142,3,True,1788804304.1959562,
unbound,nsec3,nonexistent.test-nsec3.example,cold,832861,3,True,1788804304.1968465,
unbound,nsec3,nonexistent.test-nsec3.example,cold,868769,3,True,1788804304.1977804,
unbound,nsec3,nonexistent.test-nsec3.example,cold,883223,3,True,1788804304.1987169,
unbound,nsec3,nonexistent.test-nsec3.example,cold,797751,3,True,1788804304.1995828,
unbound,nsec3,nonexistent.test-nsec3.example,cold,1139261,3,True,1788804304.2007926,
unbound,nsec3,nonexistent.test-nsec3.example,cold,707752,3,True,1788804304.201578,
unbound,nsec3,nonexistent.test-nsec3.example,cold,742327,3,True,1788804304.2023814,
unbound,nsec3,nonexistent.test-nsec3.example,cold,609487,3,True,1788804304.203049,
unbound,nsec3,nonexistent.test-nsec3.example,cold,649402,3,True,1788804304.2037542,
unbound,nsec3,nonexistent.test-nsec3.example,cold,609479,3,True,1788804304.2044184,
unbound,nsec3,nonexistent.test-nsec3.example,cold,885717,3,True,1788804304.205356,
unbound,nsec3,nonexistent.test-nsec3.example,cold,778337,3,True,1788804304.206202,
unbound,nsec3,nonexistent.test-nsec3.example,cold,1009891,3,True,1788804304.2073133,
unbound,nsec3,nonexistent.test-nsec3.example,cold,922597,3,True,1788804304.2082992,
unbound,nsec3,nonexistent.test-nsec3.example,cold,1021579,3,True,1788804304.2094646,
unbound,nsec3,nonexistent.test-nsec3.example,cold,851222,3,True,1788804304.2104027,
unbound,nsec3,nonexistent.test-nsec3.example,cold,855005,3,True,1788804304.2113519,
unbound,nsec3,nonexistent.test-nsec3.example,cold,1350378,3,True,1788804304.212773,
unbound,nsec3,nonexistent.test-nsec3.example,cold,899219,3,True,1788804304.213755,
unbound,nsec3,nonexistent.test-nsec3.example,cold,866485,3,True,1788804304.2147186,
unbound,nsec3,nonexistent.test-nsec3.example,cold,1005735,3,True,1788804304.215792,
unbound,nsec3,nonexistent.test-nsec3.example,cold,883150,3,True,1788804304.2167513,
unbound,nsec3,nonexistent.test-nsec3.example,cold,661963,3,True,1788804304.217477,
unbound,nsec3,nonexistent.test-nsec3.example,cold,739049,3,True,1788804304.2182777,
unbound,nsec3,nonexistent.test-nsec3.example,cold,798855,3,True,1788804304.2191381,
unbound,nsec3,nonexistent.test-nsec3.example,cold,991452,3,True,1788804304.2201943,
unbound,nsec3,nonexistent.test-nsec3.example,cold,1428543,3,True,1788804304.2216952,
unbound,nsec3,nonexistent.test-nsec3.example,cold,1903287,3,True,1788804304.2238517,
unbound,nsec3,nonexistent.test-nsec3.example,cold,1891229,3,True,1788804304.2258391,
unbound,nsec3,nonexistent.test-nsec3.example,cold,811620,3,True,1788804304.226748,
unbound,nsec3,nonexistent.test-nsec3.example,cold,742996,3,True,1788804304.22756,
unbound,nsec3,nonexistent.test-nsec3.example,cold,735843,3,True,1788804304.2283604,
unbound,nsec3,nonexistent.test-nsec3.example,cold,720842,3,True,1788804304.2291338,
unbound,nsec3,nonexistent.test-nsec3.example,cold,807369,3,True,1788804304.2299874,
unbound,nsec3,nonexistent.test-nsec3.example,cold,795690,3,True,1788804304.2308433,
unbound,nsec3,nonexistent.test-nsec3.example,cold,747048,3,True,1788804304.231638,
unbound,nsec3,nonexistent.test-nsec3.example,cold,904345,3,True,1788804304.2326057,
unbound,nsec3,nonexistent.test-nsec3.example,cold,775564,3,True,1788804304.233452,
unbound,nsec3,nonexistent.test-nsec3.example,cold,701908,3,True,1788804304.23422,
unbound,nsec3,nonexistent.test-nsec3.example,cold,796022,3,True,1788804304.2351444,
unbound,nsec3,nonexistent.test-nsec3.example,cold,700794,3,True,1788804304.2359087,
unbound,nsec3,nonexistent.test-nsec3.example,cold,938620,3,True,1788804304.2369056,
unbound,nsec3,nonexistent.test-nsec3.example,cold,821599,3,True,1788804304.2377775,
unbound,nsec3,nonexistent.test-nsec3.example,cold,822113,3,True,1788804304.238661,
unbound,nsec3,nonexistent.test-nsec3.example,cold,823425,3,True,1788804304.2395446,
unbound,nsec3,nonexistent.test-nsec3.example,cold,695823,3,True,1788804304.2402885,
unbound,nsec3,nonexistent.test-nsec3.example,cold,737767,3,True,1788804304.2410867,
unbound,nsec3,nonexistent.test-nsec3.example,cold,685923,3,True,1788804304.2418327,
unbound,nsec3,nonexistent.test-nsec3.example,cold,767410,3,True,1788804304.2426596,
unbound,nsec3,nonexistent.test-nsec3.example,cold,777144,3,True,1788804304.2434933,
unbound,nsec3,nonexistent.test-nsec3.example,cold,821904,3,True,1788804304.2443771,
unbound,nsec3,nonexistent.test-nsec3.example,cold,709925,3,True,1788804304.2451437,
unbound,nsec3,nonexistent.test-nsec3.example,cold,914528,3,True,1788804304.24611,
unbound,nsec3,nonexistent.test-nsec3.example,cold,1133789,3,True,1788804304.2473183,
unbound,nsec3,nonexistent.test-nsec3.example,cold,948796,3,True,1788804304.248343,
unbound,nsec3,nonexistent.test-nsec3.example,cold,963810,3,True,1788804304.2493823,
unbound,nsec3,nonexistent.test-nsec3.example,cold,872297,3,True,1788804304.250376,
unbound,nsec3,nonexistent.test-nsec3.example,cold,924106,3,True,1788804304.2513711,
unbound,nsec3,nonexistent.test-nsec3.example,cold,1151430,3,True,1788804304.2525923,
unbound,nsec3,nonexistent.test-nsec3.example,cold,1194405,3,True,1788804304.2538621,
unbound,nsec3,nonexistent.test-nsec3.example,cold,984078,3,True,1788804304.2549682,
unbound,nsec3,nonexistent.test-nsec3.example,cold,987703,3,True,1788804304.2560291,
unbound,nsec3,nonexistent.test-nsec3.example,cold,1189849,3,True,1788804304.2572887,
unbound,nsec3,nonexistent.test-nsec3.example,cold,856313,3,True,1788804304.258213,
unbound,nsec3,nonexistent.test-nsec3.example,cold,839133,3,True,1788804304.2591047,
unbound,nsec3,nonexistent.test-nsec3.example,cold,850335,3,True,1788804304.2600315,
unbound,nsec3,nonexistent.test-nsec3.example,cold,756632,3,True,1788804304.2608368,
unbound,nsec3,nonexistent.test-nsec3.example,cold,790358,3,True,1788804304.261678,
unbound,nsec3,nonexistent.test-nsec3.example,cold,835236,3,True,1788804304.2625763,
unbound,nsec3,nonexistent.test-nsec3.example,cold,1097766,3,True,1788804304.263743,
unbound,nsec3,nonexistent.test-nsec3.example,cold,700377,3,True,1788804304.264505,
unbound,nsec3,nonexistent.test-nsec3.example,cold,942288,3,True,1788804304.2654958,
unbound,nsec3,nonexistent.test-nsec3.example,cold,680604,3,True,1788804304.2662387,
unbound,nsec3,nonexistent.test-nsec3.example,cold,890923,3,True,1788804304.2671876,
unbound,nsec3,nonexistent.test-nsec3.example,cold,877120,3,True,1788804304.2681394,
unbound,nsec3,nonexistent.test-nsec3.example,cold,824221,3,True,1788804304.2690244,
unbound,nsec3,nonexistent.test-nsec3.example,cold,997178,3,True,1788804304.2700863,
unbound,nsec3,nonexistent.test-nsec3.example,cold,1019793,3,True,1788804304.2711842,
unbound,nsec3,nonexistent.test-nsec3.example,cold,794883,3,True,1788804304.272056,
unbound,nsec3,nonexistent.test-nsec3.example,cold,775694,3,True,1788804304.2729,
unbound,nsec3,nonexistent.test-nsec3.example,cold,704955,3,True,1788804304.2736678,
unbound,nsec3,nonexistent.test-nsec3.example,cold,694145,3,True,1788804304.2744222,
unbound,nsec3,nonexistent.test-nsec3.example,cold,887302,3,True,1788804304.2753654,
unbound,nsec3,nonexistent.test-nsec3.example,cold,794864,3,True,1788804304.276205,
unbound,nsec3,nonexistent.test-nsec3.example,cold,687378,3,True,1788804304.2769384,
unbound,nsec3,nonexistent.test-nsec3.example,cold,806907,3,True,1788804304.277798,
unbound,nsec3,nonexistent.test-nsec3.example,cold,891242,3,True,1788804304.2787404,
unbound,nsec3,nonexistent.test-nsec3.example,cold,887241,3,True,1788804304.2796962,
unbound,nsec3,nonexistent.test-nsec3.example,cold,956710,3,True,1788804304.280723,
unbound,nsec3,nonexistent.test-nsec3.example,cold,744235,3,True,1788804304.281537,
unbound,nsec3,nonexistent.test-nsec3.example,cold,805746,3,True,1788804304.282403,
unbound,nsec3,nonexistent.test-nsec3.example,cold,844409,3,True,1788804304.2833087,
unbound,nsec3,nonexistent.test-nsec3.example,cold,900272,3,True,1788804304.2842722,
unbound,nsec3,nonexistent.test-nsec3.example,cold,739474,3,True,1788804304.2850735,
unbound,nsec3,nonexistent.test-nsec3.example,cold,813907,3,True,1788804304.2862558,
unbound,nsec3,nonexistent.test-nsec3.example,cold,811076,3,True,1788804304.2871363,
unbound,nsec3,nonexistent.test-nsec3.example,cold,826140,3,True,1788804304.2880757,
unbound,nsec3,nonexistent.test-nsec3.example,cold,3608136,3,True,1788804304.2917492,
unbound,nsec3,nonexistent.test-nsec3.example,cold,1237440,3,True,1788804304.293066,
unbound,nsec3,nonexistent.test-nsec3.example,cold,849050,3,True,1788804304.2939937,
unbound,nsec3,nonexistent.test-nsec3.example,cold,979431,3,True,1788804304.2950463,
unbound,nsec3,nonexistent.test-nsec3.example,cold,1033428,3,True,1788804304.2961469,
unbound,nsec3,nonexistent.test-nsec3.example,cold,900289,3,True,1788804304.2971697,
unbound,nsec3,nonexistent.test-nsec3.example,cold,742623,3,True,1788804304.2979848,
unbound,nsec3,nonexistent.test-nsec3.example,cold,730288,3,True,1788804304.2987797,
unbound,nsec3,nonexistent.test-nsec3.example,cold,1176576,3,True,1788804304.3000228,
unbound,nsec3,nonexistent.test-nsec3.example,cold,1166029,3,True,1788804304.3012638,
unbound,nsec3,nonexistent.test-nsec3.example,cold,1025895,3,True,1788804304.302361,
unbound,nsec3,nonexistent.test-nsec3.example,cold,803123,3,True,1788804304.303237,
unbound,nsec3,nonexistent.test-nsec3.example,cold,698708,3,True,1788804304.304002,
unbound,nsec3,nonexistent.test-nsec3.example,cold,911125,3,True,1788804304.3049731,
unbound,nsec3,nonexistent.test-nsec3.example,cold,711659,3,True,1788804304.3057506,
unbound,nsec3,nonexistent.test-nsec3.example,cold,666999,3,True,1788804304.306466,
unbound,nsec3,nonexistent.test-nsec3.example,cold,879415,3,True,1788804304.307392,
unbound,nsec3,nonexistent.test-nsec3.example,cold,736874,3,True,1788804304.3081923,
unbound,nsec3,nonexistent.test-nsec3.example,cold,771225,3,True,1788804304.3090134,
unbound,nsec3,nonexistent.test-nsec3.example,cold,816409,3,True,1788804304.3098924,
unbound,nsec3,nonexistent.test-nsec3.example,cold,688027,3,True,1788804304.3106444,
unbound,nsec3,nonexistent.test-nsec3.example,cold,749824,3,True,1788804304.311451,
unbound,nsec3,nonexistent.test-nsec3.example,cold,767863,3,True,1788804304.3122785,
unbound,nsec3,nonexistent.test-nsec3.example,cold,671507,3,True,1788804304.3130076,
unbound,nsec3,nonexistent.test-nsec3.example,cold,827732,3,True,1788804304.313882,
unbound,nsec3,nonexistent.test-nsec3.example,cold,667497,3,True,1788804304.314608,
unbound,nsec3,nonexistent.test-nsec3.example,cold,862716,3,True,1788804304.3155277,
unbound,nsec3,nonexistent.test-nsec3.example,cold,1011803,3,True,1788804304.3166099,
unbound,nsec3,nonexistent.test-nsec3.example,cold,927090,3,True,1788804304.3176086,
unbound,nsec3,nonexistent.test-nsec3.example,cold,944251,3,True,1788804304.3186193,
unbound,nsec3,nonexistent.test-nsec3.example,cold,816360,3,True,1788804304.3194964,
unbound,nsec3,nonexistent.test-nsec3.example,cold,836462,3,True,1788804304.3204012,
unbound,nsec3,nonexistent.test-nsec3.example,cold,952928,3,True,1788804304.3214266,
unbound,nsec3,nonexistent.test-nsec3.example,cold,898521,3,True,1788804304.322401,
unbound,nsec3,nonexistent.test-nsec3.example,cold,948913,3,True,1788804304.3234568,
unbound,nsec3,nonexistent.test-nsec3.example,cold,952040,3,True,1788804304.3244803,
unbound,nsec3,nonexistent.test-nsec3.example,cold,793149,3,True,1788804304.3253381,
unbound,nsec3,nonexistent.test-nsec3.example,cold,801492,3,True,1788804304.326207,
unbound,nsec3,nonexistent.test-nsec3.example,cold,876473,3,True,1788804304.3271587,
unbound,nsec3,nonexistent.test-nsec3.example,cold,1894557,3,True,1788804304.3291132,
unbound,nsec3,nonexistent.test-nsec3.example,cold,1292889,3,True,1788804304.3304782,
unbound,nsec3,nonexistent.test-nsec3.example,cold,1605291,3,True,1788804304.3322685,
unbound,nsec3,nonexistent.test-nsec3.example,cold,1155896,3,True,1788804304.334817,
unbound,nsec3,nonexistent.test-nsec3.example,cold,1151569,3,True,1788804304.3360403,
unbound,nsec3,nonexistent.test-nsec3.example,cold,790606,3,True,1788804304.3369002,
unbound,nsec3,nonexistent.test-nsec3.example,cold,788550,3,True,1788804304.3377533,
unbound,nsec3,nonexistent.test-nsec3.example,cold,666377,3,True,1788804304.3384802,
unbound,nsec3,nonexistent.test-nsec3.example,cold,811188,3,True,1788804304.3393462,
unbound,nsec3,nonexistent.test-nsec3.example,cold,911086,3,True,1788804304.340323,
unbound,nsec3,nonexistent.test-nsec3.example,cold,1186586,3,True,1788804304.3415844,
unbound,nsec3,nonexistent.test-nsec3.example,cold,894075,3,True,1788804304.3425574,
unbound,nsec3,nonexistent.test-nsec3.example,cold,749200,3,True,1788804304.3433595,
unbound,nsec3,nonexistent.test-nsec3.example,cold,797247,3,True,1788804304.3442118,
unbound,nsec3,nonexistent.test-nsec3.example,cold,767053,3,True,1788804304.3450453,
unbound,nsec3,nonexistent.test-nsec3.example,cold,809962,3,True,1788804304.3459113,
unbound,nsec3,nonexistent.test-nsec3.example,cold,965605,3,True,1788804304.3469267,
unbound,nsec3,nonexistent.test-nsec3.example,cold,699525,3,True,1788804304.3476863,
unbound,nsec3,nonexistent.test-nsec3.example,cold,760653,3,True,1788804304.3485005,
unbound,nsec3,nonexistent.test-nsec3.example,cold,790114,3,True,1788804304.3493502,
unbound,nsec3,nonexistent.test-nsec3.example,cold,792621,3,True,1788804304.3502028,
unbound,nsec3,nonexistent.test-nsec3.example,cold,727731,3,True,1788804304.3509932,
unbound,nsec3,nonexistent.test-nsec3.example,cold,842283,3,True,1788804304.3518946,
unbound,nsec3,nonexistent.test-nsec3.example,cold,803636,3,True,1788804304.3527513,
unbound,nsec3,nonexistent.test-nsec3.example,cold,785795,3,True,1788804304.3535962,
unbound,nsec3,nonexistent.test-nsec3.example,cold,960657,3,True,1788804304.3546169,
unbound,nsec3,nonexistent.test-nsec3.example,cold,1195455,3,True,1788804304.355961,
unbound,nsec3,nonexistent.test-nsec3.example,cold,854215,3,True,1788804304.356905,
unbound,nsec3,nonexistent.test-nsec3.example,cold,733275,3,True,1788804304.3577118,
unbound,nsec3,nonexistent.test-nsec3.example,cold,841496,3,True,1788804304.3586054,
unbound,nsec3,nonexistent.test-nsec3.example,cold,825469,3,True,1788804304.3594851,
unbound,nsec3,nonexistent.test-nsec3.example,cold,672871,3,True,1788804304.360224,
unbound,nsec3,nonexistent.test-nsec3.example,cold,768047,3,True,1788804304.361053,
unbound,nsec3,nonexistent.test-nsec3.example,cold,685081,3,True,1788804304.3617942,
unbound,nsec3,nonexistent.test-nsec3.example,cold,693787,3,True,1788804304.3625426,
unbound,nsec3,nonexistent.test-nsec3.example,cold,793273,3,True,1788804304.3633873,
unbound,nsec3,nonexistent.test-nsec3.example,cold,998804,3,True,1788804304.3644514,
unbound,nsec3,nonexistent.test-nsec3.example,cold,749473,3,True,1788804304.36527,
unbound,nsec3,nonexistent.test-nsec3.example,cold,878207,3,True,1788804304.3662136,
unbound,nsec3,nonexistent.test-nsec3.example,cold,970128,3,True,1788804304.3672354,
unbound,nsec3,nonexistent.test-nsec3.example,cold,889729,3,True,1788804304.3681967,
unbound,nsec3,nonexistent.test-nsec3.example,cold,912881,3,True,1788804304.3691967,
unbound,nsec3,nonexistent.test-nsec3.example,cold,994756,3,True,1788804304.3702745,
unbound,nsec3,nonexistent.test-nsec3.example,cold,946243,3,True,1788804304.3712983,
unbound,nsec3,nonexistent.test-nsec3.example,cold,801786,3,True,1788804304.3721714,
unbound,nsec3,nonexistent.test-nsec3.example,cold,837302,3,True,1788804304.3730795,
unbound,nsec3,nonexistent.test-nsec3.example,cold,802516,3,True,1788804304.3739512,
unbound,nsec3,nonexistent.test-nsec3.example,cold,955723,3,True,1788804304.3749728,
unbound,nsec3,nonexistent.test-nsec3.example,cold,822666,3,True,1788804304.375867,
unbound,nsec3,nonexistent.test-nsec3.example,cold,874606,3,True,1788804304.3767948,
unbound,nsec3,nonexistent.test-nsec3.example,cold,769040,3,True,1788804304.3776166,
unbound,nsec3,nonexistent.test-nsec3.example,cold,733498,3,True,1788804304.3784027,
unbound,nsec3,nonexistent.test-nsec3.example,cold,795646,3,True,1788804304.3792503,
unbound,nsec3,nonexistent.test-nsec3.example,cold,1043576,3,True,1788804304.380346,
unbound,nsec3,nonexistent.test-nsec3.example,cold,803623,3,True,1788804304.3812175,
unbound,nsec3,nonexistent.test-nsec3.example,cold,1003756,3,True,1788804304.3822818,
unbound,nsec3,nonexistent.test-nsec3.example,cold,833698,3,True,1788804304.3831828,
unbound,nsec3,nonexistent.test-nsec3.example,cold,695802,3,True,1788804304.3839421,
unbound,nsec3,nonexistent.test-nsec3.example,cold,745855,3,True,1788804304.3847468,
unbound,nsec3,nonexistent.test-nsec3.example,cold,967140,3,True,1788804304.3857844,
unbound,nsec3,nonexistent.test-nsec3.example,cold,958192,3,True,1788804304.3868623,
unbound,nsec3,nonexistent.test-nsec3.example,cold,908113,3,True,1788804304.3878238,
unbound,nsec3,nonexistent.test-nsec3.example,cold,805310,3,True,1788804304.3886967,
unbound,nsec3,nonexistent.test-nsec3.example,cold,1020475,3,True,1788804304.3897846,
unbound,nsec3,nonexistent.test-nsec3.example,cold,805580,3,True,1788804304.3906543,
unbound,nsec3,nonexistent.test-nsec3.example,cold,758587,3,True,1788804304.3914752,
unbound,nsec3,nonexistent.test-nsec3.example,cold,884582,3,True,1788804304.392434,
unbound,nsec3,nonexistent.test-nsec3.example,cold,781626,3,True,1788804304.3932843,
unbound,nsec3,nonexistent.test-nsec3.example,cold,695930,3,True,1788804304.3940275,
unbound,nsec3,nonexistent.test-nsec3.example,cold,777109,3,True,1788804304.394862,
unbound,nsec3,nonexistent.test-nsec3.example,cold,702428,3,True,1788804304.3956094,
unbound,nsec3,nonexistent.test-nsec3.example,cold,874629,3,True,1788804304.3966897,
unbound,nsec3,nonexistent.test-nsec3.example,cold,953003,3,True,1788804304.3976932,
unbound,nsec3,nonexistent.test-nsec3.example,cold,657817,3,True,1788804304.3983986,
unbound,nsec3,nonexistent.test-nsec3.example,cold,759232,3,True,1788804304.3992178,
unbound,nsec3,nonexistent.test-nsec3.example,cold,898399,3,True,1788804304.400179,
unbound,nsec3,nonexistent.test-nsec3.example,cold,744931,3,True,1788804304.400981,
unbound,nsec3,nonexistent.test-nsec3.example,cold,785579,3,True,1788804304.4018147,
unbound,nsec3,nonexistent.test-nsec3.example,cold,947950,3,True,1788804304.402814,
unbound,nsec3,nonexistent.test-nsec3.example,cold,1042620,3,True,1788804304.4041123,
unbound,nsec3,nonexistent.test-nsec3.example,cold,832953,3,True,1788804304.4051595,
unbound,nsec3,nonexistent.test-nsec3.example,cold,683575,3,True,1788804304.405907,
unbound,nsec3,nonexistent.test-nsec3.example,cold,785362,3,True,1788804304.4067552,
unbound,nsec3,nonexistent.test-nsec3.example,cold,730136,3,True,1788804304.407543,
unbound,nsec3,nonexistent.test-nsec3.example,cold,740169,3,True,1788804304.408341,
unbound,nsec3,nonexistent.test-nsec3.example,cold,764134,3,True,1788804304.4091604,
unbound,nsec3,nonexistent.test-nsec3.example,cold,695673,3,True,1788804304.4099107,
unbound,nsec3,nonexistent.test-nsec3.example,cold,748211,3,True,1788804304.4107206,
unbound,nsec3,nonexistent.test-nsec3.example,cold,932693,3,True,1788804304.4117203,
unbound,nsec3,nonexistent.test-nsec3.example,cold,1166548,3,True,1788804304.4129543,
unbound,nsec3,nonexistent.test-nsec3.example,cold,809561,3,True,1788804304.4138398,
unbound,nsec3,nonexistent.test-nsec3.example,cold,884651,3,True,1788804304.414791,
unbound,nsec3,nonexistent.test-nsec3.example,cold,792880,3,True,1788804304.4156587,
unbound,nsec3,nonexistent.test-nsec3.example,cold,954518,3,True,1788804304.416686,
unbound,nsec3,nonexistent.test-nsec3.example,cold,986276,3,True,1788804304.417742,
unbound,nsec3,nonexistent.test-nsec3.example,cold,830726,3,True,1788804304.418691,
unbound,nsec3,nonexistent.test-nsec3.example,cold,754783,3,True,1788804304.4195077,
unbound,nsec3,nonexistent.test-nsec3.example,cold,665732,3,True,1788804304.4202244,
unbound,nsec3,nonexistent.test-nsec3.example,cold,657633,3,True,1788804304.4209385,
unbound,nsec3,nonexistent.test-nsec3.example,cold,598331,3,True,1788804304.4215798,
unbound,nsec3,nonexistent.test-nsec3.example,cold,843876,3,True,1788804304.4224966,
unbound,nsec3,nonexistent.test-nsec3.example,cold,840353,3,True,1788804304.4234009,
unbound,nsec3,nonexistent.test-nsec3.example,cold,916418,3,True,1788804304.4243968,
unbound,nsec3,nonexistent.test-nsec3.example,cold,897374,3,True,1788804304.425345,
unbound,nsec3,nonexistent.test-nsec3.example,cold,833306,3,True,1788804304.426247,
unbound,nsec3,nonexistent.test-nsec3.example,cold,760984,3,True,1788804304.427069,
unbound,nsec3,nonexistent.test-nsec3.example,cold,721153,3,True,1788804304.4278746,
unbound,nsec3,nonexistent.test-nsec3.example,cold,773837,3,True,1788804304.4287064,
unbound,nsec3,nonexistent.test-nsec3.example,cold,707838,3,True,1788804304.4294717,
unbound,nsec3,nonexistent.test-nsec3.example,cold,722781,3,True,1788804304.4302526,
unbound,nsec3,nonexistent.test-nsec3.example,cold,683911,3,True,1788804304.4309976,
unbound,nsec3,nonexistent.test-nsec3.example,cold,830731,3,True,1788804304.431888,
unbound,nsec3,nonexistent.test-nsec3.example,cold,892858,3,True,1788804304.4328425,
unbound,nsec3,nonexistent.test-nsec3.example,cold,654482,3,True,1788804304.4335635,
unbound,nsec3,nonexistent.test-nsec3.example,cold,1038031,3,True,1788804304.434659,
unbound,nsec3,nonexistent.test-nsec3.example,cold,1328546,3,True,1788804304.436053,
unbound,nsec3,nonexistent.test-nsec3.example,cold,1206865,3,True,1788804304.4373214,
unbound,nsec3,nonexistent.test-nsec3.example,cold,1063375,3,True,1788804304.438455,
unbound,nsec3,nonexistent.test-nsec3.example,cold,791917,3,True,1788804304.4393172,
unbound,nsec3,nonexistent.test-nsec3.example,cold,1888064,3,True,1788804304.441259,
unbound,nsec3,nonexistent.test-nsec3.example,cold,835091,3,True,1788804304.4421806,
unbound,nsec3,nonexistent.test-nsec3.example,cold,1329643,3,True,1788804304.4435837,
unbound,nsec3,nonexistent.test-nsec3.example,cold,1599694,3,True,1788804304.4452538,
unbound,nsec3,nonexistent.test-nsec3.example,cold,1528794,3,True,1788804304.4470441,
unbound,nsec3,nonexistent.test-nsec3.example,cold,1544626,3,True,1788804304.4487295,
unbound,nsec3,nonexistent.test-nsec3.example,cold,890893,3,True,1788804304.4497085,
unbound,nsec3,nonexistent.test-nsec3.example,cold,839530,3,True,1788804304.450719,
unbound,nsec3,nonexistent.test-nsec3.example,cold,1114917,3,True,1788804304.4519093,
unbound,nsec3,nonexistent.test-nsec3.example,cold,943304,3,True,1788804304.4530041,
unbound,nsec3,nonexistent.test-nsec3.example,cold,1179736,3,True,1788804304.454682,
unbound,nsec3,nonexistent.test-nsec3.example,cold,2164978,3,True,1788804304.456995,
unbound,nsec3,nonexistent.test-nsec3.example,cold,1610439,3,True,1788804304.4589543,
unbound,nsec3,nonexistent.test-nsec3.example,cold,1419190,3,True,1788804304.4610338,
unbound,nsec3,nonexistent.test-nsec3.example,cold,802446,3,True,1788804304.4619205,
unbound,nsec3,nonexistent.test-nsec3.example,cold,755205,3,True,1788804304.4627974,
unbound,nsec3,nonexistent.test-nsec3.example,cold,962274,3,True,1788804304.4638348,
unbound,nsec3,nonexistent.test-nsec3.example,cold,1661082,3,True,1788804304.4656065,
unbound,nsec3,nonexistent.test-nsec3.example,cold,1197426,3,True,1788804304.4669008,
unbound,nsec3,nonexistent.test-nsec3.example,cold,1142874,3,True,1788804304.468106,
unbound,nsec3,nonexistent.test-nsec3.example,cold,2963146,3,True,1788804304.471155,
unbound,nsec3,nonexistent.test-nsec3.example,cold,1711326,3,True,1788804304.4729738,
unbound,nsec3,nonexistent.test-nsec3.example,cold,785795,3,True,1788804304.4738228,
unbound,nsec3,nonexistent.test-nsec3.example,cold,2454423,3,True,1788804304.4763367,
unbound,nsec3,nonexistent.test-nsec3.example,cold,1160687,3,True,1788804304.4775887,
unbound,nsec3,nonexistent.test-nsec3.example,cold,1035338,3,True,1788804304.4787376,
unbound,nsec3,nonexistent.test-nsec3.example,cold,870305,3,True,1788804304.479701,
unbound,nsec3,nonexistent.test-nsec3.example,cold,778992,3,True,1788804304.48055,
unbound,nsec3,nonexistent.test-nsec3.example,cold,1071177,3,True,1788804304.4817736,
unbound,nsec3,nonexistent.test-nsec3.example,cold,1018159,3,True,1788804304.4828565,
unbound,nsec3,nonexistent.test-nsec3.example,cold,800547,3,True,1788804304.4837193,
unbound,nsec3,nonexistent.test-nsec3.example,cold,896548,3,True,1788804304.4846692,
unbound,nsec3,nonexistent.test-nsec3.example,cold,743115,3,True,1788804304.4854965,
unbound,nsec3,nonexistent.test-nsec3.example,cold,976121,3,True,1788804304.4865386,
unbound,nsec3,nonexistent.test-nsec3.example,cold,939917,3,True,1788804304.4875655,
unbound,nsec3,nonexistent.test-nsec3.example,cold,882867,3,True,1788804304.4885225,
unbound,nsec3,nonexistent.test-nsec3.example,cold,848562,3,True,1788804304.4895613,
unbound,nsec3,nonexistent.test-nsec3.example,cold,973242,3,True,1788804304.490614,
unbound,nsec3,nonexistent.test-nsec3.example,cold,861171,3,True,1788804304.4915407,
unbound,nsec3,nonexistent.test-nsec3.example,cold,859950,3,True,1788804304.4924676,
unbound,nsec3,nonexistent.test-nsec3.example,cold,798383,3,True,1788804304.4933276,
unbound,nsec3,nonexistent.test-nsec3.example,cold,1217561,3,True,1788804304.494649,
unbound,nsec3,nonexistent.test-nsec3.example,cold,1446502,3,True,1788804304.4961662,
unbound,nsec3,nonexistent.test-nsec3.example,cold,921912,3,True,1788804304.4971666,
unbound,nsec3,nonexistent.test-nsec3.example,cold,831358,3,True,1788804304.4980738,
unbound,nsec3,nonexistent.test-nsec3.example,cold,741170,3,True,1788804304.49888,
unbound,nsec3,nonexistent.test-nsec3.example,cold,772820,3,True,1788804304.499712,
unbound,nsec3,nonexistent.test-nsec3.example,cold,706342,3,True,1788804304.5004694,
unbound,nsec3,nonexistent.test-nsec3.example,cold,753803,3,True,1788804304.501284,
unbound,nsec3,nonexistent.test-nsec3.example,cold,704394,3,True,1788804304.502039,
unbound,nsec3,nonexistent.test-nsec3.example,cold,646258,3,True,1788804304.5027344,
unbound,nsec3,nonexistent.test-nsec3.example,cold,1057462,3,True,1788804304.5038536,
unbound,nsec3,nonexistent.test-nsec3.example,cold,944335,3,True,1788804304.504868,
unbound,nsec3,nonexistent.test-nsec3.example,cold,895649,3,True,1788804304.5058455,
unbound,nsec3,nonexistent.test-nsec3.example,cold,766438,3,True,1788804304.5066643,
unbound,nsec3,nonexistent.test-nsec3.example,cold,980314,3,True,1788804304.507782,
unbound,nsec3,nonexistent.test-nsec3.example,cold,810285,3,True,1788804304.5087507,
unbound,nsec3,nonexistent.test-nsec3.example,cold,812996,3,True,1788804304.5096245,
unbound,nsec3,nonexistent.test-nsec3.example,cold,865654,3,True,1788804304.5105376,
unbound,nsec3,nonexistent.test-nsec3.example,cold,746569,3,True,1788804304.511345,
unbound,nsec3,nonexistent.test-nsec3.example,cold,760422,3,True,1788804304.5121634,
unbound,nsec3,nonexistent.test-nsec3.example,cold,863871,3,True,1788804304.5131671,
unbound,nsec3,nonexistent.test-nsec3.example,cold,855689,3,True,1788804304.5140817,
unbound,nsec3,nonexistent.test-nsec3.example,cold,815544,3,True,1788804304.5149593,
unbound,nsec3,nonexistent.test-nsec3.example,cold,677994,3,True,1788804304.5156872,
unbound,nsec3,nonexistent.test-nsec3.example,cold,658281,3,True,1788804304.5164027,
unbound,nsec3,nonexistent.test-nsec3.example,cold,779803,3,True,1788804304.5172393,
unbound,nsec3,nonexistent.test-nsec3.example,cold,867337,3,True,1788804304.5181568,
unbound,nsec3,nonexistent.test-nsec3.example,cold,769073,3,True,1788804304.518989,
unbound,nsec3,nonexistent.test-nsec3.example,cold,755432,3,True,1788804304.5197918,
unbound,nsec3,nonexistent.test-nsec3.example,cold,701708,3,True,1788804304.5207088,
unbound,nsec3,nonexistent.test-nsec3.example,cold,1597150,3,True,1788804304.5225952,
unbound,nsec3,nonexistent.test-nsec3.example,cold,1032618,3,True,1788804304.5237842,
unbound,nsec3,nonexistent.test-nsec3.example,cold,994617,3,True,1788804304.5249708,
unbound,nsec3,nonexistent.test-nsec3.example,cold,718989,3,True,1788804304.5257516,
unbound,nsec3,nonexistent.test-nsec3.example,cold,602169,3,True,1788804304.5264003,
unbound,nsec3,nonexistent.test-nsec3.example,cold,722186,3,True,1788804304.5271847,
unbound,nsec3,nonexistent.test-nsec3.example,cold,724450,3,True,1788804304.5279708,
unbound,nsec3,nonexistent.test-nsec3.example,cold,1351366,3,True,1788804304.5294673,
unbound,nsec3,nonexistent.test-nsec3.example,cold,1313726,3,True,1788804304.5309312,
unbound,nsec3,nonexistent.test-nsec3.example,cold,1092007,3,True,1788804304.5321035,
unbound,nsec3,nonexistent.test-nsec3.example,cold,1190869,3,True,1788804304.533398,
unbound,nsec3,nonexistent.test-nsec3.example,cold,1260601,3,True,1788804304.534726,
unbound,nsec3,nonexistent.test-nsec3.example,cold,1102357,3,True,1788804304.53589,
unbound,nsec3,nonexistent.test-nsec3.example,cold,866663,3,True,1788804304.5368042,
unbound,nsec3,nonexistent.test-nsec3.example,cold,1045516,3,True,1788804304.537902,
unbound,nsec3,nonexistent.test-nsec3.example,cold,725423,3,True,1788804304.5386949,
unbound,nsec3,nonexistent.test-nsec3.example,cold,752724,3,True,1788804304.5395083,
unbound,nsec3,nonexistent.test-nsec3.example,cold,933213,3,True,1788804304.5404904,
unbound,nsec3,nonexistent.test-nsec3.example,cold,847351,3,True,1788804304.541386,
unbound,nsec3,nonexistent.test-nsec3.example,cold,1201208,3,True,1788804304.5426562,
unbound,nsec3,nonexistent.test-nsec3.example,cold,947770,3,True,1788804304.543683,
unbound,nsec3,nonexistent.test-nsec3.example,cold,1260570,3,True,1788804304.545024,
unbound,nsec3,nonexistent.test-nsec3.example,cold,835595,3,True,1788804304.5459242,
unbound,nsec3,nonexistent.test-nsec3.example,cold,871317,3,True,1788804304.5468535,
unbound,nsec3,nonexistent.test-nsec3.example,cold,933156,3,True,1788804304.5478406,
unbound,nsec3,nonexistent.test-nsec3.example,cold,707838,3,True,1788804304.5485995,
unbound,nsec3,nonexistent.test-nsec3.example,cold,924969,3,True,1788804304.5496652,
unbound,nsec3,nonexistent.test-nsec3.example,cold,881156,3,True,1788804304.5506046,
unbound,nsec3,nonexistent.test-nsec3.example,cold,747550,3,True,1788804304.5514066,
unbound,nsec3,nonexistent.test-nsec3.example,cold,993808,3,True,1788804304.5524657,
unbound,nsec3,nonexistent.test-nsec3.example,cold,1038182,3,True,1788804304.5535815,
unbound,nsec3,nonexistent.test-nsec3.example,cold,780874,3,True,1788804304.554428,
unbound,nsec3,nonexistent.test-nsec3.example,cold,913489,3,True,1788804304.555393,
unbound,nsec3,nonexistent.test-nsec3.example,cold,796870,3,True,1788804304.5562403,
unbound,nsec3,nonexistent.test-nsec3.example,cold,802240,3,True,1788804304.5571039,
unbound,nsec3,nonexistent.test-nsec3.example,cold,761205,3,True,1788804304.5579274,
unbound,nsec3,nonexistent.test-nsec3.example,cold,731072,3,True,1788804304.558712,
unbound,nsec3,nonexistent.test-nsec3.example,cold,784999,3,True,1788804304.559565,
unbound,nsec3,nonexistent.test-nsec3.example,cold,777422,3,True,1788804304.5604017,
unbound,nsec3,nonexistent.test-nsec3.example,cold,778298,3,True,1788804304.561227,
unbound,nsec3,nonexistent.test-nsec3.example,cold,850415,3,True,1788804304.562139,
unbound,nsec3,nonexistent.test-nsec3.example,cold,1193841,3,True,1788804304.5633917,
unbound,nsec3,nonexistent.test-nsec3.example,cold,872763,3,True,1788804304.5643258,
unbound,nsec3,nonexistent.test-nsec3.example,cold,739311,3,True,1788804304.5651305,
unbound,nsec3,nonexistent.test-nsec3.example,cold,1194304,3,True,1788804304.566375,
unbound,nsec3,nonexistent.test-nsec3.example,cold,936516,3,True,1788804304.5673704,
unbound,nsec3,nonexistent.test-nsec3.example,cold,1049613,3,True,1788804304.5685,
unbound,nsec3,nonexistent.test-nsec3.example,cold,915072,3,True,1788804304.5695057,
unbound,nsec3,nonexistent.test-nsec3.example,cold,819541,3,True,1788804304.5703962,
unbound,nsec3,nonexistent.test-nsec3.example,cold,918258,3,True,1788804304.5713782,
unbound,nsec3,nonexistent.test-nsec3.example,cold,889295,3,True,1788804304.5723617,
unbound,nsec3,nonexistent.test-nsec3.example,cold,953211,3,True,1788804304.5733864,
unbound,nsec3,nonexistent.test-nsec3.example,cold,887693,3,True,1788804304.57435,
unbound,nsec3,nonexistent.test-nsec3.example,cold,1291909,3,True,1788804304.5757143,
unbound,nsec3,nonexistent.test-nsec3.example,cold,1002415,3,True,1788804304.576802,
unbound,nsec3,nonexistent.test-nsec3.example,cold,727889,3,True,1788804304.5776024,
unbound,nsec3,nonexistent.test-nsec3.example,cold,725638,3,True,1788804304.5783958,
unbound,nsec3,nonexistent.test-nsec3.example,cold,777056,3,True,1788804304.5792203,
unbound,nsec3,nonexistent.test-nsec3.example,cold,657482,3,True,1788804304.579927,
unbound,nsec3,nonexistent.test-nsec3.example,cold,872736,3,True,1788804304.5808525,
unbound,nsec3,nonexistent.test-nsec3.example,cold,668080,3,True,1788804304.5815656,
unbound,nsec3,nonexistent.test-nsec3.example,cold,1456258,3,True,1788804304.583068,
unbound,nsec3,nonexistent.test-nsec3.example,cold,1232012,3,True,1788804304.58438,
unbound,nsec3,nonexistent.test-nsec3.example,cold,1035081,3,True,1788804304.5854948,
unbound,nsec3,nonexistent.test-nsec3.example,cold,815948,3,True,1788804304.5863838,
unbound,nsec3,nonexistent.test-nsec3.example,cold,880374,3,True,1788804304.587317,
unbound,nsec3,nonexistent.test-nsec3.example,cold,738551,3,True,1788804304.5881069,
unbound,nsec3,nonexistent.test-nsec3.example,cold,771842,3,True,1788804304.5889277,
unbound,nsec3,nonexistent.test-nsec3.example,cold,813363,3,True,1788804304.5897868,
unbound,nsec3,nonexistent.test-nsec3.example,cold,648932,3,True,1788804304.5904973,
unbound,nsec3,nonexistent.test-nsec3.example,cold,713135,3,True,1788804304.5912724,
unbound,nsec3,nonexistent.test-nsec3.example,cold,795574,3,True,1788804304.592124,
unbound,nsec3,nonexistent.test-nsec3.example,cold,638747,3,True,1788804304.5928204,
unbound,nsec3,nonexistent.test-nsec3.example,cold,623458,3,True,1788804304.593488,
unbound,nsec3,nonexistent.test-nsec3.example,cold,678679,3,True,1788804304.5942104,
unbound,nsec3,nonexistent.test-nsec3.example,cold,1017979,3,True,1788804304.5952718,
unbound,nsec3,nonexistent.test-nsec3.example,cold,845156,3,True,1788804304.596187,
unbound,nsec3,nonexistent.test-nsec3.example,cold,1482599,3,True,1788804304.5977495,
unbound,nsec3,nonexistent.test-nsec3.example,cold,801327,3,True,1788804304.5986278,
unbound,nsec3,nonexistent.test-nsec3.example,cold,1045598,3,True,1788804304.5997326,
unbound,nsec3,nonexistent.test-nsec3.example,cold,726608,3,True,1788804304.6005259,
unbound,nsec3,nonexistent.test-nsec3.example,cold,787637,3,True,1788804304.6013727,
unbound,nsec3,nonexistent.test-nsec3.example,cold,805297,3,True,1788804304.6022365,
unbound,nsec3,nonexistent.test-nsec3.example,cold,753543,3,True,1788804304.6030369,
unbound,nsec3,nonexistent.test-nsec3.example,cold,736266,3,True,1788804304.6038299,
unbound,nsec3,nonexistent.test-nsec3.example,cold,1049801,3,True,1788804304.604925,
unbound,nsec3,nonexistent.test-nsec3.example,cold,737392,3,True,1788804304.6057143,
unbound,nsec3,nonexistent.test-nsec3.example,cold,840800,3,True,1788804304.6066215,
unbound,nsec3,nonexistent.test-nsec3.example,cold,961148,3,True,1788804304.6076565,
unbound,nsec3,nonexistent.test-nsec3.example,cold,767174,3,True,1788804304.608493,
unbound,nsec3,nonexistent.test-nsec3.example,cold,784802,3,True,1788804304.6093726,
unbound,nsec3,nonexistent.test-nsec3.example,cold,975302,3,True,1788804304.6105173,
unbound,nsec3,nonexistent.test-nsec3.example,cold,1159494,3,True,1788804304.6117387,
unbound,nsec3,nonexistent.test-nsec3.example,cold,862856,3,True,1788804304.612742,
unbound,nsec3,nonexistent.test-nsec3.example,cold,806531,3,True,1788804304.613697,
unbound,nsec3,nonexistent.test-nsec3.example,cold,782663,3,True,1788804304.614539,
unbound,nsec3,nonexistent.test-nsec3.example,cold,792450,3,True,1788804304.6153822,
unbound,nsec3,nonexistent.test-nsec3.example,cold,970038,3,True,1788804304.616492,
unbound,nsec3,nonexistent.test-nsec3.example,cold,952923,3,True,1788804304.6175208,
unbound,nsec3,nonexistent.test-nsec3.example,cold,769654,3,True,1788804304.618363,
unbound,nsec3,nonexistent.test-nsec3.example,cold,835557,3,True,1788804304.6192656,
unbound,nsec3,nonexistent.test-nsec3.example,cold,868310,3,True,1788804304.620192,
unbound,nsec3,nonexistent.test-nsec3.example,cold,865149,3,True,1788804304.621127,
unbound,nsec3,nonexistent.test-nsec3.example,cold,818529,3,True,1788804304.6220214,
unbound,nsec3,nonexistent.test-nsec3.example,cold,753261,3,True,1788804304.6228442,
unbound,nsec3,nonexistent.test-nsec3.example,cold,960098,3,True,1788804304.6238747,
unbound,nsec3,nonexistent.test-nsec3.example,cold,684314,3,True,1788804304.624624,
unbound,nsec3,nonexistent.test-nsec3.example,cold,650589,3,True,1788804304.625339,
unbound,nsec3,nonexistent.test-nsec3.example,cold,678784,3,True,1788804304.6260746,
unbound,nsec3,nonexistent.test-nsec3.example,cold,1034360,3,True,1788804304.6273208,
unbound,nsec3,nonexistent.test-nsec3.example,cold,673658,3,True,1788804304.628058,
unbound,nsec3,nonexistent.test-nsec3.example,cold,760147,3,True,1788804304.628871,
unbound,nsec3,nonexistent.test-nsec3.example,cold,771419,3,True,1788804304.6297052,
unbound,nsec3,nonexistent.test-nsec3.example,cold,836586,3,True,1788804304.6306055,
unbound,nsec3,nonexistent.test-nsec3.example,cold,867218,3,True,1788804304.6315305,
unbound,nsec3,nonexistent.test-nsec3.example,cold,911202,3,True,1788804304.6325128,
unbound,nsec3,nonexistent.test-nsec3.example,cold,775738,3,True,1788804304.6333592,
unbound,nsec3,nonexistent.test-nsec3.example,cold,800472,3,True,1788804304.6342256,
unbound,nsec3,nonexistent.test-nsec3.example,cold,712986,3,True,1788804304.634994,
unbound,nsec3,nonexistent.test-nsec3.example,cold,721995,3,True,1788804304.6357799,
unbound,nsec3,nonexistent.test-nsec3.example,cold,607510,3,True,1788804304.6365268,
unbound,nsec3,nonexistent.test-nsec3.example,cold,790777,3,True,1788804304.6373744,
unbound,nsec3,nonexistent.test-nsec3.example,cold,735206,3,True,1788804304.6381953,
unbound,nsec3,nonexistent.test-nsec3.example,cold,621520,3,True,1788804304.6388733,
unbound,nsec3,nonexistent.test-nsec3.example,cold,909082,3,True,1788804304.639924,
unbound,nsec3,nonexistent.test-nsec3.example,cold,836477,3,True,1788804304.640812,
unbound,nsec3,nonexistent.test-nsec3.example,cold,876175,3,True,1788804304.6417515,
unbound,nsec3,nonexistent.test-nsec3.example,cold,777841,3,True,1788804304.642586,
unbound,nsec3,nonexistent.test-nsec3.example,cold,823801,3,True,1788804304.6434667,
unbound,nsec3,nonexistent.test-nsec3.example,cold,726515,3,True,1788804304.6442585,
unbound,nsec3,nonexistent.test-nsec3.example,cold,756505,3,True,1788804304.645081,
unbound,nsec3,nonexistent.test-nsec3.example,cold,746505,3,True,1788804304.6458886,
unbound,nsec3,nonexistent.test-nsec3.example,cold,755420,3,True,1788804304.6466992,
unbound,nsec3,nonexistent.test-nsec3.example,cold,897467,3,True,1788804304.647656,
unbound,nsec3,nonexistent.test-nsec3.example,cold,1081998,3,True,1788804304.6488004,
unbound,nsec3,nonexistent.test-nsec3.example,cold,766854,3,True,1788804304.64963,
unbound,nsec3,nonexistent.test-nsec3.example,cold,833861,3,True,1788804304.6505296,
unbound,nsec3,nonexistent.test-nsec3.example,cold,1091002,3,True,1788804304.651723,
unbound,nsec3,nonexistent.test-nsec3.example,cold,968010,3,True,1788804304.6527832,
unbound,nsec3,nonexistent.test-nsec3.example,cold,1147618,3,True,1788804304.6540158,
unbound,nsec3,nonexistent.test-nsec3.example,cold,1123268,3,True,1788804304.6552272,
unbound,nsec3,nonexistent.test-nsec3.example,cold,1197501,3,True,1788804304.6566732,
unbound,nsec3,nonexistent.test-nsec3.example,cold,1033127,3,True,1788804304.657767,
unbound,nsec3,nonexistent.test-nsec3.example,cold,2644901,3,True,1788804304.6604884,
unbound,nsec3,nonexistent.test-nsec3.example,cold,985277,3,True,1788804304.661597,
unbound,nsec3,nonexistent.test-nsec3.example,cold,1922712,3,True,1788804304.6636004,
unbound,nsec3,nonexistent.test-nsec3.example,cold,2073185,3,True,1788804304.6658165,
unbound,nsec3,nonexistent.test-nsec3.example,cold,2303287,3,True,1788804304.6682222,
unbound,nsec3,nonexistent.test-nsec3.example,cold,1076105,3,True,1788804304.6693847,
unbound,nsec3,nonexistent.test-nsec3.example,cold,760430,3,True,1788804304.6702082,
unbound,nsec3,nonexistent.test-nsec3.example,cold,664343,3,True,1788804304.670934,
unbound,nsec3,nonexistent.test-nsec3.example,cold,1528225,3,True,1788804304.6725767,
unbound,nsec3,nonexistent.test-nsec3.example,cold,886617,3,True,1788804304.673583,
unbound,nsec3,nonexistent.test-nsec3.example,cold,1001899,3,True,1788804304.6746368,
unbound,nsec3,nonexistent.test-nsec3.example,cold,800471,3,True,1788804304.6754882,
unbound,nsec3,nonexistent.test-nsec3.example,cold,1396666,3,True,1788804304.6769435,
unbound,nsec3,nonexistent.test-nsec3.example,cold,921633,3,True,1788804304.677933,
unbound,nsec3,nonexistent.test-nsec3.example,cold,1006761,3,True,1788804304.678991,
unbound,nsec3,nonexistent.test-nsec3.example,cold,933200,3,True,1788804304.6799953,
unbound,nsec3,nonexistent.test-nsec3.example,cold,766639,3,True,1788804304.68083,
unbound,nsec3,nonexistent.test-nsec3.example,cold,857597,3,True,1788804304.6817415,
unbound,nsec3,nonexistent.test-nsec3.example,cold,845012,3,True,1788804304.6826513,
unbound,nsec3,nonexistent.test-nsec3.example,cold,774329,3,True,1788804304.683644,
unbound,nsec3,nonexistent.test-nsec3.example,cold,1189538,3,True,1788804304.6849005,
unbound,nsec3,nonexistent.test-nsec3.example,cold,3000549,3,True,1788804304.6879792,
unbound,nsec3,nonexistent.test-nsec3.example,cold,1303064,3,True,1788804304.6895087,
unbound,nsec3,nonexistent.test-nsec3.example,cold,1088502,3,True,1788804304.6906772,
unbound,nsec3,nonexistent.test-nsec3.example,cold,1197035,3,True,1788804304.691949,
unbound,nsec3,nonexistent.test-nsec3.example,cold,1520271,3,True,1788804304.6935437,
unbound,nsec3,nonexistent.test-nsec3.example,cold,858525,3,True,1788804304.69447,
unbound,nsec3,nonexistent.test-nsec3.example,cold,967043,3,True,1788804304.6955042,
unbound,nsec3,nonexistent.test-nsec3.example,cold,951359,3,True,1788804304.696531,
unbound,nsec3,nonexistent.test-nsec3.example,cold,865801,3,True,1788804304.6974769,
unbound,nsec3,nonexistent.test-nsec3.example,cold,663831,3,True,1788804304.6981993,
unbound,nsec3,nonexistent.test-nsec3.example,cold,734736,3,True,1788804304.6989975,
unbound,nsec3,nonexistent.test-nsec3.example,cold,825339,3,True,1788804304.6998832,
unbound,nsec3,nonexistent.test-nsec3.example,cold,804964,3,True,1788804304.700746,
unbound,nsec3,nonexistent.test-nsec3.example,cold,654585,3,True,1788804304.7014694,
unbound,nsec3,nonexistent.test-nsec3.example,cold,642663,3,True,1788804304.7021735,
unbound,nsec3,nonexistent.test-nsec3.example,cold,909899,3,True,1788804304.7031448,
unbound,nsec3,nonexistent.test-nsec3.example,cold,880709,3,True,1788804304.7040966,
unbound,nsec3,nonexistent.test-nsec3.example,cold,761019,3,True,1788804304.7049906,
unbound,nsec3,nonexistent.test-nsec3.example,cold,835297,3,True,1788804304.705892,
unbound,nsec3,nonexistent.test-nsec3.example,cold,884552,3,True,1788804304.706832,
unbound,nsec3,nonexistent.test-nsec3.example,cold,863266,3,True,1788804304.7077496,
unbound,nsec3,nonexistent.test-nsec3.example,cold,676567,3,True,1788804304.7084854,
unbound,nsec3,nonexistent.test-nsec3.example,cold,602574,3,True,1788804304.7091408,
unbound,nsec3,nonexistent.test-nsec3.example,cold,716660,3,True,1788804304.7099419,
unbound,nsec3,nonexistent.test-nsec3.example,cold,1041561,3,True,1788804304.711038,
unbound,nsec3,nonexistent.test-nsec3.example,cold,786171,3,True,1788804304.7118783,
unbound,nsec3,nonexistent.test-nsec3.example,cold,752256,3,True,1788804304.7126844,
unbound,nsec3,nonexistent.test-nsec3.example,cold,1120295,3,True,1788804304.713871,
unbound,nsec3,nonexistent.test-nsec3.example,cold,1332998,3,True,1788804304.7152815,
unbound,nsec3,nonexistent.test-nsec3.example,cold,4462710,3,True,1788804304.7198284,
unbound,nsec3,nonexistent.test-nsec3.example,cold,1056972,3,True,1788804304.7209852,
unbound,nsec3,nonexistent.test-nsec3.example,cold,1106281,3,True,1788804304.7221713,
unbound,nsec3,nonexistent.test-nsec3.example,cold,865381,3,True,1788804304.7231355,
unbound,nsec3,nonexistent.test-nsec3.example,cold,886792,3,True,1788804304.7240906,
unbound,nsec3,nonexistent.test-nsec3.example,cold,935389,3,True,1788804304.7250905,
unbound,nsec3,nonexistent.test-nsec3.example,cold,853434,3,True,1788804304.7260203,
unbound,nsec3,nonexistent.test-nsec3.example,cold,2230271,3,True,1788804304.728324,
unbound,nsec3,nonexistent.test-nsec3.example,cold,1059914,3,True,1788804304.729468,
unbound,nsec3,nonexistent.test-nsec3.example,cold,637692,3,True,1788804304.7302887,
unbound,nsec3,nonexistent.test-nsec3.example,cold,885821,3,True,1788804304.7313466,
unbound,nsec3,nonexistent.test-nsec3.example,cold,780957,3,True,1788804304.732198,
unbound,nsec3,nonexistent.test-nsec3.example,cold,708301,3,True,1788804304.732967,
unbound,nsec3,nonexistent.test-nsec3.example,cold,714490,3,True,1788804304.7337406,
unbound,nsec3,nonexistent.test-nsec3.example,cold,785141,3,True,1788804304.7345853,
unbound,nsec3,nonexistent.test-nsec3.example,cold,917473,3,True,1788804304.73557,
unbound,nsec3,nonexistent.test-nsec3.example,cold,898713,3,True,1788804304.7365444,
unbound,nsec3,nonexistent.test-nsec3.example,cold,943708,3,True,1788804304.7375708,
unbound,nsec3,nonexistent.test-nsec3.example,cold,1019725,3,True,1788804304.738667,
unbound,nsec3,nonexistent.test-nsec3.example,cold,950968,3,True,1788804304.7397063,
unbound,nsec3,nonexistent.test-nsec3.example,cold,1121250,3,True,1788804304.7409065,
unbound,nsec3,nonexistent.test-nsec3.example,cold,1741703,3,True,1788804304.742717,
unbound,nsec3,nonexistent.test-nsec3.example,cold,1559802,3,True,1788804304.7445803,
unbound,nsec3,nonexistent.test-nsec3.example,cold,1556306,3,True,1788804304.7462227,
unbound,nsec3,nonexistent.test-nsec3.example,cold,1819968,3,True,1788804304.7481787,
unbound,nsec3,nonexistent.test-nsec3.example,cold,1161493,3,True,1788804304.7494233,
unbound,nsec3,nonexistent.test-nsec3.example,cold,942640,3,True,1788804304.7504437,
unbound,nsec3,nonexistent.test-nsec3.example,cold,933416,3,True,1788804304.7514493,
unbound,nsec3,nonexistent.test-nsec3.example,cold,769495,3,True,1788804304.7522876,
unbound,nsec3,nonexistent.test-nsec3.example,cold,1360610,3,True,1788804304.7537155,
unbound,nsec3,nonexistent.test-nsec3.example,cold,1163939,3,True,1788804304.754957,
unbound,nsec3,nonexistent.test-nsec3.example,cold,739044,3,True,1788804304.7557619,
unbound,nsec3,nonexistent.test-nsec3.example,cold,787855,3,True,1788804304.7566109,
unbound,nsec3,nonexistent.test-nsec3.example,cold,774451,3,True,1788804304.7575674,
unbound,nsec3,nonexistent.test-nsec3.example,cold,943392,3,True,1788804304.7585728,
unbound,nsec3,nonexistent.test-nsec3.example,cold,1075982,3,True,1788804304.7597876,
unbound,nsec3,nonexistent.test-nsec3.example,cold,708450,3,True,1788804304.7605572,
unbound,nsec3,nonexistent.test-nsec3.example,cold,1113496,3,True,1788804304.7617383,
unbound,nsec3,nonexistent.test-nsec3.example,cold,812953,3,True,1788804304.7626214,
unbound,nsec3,nonexistent.test-nsec3.example,cold,1110707,3,True,1788804304.7637937,
unbound,nsec3,nonexistent.test-nsec3.example,cold,677791,3,True,1788804304.7645345,
unbound,nsec3,nonexistent.test-nsec3.example,cold,629039,3,True,1788804304.7652233,
unbound,nsec3,nonexistent.test-nsec3.example,cold,662775,3,True,1788804304.7659428,
unbound,nsec3,nonexistent.test-nsec3.example,cold,1268823,3,True,1788804304.76726,
unbound,nsec3,nonexistent.test-nsec3.example,cold,807141,3,True,1788804304.7681894,
unbound,nsec3,nonexistent.test-nsec3.example,cold,687993,3,True,1788804304.768984,
unbound,nsec3,nonexistent.test-nsec3.example,cold,573503,3,True,1788804304.769603,
unbound,nsec3,nonexistent.test-nsec3.example,cold,534823,3,True,1788804304.7701812,
unbound,nsec3,nonexistent.test-nsec3.example,cold,663362,3,True,1788804304.7709007,
unbound,nsec3,nonexistent.test-nsec3.example,cold,675054,3,True,1788804304.7716198,
unbound,nsec3,nonexistent.test-nsec3.example,cold,3815450,3,True,1788804304.7755222,
unbound,nsec3,nonexistent.test-nsec3.example,cold,1166614,3,True,1788804304.7767913,
unbound,nsec3,nonexistent.test-nsec3.example,cold,1023866,3,True,1788804304.7779047,
unbound,nsec3,nonexistent.test-nsec3.example,cold,839643,3,True,1788804304.7788198,
unbound,nsec3,nonexistent.test-nsec3.example,cold,850580,3,True,1788804304.7797396,
unbound,nsec3,nonexistent.test-nsec3.example,cold,737181,3,True,1788804304.780544,
unbound,nsec3,nonexistent.test-nsec3.example,cold,765473,3,True,1788804304.781372,
unbound,nsec3,nonexistent.test-nsec3.example,cold,909212,3,True,1788804304.7823536,
unbound,nsec3,nonexistent.test-nsec3.example,cold,1118974,3,True,1788804304.783552,
unbound,nsec3,nonexistent.test-nsec3.example,cold,1243145,3,True,1788804304.7849271,
unbound,nsec3,nonexistent.test-nsec3.example,cold,1025050,3,True,1788804304.7860448,
unbound,nsec3,nonexistent.test-nsec3.example,cold,815250,3,True,1788804304.7869332,
unbound,nsec3,nonexistent.test-nsec3.example,cold,667307,3,True,1788804304.7876756,
unbound,nsec3,nonexistent.test-nsec3.example,cold,771479,3,True,1788804304.7885103,
unbound,nsec3,nonexistent.test-nsec3.example,cold,809689,3,True,1788804304.7893803,
unbound,nsec3,nonexistent.test-nsec3.example,cold,810030,3,True,1788804304.7902548,
unbound,nsec3,nonexistent.test-nsec3.example,cold,841226,3,True,1788804304.7911634,
unbound,nsec3,nonexistent.test-nsec3.example,cold,817820,3,True,1788804304.7920518,
unbound,nsec3,nonexistent.test-nsec3.example,cold,1009348,3,True,1788804304.793212,
unbound,nsec3,nonexistent.test-nsec3.example,cold,1812778,3,True,1788804304.7953002,
unbound,nsec3,nonexistent.test-nsec3.example,cold,1095860,3,True,1788804304.7964833,
unbound,nsec3,nonexistent.test-nsec3.example,cold,1004382,3,True,1788804304.7975633,
unbound,nsec3,nonexistent.test-nsec3.example,cold,842999,3,True,1788804304.798475,
unbound,nsec3,nonexistent.test-nsec3.example,cold,753620,3,True,1788804304.799294,
unbound,nsec3,nonexistent.test-nsec3.example,cold,1104248,3,True,1788804304.8005621,
unbound,nsec3,nonexistent.test-nsec3.example,cold,1178447,3,True,1788804304.8018384,
unbound,nsec3,nonexistent.test-nsec3.example,cold,960070,3,True,1788804304.802873,
unbound,nsec3,nonexistent.test-nsec3.example,cold,1120863,3,True,1788804304.8040643,
unbound,nsec3,nonexistent.test-nsec3.example,cold,1115869,3,True,1788804304.8052576,
unbound,nsec3,nonexistent.test-nsec3.example,cold,2118023,3,True,1788804304.8075383,
unbound,nsec3,nonexistent.test-nsec3.example,cold,941890,3,True,1788804304.8085673,
unbound,nsec3,nonexistent.test-nsec3.example,cold,970418,3,True,1788804304.8096182,
unbound,nsec3,nonexistent.test-nsec3.example,cold,851525,3,True,1788804304.8105397,
unbound,nsec3,nonexistent.test-nsec3.example,cold,1350083,3,True,1788804304.8119588,
unbound,nsec3,nonexistent.test-nsec3.example,cold,1005375,3,True,1788804304.8130462,
unbound,nsec3,nonexistent.test-nsec3.example,cold,1329408,3,True,1788804304.8144526,
unbound,nsec3,nonexistent.test-nsec3.example,cold,2926844,3,True,1788804304.817461,
unbound,nsec3,nonexistent.test-nsec3.example,cold,3638829,3,True,1788804304.8211992,
unbound,nsec3,nonexistent.test-nsec3.example,cold,2538089,3,True,1788804304.8239226,
unbound,nsec3,nonexistent.test-nsec3.example,cold,2106761,3,True,1788804304.8261545,
unbound,nsec3,nonexistent.test-nsec3.example,cold,1887048,3,True,1788804304.8282337,
unbound,nsec3,nonexistent.test-nsec3.example,cold,1486845,3,True,1788804304.8298707,
unbound,nsec3,nonexistent.test-nsec3.example,cold,1258772,3,True,1788804304.831852,
unbound,nsec3,nonexistent.test-nsec3.example,cold,1056090,3,True,1788804304.8330743,
unbound,nsec3,nonexistent.test-nsec3.example,cold,718232,3,True,1788804304.8338532,
unbound,nsec3,nonexistent.test-nsec3.example,cold,798583,3,True,1788804304.8347163,
unbound,nsec3,nonexistent.test-nsec3.example,cold,977651,3,True,1788804304.8357656,
unbound,nsec3,nonexistent.test-nsec3.example,cold,788943,3,True,1788804304.836635,
unbound,nsec3,nonexistent.test-nsec3.example,cold,1054647,3,True,1788804304.837741,
unbound,nsec3,nonexistent.test-nsec3.example,cold,2128615,3,True,1788804304.8399374,
unbound,nsec3,nonexistent.test-nsec3.example,cold,1150238,3,True,1788804304.8411696,
unbound,nsec3,nonexistent.test-nsec3.example,cold,856686,3,True,1788804304.842263,
unbound,nsec3,nonexistent.test-nsec3.example,cold,757298,3,True,1788804304.8430862,
unbound,nsec3,nonexistent.test-nsec3.example,cold,770186,3,True,1788804304.843933,
unbound,nsec3,nonexistent.test-nsec3.example,cold,711994,3,True,1788804304.8447173,
unbound,nsec3,nonexistent.test-nsec3.example,cold,554821,3,True,1788804304.8453352,
unbound,nsec3,nonexistent.test-nsec3.example,cold,835794,3,True,1788804304.846233,
unbound,nsec3,nonexistent.test-nsec3.example,cold,688193,3,True,1788804304.8470078,
unbound,nsec3,nonexistent.test-nsec3.example,cold,958954,3,True,1788804304.8480241,
unbound,nsec3,nonexistent.test-nsec3.example,cold,752815,3,True,1788804304.8488383,
unbound,nsec3,nonexistent.test-nsec3.example,cold,578123,3,True,1788804304.8494747,
unbound,nsec3,nonexistent.test-nsec3.example,cold,804133,3,True,1788804304.8503332,
unbound,nsec3,nonexistent.test-nsec3.example,cold,968504,3,True,1788804304.851359,
unbound,nsec3,nonexistent.test-nsec3.example,cold,1318694,3,True,1788804304.852747,
unbound,nsec3,nonexistent.test-nsec3.example,cold,1761080,3,True,1788804304.8545737,
unbound,nsec3,nonexistent.test-nsec3.example,cold,793708,3,True,1788804304.8554416,
unbound,nsec3,nonexistent.test-nsec3.example,cold,1343532,3,True,1788804304.856845,
unbound,nsec3,nonexistent.test-nsec3.example,cold,1045732,3,True,1788804304.8579829,
unbound,nsec3,nonexistent.test-nsec3.example,cold,907176,3,True,1788804304.8589773,
unbound,nsec3,nonexistent.test-nsec3.example,cold,1134895,3,True,1788804304.860179,
unbound,nsec3,nonexistent.test-nsec3.example,cold,937317,3,True,1788804304.8611765,
unbound,nsec3,nonexistent.test-nsec3.example,cold,944738,3,True,1788804304.862196,
unbound,nsec3,nonexistent.test-nsec3.example,cold,844797,3,True,1788804304.8631015,
unbound,nsec3,nonexistent.test-nsec3.example,cold,1038977,3,True,1788804304.8643525,
unbound,nsec3,nonexistent.test-nsec3.example,cold,939422,3,True,1788804304.8653526,
unbound,nsec3,nonexistent.test-nsec3.example,cold,662742,3,True,1788804304.866081,
unbound,nsec3,nonexistent.test-nsec3.example,cold,679637,3,True,1788804304.8668175,
unbound,nsec3,nonexistent.test-nsec3.example,cold,730099,3,True,1788804304.8676054,
unbound,nsec3,nonexistent.test-nsec3.example,cold,532241,3,True,1788804304.8681905,
unbound,nsec3,nonexistent.test-nsec3.example,cold,655076,3,True,1788804304.8688972,
unbound,nsec3,nonexistent.test-nsec3.example,cold,712998,3,True,1788804304.8696578,
unbound,nsec3,nonexistent.test-nsec3.example,cold,671060,3,True,1788804304.8703861,
unbound,nsec3,nonexistent.test-nsec3.example,cold,792728,3,True,1788804304.8712327,
unbound,nsec3,nonexistent.test-nsec3.example,cold,609976,3,True,1788804304.8718886,
unbound,nsec3,nonexistent.test-nsec3.example,cold,726111,3,True,1788804304.8726676,
unbound,nsec3,nonexistent.test-nsec3.example,cold,920599,3,True,1788804304.8736358,
unbound,nsec3,nonexistent.test-nsec3.example,cold,942419,3,True,1788804304.8747056,
unbound,nsec3,nonexistent.test-nsec3.example,cold,856781,3,True,1788804304.875637,
unbound,nsec3,nonexistent.test-nsec3.example,cold,1505352,3,True,1788804304.8772118,
unbound,nsec3,nonexistent.test-nsec3.example,cold,1048414,3,True,1788804304.878354,
unbound,nsec3,nonexistent.test-nsec3.example,cold,1220927,3,True,1788804304.879661,
unbound,nsec3,nonexistent.test-nsec3.example,cold,757374,3,True,1788804304.8804922,
unbound,nsec3,nonexistent.test-nsec3.example,cold,694297,3,True,1788804304.8813179,
unbound,nsec3,nonexistent.test-nsec3.example,cold,1009201,3,True,1788804304.8824823,
unbound,nsec3,nonexistent.test-nsec3.example,cold,817019,3,True,1788804304.8834605,
unbound,nsec3,nonexistent.test-nsec3.example,cold,2209577,3,True,1788804304.8857772,
unbound,nsec3,nonexistent.test-nsec3.example,cold,1041616,3,True,1788804304.88691,
unbound,nsec3,nonexistent.test-nsec3.example,cold,1283262,3,True,1788804304.8882742,
unbound,nsec3,nonexistent.test-nsec3.example,cold,843927,3,True,1788804304.889193,
unbound,nsec3,nonexistent.test-nsec3.example,cold,908598,3,True,1788804304.8901725,
unbound,nsec3,nonexistent.test-nsec3.example,cold,841281,3,True,1788804304.891077,
unbound,nsec3,nonexistent.test-nsec3.example,cold,1024662,3,True,1788804304.8921754,
unbound,nsec3,nonexistent.test-nsec3.example,cold,1040803,3,True,1788804304.893322,
unbound,nsec3,nonexistent.test-nsec3.example,cold,1071525,3,True,1788804304.894524,
unbound,nsec3,nonexistent.test-nsec3.example,cold,1252919,3,True,1788804304.8958538,
unbound,nsec3,nonexistent.test-nsec3.example,cold,919345,3,True,1788804304.896857,
unbound,nsec3,nonexistent.test-nsec3.example,cold,958726,3,True,1788804304.897888,
unbound,nsec3,nonexistent.test-nsec3.example,cold,757426,3,True,1788804304.8987112,
unbound,nsec3,nonexistent.test-nsec3.example,cold,889775,3,True,1788804304.8996532,
unbound,nsec3,nonexistent.test-nsec3.example,cold,1341424,3,True,1788804304.9010596,
unbound,nsec3,nonexistent.test-nsec3.example,cold,1187781,3,True,1788804304.9023168,
unbound,nsec3,nonexistent.test-nsec3.example,cold,1213949,3,True,1788804304.9036052,
unbound,nsec3,nonexistent.test-nsec3.example,cold,972375,3,True,1788804304.904664,
unbound,nsec3,nonexistent.test-nsec3.example,cold,1306076,3,True,1788804304.9060473,
unbound,nsec3,nonexistent.test-nsec3.example,cold,1236264,3,True,1788804304.907368,
unbound,nsec3,nonexistent.test-nsec3.example,cold,4780422,3,True,1788804304.912226,
unbound,nsec3,nonexistent.test-nsec3.example,cold,786825,3,True,1788804304.9131145,
unbound,nsec3,nonexistent.test-nsec3.example,cold,844247,3,True,1788804304.9140265,
unbound,nsec3,nonexistent.test-nsec3.example,cold,795802,3,True,1788804304.914885,
unbound,nsec3,nonexistent.test-nsec3.example,cold,842899,3,True,1788804304.9157805,
unbound,nsec3,nonexistent.test-nsec3.example,cold,1069492,3,True,1788804304.9169168,
unbound,nsec3,nonexistent.test-nsec3.example,cold,973826,3,True,1788804304.9179652,
unbound,nsec3,nonexistent.test-nsec3.example,cold,801548,3,True,1788804304.918823,
unbound,nsec3,nonexistent.test-nsec3.example,cold,989193,3,True,1788804304.919867,
unbound,nsec3,nonexistent.test-nsec3.example,cold,916612,3,True,1788804304.9208333,
unbound,nsec3,nonexistent.test-nsec3.example,cold,879340,3,True,1788804304.921766,
unbound,nsec3,nonexistent.test-nsec3.example,cold,717194,3,True,1788804304.922543,
unbound,nsec3,nonexistent.test-nsec3.example,cold,767925,3,True,1788804304.9233553,
unbound,nsec3,nonexistent.test-nsec3.example,cold,751901,3,True,1788804304.9241526,
unbound,nsec3,nonexistent.test-nsec3.example,cold,1090115,3,True,1788804304.9252884,
unbound,nsec3,nonexistent.test-nsec3.example,cold,817492,3,True,1788804304.926208,
unbound,nsec3,nonexistent.test-nsec3.example,cold,926035,3,True,1788804304.927184,
unbound,nsec3,nonexistent.test-nsec3.example,cold,1002520,3,True,1788804304.928258,
unbound,nsec3,nonexistent.test-nsec3.example,cold,781502,3,True,1788804304.9291084,
unbound,nsec3,nonexistent.test-nsec3.example,cold,1162187,3,True,1788804304.9303398,
unbound,nsec3,nonexistent.test-nsec3.example,cold,1162220,3,True,1788804304.9315882,
unbound,nsec3,nonexistent.test-nsec3.example,cold,930295,3,True,1788804304.9329407,
unbound,nsec3,nonexistent.test-nsec3.example,cold,860194,3,True,1788804304.9338703,
unbound,nsec3,nonexistent.test-nsec3.example,cold,999340,3,True,1788804304.9349196,
unbound,nsec3,nonexistent.test-nsec3.example,cold,1118026,3,True,1788804304.9361033,
unbound,nsec3,nonexistent.test-nsec3.example,cold,771994,3,True,1788804304.9369507,
unbound,nsec3,nonexistent.test-nsec3.example,cold,797995,3,True,1788804304.9378045,
unbound,nsec3,nonexistent.test-nsec3.example,cold,828966,3,True,1788804304.9386828,
unbound,nsec3,nonexistent.test-nsec3.example,cold,895178,3,True,1788804304.9396284,
unbound,nsec3,nonexistent.test-nsec3.example,cold,1032643,3,True,1788804304.9407098,
unbound,nsec3,nonexistent.test-nsec3.example,cold,981959,3,True,1788804304.941771,
unbound,nsec3,nonexistent.test-nsec3.example,cold,819660,3,True,1788804304.9426527,
unbound,nsec3,nonexistent.test-nsec3.example,cold,804875,3,True,1788804304.9435182,
unbound,nsec3,nonexistent.test-nsec3.example,cold,735364,3,True,1788804304.9443665,
unbound,nsec3,nonexistent.test-nsec3.example,cold,838682,3,True,1788804304.9452617,
unbound,nsec3,nonexistent.test-nsec3.example,cold,2464171,3,True,1788804304.9477985,
unbound,nsec3,nonexistent.test-nsec3.example,cold,1369695,3,True,1788804304.949337,
unbound,nsec3,nonexistent.test-nsec3.example,cold,961236,3,True,1788804304.9503744,
unbound,nsec3,nonexistent.test-nsec3.example,cold,917681,3,True,1788804304.9513612,
unbound,nsec3,nonexistent.test-nsec3.example,cold,1071297,3,True,1788804304.9524982,
unbound,nsec3,nonexistent.test-nsec3.example,cold,914656,3,True,1788804304.9534855,
unbound,nsec3,nonexistent.test-nsec3.example,cold,1012462,3,True,1788804304.9545653,
unbound,nsec3,nonexistent.test-nsec3.example,cold,879610,3,True,1788804304.955504,
unbound,nsec3,nonexistent.test-nsec3.example,cold,699483,3,True,1788804304.9562616,
unbound,nsec3,nonexistent.test-nsec3.example,cold,704871,3,True,1788804304.9570198,
unbound,nsec3,nonexistent.test-nsec3.example,cold,783845,3,True,1788804304.9578636,
unbound,nsec3,nonexistent.test-nsec3.example,cold,602668,3,True,1788804304.9585192,
unbound,nsec3,nonexistent.test-nsec3.example,cold,743436,3,True,1788804304.959317,
unbound,nsec3,nonexistent.test-nsec3.example,cold,885329,3,True,1788804304.960253,
unbound,nsec3,nonexistent.test-nsec3.example,cold,1768007,3,True,1788804304.96211,
unbound,nsec3,nonexistent.test-nsec3.example,cold,1592705,3,True,1788804304.9638057,
unbound,nsec3,nonexistent.test-nsec3.example,cold,2039687,3,True,1788804304.965934,
unbound,nsec3,nonexistent.test-nsec3.example,cold,2057014,3,True,1788804304.9680755,
unbound,nsec3,nonexistent.test-nsec3.example,cold,2391777,3,True,1788804304.9705665,
unbound,nsec3,nonexistent.test-nsec3.example,cold,2814577,3,True,1788804304.9738333,
unbound,nsec3,nonexistent.test-nsec3.example,cold,1586105,3,True,1788804304.9756508,
unbound,nsec3,nonexistent.test-nsec3.example,cold,1331813,3,True,1788804304.9772263,
unbound,nsec3,nonexistent.test-nsec3.example,cold,1359175,3,True,1788804304.978666,
unbound,nsec3,nonexistent.test-nsec3.example,cold,1275231,3,True,1788804304.9800274,
unbound,nsec3,nonexistent.test-nsec3.example,cold,1133787,3,True,1788804304.981241,
unbound,nsec3,nonexistent.test-nsec3.example,cold,1460773,3,True,1788804304.9827769,
unbound,nsec3,nonexistent.test-nsec3.example,cold,1017875,3,True,1788804304.9838672,
unbound,nsec3,nonexistent.test-nsec3.example,cold,1693679,3,True,1788804304.9856288,
unbound,nsec3,nonexistent.test-nsec3.example,cold,807668,3,True,1788804304.9865026,
unbound,nsec3,nonexistent.test-nsec3.example,cold,729744,3,True,1788804304.9872985,
unbound,nsec3,nonexistent.test-nsec3.example,cold,709154,3,True,1788804304.9880674,
unbound,nsec3,nonexistent.test-nsec3.example,cold,934257,3,True,1788804304.9890633,
unbound,nsec3,nonexistent.test-nsec3.example,cold,969772,3,True,1788804304.990109,
unbound,nsec3,nonexistent.test-nsec3.example,cold,1171494,3,True,1788804304.9913566,
unbound,nsec3,nonexistent.test-nsec3.example,cold,1023224,3,True,1788804304.9924576,
unbound,nsec3,nonexistent.test-nsec3.example,cold,787538,3,True,1788804304.9933543,
unbound,nsec3,nonexistent.test-nsec3.example,cold,1007619,3,True,1788804304.994427,
unbound,nsec3,nonexistent.test-nsec3.example,cold,924891,3,True,1788804304.9955099,
unbound,nsec3,nonexistent.test-nsec3.example,cold,892133,3,True,1788804304.9966218,
unbound,nsec3,nonexistent.test-nsec3.example,cold,711778,3,True,1788804304.9973857,
unbound,nsec3,nonexistent.test-nsec3.example,cold,840666,3,True,1788804304.9982882,
unbound,nsec3,nonexistent.test-nsec3.example,cold,931066,3,True,1788804304.9992838,
unbound,nsec3,nonexistent.test-nsec3.example,cold,642402,3,True,1788804304.99999,
unbound,nsec3,nonexistent.test-nsec3.example,cold,799296,3,True,1788804305.0008755,
unbound,nsec3,nonexistent.test-nsec3.example,cold,716659,3,True,1788804305.0017505,
unbound,nsec3,nonexistent.test-nsec3.example,cold,889342,3,True,1788804305.0027187,
unbound,nsec3,nonexistent.test-nsec3.example,cold,1398206,3,True,1788804305.004188,
unbound,nsec3,nonexistent.test-nsec3.example,cold,783553,3,True,1788804305.0050414,
unbound,nsec3,nonexistent.test-nsec3.example,cold,860310,3,True,1788804305.0059733,
unbound,nsec3,nonexistent.test-nsec3.example,cold,783361,3,True,1788804305.0068297,
unbound,nsec3,nonexistent.test-nsec3.example,cold,1226961,3,True,1788804305.0081325,
unbound,nsec3,nonexistent.test-nsec3.example,cold,867199,3,True,1788804305.009068,
unbound,nsec3,nonexistent.test-nsec3.example,cold,1245274,3,True,1788804305.0103807,
unbound,nsec3,nonexistent.test-nsec3.example,cold,1427533,3,True,1788804305.0118897,
unbound,nsec3,nonexistent.test-nsec3.example,cold,1702022,3,True,1788804305.013736,
unbound,nsec3,nonexistent.test-nsec3.example,cold,2860883,3,True,1788804305.0166936,
unbound,nsec3,nonexistent.test-nsec3.example,cold,1137365,3,True,1788804305.017921,
unbound,nsec3,nonexistent.test-nsec3.example,cold,865886,3,True,1788804305.0189118,
unbound,nsec3,nonexistent.test-nsec3.example,cold,906847,3,True,1788804305.0198898,
unbound,nsec3,nonexistent.test-nsec3.example,cold,1518132,3,True,1788804305.0214767,
unbound,nsec3,nonexistent.test-nsec3.example,cold,1386175,3,True,1788804305.0229897,
unbound,nsec3,nonexistent.test-nsec3.example,cold,1351146,3,True,1788804305.0244236,
unbound,nsec3,nonexistent.test-nsec3.example,cold,1059762,3,True,1788804305.025655,
unbound,nsec3,nonexistent.test-nsec3.example,cold,1245481,3,True,1788804305.026968,
unbound,nsec3,nonexistent.test-nsec3.example,cold,1608309,3,True,1788804305.028647,
unbound,nsec3,nonexistent.test-nsec3.example,cold,988444,3,True,1788804305.0297127,
unbound,nsec3,nonexistent.test-nsec3.example,cold,1019258,3,True,1788804305.0308867,
unbound,nsec3,nonexistent.test-nsec3.example,cold,1239732,3,True,1788804305.0321991,
unbound,nsec3,nonexistent.test-nsec3.example,cold,1765844,3,True,1788804305.0340483,
unbound,nsec3,nonexistent.test-nsec3.example,cold,1251779,3,True,1788804305.0353847,
unbound,nsec3,nonexistent.test-nsec3.example,cold,814849,3,True,1788804305.0362732,
unbound,nsec3,nonexistent.test-nsec3.example,cold,862652,3,True,1788804305.037802,
unbound,nsec3,nonexistent.test-nsec3.example,cold,1316371,3,True,1788804305.039211,
unbound,nsec3,nonexistent.test-nsec3.example,cold,991524,3,True,1788804305.0402822,
unbound,nsec3,nonexistent.test-nsec3.example,cold,854776,3,True,1788804305.04121,
unbound,nsec3,nonexistent.test-nsec3.example,cold,3595924,3,True,1788804305.0449154,
unbound,nsec3,nonexistent.test-nsec3.example,cold,1116685,3,True,1788804305.0461557,
unbound,nsec3,nonexistent.test-nsec3.example,cold,1477425,3,True,1788804305.0477211,
unbound,nsec3,nonexistent.test-nsec3.example,cold,719333,3,True,1788804305.0485284,
unbound,nsec3,nonexistent.test-nsec3.example,cold,3619862,3,True,1788804305.0522192,
unbound,nsec3,nonexistent.test-nsec3.example,cold,1596983,3,True,1788804305.0539026,
unbound,nsec3,nonexistent.test-nsec3.example,cold,3437156,3,True,1788804305.057442,
unbound,nsec3,nonexistent.test-nsec3.example,cold,1565530,3,True,1788804305.0591774,
unbound,nsec3,nonexistent.test-nsec3.example,cold,943470,3,True,1788804305.060208,
unbound,nsec3,nonexistent.test-nsec3.example,cold,942846,3,True,1788804305.0612268,
unbound,nsec3,nonexistent.test-nsec3.example,cold,675379,3,True,1788804305.0619748,
unbound,nsec3,nonexistent.test-nsec3.example,cold,929117,3,True,1788804305.062969,
unbound,nsec3,nonexistent.test-nsec3.example,cold,984886,3,True,1788804305.0640364,
unbound,nsec3,nonexistent.test-nsec3.example,cold,1577867,3,True,1788804305.0656881,
unbound,nsec3,nonexistent.test-nsec3.example,cold,967153,3,True,1788804305.0667388,
unbound,nsec3,nonexistent.test-nsec3.example,cold,942417,3,True,1788804305.0677629,
unbound,nsec3,nonexistent.test-nsec3.example,cold,4201225,3,True,1788804305.072033,
unbound,nsec3,nonexistent.test-nsec3.example,cold,3796578,3,True,1788804305.07594,
unbound,nsec3,nonexistent.test-nsec3.example,cold,1184702,3,True,1788804305.077253,
unbound,nsec3,nonexistent.test-nsec3.example,cold,1368917,3,True,1788804305.0787032,
unbound,nsec3,nonexistent.test-nsec3.example,cold,2807957,3,True,1788804305.081897,
unbound,nsec3,nonexistent.test-nsec3.example,cold,2638295,3,True,1788804305.084788,
unbound,nsec3,nonexistent.test-nsec3.example,cold,2731741,3,True,1788804305.0876482,
unbound,nsec3,nonexistent.test-nsec3.example,cold,5572233,3,True,1788804305.0939808,
unbound,nsec3,nonexistent.test-nsec3.example,cold,3563323,3,True,1788804305.0977657,
unbound,nsec3,nonexistent.test-nsec3.example,cold,1886496,3,True,1788804305.099912,
unbound,nsec3,nonexistent.test-nsec3.example,cold,1043111,3,True,1788804305.1010213,
unbound,nsec3,nonexistent.test-nsec3.example,cold,1699873,3,True,1788804305.1027997,
unbound,nsec3,nonexistent.test-nsec3.example,cold,2456977,3,True,1788804305.105333,
unbound,nsec3,nonexistent.test-nsec3.example,cold,1468314,3,True,1788804305.1069407,
unbound,nsec3,nonexistent.test-nsec3.example,cold,1038895,3,True,1788804305.1082306,
unbound,nsec3,nonexistent.test-nsec3.example,cold,1381167,3,True,1788804305.1096914,
unbound,nsec3,nonexistent.test-nsec3.example,cold,801256,3,True,1788804305.1105807,
unbound,nsec3,nonexistent.test-nsec3.example,cold,808707,3,True,1788804305.1114533,
unbound,nsec3,nonexistent.test-nsec3.example,cold,956938,3,True,1788804305.1124794,
unbound,nsec3,nonexistent.test-nsec3.example,cold,780699,3,True,1788804305.1133337,
unbound,nsec3,nonexistent.test-nsec3.example,cold,768697,3,True,1788804305.1141677,
unbound,nsec3,nonexistent.test-nsec3.example,cold,901365,3,True,1788804305.1151726,
unbound,nsec3,nonexistent.test-nsec3.example,cold,868492,3,True,1788804305.1161146,
unbound,nsec3,nonexistent.test-nsec3.example,cold,724505,3,True,1788804305.1169066,
unbound,nsec3,nonexistent.test-nsec3.example,cold,836919,3,True,1788804305.1178086,
unbound,nsec3,nonexistent.test-nsec3.example,cold,1018461,3,True,1788804305.118926,
unbound,nsec3,nonexistent.test-nsec3.example,cold,1296025,3,True,1788804305.12029,
unbound,nsec3,nonexistent.test-nsec3.example,cold,2430661,3,True,1788804305.123785,
unbound,nsec3,nonexistent.test-nsec3.example,cold,892307,3,True,1788804305.124827,
unbound,nsec3,nonexistent.test-nsec3.example,cold,943225,3,True,1788804305.1258273,
unbound,nsec3,nonexistent.test-nsec3.example,cold,722855,3,True,1788804305.1266124,
unbound,nsec3,nonexistent.test-nsec3.example,cold,1485270,3,True,1788804305.1281853,
unbound,nsec3,nonexistent.test-nsec3.example,cold,815417,3,True,1788804305.1291158,
unbound,nsec3,nonexistent.test-nsec3.example,cold,809255,3,True,1788804305.129998,
unbound,nsec3,nonexistent.test-nsec3.example,cold,911204,3,True,1788804305.1309733,
unbound,nsec3,nonexistent.test-nsec3.example,cold,1194074,3,True,1788804305.1322532,
unbound,nsec3,nonexistent.test-nsec3.example,cold,1023445,3,True,1788804305.1333802,
unbound,nsec3,nonexistent.test-nsec3.example,cold,1938590,3,True,1788804305.1353922,
unbound,nsec3,nonexistent.test-nsec3.example,cold,984780,3,True,1788804305.1364644,
unbound,nsec3,nonexistent.test-nsec3.example,cold,978972,3,True,1788804305.1375256,
unbound,nsec3,nonexistent.test-nsec3.example,cold,1310257,3,True,1788804305.1389036,
unbound,nsec3,nonexistent.test-nsec3.example,cold,1118976,3,True,1788804305.1400857,
unbound,nsec3,nonexistent.test-nsec3.example,cold,840687,3,True,1788804305.1409974,
unbound,nsec3,nonexistent.test-nsec3.example,cold,656962,3,True,1788804305.1417172,
unbound,nsec3,nonexistent.test-nsec3.example,cold,1014623,3,True,1788804305.1427917,
unbound,nsec3,nonexistent.test-nsec3.example,cold,810298,3,True,1788804305.1436548,
unbound,nsec3,nonexistent.test-nsec3.example,cold,810956,3,True,1788804305.1445155,
unbound,nsec3,nonexistent.test-nsec3.example,cold,858761,3,True,1788804305.1454542,
unbound,nsec3,nonexistent.test-nsec3.example,cold,714221,3,True,1788804305.1462355,
unbound,nsec3,nonexistent.test-nsec3.example,cold,744816,3,True,1788804305.1470299,
unbound,nsec3,nonexistent.test-nsec3.example,cold,1314407,3,True,1788804305.1483934,
unbound,nsec3,nonexistent.test-nsec3.example,cold,917244,3,True,1788804305.1493783,
unbound,nsec3,nonexistent.test-nsec3.example,cold,895719,3,True,1788804305.1503408,
unbound,nsec3,nonexistent.test-nsec3.example,cold,960982,3,True,1788804305.1513667,
unbound,nsec3,nonexistent.test-nsec3.example,cold,883265,3,True,1788804305.152314,
unbound,nsec3,nonexistent.test-nsec3.example,cold,669815,3,True,1788804305.1530457,
unbound,nsec3,nonexistent.test-nsec3.example,cold,1061123,3,True,1788804305.15416,
unbound,nsec3,nonexistent.test-nsec3.example,cold,981033,3,True,1788804305.1551971,
unbound,nsec3,nonexistent.test-nsec3.example,cold,860945,3,True,1788804305.1561167,
unbound,nsec3,nonexistent.test-nsec3.example,cold,605187,3,True,1788804305.1567872,
unbound,nsec3,nonexistent.test-nsec3.example,cold,732921,3,True,1788804305.1575758,
unbound,nsec3,nonexistent.test-nsec3.example,cold,645116,3,True,1788804305.1582851,
unbound,nsec3,nonexistent.test-nsec3.example,cold,766967,3,True,1788804305.159147,
unbound,nsec3,nonexistent.test-nsec3.example,cold,719636,3,True,1788804305.1599355,
unbound,nsec3,nonexistent.test-nsec3.example,cold,745815,3,True,1788804305.1607409,
unbound,nsec3,nonexistent.test-nsec3.example,cold,1291615,3,True,1788804305.1620834,
unbound,nsec3,nonexistent.test-nsec3.example,cold,1200323,3,True,1788804305.16342,
unbound,nsec3,nonexistent.test-nsec3.example,cold,1257037,3,True,1788804305.1647794,
unbound,nsec3,nonexistent.test-nsec3.example,cold,2353918,3,True,1788804305.1672165,
unbound,nsec3,nonexistent.test-nsec3.example,cold,1527374,3,True,1788804305.1688259,
unbound,nsec3,nonexistent.test-nsec3.example,cold,780484,3,True,1788804305.169676,
unbound,nsec3,nonexistent.test-nsec3.example,cold,1029803,3,True,1788804305.1708229,
unbound,nsec3,nonexistent.test-nsec3.example,cold,974267,3,True,1788804305.1718774,
unbound,nsec3,nonexistent.test-nsec3.example,cold,1073579,3,True,1788804305.1730192,
unbound,nsec3,nonexistent.test-nsec3.example,cold,1269018,3,True,1788804305.1743805,
unbound,nsec3,nonexistent.test-nsec3.example,cold,898535,3,True,1788804305.1753676,
unbound,nsec3,nonexistent.test-nsec3.example,cold,881606,3,True,1788804305.176324,
unbound,nsec3,nonexistent.test-nsec3.example,cold,695090,3,True,1788804305.177093,
unbound,nsec3,nonexistent.test-nsec3.example,cold,776312,3,True,1788804305.177922,
unbound,nsec3,nonexistent.test-nsec3.example,cold,837844,3,True,1788804305.1788075,
unbound,nsec3,nonexistent.test-nsec3.example,cold,774604,3,True,1788804305.1796384,
unbound,nsec3,nonexistent.test-nsec3.example,cold,901372,3,True,1788804305.1806176,
unbound,nsec3,nonexistent.test-nsec3.example,cold,967605,3,True,1788804305.1816635,
unbound,nsec3,nonexistent.test-nsec3.example,cold,1003264,3,True,1788804305.1827533,
unbound,nsec3,nonexistent.test-nsec3.example,cold,983439,3,True,1788804305.1838207,
unbound,nsec3,nonexistent.test-nsec3.example,cold,1123820,3,True,1788804305.1850502,
unbound,nsec3,nonexistent.test-nsec3.example,cold,1153357,3,True,1788804305.186297,
unbound,nsec3,nonexistent.test-nsec3.example,cold,1759141,3,True,1788804305.188151,
unbound,nsec3,nonexistent.test-nsec3.example,cold,1608822,3,True,1788804305.1899884,
unbound,nsec3,nonexistent.test-nsec3.example,cold,1759517,3,True,1788804305.1918876,
unbound,nsec3,nonexistent.test-nsec3.example,cold,1262741,3,True,1788804305.1932442,
unbound,nsec3,nonexistent.test-nsec3.example,cold,1420976,3,True,1788804305.1949203,
unbound,nsec3,nonexistent.test-nsec3.example,cold,927401,3,True,1788804305.1959255,
unbound,nsec3,nonexistent.test-nsec3.example,cold,1537867,3,True,1788804305.1975439,
unbound,nsec3,nonexistent.test-nsec3.example,cold,1196422,3,True,1788804305.1988385,
unbound,nsec3,nonexistent.test-nsec3.example,cold,1059849,3,True,1788804305.2000015,
unbound,nsec3,nonexistent.test-nsec3.example,cold,915304,3,True,1788804305.2010088,
unbound,nsec3,nonexistent.test-nsec3.example,cold,803755,3,True,1788804305.201868,
unbound,nsec3,nonexistent.test-nsec3.example,cold,656084,3,True,1788804305.202591,
unbound,nsec3,nonexistent.test-nsec3.example,cold,666602,3,True,1788804305.2033186,
unbound,nsec3,nonexistent.test-nsec3.example,cold,660601,3,True,1788804305.2040405,
unbound,nsec3,nonexistent.test-nsec3.example,cold,711760,3,True,1788804305.2048197,
unbound,nsec3,nonexistent.test-nsec3.example,cold,668963,3,True,1788804305.2055373,
unbound,nsec3,nonexistent.test-nsec3.example,cold,832415,3,True,1788804305.2064369,
unbound,nsec3,nonexistent.test-nsec3.example,cold,787113,3,True,1788804305.2072933,
unbound,nsec3,nonexistent.test-nsec3.example,cold,904199,3,True,1788804305.2082539,
unbound,nsec3,nonexistent.test-nsec3.example,cold,829793,3,True,1788804305.2092175,
unbound,nsec3,nonexistent.test-nsec3.example,cold,810143,3,True,1788804305.2100983,
unbound,nsec3,nonexistent.test-nsec3.example,cold,5948376,3,True,1788804305.2163959,
unbound,nsec3,nonexistent.test-nsec3.example,cold,2371069,3,True,1788804305.2189171,
unbound,nsec3,nonexistent.test-nsec3.example,cold,2536825,3,True,1788804305.2215967,
unbound,nsec3,nonexistent.test-nsec3.example,cold,1347032,3,True,1788804305.2230532,
unbound,nsec3,nonexistent.test-nsec3.example,cold,2491087,3,True,1788804305.2256842,
unbound,nsec3,nonexistent.test-nsec3.example,cold,2413427,3,True,1788804305.228196,
unbound,nsec3,nonexistent.test-nsec3.example,cold,2428486,3,True,1788804305.2307184,
unbound,nsec3,nonexistent.test-nsec3.example,cold,2325072,3,True,1788804305.2331426,
unbound,nsec3,nonexistent.test-nsec3.example,cold,5301011,3,True,1788804305.2386854,
unbound,nsec3,nonexistent.test-nsec3.example,cold,3450717,3,True,1788804305.2422516,
unbound,nsec3,nonexistent.test-nsec3.example,cold,1622149,3,True,1788804305.2439635,
unbound,nsec3,nonexistent.test-nsec3.example,cold,2337458,3,True,1788804305.2463777,
unbound,nsec3,nonexistent.test-nsec3.example,cold,2204883,3,True,1788804305.248827,
unbound,nsec3,nonexistent.test-nsec3.example,cold,1832197,3,True,1788804305.2507482,
unbound,nsec3,nonexistent.test-nsec3.example,cold,1754603,3,True,1788804305.2526093,
unbound,nsec3,nonexistent.test-nsec3.example,cold,23095108,3,True,1788804305.275798,
unbound,nsec3,nonexistent.test-nsec3.example,cold,6555056,3,True,1788804305.2824607,
unbound,nsec3,nonexistent.test-nsec3.example,cold,13469892,3,True,1788804305.2960725,
unbound,nsec3,nonexistent.test-nsec3.example,cold,1370996,3,True,1788804305.2975776,
unbound,nsec3,nonexistent.test-nsec3.example,cold,1010959,3,True,1788804305.2986822,
unbound,nsec3,nonexistent.test-nsec3.example,cold,886213,3,True,1788804305.2996554,
unbound,nsec3,nonexistent.test-nsec3.example,cold,3866237,3,True,1788804305.3036263,
unbound,nsec3,nonexistent.test-nsec3.example,cold,1407194,3,True,1788804305.3053746,
unbound,nsec3,nonexistent.test-nsec3.example,cold,1165784,3,True,1788804305.306654,
unbound,nsec3,nonexistent.test-nsec3.example,cold,1782064,3,True,1788804305.3085265,
unbound,nsec3,nonexistent.test-nsec3.example,cold,8848233,3,True,1788804305.317615,
unbound,nsec3,nonexistent.test-nsec3.example,cold,1045455,3,True,1788804305.318752,
unbound,nsec3,nonexistent.test-nsec3.example,cold,1012325,3,True,1788804305.319856,
unbound,nsec3,nonexistent.test-nsec3.example,cold,934305,3,True,1788804305.320881,
unbound,nsec3,nonexistent.test-nsec3.example,cold,909962,3,True,1788804305.3219383,
unbound,nsec3,nonexistent.test-nsec3.example,cold,991272,3,True,1788804305.3230407,
unbound,nsec3,nonexistent.test-nsec3.example,cold,1143126,3,True,1788804305.3243635,
unbound,nsec3,nonexistent.test-nsec3.example,cold,1002728,3,True,1788804305.325512,
unbound,nsec3,nonexistent.test-nsec3.example,cold,12077404,3,True,1788804305.3376906,
unbound,nsec3,nonexistent.test-nsec3.example,cold,5367733,3,True,1788804305.3432503,
unbound,nsec3,nonexistent.test-nsec3.example,cold,7128997,3,True,1788804305.3509614,
unbound,nsec3,nonexistent.test-nsec3.example,cold,3764209,3,True,1788804305.3559673,
unbound,nsec3,nonexistent.test-nsec3.example,cold,8469708,3,True,1788804305.3645992,
unbound,nsec3,nonexistent.test-nsec3.example,cold,1560340,3,True,1788804305.3662999,
unbound,nsec3,nonexistent.test-nsec3.example,cold,1021929,3,True,1788804305.367415,
unbound,nsec3,nonexistent.test-nsec3.example,cold,973747,3,True,1788804305.3684864,
unbound,nsec3,nonexistent.test-nsec3.example,cold,879715,3,True,1788804305.3694546,
unbound,nsec3,nonexistent.test-nsec3.example,cold,808126,3,True,1788804305.3703344,
unbound,nsec3,nonexistent.test-nsec3.example,cold,982311,3,True,1788804305.3714051,
unbound,nsec3,nonexistent.test-nsec3.example,cold,866289,3,True,1788804305.3723562,
unbound,nsec3,nonexistent.test-nsec3.example,cold,774910,3,True,1788804305.3732955,
unbound,nsec3,nonexistent.test-nsec3.example,cold,8273874,3,True,1788804305.3816395,
unbound,nsec3,nonexistent.test-nsec3.example,cold,2708163,3,True,1788804305.384441,
unbound,nsec3,nonexistent.test-nsec3.example,cold,3354707,3,True,1788804305.3878877,
unbound,nsec3,nonexistent.test-nsec3.example,cold,4002990,3,True,1788804305.392071,
unbound,nsec3,nonexistent.test-nsec3.example,cold,2173793,3,True,1788804305.394491,
unbound,nsec3,nonexistent.test-nsec3.example,cold,2279228,3,True,1788804305.3968663,
unbound,nsec3,nonexistent.test-nsec3.example,cold,2492302,3,True,1788804305.3996499,
unbound,nsec3,nonexistent.test-nsec3.example,cold,2543704,3,True,1788804305.4025552,
unbound,nsec3,nonexistent.test-nsec3.example,cold,2280937,3,True,1788804305.4049683,
unbound,nsec3,nonexistent.test-nsec3.example,cold,4058012,3,True,1788804305.4091656,
unbound,nsec3,nonexistent.test-nsec3.example,cold,2416552,3,True,1788804305.411962,
unbound,nsec3,nonexistent.test-nsec3.example,cold,2226528,3,True,1788804305.4144402,
unbound,nsec3,nonexistent.test-nsec3.example,cold,3819287,3,True,1788804305.4194396,
unbound,nsec3,nonexistent.test-nsec3.example,cold,4200165,3,True,1788804305.424091,
unbound,nsec3,nonexistent.test-nsec3.example,cold,1443068,3,True,1788804305.4257693,
unbound,nsec3,nonexistent.test-nsec3.example,cold,1034729,3,True,1788804305.4269006,
unbound,nsec3,nonexistent.test-nsec3.example,cold,1249545,3,True,1788804305.4282386,
unbound,nsec3,nonexistent.test-nsec3.example,cold,1229257,3,True,1788804305.429566,
unbound,nsec3,nonexistent.test-nsec3.example,cold,1500952,3,True,1788804305.4311543,
unbound,nsec3,nonexistent.test-nsec3.example,cold,1381505,3,True,1788804305.432794,
unbound,nsec3,nonexistent.test-nsec3.example,cold,1248310,3,True,1788804305.4341834,
unbound,nsec3,nonexistent.test-nsec3.example,cold,845488,3,True,1788804305.4351091,
unbound,nsec3,nonexistent.test-nsec3.example,cold,932025,3,True,1788804305.4363208,
unbound,nsec3,nonexistent.test-nsec3.example,cold,724750,3,True,1788804305.437123,
unbound,nsec3,nonexistent.test-nsec3.example,cold,1042732,3,True,1788804305.4382405,
unbound,nsec3,nonexistent.test-nsec3.example,cold,851102,3,True,1788804305.4391775,
unbound,nsec3,nonexistent.test-nsec3.example,cold,765231,3,True,1788804305.4400344,
unbound,nsec3,nonexistent.test-nsec3.example,cold,685778,3,True,1788804305.4408264,
unbound,nsec3,nonexistent.test-nsec3.example,cold,879738,3,True,1788804305.4417791,
unbound,nsec3,nonexistent.test-nsec3.example,cold,861795,3,True,1788804305.4427226,
unbound,nsec3,nonexistent.test-nsec3.example,cold,1515813,3,True,1788804305.4446115,
unbound,nsec3,nonexistent.test-nsec3.example,cold,1271399,3,True,1788804305.4459717,
unbound,nsec3,nonexistent.test-nsec3.example,cold,1213890,3,True,1788804305.4473133,
unbound,nsec3,nonexistent.test-nsec3.example,cold,1713438,3,True,1788804305.449114,
unbound,nsec3,nonexistent.test-nsec3.example,cold,875183,3,True,1788804305.4500787,
unbound,nsec3,nonexistent.test-nsec3.example,cold,933636,3,True,1788804305.4510772,
unbound,nsec3,nonexistent.test-nsec3.example,cold,1409402,3,True,1788804305.4525838,
unbound,nsec3,nonexistent.test-nsec3.example,cold,990205,3,True,1788804305.4536383,
unbound,nsec3,nonexistent.test-nsec3.example,cold,735002,3,True,1788804305.4544446,
unbound,nsec3,nonexistent.test-nsec3.example,cold,907671,3,True,1788804305.4554236,
unbound,nsec3,nonexistent.test-nsec3.example,cold,1735051,3,True,1788804305.4572341,
unbound,nsec3,nonexistent.test-nsec3.example,cold,1581707,3,True,1788804305.4589179,
unbound,nsec3,nonexistent.test-nsec3.example,cold,1925254,3,True,1788804305.4610474,
unbound,nsec3,nonexistent.test-nsec3.example,cold,2178333,3,True,1788804305.463326,
unbound,nsec3,nonexistent.test-nsec3.example,cold,996864,3,True,1788804305.4644158,
unbound,nsec3,nonexistent.test-nsec3.example,cold,1466004,3,True,1788804305.465952,
unbound,nsec3,nonexistent.test-nsec3.example,cold,1016907,3,True,1788804305.4670563,
unbound,nsec3,nonexistent.test-nsec3.example,cold,1168569,3,True,1788804305.4684696,
unbound,nsec3,nonexistent.test-nsec3.example,cold,1106597,3,True,1788804305.469663,
unbound,nsec3,nonexistent.test-nsec3.example,cold,1080212,3,True,1788804305.470954,
unbound,nsec3,nonexistent.test-nsec3.example,cold,1261903,3,True,1788804305.472303,
unbound,nsec3,nonexistent.test-nsec3.example,cold,1186806,3,True,1788804305.473577,
unbound,nsec3,nonexistent.test-nsec3.example,cold,1174228,3,True,1788804305.4749095,
unbound,nsec3,nonexistent.test-nsec3.example,cold,1155552,3,True,1788804305.476164,
unbound,nsec3,nonexistent.test-nsec3.example,cold,1407712,3,True,1788804305.4776611,
unbound,nsec3,nonexistent.test-nsec3.example,cold,1070698,3,True,1788804305.478828,
unbound,nsec3,nonexistent.test-nsec3.example,cold,6505575,3,True,1788804305.4854233,
unbound,nsec3,nonexistent.test-nsec3.example,cold,1730646,3,True,1788804305.4872615,
unbound,nsec3,nonexistent.test-nsec3.example,cold,1111223,3,True,1788804305.4884746,
unbound,nsec3,nonexistent.test-nsec3.example,cold,1195737,3,True,1788804305.4897516,
unbound,nsec3,nonexistent.test-nsec3.example,cold,1013620,3,True,1788804305.4909148,
unbound,nsec3,nonexistent.test-nsec3.example,cold,1804201,3,True,1788804305.4928117,
unbound,nsec3,nonexistent.test-nsec3.example,cold,4393357,3,True,1788804305.4973378,
unbound,nsec3,nonexistent.test-nsec3.example,cold,2231779,3,True,1788804305.5000947,
unbound,nsec3,nonexistent.test-nsec3.example,cold,1839113,3,True,1788804305.502067,
unbound,nsec3,nonexistent.test-nsec3.example,cold,1335619,3,True,1788804305.5035977,
unbound,nsec3,nonexistent.test-nsec3.example,cold,2420093,3,True,1788804305.5063143,
unbound,nsec3,nonexistent.test-nsec3.example,cold,1569726,3,True,1788804305.5083017,
unbound,nsec3,nonexistent.test-nsec3.example,cold,1527524,3,True,1788804305.5100508,
unbound,nsec3,nonexistent.test-nsec3.example,cold,3958647,3,True,1788804305.5141187,
unbound,nsec3,nonexistent.test-nsec3.example,cold,2994830,3,True,1788804305.5172966,
unbound,nsec3,nonexistent.test-nsec3.example,cold,2037132,3,True,1788804305.5194595,
unbound,nsec3,nonexistent.test-nsec3.example,cold,1518022,3,True,1788804305.521091,
unbound,nsec3,nonexistent.test-nsec3.example,cold,1079065,3,True,1788804305.5222762,
unbound,nsec3,nonexistent.test-nsec3.example,cold,2107930,3,True,1788804305.5244794,
unbound,nsec3,nonexistent.test-nsec3.example,cold,1191320,3,True,1788804305.525785,
unbound,nsec3,nonexistent.test-nsec3.example,cold,897205,3,True,1788804305.5267706,
unbound,nsec3,nonexistent.test-nsec3.example,cold,893077,3,True,1788804305.5277483,
unbound,nsec3,nonexistent.test-nsec3.example,cold,898304,3,True,1788804305.5287986,
unbound,nsec3,nonexistent.test-nsec3.example,cold,716671,3,True,1788804305.5295966,
unbound,nsec3,nonexistent.test-nsec3.example,cold,725634,3,True,1788804305.530446,
unbound,nsec3,nonexistent.test-nsec3.example,cold,952567,3,True,1788804305.5315437,
unbound,nsec3,nonexistent.test-nsec3.example,cold,811563,3,True,1788804305.5324478,
unbound,nsec3,nonexistent.test-nsec3.example,cold,1079916,3,True,1788804305.533605,
unbound,nsec3,nonexistent.test-nsec3.example,cold,1937014,3,True,1788804305.5356271,
unbound,nsec3,nonexistent.test-nsec3.example,cold,3159064,3,True,1788804305.5394716,
unbound,nsec3,nonexistent.test-nsec3.example,cold,4512459,3,True,1788804305.544519,
unbound,nsec3,nonexistent.test-nsec3.example,cold,996111,3,True,1788804305.5456338,
unbound,nsec3,nonexistent.test-nsec3.example,cold,880064,3,True,1788804305.546646,
unbound,nsec3,nonexistent.test-nsec3.example,cold,1415436,3,True,1788804305.5481393,
unbound,nsec3,nonexistent.test-nsec3.example,cold,1202605,3,True,1788804305.549441,
unbound,nsec3,nonexistent.test-nsec3.example,cold,5692200,3,True,1788804305.555817,
unbound,nsec3,nonexistent.test-nsec3.example,cold,1238260,3,True,1788804305.5571935,
unbound,nsec3,nonexistent.test-nsec3.example,cold,1031947,3,True,1788804305.5584383,
unbound,nsec3,nonexistent.test-nsec3.example,cold,1848916,3,True,1788804305.5603678,
unbound,nsec3,nonexistent.test-nsec3.example,cold,1219897,3,True,1788804305.5616941,
unbound,nsec3,nonexistent.test-nsec3.example,cold,1028138,3,True,1788804305.562817,
unbound,nsec3,nonexistent.test-nsec3.example,cold,1441442,3,True,1788804305.564435,
unbound,nsec3,nonexistent.test-nsec3.example,cold,3309769,3,True,1788804305.5681727,
unbound,nsec3,nonexistent.test-nsec3.example,cold,1395352,3,True,1788804305.5696983,
unbound,nsec3,nonexistent.test-nsec3.example,cold,1713021,3,True,1788804305.5716186,
unbound,nsec3,nonexistent.test-nsec3.example,cold,1753864,3,True,1788804305.573569,
unbound,nsec3,nonexistent.test-nsec3.example,cold,1346815,3,True,1788804305.5750456,
unbound,nsec3,nonexistent.test-nsec3.example,cold,1110849,3,True,1788804305.576425,
unbound,nsec3,nonexistent.test-nsec3.example,cold,1482072,3,True,1788804305.5781488,
unbound,nsec3,nonexistent.test-nsec3.example,cold,1094193,3,True,1788804305.579475,
unbound,nsec3,nonexistent.test-nsec3.example,cold,972711,3,True,1788804305.5805774,
unbound,nsec3,nonexistent.test-nsec3.example,cold,976473,3,True,1788804305.5816388,
unbound,nsec3,nonexistent.test-nsec3.example,cold,1121061,3,True,1788804305.5829651,
unbound,nsec3,nonexistent.test-nsec3.example,cold,1081941,3,True,1788804305.5841405,
unbound,nsec3,nonexistent.test-nsec3.example,cold,935253,3,True,1788804305.5851653,
unbound,nsec3,nonexistent.test-nsec3.example,cold,901733,3,True,1788804305.586241,
unbound,nsec3,nonexistent.test-nsec3.example,cold,1181400,3,True,1788804305.587502,
unbound,nsec3,nonexistent.test-nsec3.example,cold,1010966,3,True,1788804305.588593,
unbound,nsec3,nonexistent.test-nsec3.example,cold,1050314,3,True,1788804305.589916,
unbound,nsec3,nonexistent.test-nsec3.example,cold,2405516,3,True,1788804305.59252,
unbound,nsec3,nonexistent.test-nsec3.example,cold,1312370,3,True,1788804305.593986,
unbound,nsec3,nonexistent.test-nsec3.example,cold,1573918,3,True,1788804305.5957558,
unbound,nsec3,nonexistent.test-nsec3.example,cold,1850382,3,True,1788804305.5979466,
unbound,nsec3,nonexistent.test-nsec3.example,cold,1299409,3,True,1788804305.5993388,
unbound,nsec3,nonexistent.test-nsec3.example,cold,1935166,3,True,1788804305.6013563,
unbound,nsec3,nonexistent.test-nsec3.example,cold,2448908,3,True,1788804305.6039238,
unbound,nsec3,nonexistent.test-nsec3.example,cold,3851214,3,True,1788804305.60792,
unbound,nsec3,nonexistent.test-nsec3.example,cold,2428901,3,True,1788804305.6105497,
unbound,nsec3,nonexistent.test-nsec3.example,cold,1559842,3,True,1788804305.6122193,
unbound,nsec3,nonexistent.test-nsec3.example,cold,4154687,3,True,1788804305.6165001,
unbound,nsec3,nonexistent.test-nsec3.example,cold,1097262,3,True,1788804305.6177096,
unbound,nsec3,nonexistent.test-nsec3.example,cold,748981,3,True,1788804305.6185381,
unbound,nsec3,nonexistent.test-nsec3.example,cold,1230044,3,True,1788804305.6199186,
unbound,nsec3,nonexistent.test-nsec3.example,cold,1709315,3,True,1788804305.621693,
unbound,nsec3,nonexistent.test-nsec3.example,cold,1371125,3,True,1788804305.6231852,
unbound,nsec3,nonexistent.test-nsec3.example,cold,1261769,3,True,1788804305.6246784,
unbound,nsec3,nonexistent.test-nsec3.example,cold,1874728,3,True,1788804305.6266637,
unbound,nsec3,nonexistent.test-nsec3.example,cold,1318689,3,True,1788804305.6281075,
unbound,nsec3,nonexistent.test-nsec3.example,cold,1152460,3,True,1788804305.6293905,
unbound,nsec3,nonexistent.test-nsec3.example,cold,1270369,3,True,1788804305.630836,
unbound,nsec3,nonexistent.test-nsec3.example,cold,1933103,3,True,1788804305.6328702,
unbound,nsec3,nonexistent.test-nsec3.example,cold,1088084,3,True,1788804305.6341987,
unbound,nsec3,nonexistent.test-nsec3.example,cold,1316220,3,True,1788804305.635853,
unbound,nsec3,nonexistent.test-nsec3.example,cold,1148057,3,True,1788804305.6370873,
unbound,nsec3,nonexistent.test-nsec3.example,cold,939433,3,True,1788804305.638115,
unbound,nsec3,nonexistent.test-nsec3.example,cold,1053765,3,True,1788804305.6392467,
unbound,nsec3,nonexistent.test-nsec3.example,cold,908177,3,True,1788804305.640317,
unbound,nsec3,nonexistent.test-nsec3.example,cold,2849509,3,True,1788804305.6432753,
unbound,nsec3,nonexistent.test-nsec3.example,cold,3248698,3,True,1788804305.6469045,
unbound,nsec3,nonexistent.test-nsec3.example,cold,1309464,3,True,1788804305.6491685,
unbound,nsec3,nonexistent.test-nsec3.example,cold,1290301,3,True,1788804305.6506138,
unbound,nsec3,nonexistent.test-nsec3.example,cold,1310751,3,True,1788804305.652158,
unbound,nsec3,nonexistent.test-nsec3.example,cold,934362,3,True,1788804305.6532645,
unbound,nsec3,nonexistent.test-nsec3.example,cold,1058259,3,True,1788804305.6544116,
unbound,nsec3,nonexistent.test-nsec3.example,cold,816210,3,True,1788804305.655385,
unbound,nsec3,nonexistent.test-nsec3.example,cold,937819,3,True,1788804305.6563962,
unbound,nsec3,nonexistent.test-nsec3.example,cold,919961,3,True,1788804305.6573973,
unbound,nsec3,nonexistent.test-nsec3.example,cold,1068924,3,True,1788804305.6585422,
unbound,nsec3,nonexistent.test-nsec3.example,cold,1089170,3,True,1788804305.659706,
unbound,nsec3,nonexistent.test-nsec3.example,cold,1448257,3,True,1788804305.661546,
unbound,nsec3,nonexistent.test-nsec3.example,cold,2119865,3,True,1788804305.6637669,
unbound,nsec3,nonexistent.test-nsec3.example,cold,4170976,3,True,1788804305.6681452,
unbound,nsec3,nonexistent.test-nsec3.example,cold,2393666,3,True,1788804305.6713176,
unbound,nsec3,nonexistent.test-nsec3.example,cold,1414096,3,True,1788804305.6730857,
unbound,nsec3,nonexistent.test-nsec3.example,cold,1467643,3,True,1788804305.6746547,
unbound,nsec3,nonexistent.test-nsec3.example,cold,2105640,3,True,1788804305.6768837,
unbound,nsec3,nonexistent.test-nsec3.example,cold,1181383,3,True,1788804305.678181,
unbound,nsec3,nonexistent.test-nsec3.example,cold,1012984,3,True,1788804305.679463,
unbound,nsec3,nonexistent.test-nsec3.example,cold,1934907,3,True,1788804305.6814778,
unbound,nsec3,nonexistent.test-nsec3.example,cold,2050253,3,True,1788804305.6836212,
unbound,nsec3,nonexistent.test-nsec3.example,cold,1801949,3,True,1788804305.685664,
unbound,nsec3,nonexistent.test-nsec3.example,cold,1428366,3,True,1788804305.6872919,
unbound,nsec3,nonexistent.test-nsec3.example,cold,1104710,3,True,1788804305.6884756,
unbound,nsec3,nonexistent.test-nsec3.example,cold,978847,3,True,1788804305.689591,
unbound,nsec3,nonexistent.test-nsec3.example,cold,954415,3,True,1788804305.690619,
unbound,nsec3,nonexistent.test-nsec3.example,cold,1035460,3,True,1788804305.6917293,
unbound,nsec3,nonexistent.test-nsec3.example,cold,787173,3,True,1788804305.6925778,
unbound,nsec3,nonexistent.test-nsec3.example,cold,1155043,3,True,1788804305.6938818,
unbound,nsec3,nonexistent.test-nsec3.example,cold,803361,3,True,1788804305.6947584,
unbound,nsec3,nonexistent.test-nsec3.example,cold,763618,3,True,1788804305.6956017,
unbound,nsec3,nonexistent.test-nsec3.example,cold,837887,3,True,1788804305.6965096,
unbound,nsec3,nonexistent.test-nsec3.example,cold,946213,3,True,1788804305.697522,
unbound,nsec3,nonexistent.test-nsec3.example,cold,858876,3,True,1788804305.6984549,
unbound,nsec3,nonexistent.test-nsec3.example,cold,749484,3,True,1788804305.6992774,
unbound,nsec3,nonexistent.test-nsec3.example,cold,723583,3,True,1788804305.7001956,
unbound,nsec3,nonexistent.test-nsec3.example,cold,965231,3,True,1788804305.701235,
unbound,nsec3,nonexistent.test-nsec3.example,cold,1115678,3,True,1788804305.7025998,
unbound,nsec3,nonexistent.test-nsec3.example,cold,1461991,3,True,1788804305.7043548,
unbound,nsec3,nonexistent.test-nsec3.example,cold,1025903,3,True,1788804305.7054825,
unbound,nsec3,nonexistent.test-nsec3.example,cold,1198348,3,True,1788804305.706769,
unbound,nsec3,nonexistent.test-nsec3.example,cold,1153679,3,True,1788804305.7080173,
unbound,nsec3,nonexistent.test-nsec3.example,cold,782013,3,True,1788804305.7088814,
unbound,nsec3,nonexistent.test-nsec3.example,cold,884591,3,True,1788804305.7098272,
unbound,nsec3,nonexistent.test-nsec3.example,cold,1032993,3,True,1788804305.7109368,
unbound,nsec3,nonexistent.test-nsec3.example,cold,912957,3,True,1788804305.711949,
unbound,nsec3,nonexistent.test-nsec3.example,cold,888179,3,True,1788804305.712919,
unbound,nsec3,nonexistent.test-nsec3.example,cold,764526,3,True,1788804305.713755,
unbound,nsec3,nonexistent.test-nsec3.example,cold,767065,3,True,1788804305.7145767,
unbound,nsec3,nonexistent.test-nsec3.example,cold,784221,3,True,1788804305.7154317,
unbound,nsec3,nonexistent.test-nsec3.example,cold,840879,3,True,1788804305.7163415,
unbound,nsec3,nonexistent.test-nsec3.example,cold,782965,3,True,1788804305.7171862,
unbound,nsec3,nonexistent.test-nsec3.example,cold,735658,3,True,1788804305.7179918,
unbound,nsec3,nonexistent.test-nsec3.example,cold,619700,3,True,1788804305.7186742,
unbound,nsec3,nonexistent.test-nsec3.example,cold,1668332,3,True,1788804305.7204273,
unbound,nsec3,nonexistent.test-nsec3.example,cold,1125266,3,True,1788804305.7216902,
unbound,nsec3,nonexistent.test-nsec3.example,cold,1074958,3,True,1788804305.7228813,
unbound,nsec3,nonexistent.test-nsec3.example,cold,1437013,3,True,1788804305.724402,
unbound,nsec3,nonexistent.test-nsec3.example,cold,1270407,3,True,1788804305.7258775,
unbound,nsec3,nonexistent.test-nsec3.example,cold,1097908,3,True,1788804305.7270718,
unbound,nsec3,nonexistent.test-nsec3.example,cold,3554316,3,True,1788804305.7307377,
unbound,nsec3,nonexistent.test-nsec3.example,cold,1032772,3,True,1788804305.7318602,
unbound,nsec3,nonexistent.test-nsec3.example,cold,1161033,3,True,1788804305.733117,
unbound,nsec3,nonexistent.test-nsec3.example,cold,1830684,3,True,1788804305.7355015,
unbound,nsec3,nonexistent.test-nsec3.example,cold,1106749,3,True,1788804305.736703,
unbound,nsec3,nonexistent.test-nsec3.example,cold,836923,3,True,1788804305.7376053,
unbound,nsec3,nonexistent.test-nsec3.example,cold,1041878,3,True,1788804305.7387602,
unbound,nsec3,nonexistent.test-nsec3.example,cold,1315578,3,True,1788804305.7401612,
unbound,nsec3,nonexistent.test-nsec3.example,cold,957253,3,True,1788804305.7412,
unbound,nsec3,nonexistent.test-nsec3.example,cold,1066899,3,True,1788804305.742391,
unbound,nsec3,nonexistent.test-nsec3.example,cold,1585180,3,True,1788804305.7440534,
unbound,nsec3,nonexistent.test-nsec3.example,cold,2050353,3,True,1788804305.746211,
unbound,nsec3,nonexistent.test-nsec3.example,cold,1204284,3,True,1788804305.747532,
unbound,nsec3,nonexistent.test-nsec3.example,cold,1257017,3,True,1788804305.7490027,
unbound,nsec3,nonexistent.test-nsec3.example,cold,1295886,3,True,1788804305.7504299,
unbound,nsec3,nonexistent.test-nsec3.example,cold,1198296,3,True,1788804305.7522335,
unbound,nsec3,nonexistent.test-nsec3.example,cold,1154351,3,True,1788804305.7534676,
unbound,nsec3,nonexistent.test-nsec3.example,cold,1316801,3,True,1788804305.7548726,
unbound,nsec3,nonexistent.test-nsec3.example,cold,1482194,3,True,1788804305.7565491,
unbound,nsec3,nonexistent.test-nsec3.example,cold,930093,3,True,1788804305.7575622,
unbound,nsec3,nonexistent.test-nsec3.example,cold,1299903,3,True,1788804305.7589405,
unbound,nsec3,nonexistent.test-nsec3.example,cold,4233514,3,True,1788804305.763425,
unbound,nsec3,nonexistent.test-nsec3.example,cold,999651,3,True,1788804305.7645214,
unbound,nsec3,nonexistent.test-nsec3.example,cold,739130,3,True,1788804305.7653353,
unbound,nsec3,nonexistent.test-nsec3.example,cold,706886,3,True,1788804305.7661128,
unbound,nsec3,nonexistent.test-nsec3.example,cold,776292,3,True,1788804305.7669508,
unbound,nsec3,nonexistent.test-nsec3.example,cold,838062,3,True,1788804305.767856,
unbound,nsec3,nonexistent.test-nsec3.example,cold,4129572,3,True,1788804305.7720742,
unbound,nsec3,nonexistent.test-nsec3.example,cold,1132184,3,True,1788804305.7734628,
unbound,nsec3,nonexistent.test-nsec3.example,cold,3502972,3,True,1788804305.777118,
unbound,nsec3,nonexistent.test-nsec3.example,cold,1302750,3,True,1788804305.7785277,
unbound,nsec3,nonexistent.test-nsec3.example,cold,1635586,3,True,1788804305.7802417,
unbound,nsec3,nonexistent.test-nsec3.example,cold,1145402,3,True,1788804305.7814717,
unbound,nsec3,nonexistent.test-nsec3.example,cold,1026419,3,True,1788804305.782569,
unbound,nsec3,nonexistent.test-nsec3.example,cold,1022631,3,True,1788804305.783669,
unbound,nsec3,nonexistent.test-nsec3.example,cold,1114732,3,True,1788804305.784862,
unbound,nsec3,nonexistent.test-nsec3.example,cold,1080539,3,True,1788804305.786011,
unbound,nsec3,nonexistent.test-nsec3.example,cold,1428098,3,True,1788804305.7875788,
unbound,nsec3,nonexistent.test-nsec3.example,cold,1052169,3,True,1788804305.788707,
unbound,nsec3,nonexistent.test-nsec3.example,cold,1526625,3,True,1788804305.7903504,
unbound,nsec3,nonexistent.test-nsec3.example,cold,1035542,3,True,1788804305.7914703,
unbound,nsec3,nonexistent.test-nsec3.example,cold,877060,3,True,1788804305.7924075,
unbound,nsec3,nonexistent.test-nsec3.example,cold,1136664,3,True,1788804305.7936153,
unbound,nsec3,nonexistent.test-nsec3.example,cold,1688597,3,True,1788804305.7953777,
unbound,nsec3,nonexistent.test-nsec3.example,cold,1053512,3,True,1788804305.7965229,
unbound,nsec3,nonexistent.test-nsec3.example,cold,972949,3,True,1788804305.7975898,
unbound,nsec3,nonexistent.test-nsec3.example,cold,708064,3,True,1788804305.7983599,
unbound,nsec3,nonexistent.test-nsec3.example,cold,836935,3,True,1788804305.799266,
unbound,nsec3,nonexistent.test-nsec3.example,cold,918340,3,True,1788804305.8002634,
unbound,nsec3,nonexistent.test-nsec3.example,cold,929882,3,True,1788804305.8012788,
unbound,nsec3,nonexistent.test-nsec3.example,cold,1003737,3,True,1788804305.80236,
unbound,nsec3,nonexistent.test-nsec3.example,cold,1285275,3,True,1788804305.8037982,
unbound,nsec3,nonexistent.test-nsec3.example,cold,811741,3,True,1788804305.8046942,
unbound,nsec3,nonexistent.test-nsec3.example,cold,736980,3,True,1788804305.805505,
unbound,nsec3,nonexistent.test-nsec3.example,cold,972703,3,True,1788804305.806546,
unbound,nsec3,nonexistent.test-nsec3.example,cold,844597,3,True,1788804305.8074977,
unbound,nsec3,nonexistent.test-nsec3.example,cold,709207,3,True,1788804305.8082583,
unbound,nsec3,nonexistent.test-nsec3.example,cold,843347,3,True,1788804305.809164,
unbound,nsec3,nonexistent.test-nsec3.example,cold,822398,3,True,1788804305.8100545,
unbound,nsec3,nonexistent.test-nsec3.example,cold,747368,3,True,1788804305.8108697,
unbound,nsec3,nonexistent.test-nsec3.example,cold,1051867,3,True,1788804305.8119886,
unbound,nsec3,nonexistent.test-nsec3.example,cold,878302,3,True,1788804305.8129783,
unbound,nsec3,nonexistent.test-nsec3.example,cold,1629192,3,True,1788804305.814756,
unbound,nsec3,nonexistent.test-nsec3.example,cold,1805349,3,True,1788804305.8166416,
unbound,nsec3,nonexistent.test-nsec3.example,cold,1347513,3,True,1788804305.8181033,
unbound,nsec3,nonexistent.test-nsec3.example,cold,1624759,3,True,1788804305.8198454,
unbound,nsec3,nonexistent.test-nsec3.example,cold,1772794,3,True,1788804305.8218806,
unbound,nsec3,nonexistent.test-nsec3.example,cold,3055175,3,True,1788804305.8250344,
unbound,nsec3,nonexistent.test-nsec3.example,cold,1589531,3,True,1788804305.8267362,
unbound,nsec3,nonexistent.test-nsec3.example,cold,3603957,3,True,1788804305.8309064,
unbound,nsec3,nonexistent.test-nsec3.example,cold,2840881,3,True,1788804305.8339279,
unbound,nsec3,nonexistent.test-nsec3.example,cold,1301891,3,True,1788804305.8353984,
unbound,nsec3,nonexistent.test-nsec3.example,cold,1887171,3,True,1788804305.8373778,
unbound,nsec3,nonexistent.test-nsec3.example,cold,875236,3,True,1788804305.8383741,
unbound,nsec3,nonexistent.test-nsec3.example,cold,821927,3,True,1788804305.8392725,
unbound,nsec3,nonexistent.test-nsec3.example,cold,1007422,3,True,1788804305.8403676,
unbound,nsec3,nonexistent.test-nsec3.example,cold,1185839,3,True,1788804305.8416257,
unbound,nsec3,nonexistent.test-nsec3.example,cold,934229,3,True,1788804305.8426418,
unbound,nsec3,nonexistent.test-nsec3.example,cold,1031262,3,True,1788804305.8438363,
unbound,nsec3,nonexistent.test-nsec3.example,cold,808048,3,True,1788804305.8447018,
unbound,nsec3,nonexistent.test-nsec3.example,cold,682237,3,True,1788804305.8454604,
unbound,nsec3,nonexistent.test-nsec3.example,cold,1866579,3,True,1788804305.847424,
unbound,nsec3,nonexistent.test-nsec3.example,cold,3176050,3,True,1788804305.8509836,
unbound,nsec3,nonexistent.test-nsec3.example,cold,2064566,3,True,1788804305.853427,
unbound,nsec3,nonexistent.test-nsec3.example,cold,1468543,3,True,1788804305.855001,
unbound,nsec3,nonexistent.test-nsec3.example,cold,2217834,3,True,1788804305.8574047,
unbound,nsec3,nonexistent.test-nsec3.example,cold,1410332,3,True,1788804305.8590465,
unbound,nsec3,nonexistent.test-nsec3.example,cold,1811120,3,True,1788804305.8609912,
unbound,nsec3,nonexistent.test-nsec3.example,cold,917957,3,True,1788804305.8621035,
unbound,nsec3,nonexistent.test-nsec3.example,cold,1163237,3,True,1788804305.8634417,
unbound,nsec3,nonexistent.test-nsec3.example,cold,1842719,3,True,1788804305.8653796,
unbound,nsec3,nonexistent.test-nsec3.example,cold,1032519,3,True,1788804305.8666654,
unbound,nsec3,nonexistent.test-nsec3.example,cold,1399975,3,True,1788804305.8681388,
unbound,nsec3,nonexistent.test-nsec3.example,cold,985255,3,True,1788804305.869275,
unbound,nsec3,nonexistent.test-nsec3.example,cold,1252005,3,True,1788804305.8706381,
unbound,nsec3,nonexistent.test-nsec3.example,cold,1258629,3,True,1788804305.8720942,
unbound,nsec3,nonexistent.test-nsec3.example,cold,897192,3,True,1788804305.8730648,
unbound,nsec3,nonexistent.test-nsec3.example,cold,936256,3,True,1788804305.8740695,
unbound,nsec3,nonexistent.test-nsec3.example,cold,2043559,3,True,1788804305.8763509,
unbound,nsec3,nonexistent.test-nsec3.example,cold,2001722,3,True,1788804305.8784478,
unbound,nsec3,nonexistent.test-nsec3.example,cold,1563242,3,True,1788804305.8801334,
unbound,nsec3,nonexistent.test-nsec3.example,cold,1089688,3,True,1788804305.881301,
unbound,nsec3,nonexistent.test-nsec3.example,cold,1352567,3,True,1788804305.8828566,
unbound,nsec3,nonexistent.test-nsec3.example,cold,956776,3,True,1788804305.8839338,
unbound,nsec3,nonexistent.test-nsec3.example,cold,921326,3,True,1788804305.8849247,
unbound,nsec3,nonexistent.test-nsec3.example,cold,834706,3,True,1788804305.8858294,
unbound,nsec3,nonexistent.test-nsec3.example,cold,888867,3,True,1788804305.8867853,
unbound,nsec3,nonexistent.test-nsec3.example,cold,1246654,3,True,1788804305.888102,
unbound,nsec3,nonexistent.test-nsec3.example,cold,790458,3,True,1788804305.8889685,
unbound,nsec3,nonexistent.test-nsec3.example,cold,1023095,3,True,1788804305.8900597,
unbound,nsec3,nonexistent.test-nsec3.example,cold,927978,3,True,1788804305.8910575,
unbound,nsec3,nonexistent.test-nsec3.example,cold,806688,3,True,1788804305.8919551,
unbound,nsec3,nonexistent.test-nsec3.example,cold,802129,3,True,1788804305.8928201,
unbound,nsec3,nonexistent.test-nsec3.example,cold,958225,3,True,1788804305.8938277,
unbound,nsec3,nonexistent.test-nsec3.example,cold,793379,3,True,1788804305.8946886,
unbound,nsec3,nonexistent.test-nsec3.example,cold,862916,3,True,1788804305.8956094,
unbound,nsec3,nonexistent.test-nsec3.example,cold,866339,3,True,1788804305.8965375,
unbound,nsec3,nonexistent.test-nsec3.example,cold,966057,3,True,1788804305.8975563,
unbound,nsec3,nonexistent.test-nsec3.example,cold,888572,3,True,1788804305.8985226,
unbound,nsec3,nonexistent.test-nsec3.example,cold,1093024,3,True,1788804305.900723,
unbound,nsec3,nonexistent.test-nsec3.example,cold,1138572,3,True,1788804305.902015,
unbound,nsec3,nonexistent.test-nsec3.example,cold,763832,3,True,1788804305.9028504,
unbound,nsec3,nonexistent.test-nsec3.example,cold,891880,3,True,1788804305.903848,
unbound,nsec3,nonexistent.test-nsec3.example,cold,691543,3,True,1788804305.9046469,
unbound,nsec3,nonexistent.test-nsec3.example,cold,690362,3,True,1788804305.9053853,
unbound,nsec3,nonexistent.test-nsec3.example,cold,758747,3,True,1788804305.906202,
unbound,nsec3,nonexistent.test-nsec3.example,cold,697666,3,True,1788804305.9069571,
unbound,nsec3,nonexistent.test-nsec3.example,cold,804861,3,True,1788804305.9078207,
unbound,nsec3,nonexistent.test-nsec3.example,cold,730948,3,True,1788804305.9085996,
unbound,nsec3,nonexistent.test-nsec3.example,cold,659762,3,True,1788804305.9093025,
unbound,nsec3,nonexistent.test-nsec3.example,cold,676880,3,True,1788804305.910031,
unbound,nsec3,nonexistent.test-nsec3.example,cold,561786,3,True,1788804305.9106326,
unbound,nsec3,nonexistent.test-nsec3.example,cold,754979,3,True,1788804305.9114344,
unbound,nsec3,nonexistent.test-nsec3.example,cold,585978,3,True,1788804305.9120667,
unbound,nsec3,nonexistent.test-nsec3.example,cold,581189,3,True,1788804305.9126933,
unbound,nsec3,nonexistent.test-nsec3.example,cold,656248,3,True,1788804305.9133956,
unbound,nsec3,nonexistent.test-nsec3.example,cold,703805,3,True,1788804305.914144,
unbound,nsec3,nonexistent.test-nsec3.example,cold,767450,3,True,1788804305.914959,
unbound,nsec3,nonexistent.test-nsec3.example,cold,799283,3,True,1788804305.915821,
unbound,nsec3,nonexistent.test-nsec3.example,cold,846228,3,True,1788804305.9167163,
unbound,nsec3,nonexistent.test-nsec3.example,cold,744263,3,True,1788804305.9175198,
unbound,nsec3,nonexistent.test-nsec3.example,cold,835815,3,True,1788804305.9184048,
unbound,nsec3,nonexistent.test-nsec3.example,cold,729507,3,True,1788804305.9191923,
unbound,nsec3,nonexistent.test-nsec3.example,cold,725864,3,True,1788804305.9199831,
unbound,nsec3,nonexistent.test-nsec3.example,cold,795273,3,True,1788804305.9208393,
unbound,nsec3,nonexistent.test-nsec3.example,cold,855271,3,True,1788804305.9217792,
unbound,nsec3,nonexistent.test-nsec3.example,cold,1109963,3,True,1788804305.922957,
unbound,nsec3,nonexistent.test-nsec3.example,cold,935180,3,True,1788804305.9239616,
unbound,nsec3,nonexistent.test-nsec3.example,cold,883698,3,True,1788804305.9249027,
unbound,nsec3,nonexistent.test-nsec3.example,cold,794613,3,True,1788804305.9257646,
unbound,nsec3,nonexistent.test-nsec3.example,cold,1106014,3,True,1788804305.9269266,
unbound,nsec3,nonexistent.test-nsec3.example,cold,1008081,3,True,1788804305.9280124,
unbound,nsec3,nonexistent.test-nsec3.example,cold,1117223,3,True,1788804305.9292083,
unbound,nsec3,nonexistent.test-nsec3.example,cold,3298229,3,True,1788804305.9326088,
unbound,nsec3,nonexistent.test-nsec3.example,cold,1767868,3,True,1788804305.9346514,
unbound,nsec3,nonexistent.test-nsec3.example,cold,3103964,3,True,1788804305.9389172,
unbound,nsec3,nonexistent.test-nsec3.example,cold,1514146,3,True,1788804305.9406307,
unbound,nsec3,nonexistent.test-nsec3.example,cold,1039964,3,True,1788804305.9418015,
unbound,nsec3,nonexistent.test-nsec3.example,cold,937053,3,True,1788804305.9428267,
unbound,nsec3,nonexistent.test-nsec3.example,cold,1148135,3,True,1788804305.9440546,
unbound,nsec3,nonexistent.test-nsec3.example,cold,1307968,3,True,1788804305.9454465,
unbound,nsec3,nonexistent.test-nsec3.example,cold,1140616,3,True,1788804305.9466841,
unbound,nsec3,nonexistent.test-nsec3.example,cold,1004574,3,True,1788804305.9477766,
unbound,nsec3,nonexistent.test-nsec3.example,cold,1147069,3,True,1788804305.9489996,
unbound,nsec3,nonexistent.test-nsec3.example,cold,733665,3,True,1788804305.9497893,
unbound,nsec3,nonexistent.test-nsec3.example,cold,1006297,3,True,1788804305.9508634,
unbound,nsec3,nonexistent.test-nsec3.example,cold,1003796,3,True,1788804305.951982,
unbound,nsec3,nonexistent.test-nsec3.example,cold,804107,3,True,1788804305.9528644,
unbound,nsec3,nonexistent.test-nsec3.example,cold,923914,3,True,1788804305.9538534,
unbound,nsec3,nonexistent.test-nsec3.example,cold,875355,3,True,1788804305.9548266,
unbound,nsec3,nonexistent.test-nsec3.example,cold,826627,3,True,1788804305.9558015,
unbound,nsec3,nonexistent.test-nsec3.example,cold,770056,3,True,1788804305.9566283,
unbound,nsec3,nonexistent.test-nsec3.example,cold,793563,3,True,1788804305.9574847,
unbound,nsec3,nonexistent.test-nsec3.example,cold,862282,3,True,1788804305.958399,
unbound,nsec3,nonexistent.test-nsec3.example,cold,934109,3,True,1788804305.9594216,
unbound,nsec3,nonexistent.test-nsec3.example,cold,823967,3,True,1788804305.9603062,
unbound,nsec3,nonexistent.test-nsec3.example,cold,1234663,3,True,1788804305.961609,
unbound,nsec3,nonexistent.test-nsec3.example,cold,759539,3,True,1788804305.9624333,
unbound,nsec3,nonexistent.test-nsec3.example,cold,1013797,3,True,1788804305.9635115,
unbound,nsec3,nonexistent.test-nsec3.example,cold,957126,3,True,1788804305.9645278,
unbound,nsec3,nonexistent.test-nsec3.example,cold,845447,3,True,1788804305.9654713,
unbound,nsec3,nonexistent.test-nsec3.example,cold,941490,3,True,1788804305.9664953,
unbound,nsec3,nonexistent.test-nsec3.example,cold,1160018,3,True,1788804305.9677293,
unbound,nsec3,nonexistent.test-nsec3.example,cold,798747,3,True,1788804305.9686038,
unbound,nsec3,nonexistent.test-nsec3.example,cold,714762,3,True,1788804305.9694595,
unbound,nsec3,nonexistent.test-nsec3.example,cold,970057,3,True,1788804305.970498,
unbound,nsec3,nonexistent.test-nsec3.example,cold,1173749,3,True,1788804305.97179,
unbound,nsec3,nonexistent.test-nsec3.example,cold,1086167,3,True,1788804305.9730093,
unbound,nsec3,nonexistent.test-nsec3.example,cold,832656,3,True,1788804305.9739888,
unbound,nsec3,nonexistent.test-nsec3.example,cold,1111322,3,True,1788804305.9751647,
unbound,nsec3,nonexistent.test-nsec3.example,cold,804035,3,True,1788804305.9760387,
unbound,nsec3,nonexistent.test-nsec3.example,cold,901624,3,True,1788804305.9770007,
unbound,nsec3,nonexistent.test-nsec3.example,cold,859511,3,True,1788804305.977927,
unbound,nsec3,nonexistent.test-nsec3.example,cold,684983,3,True,1788804305.9786837,
unbound,nsec3,nonexistent.test-nsec3.example,cold,762567,3,True,1788804305.9794974,
unbound,nsec3,nonexistent.test-nsec3.example,cold,910269,3,True,1788804305.9804838,
unbound,nsec3,nonexistent.test-nsec3.example,cold,860536,3,True,1788804305.981421,
unbound,nsec3,nonexistent.test-nsec3.example,cold,850161,3,True,1788804305.982339,
unbound,nsec3,nonexistent.test-nsec3.example,cold,985624,3,True,1788804305.9833949,
unbound,nsec3,nonexistent.test-nsec3.example,cold,841490,3,True,1788804305.9843142,
unbound,nsec3,nonexistent.test-nsec3.example,cold,890668,3,True,1788804305.9852722,
unbound,nsec3,nonexistent.test-nsec3.example,cold,763799,3,True,1788804305.9860976,
unbound,nsec3,nonexistent.test-nsec3.example,cold,762684,3,True,1788804305.986911,
unbound,nsec3,nonexistent.test-nsec3.example,cold,783914,3,True,1788804305.9877434,
unbound,nsec3,nonexistent.test-nsec3.example,cold,856518,3,True,1788804305.988651,
unbound,nsec3,nonexistent.test-nsec3.example,cold,1197025,3,True,1788804305.9899118,
unbound,nsec3,nonexistent.test-nsec3.example,cold,1119403,3,True,1788804305.9911003,
unbound,nsec3,nonexistent.test-nsec3.example,cold,984941,3,True,1788804305.992234,
unbound,nsec3,nonexistent.test-nsec3.example,cold,1207502,3,True,1788804305.9935086,
unbound,nsec3,nonexistent.test-nsec3.example,cold,1203872,3,True,1788804305.9947844,
unbound,nsec3,nonexistent.test-nsec3.example,cold,913956,3,True,1788804305.995767,
unbound,nsec3,nonexistent.test-nsec3.example,cold,1597146,3,True,1788804305.9976473,
unbound,nsec3,nonexistent.test-nsec3.example,cold,1303427,3,True,1788804305.999061,
unbound,nsec3,nonexistent.test-nsec3.example,cold,957371,3,True,1788804306.0001307,
unbound,nsec3,nonexistent.test-nsec3.example,cold,920115,3,True,1788804306.001218,
unbound,nsec3,nonexistent.test-nsec3.example,cold,822719,3,True,1788804306.0021722,
unbound,nsec3,nonexistent.test-nsec3.example,cold,832189,3,True,1788804306.0030758,
unbound,nsec3,nonexistent.test-nsec3.example,cold,698717,3,True,1788804306.0038733,
unbound,nsec3,nonexistent.test-nsec3.example,cold,823143,3,True,1788804306.0048199,
unbound,nsec3,nonexistent.test-nsec3.example,cold,1828588,3,True,1788804306.0067477,
unbound,nsec3,nonexistent.test-nsec3.example,cold,2931554,3,True,1788804306.0097904,
unbound,nsec3,nonexistent.test-nsec3.example,cold,1236641,3,True,1788804306.0112255,
unbound,nsec3,nonexistent.test-nsec3.example,cold,1406856,3,True,1788804306.0127852,
unbound,nsec3,nonexistent.test-nsec3.example,cold,998909,3,True,1788804306.0139606,
unbound,nsec3,nonexistent.test-nsec3.example,cold,857378,3,True,1788804306.014895,
unbound,nsec3,nonexistent.test-nsec3.example,cold,970835,3,True,1788804306.0159407,
unbound,nsec3,nonexistent.test-nsec3.example,cold,1527717,3,True,1788804306.0176175,
unbound,nsec3,nonexistent.test-nsec3.example,cold,1184720,3,True,1788804306.0188901,
unbound,nsec3,nonexistent.test-nsec3.example,cold,1145755,3,True,1788804306.0201435,
unbound,nsec3,nonexistent.test-nsec3.example,cold,1061866,3,True,1788804306.0213778,
unbound,nsec3,nonexistent.test-nsec3.example,cold,1348991,3,True,1788804306.0228202,
unbound,nsec3,nonexistent.test-nsec3.example,cold,1444546,3,True,1788804306.0243707,
unbound,nsec3,nonexistent.test-nsec3.example,cold,1368919,3,True,1788804306.0259116,
unbound,nsec3,nonexistent.test-nsec3.example,cold,911174,3,True,1788804306.02696,
unbound,nsec3,nonexistent.test-nsec3.example,cold,1180708,3,True,1788804306.0282564,
unbound,nsec3,nonexistent.test-nsec3.example,cold,1313651,3,True,1788804306.0298543,
unbound,nsec3,nonexistent.test-nsec3.example,cold,901219,3,True,1788804306.0308404,
unbound,nsec3,nonexistent.test-nsec3.example,cold,830379,3,True,1788804306.031739,
unbound,nsec3,nonexistent.test-nsec3.example,cold,926296,3,True,1788804306.0327256,
unbound,nsec3,nonexistent.test-nsec3.example,cold,964850,3,True,1788804306.03376,
unbound,nsec3,nonexistent.test-nsec3.example,cold,781459,3,True,1788804306.0346112,
unbound,nsec3,nonexistent.test-nsec3.example,cold,820366,3,True,1788804306.035501,
unbound,nsec3,nonexistent.test-nsec3.example,cold,818520,3,True,1788804306.0363817,
unbound,nsec3,nonexistent.test-nsec3.example,cold,712092,3,True,1788804306.0371437,
unbound,nsec3,nonexistent.test-nsec3.example,cold,873486,3,True,1788804306.038075,
unbound,nsec3,nonexistent.test-nsec3.example,cold,915946,3,True,1788804306.0390477,
unbound,nsec3,nonexistent.test-nsec3.example,cold,961781,3,True,1788804306.0401616,
unbound,nsec3,nonexistent.test-nsec3.example,cold,972733,3,True,1788804306.0411897,
unbound,nsec3,nonexistent.test-nsec3.example,cold,845242,3,True,1788804306.0421073,
unbound,nsec3,nonexistent.test-nsec3.example,cold,876510,3,True,1788804306.043083,
unbound,nsec3,nonexistent.test-nsec3.example,cold,780889,3,True,1788804306.0440211,
unbound,nsec3,nonexistent.test-nsec3.example,cold,894459,3,True,1788804306.0449839,
unbound,nsec3,nonexistent.test-nsec3.example,cold,889498,3,True,1788804306.0459428,
unbound,nsec3,nonexistent.test-nsec3.example,cold,937734,3,True,1788804306.046957,
unbound,nsec3,nonexistent.test-nsec3.example,cold,1034673,3,True,1788804306.0480602,
unbound,nsec3,nonexistent.test-nsec3.example,cold,787520,3,True,1788804306.048967,
unbound,nsec3,nonexistent.test-nsec3.example,cold,776904,3,True,1788804306.0497935,
unbound,nsec3,nonexistent.test-nsec3.example,cold,932711,3,True,1788804306.050789,
unbound,nsec3,nonexistent.test-nsec3.example,cold,1076217,3,True,1788804306.051913,
unbound,nsec3,nonexistent.test-nsec3.example,cold,754426,3,True,1788804306.0527859,
unbound,nsec3,nonexistent.test-nsec3.example,cold,741638,3,True,1788804306.0535734,
unbound,nsec3,nonexistent.test-nsec3.example,cold,722792,3,True,1788804306.0543556,
unbound,nsec3,nonexistent.test-nsec3.example,cold,710203,3,True,1788804306.0551488,
unbound,nsec3,nonexistent.test-nsec3.example,cold,782293,3,True,1788804306.0559936,
unbound,nsec3,nonexistent.test-nsec3.example,cold,845350,3,True,1788804306.0568871,
unbound,nsec3,nonexistent.test-nsec3.example,cold,724230,3,True,1788804306.0576713,
unbound,nsec3,nonexistent.test-nsec3.example,cold,885533,3,True,1788804306.05862,
unbound,nsec3,nonexistent.test-nsec3.example,cold,780612,3,True,1788804306.0594673,
unbound,nsec3,nonexistent.test-nsec3.example,cold,811346,3,True,1788804306.0603366,
unbound,nsec3,nonexistent.test-nsec3.example,cold,924734,3,True,1788804306.061399,
unbound,nsec3,nonexistent.test-nsec3.example,cold,774584,3,True,1788804306.062259,
unbound,nsec3,nonexistent.test-nsec3.example,cold,833849,3,True,1788804306.0631683,
unbound,nsec3,nonexistent.test-nsec3.example,cold,885123,3,True,1788804306.0641322,
unbound,nsec3,nonexistent.test-nsec3.example,cold,846366,3,True,1788804306.0650568,
unbound,nsec3,nonexistent.test-nsec3.example,cold,811522,3,True,1788804306.0659342,
unbound,nsec3,nonexistent.test-nsec3.example,cold,720807,3,True,1788804306.0667167,
unbound,nsec3,nonexistent.test-nsec3.example,cold,1266140,3,True,1788804306.0681746,
unbound,nsec3,nonexistent.test-nsec3.example,cold,793394,3,True,1788804306.0690606,
unbound,nsec3,nonexistent.test-nsec3.example,cold,812908,3,True,1788804306.0699327,
unbound,nsec3,nonexistent.test-nsec3.example,cold,836204,3,True,1788804306.0708368,
unbound,nsec3,nonexistent.test-nsec3.example,cold,914980,3,True,1788804306.0718184,
unbound,nsec3,nonexistent.test-nsec3.example,cold,1147470,3,True,1788804306.0730844,
unbound,nsec3,nonexistent.test-nsec3.example,cold,924554,3,True,1788804306.0740871,
unbound,nsec3,nonexistent.test-nsec3.example,cold,826214,3,True,1788804306.0749698,
unbound,nsec3,nonexistent.test-nsec3.example,cold,884698,3,True,1788804306.075909,
unbound,nsec3,nonexistent.test-nsec3.example,cold,796991,3,True,1788804306.0767586,
unbound,nsec3,nonexistent.test-nsec3.example,cold,767114,3,True,1788804306.0775802,
unbound,nsec3,nonexistent.test-nsec3.example,cold,849519,3,True,1788804306.0784776,
unbound,nsec3,nonexistent.test-nsec3.example,cold,860795,3,True,1788804306.0793872,
unbound,nsec3,nonexistent.test-nsec3.example,cold,4675584,3,True,1788804306.0841322,
unbound,nsec3,nonexistent.test-nsec3.example,cold,939999,3,True,1788804306.0851605,
unbound,nsec3,nonexistent.test-nsec3.example,cold,969487,3,True,1788804306.086205,
unbound,nsec3,nonexistent.test-nsec3.example,cold,936992,3,True,1788804306.0872235,
unbound,nsec3,nonexistent.test-nsec3.example,cold,1208528,3,True,1788804306.0885324,
unbound,nsec3,nonexistent.test-nsec3.example,cold,1256672,3,True,1788804306.0901976,
unbound,nsec3,nonexistent.test-nsec3.example,cold,1633836,3,True,1788804306.0919838,
unbound,nsec3,nonexistent.test-nsec3.example,cold,837160,3,True,1788804306.092913,
unbound,nsec3,nonexistent.test-nsec3.example,cold,904382,3,True,1788804306.0938945,
unbound,nsec3,nonexistent.test-nsec3.example,cold,1044832,3,True,1788804306.0950184,
unbound,nsec3,nonexistent.test-nsec3.example,cold,993554,3,True,1788804306.096091,
unbound,nsec3,nonexistent.test-nsec3.example,cold,902455,3,True,1788804306.0970619,
unbound,nsec3,nonexistent.test-nsec3.example,cold,1115747,3,True,1788804306.0983498,
unbound,nsec3,nonexistent.test-nsec3.example,cold,1535129,3,True,1788804306.1,
unbound,nsec3,nonexistent.test-nsec3.example,cold,1423190,3,True,1788804306.1015491,
unbound,nsec3,nonexistent.test-nsec3.example,cold,1305759,3,True,1788804306.1029682,
unbound,nsec3,nonexistent.test-nsec3.example,cold,960166,3,True,1788804306.1040165,
unbound,nsec3,nonexistent.test-nsec3.example,cold,762964,3,True,1788804306.1048546,
unbound,nsec3,nonexistent.test-nsec3.example,cold,661990,3,True,1788804306.1056302,
unbound,nsec3,nonexistent.test-nsec3.example,cold,625431,3,True,1788804306.1063175,
unbound,nsec3,nonexistent.test-nsec3.example,cold,992013,3,True,1788804306.1073713,
unbound,nsec3,nonexistent.test-nsec3.example,cold,694253,3,True,1788804306.108127,
unbound,nsec3,nonexistent.test-nsec3.example,cold,652104,3,True,1788804306.10884,
unbound,nsec3,nonexistent.test-nsec3.example,cold,686684,3,True,1788804306.1095867,
unbound,nsec3,nonexistent.test-nsec3.example,cold,734402,3,True,1788804306.110366,
unbound,nsec3,nonexistent.test-nsec3.example,cold,667073,3,True,1788804306.1110947,
unbound,nsec3,nonexistent.test-nsec3.example,cold,692948,3,True,1788804306.111867,
unbound,nsec3,nonexistent.test-nsec3.example,cold,740142,3,True,1788804306.1126614,
unbound,nsec3,nonexistent.test-nsec3.example,cold,679961,3,True,1788804306.1133828,
unbound,nsec3,nonexistent.test-nsec3.example,cold,827871,3,True,1788804306.1142561,
unbound,nsec3,nonexistent.test-nsec3.example,cold,616321,3,True,1788804306.1149344,
unbound,nsec3,nonexistent.test-nsec3.example,cold,778878,3,True,1788804306.1157799,
unbound,nsec3,nonexistent.test-nsec3.example,cold,740343,3,True,1788804306.1165686,
unbound,nsec3,nonexistent.test-nsec3.example,cold,721420,3,True,1788804306.1173368,
unbound,nsec3,nonexistent.test-nsec3.example,cold,849317,3,True,1788804306.1182303,
unbound,nsec3,nonexistent.test-nsec3.example,cold,1282839,3,True,1788804306.1195614,
unbound,nsec3,nonexistent.test-nsec3.example,cold,892817,3,True,1788804306.120548,
unbound,nsec3,nonexistent.test-nsec3.example,cold,708251,3,True,1788804306.121332,
unbound,nsec3,nonexistent.test-nsec3.example,cold,794154,3,True,1788804306.122173,
unbound,nsec3,nonexistent.test-nsec3.example,cold,982150,3,True,1788804306.1234312,
unbound,nsec3,nonexistent.test-nsec3.example,cold,862581,3,True,1788804306.1243474,
unbound,nsec3,nonexistent.test-nsec3.example,cold,797234,3,True,1788804306.1252515,
unbound,nsec3,nonexistent.test-nsec3.example,cold,796071,3,True,1788804306.1260955,
unbound,nsec3,nonexistent.test-nsec3.example,cold,661324,3,True,1788804306.1268213,
unbound,nsec3,nonexistent.test-nsec3.example,cold,756090,3,True,1788804306.127625,
unbound,nsec3,nonexistent.test-nsec3.example,cold,765245,3,True,1788804306.1284556,
unbound,nsec3,nonexistent.test-nsec3.example,cold,840592,3,True,1788804306.1293635,
unbound,nsec3,nonexistent.test-nsec3.example,cold,695075,3,True,1788804306.1301227,
unbound,nsec3,nonexistent.test-nsec3.example,cold,708237,3,True,1788804306.1308794,
unbound,nsec3,nonexistent.test-nsec3.example,cold,800511,3,True,1788804306.1317372,
unbound,nsec3,nonexistent.test-nsec3.example,cold,801170,3,True,1788804306.132587,
unbound,nsec3,nonexistent.test-nsec3.example,cold,752280,3,True,1788804306.133405,
unbound,nsec3,nonexistent.test-nsec3.example,cold,861677,3,True,1788804306.1343381,
unbound,nsec3,nonexistent.test-nsec3.example,cold,908001,3,True,1788804306.1353157,
unbound,nsec3,nonexistent.test-nsec3.example,cold,812517,3,True,1788804306.1361978,
unbound,nsec3,nonexistent.test-nsec3.example,cold,818997,3,True,1788804306.1370845,
unbound,nsec3,nonexistent.test-nsec3.example,cold,748594,3,True,1788804306.1378946,
unbound,nsec3,nonexistent.test-nsec3.example,cold,801148,3,True,1788804306.1387446,
unbound,nsec3,nonexistent.test-nsec3.example,cold,1017311,3,True,1788804306.1398287,
unbound,nsec3,nonexistent.test-nsec3.example,cold,767171,3,True,1788804306.1406739,
unbound,nsec3,nonexistent.test-nsec3.example,cold,893890,3,True,1788804306.1416392,
unbound,nsec3,nonexistent.test-nsec3.example,cold,843514,3,True,1788804306.14255,
unbound,nsec3,nonexistent.test-nsec3.example,cold,828224,3,True,1788804306.143452,
unbound,nsec3,nonexistent.test-nsec3.example,cold,852835,3,True,1788804306.1443784,
unbound,nsec3,nonexistent.test-nsec3.example,cold,883077,3,True,1788804306.1453335,
unbound,nsec3,nonexistent.test-nsec3.example,cold,782960,3,True,1788804306.146191,
unbound,nsec3,nonexistent.test-nsec3.example,cold,737553,3,True,1788804306.1469932,
unbound,nsec3,nonexistent.test-nsec3.example,cold,803510,3,True,1788804306.147847,
unbound,nsec3,nonexistent.test-nsec3.example,cold,683220,3,True,1788804306.1486084,
unbound,nsec3,nonexistent.test-nsec3.example,cold,886505,3,True,1788804306.1495624,
unbound,nsec3,nonexistent.test-nsec3.example,cold,1423457,3,True,1788804306.1510584,
unbound,nsec3,nonexistent.test-nsec3.example,cold,806549,3,True,1788804306.1519797,
unbound,nsec3,nonexistent.test-nsec3.example,cold,1061815,3,True,1788804306.1531105,
unbound,nsec3,nonexistent.test-nsec3.example,cold,1457215,3,True,1788804306.154664,
unbound,nsec3,nonexistent.test-nsec3.example,cold,1671499,3,True,1788804306.1566467,
unbound,nsec3,nonexistent.test-nsec3.example,cold,1545950,3,True,1788804306.1583633,
unbound,nsec3,nonexistent.test-nsec3.example,cold,1195825,3,True,1788804306.1597302,
unbound,nsec3,nonexistent.test-nsec3.example,cold,1244126,3,True,1788804306.1610532,
unbound,nsec3,nonexistent.test-nsec3.example,cold,1054205,3,True,1788804306.1621878,
unbound,nsec3,nonexistent.test-nsec3.example,cold,1060287,3,True,1788804306.1633651,
unbound,nsec3,nonexistent.test-nsec3.example,cold,982593,3,True,1788804306.164423,
unbound,nsec3,nonexistent.test-nsec3.example,cold,1093667,3,True,1788804306.1655896,
unbound,nsec3,nonexistent.test-nsec3.example,cold,887011,3,True,1788804306.1665497,
unbound,nsec3,nonexistent.test-nsec3.example,cold,783156,3,True,1788804306.1674063,
unbound,nsec3,nonexistent.test-nsec3.example,cold,734049,3,True,1788804306.1682336,
unbound,nsec3,nonexistent.test-nsec3.example,cold,764416,3,True,1788804306.1690643,
unbound,nsec3,nonexistent.test-nsec3.example,cold,773661,3,True,1788804306.1699,
unbound,nsec3,nonexistent.test-nsec3.example,cold,930771,3,True,1788804306.170889,
unbound,nsec3,nonexistent.test-nsec3.example,cold,1158227,3,True,1788804306.1721132,
unbound,nsec3,nonexistent.test-nsec3.example,cold,970358,3,True,1788804306.1731565,
unbound,nsec3,nonexistent.test-nsec3.example,cold,779457,3,True,1788804306.1740086,
unbound,nsec3,nonexistent.test-nsec3.example,cold,941280,3,True,1788804306.1750214,
unbound,nsec3,nonexistent.test-nsec3.example,cold,1334716,3,True,1788804306.1765647,
unbound,nsec3,nonexistent.test-nsec3.example,cold,2017376,3,True,1788804306.1786819,
unbound,nsec3,nonexistent.test-nsec3.example,cold,2298420,3,True,1788804306.1810958,
unbound,nsec3,nonexistent.test-nsec3.example,cold,923735,3,True,1788804306.182109,
unbound,nsec3,nonexistent.test-nsec3.example,cold,745683,3,True,1788804306.1829112,
unbound,nsec3,nonexistent.test-nsec3.example,cold,891286,3,True,1788804306.183863,
unbound,nsec3,nonexistent.test-nsec3.example,cold,822848,3,True,1788804306.1847548,
unbound,nsec3,nonexistent.test-nsec3.example,cold,926984,3,True,1788804306.185752,
unbound,nsec3,nonexistent.test-nsec3.example,cold,797061,3,True,1788804306.1866224,
unbound,nsec3,nonexistent.test-nsec3.example,cold,1000311,3,True,1788804306.1876864,
unbound,nsec3,nonexistent.test-nsec3.example,cold,761789,3,True,1788804306.1885014,
unbound,nsec3,nonexistent.test-nsec3.example,cold,915799,3,True,1788804306.1895258,
unbound,nsec3,nonexistent.test-nsec3.example,cold,749324,3,True,1788804306.1903899,
unbound,nsec3,nonexistent.test-nsec3.example,cold,871011,3,True,1788804306.1913059,
unbound,nsec3,nonexistent.test-nsec3.example,cold,795831,3,True,1788804306.1922624,
unbound,nsec3,nonexistent.test-nsec3.example,cold,618780,3,True,1788804306.1929393,
unbound,nsec3,nonexistent.test-nsec3.example,cold,922872,3,True,1788804306.1939073,
unbound,nsec3,nonexistent.test-nsec3.example,cold,668647,3,True,1788804306.1946213,
unbound,nsec3,nonexistent.test-nsec3.example,cold,689716,3,True,1788804306.195357,
unbound,nsec3,nonexistent.test-nsec3.example,cold,759201,3,True,1788804306.196159,
unbound,nsec3,nonexistent.test-nsec3.example,cold,1450521,3,True,1788804306.197653,
unbound,nsec3,nonexistent.test-nsec3.example,cold,660464,3,True,1788804306.1983733,
unbound,nsec3,nonexistent.test-nsec3.example,cold,853294,3,True,1788804306.1992762,
unbound,nsec3,nonexistent.test-nsec3.example,cold,785171,3,True,1788804306.2001262,
unbound,nsec3,nonexistent.test-nsec3.example,cold,734653,3,True,1788804306.2009087,
unbound,nsec3,nonexistent.test-nsec3.example,cold,637981,3,True,1788804306.201595,
unbound,nsec3,nonexistent.test-nsec3.example,cold,899480,3,True,1788804306.2025542,
unbound,nsec3,nonexistent.test-nsec3.example,cold,889341,3,True,1788804306.2034996,
unbound,nsec3,nonexistent.test-nsec3.example,cold,789494,3,True,1788804306.2043571,
unbound,nsec3,nonexistent.test-nsec3.example,cold,859477,3,True,1788804306.2052824,
unbound,nsec3,nonexistent.test-nsec3.example,cold,888610,3,True,1788804306.2062292,
unbound,nsec3,nonexistent.test-nsec3.example,cold,783645,3,True,1788804306.2070735,
unbound,nsec3,nonexistent.test-nsec3.example,cold,692239,3,True,1788804306.2078557,
unbound,nsec3,nonexistent.test-nsec3.example,cold,761960,3,True,1788804306.2086768,
unbound,nsec3,nonexistent.test-nsec3.example,cold,786766,3,True,1788804306.209617,
unbound,nsec3,nonexistent.test-nsec3.example,cold,812820,3,True,1788804306.2105434,
unbound,nsec3,nonexistent.test-nsec3.example,cold,832117,3,True,1788804306.2114224,
unbound,nsec3,nonexistent.test-nsec3.example,cold,994744,3,True,1788804306.2124708,
unbound,nsec3,nonexistent.test-nsec3.example,cold,757965,3,True,1788804306.2132976,
unbound,nsec3,nonexistent.test-nsec3.example,cold,754233,3,True,1788804306.2141173,
unbound,nsec3,nonexistent.test-nsec3.example,cold,709154,3,True,1788804306.2148893,
unbound,nsec3,nonexistent.test-nsec3.example,cold,955213,3,True,1788804306.2159052,
unbound,nsec3,nonexistent.test-nsec3.example,cold,755819,3,True,1788804306.2167158,
unbound,nsec3,nonexistent.test-nsec3.example,cold,821126,3,True,1788804306.2175846,
unbound,nsec3,nonexistent.test-nsec3.example,cold,773422,3,True,1788804306.2184076,
unbound,nsec3,nonexistent.test-nsec3.example,cold,825913,3,True,1788804306.2193472,
unbound,nsec3,nonexistent.test-nsec3.example,cold,680387,3,True,1788804306.220199,
unbound,nsec3,nonexistent.test-nsec3.example,cold,614471,3,True,1788804306.2209687,
unbound,nsec3,nonexistent.test-nsec3.example,cold,680128,3,True,1788804306.2218115,
unbound,nsec3,nonexistent.test-nsec3.example,cold,629636,3,True,1788804306.2225978,
unbound,nsec3,nonexistent.test-nsec3.example,cold,818624,3,True,1788804306.223474,
unbound,nsec3,nonexistent.test-nsec3.example,cold,813354,3,True,1788804306.2243545,
unbound,nsec3,nonexistent.test-nsec3.example,cold,861713,3,True,1788804306.2252889,
unbound,nsec3,nonexistent.test-nsec3.example,cold,847124,3,True,1788804306.226204,
unbound,nsec3,nonexistent.test-nsec3.example,cold,796105,3,True,1788804306.2270646,
unbound,nsec3,nonexistent.test-nsec3.example,cold,821696,3,True,1788804306.2279668,
unbound,nsec3,nonexistent.test-nsec3.example,cold,881223,3,True,1788804306.2289116,
unbound,nsec3,nonexistent.test-nsec3.example,cold,1437199,3,True,1788804306.2304218,
unbound,nsec3,nonexistent.test-nsec3.example,cold,1015751,3,True,1788804306.231527,
unbound,nsec3,nonexistent.test-nsec3.example,cold,1485194,3,True,1788804306.233148,
unbound,nsec3,nonexistent.test-nsec3.example,cold,1409608,3,True,1788804306.23464,
unbound,nsec3,nonexistent.test-nsec3.example,cold,969281,3,True,1788804306.2356906,
unbound,nsec3,nonexistent.test-nsec3.example,cold,799357,3,True,1788804306.236562,
unbound,nsec3,nonexistent.test-nsec3.example,cold,771789,3,True,1788804306.237407,
unbound,nsec3,nonexistent.test-nsec3.example,cold,906548,3,True,1788804306.2383788,
unbound,nsec3,nonexistent.test-nsec3.example,cold,1959957,3,True,1788804306.2404222,
unbound,nsec3,nonexistent.test-nsec3.example,cold,3386706,3,True,1788804306.2439003,
unbound,nsec3,nonexistent.test-nsec3.example,cold,1015027,3,True,1788804306.245108,
unbound,nsec3,nonexistent.test-nsec3.example,cold,905227,3,True,1788804306.2460678,
unbound,nsec3,nonexistent.test-nsec3.example,cold,1324708,3,True,1788804306.2474995,
unbound,nsec3,nonexistent.test-nsec3.example,cold,919141,3,True,1788804306.2485018,
unbound,nsec3,nonexistent.test-nsec3.example,cold,837549,3,True,1788804306.2494032,
unbound,nsec3,nonexistent.test-nsec3.example,cold,1155262,3,True,1788804306.2506187,
unbound,nsec3,nonexistent.test-nsec3.example,cold,969891,3,True,1788804306.2516673,
unbound,nsec3,nonexistent.test-nsec3.example,cold,1001152,3,True,1788804306.252781,
unbound,nsec3,nonexistent.test-nsec3.example,cold,1002380,3,True,1788804306.2538815,
unbound,nsec3,nonexistent.test-nsec3.example,cold,821085,3,True,1788804306.2547684,
unbound,nsec3,nonexistent.test-nsec3.example,cold,1147911,3,True,1788804306.255984,
unbound,nsec3,nonexistent.test-nsec3.example,cold,938116,3,True,1788804306.25702,
unbound,nsec3,nonexistent.test-nsec3.example,cold,818658,3,True,1788804306.2579143,
unbound,nsec3,nonexistent.test-nsec3.example,cold,1203427,3,True,1788804306.2591896,
unbound,nsec3,nonexistent.test-nsec3.example,cold,1520858,3,True,1788804306.2608008,
unbound,nsec3,nonexistent.test-nsec3.example,cold,1072203,3,True,1788804306.2619429,
unbound,nsec3,nonexistent.test-nsec3.example,cold,756696,3,True,1788804306.2627711,
unbound,nsec3,nonexistent.test-nsec3.example,cold,796226,3,True,1788804306.2636313,
unbound,nsec3,nonexistent.test-nsec3.example,cold,763919,3,True,1788804306.2644546,
unbound,nsec3,nonexistent.test-nsec3.example,cold,824574,3,True,1788804306.265338,
unbound,nsec3,nonexistent.test-nsec3.example,cold,817859,3,True,1788804306.2662165,
unbound,nsec3,nonexistent.test-nsec3.example,cold,801241,3,True,1788804306.2670786,
unbound,nsec3,nonexistent.test-nsec3.example,cold,730818,3,True,1788804306.2678783,
unbound,nsec3,nonexistent.test-nsec3.example,cold,716411,3,True,1788804306.2686484,
unbound,nsec3,nonexistent.test-nsec3.example,cold,739301,3,True,1788804306.269444,
unbound,nsec3,nonexistent.test-nsec3.example,cold,703775,3,True,1788804306.2702034,
unbound,nsec3,nonexistent.test-nsec3.example,cold,632131,3,True,1788804306.2708945,
unbound,nsec3,nonexistent.test-nsec3.example,cold,651887,3,True,1788804306.2715895,
unbound,nsec3,nonexistent.test-nsec3.example,cold,822567,3,True,1788804306.2724552,
unbound,nsec3,nonexistent.test-nsec3.example,cold,687769,3,True,1788804306.2731934,
unbound,nsec3,nonexistent.test-nsec3.example,cold,674642,3,True,1788804306.273924,
unbound,nsec3,nonexistent.test-nsec3.example,cold,698569,3,True,1788804306.2746785,
unbound,nsec3,nonexistent.test-nsec3.example,cold,818491,3,True,1788804306.2755551,
unbound,nsec3,nonexistent.test-nsec3.example,cold,673860,3,True,1788804306.2762837,
unbound,nsec3,nonexistent.test-nsec3.example,cold,662050,3,True,1788804306.2769902,
unbound,nsec3,nonexistent.test-nsec3.example,cold,555168,3,True,1788804306.2775855,
unbound,nsec3,nonexistent.test-nsec3.example,cold,631838,3,True,1788804306.2782571,
unbound,nsec3,nonexistent.test-nsec3.example,cold,610917,3,True,1788804306.2789187,
unbound,nsec3,nonexistent.test-nsec3.example,cold,646900,3,True,1788804306.2796075,
unbound,nsec3,nonexistent.test-nsec3.example,cold,677643,3,True,1788804306.28033,
unbound,nsec3,nonexistent.test-nsec3.example,cold,686288,3,True,1788804306.2810793,
unbound,nsec3,nonexistent.test-nsec3.example,cold,538683,3,True,1788804306.2816586,
unbound,nsec3,nonexistent.test-nsec3.example,cold,619569,3,True,1788804306.2823286,
unbound,nsec3,nonexistent.test-nsec3.example,cold,652972,3,True,1788804306.283026,
unbound,nsec3,nonexistent.test-nsec3.example,cold,730428,3,True,1788804306.2838085,
unbound,nsec3,nonexistent.test-nsec3.example,cold,693429,3,True,1788804306.2845497,
unbound,nsec3,nonexistent.test-nsec3.example,cold,623208,3,True,1788804306.2852283,
unbound,nsec3,nonexistent.test-nsec3.example,cold,584066,3,True,1788804306.2858524,
unbound,nsec3,nonexistent.test-nsec3.example,cold,720479,3,True,1788804306.286621,
unbound,nsec3,nonexistent.test-nsec3.example,cold,669938,3,True,1788804306.2873464,
unbound,nsec3,nonexistent.test-nsec3.example,cold,652958,3,True,1788804306.2880435,
unbound,nsec3,nonexistent.test-nsec3.example,cold,620413,3,True,1788804306.2887201,
unbound,nsec3,nonexistent.test-nsec3.example,cold,619943,3,True,1788804306.2893932,
unbound,nsec3,nonexistent.test-nsec3.example,cold,760138,3,True,1788804306.290193,
unbound,nsec3,nonexistent.test-nsec3.example,cold,587727,3,True,1788804306.2908268,
unbound,nsec3,nonexistent.test-nsec3.example,cold,591266,3,True,1788804306.2914617,
unbound,nsec3,nonexistent.test-nsec3.example,cold,776031,3,True,1788804306.2922885,
unbound,nsec3,nonexistent.test-nsec3.example,cold,628161,3,True,1788804306.2929704,
unbound,nsec3,nonexistent.test-nsec3.example,cold,723032,3,True,1788804306.293835,
unbound,nsec3,nonexistent.test-nsec3.example,cold,620994,3,True,1788804306.2945096,
unbound,nsec3,nonexistent.test-nsec3.example,cold,676741,3,True,1788804306.2952404,
unbound,nsec3,nonexistent.test-nsec3.example,cold,607388,3,True,1788804306.2959008,
unbound,nsec3,nonexistent.test-nsec3.example,cold,673526,3,True,1788804306.296631,
unbound,nsec3,nonexistent.test-nsec3.example,cold,645467,3,True,1788804306.297318,
unbound,nsec3,nonexistent.test-nsec3.example,cold,628054,3,True,1788804306.2979996,
unbound,nsec3,nonexistent.test-nsec3.example,cold,671347,3,True,1788804306.298723,
unbound,nsec3,nonexistent.test-nsec3.example,cold,641886,3,True,1788804306.2994576,
unbound,nsec3,nonexistent.test-nsec3.example,cold,646439,3,True,1788804306.300149,
unbound,nsec3,nonexistent.test-nsec3.example,cold,607657,3,True,1788804306.3007998,
unbound,nsec3,nonexistent.test-nsec3.example,cold,646550,3,True,1788804306.3014894,
unbound,nsec3,nonexistent.test-nsec3.example,cold,632746,3,True,1788804306.302174,
unbound,nsec3,nonexistent.test-nsec3.example,cold,631694,3,True,1788804306.3028595,
unbound,nsec3,nonexistent.test-nsec3.example,cold,634389,3,True,1788804306.303545,
unbound,nsec3,nonexistent.test-nsec3.example,cold,670918,3,True,1788804306.3042567,
unbound,nsec3,nonexistent.test-nsec3.example,cold,613272,3,True,1788804306.304911,
unbound,nsec3,nonexistent.test-nsec3.example,cold,790649,3,True,1788804306.3057516,
unbound,nsec3,nonexistent.test-nsec3.example,cold,758682,3,True,1788804306.3065689,
unbound,nsec3,nonexistent.test-nsec3.example,cold,782227,3,True,1788804306.3074126,
unbound,nsec3,nonexistent.test-nsec3.example,cold,939128,3,True,1788804306.3083997,
unbound,nsec3,nonexistent.test-nsec3.example,cold,808163,3,True,1788804306.309275,
unbound,nsec3,nonexistent.test-nsec3.example,cold,704121,3,True,1788804306.3100412,
unbound,nsec3,nonexistent.test-nsec3.example,cold,806240,3,True,1788804306.3109038,
unbound,nsec3,nonexistent.test-nsec3.example,cold,719348,3,True,1788804306.3116825,
unbound,nsec3,nonexistent.test-nsec3.example,cold,786116,3,True,1788804306.3125267,
unbound,nsec3,nonexistent.test-nsec3.example,cold,778049,3,True,1788804306.313357,
unbound,nsec3,nonexistent.test-nsec3.example,cold,824284,3,True,1788804306.3142476,
unbound,nsec3,nonexistent.test-nsec3.example,cold,982418,3,True,1788804306.315378,
unbound,nsec3,nonexistent.test-nsec3.example,cold,1087714,3,True,1788804306.3165483,
unbound,nsec3,nonexistent.test-nsec3.example,cold,1230426,3,True,1788804306.3179717,
unbound,nsec3,nonexistent.test-nsec3.example,cold,789692,3,True,1788804306.3188386,
unbound,nsec3,nonexistent.test-nsec3.example,cold,855640,3,True,1788804306.3197434,
unbound,nsec3,nonexistent.test-nsec3.example,cold,885869,3,True,1788804306.3206892,
unbound,nsec3,nonexistent.test-nsec3.example,cold,1058628,3,True,1788804306.3218145,
unbound,nsec3,nonexistent.test-nsec3.example,cold,881304,3,True,1788804306.3227668,
unbound,nsec3,nonexistent.test-nsec3.example,cold,977053,3,True,1788804306.3238165,
unbound,nsec3,nonexistent.test-nsec3.example,cold,867370,3,True,1788804306.3247561,
unbound,nsec3,nonexistent.test-nsec3.example,cold,884728,3,True,1788804306.3257062,
unbound,nsec3,nonexistent.test-nsec3.example,cold,859051,3,True,1788804306.326627,
unbound,nsec3,nonexistent.test-nsec3.example,cold,761892,3,True,1788804306.3274467,
unbound,nsec3,nonexistent.test-nsec3.example,cold,775462,3,True,1788804306.3283243,
unbound,nsec3,nonexistent.test-nsec3.example,cold,749921,3,True,1788804306.3291361,
unbound,nsec3,nonexistent.test-nsec3.example,cold,994533,3,True,1788804306.3302639,
unbound,nsec3,nonexistent.test-nsec3.example,cold,763115,3,True,1788804306.331095,
unbound,nsec3,nonexistent.test-nsec3.example,cold,631558,3,True,1788804306.3318222,
unbound,nsec3,nonexistent.test-nsec3.example,cold,933463,3,True,1788804306.3328185,
unbound,nsec3,nonexistent.test-nsec3.example,cold,742949,3,True,1788804306.3336277,
unbound,nsec3,nonexistent.test-nsec3.example,cold,1185809,3,True,1788804306.3348773,
unbound,nsec3,nonexistent.test-nsec3.example,cold,1267553,3,True,1788804306.3362296,
unbound,nsec3,nonexistent.test-nsec3.example,cold,1346163,3,True,1788804306.337773,
unbound,nsec3,nonexistent.test-nsec3.example,cold,1410628,3,True,1788804306.339281,
unbound,nsec3,nonexistent.test-nsec3.example,cold,920083,3,True,1788804306.340309,
unbound,nsec3,nonexistent.test-nsec3.example,cold,683470,3,True,1788804306.3410478,
unbound,nsec3,nonexistent.test-nsec3.example,cold,968374,3,True,1788804306.3420734,
unbound,nsec3,nonexistent.test-nsec3.example,cold,681259,3,True,1788804306.3428185,
unbound,nsec3,nonexistent.test-nsec3.example,cold,652463,3,True,1788804306.3435218,
unbound,nsec3,nonexistent.test-nsec3.example,cold,590508,3,True,1788804306.3441586,
unbound,nsec3,nonexistent.test-nsec3.example,cold,603100,3,True,1788804306.3448021,
unbound,nsec3,nonexistent.test-nsec3.example,cold,643080,3,True,1788804306.345486,
unbound,nsec3,nonexistent.test-nsec3.example,cold,653517,3,True,1788804306.3461936,
unbound,nsec3,nonexistent.test-nsec3.example,cold,520858,3,True,1788804306.3467557,
unbound,nsec3,nonexistent.test-nsec3.example,cold,734652,3,True,1788804306.3475425,
unbound,nsec3,nonexistent.test-nsec3.example,cold,720203,3,True,1788804306.348327,
unbound,nsec3,nonexistent.test-nsec3.example,cold,973921,3,True,1788804306.349365,
unbound,nsec3,nonexistent.test-nsec3.example,cold,752973,3,True,1788804306.3501852,
unbound,nsec3,nonexistent.test-nsec3.example,cold,641724,3,True,1788804306.350886,
unbound,nsec3,nonexistent.test-nsec3.example,cold,575503,3,True,1788804306.3515046,
unbound,nsec3,nonexistent.test-nsec3.example,cold,627624,3,True,1788804306.3521886,
unbound,nsec3,nonexistent.test-nsec3.example,cold,586275,3,True,1788804306.3528547,
unbound,nsec3,nonexistent.test-nsec3.example,cold,643445,3,True,1788804306.3535538,
unbound,nsec3,nonexistent.test-nsec3.example,cold,648894,3,True,1788804306.3542545,
unbound,nsec3,nonexistent.test-nsec3.example,cold,579278,3,True,1788804306.3548753,
unbound,nsec3,nonexistent.test-nsec3.example,cold,660580,3,True,1788804306.3555903,
unbound,nsec3,nonexistent.test-nsec3.example,cold,642071,3,True,1788804306.3562732,
unbound,nsec3,nonexistent.test-nsec3.example,cold,664413,3,True,1788804306.3569853,
unbound,nsec3,nonexistent.test-nsec3.example,cold,598374,3,True,1788804306.3576305,
unbound,nsec3,nonexistent.test-nsec3.example,cold,639122,3,True,1788804306.3583536,
unbound,nsec3,nonexistent.test-nsec3.example,cold,635156,3,True,1788804306.3590307,
unbound,nsec3,nonexistent.test-nsec3.example,cold,727957,3,True,1788804306.3598027,
unbound,nsec3,nonexistent.test-nsec3.example,cold,589568,3,True,1788804306.3604329,
unbound,nsec3,nonexistent.test-nsec3.example,cold,731335,3,True,1788804306.3612144,
unbound,nsec3,nonexistent.test-nsec3.example,cold,610523,3,True,1788804306.3618789,
unbound,nsec3,nonexistent.test-nsec3.example,cold,602865,3,True,1788804306.3625386,
unbound,nsec3,nonexistent.test-nsec3.example,cold,674363,3,True,1788804306.3632636,
unbound,nsec3,nonexistent.test-nsec3.example,cold,630898,3,True,1788804306.3639362,
unbound,nsec3,nonexistent.test-nsec3.example,cold,641652,3,True,1788804306.3646305,
unbound,nsec3,nonexistent.test-nsec3.example,cold,1784341,3,True,1788804306.3664699,
unbound,nsec3,nonexistent.test-nsec3.example,cold,877889,3,True,1788804306.36743,
unbound,nsec3,nonexistent.test-nsec3.example,cold,636973,3,True,1788804306.3681312,
unbound,nsec3,nonexistent.test-nsec3.example,cold,705969,3,True,1788804306.3688967,
unbound,nsec3,nonexistent.test-nsec3.example,cold,597910,3,True,1788804306.3695478,
unbound,nsec3,nonexistent.test-nsec3.example,cold,608236,3,True,1788804306.3701987,
unbound,nsec3,nonexistent.test-nsec3.example,cold,603155,3,True,1788804306.3708549,
unbound,nsec3,nonexistent.test-nsec3.example,cold,756673,3,True,1788804306.371654,
unbound,nsec3,nonexistent.test-nsec3.example,cold,615071,3,True,1788804306.3723207,
unbound,nsec3,nonexistent.test-nsec3.example,cold,698253,3,True,1788804306.373071,
unbound,nsec3,nonexistent.test-nsec3.example,cold,639771,3,True,1788804306.3737538,
unbound,nsec3,nonexistent.test-nsec3.example,cold,609463,3,True,1788804306.3744147,
unbound,nsec3,nonexistent.test-nsec3.example,cold,577117,3,True,1788804306.3750315,
unbound,nsec3,nonexistent.test-nsec3.example,cold,609520,3,True,1788804306.3756926,
unbound,nsec3,nonexistent.test-nsec3.example,cold,607908,3,True,1788804306.3763545,
unbound,nsec3,nonexistent.test-nsec3.example,cold,597229,3,True,1788804306.3770046,
unbound,nsec3,nonexistent.test-nsec3.example,cold,579350,3,True,1788804306.377635,
unbound,nsec3,nonexistent.test-nsec3.example,cold,639598,3,True,1788804306.378317,
unbound,nsec3,nonexistent.test-nsec3.example,cold,535075,3,True,1788804306.3788967,
unbound,nsec3,nonexistent.test-nsec3.example,cold,591865,3,True,1788804306.3795292,
unbound,nsec3,nonexistent.test-nsec3.example,cold,582792,3,True,1788804306.3801641,
unbound,nsec3,nonexistent.test-nsec3.example,cold,625005,3,True,1788804306.3808405,
unbound,nsec3,nonexistent.test-nsec3.example,cold,642409,3,True,1788804306.381533,
unbound,nsec3,nonexistent.test-nsec3.example,cold,612277,3,True,1788804306.3821971,
unbound,nsec3,nonexistent.test-nsec3.example,cold,603910,3,True,1788804306.382844,
unbound,nsec3,nonexistent.test-nsec3.example,cold,610867,3,True,1788804306.3834972,
unbound,nsec3,nonexistent.test-nsec3.example,cold,648742,3,True,1788804306.3842134,
unbound,nsec3,nonexistent.test-nsec3.example,cold,703169,3,True,1788804306.3849697,
unbound,nsec3,nonexistent.test-nsec3.example,cold,718371,3,True,1788804306.3857305,
unbound,nsec3,nonexistent.test-nsec3.example,cold,644576,3,True,1788804306.3864303,
unbound,nsec3,nonexistent.test-nsec3.example,cold,687765,3,True,1788804306.3871613,
unbound,nsec3,nonexistent.test-nsec3.example,cold,761200,3,True,1788804306.387978,
unbound,nsec3,nonexistent.test-nsec3.example,cold,592372,3,True,1788804306.3886132,
unbound,nsec3,nonexistent.test-nsec3.example,cold,627454,3,True,1788804306.3892868,
unbound,nsec3,nonexistent.test-nsec3.example,cold,606609,3,True,1788804306.3899362,
unbound,nsec3,nonexistent.test-nsec3.example,cold,585266,3,True,1788804306.3905635,
unbound,nsec3,nonexistent.test-nsec3.example,cold,688448,3,True,1788804306.3913014,
unbound,nsec3,nonexistent.test-nsec3.example,cold,640645,3,True,1788804306.3919928,
unbound,nsec3,nonexistent.test-nsec3.example,cold,618514,3,True,1788804306.3926644,
unbound,nsec3,nonexistent.test-nsec3.example,cold,640918,3,True,1788804306.3933604,
unbound,nsec3,nonexistent.test-nsec3.example,cold,675686,3,True,1788804306.3940885,
unbound,nsec3,nonexistent.test-nsec3.example,cold,789755,3,True,1788804306.39492,
unbound,nsec3,nonexistent.test-nsec3.example,cold,686948,3,True,1788804306.3956501,
unbound,nsec3,nonexistent.test-nsec3.example,cold,643847,3,True,1788804306.3963478,
unbound,nsec3,nonexistent.test-nsec3.example,cold,558212,3,True,1788804306.3969464,
unbound,nsec3,nonexistent.test-nsec3.example,cold,606389,3,True,1788804306.3976054,
unbound,nsec3,nonexistent.test-nsec3.example,cold,645934,3,True,1788804306.3982966,
unbound,nsec3,nonexistent.test-nsec3.example,cold,626364,3,True,1788804306.398977,
unbound,nsec3,nonexistent.test-nsec3.example,cold,601245,3,True,1788804306.3996208,
unbound,nsec3,nonexistent.test-nsec3.example,cold,563931,3,True,1788804306.4002364,
unbound,nsec3,nonexistent.test-nsec3.example,cold,831475,3,True,1788804306.4011326,
unbound,nsec3,nonexistent.test-nsec3.example,cold,743071,3,True,1788804306.4019415,
unbound,nsec3,nonexistent.test-nsec3.example,cold,661072,3,True,1788804306.4026704,
unbound,nsec3,nonexistent.test-nsec3.example,cold,677267,3,True,1788804306.4034002,
unbound,nsec3,nonexistent.test-nsec3.example,cold,2731188,3,True,1788804306.4061852,
unbound,nsec3,nonexistent.test-nsec3.example,cold,1270027,3,True,1788804306.4075174,
unbound,nsec3,nonexistent.test-nsec3.example,cold,779050,3,True,1788804306.408381,
unbound,nsec3,nonexistent.test-nsec3.example,cold,611331,3,True,1788804306.4090617,
unbound,nsec3,nonexistent.test-nsec3.example,cold,771030,3,True,1788804306.409885,
unbound,nsec3,nonexistent.test-nsec3.example,cold,3495504,3,True,1788804306.413469,
unbound,nsec3,nonexistent.test-nsec3.example,cold,2045844,3,True,1788804306.415618,
unbound,nsec3,nonexistent.test-nsec3.example,cold,1282247,3,True,1788804306.416987,
unbound,nsec3,nonexistent.test-nsec3.example,cold,1068001,3,True,1788804306.4181633,
unbound,nsec3,nonexistent.test-nsec3.example,cold,1596056,3,True,1788804306.4198642,
unbound,nsec3,nonexistent.test-nsec3.example,cold,1330014,3,True,1788804306.421277,
unbound,nsec3,nonexistent.test-nsec3.example,cold,1141306,3,True,1788804306.4225032,
unbound,nsec3,nonexistent.test-nsec3.example,cold,1251273,3,True,1788804306.4238448,
unbound,nsec3,nonexistent.test-nsec3.example,cold,1029265,3,True,1788804306.424989,
unbound,nsec3,nonexistent.test-nsec3.example,cold,1058722,3,True,1788804306.4261127,
unbound,nsec3,nonexistent.test-nsec3.example,cold,1377457,3,True,1788804306.4275565,
unbound,nsec3,nonexistent.test-nsec3.example,cold,1020983,3,True,1788804306.4286468,
unbound,nsec3,nonexistent.test-nsec3.example,cold,778425,3,True,1788804306.4295378,
unbound,nsec3,nonexistent.test-nsec3.example,cold,839078,3,True,1788804306.4304411,
unbound,nsec3,nonexistent.test-nsec3.example,cold,725621,3,True,1788804306.4312139,
unbound,nsec3,nonexistent.test-nsec3.example,cold,708677,3,True,1788804306.4319706,
unbound,nsec3,nonexistent.test-nsec3.example,cold,701035,3,True,1788804306.4327302,
unbound,nsec3,nonexistent.test-nsec3.example,cold,659291,3,True,1788804306.4334345,
unbound,nsec3,nonexistent.test-nsec3.example,cold,628893,3,True,1788804306.4341109,
unbound,nsec3,nonexistent.test-nsec3.example,cold,685068,3,True,1788804306.434846,
unbound,nsec3,nonexistent.test-nsec3.example,cold,653828,3,True,1788804306.4355457,
unbound,nsec3,nonexistent.test-nsec3.example,cold,661557,3,True,1788804306.4362617,
unbound,nsec3,nonexistent.test-nsec3.example,cold,550321,3,True,1788804306.4368544,
unbound,nsec3,nonexistent.test-nsec3.example,cold,527832,3,True,1788804306.4374268,
unbound,nsec3,nonexistent.test-nsec3.example,cold,591918,3,True,1788804306.4380658,
unbound,nsec3,nonexistent.test-nsec3.example,cold,625478,3,True,1788804306.4387527,
unbound,nsec3,nonexistent.test-nsec3.example,cold,677559,3,True,1788804306.439476,
unbound,nsec3,nonexistent.test-nsec3.example,cold,626363,3,True,1788804306.440149,
unbound,nsec3,nonexistent.test-nsec3.example,cold,567093,3,True,1788804306.4407604,
unbound,nsec3,nonexistent.test-nsec3.example,cold,627764,3,True,1788804306.4414403,
unbound,nsec3,nonexistent.test-nsec3.example,cold,676908,3,True,1788804306.4421604,
unbound,nsec3,nonexistent.test-nsec3.example,cold,655852,3,True,1788804306.4428663,
unbound,nsec3,nonexistent.test-nsec3.example,cold,617209,3,True,1788804306.443539,
unbound,nsec3,nonexistent.test-nsec3.example,cold,834085,3,True,1788804306.4444208,
unbound,nsec3,nonexistent.test-nsec3.example,cold,695826,3,True,1788804306.4451768,
unbound,nsec3,nonexistent.test-nsec3.example,cold,617283,3,True,1788804306.4458485,
unbound,nsec3,nonexistent.test-nsec3.example,cold,633116,3,True,1788804306.4465308,
unbound,nsec3,nonexistent.test-nsec3.example,cold,559034,3,True,1788804306.447135,
unbound,nsec3,nonexistent.test-nsec3.example,cold,690541,3,True,1788804306.4478736,
unbound,nsec3,nonexistent.test-nsec3.example,cold,624823,3,True,1788804306.448552,
unbound,nsec3,nonexistent.test-nsec3.example,cold,633378,3,True,1788804306.4492412,
unbound,nsec3,nonexistent.test-nsec3.example,cold,717162,3,True,1788804306.45002,
unbound,nsec3,nonexistent.test-nsec3.example,cold,631133,3,True,1788804306.450692,
unbound,nsec3,nonexistent.test-nsec3.example,cold,615569,3,True,1788804306.4513493,
unbound,nsec3,nonexistent.test-nsec3.example,cold,616001,3,True,1788804306.452022,
unbound,nsec3,nonexistent.test-nsec3.example,cold,619591,3,True,1788804306.4526992,
unbound,nsec3,nonexistent.test-nsec3.example,cold,587746,3,True,1788804306.45334,
unbound,nsec3,nonexistent.test-nsec3.example,cold,575531,3,True,1788804306.4539564,
unbound,nsec3,nonexistent.test-nsec3.example,cold,586696,3,True,1788804306.4545846,
unbound,nsec3,nonexistent.test-nsec3.example,cold,630426,3,True,1788804306.4552653,
unbound,nsec3,nonexistent.test-nsec3.example,cold,601522,3,True,1788804306.455909,
unbound,nsec3,nonexistent.test-nsec3.example,cold,610978,3,True,1788804306.4565747,
unbound,nsec3,nonexistent.test-nsec3.example,cold,620588,3,True,1788804306.4572475,
unbound,nsec3,nonexistent.test-nsec3.example,cold,613525,3,True,1788804306.457918,
unbound,nsec3,nonexistent.test-nsec3.example,cold,615772,3,True,1788804306.4585733,
unbound,nsec3,nonexistent.test-nsec3.example,cold,622637,3,True,1788804306.4592369,
unbound,nsec3,nonexistent.test-nsec3.example,cold,624104,3,True,1788804306.4599142,
unbound,nsec3,nonexistent.test-nsec3.example,cold,621515,3,True,1788804306.460588,
unbound,nsec3,nonexistent.test-nsec3.example,cold,606446,3,True,1788804306.4612467,
unbound,nsec3,nonexistent.test-nsec3.example,cold,626388,3,True,1788804306.4619288,
unbound,nsec3,nonexistent.test-nsec3.example,cold,682766,3,True,1788804306.4626648,
unbound,nsec3,nonexistent.test-nsec3.example,cold,667461,3,True,1788804306.4633803,
unbound,nsec3,nonexistent.test-nsec3.example,cold,690533,3,True,1788804306.464124,
unbound,nsec3,nonexistent.test-nsec3.example,cold,796205,3,True,1788804306.4649897,
unbound,nsec3,nonexistent.test-nsec3.example,cold,630809,3,True,1788804306.4656835,
unbound,nsec3,nonexistent.test-nsec3.example,cold,1021394,3,True,1788804306.4667618,
unbound,nsec3,nonexistent.test-nsec3.example,cold,713359,3,True,1788804306.467531,
unbound,nsec3,nonexistent.test-nsec3.example,cold,613742,3,True,1788804306.4681902,
unbound,nsec3,nonexistent.test-nsec3.example,cold,607404,3,True,1788804306.4688518,
unbound,nsec3,nonexistent.test-nsec3.example,cold,640206,3,True,1788804306.4695377,
unbound,nsec3,nonexistent.test-nsec3.example,cold,592740,3,True,1788804306.4701717,
unbound,nsec3,nonexistent.test-nsec3.example,cold,590393,3,True,1788804306.4708097,
unbound,nsec3,nonexistent.test-nsec3.example,cold,578894,3,True,1788804306.4714298,
unbound,nsec3,nonexistent.test-nsec3.example,cold,580380,3,True,1788804306.4720519,
unbound,nsec3,nonexistent.test-nsec3.example,cold,625043,3,True,1788804306.47272,
unbound,nsec3,nonexistent.test-nsec3.example,cold,625706,3,True,1788804306.4733949,
unbound,nsec3,nonexistent.test-nsec3.example,cold,600494,3,True,1788804306.4740486,
unbound,nsec3,nonexistent.test-nsec3.example,cold,636237,3,True,1788804306.4747267,
unbound,nsec3,nonexistent.test-nsec3.example,cold,664195,3,True,1788804306.4754336,
unbound,nsec3,nonexistent.test-nsec3.example,cold,639333,3,True,1788804306.476125,
unbound,nsec3,nonexistent.test-nsec3.example,cold,590580,3,True,1788804306.4767547,
unbound,nsec3,nonexistent.test-nsec3.example,cold,607238,3,True,1788804306.4774096,
unbound,nsec3,nonexistent.test-nsec3.example,cold,529161,3,True,1788804306.4779775,
unbound,nsec3,nonexistent.test-nsec3.example,cold,585180,3,True,1788804306.478609,
unbound,nsec3,nonexistent.test-nsec3.example,cold,765085,3,True,1788804306.479417,
unbound,nsec3,nonexistent.test-nsec3.example,cold,666439,3,True,1788804306.4801266,
unbound,nsec3,nonexistent.test-nsec3.example,cold,620088,3,True,1788804306.480805,
unbound,nsec3,nonexistent.test-nsec3.example,cold,764413,3,True,1788804306.481629,
unbound,nsec3,nonexistent.test-nsec3.example,cold,763164,3,True,1788804306.4824522,
unbound,nsec3,nonexistent.test-nsec3.example,cold,755753,3,True,1788804306.4832692,
unbound,nsec3,nonexistent.test-nsec3.example,cold,704837,3,True,1788804306.4840322,
unbound,nsec3,nonexistent.test-nsec3.example,cold,585059,3,True,1788804306.4846728,
unbound,nsec3,nonexistent.test-nsec3.example,cold,595351,3,True,1788804306.485309,
unbound,nsec3,nonexistent.test-nsec3.example,cold,603348,3,True,1788804306.4859536,
unbound,nsec3,nonexistent.test-nsec3.example,cold,609493,3,True,1788804306.486614,
unbound,nsec3,nonexistent.test-nsec3.example,cold,671769,3,True,1788804306.4873376,
unbound,nsec3,nonexistent.test-nsec3.example,cold,566991,3,True,1788804306.4879475,
unbound,nsec3,nonexistent.test-nsec3.example,cold,598669,3,True,1788804306.4885993,
unbound,nsec3,nonexistent.test-nsec3.example,cold,770898,3,True,1788804306.489484,
unbound,nsec3,nonexistent.test-nsec3.example,cold,779908,3,True,1788804306.4903336,
unbound,nsec3,nonexistent.test-nsec3.example,cold,626387,3,True,1788804306.4910161,
unbound,nsec3,nonexistent.test-nsec3.example,cold,683390,3,True,1788804306.4917512,
unbound,nsec3,nonexistent.test-nsec3.example,cold,582178,3,True,1788804306.492383,
unbound,nsec3,nonexistent.test-nsec3.example,cold,608290,3,True,1788804306.4930356,
unbound,nsec3,nonexistent.test-nsec3.example,cold,778630,3,True,1788804306.4938607,
unbound,nsec3,nonexistent.test-nsec3.example,cold,1191005,3,True,1788804306.495101,
unbound,nsec3,nonexistent.test-nsec3.example,cold,1320836,3,True,1788804306.4965413,
unbound,nsec3,nonexistent.test-nsec3.example,cold,1199495,3,True,1788804306.4978168,
unbound,nsec3,nonexistent.test-nsec3.example,cold,954574,3,True,1788804306.49884,
unbound,nsec3,nonexistent.test-nsec3.example,cold,836780,3,True,1788804306.4997678,
unbound,nsec3,nonexistent.test-nsec3.example,cold,930208,3,True,1788804306.5007627,
unbound,nsec3,nonexistent.test-nsec3.example,cold,705974,3,True,1788804306.5015275,
unbound,nsec3,nonexistent.test-nsec3.example,cold,692267,3,True,1788804306.502281,
unbound,nsec3,nonexistent.test-nsec3.example,cold,650967,3,True,1788804306.502983,
unbound,nsec3,nonexistent.test-nsec3.example,cold,643658,3,True,1788804306.5036798,
unbound,nsec3,nonexistent.test-nsec3.example,cold,886613,3,True,1788804306.5046108,
unbound,nsec3,nonexistent.test-nsec3.example,cold,596311,3,True,1788804306.5052545,
unbound,nsec3,nonexistent.test-nsec3.example,cold,636989,3,True,1788804306.5059373,
unbound,nsec3,nonexistent.test-nsec3.example,cold,608327,3,True,1788804306.5065982,
unbound,nsec3,nonexistent.test-nsec3.example,cold,675838,3,True,1788804306.5073178,
unbound,nsec3,nonexistent.test-nsec3.example,cold,739108,3,True,1788804306.5081143,
unbound,nsec3,nonexistent.test-nsec3.example,cold,731939,3,True,1788804306.5089083,
unbound,nsec3,nonexistent.test-nsec3.example,cold,685528,3,True,1788804306.5096433,
unbound,nsec3,nonexistent.test-nsec3.example,cold,617634,3,True,1788804306.5103092,
unbound,nsec3,nonexistent.test-nsec3.example,cold,715196,3,True,1788804306.5110786,
unbound,nsec3,nonexistent.test-nsec3.example,cold,639168,3,True,1788804306.511796,
unbound,nsec3,nonexistent.test-nsec3.example,cold,628287,3,True,1788804306.5124671,
unbound,nsec3,nonexistent.test-nsec3.example,cold,566413,3,True,1788804306.5130775,
unbound,nsec3,nonexistent.test-nsec3.example,cold,625877,3,True,1788804306.5137455,
unbound,nsec3,nonexistent.test-nsec3.example,cold,600698,3,True,1788804306.5144017,
unbound,nsec3,nonexistent.test-nsec3.example,cold,599066,3,True,1788804306.515052,
unbound,nsec3,nonexistent.test-nsec3.example,cold,688337,3,True,1788804306.5157888,
unbound,nsec3,nonexistent.test-nsec3.example,cold,591928,3,True,1788804306.5164301,
unbound,nsec3,nonexistent.test-nsec3.example,cold,639166,3,True,1788804306.5171182,
unbound,nsec3,nonexistent.test-nsec3.example,cold,597261,3,True,1788804306.5177627,
unbound,nsec3,nonexistent.test-nsec3.example,cold,590003,3,True,1788804306.518396,
unbound,nsec3,nonexistent.test-nsec3.example,cold,607698,3,True,1788804306.5190582,
unbound,nsec3,nonexistent.test-nsec3.example,cold,624114,3,True,1788804306.519735,
unbound,nsec3,nonexistent.test-nsec3.example,cold,552607,3,True,1788804306.5203273,
unbound,nsec3,nonexistent.test-nsec3.example,cold,582704,3,True,1788804306.5209496,
unbound,nsec3,nonexistent.test-nsec3.example,cold,648509,3,True,1788804306.5216508,
unbound,nsec3,nonexistent.test-nsec3.example,cold,649352,3,True,1788804306.5223498,
unbound,nsec3,nonexistent.test-nsec3.example,cold,655529,3,True,1788804306.5230646,
unbound,nsec3,nonexistent.test-nsec3.example,cold,654416,3,True,1788804306.5237594,
unbound,nsec3,nonexistent.test-nsec3.example,cold,776844,3,True,1788804306.5245864,
unbound,nsec3,nonexistent.test-nsec3.example,cold,656650,3,True,1788804306.5252879,
unbound,nsec3,nonexistent.test-nsec3.example,cold,676206,3,True,1788804306.5260224,
unbound,nsec3,nonexistent.test-nsec3.example,cold,793251,3,True,1788804306.52687,
unbound,nsec3,nonexistent.test-nsec3.example,cold,620264,3,True,1788804306.5275438,
unbound,nsec3,nonexistent.test-nsec3.example,cold,573735,3,True,1788804306.5281754,
unbound,nsec3,nonexistent.test-nsec3.example,cold,588366,3,True,1788804306.5288038,
unbound,nsec3,nonexistent.test-nsec3.example,cold,544003,3,True,1788804306.529387,
unbound,nsec3,nonexistent.test-nsec3.example,cold,626081,3,True,1788804306.5300698,
unbound,nsec3,nonexistent.test-nsec3.example,cold,609569,3,True,1788804306.5307198,
unbound,nsec3,nonexistent.test-nsec3.example,cold,694362,3,True,1788804306.5314572,
unbound,nsec3,nonexistent.test-nsec3.example,cold,639131,3,True,1788804306.5321465,
unbound,nsec3,nonexistent.test-nsec3.example,cold,615355,3,True,1788804306.5328155,
unbound,nsec3,nonexistent.test-nsec3.example,cold,613418,3,True,1788804306.533493,
unbound,nsec3,nonexistent.test-nsec3.example,cold,633167,3,True,1788804306.5341797,
unbound,nsec3,nonexistent.test-nsec3.example,cold,772012,3,True,1788804306.5350156,
unbound,nsec3,nonexistent.test-nsec3.example,cold,887312,3,True,1788804306.5359626,
unbound,nsec3,nonexistent.test-nsec3.example,cold,737034,3,True,1788804306.5367603,
unbound,nsec3,nonexistent.test-nsec3.example,cold,585160,3,True,1788804306.537392,
unbound,nsec3,nonexistent.test-nsec3.example,cold,591044,3,True,1788804306.5380268,
unbound,nsec3,nonexistent.test-nsec3.example,cold,591818,3,True,1788804306.538659,
unbound,nsec3,nonexistent.test-nsec3.example,cold,640940,3,True,1788804306.5393455,
unbound,nsec3,nonexistent.test-nsec3.example,cold,629790,3,True,1788804306.5400207,
unbound,nsec3,nonexistent.test-nsec3.example,cold,666679,3,True,1788804306.5407367,
unbound,nsec3,nonexistent.test-nsec3.example,cold,625232,3,True,1788804306.541405,
unbound,nsec3,nonexistent.test-nsec3.example,cold,656566,3,True,1788804306.542117,
unbound,nsec3,nonexistent.test-nsec3.example,cold,716794,3,True,1788804306.5429373,
unbound,nsec3,nonexistent.test-nsec3.example,cold,717954,3,True,1788804306.5437093,
unbound,nsec3,nonexistent.test-nsec3.example,cold,698516,3,True,1788804306.544465,
unbound,nsec3,nonexistent.test-nsec3.example,cold,762489,3,True,1788804306.5452785,
unbound,nsec3,nonexistent.test-nsec3.example,cold,700347,3,True,1788804306.5460224,
unbound,nsec3,nonexistent.test-nsec3.example,cold,595763,3,True,1788804306.5466697,
unbound,nsec3,nonexistent.test-nsec3.example,cold,601582,3,True,1788804306.5473232,
unbound,nsec3,nonexistent.test-nsec3.example,cold,595542,3,True,1788804306.5479593,
unbound,nsec3,nonexistent.test-nsec3.example,cold,587570,3,True,1788804306.5485895,
unbound,nsec3,nonexistent.test-nsec3.example,cold,596379,3,True,1788804306.5492399,
unbound,nsec3,nonexistent.test-nsec3.example,cold,613308,3,True,1788804306.5499027,
unbound,nsec3,nonexistent.test-nsec3.example,cold,597453,3,True,1788804306.5505445,
unbound,nsec3,nonexistent.test-nsec3.example,cold,788544,3,True,1788804306.5513878,
unbound,nsec3,nonexistent.test-nsec3.example,cold,715949,3,True,1788804306.5521643,
unbound,nsec3,nonexistent.test-nsec3.example,cold,675217,3,True,1788804306.5528986,
unbound,nsec3,nonexistent.test-nsec3.example,cold,608217,3,True,1788804306.5535583,
unbound,nsec3,nonexistent.test-nsec3.example,cold,599088,3,True,1788804306.5542073,
unbound,nsec3,nonexistent.test-nsec3.example,cold,619546,3,True,1788804306.554878,
unbound,nsec3,nonexistent.test-nsec3.example,cold,610674,3,True,1788804306.555548,
unbound,nsec3,nonexistent.test-nsec3.example,cold,614762,3,True,1788804306.556219,
unbound,nsec3,nonexistent.test-nsec3.example,cold,631761,3,True,1788804306.5569022,
unbound,nsec3,nonexistent.test-nsec3.example,cold,576604,3,True,1788804306.5575228,
unbound,nsec3,nonexistent.test-nsec3.example,cold,769420,3,True,1788804306.558335,
unbound,nsec3,nonexistent.test-nsec3.example,cold,976356,3,True,1788804306.5593781,
unbound,nsec3,nonexistent.test-nsec3.example,cold,681401,3,True,1788804306.5601199,
unbound,nsec3,nonexistent.test-nsec3.example,cold,820450,3,True,1788804306.560991,
unbound,nsec3,nonexistent.test-nsec3.example,cold,2433972,3,True,1788804306.5634866,
unbound,nsec3,nonexistent.test-nsec3.example,cold,694235,3,True,1788804306.5642307,
unbound,nsec3,nonexistent.test-nsec3.example,cold,608106,3,True,1788804306.5648863,
unbound,nsec3,nonexistent.test-nsec3.example,cold,594378,3,True,1788804306.5655372,
unbound,nsec3,nonexistent.test-nsec3.example,cold,573062,3,True,1788804306.5661535,
unbound,nsec3,nonexistent.test-nsec3.example,cold,632716,3,True,1788804306.5668375,
unbound,nsec3,nonexistent.test-nsec3.example,cold,660208,3,True,1788804306.5675502,
unbound,nsec3,nonexistent.test-nsec3.example,cold,641849,3,True,1788804306.5682428,
unbound,nsec3,nonexistent.test-nsec3.example,cold,867031,3,True,1788804306.5691557,
unbound,nsec3,nonexistent.test-nsec3.example,cold,780447,3,True,1788804306.5699964,
unbound,nsec3,nonexistent.test-nsec3.example,cold,727879,3,True,1788804306.5707865,
unbound,nsec3,nonexistent.test-nsec3.example,cold,781556,3,True,1788804306.5716193,
unbound,nsec3,nonexistent.test-nsec3.example,cold,682265,3,True,1788804306.5723646,
unbound,nsec3,nonexistent.test-nsec3.example,cold,667132,3,True,1788804306.5730937,
unbound,nsec3,nonexistent.test-nsec3.example,cold,869296,3,True,1788804306.574024,
unbound,nsec3,nonexistent.test-nsec3.example,cold,655795,3,True,1788804306.5747428,
unbound,nsec3,nonexistent.test-nsec3.example,cold,617433,3,True,1788804306.575458,
unbound,nsec3,nonexistent.test-nsec3.example,cold,800676,3,True,1788804306.5764556,
unbound,nsec3,nonexistent.test-nsec3.example,cold,707101,3,True,1788804306.5772977,
unbound,nsec3,nonexistent.test-nsec3.example,cold,837142,3,True,1788804306.5782,
unbound,nsec3,nonexistent.test-nsec3.example,cold,678933,3,True,1788804306.5789354,
unbound,nsec3,nonexistent.test-nsec3.example,cold,662336,3,True,1788804306.5796413,
unbound,nsec3,nonexistent.test-nsec3.example,cold,552995,3,True,1788804306.580238,
unbound,nsec3,nonexistent.test-nsec3.example,cold,640657,3,True,1788804306.5809238,
unbound,nsec3,nonexistent.test-nsec3.example,cold,824030,3,True,1788804306.5817978,
unbound,nsec3,nonexistent.test-nsec3.example,cold,712016,3,True,1788804306.5825717,
unbound,nsec3,nonexistent.test-nsec3.example,cold,944402,3,True,1788804306.5835626,
unbound,nsec3,nonexistent.test-nsec3.example,cold,681234,3,True,1788804306.5843031,
unbound,nsec3,nonexistent.test-nsec3.example,cold,678151,3,True,1788804306.5850394,
unbound,nsec3,nonexistent.test-nsec3.example,cold,581680,3,True,1788804306.5856717,
unbound,nsec3,nonexistent.test-nsec3.example,cold,594966,3,True,1788804306.5863268,
unbound,nsec3,nonexistent.test-nsec3.example,cold,607060,3,True,1788804306.5869808,
unbound,nsec3,nonexistent.test-nsec3.example,cold,833524,3,True,1788804306.5878768,
unbound,nsec3,nonexistent.test-nsec3.example,cold,654081,3,True,1788804306.5885856,
unbound,nsec3,nonexistent.test-nsec3.example,cold,876799,3,True,1788804306.5895176,
unbound,nsec3,nonexistent.test-nsec3.example,cold,799433,3,True,1788804306.5903707,
unbound,nsec3,nonexistent.test-nsec3.example,cold,713937,3,True,1788804306.591143,
unbound,nsec3,nonexistent.test-nsec3.example,cold,701412,3,True,1788804306.591904,
unbound,nsec3,nonexistent.test-nsec3.example,cold,624706,3,True,1788804306.5925827,
unbound,nsec3,nonexistent.test-nsec3.example,cold,629510,3,True,1788804306.5933113,
unbound,nsec3,nonexistent.test-nsec3.example,cold,641119,3,True,1788804306.594002,
unbound,nsec3,nonexistent.test-nsec3.example,cold,714418,3,True,1788804306.5947723,
unbound,nsec3,nonexistent.test-nsec3.example,cold,603872,3,True,1788804306.5954192,
unbound,nsec3,nonexistent.test-nsec3.example,cold,663795,3,True,1788804306.5961385,
unbound,nsec3,nonexistent.test-nsec3.example,cold,761574,3,True,1788804306.5969608,
unbound,nsec3,nonexistent.test-nsec3.example,cold,951760,3,True,1788804306.5980124,
unbound,nsec3,nonexistent.test-nsec3.example,cold,2081230,3,True,1788804306.600165,
unbound,nsec3,nonexistent.test-nsec3.example,cold,932463,3,True,1788804306.601186,
unbound,nsec3,nonexistent.test-nsec3.example,cold,616220,3,True,1788804306.6018603,
unbound,nsec3,nonexistent.test-nsec3.example,cold,584823,3,True,1788804306.6024907,
unbound,nsec3,nonexistent.test-nsec3.example,cold,679775,3,True,1788804306.6032195,
unbound,nsec3,nonexistent.test-nsec3.example,cold,530167,3,True,1788804306.603803,
unbound,nsec3,nonexistent.test-nsec3.example,cold,544412,3,True,1788804306.604386,
unbound,nsec3,nonexistent.test-nsec3.example,cold,911423,3,True,1788804306.6053522,
unbound,nsec3,nonexistent.test-nsec3.example,cold,1043862,3,True,1788804306.6064556,
unbound,nsec3,nonexistent.test-nsec3.example,cold,803027,3,True,1788804306.6073096,
unbound,nsec3,nonexistent.test-nsec3.example,cold,639648,3,True,1788804306.6079946,
unbound,nsec3,nonexistent.test-nsec3.example,cold,643482,3,True,1788804306.6086838,
unbound,nsec3,nonexistent.test-nsec3.example,cold,749468,3,True,1788804306.6094904,
unbound,nsec3,nonexistent.test-nsec3.example,cold,656270,3,True,1788804306.6102014,
unbound,nsec3,nonexistent.test-nsec3.example,cold,602350,3,True,1788804306.6108572,
unbound,nsec3,nonexistent.test-nsec3.example,cold,607010,3,True,1788804306.6115062,
unbound,nsec3,nonexistent.test-nsec3.example,cold,649663,3,True,1788804306.6121972,
unbound,nsec3,nonexistent.test-nsec3.example,cold,830004,3,True,1788804306.6130824,
unbound,nsec3,nonexistent.test-nsec3.example,cold,672606,3,True,1788804306.6138074,
unbound,nsec3,nonexistent.test-nsec3.example,cold,575818,3,True,1788804306.6144261,
unbound,nsec3,nonexistent.test-nsec3.example,cold,582086,3,True,1788804306.6150613,
unbound,nsec3,nonexistent.test-nsec3.example,cold,621714,3,True,1788804306.615726,
unbound,nsec3,nonexistent.test-nsec3.example,cold,569867,3,True,1788804306.616345,
unbound,nsec3,nonexistent.test-nsec3.example,cold,1020626,3,True,1788804306.61741,
unbound,nsec3,nonexistent.test-nsec3.example,cold,587313,3,True,1788804306.6180484,
unbound,nsec3,nonexistent.test-nsec3.example,cold,604237,3,True,1788804306.6186953,
unbound,nsec3,nonexistent.test-nsec3.example,cold,714145,3,True,1788804306.6194544,
unbound,nsec3,nonexistent.test-nsec3.example,cold,804998,3,True,1788804306.6203773,
unbound,nsec3,nonexistent.test-nsec3.example,cold,692455,3,True,1788804306.6211367,
unbound,nsec3,nonexistent.test-nsec3.example,cold,635412,3,True,1788804306.6218207,
unbound,nsec3,nonexistent.test-nsec3.example,cold,565535,3,True,1788804306.6224275,
unbound,nsec3,nonexistent.test-nsec3.example,cold,609045,3,True,1788804306.623089,
unbound,nsec3,nonexistent.test-nsec3.example,cold,659259,3,True,1788804306.6238184,
unbound,nsec3,nonexistent.test-nsec3.example,cold,674568,3,True,1788804306.6245482,
unbound,nsec3,nonexistent.test-nsec3.example,cold,634633,3,True,1788804306.6252308,
unbound,nsec3,nonexistent.test-nsec3.example,cold,671093,3,True,1788804306.6259584,
unbound,nsec3,nonexistent.test-nsec3.example,cold,564102,3,True,1788804306.6265645,
unbound,nsec3,nonexistent.test-nsec3.example,cold,561842,3,True,1788804306.6271672,
unbound,nsec3,nonexistent.test-nsec3.example,cold,641241,3,True,1788804306.627859,
unbound,nsec3,nonexistent.test-nsec3.example,cold,604256,3,True,1788804306.62851,
unbound,nsec3,nonexistent.test-nsec3.example,cold,648720,3,True,1788804306.6292038,
unbound,nsec3,nonexistent.test-nsec3.example,cold,630023,3,True,1788804306.629886,
unbound,nsec3,nonexistent.test-nsec3.example,cold,628404,3,True,1788804306.6305594,
unbound,nsec3,nonexistent.test-nsec3.example,cold,662161,3,True,1788804306.6312664,
unbound,nsec3,nonexistent.test-nsec3.example,cold,695636,3,True,1788804306.6320055,
unbound,nsec3,nonexistent.test-nsec3.example,cold,688262,3,True,1788804306.6327364,
unbound,nsec3,nonexistent.test-nsec3.example,cold,631569,3,True,1788804306.6334136,
unbound,nsec3,nonexistent.test-nsec3.example,cold,791489,3,True,1788804306.6342485,
unbound,nsec3,nonexistent.test-nsec3.example,cold,739272,3,True,1788804306.6350489,
unbound,nsec3,nonexistent.test-nsec3.example,cold,690443,3,True,1788804306.635791,
unbound,nsec3,nonexistent.test-nsec3.example,cold,652616,3,True,1788804306.6364949,
unbound,nsec3,nonexistent.test-nsec3.example,cold,619340,3,True,1788804306.637158,
unbound,nsec3,nonexistent.test-nsec3.example,cold,652558,3,True,1788804306.6378546,
unbound,nsec3,nonexistent.test-nsec3.example,cold,600840,3,True,1788804306.6385095,
unbound,nsec3,nonexistent.test-nsec3.example,cold,549910,3,True,1788804306.6391017,
unbound,nsec3,nonexistent.test-nsec3.example,cold,565412,3,True,1788804306.6397457,
unbound,nsec3,nonexistent.test-nsec3.example,cold,622419,3,True,1788804306.6404204,
unbound,nsec3,nonexistent.test-nsec3.example,cold,670726,3,True,1788804306.6411378,
unbound,nsec3,nonexistent.test-nsec3.example,cold,685025,3,True,1788804306.6418734,
unbound,nsec3,nonexistent.test-nsec3.example,cold,712290,3,True,1788804306.6426377,
unbound,nsec3,nonexistent.test-nsec3.example,cold,693701,3,True,1788804306.6433852,
unbound,nsec3,nonexistent.test-nsec3.example,cold,676279,3,True,1788804306.6441174,
unbound,nsec3,nonexistent.test-nsec3.example,cold,596580,3,True,1788804306.6447644,
unbound,nsec3,nonexistent.test-nsec3.example,cold,621417,3,True,1788804306.6454422,
unbound,nsec3,nonexistent.test-nsec3.example,cold,618858,3,True,1788804306.646108,
unbound,nsec3,nonexistent.test-nsec3.example,cold,596124,3,True,1788804306.6467562,
unbound,nsec3,nonexistent.test-nsec3.example,cold,628219,3,True,1788804306.6474285,
unbound,nsec3,nonexistent.test-nsec3.example,cold,604559,3,True,1788804306.648074,
unbound,nsec3,nonexistent.test-nsec3.example,cold,617513,3,True,1788804306.6487455,
unbound,nsec3,nonexistent.test-nsec3.example,cold,971587,3,True,1788804306.649789,
unbound,nsec3,nonexistent.test-nsec3.example,cold,912322,3,True,1788804306.6507828,
unbound,nsec3,nonexistent.test-nsec3.example,cold,1103089,3,True,1788804306.6520302,
unbound,nsec3,nonexistent.test-nsec3.example,cold,1126260,3,True,1788804306.6533847,
unbound,nsec3,nonexistent.test-nsec3.example,cold,874900,3,True,1788804306.654482,
unbound,nsec3,nonexistent.test-nsec3.example,cold,990452,3,True,1788804306.6556094,
unbound,nsec3,nonexistent.test-nsec3.example,cold,1068584,3,True,1788804306.6567595,
unbound,nsec3,nonexistent.test-nsec3.example,cold,1302325,3,True,1788804306.6581433,
unbound,nsec3,nonexistent.test-nsec3.example,cold,1103345,3,True,1788804306.6593354,
unbound,nsec3,nonexistent.test-nsec3.example,cold,1484239,3,True,1788804306.660912,
unbound,nsec3,nonexistent.test-nsec3.example,cold,1095657,3,True,1788804306.6621127,
unbound,nsec3,nonexistent.test-nsec3.example,cold,941115,3,True,1788804306.6631374,
unbound,nsec3,nonexistent.test-nsec3.example,cold,860668,3,True,1788804306.6640768,
unbound,nsec3,nonexistent.test-nsec3.example,cold,747439,3,True,1788804306.664886,
unbound,nsec3,nonexistent.test-nsec3.example,cold,921644,3,True,1788804306.6658578,
unbound,nsec3,nonexistent.test-nsec3.example,cold,1018961,3,True,1788804306.6669297,
unbound,nsec3,nonexistent.test-nsec3.example,cold,1180157,3,True,1788804306.6681814,
unbound,nsec3,nonexistent.test-nsec3.example,cold,875202,3,True,1788804306.6691964,
unbound,nsec3,nonexistent.test-nsec3.example,cold,866211,3,True,1788804306.6701367,
unbound,nsec3,nonexistent.test-nsec3.example,cold,890258,3,True,1788804306.6711414,
unbound,nsec3,nonexistent.test-nsec3.example,cold,870554,3,True,1788804306.672169,
unbound,nsec3,nonexistent.test-nsec3.example,cold,940525,3,True,1788804306.6731758,
unbound,nsec3,nonexistent.test-nsec3.example,cold,780420,3,True,1788804306.674013,
unbound,nsec3,nonexistent.test-nsec3.example,cold,812267,3,True,1788804306.6748843,
unbound,nsec3,nonexistent.test-nsec3.example,cold,809837,3,True,1788804306.6757586,
unbound,nsec3,nonexistent.test-nsec3.example,cold,811009,3,True,1788804306.6766362,
unbound,nsec3,nonexistent.test-nsec3.example,cold,792724,3,True,1788804306.6774933,
unbound,nsec3,nonexistent.test-nsec3.example,cold,840373,3,True,1788804306.678401,
unbound,nsec3,nonexistent.test-nsec3.example,cold,860461,3,True,1788804306.6793265,
unbound,nsec3,nonexistent.test-nsec3.example,cold,924943,3,True,1788804306.680309,
unbound,nsec3,nonexistent.test-nsec3.example,cold,756487,3,True,1788804306.6811218,
unbound,nsec3,nonexistent.test-nsec3.example,cold,1000676,3,True,1788804306.682186,
unbound,nsec3,nonexistent.test-nsec3.example,cold,933755,3,True,1788804306.6831968,
unbound,nsec3,nonexistent.test-nsec3.example,cold,994126,3,True,1788804306.6842666,
unbound,nsec3,nonexistent.test-nsec3.example,cold,2337060,3,True,1788804306.6866887,
unbound,nsec3,nonexistent.test-nsec3.example,cold,1036710,3,True,1788804306.687835,
unbound,nsec3,nonexistent.test-nsec3.example,cold,906211,3,True,1788804306.6888123,
unbound,nsec3,nonexistent.test-nsec3.example,cold,799595,3,True,1788804306.6897213,
unbound,nsec3,nonexistent.test-nsec3.example,cold,979646,3,True,1788804306.6908264,
unbound,nsec3,nonexistent.test-nsec3.example,cold,875808,3,True,1788804306.6917903,
unbound,nsec3,nonexistent.test-nsec3.example,cold,971776,3,True,1788804306.692829,
unbound,nsec3,nonexistent.test-nsec3.example,cold,736504,3,True,1788804306.693628,
unbound,nsec3,nonexistent.test-nsec3.example,cold,842112,3,True,1788804306.69453,
unbound,nsec3,nonexistent.test-nsec3.example,cold,888447,3,True,1788804306.6954787,
unbound,nsec3,nonexistent.test-nsec3.example,cold,607915,3,True,1788804306.6961462,
unbound,nsec3,nonexistent.test-nsec3.example,cold,574135,3,True,1788804306.696768,
unbound,nsec3,nonexistent.test-nsec3.example,cold,632416,3,True,1788804306.6974485,
unbound,nsec3,nonexistent.test-nsec3.example,cold,673348,3,True,1788804306.6981664,
unbound,nsec3,nonexistent.test-nsec3.example,cold,722179,3,True,1788804306.6989434,
unbound,nsec3,nonexistent.test-nsec3.example,cold,675109,3,True,1788804306.6996746,
unbound,nsec3,nonexistent.test-nsec3.example,cold,626802,3,True,1788804306.700359,
unbound,nsec3,nonexistent.test-nsec3.example,cold,620036,3,True,1788804306.7010338,
unbound,nsec3,nonexistent.test-nsec3.example,cold,614507,3,True,1788804306.7017024,
unbound,nsec3,nonexistent.test-nsec3.example,cold,671707,3,True,1788804306.7024274,
unbound,nsec3,nonexistent.test-nsec3.example,cold,657844,3,True,1788804306.703142,
unbound,nsec3,nonexistent.test-nsec3.example,cold,634056,3,True,1788804306.703829,
unbound,nsec3,nonexistent.test-nsec3.example,cold,553607,3,True,1788804306.7044241,
unbound,nsec3,nonexistent.test-nsec3.example,cold,647572,3,True,1788804306.7051122,
unbound,nsec3,nonexistent.test-nsec3.example,cold,679671,3,True,1788804306.705833,
unbound,nsec3,nonexistent.test-nsec3.example,cold,685695,3,True,1788804306.7065752,
unbound,nsec3,nonexistent.test-nsec3.example,cold,673004,3,True,1788804306.7073684,
unbound,nsec3,nonexistent.test-nsec3.example,cold,687193,3,True,1788804306.7081032,
unbound,nsec3,nonexistent.test-nsec3.example,cold,685541,3,True,1788804306.7088826,
unbound,nsec3,nonexistent.test-nsec3.example,cold,577578,3,True,1788804306.709507,
unbound,nsec3,nonexistent.test-nsec3.example,cold,609262,3,True,1788804306.71017,
unbound,nsec3,nonexistent.test-nsec3.example,cold,631964,3,True,1788804306.710848,
unbound,nsec3,nonexistent.test-nsec3.example,cold,678879,3,True,1788804306.711569,
unbound,nsec3,nonexistent.test-nsec3.example,cold,603796,3,True,1788804306.7122252,
unbound,nsec3,nonexistent.test-nsec3.example,cold,589281,3,True,1788804306.712856,
unbound,nsec3,nonexistent.test-nsec3.example,cold,653929,3,True,1788804306.7135575,
unbound,nsec3,nonexistent.test-nsec3.example,cold,733709,3,True,1788804306.7143497,
unbound,nsec3,nonexistent.test-nsec3.example,cold,632317,3,True,1788804306.7150261,
unbound,nsec3,nonexistent.test-nsec3.example,cold,744368,3,True,1788804306.7158167,
unbound,nsec3,nonexistent.test-nsec3.example,cold,746101,3,True,1788804306.7166286,
unbound,nsec3,nonexistent.test-nsec3.example,cold,616421,3,True,1788804306.717308,
unbound,nsec3,nonexistent.test-nsec3.example,cold,619684,3,True,1788804306.7179823,
unbound,nsec3,nonexistent.test-nsec3.example,cold,781668,3,True,1788804306.7188187,
unbound,nsec3,nonexistent.test-nsec3.example,cold,653947,3,True,1788804306.7195373,
unbound,nsec3,nonexistent.test-nsec3.example,cold,609434,3,True,1788804306.7202063,
unbound,nsec3,nonexistent.test-nsec3.example,cold,547579,3,True,1788804306.7208126,
unbound,nsec3,nonexistent.test-nsec3.example,cold,3324104,3,True,1788804306.724202,
unbound,nsec3,nonexistent.test-nsec3.example,cold,1159287,3,True,1788804306.7254608,
unbound,nsec3,nonexistent.test-nsec3.example,cold,916160,3,True,1788804306.7264826,
unbound,nsec3,nonexistent.test-nsec3.example,cold,793011,3,True,1788804306.7273533,
unbound,nsec3,nonexistent.test-nsec3.example,cold,691579,3,True,1788804306.7281306,
unbound,nsec3,nonexistent.test-nsec3.example,cold,677015,3,True,1788804306.728866,
unbound,nsec3,nonexistent.test-nsec3.example,cold,1665306,3,True,1788804306.7306,
unbound,nsec3,nonexistent.test-nsec3.example,cold,1137481,3,True,1788804306.7318547,
unbound,nsec3,nonexistent.test-nsec3.example,cold,1021548,3,True,1788804306.7329593,
unbound,nsec3,nonexistent.test-nsec3.example,cold,1053310,3,True,1788804306.7340958,
unbound,nsec3,nonexistent.test-nsec3.example,cold,833907,3,True,1788804306.7350385,
unbound,nsec3,nonexistent.test-nsec3.example,cold,947038,3,True,1788804306.736051,
unbound,nsec3,nonexistent.test-nsec3.example,cold,681136,3,True,1788804306.7368004,
unbound,nsec3,nonexistent.test-nsec3.example,cold,820970,3,True,1788804306.737688,
unbound,nsec3,nonexistent.test-nsec3.example,cold,756400,3,True,1788804306.7385182,
unbound,nsec3,nonexistent.test-nsec3.example,cold,710405,3,True,1788804306.7393107,
unbound,nsec3,nonexistent.test-nsec3.example,cold,860062,3,True,1788804306.7402375,
unbound,nsec3,nonexistent.test-nsec3.example,cold,841273,3,True,1788804306.7411883,
unbound,nsec3,nonexistent.test-nsec3.example,cold,758454,3,True,1788804306.7420096,
unbound,nsec3,nonexistent.test-nsec3.example,cold,825670,3,True,1788804306.742894,
unbound,nsec3,nonexistent.test-nsec3.example,cold,735233,3,True,1788804306.7436895,
unbound,nsec3,nonexistent.test-nsec3.example,cold,1038311,3,True,1788804306.744793,
unbound,nsec3,nonexistent.test-nsec3.example,cold,842485,3,True,1788804306.7457094,
unbound,nsec3,nonexistent.test-nsec3.example,cold,686556,3,True,1788804306.7464645,
unbound,nsec3,nonexistent.test-nsec3.example,cold,645869,3,True,1788804306.7471998,
unbound,nsec3,nonexistent.test-nsec3.example,cold,621100,3,True,1788804306.7478683,
unbound,nsec3,nonexistent.test-nsec3.example,cold,687263,3,True,1788804306.7486122,
unbound,nsec3,nonexistent.test-nsec3.example,cold,605940,3,True,1788804306.7492657,
unbound,nsec3,nonexistent.test-nsec3.example,cold,706628,3,True,1788804306.750025,
unbound,nsec3,nonexistent.test-nsec3.example,cold,612205,3,True,1788804306.7506967,
unbound,nsec3,nonexistent.test-nsec3.example,cold,632768,3,True,1788804306.7513835,
unbound,nsec3,nonexistent.test-nsec3.example,cold,645255,3,True,1788804306.752072,
unbound,nsec3,nonexistent.test-nsec3.example,cold,668883,3,True,1788804306.7528002,
unbound,nsec3,nonexistent.test-nsec3.example,cold,601538,3,True,1788804306.7534564,
unbound,nsec3,nonexistent.test-nsec3.example,cold,621008,3,True,1788804306.7541313,
unbound,nsec3,nonexistent.test-nsec3.example,cold,600179,3,True,1788804306.7547855,
unbound,nsec3,nonexistent.test-nsec3.example,cold,695571,3,True,1788804306.755527,
unbound,nsec3,nonexistent.test-nsec3.example,cold,640051,3,True,1788804306.7562184,
unbound,nsec3,nonexistent.test-nsec3.example,cold,585627,3,True,1788804306.7568486,
unbound,nsec3,nonexistent.test-nsec3.example,cold,595036,3,True,1788804306.7574875,
unbound,nsec3,nonexistent.test-nsec3.example,cold,748077,3,True,1788804306.7582877,
unbound,nsec3,nonexistent.test-nsec3.example,cold,688553,3,True,1788804306.759023,
unbound,nsec3,nonexistent.test-nsec3.example,cold,680339,3,True,1788804306.7597587,
unbound,nsec3,nonexistent.test-nsec3.example,cold,721506,3,True,1788804306.7605236,
unbound,nsec3,nonexistent.test-nsec3.example,cold,629163,3,True,1788804306.761195,
unbound,nsec3,nonexistent.test-nsec3.example,cold,611527,3,True,1788804306.7618625,
unbound,nsec3,nonexistent.test-nsec3.example,cold,628315,3,True,1788804306.7625444,
unbound,nsec3,nonexistent.test-nsec3.example,cold,608299,3,True,1788804306.763194,
unbound,nsec3,nonexistent.test-nsec3.example,cold,595375,3,True,1788804306.763831,
unbound,nsec3,nonexistent.test-nsec3.example,cold,575321,3,True,1788804306.7644458,
unbound,nsec3,nonexistent.test-nsec3.example,cold,634800,3,True,1788804306.765126,
unbound,nsec3,nonexistent.test-nsec3.example,cold,676824,3,True,1788804306.7658486,
unbound,nsec3,nonexistent.test-nsec3.example,cold,626073,3,True,1788804306.7665186,
unbound,nsec3,nonexistent.test-nsec3.example,cold,807970,3,True,1788804306.7674048,
unbound,nsec3,nonexistent.test-nsec3.example,cold,868095,3,True,1788804306.7683358,
unbound,nsec3,nonexistent.test-nsec3.example,cold,792558,3,True,1788804306.7691925,
unbound,nsec3,nonexistent.test-nsec3.example,cold,705993,3,True,1788804306.7699573,
unbound,nsec3,nonexistent.test-nsec3.example,cold,617603,3,True,1788804306.770635,
unbound,nsec3,nonexistent.test-nsec3.example,cold,628586,3,True,1788804306.7713072,
unbound,nsec3,nonexistent.test-nsec3.example,cold,753265,3,True,1788804306.7721028,
unbound,nsec3,nonexistent.test-nsec3.example,cold,607084,3,True,1788804306.772755,
unbound,nsec3,nonexistent.test-nsec3.example,cold,561340,3,True,1788804306.7733574,
unbound,nsec3,nonexistent.test-nsec3.example,cold,530621,3,True,1788804306.7739282,
unbound,nsec3,nonexistent.test-nsec3.example,cold,677218,3,True,1788804306.774706,
unbound,nsec3,nonexistent.test-nsec3.example,cold,774534,3,True,1788804306.77555,
unbound,nsec3,nonexistent.test-nsec3.example,cold,865601,3,True,1788804306.7764614,
unbound,nsec3,nonexistent.test-nsec3.example,cold,776815,3,True,1788804306.7772977,
unbound,nsec3,nonexistent.test-nsec3.example,cold,598705,3,True,1788804306.7779365,
unbound,nsec3,nonexistent.test-nsec3.example,cold,569121,3,True,1788804306.7785444,
unbound,nsec3,nonexistent.test-nsec3.example,cold,624854,3,True,1788804306.779209,
unbound,nsec3,nonexistent.test-nsec3.example,cold,622137,3,True,1788804306.7798877,
unbound,nsec3,nonexistent.test-nsec3.example,cold,670672,3,True,1788804306.7805972,
unbound,nsec3,nonexistent.test-nsec3.example,cold,540872,3,True,1788804306.78118,
unbound,nsec3,nonexistent.test-nsec3.example,cold,750350,3,True,1788804306.781988,
unbound,nsec3,nonexistent.test-nsec3.example,cold,641087,3,True,1788804306.7826838,
unbound,nsec3,nonexistent.test-nsec3.example,cold,593218,3,True,1788804306.783318,
unbound,nsec3,nonexistent.test-nsec3.example,cold,623275,3,True,1788804306.7839825,
unbound,nsec3,nonexistent.test-nsec3.example,cold,613517,3,True,1788804306.7846446,
unbound,nsec3,nonexistent.test-nsec3.example,cold,576731,3,True,1788804306.7852626,
unbound,nsec3,nonexistent.test-nsec3.example,cold,567391,3,True,1788804306.7858696,
unbound,nsec3,nonexistent.test-nsec3.example,cold,616979,3,True,1788804306.7865264,
unbound,nsec3,nonexistent.test-nsec3.example,cold,601507,3,True,1788804306.7871683,
unbound,nsec3,nonexistent.test-nsec3.example,cold,597825,3,True,1788804306.787822,
unbound,nsec3,nonexistent.test-nsec3.example,cold,613993,3,True,1788804306.788483,
unbound,nsec3,nonexistent.test-nsec3.example,cold,667008,3,True,1788804306.7891982,
unbound,nsec3,nonexistent.test-nsec3.example,cold,672953,3,True,1788804306.789915,
unbound,nsec3,nonexistent.test-nsec3.example,cold,636067,3,True,1788804306.7906065,
unbound,nsec3,nonexistent.test-nsec3.example,cold,655516,3,True,1788804306.7913172,
unbound,nsec3,nonexistent.test-nsec3.example,cold,803355,3,True,1788804306.792163,
unbound,nsec3,nonexistent.test-nsec3.example,cold,673664,3,True,1788804306.7928936,
unbound,nsec3,nonexistent.test-nsec3.example,cold,606216,3,True,1788804306.7936213,
unbound,nsec3,nonexistent.test-nsec3.example,cold,596639,3,True,1788804306.7942686,
unbound,nsec3,nonexistent.test-nsec3.example,cold,662943,3,True,1788804306.794973,
unbound,nsec3,nonexistent.test-nsec3.example,cold,724752,3,True,1788804306.7957568,
unbound,nsec3,nonexistent.test-nsec3.example,cold,644707,3,True,1788804306.796459,
unbound,nsec3,nonexistent.test-nsec3.example,cold,654330,3,True,1788804306.7971625,
unbound,nsec3,nonexistent.test-nsec3.example,cold,636603,3,True,1788804306.7978466,
unbound,nsec3,nonexistent.test-nsec3.example,cold,651899,3,True,1788804306.7985542,
unbound,nsec3,nonexistent.test-nsec3.example,cold,865003,3,True,1788804306.799461,
unbound,nsec3,nonexistent.test-nsec3.example,cold,572989,3,True,1788804306.8000793,
unbound,nsec3,nonexistent.test-nsec3.example,cold,656873,3,True,1788804306.8007793,
unbound,nsec3,nonexistent.test-nsec3.example,cold,682839,3,True,1788804306.8015206,
unbound,nsec3,nonexistent.test-nsec3.example,cold,817719,3,True,1788804306.8023996,
unbound,nsec3,nonexistent.test-nsec3.example,cold,760577,3,True,1788804306.803222,
unbound,nsec3,nonexistent.test-nsec3.example,cold,611323,3,True,1788804306.8038967,
unbound,nsec3,nonexistent.test-nsec3.example,cold,672727,3,True,1788804306.8046265,
unbound,nsec3,nonexistent.test-nsec3.example,cold,739943,3,True,1788804306.805435,
unbound,nsec3,nonexistent.test-nsec3.example,cold,583964,3,True,1788804306.806064,
unbound,nsec3,nonexistent.test-nsec3.example,cold,622215,3,True,1788804306.8067312,
unbound,nsec3,nonexistent.test-nsec3.example,cold,670706,3,True,1788804306.807454,
unbound,nsec3,nonexistent.test-nsec3.example,cold,711464,3,True,1788804306.8082159,
unbound,nsec3,nonexistent.test-nsec3.example,cold,732567,3,True,1788804306.809006,
unbound,nsec3,nonexistent.test-nsec3.example,cold,616596,3,True,1788804306.8096652,
