resolver,outcome,domain,cache_state,query_time_ns,response_rcode,ad_flag,timestamp,error
unbound,unsigned,test.test-unsigned.example,cold,543815,0,False,1788804308.530709,
unbound,unsigned,test.test-unsigned.example,cold,493466,0,False,1788804308.5312421,
unbound,unsigned,test.test-unsigned.example,cold,560815,0,False,1788804308.5318513,
unbound,unsigned,test.test-unsigned.example,cold,716487,0,False,1788804308.5326092,
unbound,unsigned,test.test-unsigned.example,cold,570296,0,False,1788804308.5332255,
unbound,unsigned,test.test-unsigned.example,cold,590254,0,False,1788804308.5338588,
unbound,unsigned,test.test-unsigned.example,cold,538658,0,False,1788804308.534437,
unbound,unsigned,test.test-unsigned.example,cold,590601,0,False,1788804308.5350678,
unbound,unsigned,test.test-unsigned.example,cold,657068,0,False,1788804308.5357997,
unbound,unsigned,test.test-unsigned.example,cold,699186,0,False,1788804308.536541,
unbound,unsigned,test.test-unsigned.example,cold,596779,0,False,1788804308.5371807,
unbound,unsigned,test.test-unsigned.example,cold,545708,0,False,1788804308.5377772,
unbound,unsigned,test.test-unsigned.example,cold,577279,0,False,1788804308.5384047,
unbound,unsigned,test.test-unsigned.example,cold,579783,0,False,1788804308.539023,
unbound,unsigned,test.test-unsigned.example,cold,613694,0,False,1788804308.5396786,
unbound,unsigned,test.test-unsigned.example,cold,604662,0,False,1788804308.5403366,
unbound,unsigned,test.test-unsigned.example,cold,623165,0,False,1788804308.5410159,
unbound,unsigned,test.test-unsigned.example,cold,580565,0,False,1788804308.5416453,
unbound,unsigned,test.test-unsigned.example,cold,683487,0,False,1788804308.5423796,
unbound,unsigned,test.test-unsigned.example,cold,606692,0,False,1788804308.5430293,
unbound,unsigned,test.test-unsigned.example,cold,556483,0,False,1788804308.5436344,
unbound,unsigned,test.test-unsigned.example,cold,511482,0,False,1788804308.544196,
unbound,unsigned,test.test-unsigned.example,cold,528185,0,False,1788804308.5447757,
unbound,unsigned,test.test-unsigned.example,cold,542683,0,False,1788804308.5453575,
unbound,unsigned,test.test-unsigned.example,cold,633163,0,False,1788804308.5460427,
unbound,unsigned,test.test-unsigned.example,cold,564144,0,False,1788804308.5466475,
unbound,unsigned,test.test-unsigned.example,cold,580552,0,False,1788804308.5472791,
unbound,unsigned,test.test-unsigned.example,cold,576227,0,False,1788804308.547895,
unbound,unsigned,test.test-unsigned.example,cold,519657,0,False,1788804308.5484533,
unbound,unsigned,test.test-unsigned.example,cold,596157,0,False,1788804308.5491009,
unbound,unsigned,test.test-unsigned.example,cold,727287,0,False,1788804308.5498803,
unbound,unsigned,test.test-unsigned.example,cold,563702,0,False,1788804308.5504875,
unbound,unsigned,test.test-unsigned.example,cold,618868,0,False,1788804308.5511506,
unbound,unsigned,test.test-unsigned.example,cold,559858,0,False,1788804308.5517642,
unbound,unsigned,test.test-unsigned.example,cold,524423,0,False,1788804308.552337,
unbound,unsigned,test.test-unsigned.example,cold,510255,0,False,1788804308.5528846,
unbound,unsigned,test.test-unsigned.example,cold,565339,0,False,1788804308.5534992,
unbound,unsigned,test.test-unsigned.example,cold,553452,0,False,1788804308.554101,
unbound,unsigned,test.test-unsigned.example,cold,596918,0,False,1788804308.5547423,
unbound,unsigned,test.test-unsigned.example,cold,594628,0,False,1788804308.555388,
unbound,unsigned,test.test-unsigned.example,cold,695053,0,False,1788804308.5561347,
unbound,unsigned,test.test-unsigned.example,cold,688265,0,False,1788804308.5568628,
unbound,unsigned,test.test-unsigned.example,cold,591568,0,False,1788804308.5574975,
unbound,unsigned,test.test-unsigned.example,cold,577663,0,False,1788804308.5581293,
unbound,unsigned,test.test-unsigned.example,cold,525058,0,False,1788804308.5587091,
unbound,unsigned,test.test-unsigned.example,cold,644987,0,False,1788804308.559394,
unbound,unsigned,test.test-unsigned.example,cold,560022,0,False,1788804308.5600035,
unbound,unsigned,test.test-unsigned.example,cold,553341,0,False,1788804308.5606067,
unbound,unsigned,test.test-unsigned.example,cold,559616,0,False,1788804308.561215,
unbound,unsigned,test.test-unsigned.example,cold,2792917,0,False,1788804308.5640638,
unbound,unsigned,test.test-unsigned.example,cold,853972,0,False,1788804308.5649853,
unbound,unsigned,test.test-unsigned.example,cold,750953,0,False,1788804308.5657973,
unbound,unsigned,test.test-unsigned.example,cold,589088,0,False,1788804308.5664437,
unbound,unsigned,test.test-unsigned.example,cold,694505,0,False,1788804308.567196,
unbound,unsigned,test.test-unsigned.example,cold,569142,0,False,1788804308.5678267,
unbound,unsigned,test.test-unsigned.example,cold,561204,0,False,1788804308.5684295,
unbound,unsigned,test.test-unsigned.example,cold,704952,0,False,1788804308.569181,
unbound,unsigned,test.test-unsigned.example,cold,547365,0,False,1788804308.5697672,
unbound,unsigned,test.test-unsigned.example,cold,744274,0,False,1788804308.5705585,
unbound,unsigned,test.test-unsigned.example,cold,692385,0,False,1788804308.5712917,
unbound,unsigned,test.test-unsigned.example,cold,551949,0,False,1788804308.5719714,
unbound,unsigned,test.test-unsigned.example,cold,510048,0,False,1788804308.5725324,
unbound,unsigned,test.test-unsigned.example,cold,568195,0,False,1788804308.5731406,
unbound,unsigned,test.test-unsigned.example,cold,599904,0,False,1788804308.5737958,
unbound,unsigned,test.test-unsigned.example,cold,596356,0,False,1788804308.574448,
unbound,unsigned,test.test-unsigned.example,cold,1044957,0,False,1788804308.5755541,
unbound,unsigned,test.test-unsigned.example,cold,580334,0,False,1788804308.5761926,
unbound,unsigned,test.test-unsigned.example,cold,620685,0,False,1788804308.576869,
unbound,unsigned,test.test-unsigned.example,cold,605400,0,False,1788804308.5775352,
unbound,unsigned,test.test-unsigned.example,cold,613156,0,False,1788804308.5782049,
unbound,unsigned,test.test-unsigned.example,cold,1034096,0,False,1788804308.5792978,
unbound,unsigned,test.test-unsigned.example,cold,813290,0,False,1788804308.5801685,
unbound,unsigned,test.test-unsigned.example,cold,607892,0,False,1788804308.580822,
unbound,unsigned,test.test-unsigned.example,cold,578373,0,False,1788804308.5814424,
unbound,unsigned,test.test-unsigned.example,cold,577971,0,False,1788804308.5820596,
unbound,unsigned,test.test-unsigned.example,cold,481856,0,False,1788804308.582591,
unbound,unsigned,test.test-unsigned.example,cold,597401,0,False,1788804308.5832405,
unbound,unsigned,test.test-unsigned.example,cold,505787,0,False,1788804308.583787,
unbound,unsigned,test.test-unsigned.example,cold,674201,0,False,1788804308.5844994,
unbound,unsigned,test.test-unsigned.example,cold,668099,0,False,1788804308.5852103,
unbound,unsigned,test.test-unsigned.example,cold,601001,0,False,1788804308.5858698,
unbound,unsigned,test.test-unsigned.example,cold,584340,0,False,1788804308.586509,
unbound,unsigned,test.test-unsigned.example,cold,700983,0,False,1788804308.587271,
unbound,unsigned,test.test-unsigned.example,cold,689563,0,False,1788804308.588017,
unbound,unsigned,test.test-unsigned.example,cold,609202,0,False,1788804308.5886767,
unbound,unsigned,test.test-unsigned.example,cold,812216,0,False,1788804308.5895443,
unbound,unsigned,test.test-unsigned.example,cold,685143,0,False,1788804308.5902863,
unbound,unsigned,test.test-unsigned.example,cold,794013,0,False,1788804308.5911384,
unbound,unsigned,test.test-unsigned.example,cold,678871,0,False,1788804308.5919452,
unbound,unsigned,test.test-unsigned.example,cold,655122,0,False,1788804308.592647,
unbound,unsigned,test.test-unsigned.example,cold,640826,0,False,1788804308.593346,
unbound,unsigned,test.test-unsigned.example,cold,774529,0,False,1788804308.5941722,
unbound,unsigned,test.test-unsigned.example,cold,732088,0,False,1788804308.5949616,
unbound,unsigned,test.test-unsigned.example,cold,616278,0,False,1788804308.5956395,
unbound,unsigned,test.test-unsigned.example,cold,807457,0,False,1788804308.596498,
unbound,unsigned,test.test-unsigned.example,cold,741388,0,False,1788804308.597301,
unbound,unsigned,test.test-unsigned.example,cold,764978,0,False,1788804308.5981321,
unbound,unsigned,test.test-unsigned.example,cold,764832,0,False,1788804308.598957,
unbound,unsigned,test.test-unsigned.example,cold,716587,0,False,1788804308.5997314,
unbound,unsigned,test.test-unsigned.example,cold,618654,0,False,1788804308.6003911,
unbound,unsigned,test.test-unsigned.example,cold,728009,0,False,1788804308.6011581,
unbound,unsigned,test.test-unsigned.example,cold,512832,0,False,1788804308.6017272,
unbound,unsigned,test.test-unsigned.example,cold,523721,0,False,1788804308.6022942,
unbound,unsigned,test.test-unsigned.example,cold,577757,0,False,1788804308.6029224,
unbound,unsigned,test.test-unsigned.example,cold,528896,0,False,1788804308.6034904,
unbound,unsigned,test.test-unsigned.example,cold,643466,0,False,1788804308.604174,
unbound,unsigned,test.test-unsigned.example,cold,518523,0,False,1788804308.6047344,
unbound,unsigned,test.test-unsigned.example,cold,553958,0,False,1788804308.6053321,
unbound,unsigned,test.test-unsigned.example,cold,539108,0,False,1788804308.60592,
unbound,unsigned,test.test-unsigned.example,cold,626576,0,False,1788804308.606595,
unbound,unsigned,test.test-unsigned.example,cold,584130,0,False,1788804308.6072304,
unbound,unsigned,test.test-unsigned.example,cold,589741,0,False,1788804308.6078699,
unbound,unsigned,test.test-unsigned.example,cold,578173,0,False,1788804308.6084907,
unbound,unsigned,test.test-unsigned.example,cold,558204,0,False,1788804308.6090872,
unbound,unsigned,test.test-unsigned.example,cold,518258,0,False,1788804308.6096537,
unbound,unsigned,test.test-unsigned.example,cold,589586,0,False,1788804308.6102986,
unbound,unsigned,test.test-unsigned.example,cold,621875,0,False,1788804308.6110291,
unbound,unsigned,test.test-unsigned.example,cold,623787,0,False,1788804308.6117024,
unbound,unsigned,test.test-unsigned.example,cold,609353,0,False,1788804308.61236,
unbound,unsigned,test.test-unsigned.example,cold,626825,0,False,1788804308.6130347,
unbound,unsigned,test.test-unsigned.example,cold,563687,0,False,1788804308.6136475,
unbound,unsigned,test.test-unsigned.example,cold,658792,0,False,1788804308.6143563,
unbound,unsigned,test.test-unsigned.example,cold,699566,0,False,1788804308.6151056,
unbound,unsigned,test.test-unsigned.example,cold,542256,0,False,1788804308.6157227,
unbound,unsigned,test.test-unsigned.example,cold,607265,0,False,1788804308.6163828,
unbound,unsigned,test.test-unsigned.example,cold,522890,0,False,1788804308.6169605,
unbound,unsigned,test.test-unsigned.example,cold,559777,0,False,1788804308.6175613,
unbound,unsigned,test.test-unsigned.example,cold,530910,0,False,1788804308.6181304,
unbound,unsigned,test.test-unsigned.example,cold,639404,0,False,1788804308.6188278,
unbound,unsigned,test.test-unsigned.example,cold,799065,0,False,1788804308.6197615,
unbound,unsigned,test.test-unsigned.example,cold,675497,0,False,1788804308.6204803,
unbound,unsigned,test.test-unsigned.example,cold,553969,0,False,1788804308.621075,
unbound,unsigned,test.test-unsigned.example,cold,544008,0,False,1788804308.621661,
unbound,unsigned,test.test-unsigned.example,cold,618498,0,False,1788804308.6223285,
unbound,unsigned,test.test-unsigned.example,cold,681045,0,False,1788804308.6230497,
unbound,unsigned,test.test-unsigned.example,cold,575783,0,False,1788804308.6236672,
unbound,unsigned,test.test-unsigned.example,cold,569726,0,False,1788804308.6242764,
unbound,unsigned,test.test-unsigned.example,cold,538191,0,False,1788804308.6248653,
unbound,unsigned,test.test-unsigned.example,cold,572991,0,False,1788804308.6254811,
unbound,unsigned,test.test-unsigned.example,cold,774927,0,False,1788804308.6262958,
unbound,unsigned,test.test-unsigned.example,cold,566003,0,False,1788804308.6269133,
unbound,unsigned,test.test-unsigned.example,cold,571554,0,False,1788804308.627525,
unbound,unsigned,test.test-unsigned.example,cold,632882,0,False,1788804308.6282084,
unbound,unsigned,test.test-unsigned.example,cold,803663,0,False,1788804308.6290727,
unbound,unsigned,test.test-unsigned.example,cold,915459,0,False,1788804308.630058,
unbound,unsigned,test.test-unsigned.example,cold,818033,0,False,1788804308.6309295,
unbound,unsigned,test.test-unsigned.example,cold,621133,0,False,1788804308.6315992,
unbound,unsigned,test.test-unsigned.example,cold,529099,0,False,1788804308.6321766,
unbound,unsigned,test.test-unsigned.example,cold,614978,0,False,1788804308.6328325,
unbound,unsigned,test.test-unsigned.example,cold,506182,0,False,1788804308.6333833,
unbound,unsigned,test.test-unsigned.example,cold,633733,0,False,1788804308.6340616,
unbound,unsigned,test.test-unsigned.example,cold,582477,0,False,1788804308.6346958,
unbound,unsigned,test.test-unsigned.example,cold,632332,0,False,1788804308.6353834,
unbound,unsigned,test.test-unsigned.example,cold,589830,0,False,1788804308.636027,
unbound,unsigned,test.test-unsigned.example,cold,531722,0,False,1788804308.6366124,
unbound,unsigned,test.test-unsigned.example,cold,565389,0,False,1788804308.6372192,
unbound,unsigned,test.test-unsigned.example,cold,596127,0,False,1788804308.63786,
unbound,unsigned,test.test-unsigned.example,cold,567040,0,False,1788804308.6384807,
unbound,unsigned,test.test-unsigned.example,cold,810217,0,False,1788804308.6393478,
unbound,unsigned,test.test-unsigned.example,cold,854556,0,False,1788804308.6402562,
unbound,unsigned,test.test-unsigned.example,cold,689204,0,False,1788804308.641009,
unbound,unsigned,test.test-unsigned.example,cold,619699,0,False,1788804308.6416717,
unbound,unsigned,test.test-unsigned.example,cold,656201,0,False,1788804308.64237,
unbound,unsigned,test.test-unsigned.example,cold,578329,0,False,1788804308.6430004,
unbound,unsigned,test.test-unsigned.example,cold,535540,0,False,1788804308.6435745,
unbound,unsigned,test.test-unsigned.example,cold,755209,0,False,1788804308.6443822,
unbound,unsigned,test.test-unsigned.example,cold,748284,0,False,1788804308.6451912,
unbound,unsigned,test.test-unsigned.example,cold,626873,0,False,1788804308.6458733,
unbound,unsigned,test.test-unsigned.example,cold,651265,0,False,1788804308.6465845,
unbound,unsigned,test.test-unsigned.example,cold,632054,0,False,1788804308.6472788,
unbound,unsigned,test.test-unsigned.example,cold,578348,0,False,1788804308.6479094,
unbound,unsigned,test.test-unsigned.example,cold,556765,0,False,1788804308.6485183,
unbound,unsigned,test.test-unsigned.example,cold,533361,0,False,1788804308.6491036,
unbound,unsigned,test.test-unsigned.example,cold,545861,0,False,1788804308.6496968,
unbound,unsigned,test.test-unsigned.example,cold,550211,0,False,1788804308.650291,
unbound,unsigned,test.test-unsigned.example,cold,568218,0,False,1788804308.6509023,
unbound,unsigned,test.test-unsigned.example,cold,606256,0,False,1788804308.6515517,
unbound,unsigned,test.test-unsigned.example,cold,551169,0,False,1788804308.652153,
unbound,unsigned,test.test-unsigned.example,cold,675360,0,False,1788804308.652867,
unbound,unsigned,test.test-unsigned.example,cold,712363,0,False,1788804308.6536312,
unbound,unsigned,test.test-unsigned.example,cold,665117,0,False,1788804308.6545007,
unbound,unsigned,test.test-unsigned.example,cold,562954,0,False,1788804308.6551442,
unbound,unsigned,test.test-unsigned.example,cold,617903,0,False,1788804308.6558213,
unbound,unsigned,test.test-unsigned.example,cold,691260,0,False,1788804308.6565628,
unbound,unsigned,test.test-unsigned.example,cold,626960,0,False,1788804308.6572492,
unbound,unsigned,test.test-unsigned.example,cold,647018,0,False,1788804308.657948,
unbound,unsigned,test.test-unsigned.example,cold,653651,0,False,1788804308.6586583,
unbound,unsigned,test.test-unsigned.example,cold,697647,0,False,1788804308.6594143,
unbound,unsigned,test.test-unsigned.example,cold,892311,0,False,1788804308.6603613,
unbound,unsigned,test.test-unsigned.example,cold,667219,0,False,1788804308.6611023,
unbound,unsigned,test.test-unsigned.example,cold,571586,0,False,1788804308.661731,
unbound,unsigned,test.test-unsigned.example,cold,976690,0,False,1788804308.662768,
unbound,unsigned,test.test-unsigned.example,cold,701492,0,False,1788804308.6635373,
unbound,unsigned,test.test-unsigned.example,cold,718673,0,False,1788804308.6643128,
unbound,unsigned,test.test-unsigned.example,cold,640090,0,False,1788804308.665003,
unbound,unsigned,test.test-unsigned.example,cold,653161,0,False,1788804308.6657112,
unbound,unsigned,test.test-unsigned.example,cold,523405,0,False,1788804308.6662948,
unbound,unsigned,test.test-unsigned.example,cold,732485,0,False,1788804308.6670804,
unbound,unsigned,test.test-unsigned.example,cold,574764,0,False,1788804308.6677256,
unbound,unsigned,test.test-unsigned.example,cold,522000,0,False,1788804308.6682882,
unbound,unsigned,test.test-unsigned.example,cold,585181,0,False,1788804308.6689246,
unbound,unsigned,test.test-unsigned.example,cold,869971,0,False,1788804308.6698349,
unbound,unsigned,test.test-unsigned.example,cold,559942,0,False,1788804308.6704462,
unbound,unsigned,test.test-unsigned.example,cold,585115,0,False,1788804308.6710708,
unbound,unsigned,test.test-unsigned.example,cold,586551,0,False,1788804308.6717257,
unbound,unsigned,test.test-unsigned.example,cold,571147,0,False,1788804308.672344,
unbound,unsigned,test.test-unsigned.example,cold,621576,0,False,1788804308.6730185,
unbound,unsigned,test.test-unsigned.example,cold,616051,0,False,1788804308.6736763,
unbound,unsigned,test.test-unsigned.example,cold,574892,0,False,1788804308.6743016,
unbound,unsigned,test.test-unsigned.example,cold,522589,0,False,1788804308.6748621,
unbound,unsigned,test.test-unsigned.example,cold,888190,0,False,1788804308.6758077,
unbound,unsigned,test.test-unsigned.example,cold,783192,0,False,1788804308.6766717,
unbound,unsigned,test.test-unsigned.example,cold,845286,0,False,1788804308.677662,
unbound,unsigned,test.test-unsigned.example,cold,706628,0,False,1788804308.678424,
unbound,unsigned,test.test-unsigned.example,cold,895177,0,False,1788804308.6793878,
unbound,unsigned,test.test-unsigned.example,cold,924899,0,False,1788804308.6803737,
unbound,unsigned,test.test-unsigned.example,cold,817164,0,False,1788804308.6812587,
unbound,unsigned,test.test-unsigned.example,cold,968580,0,False,1788804308.6822822,
unbound,unsigned,test.test-unsigned.example,cold,727861,0,False,1788804308.6830742,
unbound,unsigned,test.test-unsigned.example,cold,770034,0,False,1788804308.684081,
unbound,unsigned,test.test-unsigned.example,cold,732249,0,False,1788804308.6849163,
unbound,unsigned,test.test-unsigned.example,cold,793691,0,False,1788804308.6858366,
unbound,unsigned,test.test-unsigned.example,cold,733886,0,False,1788804308.6866734,
unbound,unsigned,test.test-unsigned.example,cold,677396,0,False,1788804308.6874127,
unbound,unsigned,test.test-unsigned.example,cold,880811,0,False,1788804308.6883516,
unbound,unsigned,test.test-unsigned.example,cold,958390,0,False,1788804308.689373,
unbound,unsigned,test.test-unsigned.example,cold,886378,0,False,1788804308.690385,
unbound,unsigned,test.test-unsigned.example,cold,1036972,0,False,1788804308.6916237,
unbound,unsigned,test.test-unsigned.example,cold,990204,0,False,1788804308.6926873,
unbound,unsigned,test.test-unsigned.example,cold,735243,0,False,1788804308.6934924,
unbound,unsigned,test.test-unsigned.example,cold,635843,0,False,1788804308.6941898,
unbound,unsigned,test.test-unsigned.example,cold,585893,0,False,1788804308.6948256,
unbound,unsigned,test.test-unsigned.example,cold,759202,0,False,1788804308.695638,
unbound,unsigned,test.test-unsigned.example,cold,743324,0,False,1788804308.6964397,
unbound,unsigned,test.test-unsigned.example,cold,830213,0,False,1788804308.6973288,
unbound,unsigned,test.test-unsigned.example,cold,665379,0,False,1788804308.6980639,
unbound,unsigned,test.test-unsigned.example,cold,635768,0,False,1788804308.6987743,
unbound,unsigned,test.test-unsigned.example,cold,648129,0,False,1788804308.6994796,
unbound,unsigned,test.test-unsigned.example,cold,715762,0,False,1788804308.7002494,
unbound,unsigned,test.test-unsigned.example,cold,738461,0,False,1788804308.701089,
unbound,unsigned,test.test-unsigned.example,cold,626643,0,False,1788804308.7017639,
unbound,unsigned,test.test-unsigned.example,cold,678726,0,False,1788804308.7024949,
unbound,unsigned,test.test-unsigned.example,cold,865114,0,False,1788804308.703451,
unbound,unsigned,test.test-unsigned.example,cold,676111,0,False,1788804308.7042594,
unbound,unsigned,test.test-unsigned.example,cold,675813,0,False,1788804308.7050464,
unbound,unsigned,test.test-unsigned.example,cold,618281,0,False,1788804308.70571,
unbound,unsigned,test.test-unsigned.example,cold,724325,0,False,1788804308.7064934,
unbound,unsigned,test.test-unsigned.example,cold,695688,0,False,1788804308.7072484,
unbound,unsigned,test.test-unsigned.example,cold,867362,0,False,1788804308.708173,
unbound,unsigned,test.test-unsigned.example,cold,878867,0,False,1788804308.70911,
unbound,unsigned,test.test-unsigned.example,cold,1110639,0,False,1788804308.7103393,
unbound,unsigned,test.test-unsigned.example,cold,1009370,0,False,1788804308.7114143,
unbound,unsigned,test.test-unsigned.example,cold,685495,0,False,1788804308.712167,
unbound,unsigned,test.test-unsigned.example,cold,764337,0,False,1788804308.7129881,
unbound,unsigned,test.test-unsigned.example,cold,924415,0,False,1788804308.7139747,
unbound,unsigned,test.test-unsigned.example,cold,812864,0,False,1788804308.7148697,
unbound,unsigned,test.test-unsigned.example,cold,861166,0,False,1788804308.7157943,
unbound,unsigned,test.test-unsigned.example,cold,793908,0,False,1788804308.71666,
unbound,unsigned,test.test-unsigned.example,cold,840454,0,False,1788804308.7175658,
unbound,unsigned,test.test-unsigned.example,cold,886532,0,False,1788804308.7185247,
unbound,unsigned,test.test-unsigned.example,cold,842929,0,False,1788804308.7194724,
unbound,unsigned,test.test-unsigned.example,cold,961993,0,False,1788804308.720503,
unbound,unsigned,test.test-unsigned.example,cold,843271,0,False,1788804308.721513,
unbound,unsigned,test.test-unsigned.example,cold,930131,0,False,1788804308.722708,
unbound,unsigned,test.test-unsigned.example,cold,4991302,0,False,1788804308.727849,
unbound,unsigned,test.test-unsigned.example,cold,1109664,0,False,1788804308.7290833,
unbound,unsigned,test.test-unsigned.example,cold,852063,0,False,1788804308.730072,
unbound,unsigned,test.test-unsigned.example,cold,746000,0,False,1788804308.7309859,
unbound,unsigned,test.test-unsigned.example,cold,704379,0,False,1788804308.731741,
unbound,unsigned,test.test-unsigned.example,cold,602670,0,False,1788804308.7323997,
unbound,unsigned,test.test-unsigned.example,cold,565597,0,False,1788804308.7330072,
unbound,unsigned,test.test-unsigned.example,cold,634477,0,False,1788804308.7337005,
unbound,unsigned,test.test-unsigned.example,cold,786220,0,False,1788804308.7345452,
unbound,unsigned,test.test-unsigned.example,cold,658913,0,False,1788804308.7352715,
unbound,unsigned,test.test-unsigned.example,cold,568436,0,False,1788804308.735893,
unbound,unsigned,test.test-unsigned.example,cold,681542,0,False,1788804308.7366366,
unbound,unsigned,test.test-unsigned.example,cold,644678,0,False,1788804308.7373435,
unbound,unsigned,test.test-unsigned.example,cold,638057,0,False,1788804308.7380364,
unbound,unsigned,test.test-unsigned.example,cold,1707966,0,False,1788804308.7397895,
unbound,unsigned,test.test-unsigned.example,cold,627023,0,False,1788804308.7404718,
unbound,unsigned,test.test-unsigned.example,cold,617567,0,False,1788804308.741142,
unbound,unsigned,test.test-unsigned.example,cold,660122,0,False,1788804308.7418616,
unbound,unsigned,test.test-unsigned.example,cold,957348,0,False,1788804308.742874,
unbound,unsigned,test.test-unsigned.example,cold,829257,0,False,1788804308.7437603,
unbound,unsigned,test.test-unsigned.example,cold,572624,0,False,1788804308.7443888,
unbound,unsigned,test.test-unsigned.example,cold,640967,0,False,1788804308.7450745,
unbound,unsigned,test.test-unsigned.example,cold,574647,0,False,1788804308.7457032,
unbound,unsigned,test.test-unsigned.example,cold,549583,0,False,1788804308.7463055,
unbound,unsigned,test.test-unsigned.example,cold,680122,0,False,1788804308.7470338,
unbound,unsigned,test.test-unsigned.example,cold,748605,0,False,1788804308.7478344,
unbound,unsigned,test.test-unsigned.example,cold,757804,0,False,1788804308.7486432,
unbound,unsigned,test.test-unsigned.example,cold,742537,0,False,1788804308.7494752,
unbound,unsigned,test.test-unsigned.example,cold,669494,0,False,1788804308.750216,
unbound,unsigned,test.test-unsigned.example,cold,694105,0,False,1788804308.7509875,
unbound,unsigned,test.test-unsigned.example,cold,626412,0,False,1788804308.7516668,
unbound,unsigned,test.test-unsigned.example,cold,490138,0,False,1788804308.752205,
unbound,unsigned,test.test-unsigned.example,cold,531922,0,False,1788804308.7527833,
unbound,unsigned,test.test-unsigned.example,cold,624778,0,False,1788804308.7534535,
unbound,unsigned,test.test-unsigned.example,cold,519229,0,False,1788804308.7540143,
unbound,unsigned,test.test-unsigned.example,cold,542505,0,False,1788804308.754597,
unbound,unsigned,test.test-unsigned.example,cold,745743,0,False,1788804308.7553957,
unbound,unsigned,test.test-unsigned.example,cold,621249,0,False,1788804308.7560809,
unbound,unsigned,test.test-unsigned.example,cold,635950,0,False,1788804308.756757,
unbound,unsigned,test.test-unsigned.example,cold,596373,0,False,1788804308.757404,
unbound,unsigned,test.test-unsigned.example,cold,737728,0,False,1788804308.7581823,
unbound,unsigned,test.test-unsigned.example,cold,1976147,0,False,1788804308.7602155,
unbound,unsigned,test.test-unsigned.example,cold,872752,0,False,1788804308.7611406,
unbound,unsigned,test.test-unsigned.example,cold,666355,0,False,1788804308.7618494,
unbound,unsigned,test.test-unsigned.example,cold,631232,0,False,1788804308.7625315,
unbound,unsigned,test.test-unsigned.example,cold,642667,0,False,1788804308.7632759,
unbound,unsigned,test.test-unsigned.example,cold,636712,0,False,1788804308.763962,
unbound,unsigned,test.test-unsigned.example,cold,569704,0,False,1788804308.7645757,
unbound,unsigned,test.test-unsigned.example,cold,515410,0,False,1788804308.765132,
unbound,unsigned,test.test-unsigned.example,cold,641342,0,False,1788804308.7658138,
unbound,unsigned,test.test-unsigned.example,cold,628390,0,False,1788804308.766526,
unbound,unsigned,test.test-unsigned.example,cold,592871,0,False,1788804308.767159,
unbound,unsigned,test.test-unsigned.example,cold,577197,0,False,1788804308.7677794,
unbound,unsigned,test.test-unsigned.example,cold,687652,0,False,1788804308.7685206,
unbound,unsigned,test.test-unsigned.example,cold,621421,0,False,1788804308.769194,
unbound,unsigned,test.test-unsigned.example,cold,567635,0,False,1788804308.7698045,
unbound,unsigned,test.test-unsigned.example,cold,714270,0,False,1788804308.7705789,
unbound,unsigned,test.test-unsigned.example,cold,647326,0,False,1788804308.7713006,
unbound,unsigned,test.test-unsigned.example,cold,598550,0,False,1788804308.771949,
unbound,unsigned,test.test-unsigned.example,cold,712326,0,False,1788804308.7727115,
unbound,unsigned,test.test-unsigned.example,cold,560179,0,False,1788804308.773323,
unbound,unsigned,test.test-unsigned.example,cold,541190,0,False,1788804308.7739108,
unbound,unsigned,test.test-unsigned.example,cold,647656,0,False,1788804308.774597,
unbound,unsigned,test.test-unsigned.example,cold,593822,0,False,1788804308.7752602,
unbound,unsigned,test.test-unsigned.example,cold,605679,0,False,1788804308.7759109,
unbound,unsigned,test.test-unsigned.example,cold,591741,0,False,1788804308.7765446,
unbound,unsigned,test.test-unsigned.example,cold,578384,0,False,1788804308.7771626,
unbound,unsigned,test.test-unsigned.example,cold,526413,0,False,1788804308.7777328,
unbound,unsigned,test.test-unsigned.example,cold,547416,0,False,1788804308.7783334,
unbound,unsigned,test.test-unsigned.example,cold,1219845,0,False,1788804308.7795923,
unbound,unsigned,test.test-unsigned.example,cold,687574,0,False,1788804308.7803411,
unbound,unsigned,test.test-unsigned.example,cold,538488,0,False,1788804308.7809277,
unbound,unsigned,test.test-unsigned.example,cold,685140,0,False,1788804308.7816696,
unbound,unsigned,test.test-unsigned.example,cold,717503,0,False,1788804308.7824442,
unbound,unsigned,test.test-unsigned.example,cold,863094,0,False,1788804308.7833614,
unbound,unsigned,test.test-unsigned.example,cold,624322,0,False,1788804308.7840362,
unbound,unsigned,test.test-unsigned.example,cold,551318,0,False,1788804308.7846425,
unbound,unsigned,test.test-unsigned.example,cold,562528,0,False,1788804308.7852545,
unbound,unsigned,test.test-unsigned.example,cold,564099,0,False,1788804308.7858727,
unbound,unsigned,test.test-unsigned.example,cold,1042792,0,False,1788804308.7869718,
unbound,unsigned,test.test-unsigned.example,cold,662368,0,False,1788804308.7877023,
unbound,unsigned,test.test-unsigned.example,cold,542307,0,False,1788804308.788293,
unbound,unsigned,test.test-unsigned.example,cold,550543,0,False,1788804308.7888932,
unbound,unsigned,test.test-unsigned.example,cold,822445,0,False,1788804308.789761,
unbound,unsigned,test.test-unsigned.example,cold,564013,0,False,1788804308.7903774,
unbound,unsigned,test.test-unsigned.example,cold,508271,0,False,1788804308.7909274,
unbound,unsigned,test.test-unsigned.example,cold,590576,0,False,1788804308.7915695,
unbound,unsigned,test.test-unsigned.example,cold,544169,0,False,1788804308.7921638,
unbound,unsigned,test.test-unsigned.example,cold,535092,0,False,1788804308.792746,
unbound,unsigned,test.test-unsigned.example,cold,585796,0,False,1788804308.7933857,
unbound,unsigned,test.test-unsigned.example,cold,749112,0,False,1788804308.794179,
unbound,unsigned,test.test-unsigned.example,cold,717428,0,False,1788804308.794939,
unbound,unsigned,test.test-unsigned.example,cold,605846,0,False,1788804308.795591,
unbound,unsigned,test.test-unsigned.example,cold,537032,0,False,1788804308.7961738,
unbound,unsigned,test.test-unsigned.example,cold,547764,0,False,1788804308.796765,
unbound,unsigned,test.test-unsigned.example,cold,679939,0,False,1788804308.7974975,
unbound,unsigned,test.test-unsigned.example,cold,588592,0,False,1788804308.7981262,
unbound,unsigned,test.test-unsigned.example,cold,641535,0,False,1788804308.7988176,
unbound,unsigned,test.test-unsigned.example,cold,583554,0,False,1788804308.7994523,
unbound,unsigned,test.test-unsigned.example,cold,636821,0,False,1788804308.800143,
unbound,unsigned,test.test-unsigned.example,cold,5430200,0,False,1788804308.805629,
unbound,unsigned,test.test-unsigned.example,cold,789695,0,False,1788804308.8065255,
unbound,unsigned,test.test-unsigned.example,cold,694024,0,False,1788804308.807275,
unbound,unsigned,test.test-unsigned.example,cold,662197,0,False,1788804308.8079934,
unbound,unsigned,test.test-unsigned.example,cold,572149,0,False,1788804308.8086205,
unbound,unsigned,test.test-unsigned.example,cold,573716,0,False,1788804308.8092487,
unbound,unsigned,test.test-unsigned.example,cold,541982,0,False,1788804308.8098307,
unbound,unsigned,test.test-unsigned.example,cold,607094,0,False,1788804308.810481,
unbound,unsigned,test.test-unsigned.example,cold,743990,0,False,1788804308.8112764,
unbound,unsigned,test.test-unsigned.example,cold,684878,0,False,1788804308.812013,
unbound,unsigned,test.test-unsigned.example,cold,723808,0,False,1788804308.8128536,
unbound,unsigned,test.test-unsigned.example,cold,594385,0,False,1788804308.8134904,
unbound,unsigned,test.test-unsigned.example,cold,587938,0,False,1788804308.8141253,
unbound,unsigned,test.test-unsigned.example,cold,703256,0,False,1788804308.8148873,
unbound,unsigned,test.test-unsigned.example,cold,765349,0,False,1788804308.81579,
unbound,unsigned,test.test-unsigned.example,cold,684882,0,False,1788804308.8165505,
unbound,unsigned,test.test-unsigned.example,cold,733917,0,False,1788804308.8173442,
unbound,unsigned,test.test-unsigned.example,cold,741894,0,False,1788804308.8181498,
unbound,unsigned,test.test-unsigned.example,cold,628230,0,False,1788804308.8189158,
unbound,unsigned,test.test-unsigned.example,cold,933026,0,False,1788804308.8199084,
unbound,unsigned,test.test-unsigned.example,cold,641055,0,False,1788804308.8206213,
unbound,unsigned,test.test-unsigned.example,cold,735759,0,False,1788804308.821416,
unbound,unsigned,test.test-unsigned.example,cold,1122626,0,False,1788804308.8225958,
unbound,unsigned,test.test-unsigned.example,cold,746054,0,False,1788804308.8234084,
unbound,unsigned,test.test-unsigned.example,cold,659847,0,False,1788804308.8242426,
unbound,unsigned,test.test-unsigned.example,cold,587971,0,False,1788804308.8248775,
unbound,unsigned,test.test-unsigned.example,cold,588033,0,False,1788804308.8255143,
unbound,unsigned,test.test-unsigned.example,cold,573167,0,False,1788804308.8261373,
unbound,unsigned,test.test-unsigned.example,cold,650248,0,False,1788804308.826838,
unbound,unsigned,test.test-unsigned.example,cold,683364,0,False,1788804308.8275805,
unbound,unsigned,test.test-unsigned.example,cold,5103355,0,False,1788804308.8327873,
unbound,unsigned,test.test-unsigned.example,cold,1946315,0,False,1788804308.834851,
unbound,unsigned,test.test-unsigned.example,cold,819528,0,False,1788804308.8357916,
unbound,unsigned,test.test-unsigned.example,cold,627374,0,False,1788804308.8364851,
unbound,unsigned,test.test-unsigned.example,cold,697463,0,False,1788804308.8372755,
unbound,unsigned,test.test-unsigned.example,cold,847088,0,False,1788804308.838181,
unbound,unsigned,test.test-unsigned.example,cold,703296,0,False,1788804308.8389964,
unbound,unsigned,test.test-unsigned.example,cold,2246816,0,False,1788804308.8413053,
unbound,unsigned,test.test-unsigned.example,cold,751347,0,False,1788804308.8421419,
unbound,unsigned,test.test-unsigned.example,cold,947130,0,False,1788804308.843276,
unbound,unsigned,test.test-unsigned.example,cold,988560,0,False,1788804308.844379,
unbound,unsigned,test.test-unsigned.example,cold,603315,0,False,1788804308.8450584,
unbound,unsigned,test.test-unsigned.example,cold,682385,0,False,1788804308.8458822,
unbound,unsigned,test.test-unsigned.example,cold,677946,0,False,1788804308.8466613,
unbound,unsigned,test.test-unsigned.example,cold,597810,0,False,1788804308.8473103,
unbound,unsigned,test.test-unsigned.example,cold,558551,0,False,1788804308.8479092,
unbound,unsigned,test.test-unsigned.example,cold,733541,0,False,1788804308.848699,
unbound,unsigned,test.test-unsigned.example,cold,650375,0,False,1788804308.8494742,
unbound,unsigned,test.test-unsigned.example,cold,558913,0,False,1788804308.850085,
unbound,unsigned,test.test-unsigned.example,cold,617269,0,False,1788804308.8507538,
unbound,unsigned,test.test-unsigned.example,cold,534821,0,False,1788804308.8513336,
unbound,unsigned,test.test-unsigned.example,cold,941493,0,False,1788804308.852327,
unbound,unsigned,test.test-unsigned.example,cold,586533,0,False,1788804308.8529675,
unbound,unsigned,test.test-unsigned.example,cold,674626,0,False,1788804308.8536963,
unbound,unsigned,test.test-unsigned.example,cold,623266,0,False,1788804308.854362,
unbound,unsigned,test.test-unsigned.example,cold,546035,0,False,1788804308.8549478,
unbound,unsigned,test.test-unsigned.example,cold,569365,0,False,1788804308.8555577,
unbound,unsigned,test.test-unsigned.example,cold,513185,0,False,1788804308.8561096,
unbound,unsigned,test.test-unsigned.example,cold,524848,0,False,1788804308.8566742,
unbound,unsigned,test.test-unsigned.example,cold,571667,0,False,1788804308.8572872,
unbound,unsigned,test.test-unsigned.example,cold,546792,0,False,1788804308.8578732,
unbound,unsigned,test.test-unsigned.example,cold,611499,0,False,1788804308.858524,
unbound,unsigned,test.test-unsigned.example,cold,723833,0,False,1788804308.8592947,
unbound,unsigned,test.test-unsigned.example,cold,534836,0,False,1788804308.859871,
unbound,unsigned,test.test-unsigned.example,cold,581076,0,False,1788804308.8604903,
unbound,unsigned,test.test-unsigned.example,cold,561654,0,False,1788804308.8611038,
unbound,unsigned,test.test-unsigned.example,cold,516599,0,False,1788804308.8616633,
unbound,unsigned,test.test-unsigned.example,cold,579648,0,False,1788804308.8622966,
unbound,unsigned,test.test-unsigned.example,cold,571134,0,False,1788804308.862923,
unbound,unsigned,test.test-unsigned.example,cold,611553,0,False,1788804308.8635867,
unbound,unsigned,test.test-unsigned.example,cold,712090,0,False,1788804308.8643508,
unbound,unsigned,test.test-unsigned.example,cold,820420,0,False,1788804308.8652291,
unbound,unsigned,test.test-unsigned.example,cold,740247,0,False,1788804308.8660343,
unbound,unsigned,test.test-unsigned.example,cold,893316,0,False,1788804308.8669887,
unbound,unsigned,test.test-unsigned.example,cold,731911,0,False,1788804308.867843,
unbound,unsigned,test.test-unsigned.example,cold,611331,0,False,1788804308.868515,
unbound,unsigned,test.test-unsigned.example,cold,625223,0,False,1788804308.8692675,
unbound,unsigned,test.test-unsigned.example,cold,783097,0,False,1788804308.870098,
unbound,unsigned,test.test-unsigned.example,cold,794503,0,False,1788804308.8709445,
unbound,unsigned,test.test-unsigned.example,cold,897103,0,False,1788804308.8719037,
unbound,unsigned,test.test-unsigned.example,cold,715578,0,False,1788804308.8726776,
unbound,unsigned,test.test-unsigned.example,cold,580812,0,False,1788804308.8733025,
unbound,unsigned,test.test-unsigned.example,cold,568963,0,False,1788804308.8739114,
unbound,unsigned,test.test-unsigned.example,cold,626929,0,False,1788804308.87459,
unbound,unsigned,test.test-unsigned.example,cold,609987,0,False,1788804308.8752482,
unbound,unsigned,test.test-unsigned.example,cold,618240,0,False,1788804308.875918,
unbound,unsigned,test.test-unsigned.example,cold,549498,0,False,1788804308.8765175,
unbound,unsigned,test.test-unsigned.example,cold,544622,0,False,1788804308.8771102,
unbound,unsigned,test.test-unsigned.example,cold,582647,0,False,1788804308.8777428,
unbound,unsigned,test.test-unsigned.example,cold,596654,0,False,1788804308.8783767,
unbound,unsigned,test.test-unsigned.example,cold,552205,0,False,1788804308.8789709,
unbound,unsigned,test.test-unsigned.example,cold,580774,0,False,1788804308.8795893,
unbound,unsigned,test.test-unsigned.example,cold,550092,0,False,1788804308.8801866,
unbound,unsigned,test.test-unsigned.example,cold,528803,0,False,1788804308.8807588,
unbound,unsigned,test.test-unsigned.example,cold,572788,0,False,1788804308.8813684,
unbound,unsigned,test.test-unsigned.example,cold,565345,0,False,1788804308.881984,
unbound,unsigned,test.test-unsigned.example,cold,585040,0,False,1788804308.8826108,
unbound,unsigned,test.test-unsigned.example,cold,619838,0,False,1788804308.8832827,
unbound,unsigned,test.test-unsigned.example,cold,766792,0,False,1788804308.8841028,
unbound,unsigned,test.test-unsigned.example,cold,649438,0,False,1788804308.884811,
unbound,unsigned,test.test-unsigned.example,cold,585317,0,False,1788804308.8854456,
unbound,unsigned,test.test-unsigned.example,cold,684250,0,False,1788804308.8861732,
unbound,unsigned,test.test-unsigned.example,cold,680829,0,False,1788804308.8869135,
unbound,unsigned,test.test-unsigned.example,cold,576118,0,False,1788804308.8875399,
unbound,unsigned,test.test-unsigned.example,cold,564176,0,False,1788804308.888155,
unbound,unsigned,test.test-unsigned.example,cold,532699,0,False,1788804308.8887403,
unbound,unsigned,test.test-unsigned.example,cold,548241,0,False,1788804308.8893375,
unbound,unsigned,test.test-unsigned.example,cold,529327,0,False,1788804308.8899133,
unbound,unsigned,test.test-unsigned.example,cold,571103,0,False,1788804308.890524,
unbound,unsigned,test.test-unsigned.example,cold,638748,0,False,1788804308.8912163,
unbound,unsigned,test.test-unsigned.example,cold,566890,0,False,1788804308.8918328,
unbound,unsigned,test.test-unsigned.example,cold,622914,0,False,1788804308.8925712,
unbound,unsigned,test.test-unsigned.example,cold,545770,0,False,1788804308.8931565,
unbound,unsigned,test.test-unsigned.example,cold,662099,0,False,1788804308.8938658,
unbound,unsigned,test.test-unsigned.example,cold,657409,0,False,1788804308.8945756,
unbound,unsigned,test.test-unsigned.example,cold,586369,0,False,1788804308.8952305,
unbound,unsigned,test.test-unsigned.example,cold,826361,0,False,1788804308.896305,
unbound,unsigned,test.test-unsigned.example,cold,711468,0,False,1788804308.89707,
unbound,unsigned,test.test-unsigned.example,cold,905530,0,False,1788804308.8981047,
unbound,unsigned,test.test-unsigned.example,cold,643097,0,False,1788804308.8988004,
unbound,unsigned,test.test-unsigned.example,cold,702771,0,False,1788804308.8995605,
unbound,unsigned,test.test-unsigned.example,cold,511008,0,False,1788804308.9001257,
unbound,unsigned,test.test-unsigned.example,cold,616385,0,False,1788804308.9007936,
unbound,unsigned,test.test-unsigned.example,cold,511692,0,False,1788804308.9013622,
unbound,unsigned,test.test-unsigned.example,cold,509174,0,False,1788804308.9019227,
unbound,unsigned,test.test-unsigned.example,cold,593349,0,False,1788804308.9025667,
unbound,unsigned,test.test-unsigned.example,cold,646172,0,False,1788804308.9032543,
unbound,unsigned,test.test-unsigned.example,cold,590244,0,False,1788804308.903968,
unbound,unsigned,test.test-unsigned.example,cold,593556,0,False,1788804308.9046018,
unbound,unsigned,test.test-unsigned.example,cold,621498,0,False,1788804308.9052632,
unbound,unsigned,test.test-unsigned.example,cold,557717,0,False,1788804308.9058647,
unbound,unsigned,test.test-unsigned.example,cold,644562,0,False,1788804308.906562,
unbound,unsigned,test.test-unsigned.example,cold,690416,0,False,1788804308.9073071,
unbound,unsigned,test.test-unsigned.example,cold,1125493,0,False,1788804308.9084888,
unbound,unsigned,test.test-unsigned.example,cold,622613,0,False,1788804308.9091756,
unbound,unsigned,test.test-unsigned.example,cold,571139,0,False,1788804308.9097917,
unbound,unsigned,test.test-unsigned.example,cold,749944,0,False,1788804308.9105961,
unbound,unsigned,test.test-unsigned.example,cold,1239274,0,False,1788804308.9119017,
unbound,unsigned,test.test-unsigned.example,cold,774533,0,False,1788804308.9127338,
unbound,unsigned,test.test-unsigned.example,cold,660730,0,False,1788804308.9134529,
unbound,unsigned,test.test-unsigned.example,cold,641078,0,False,1788804308.9141378,
unbound,unsigned,test.test-unsigned.example,cold,617780,0,False,1788804308.9148011,
unbound,unsigned,test.test-unsigned.example,cold,557946,0,False,1788804308.9154117,
unbound,unsigned,test.test-unsigned.example,cold,763251,0,False,1788804308.9162266,
unbound,unsigned,test.test-unsigned.example,cold,619146,0,False,1788804308.9168859,
unbound,unsigned,test.test-unsigned.example,cold,489455,0,False,1788804308.917419,
unbound,unsigned,test.test-unsigned.example,cold,505120,0,False,1788804308.9179657,
unbound,unsigned,test.test-unsigned.example,cold,578034,0,False,1788804308.918584,
unbound,unsigned,test.test-unsigned.example,cold,629229,0,False,1788804308.9192626,
unbound,unsigned,test.test-unsigned.example,cold,656274,0,False,1788804308.919974,
unbound,unsigned,test.test-unsigned.example,cold,665970,0,False,1788804308.9206967,
unbound,unsigned,test.test-unsigned.example,cold,593490,0,False,1788804308.9213445,
unbound,unsigned,test.test-unsigned.example,cold,709595,0,False,1788804308.9221044,
unbound,unsigned,test.test-unsigned.example,cold,683220,0,False,1788804308.9228444,
unbound,unsigned,test.test-unsigned.example,cold,611870,0,False,1788804308.9235015,
unbound,unsigned,test.test-unsigned.example,cold,575476,0,False,1788804308.9241207,
unbound,unsigned,test.test-unsigned.example,cold,669534,0,False,1788804308.9248362,
unbound,unsigned,test.test-unsigned.example,cold,551931,0,False,1788804308.925435,
unbound,unsigned,test.test-unsigned.example,cold,706257,0,False,1788804308.9261847,
unbound,unsigned,test.test-unsigned.example,cold,677666,0,False,1788804308.9269125,
unbound,unsigned,test.test-unsigned.example,cold,595538,0,False,1788804308.9275575,
unbound,unsigned,test.test-unsigned.example,cold,621727,0,False,1788804308.9282382,
unbound,unsigned,test.test-unsigned.example,cold,599135,0,False,1788804308.9288793,
unbound,unsigned,test.test-unsigned.example,cold,599348,0,False,1788804308.9295368,
unbound,unsigned,test.test-unsigned.example,cold,601524,0,False,1788804308.9301882,
unbound,unsigned,test.test-unsigned.example,cold,579718,0,False,1788804308.930816,
unbound,unsigned,test.test-unsigned.example,cold,616664,0,False,1788804308.9314892,
unbound,unsigned,test.test-unsigned.example,cold,578869,0,False,1788804308.9321218,
unbound,unsigned,test.test-unsigned.example,cold,546705,0,False,1788804308.9327135,
unbound,unsigned,test.test-unsigned.example,cold,768002,0,False,1788804308.9335217,
unbound,unsigned,test.test-unsigned.example,cold,646924,0,False,1788804308.9342754,
unbound,unsigned,test.test-unsigned.example,cold,585925,0,False,1788804308.9349093,
unbound,unsigned,test.test-unsigned.example,cold,489202,0,False,1788804308.9354384,
unbound,unsigned,test.test-unsigned.example,cold,578282,0,False,1788804308.9360657,
unbound,unsigned,test.test-unsigned.example,cold,598881,0,False,1788804308.9367023,
unbound,unsigned,test.test-unsigned.example,cold,586189,0,False,1788804308.9373376,
unbound,unsigned,test.test-unsigned.example,cold,681671,0,False,1788804308.9380717,
unbound,unsigned,test.test-unsigned.example,cold,591052,0,False,1788804308.9387057,
unbound,unsigned,test.test-unsigned.example,cold,635810,0,False,1788804308.9393935,
unbound,unsigned,test.test-unsigned.example,cold,591160,0,False,1788804308.9400342,
unbound,unsigned,test.test-unsigned.example,cold,672843,0,False,1788804308.9407582,
unbound,unsigned,test.test-unsigned.example,cold,526105,0,False,1788804308.9413333,
unbound,unsigned,test.test-unsigned.example,cold,535049,0,False,1788804308.9419208,
unbound,unsigned,test.test-unsigned.example,cold,953016,0,False,1788804308.9429438,
unbound,unsigned,test.test-unsigned.example,cold,871788,0,False,1788804308.9438958,
unbound,unsigned,test.test-unsigned.example,cold,677768,0,False,1788804308.9446425,
unbound,unsigned,test.test-unsigned.example,cold,628959,0,False,1788804308.9453259,
unbound,unsigned,test.test-unsigned.example,cold,580589,0,False,1788804308.9459639,
unbound,unsigned,test.test-unsigned.example,cold,677352,0,False,1788804308.9466968,
unbound,unsigned,test.test-unsigned.example,cold,609441,0,False,1788804308.9473472,
unbound,unsigned,test.test-unsigned.example,cold,686097,0,False,1788804308.948085,
unbound,unsigned,test.test-unsigned.example,cold,903271,0,False,1788804308.9490519,
unbound,unsigned,test.test-unsigned.example,cold,789954,0,False,1788804308.9499092,
unbound,unsigned,test.test-unsigned.example,cold,638463,0,False,1788804308.950606,
unbound,unsigned,test.test-unsigned.example,cold,656494,0,False,1788804308.9513564,
unbound,unsigned,test.test-unsigned.example,cold,674099,0,False,1788804308.952079,
unbound,unsigned,test.test-unsigned.example,cold,562584,0,False,1788804308.952693,
unbound,unsigned,test.test-unsigned.example,cold,615635,0,False,1788804308.9533913,
unbound,unsigned,test.test-unsigned.example,cold,651501,0,False,1788804308.9540935,
unbound,unsigned,test.test-unsigned.example,cold,534601,0,False,1788804308.9546824,
unbound,unsigned,test.test-unsigned.example,cold,659610,0,False,1788804308.9553947,
unbound,unsigned,test.test-unsigned.example,cold,582729,0,False,1788804308.9560232,
unbound,unsigned,test.test-unsigned.example,cold,574276,0,False,1788804308.9566462,
unbound,unsigned,test.test-unsigned.example,cold,556909,0,False,1788804308.957245,
unbound,unsigned,test.test-unsigned.example,cold,675613,0,False,1788804308.9579613,
unbound,unsigned,test.test-unsigned.example,cold,621571,0,False,1788804308.9587739,
unbound,unsigned,test.test-unsigned.example,cold,658521,0,False,1788804308.9594858,
unbound,unsigned,test.test-unsigned.example,cold,594488,0,False,1788804308.9601378,
unbound,unsigned,test.test-unsigned.example,cold,511537,0,False,1788804308.9606946,
unbound,unsigned,test.test-unsigned.example,cold,575617,0,False,1788804308.9613094,
unbound,unsigned,test.test-unsigned.example,cold,496396,0,False,1788804308.9618459,
unbound,unsigned,test.test-unsigned.example,cold,537774,0,False,1788804308.9624226,
unbound,unsigned,test.test-unsigned.example,cold,561592,0,False,1788804308.963024,
unbound,unsigned,test.test-unsigned.example,cold,606849,0,False,1788804308.9636714,
unbound,unsigned,test.test-unsigned.example,cold,623077,0,False,1788804308.9643497,
unbound,unsigned,test.test-unsigned.example,cold,619421,0,False,1788804308.9650233,
unbound,unsigned,test.test-unsigned.example,cold,714352,0,False,1788804308.965797,
unbound,unsigned,test.test-unsigned.example,cold,633617,0,False,1788804308.966492,
unbound,unsigned,test.test-unsigned.example,cold,684004,0,False,1788804308.9672275,
unbound,unsigned,test.test-unsigned.example,cold,644230,0,False,1788804308.967941,
unbound,unsigned,test.test-unsigned.example,cold,707850,0,False,1788804308.9687016,
unbound,unsigned,test.test-unsigned.example,cold,595522,0,False,1788804308.9693503,
unbound,unsigned,test.test-unsigned.example,cold,592931,0,False,1788804308.969995,
unbound,unsigned,test.test-unsigned.example,cold,572383,0,False,1788804308.9706068,
unbound,unsigned,test.test-unsigned.example,cold,601298,0,False,1788804308.971251,
unbound,unsigned,test.test-unsigned.example,cold,761309,0,False,1788804308.9720526,
unbound,unsigned,test.test-unsigned.example,cold,691118,0,False,1788804308.9727902,
unbound,unsigned,test.test-unsigned.example,cold,580960,0,False,1788804308.9734254,
unbound,unsigned,test.test-unsigned.example,cold,959749,0,False,1788804308.9744382,
unbound,unsigned,test.test-unsigned.example,cold,859659,0,False,1788804308.9753623,
unbound,unsigned,test.test-unsigned.example,cold,750899,0,False,1788804308.976169,
unbound,unsigned,test.test-unsigned.example,cold,834156,0,False,1788804308.9770672,
unbound,unsigned,test.test-unsigned.example,cold,703157,0,False,1788804308.977824,
unbound,unsigned,test.test-unsigned.example,cold,677435,0,False,1788804308.9785643,
unbound,unsigned,test.test-unsigned.example,cold,712523,0,False,1788804308.9793394,
unbound,unsigned,test.test-unsigned.example,cold,659797,0,False,1788804308.9800596,
unbound,unsigned,test.test-unsigned.example,cold,3063540,0,False,1788804308.9831905,
unbound,unsigned,test.test-unsigned.example,cold,1016584,0,False,1788804308.9842944,
unbound,unsigned,test.test-unsigned.example,cold,691207,0,False,1788804308.985042,
unbound,unsigned,test.test-unsigned.example,cold,596663,0,False,1788804308.985691,
unbound,unsigned,test.test-unsigned.example,cold,567883,0,False,1788804308.9863114,
unbound,unsigned,test.test-unsigned.example,cold,573993,0,False,1788804308.9869297,
unbound,unsigned,test.test-unsigned.example,cold,532052,0,False,1788804308.9875042,
unbound,unsigned,test.test-unsigned.example,cold,659367,0,False,1788804308.9882145,
unbound,unsigned,test.test-unsigned.example,cold,654025,0,False,1788804308.9889119,
unbound,unsigned,test.test-unsigned.example,cold,861826,0,False,1788804308.9898274,
unbound,unsigned,test.test-unsigned.example,cold,641709,0,False,1788804308.9905183,
unbound,unsigned,test.test-unsigned.example,cold,918247,0,False,1788804308.9914908,
unbound,unsigned,test.test-unsigned.example,cold,822995,0,False,1788804308.9923618,
unbound,unsigned,test.test-unsigned.example,cold,655609,0,False,1788804308.9930608,
unbound,unsigned,test.test-unsigned.example,cold,533613,0,False,1788804308.9936366,
unbound,unsigned,test.test-unsigned.example,cold,686141,0,False,1788804308.9943655,
unbound,unsigned,test.test-unsigned.example,cold,517595,0,False,1788804308.9949226,
unbound,unsigned,test.test-unsigned.example,cold,636287,0,False,1788804308.9956088,
unbound,unsigned,test.test-unsigned.example,cold,642792,0,False,1788804308.9962916,
unbound,unsigned,test.test-unsigned.example,cold,681897,0,False,1788804308.9970214,
unbound,unsigned,test.test-unsigned.example,cold,625900,0,False,1788804308.9976876,
unbound,unsigned,test.test-unsigned.example,cold,728434,0,False,1788804308.9984539,
unbound,unsigned,test.test-unsigned.example,cold,2537175,0,False,1788804309.0010407,
unbound,unsigned,test.test-unsigned.example,cold,871863,0,False,1788804309.0019832,
unbound,unsigned,test.test-unsigned.example,cold,629950,0,False,1788804309.0026708,
unbound,unsigned,test.test-unsigned.example,cold,661816,0,False,1788804309.0033896,
unbound,unsigned,test.test-unsigned.example,cold,845218,0,False,1788804309.0042763,
unbound,unsigned,test.test-unsigned.example,cold,2785283,0,False,1788804309.007149,
unbound,unsigned,test.test-unsigned.example,cold,718369,0,False,1788804309.0079386,
unbound,unsigned,test.test-unsigned.example,cold,1310541,0,False,1788804309.0092964,
unbound,unsigned,test.test-unsigned.example,cold,3083112,0,False,1788804309.0124254,
unbound,unsigned,test.test-unsigned.example,cold,3016012,0,False,1788804309.0154984,
unbound,unsigned,test.test-unsigned.example,cold,3299470,0,False,1788804309.0188687,
unbound,unsigned,test.test-unsigned.example,cold,3492173,0,False,1788804309.0224435,
unbound,unsigned,test.test-unsigned.example,cold,4343208,0,False,1788804309.0268748,
unbound,unsigned,test.test-unsigned.example,cold,3807925,0,False,1788804309.0307658,
unbound,unsigned,test.test-unsigned.example,cold,3692857,0,False,1788804309.0345516,
unbound,unsigned,test.test-unsigned.example,cold,4103776,0,False,1788804309.0387385,
unbound,unsigned,test.test-unsigned.example,cold,3286299,0,False,1788804309.0421178,
unbound,unsigned,test.test-unsigned.example,cold,4148952,0,False,1788804309.0463367,
unbound,unsigned,test.test-unsigned.example,cold,3279745,0,False,1788804309.0497088,
unbound,unsigned,test.test-unsigned.example,cold,3227102,0,False,1788804309.0529974,
unbound,unsigned,test.test-unsigned.example,cold,4315224,0,False,1788804309.0573907,
unbound,unsigned,test.test-unsigned.example,cold,3975665,0,False,1788804309.0614877,
unbound,unsigned,test.test-unsigned.example,cold,3728196,0,False,1788804309.0653057,
unbound,unsigned,test.test-unsigned.example,cold,4488436,0,False,1788804309.0698864,
unbound,unsigned,test.test-unsigned.example,cold,3375963,0,False,1788804309.073333,
unbound,unsigned,test.test-unsigned.example,cold,3677808,0,False,1788804309.077091,
unbound,unsigned,test.test-unsigned.example,cold,3582808,0,False,1788804309.0807424,
unbound,unsigned,test.test-unsigned.example,cold,3542301,0,False,1788804309.0843792,
unbound,unsigned,test.test-unsigned.example,cold,4149633,0,False,1788804309.0886023,
unbound,unsigned,test.test-unsigned.example,cold,3925412,0,False,1788804309.0925992,
unbound,unsigned,test.test-unsigned.example,cold,3623558,0,False,1788804309.0963092,
unbound,unsigned,test.test-unsigned.example,cold,3359029,0,False,1788804309.099741,
unbound,unsigned,test.test-unsigned.example,cold,3250913,0,False,1788804309.1030517,
unbound,unsigned,test.test-unsigned.example,cold,2966551,0,False,1788804309.1061149,
unbound,unsigned,test.test-unsigned.example,cold,3297554,0,False,1788804309.1094813,
unbound,unsigned,test.test-unsigned.example,cold,3759244,0,False,1788804309.1133296,
unbound,unsigned,test.test-unsigned.example,cold,3130165,0,False,1788804309.1165447,
unbound,unsigned,test.test-unsigned.example,cold,3192646,0,False,1788804309.1197937,
unbound,unsigned,test.test-unsigned.example,cold,3426760,0,False,1788804309.123276,
unbound,unsigned,test.test-unsigned.example,cold,4535093,0,False,1788804309.127892,
unbound,unsigned,test.test-unsigned.example,cold,3234370,0,False,1788804309.1311975,
unbound,unsigned,test.test-unsigned.example,cold,3045518,0,False,1788804309.1343188,
unbound,unsigned,test.test-unsigned.example,cold,4932872,0,False,1788804309.139323,
unbound,unsigned,test.test-unsigned.example,cold,4224434,0,False,1788804309.1436367,
unbound,unsigned,test.test-unsigned.example,cold,3585170,0,False,1788804309.1472812,
unbound,unsigned,test.test-unsigned.example,cold,3063378,0,False,1788804309.1504169,
unbound,unsigned,test.test-unsigned.example,cold,3070545,0,False,1788804309.1535413,
unbound,unsigned,test.test-unsigned.example,cold,3313841,0,False,1788804309.156922,
unbound,unsigned,test.test-unsigned.example,cold,4167356,0,False,1788804309.1611683,
unbound,unsigned,test.test-unsigned.example,cold,4006669,0,False,1788804309.1652696,
unbound,unsigned,test.test-unsigned.example,cold,3050381,0,False,1788804309.1683867,
unbound,unsigned,test.test-unsigned.example,cold,3203781,0,False,1788804309.1716628,
unbound,unsigned,test.test-unsigned.example,cold,3164855,0,False,1788804309.1748974,
unbound,unsigned,test.test-unsigned.example,cold,3869403,0,False,1788804309.1788461,
unbound,unsigned,test.test-unsigned.example,cold,3355516,0,False,1788804309.1822667,
unbound,unsigned,test.test-unsigned.example,cold,3336688,0,False,1788804309.1856742,
unbound,unsigned,test.test-unsigned.example,cold,3083849,0,False,1788804309.1888244,
unbound,unsigned,test.test-unsigned.example,cold,3114726,0,False,1788804309.1920161,
unbound,unsigned,test.test-unsigned.example,cold,3722061,0,False,1788804309.1958108,
unbound,unsigned,test.test-unsigned.example,cold,3338967,0,False,1788804309.199235,
unbound,unsigned,test.test-unsigned.example,cold,2987658,0,False,1788804309.2022853,
unbound,unsigned,test.test-unsigned.example,cold,3361508,0,False,1788804309.205712,
unbound,unsigned,test.test-unsigned.example,cold,3414645,0,False,1788804309.2091866,
unbound,unsigned,test.test-unsigned.example,cold,3126627,0,False,1788804309.2123842,
unbound,unsigned,test.test-unsigned.example,cold,3047806,0,False,1788804309.2155056,
unbound,unsigned,test.test-unsigned.example,cold,4709299,0,False,1788804309.2202814,
unbound,unsigned,test.test-unsigned.example,cold,4017660,0,False,1788804309.2243571,
unbound,unsigned,test.test-unsigned.example,cold,3581664,0,False,1788804309.2280166,
unbound,unsigned,test.test-unsigned.example,cold,3003061,0,False,1788804309.2310848,
unbound,unsigned,test.test-unsigned.example,cold,3048717,0,False,1788804309.2342296,
unbound,unsigned,test.test-unsigned.example,cold,3226066,0,False,1788804309.2375138,
unbound,unsigned,test.test-unsigned.example,cold,3225954,0,False,1788804309.2407978,
unbound,unsigned,test.test-unsigned.example,cold,3542970,0,False,1788804309.2444165,
unbound,unsigned,test.test-unsigned.example,cold,2969241,0,False,1788804309.2474597,
unbound,unsigned,test.test-unsigned.example,cold,2934155,0,False,1788804309.2504625,
unbound,unsigned,test.test-unsigned.example,cold,3024622,0,False,1788804309.25354,
unbound,unsigned,test.test-unsigned.example,cold,3321957,0,False,1788804309.2569208,
unbound,unsigned,test.test-unsigned.example,cold,4376538,0,False,1788804309.261379,
unbound,unsigned,test.test-unsigned.example,cold,3089702,0,False,1788804309.264545,
unbound,unsigned,test.test-unsigned.example,cold,3301423,0,False,1788804309.2679107,
unbound,unsigned,test.test-unsigned.example,cold,4924557,0,False,1788804309.2729278,
unbound,unsigned,test.test-unsigned.example,cold,3271367,0,False,1788804309.276275,
unbound,unsigned,test.test-unsigned.example,cold,3238398,0,False,1788804309.2795832,
unbound,unsigned,test.test-unsigned.example,cold,3254180,0,False,1788804309.2829115,
unbound,unsigned,test.test-unsigned.example,cold,4885527,0,False,1788804309.2878594,
unbound,unsigned,test.test-unsigned.example,cold,3351533,0,False,1788804309.2912781,
unbound,unsigned,test.test-unsigned.example,cold,3191683,0,False,1788804309.2945457,
unbound,unsigned,test.test-unsigned.example,cold,5162020,0,False,1788804309.299783,
unbound,unsigned,test.test-unsigned.example,cold,5968750,0,False,1788804309.3058753,
unbound,unsigned,test.test-unsigned.example,cold,3862793,0,False,1788804309.3098567,
unbound,unsigned,test.test-unsigned.example,cold,3645277,0,False,1788804309.3135598,
unbound,unsigned,test.test-unsigned.example,cold,3925474,0,False,1788804309.3175936,
unbound,unsigned,test.test-unsigned.example,cold,5057621,0,False,1788804309.3227348,
unbound,unsigned,test.test-unsigned.example,cold,4642441,0,False,1788804309.3275328,
unbound,unsigned,test.test-unsigned.example,cold,4039328,0,False,1788804309.3316512,
unbound,unsigned,test.test-unsigned.example,cold,4823159,0,False,1788804309.3365586,
unbound,unsigned,test.test-unsigned.example,cold,4242379,0,False,1788804309.340892,
unbound,unsigned,test.test-unsigned.example,cold,3750993,0,False,1788804309.3448234,
unbound,unsigned,test.test-unsigned.example,cold,4033422,0,False,1788804309.3489456,
unbound,unsigned,test.test-unsigned.example,cold,4215375,0,False,1788804309.3532395,
unbound,unsigned,test.test-unsigned.example,cold,4496500,0,False,1788804309.3578925,
unbound,unsigned,test.test-unsigned.example,cold,5112248,0,False,1788804309.3630967,
unbound,unsigned,test.test-unsigned.example,cold,7889971,0,False,1788804309.371131,
unbound,unsigned,test.test-unsigned.example,cold,7503929,0,False,1788804309.3787615,
unbound,unsigned,test.test-unsigned.example,cold,9719955,0,False,1788804309.3885884,
unbound,unsigned,test.test-unsigned.example,cold,5393217,0,False,1788804309.3940692,
unbound,unsigned,test.test-unsigned.example,cold,4031430,0,False,1788804309.3981855,
unbound,unsigned,test.test-unsigned.example,cold,3855357,0,False,1788804309.4021282,
unbound,unsigned,test.test-unsigned.example,cold,4465044,0,False,1788804309.4066823,
unbound,unsigned,test.test-unsigned.example,cold,3785397,0,False,1788804309.410552,
unbound,unsigned,test.test-unsigned.example,cold,4006420,0,False,1788804309.4146407,
unbound,unsigned,test.test-unsigned.example,cold,4231268,0,False,1788804309.4189389,
unbound,unsigned,test.test-unsigned.example,cold,3609610,0,False,1788804309.4226515,
unbound,unsigned,test.test-unsigned.example,cold,4277707,0,False,1788804309.4270205,
unbound,unsigned,test.test-unsigned.example,cold,3704845,0,False,1788804309.4307835,
unbound,unsigned,test.test-unsigned.example,cold,3845484,0,False,1788804309.434704,
unbound,unsigned,test.test-unsigned.example,cold,4123254,0,False,1788804309.438927,
unbound,unsigned,test.test-unsigned.example,cold,4299396,0,False,1788804309.443323,
unbound,unsigned,test.test-unsigned.example,cold,5911794,0,False,1788804309.4493275,
unbound,unsigned,test.test-unsigned.example,cold,3557506,0,False,1788804309.452973,
unbound,unsigned,test.test-unsigned.example,cold,3815452,0,False,1788804309.4568558,
unbound,unsigned,test.test-unsigned.example,cold,3899730,0,False,1788804309.4608555,
unbound,unsigned,test.test-unsigned.example,cold,5729874,0,False,1788804309.4666855,
unbound,unsigned,test.test-unsigned.example,cold,3978998,0,False,1788804309.4707534,
unbound,unsigned,test.test-unsigned.example,cold,3865784,0,False,1788804309.4746878,
unbound,unsigned,test.test-unsigned.example,cold,4832011,0,False,1788804309.4796102,
unbound,unsigned,test.test-unsigned.example,cold,4670338,0,False,1788804309.4843736,
unbound,unsigned,test.test-unsigned.example,cold,4753918,0,False,1788804309.4893234,
unbound,unsigned,test.test-unsigned.example,cold,5309532,0,False,1788804309.4949098,
unbound,unsigned,test.test-unsigned.example,cold,4197563,0,False,1788804309.4992025,
unbound,unsigned,test.test-unsigned.example,cold,3664155,0,False,1788804309.502972,
unbound,unsigned,test.test-unsigned.example,cold,4084887,0,False,1788804309.507147,
unbound,unsigned,test.test-unsigned.example,cold,4323365,0,False,1788804309.5115807,
unbound,unsigned,test.test-unsigned.example,cold,3899073,0,False,1788804309.515575,
unbound,unsigned,test.test-unsigned.example,cold,4071013,0,False,1788804309.5197399,
unbound,unsigned,test.test-unsigned.example,cold,4511331,0,False,1788804309.5243244,
unbound,unsigned,test.test-unsigned.example,cold,4629525,0,False,1788804309.5291336,
unbound,unsigned,test.test-unsigned.example,cold,5396650,0,False,1788804309.5349686,
unbound,unsigned,test.test-unsigned.example,cold,14445720,0,False,1788804309.5495057,
unbound,unsigned,test.test-unsigned.example,cold,6643473,0,False,1788804309.5563068,
unbound,unsigned,test.test-unsigned.example,cold,6202209,0,False,1788804309.5626173,
unbound,unsigned,test.test-unsigned.example,cold,7541739,0,False,1788804309.570267,
unbound,unsigned,test.test-unsigned.example,cold,6385328,0,False,1788804309.5767472,
unbound,unsigned,test.test-unsigned.example,cold,6853229,0,False,1788804309.583815,
unbound,unsigned,test.test-unsigned.example,cold,5354068,0,False,1788804309.589259,
unbound,unsigned,test.test-unsigned.example,cold,4513996,0,False,1788804309.5938568,
unbound,unsigned,test.test-unsigned.example,cold,3561671,0,False,1788804309.5974963,
unbound,unsigned,test.test-unsigned.example,cold,4811194,0,False,1788804309.60239,
unbound,unsigned,test.test-unsigned.example,cold,4606053,0,False,1788804309.6071014,
unbound,unsigned,test.test-unsigned.example,cold,5996450,0,False,1788804309.6132307,
unbound,unsigned,test.test-unsigned.example,cold,5425740,0,False,1788804309.6189687,
unbound,unsigned,test.test-unsigned.example,cold,7638506,0,False,1788804309.6268857,
unbound,unsigned,test.test-unsigned.example,cold,5911546,0,False,1788804309.6330135,
unbound,unsigned,test.test-unsigned.example,cold,3961461,0,False,1788804309.6371377,
unbound,unsigned,test.test-unsigned.example,cold,5502246,0,False,1788804309.642727,
unbound,unsigned,test.test-unsigned.example,cold,5607799,0,False,1788804309.6484306,
unbound,unsigned,test.test-unsigned.example,cold,3919035,0,False,1788804309.6524286,
unbound,unsigned,test.test-unsigned.example,cold,3930596,0,False,1788804309.6564388,
unbound,unsigned,test.test-unsigned.example,cold,4518649,0,False,1788804309.6610227,
unbound,unsigned,test.test-unsigned.example,cold,4477859,0,False,1788804309.6655867,
unbound,unsigned,test.test-unsigned.example,cold,5037855,0,False,1788804309.6708598,
unbound,unsigned,test.test-unsigned.example,cold,3968504,0,False,1788804309.6749249,
unbound,unsigned,test.test-unsigned.example,cold,4330215,0,False,1788804309.6793563,
unbound,unsigned,test.test-unsigned.example,cold,5044525,0,False,1788804309.6844945,
unbound,unsigned,test.test-unsigned.example,cold,4592687,0,False,1788804309.6891625,
unbound,unsigned,test.test-unsigned.example,cold,5259057,0,False,1788804309.6945078,
unbound,unsigned,test.test-unsigned.example,cold,4269176,0,False,1788804309.6988726,
unbound,unsigned,test.test-unsigned.example,cold,7475108,0,False,1788804309.7064335,
unbound,unsigned,test.test-unsigned.example,cold,5101446,0,False,1788804309.711633,
unbound,unsigned,test.test-unsigned.example,cold,8309633,0,False,1788804309.7200325,
unbound,unsigned,test.test-unsigned.example,cold,3434689,0,False,1788804309.7235513,
unbound,unsigned,test.test-unsigned.example,cold,4380438,0,False,1788804309.7280033,
unbound,unsigned,test.test-unsigned.example,cold,3134496,0,False,1788804309.7312129,
unbound,unsigned,test.test-unsigned.example,cold,3874557,0,False,1788804309.735189,
unbound,unsigned,test.test-unsigned.example,cold,3659119,0,False,1788804309.739048,
unbound,unsigned,test.test-unsigned.example,cold,3527796,0,False,1788804309.742641,
unbound,unsigned,test.test-unsigned.example,cold,3205888,0,False,1788804309.7459106,
unbound,unsigned,test.test-unsigned.example,cold,3269024,0,False,1788804309.7492454,
unbound,unsigned,test.test-unsigned.example,cold,3236344,0,False,1788804309.752556,
unbound,unsigned,test.test-unsigned.example,cold,3200484,0,False,1788804309.75583,
unbound,unsigned,test.test-unsigned.example,cold,3273255,0,False,1788804309.7591717,
unbound,unsigned,test.test-unsigned.example,cold,3079382,0,False,1788804309.762328,
unbound,unsigned,test.test-unsigned.example,cold,3144855,0,False,1788804309.7655349,
unbound,unsigned,test.test-unsigned.example,cold,3942957,0,False,1788804309.7695625,
unbound,unsigned,test.test-unsigned.example,cold,5523477,0,False,1788804309.7751753,
unbound,unsigned,test.test-unsigned.example,cold,7351210,0,False,1788804309.7826333,
unbound,unsigned,test.test-unsigned.example,cold,5219832,0,False,1788804309.7879689,
unbound,unsigned,test.test-unsigned.example,cold,3832385,0,False,1788804309.7918763,
unbound,unsigned,test.test-unsigned.example,cold,3251362,0,False,1788804309.7951922,
unbound,unsigned,test.test-unsigned.example,cold,2978019,0,False,1788804309.7982354,
unbound,unsigned,test.test-unsigned.example,cold,3173089,0,False,1788804309.8014708,
unbound,unsigned,test.test-unsigned.example,cold,3550026,0,False,1788804309.805092,
unbound,unsigned,test.test-unsigned.example,cold,3210492,0,False,1788804309.8083596,
unbound,unsigned,test.test-unsigned.example,cold,3292335,0,False,1788804309.811707,
unbound,unsigned,test.test-unsigned.example,cold,2963834,0,False,1788804309.8147354,
unbound,unsigned,test.test-unsigned.example,cold,3186924,0,False,1788804309.8179834,
unbound,unsigned,test.test-unsigned.example,cold,3425240,0,False,1788804309.8214808,
unbound,unsigned,test.test-unsigned.example,cold,3168160,0,False,1788804309.8247209,
unbound,unsigned,test.test-unsigned.example,cold,3190079,0,False,1788804309.8279734,
unbound,unsigned,test.test-unsigned.example,cold,5222366,0,False,1788804309.8332758,
unbound,unsigned,test.test-unsigned.example,cold,4705885,0,False,1788804309.838083,
unbound,unsigned,test.test-unsigned.example,cold,4488828,0,False,1788804309.8426585,
unbound,unsigned,test.test-unsigned.example,cold,3347764,0,False,1788804309.8460808,
unbound,unsigned,test.test-unsigned.example,cold,3308885,0,False,1788804309.849468,
unbound,unsigned,test.test-unsigned.example,cold,3223024,0,False,1788804309.8527641,
unbound,unsigned,test.test-unsigned.example,cold,3438733,0,False,1788804309.8562741,
unbound,unsigned,test.test-unsigned.example,cold,4135258,0,False,1788804309.8604834,
unbound,unsigned,test.test-unsigned.example,cold,4116066,0,False,1788804309.864749,
unbound,unsigned,test.test-unsigned.example,cold,3370891,0,False,1788804309.8682168,
unbound,unsigned,test.test-unsigned.example,cold,3201459,0,False,1788804309.8714795,
unbound,unsigned,test.test-unsigned.example,cold,3358318,0,False,1788804309.874901,
unbound,unsigned,test.test-unsigned.example,cold,3216654,0,False,1788804309.8781927,
unbound,unsigned,test.test-unsigned.example,cold,3633287,0,False,1788804309.8818944,
unbound,unsigned,test.test-unsigned.example,cold,3848939,0,False,1788804309.885824,
unbound,unsigned,test.test-unsigned.example,cold,3501803,0,False,1788804309.889383,
unbound,unsigned,test.test-unsigned.example,cold,3913070,0,False,1788804309.8933692,
unbound,unsigned,test.test-unsigned.example,cold,3710850,0,False,1788804309.8971763,
unbound,unsigned,test.test-unsigned.example,cold,3529237,0,False,1788804309.9008327,
unbound,unsigned,test.test-unsigned.example,cold,3086263,0,False,1788804309.9039967,
unbound,unsigned,test.test-unsigned.example,cold,3186028,0,False,1788804309.9072576,
unbound,unsigned,test.test-unsigned.example,cold,3620766,0,False,1788804309.9109588,
unbound,unsigned,test.test-unsigned.example,cold,4054221,0,False,1788804309.9150858,
unbound,unsigned,test.test-unsigned.example,cold,3609826,0,False,1788804309.9188046,
unbound,unsigned,test.test-unsigned.example,cold,4787075,0,False,1788804309.9236715,
unbound,unsigned,test.test-unsigned.example,cold,4580728,0,False,1788804309.928327,
unbound,unsigned,test.test-unsigned.example,cold,7317735,0,False,1788804309.9357374,
unbound,unsigned,test.test-unsigned.example,cold,4987058,0,False,1788804309.9407997,
unbound,unsigned,test.test-unsigned.example,cold,4250171,0,False,1788804309.945147,
unbound,unsigned,test.test-unsigned.example,cold,3604920,0,False,1788804309.9488358,
unbound,unsigned,test.test-unsigned.example,cold,3755036,0,False,1788804309.9527435,
unbound,unsigned,test.test-unsigned.example,cold,4776485,0,False,1788804309.9576108,
unbound,unsigned,test.test-unsigned.example,cold,5459909,0,False,1788804309.9631689,
unbound,unsigned,test.test-unsigned.example,cold,3220174,0,False,1788804309.9664817,
unbound,unsigned,test.test-unsigned.example,cold,3257426,0,False,1788804309.969828,
unbound,unsigned,test.test-unsigned.example,cold,3265417,0,False,1788804309.9731622,
unbound,unsigned,test.test-unsigned.example,cold,3214819,0,False,1788804309.9764543,
unbound,unsigned,test.test-unsigned.example,cold,3063329,0,False,1788804309.9795837,
unbound,unsigned,test.test-unsigned.example,cold,3211883,0,False,1788804309.9828749,
unbound,unsigned,test.test-unsigned.example,cold,3130790,0,False,1788804309.986081,
unbound,unsigned,test.test-unsigned.example,cold,3155452,0,False,1788804309.989308,
unbound,unsigned,test.test-unsigned.example,cold,3560576,0,False,1788804309.9929345,
unbound,unsigned,test.test-unsigned.example,cold,3345844,0,False,1788804309.9963567,
unbound,unsigned,test.test-unsigned.example,cold,3518888,0,False,1788804309.9999485,
unbound,unsigned,test.test-unsigned.example,cold,3368526,0,False,1788804310.003405,
unbound,unsigned,test.test-unsigned.example,cold,3232556,0,False,1788804310.0067127,
unbound,unsigned,test.test-unsigned.example,cold,4190655,0,False,1788804310.010986,
unbound,unsigned,test.test-unsigned.example,cold,3404381,0,False,1788804310.0144613,
unbound,unsigned,test.test-unsigned.example,cold,5053619,0,False,1788804310.0195916,
unbound,unsigned,test.test-unsigned.example,cold,5759440,0,False,1788804310.0254645,
unbound,unsigned,test.test-unsigned.example,cold,3606351,0,False,1788804310.0291724,
unbound,unsigned,test.test-unsigned.example,cold,4385187,0,False,1788804310.0336556,
unbound,unsigned,test.test-unsigned.example,cold,3355528,0,False,1788804310.0371149,
unbound,unsigned,test.test-unsigned.example,cold,4513620,0,False,1788804310.0417166,
unbound,unsigned,test.test-unsigned.example,cold,5080895,0,False,1788804310.0468924,
unbound,unsigned,test.test-unsigned.example,cold,5052325,0,False,1788804310.0520618,
unbound,unsigned,test.test-unsigned.example,cold,5703667,0,False,1788804310.0579014,
unbound,unsigned,test.test-unsigned.example,cold,4744255,0,False,1788804310.062753,
unbound,unsigned,test.test-unsigned.example,cold,4117075,0,False,1788804310.0669374,
unbound,unsigned,test.test-unsigned.example,cold,3381250,0,False,1788804310.070391,
unbound,unsigned,test.test-unsigned.example,cold,3140741,0,False,1788804310.073609,
unbound,unsigned,test.test-unsigned.example,cold,3276725,0,False,1788804310.0769548,
unbound,unsigned,test.test-unsigned.example,cold,3343123,0,False,1788804310.0803711,
unbound,unsigned,test.test-unsigned.example,cold,3049119,0,False,1788804310.0834851,
unbound,unsigned,test.test-unsigned.example,cold,3469472,0,False,1788804310.0870352,
unbound,unsigned,test.test-unsigned.example,cold,4337418,0,False,1788804310.091483,
unbound,unsigned,test.test-unsigned.example,cold,3920480,0,False,1788804310.0954962,
unbound,unsigned,test.test-unsigned.example,cold,3792065,0,False,1788804310.0993552,
unbound,unsigned,test.test-unsigned.example,cold,3900537,0,False,1788804310.103592,
unbound,unsigned,test.test-unsigned.example,cold,3430933,0,False,1788804310.1070979,
unbound,unsigned,test.test-unsigned.example,cold,3150641,0,False,1788804310.1103516,
unbound,unsigned,test.test-unsigned.example,cold,3152158,0,False,1788804310.113577,
unbound,unsigned,test.test-unsigned.example,cold,3185722,0,False,1788804310.1168385,
unbound,unsigned,test.test-unsigned.example,cold,3203972,0,False,1788804310.120116,
unbound,unsigned,test.test-unsigned.example,cold,3278706,0,False,1788804310.123454,
unbound,unsigned,test.test-unsigned.example,cold,3132276,0,False,1788804310.1266613,
unbound,unsigned,test.test-unsigned.example,cold,3310096,0,False,1788804310.1300507,
unbound,unsigned,test.test-unsigned.example,cold,3766764,0,False,1788804310.1338785,
unbound,unsigned,test.test-unsigned.example,cold,3040120,0,False,1788804310.1369882,
unbound,unsigned,test.test-unsigned.example,cold,3277022,0,False,1788804310.140332,
unbound,unsigned,test.test-unsigned.example,cold,3157798,0,False,1788804310.1435554,
unbound,unsigned,test.test-unsigned.example,cold,3000491,0,False,1788804310.1466148,
unbound,unsigned,test.test-unsigned.example,cold,3956788,0,False,1788804310.1506257,
unbound,unsigned,test.test-unsigned.example,cold,3027324,0,False,1788804310.153722,
unbound,unsigned,test.test-unsigned.example,cold,3149846,0,False,1788804310.1569436,
unbound,unsigned,test.test-unsigned.example,cold,3561296,0,False,1788804310.160561,
unbound,unsigned,test.test-unsigned.example,cold,3739683,0,False,1788804310.1643724,
unbound,unsigned,test.test-unsigned.example,cold,3106133,0,False,1788804310.1675582,
unbound,unsigned,test.test-unsigned.example,cold,4485519,0,False,1788804310.1721256,
unbound,unsigned,test.test-unsigned.example,cold,3920461,0,False,1788804310.1761436,
unbound,unsigned,test.test-unsigned.example,cold,3880281,0,False,1788804310.180113,
unbound,unsigned,test.test-unsigned.example,cold,3411946,0,False,1788804310.1836104,
unbound,unsigned,test.test-unsigned.example,cold,4077087,0,False,1788804310.1877685,
unbound,unsigned,test.test-unsigned.example,cold,3041102,0,False,1788804310.19088,
unbound,unsigned,test.test-unsigned.example,cold,3266430,0,False,1788804310.1942108,
unbound,unsigned,test.test-unsigned.example,cold,3211189,0,False,1788804310.1974874,
unbound,unsigned,test.test-unsigned.example,cold,3486097,0,False,1788804310.201044,
unbound,unsigned,test.test-unsigned.example,cold,4323602,0,False,1788804310.2054243,
unbound,unsigned,test.test-unsigned.example,cold,3219278,0,False,1788804310.208718,
unbound,unsigned,test.test-unsigned.example,cold,3332274,0,False,1788804310.2121155,
unbound,unsigned,test.test-unsigned.example,cold,3259622,0,False,1788804310.2154424,
unbound,unsigned,test.test-unsigned.example,cold,2990151,0,False,1788804310.2184932,
unbound,unsigned,test.test-unsigned.example,cold,3075145,0,False,1788804310.2216294,
unbound,unsigned,test.test-unsigned.example,cold,3129230,0,False,1788804310.2248228,
unbound,unsigned,test.test-unsigned.example,cold,5124629,0,False,1788804310.2300205,
unbound,unsigned,test.test-unsigned.example,cold,20712506,0,False,1788804310.2508419,
unbound,unsigned,test.test-unsigned.example,cold,7824645,0,False,1788804310.258751,
unbound,unsigned,test.test-unsigned.example,cold,6565479,0,False,1788804310.2654614,
unbound,unsigned,test.test-unsigned.example,cold,5701561,0,False,1788804310.2713146,
unbound,unsigned,test.test-unsigned.example,cold,3291830,0,False,1788804310.2754638,
unbound,unsigned,test.test-unsigned.example,cold,4868659,0,False,1788804310.2804,
unbound,unsigned,test.test-unsigned.example,cold,5006963,0,False,1788804310.2854762,
unbound,unsigned,test.test-unsigned.example,cold,4818400,0,False,1788804310.2903774,
unbound,unsigned,test.test-unsigned.example,cold,3445423,0,False,1788804310.2938993,
unbound,unsigned,test.test-unsigned.example,cold,3379191,0,False,1788804310.2973645,
unbound,unsigned,test.test-unsigned.example,cold,3147574,0,False,1788804310.3005657,
unbound,unsigned,test.test-unsigned.example,cold,3063734,0,False,1788804310.3036833,
unbound,unsigned,test.test-unsigned.example,cold,3750029,0,False,1788804310.3075025,
unbound,unsigned,test.test-unsigned.example,cold,4059561,0,False,1788804310.3116524,
unbound,unsigned,test.test-unsigned.example,cold,3113410,0,False,1788804310.3148267,
unbound,unsigned,test.test-unsigned.example,cold,3283070,0,False,1788804310.3181639,
unbound,unsigned,test.test-unsigned.example,cold,3442921,0,False,1788804310.3216646,
unbound,unsigned,test.test-unsigned.example,cold,3194156,0,False,1788804310.3249238,
unbound,unsigned,test.test-unsigned.example,cold,3346072,0,False,1788804310.3283367,
unbound,unsigned,test.test-unsigned.example,cold,3469312,0,False,1788804310.3318734,
unbound,unsigned,test.test-unsigned.example,cold,3899034,0,False,1788804310.3358996,
unbound,unsigned,test.test-unsigned.example,cold,3939238,0,False,1788804310.3399243,
unbound,unsigned,test.test-unsigned.example,cold,5382605,0,False,1788804310.3453877,
unbound,unsigned,test.test-unsigned.example,cold,3252116,0,False,1788804310.348713,
unbound,unsigned,test.test-unsigned.example,cold,3512553,0,False,1788804310.3522995,
unbound,unsigned,test.test-unsigned.example,cold,3215952,0,False,1788804310.355579,
unbound,unsigned,test.test-unsigned.example,cold,3264471,0,False,1788804310.358897,
unbound,unsigned,test.test-unsigned.example,cold,3407346,0,False,1788804310.3623676,
unbound,unsigned,test.test-unsigned.example,cold,3827077,0,False,1788804310.3662713,
unbound,unsigned,test.test-unsigned.example,cold,3313422,0,False,1788804310.3696425,
unbound,unsigned,test.test-unsigned.example,cold,3201719,0,False,1788804310.3729098,
unbound,unsigned,test.test-unsigned.example,cold,3259699,0,False,1788804310.3762324,
unbound,unsigned,test.test-unsigned.example,cold,3113181,0,False,1788804310.3794155,
unbound,unsigned,test.test-unsigned.example,cold,3216344,0,False,1788804310.3826935,
unbound,unsigned,test.test-unsigned.example,cold,3885290,0,False,1788804310.3866534,
unbound,unsigned,test.test-unsigned.example,cold,3440603,0,False,1788804310.3901553,
unbound,unsigned,test.test-unsigned.example,cold,3282397,0,False,1788804310.3935108,
unbound,unsigned,test.test-unsigned.example,cold,3123837,0,False,1788804310.3967097,
unbound,unsigned,test.test-unsigned.example,cold,3202632,0,False,1788804310.3999658,
unbound,unsigned,test.test-unsigned.example,cold,3017512,0,False,1788804310.4030435,
unbound,unsigned,test.test-unsigned.example,cold,3181205,0,False,1788804310.4062774,
unbound,unsigned,test.test-unsigned.example,cold,3093938,0,False,1788804310.4094477,
unbound,unsigned,test.test-unsigned.example,cold,3679545,0,False,1788804310.4132047,
unbound,unsigned,test.test-unsigned.example,cold,3134926,0,False,1788804310.4164634,
unbound,unsigned,test.test-unsigned.example,cold,3917605,0,False,1788804310.4204516,
unbound,unsigned,test.test-unsigned.example,cold,4605941,0,False,1788804310.425143,
unbound,unsigned,test.test-unsigned.example,cold,3527977,0,False,1788804310.4287395,
unbound,unsigned,test.test-unsigned.example,cold,3603390,0,False,1788804310.4324093,
unbound,unsigned,test.test-unsigned.example,cold,3039755,0,False,1788804310.4355223,
unbound,unsigned,test.test-unsigned.example,cold,3002652,0,False,1788804310.4385936,
unbound,unsigned,test.test-unsigned.example,cold,3302560,0,False,1788804310.441976,
unbound,unsigned,test.test-unsigned.example,cold,3699823,0,False,1788804310.445756,
unbound,unsigned,test.test-unsigned.example,cold,3210234,0,False,1788804310.4490485,
unbound,unsigned,test.test-unsigned.example,cold,3152141,0,False,1788804310.4522784,
unbound,unsigned,test.test-unsigned.example,cold,3110367,0,False,1788804310.4554513,
unbound,unsigned,test.test-unsigned.example,cold,3017150,0,False,1788804310.4585397,
unbound,unsigned,test.test-unsigned.example,cold,3299194,0,False,1788804310.4618921,
unbound,unsigned,test.test-unsigned.example,cold,3093431,0,False,1788804310.4650555,
unbound,unsigned,test.test-unsigned.example,cold,3099696,0,False,1788804310.4682133,
unbound,unsigned,test.test-unsigned.example,cold,3114269,0,False,1788804310.4713988,
unbound,unsigned,test.test-unsigned.example,cold,2931590,0,False,1788804310.4743984,
unbound,unsigned,test.test-unsigned.example,cold,4872857,0,False,1788804310.4793468,
unbound,unsigned,test.test-unsigned.example,cold,4573400,0,False,1788804310.4840124,
unbound,unsigned,test.test-unsigned.example,cold,4213195,0,False,1788804310.4883037,
unbound,unsigned,test.test-unsigned.example,cold,3154421,0,False,1788804310.4915223,
unbound,unsigned,test.test-unsigned.example,cold,3640054,0,False,1788804310.4952517,
unbound,unsigned,test.test-unsigned.example,cold,3049855,0,False,1788804310.4983814,
unbound,unsigned,test.test-unsigned.example,cold,3459759,0,False,1788804310.5019162,
unbound,unsigned,test.test-unsigned.example,cold,3253744,0,False,1788804310.5052526,
unbound,unsigned,test.test-unsigned.example,cold,3369435,0,False,1788804310.5086834,
unbound,unsigned,test.test-unsigned.example,cold,2983770,0,False,1788804310.5117245,
unbound,unsigned,test.test-unsigned.example,cold,3036203,0,False,1788804310.5148423,
unbound,unsigned,test.test-unsigned.example,cold,3271352,0,False,1788804310.518198,
unbound,unsigned,test.test-unsigned.example,cold,2996395,0,False,1788804310.5212877,
unbound,unsigned,test.test-unsigned.example,cold,3740238,0,False,1788804310.5251482,
unbound,unsigned,test.test-unsigned.example,cold,3430357,0,False,1788804310.52866,
unbound,unsigned,test.test-unsigned.example,cold,3101152,0,False,1788804310.5318322,
unbound,unsigned,test.test-unsigned.example,cold,3377190,0,False,1788804310.5352862,
unbound,unsigned,test.test-unsigned.example,cold,5120458,0,False,1788804310.540504,
unbound,unsigned,test.test-unsigned.example,cold,3599072,0,False,1788804310.5442278,
unbound,unsigned,test.test-unsigned.example,cold,3246029,0,False,1788804310.5475366,
unbound,unsigned,test.test-unsigned.example,cold,3370693,0,False,1788804310.550973,
unbound,unsigned,test.test-unsigned.example,cold,3305527,0,False,1788804310.5543501,
unbound,unsigned,test.test-unsigned.example,cold,3406331,0,False,1788804310.557819,
unbound,unsigned,test.test-unsigned.example,cold,3222865,0,False,1788804310.5610964,
unbound,unsigned,test.test-unsigned.example,cold,3340946,0,False,1788804310.564497,
unbound,unsigned,test.test-unsigned.example,cold,3584806,0,False,1788804310.5681777,
unbound,unsigned,test.test-unsigned.example,cold,3491730,0,False,1788804310.5717459,
unbound,unsigned,test.test-unsigned.example,cold,4745559,0,False,1788804310.5765839,
unbound,unsigned,test.test-unsigned.example,cold,5045475,0,False,1788804310.5817304,
unbound,unsigned,test.test-unsigned.example,cold,4564481,0,False,1788804310.586392,
unbound,unsigned,test.test-unsigned.example,cold,3451929,0,False,1788804310.589923,
unbound,unsigned,test.test-unsigned.example,cold,3392089,0,False,1788804310.5933964,
unbound,unsigned,test.test-unsigned.example,cold,4259585,0,False,1788804310.5977476,
unbound,unsigned,test.test-unsigned.example,cold,3495151,0,False,1788804310.6013267,
unbound,unsigned,test.test-unsigned.example,cold,3465533,0,False,1788804310.6048656,
unbound,unsigned,test.test-unsigned.example,cold,4038286,0,False,1788804310.6089885,
unbound,unsigned,test.test-unsigned.example,cold,3404257,0,False,1788804310.6124732,
unbound,unsigned,test.test-unsigned.example,cold,3005307,0,False,1788804310.6155505,
unbound,unsigned,test.test-unsigned.example,cold,3251972,0,False,1788804310.6188657,
unbound,unsigned,test.test-unsigned.example,cold,3176139,0,False,1788804310.622103,
unbound,unsigned,test.test-unsigned.example,cold,3186559,0,False,1788804310.625364,
unbound,unsigned,test.test-unsigned.example,cold,3256854,0,False,1788804310.6286838,
unbound,unsigned,test.test-unsigned.example,cold,3005680,0,False,1788804310.631761,
unbound,unsigned,test.test-unsigned.example,cold,3626502,0,False,1788804310.6354609,
unbound,unsigned,test.test-unsigned.example,cold,3527287,0,False,1788804310.6390612,
unbound,unsigned,test.test-unsigned.example,cold,3529664,0,False,1788804310.6427095,
unbound,unsigned,test.test-unsigned.example,cold,3412455,0,False,1788804310.6461937,
unbound,unsigned,test.test-unsigned.example,cold,3288850,0,False,1788804310.6495621,
unbound,unsigned,test.test-unsigned.example,cold,5319784,0,False,1788804310.6549566,
unbound,unsigned,test.test-unsigned.example,cold,3421282,0,False,1788804310.6584728,
unbound,unsigned,test.test-unsigned.example,cold,4503146,0,False,1788804310.6630566,
unbound,unsigned,test.test-unsigned.example,cold,3758227,0,False,1788804310.6669197,
unbound,unsigned,test.test-unsigned.example,cold,4019947,0,False,1788804310.6710234,
unbound,unsigned,test.test-unsigned.example,cold,3181581,0,False,1788804310.674267,
unbound,unsigned,test.test-unsigned.example,cold,3374455,0,False,1788804310.6777036,
unbound,unsigned,test.test-unsigned.example,cold,3132674,0,False,1788804310.6809127,
unbound,unsigned,test.test-unsigned.example,cold,3945874,0,False,1788804310.6849356,
unbound,unsigned,test.test-unsigned.example,cold,3411373,0,False,1788804310.6884303,
unbound,unsigned,test.test-unsigned.example,cold,3952404,0,False,1788804310.6924665,
unbound,unsigned,test.test-unsigned.example,cold,5268481,0,False,1788804310.6978476,
unbound,unsigned,test.test-unsigned.example,cold,3212090,0,False,1788804310.7011344,
unbound,unsigned,test.test-unsigned.example,cold,3023482,0,False,1788804310.704229,
unbound,unsigned,test.test-unsigned.example,cold,3612934,0,False,1788804310.7079163,
unbound,unsigned,test.test-unsigned.example,cold,3108083,0,False,1788804310.7110784,
unbound,unsigned,test.test-unsigned.example,cold,3122433,0,False,1788804310.7142944,
unbound,unsigned,test.test-unsigned.example,cold,2887358,0,False,1788804310.717235,
unbound,unsigned,test.test-unsigned.example,cold,3580620,0,False,1788804310.7208679,
unbound,unsigned,test.test-unsigned.example,cold,2941858,0,False,1788804310.7238662,
unbound,unsigned,test.test-unsigned.example,cold,3230524,0,False,1788804310.7271495,
unbound,unsigned,test.test-unsigned.example,cold,3229085,0,False,1788804310.7304578,
unbound,unsigned,test.test-unsigned.example,cold,3204976,0,False,1788804310.7337246,
unbound,unsigned,test.test-unsigned.example,cold,3024474,0,False,1788804310.7368062,
unbound,unsigned,test.test-unsigned.example,cold,5538795,0,False,1788804310.7424173,
unbound,unsigned,test.test-unsigned.example,cold,3300744,0,False,1788804310.7457757,
unbound,unsigned,test.test-unsigned.example,cold,3111176,0,False,1788804310.7489483,
unbound,unsigned,test.test-unsigned.example,cold,3260142,0,False,1788804310.7522604,
unbound,unsigned,test.test-unsigned.example,cold,2939135,0,False,1788804310.755261,
unbound,unsigned,test.test-unsigned.example,cold,3715899,0,False,1788804310.759049,
unbound,unsigned,test.test-unsigned.example,cold,23333744,0,False,1788804310.782443,
unbound,unsigned,test.test-unsigned.example,cold,246990451,0,False,1788804311.02998,
unbound,unsigned,test.test-unsigned.example,cold,5231869,0,False,1788804311.035307,
unbound,unsigned,test.test-unsigned.example,cold,3534998,0,False,1788804311.0389163,
unbound,unsigned,test.test-unsigned.example,cold,3325471,0,False,1788804311.0423267,
unbound,unsigned,test.test-unsigned.example,cold,3407976,0,False,1788804311.0457923,
unbound,unsigned,test.test-unsigned.example,cold,3318978,0,False,1788804311.0491679,
unbound,unsigned,test.test-unsigned.example,cold,3169999,0,False,1788804311.0524118,
unbound,unsigned,test.test-unsigned.example,cold,5534168,0,False,1788804311.0580714,
unbound,unsigned,test.test-unsigned.example,cold,3212474,0,False,1788804311.061355,
unbound,unsigned,test.test-unsigned.example,cold,3379802,0,False,1788804311.0647933,
unbound,unsigned,test.test-unsigned.example,cold,3232268,0,False,1788804311.0681016,
unbound,unsigned,test.test-unsigned.example,cold,220518614,0,False,1788804311.2886784,
unbound,unsigned,test.test-unsigned.example,cold,6913078,0,False,1788804311.2957208,
unbound,unsigned,test.test-unsigned.example,cold,6875393,0,False,1788804311.3027394,
unbound,unsigned,test.test-unsigned.example,cold,30851319,0,False,1788804311.3339121,
unbound,unsigned,test.test-unsigned.example,cold,3507691,0,False,1788804311.3375278,
unbound,unsigned,test.test-unsigned.example,cold,3031392,0,False,1788804311.3406286,
unbound,unsigned,test.test-unsigned.example,cold,6016300,0,False,1788804311.3467305,
unbound,unsigned,test.test-unsigned.example,cold,6651625,0,False,1788804311.353607,
unbound,unsigned,test.test-unsigned.example,cold,4747888,0,False,1788804311.358647,
unbound,unsigned,test.test-unsigned.example,cold,3141157,0,False,1788804311.3618655,
unbound,unsigned,test.test-unsigned.example,cold,2967515,0,False,1788804311.3648977,
unbound,unsigned,test.test-unsigned.example,cold,2922234,0,False,1788804311.3678777,
unbound,unsigned,test.test-unsigned.example,cold,4443038,0,False,1788804311.372386,
unbound,unsigned,test.test-unsigned.example,cold,2986649,0,False,1788804311.3754435,
unbound,unsigned,test.test-unsigned.example,cold,2987290,0,False,1788804311.3784876,
unbound,unsigned,test.test-unsigned.example,cold,2893636,0,False,1788804311.3814385,
unbound,unsigned,test.test-unsigned.example,cold,2893333,0,False,1788804311.3843892,
unbound,unsigned,test.test-unsigned.example,cold,5877001,0,False,1788804311.3903575,
unbound,unsigned,test.test-unsigned.example,cold,3118017,0,False,1788804311.3935685,
unbound,unsigned,test.test-unsigned.example,cold,3040867,0,False,1788804311.3966682,
unbound,unsigned,test.test-unsigned.example,cold,2853840,0,False,1788804311.39958,
unbound,unsigned,test.test-unsigned.example,cold,3071456,0,False,1788804311.4027028,
unbound,unsigned,test.test-unsigned.example,cold,3127067,0,False,1788804311.405883,
unbound,unsigned,test.test-unsigned.example,cold,2885362,0,False,1788804311.4088247,
unbound,unsigned,test.test-unsigned.example,cold,2866586,0,False,1788804311.41175,
unbound,unsigned,test.test-unsigned.example,cold,3164743,0,False,1788804311.4149694,
unbound,unsigned,test.test-unsigned.example,cold,2772930,0,False,1788804311.4177957,
unbound,unsigned,test.test-unsigned.example,cold,3062290,0,False,1788804311.4209075,
unbound,unsigned,test.test-unsigned.example,cold,2964779,0,False,1788804311.4239268,
unbound,unsigned,test.test-unsigned.example,cold,2894921,0,False,1788804311.42688,
unbound,unsigned,test.test-unsigned.example,cold,2814780,0,False,1788804311.429752,
unbound,unsigned,test.test-unsigned.example,cold,3444157,0,False,1788804311.433248,
unbound,unsigned,test.test-unsigned.example,cold,4070438,0,False,1788804311.4374518,
unbound,unsigned,test.test-unsigned.example,cold,5501153,0,False,1788804311.4430876,
unbound,unsigned,test.test-unsigned.example,cold,5912896,0,False,1788804311.4491196,
unbound,unsigned,test.test-unsigned.example,cold,3792495,0,False,1788804311.4529774,
unbound,unsigned,test.test-unsigned.example,cold,843028,0,False,1788804311.4538999,
unbound,unsigned,test.test-unsigned.example,cold,519684,0,False,1788804311.454474,
unbound,unsigned,test.test-unsigned.example,cold,565357,0,False,1788804311.455091,
unbound,unsigned,test.test-unsigned.example,cold,380085,0,False,1788804311.4555197,
unbound,unsigned,test.test-unsigned.example,cold,382716,0,False,1788804311.4559383,
unbound,unsigned,test.test-unsigned.example,cold,142544554,0,False,1788804311.5985227,
unbound,unsigned,test.test-unsigned.example,cold,514600,0,False,1788804311.599107,
unbound,unsigned,test.test-unsigned.example,cold,444112,0,False,1788804311.5996192,
unbound,unsigned,test.test-unsigned.example,cold,446465,0,False,1788804311.6001127,
unbound,unsigned,test.test-unsigned.example,cold,504594,0,False,1788804311.6006594,
unbound,unsigned,test.test-unsigned.example,cold,750963,0,False,1788804311.6014552,
unbound,unsigned,test.test-unsigned.example,cold,655060,0,False,1788804311.6021652,
unbound,unsigned,test.test-unsigned.example,cold,686451,0,False,1788804311.6028936,
unbound,unsigned,test.test-unsigned.example,cold,835785,0,False,1788804311.6037824,
unbound,unsigned,test.test-unsigned.example,cold,696319,0,False,1788804311.6045334,
unbound,unsigned,test.test-unsigned.example,cold,693262,0,False,1788804311.6052809,
unbound,unsigned,test.test-unsigned.example,cold,835118,0,False,1788804311.6064465,
unbound,unsigned,test.test-unsigned.example,cold,821055,0,False,1788804311.6073227,
unbound,unsigned,test.test-unsigned.example,cold,725263,0,False,1788804311.6081035,
unbound,unsigned,test.test-unsigned.example,cold,575543,0,False,1788804311.6087239,
unbound,unsigned,test.test-unsigned.example,cold,548338,0,False,1788804311.6093154,
unbound,unsigned,test.test-unsigned.example,cold,880874,0,False,1788804311.610249,
unbound,unsigned,test.test-unsigned.example,cold,680315,0,False,1788804311.6109946,
unbound,unsigned,test.test-unsigned.example,cold,862770,0,False,1788804311.611929,
unbound,unsigned,test.test-unsigned.example,cold,720421,0,False,1788804311.6127155,
unbound,unsigned,test.test-unsigned.example,cold,828989,0,False,1788804311.6136053,
unbound,unsigned,test.test-unsigned.example,cold,814432,0,False,1788804311.6144848,
unbound,unsigned,test.test-unsigned.example,cold,669557,0,False,1788804311.6152134,
unbound,unsigned,test.test-unsigned.example,cold,689060,0,False,1788804311.615964,
unbound,unsigned,test.test-unsigned.example,cold,592461,0,False,1788804311.6166902,
unbound,unsigned,test.test-unsigned.example,cold,611049,0,False,1788804311.6173615,
unbound,unsigned,test.test-unsigned.example,cold,628280,0,False,1788804311.6180434,
unbound,unsigned,test.test-unsigned.example,cold,728029,0,False,1788804311.6188326,
unbound,unsigned,test.test-unsigned.example,cold,680484,0,False,1788804311.6195748,
unbound,unsigned,test.test-unsigned.example,cold,564129,0,False,1788804311.6201823,
unbound,unsigned,test.test-unsigned.example,cold,668460,0,False,1788804311.6209078,
unbound,unsigned,test.test-unsigned.example,cold,463345,0,False,1788804311.6214147,
unbound,unsigned,test.test-unsigned.example,cold,480568,0,False,1788804311.621934,
unbound,unsigned,test.test-unsigned.example,cold,601211,0,False,1788804311.6225774,
unbound,unsigned,test.test-unsigned.example,cold,528520,0,False,1788804311.623158,
unbound,unsigned,test.test-unsigned.example,cold,471287,0,False,1788804311.6236947,
unbound,unsigned,test.test-unsigned.example,cold,538857,0,False,1788804311.6242778,
unbound,unsigned,test.test-unsigned.example,cold,643466,0,False,1788804311.6249752,
unbound,unsigned,test.test-unsigned.example,cold,556960,0,False,1788804311.6255755,
unbound,unsigned,test.test-unsigned.example,cold,516002,0,False,1788804311.6261332,
unbound,unsigned,test.test-unsigned.example,cold,494009,0,False,1788804311.6266701,
unbound,unsigned,test.test-unsigned.example,cold,543142,0,False,1788804311.6272542,
unbound,unsigned,test.test-unsigned.example,cold,654413,0,False,1788804311.6279702,
unbound,unsigned,test.test-unsigned.example,cold,864656,0,False,1788804311.6289098,
unbound,unsigned,test.test-unsigned.example,cold,227100204,0,False,1788804311.856061,
unbound,unsigned,test.test-unsigned.example,cold,723393,0,False,1788804311.8568487,
unbound,unsigned,test.test-unsigned.example,cold,495086,0,False,1788804311.857395,
unbound,unsigned,test.test-unsigned.example,cold,144080476,0,False,1788804312.0015242,
unbound,unsigned,test.test-unsigned.example,cold,989888,0,False,1788804312.002615,
unbound,unsigned,test.test-unsigned.example,cold,904736,0,False,1788804312.003593,
unbound,unsigned,test.test-unsigned.example,cold,610138,0,False,1788804312.0042622,
unbound,unsigned,test.test-unsigned.example,cold,562566,0,False,1788804312.004865,
unbound,unsigned,test.test-unsigned.example,cold,546823,0,False,1788804312.005451,
unbound,unsigned,test.test-unsigned.example,cold,409546,0,False,1788804312.005901,
unbound,unsigned,test.test-unsigned.example,cold,423493,0,False,1788804312.0063596,
unbound,unsigned,test.test-unsigned.example,cold,348740,0,False,1788804312.0067418,
unbound,unsigned,test.test-unsigned.example,cold,451960,0,False,1788804312.0072274,
unbound,unsigned,test.test-unsigned.example,cold,464372,0,False,1788804312.0077271,
unbound,unsigned,test.test-unsigned.example,cold,414929,0,False,1788804312.0081778,
unbound,unsigned,test.test-unsigned.example,cold,908865,0,False,1788804312.009119,
unbound,unsigned,test.test-unsigned.example,cold,504768,0,False,1788804312.0096626,
unbound,unsigned,test.test-unsigned.example,cold,904121,0,False,1788804312.0106292,
unbound,unsigned,test.test-unsigned.example,cold,1115331,0,False,1788804312.0118613,
unbound,unsigned,test.test-unsigned.example,cold,606892,0,False,1788804312.0125313,
unbound,unsigned,test.test-unsigned.example,cold,553354,0,False,1788804312.0131412,
unbound,unsigned,test.test-unsigned.example,cold,493452,0,False,1788804312.0136878,
unbound,unsigned,test.test-unsigned.example,cold,575464,0,False,1788804312.014315,
unbound,unsigned,test.test-unsigned.example,cold,580612,0,False,1788804312.0149496,
unbound,unsigned,test.test-unsigned.example,cold,480907,0,False,1788804312.0154846,
unbound,unsigned,test.test-unsigned.example,cold,511045,0,False,1788804312.016056,
unbound,unsigned,test.test-unsigned.example,cold,510751,0,False,1788804312.0166156,
unbound,unsigned,test.test-unsigned.example,cold,557363,0,False,1788804312.01721,
unbound,unsigned,test.test-unsigned.example,cold,627107,0,False,1788804312.017891,
unbound,unsigned,test.test-unsigned.example,cold,515319,0,False,1788804312.018476,
unbound,unsigned,test.test-unsigned.example,cold,527806,0,False,1788804312.0190563,
unbound,unsigned,test.test-unsigned.example,cold,2028501,0,False,1788804312.0220706,
unbound,unsigned,test.test-unsigned.example,cold,738014,0,False,1788804312.0229251,
unbound,unsigned,test.test-unsigned.example,cold,870593,0,False,1788804312.023866,
unbound,unsigned,test.test-unsigned.example,cold,816343,0,False,1788804312.0247507,
unbound,unsigned,test.test-unsigned.example,cold,1524253,0,False,1788804312.0263414,
unbound,unsigned,test.test-unsigned.example,cold,772842,0,False,1788804312.027185,
unbound,unsigned,test.test-unsigned.example,cold,991822,0,False,1788804312.0282323,
unbound,unsigned,test.test-unsigned.example,cold,645175,0,False,1788804312.0289361,
unbound,unsigned,test.test-unsigned.example,cold,260091251,0,False,1788804312.2891192,
unbound,unsigned,test.test-unsigned.example,cold,2287346,0,False,1788804312.291633,
unbound,unsigned,test.test-unsigned.example,cold,2341727,0,False,1788804312.294178,
unbound,unsigned,test.test-unsigned.example,cold,1755422,0,False,1788804312.2961173,
unbound,unsigned,test.test-unsigned.example,cold,1536067,0,False,1788804312.2978215,
unbound,unsigned,test.test-unsigned.example,cold,1228002,0,False,1788804312.29917,
unbound,unsigned,test.test-unsigned.example,cold,1178079,0,False,1788804312.3004582,
unbound,unsigned,test.test-unsigned.example,cold,921671,0,False,1788804312.301465,
unbound,unsigned,test.test-unsigned.example,cold,872489,0,False,1788804312.3024576,
unbound,unsigned,test.test-unsigned.example,cold,842549,0,False,1788804312.303412,
unbound,unsigned,test.test-unsigned.example,cold,868352,0,False,1788804312.304338,
unbound,unsigned,test.test-unsigned.example,cold,541020,0,False,1788804312.304934,
unbound,unsigned,test.test-unsigned.example,cold,504079,0,False,1788804312.305538,
unbound,unsigned,test.test-unsigned.example,cold,503361,0,False,1788804312.3060951,
unbound,unsigned,test.test-unsigned.example,cold,512850,0,False,1788804312.3066611,
unbound,unsigned,test.test-unsigned.example,cold,54703235,0,False,1788804312.3615005,
unbound,unsigned,test.test-unsigned.example,cold,280354505,0,False,1788804312.6419506,
unbound,unsigned,test.test-unsigned.example,cold,941746,0,False,1788804312.6430047,
unbound,unsigned,test.test-unsigned.example,cold,950944,0,False,1788804312.644039,
unbound,unsigned,test.test-unsigned.example,cold,819961,0,False,1788804312.6449883,
unbound,unsigned,test.test-unsigned.example,cold,890376,0,False,1788804312.6459398,
unbound,unsigned,test.test-unsigned.example,cold,1884357,0,False,1788804312.6479008,
unbound,unsigned,test.test-unsigned.example,cold,935038,0,False,1788804312.648929,
unbound,unsigned,test.test-unsigned.example,cold,889042,0,False,1788804312.6499288,
unbound,unsigned,test.test-unsigned.example,cold,707152,0,False,1788804312.6507921,
unbound,unsigned,test.test-unsigned.example,cold,1207565,0,False,1788804312.652068,
unbound,unsigned,test.test-unsigned.example,cold,750928,0,False,1788804312.6529043,
unbound,unsigned,test.test-unsigned.example,cold,912632,0,False,1788804312.6538815,
unbound,unsigned,test.test-unsigned.example,cold,789561,0,False,1788804312.6547287,
unbound,unsigned,test.test-unsigned.example,cold,2880417,0,False,1788804312.6579175,
unbound,unsigned,test.test-unsigned.example,cold,2006051,0,False,1788804312.6600666,
unbound,unsigned,test.test-unsigned.example,cold,739323,0,False,1788804312.660873,
unbound,unsigned,test.test-unsigned.example,cold,1010506,0,False,1788804312.6619487,
unbound,unsigned,test.test-unsigned.example,cold,653871,0,False,1788804312.6627088,
unbound,unsigned,test.test-unsigned.example,cold,6259382,0,False,1788804312.6690311,
unbound,unsigned,test.test-unsigned.example,cold,793862,0,False,1788804312.6699188,
unbound,unsigned,test.test-unsigned.example,cold,681464,0,False,1788804312.6707227,
unbound,unsigned,test.test-unsigned.example,cold,637935,0,False,1788804312.6714196,
unbound,unsigned,test.test-unsigned.example,cold,602337,0,False,1788804312.6720788,
unbound,unsigned,test.test-unsigned.example,cold,604198,0,False,1788804312.672743,
unbound,unsigned,test.test-unsigned.example,cold,542169,0,False,1788804312.67334,
unbound,unsigned,test.test-unsigned.example,cold,619204,0,False,1788804312.6740563,
unbound,unsigned,test.test-unsigned.example,cold,550440,0,False,1788804312.6746714,
unbound,unsigned,test.test-unsigned.example,cold,608263,0,False,1788804312.6753356,
unbound,unsigned,test.test-unsigned.example,cold,1640751,0,False,1788804312.6770804,
unbound,unsigned,test.test-unsigned.example,cold,1904275,0,False,1788804312.6790562,
unbound,unsigned,test.test-unsigned.example,cold,740207,0,False,1788804312.679907,
unbound,unsigned,test.test-unsigned.example,cold,2357261,0,False,1788804312.6823308,
unbound,unsigned,test.test-unsigned.example,cold,1997877,0,False,1788804312.6844144,
unbound,unsigned,test.test-unsigned.example,cold,686757,0,False,1788804312.6851795,
unbound,unsigned,test.test-unsigned.example,cold,628862,0,False,1788804312.6858711,
unbound,unsigned,test.test-unsigned.example,cold,758864,0,False,1788804312.6866899,
unbound,unsigned,test.test-unsigned.example,cold,660041,0,False,1788804312.6874073,
unbound,unsigned,test.test-unsigned.example,cold,616929,0,False,1788804312.6880808,
unbound,unsigned,test.test-unsigned.example,cold,694080,0,False,1788804312.6888306,
unbound,unsigned,test.test-unsigned.example,cold,791824,0,False,1788804312.689676,
unbound,unsigned,test.test-unsigned.example,cold,660683,0,False,1788804312.6903825,
unbound,unsigned,test.test-unsigned.example,cold,776196,0,False,1788804312.6912022,
unbound,unsigned,test.test-unsigned.example,cold,607310,0,False,1788804312.6918566,
unbound,unsigned,test.test-unsigned.example,cold,748209,0,False,1788804312.692648,
unbound,unsigned,test.test-unsigned.example,cold,630589,0,False,1788804312.6933367,
unbound,unsigned,test.test-unsigned.example,cold,600119,0,False,1788804312.6939936,
unbound,unsigned,test.test-unsigned.example,cold,580559,0,False,1788804312.6946297,
unbound,unsigned,test.test-unsigned.example,cold,772976,0,False,1788804312.6954453,
unbound,unsigned,test.test-unsigned.example,cold,583169,0,False,1788804312.696081,
unbound,unsigned,test.test-unsigned.example,cold,784365,0,False,1788804312.696915,
unbound,unsigned,test.test-unsigned.example,cold,616400,0,False,1788804312.6976063,
unbound,unsigned,test.test-unsigned.example,cold,756068,0,False,1788804312.6984172,
unbound,unsigned,test.test-unsigned.example,cold,603885,0,False,1788804312.6990716,
unbound,unsigned,test.test-unsigned.example,cold,618598,0,False,1788804312.699776,
unbound,unsigned,test.test-unsigned.example,cold,566255,0,False,1788804312.7003834,
unbound,unsigned,test.test-unsigned.example,cold,504238,0,False,1788804312.7009273,
unbound,unsigned,test.test-unsigned.example,cold,610884,0,False,1788804312.7015758,
unbound,unsigned,test.test-unsigned.example,cold,657083,0,False,1788804312.7022803,
unbound,unsigned,test.test-unsigned.example,cold,460805,0,False,1788804312.7027864,
unbound,unsigned,test.test-unsigned.example,cold,697077,0,False,1788804312.7035563,
unbound,unsigned,test.test-unsigned.example,cold,531709,0,False,1788804312.7042148,
unbound,unsigned,test.test-unsigned.example,cold,600971,0,False,1788804312.7049093,
unbound,unsigned,test.test-unsigned.example,cold,492030,0,False,1788804312.7054434,
unbound,unsigned,test.test-unsigned.example,cold,678718,0,False,1788804312.7061615,
unbound,unsigned,test.test-unsigned.example,cold,460684,0,False,1788804312.7066631,
unbound,unsigned,test.test-unsigned.example,cold,609402,0,False,1788804312.7073119,
unbound,unsigned,test.test-unsigned.example,cold,486546,0,False,1788804312.7078388,
unbound,unsigned,test.test-unsigned.example,cold,511052,0,False,1788804312.708393,
unbound,unsigned,test.test-unsigned.example,cold,618532,0,False,1788804312.7090693,
unbound,unsigned,test.test-unsigned.example,cold,463569,0,False,1788804312.7095757,
unbound,unsigned,test.test-unsigned.example,cold,489497,0,False,1788804312.7101033,
unbound,unsigned,test.test-unsigned.example,cold,599212,0,False,1788804312.710742,
unbound,unsigned,test.test-unsigned.example,cold,572801,0,False,1788804312.7113538,
unbound,unsigned,test.test-unsigned.example,cold,582964,0,False,1788804312.7119832,
unbound,unsigned,test.test-unsigned.example,cold,499258,0,False,1788804312.712541,
unbound,unsigned,test.test-unsigned.example,cold,589162,0,False,1788804312.7131712,
unbound,unsigned,test.test-unsigned.example,cold,806930,0,False,1788804312.7140186,
unbound,unsigned,test.test-unsigned.example,cold,595634,0,False,1788804312.7146704,
unbound,unsigned,test.test-unsigned.example,cold,961676,0,False,1788804312.7156992,
unbound,unsigned,test.test-unsigned.example,cold,654593,0,False,1788804312.7164583,
unbound,unsigned,test.test-unsigned.example,cold,700861,0,False,1788804312.7172093,
unbound,unsigned,test.test-unsigned.example,cold,571729,0,False,1788804312.7178504,
unbound,unsigned,test.test-unsigned.example,cold,691162,0,False,1788804312.7185915,
unbound,unsigned,test.test-unsigned.example,cold,715329,0,False,1788804312.7193682,
unbound,unsigned,test.test-unsigned.example,cold,716868,0,False,1788804312.7201455,
unbound,unsigned,test.test-unsigned.example,cold,604304,0,False,1788804312.7208061,
unbound,unsigned,test.test-unsigned.example,cold,713476,0,False,1788804312.7215717,
unbound,unsigned,test.test-unsigned.example,cold,614081,0,False,1788804312.7222495,
unbound,unsigned,test.test-unsigned.example,cold,595384,0,False,1788804312.722911,
unbound,unsigned,test.test-unsigned.example,cold,579381,0,False,1788804312.7235482,
unbound,unsigned,test.test-unsigned.example,cold,839620,0,False,1788804312.7244475,
unbound,unsigned,test.test-unsigned.example,cold,1776364,0,False,1788804312.7262955,
unbound,unsigned,test.test-unsigned.example,cold,691456,0,False,1788804312.727055,
unbound,unsigned,test.test-unsigned.example,cold,766562,0,False,1788804312.7278981,
unbound,unsigned,test.test-unsigned.example,cold,714450,0,False,1788804312.72869,
unbound,unsigned,test.test-unsigned.example,cold,711145,0,False,1788804312.7294455,
unbound,unsigned,test.test-unsigned.example,cold,563137,0,False,1788804312.730053,
unbound,unsigned,test.test-unsigned.example,cold,558191,0,False,1788804312.7306497,
unbound,unsigned,test.test-unsigned.example,cold,640910,0,False,1788804312.731334,
unbound,unsigned,test.test-unsigned.example,cold,586696,0,False,1788804312.73197,
unbound,unsigned,test.test-unsigned.example,cold,611639,0,False,1788804312.7326245,
unbound,unsigned,test.test-unsigned.example,cold,825363,0,False,1788804312.7335072,
unbound,unsigned,test.test-unsigned.example,cold,610075,0,False,1788804312.73416,
unbound,unsigned,test.test-unsigned.example,cold,651994,0,False,1788804312.734854,
unbound,unsigned,test.test-unsigned.example,cold,558057,0,False,1788804312.735455,
unbound,unsigned,test.test-unsigned.example,cold,763050,0,False,1788804312.7362735,
unbound,unsigned,test.test-unsigned.example,cold,569914,0,False,1788804312.7368846,
unbound,unsigned,test.test-unsigned.example,cold,592049,0,False,1788804312.7375214,
unbound,unsigned,test.test-unsigned.example,cold,2793859,0,False,1788804312.7403731,
unbound,unsigned,test.test-unsigned.example,cold,734874,0,False,1788804312.7411838,
unbound,unsigned,test.test-unsigned.example,cold,629459,0,False,1788804312.7418602,
unbound,unsigned,test.test-unsigned.example,cold,522888,0,False,1788804312.7424276,
unbound,unsigned,test.test-unsigned.example,cold,674965,0,False,1788804312.743156,
unbound,unsigned,test.test-unsigned.example,cold,565012,0,False,1788804312.743775,
unbound,unsigned,test.test-unsigned.example,cold,659093,0,False,1788804312.7444718,
unbound,unsigned,test.test-unsigned.example,cold,594300,0,False,1788804312.7451084,
unbound,unsigned,test.test-unsigned.example,cold,697192,0,False,1788804312.7458568,
unbound,unsigned,test.test-unsigned.example,cold,533680,0,False,1788804312.746443,
unbound,unsigned,test.test-unsigned.example,cold,575310,0,False,1788804312.7470725,
unbound,unsigned,test.test-unsigned.example,cold,850612,0,False,1788804312.7479644,
unbound,unsigned,test.test-unsigned.example,cold,594987,0,False,1788804312.7486093,
unbound,unsigned,test.test-unsigned.example,cold,567938,0,False,1788804312.7492313,
unbound,unsigned,test.test-unsigned.example,cold,776489,0,False,1788804312.7500565,
unbound,unsigned,test.test-unsigned.example,cold,523530,0,False,1788804312.750622,
unbound,unsigned,test.test-unsigned.example,cold,617974,0,False,1788804312.7512798,
unbound,unsigned,test.test-unsigned.example,cold,551391,0,False,1788804312.7518702,
unbound,unsigned,test.test-unsigned.example,cold,592433,0,False,1788804312.752511,
unbound,unsigned,test.test-unsigned.example,cold,486214,0,False,1788804312.753039,
unbound,unsigned,test.test-unsigned.example,cold,722133,0,False,1788804312.753812,
unbound,unsigned,test.test-unsigned.example,cold,813926,0,False,1788804312.754702,
unbound,unsigned,test.test-unsigned.example,cold,706925,0,False,1788804312.7554555,
unbound,unsigned,test.test-unsigned.example,cold,632131,0,False,1788804312.7561545,
unbound,unsigned,test.test-unsigned.example,cold,574730,0,False,1788804312.7567728,
unbound,unsigned,test.test-unsigned.example,cold,578487,0,False,1788804312.7573953,
unbound,unsigned,test.test-unsigned.example,cold,623524,0,False,1788804312.7580764,
unbound,unsigned,test.test-unsigned.example,cold,539286,0,False,1788804312.7586744,
unbound,unsigned,test.test-unsigned.example,cold,554405,0,False,1788804312.7592852,
unbound,unsigned,test.test-unsigned.example,cold,746251,0,False,1788804312.760091,
unbound,unsigned,test.test-unsigned.example,cold,819854,0,False,1788804312.7613587,
unbound,unsigned,test.test-unsigned.example,cold,713807,0,False,1788804312.7621868,
unbound,unsigned,test.test-unsigned.example,cold,488772,0,False,1788804312.7628114,
unbound,unsigned,test.test-unsigned.example,cold,962285,0,False,1788804312.7638533,
unbound,unsigned,test.test-unsigned.example,cold,717213,0,False,1788804312.7646844,
unbound,unsigned,test.test-unsigned.example,cold,564320,0,False,1788804312.7652931,
unbound,unsigned,test.test-unsigned.example,cold,486947,0,False,1788804312.765867,
unbound,unsigned,test.test-unsigned.example,cold,483676,0,False,1788804312.7664096,
unbound,unsigned,test.test-unsigned.example,cold,573949,0,False,1788804312.7670355,
unbound,unsigned,test.test-unsigned.example,cold,581599,0,False,1788804312.7676687,
unbound,unsigned,test.test-unsigned.example,cold,560076,0,False,1788804312.7682836,
unbound,unsigned,test.test-unsigned.example,cold,499018,0,False,1788804312.7688224,
unbound,unsigned,test.test-unsigned.example,cold,563164,0,False,1788804312.7694366,
unbound,unsigned,test.test-unsigned.example,cold,782622,0,False,1788804312.7702675,
unbound,unsigned,test.test-unsigned.example,cold,612675,0,False,1788804312.770921,
unbound,unsigned,test.test-unsigned.example,cold,605891,0,False,1788804312.771578,
unbound,unsigned,test.test-unsigned.example,cold,611948,0,False,1788804312.7722397,
unbound,unsigned,test.test-unsigned.example,cold,513573,0,False,1788804312.7727954,
unbound,unsigned,test.test-unsigned.example,cold,552850,0,False,1788804312.773396,
unbound,unsigned,test.test-unsigned.example,cold,611542,0,False,1788804312.7740543,
unbound,unsigned,test.test-unsigned.example,cold,565094,0,False,1788804312.7746642,
unbound,unsigned,test.test-unsigned.example,cold,619520,0,False,1788804312.7753325,
unbound,unsigned,test.test-unsigned.example,cold,597375,0,False,1788804312.7759805,
unbound,unsigned,test.test-unsigned.example,cold,565684,0,False,1788804312.7765982,
unbound,unsigned,test.test-unsigned.example,cold,545136,0,False,1788804312.7771924,
unbound,unsigned,test.test-unsigned.example,cold,686834,0,False,1788804312.777978,
unbound,unsigned,test.test-unsigned.example,cold,563369,0,False,1788804312.7785811,
unbound,unsigned,test.test-unsigned.example,cold,692437,0,False,1788804312.7793138,
unbound,unsigned,test.test-unsigned.example,cold,715623,0,False,1788804312.7800736,
unbound,unsigned,test.test-unsigned.example,cold,575545,0,False,1788804312.7806897,
unbound,unsigned,test.test-unsigned.example,cold,579596,0,False,1788804312.7813227,
unbound,unsigned,test.test-unsigned.example,cold,576845,0,False,1788804312.7819514,
unbound,unsigned,test.test-unsigned.example,cold,707476,0,False,1788804312.7827005,
unbound,unsigned,test.test-unsigned.example,cold,690696,0,False,1788804312.7834332,
unbound,unsigned,test.test-unsigned.example,cold,582455,0,False,1788804312.784058,
unbound,unsigned,test.test-unsigned.example,cold,520433,0,False,1788804312.7846284,
unbound,unsigned,test.test-unsigned.example,cold,521257,0,False,1788804312.7851896,
unbound,unsigned,test.test-unsigned.example,cold,505329,0,False,1788804312.7857437,
unbound,unsigned,test.test-unsigned.example,cold,654147,0,False,1788804312.786437,
unbound,unsigned,test.test-unsigned.example,cold,570669,0,False,1788804312.787079,
unbound,unsigned,test.test-unsigned.example,cold,562957,0,False,1788804312.7877576,
unbound,unsigned,test.test-unsigned.example,cold,595055,0,False,1788804312.7884278,
unbound,unsigned,test.test-unsigned.example,cold,648292,0,False,1788804312.7891243,
unbound,unsigned,test.test-unsigned.example,cold,538801,0,False,1788804312.7897038,
unbound,unsigned,test.test-unsigned.example,cold,662878,0,False,1788804312.7904098,
unbound,unsigned,test.test-unsigned.example,cold,571057,0,False,1788804312.791031,
unbound,unsigned,test.test-unsigned.example,cold,637390,0,False,1788804312.7917106,
unbound,unsigned,test.test-unsigned.example,cold,530486,0,False,1788804312.7922814,
unbound,unsigned,test.test-unsigned.example,cold,597796,0,False,1788804312.7929268,
unbound,unsigned,test.test-unsigned.example,cold,692307,0,False,1788804312.7936602,
unbound,unsigned,test.test-unsigned.example,cold,637276,0,False,1788804312.7943554,
unbound,unsigned,test.test-unsigned.example,cold,584520,0,False,1788804312.7949913,
unbound,unsigned,test.test-unsigned.example,cold,591908,0,False,1788804312.7956219,
unbound,unsigned,test.test-unsigned.example,cold,634091,0,False,1788804312.796295,
unbound,unsigned,test.test-unsigned.example,cold,667128,0,False,1788804312.7970126,
unbound,unsigned,test.test-unsigned.example,cold,588272,0,False,1788804312.7976546,
unbound,unsigned,test.test-unsigned.example,cold,648779,0,False,1788804312.7983477,
unbound,unsigned,test.test-unsigned.example,cold,563468,0,False,1788804312.7989554,
unbound,unsigned,test.test-unsigned.example,cold,554167,0,False,1788804312.7995605,
unbound,unsigned,test.test-unsigned.example,cold,508681,0,False,1788804312.80011,
unbound,unsigned,test.test-unsigned.example,cold,571205,0,False,1788804312.800735,
unbound,unsigned,test.test-unsigned.example,cold,546207,0,False,1788804312.8013265,
unbound,unsigned,test.test-unsigned.example,cold,643270,0,False,1788804312.802022,
unbound,unsigned,test.test-unsigned.example,cold,683178,0,False,1788804312.8027534,
unbound,unsigned,test.test-unsigned.example,cold,590566,0,False,1788804312.8034046,
unbound,unsigned,test.test-unsigned.example,cold,2877565,0,False,1788804312.8063345,
unbound,unsigned,test.test-unsigned.example,cold,737096,0,False,1788804312.807145,
unbound,unsigned,test.test-unsigned.example,cold,625512,0,False,1788804312.8078296,
unbound,unsigned,test.test-unsigned.example,cold,572864,0,False,1788804312.8084452,
unbound,unsigned,test.test-unsigned.example,cold,552060,0,False,1788804312.8090417,
unbound,unsigned,test.test-unsigned.example,cold,584439,0,False,1788804312.8096683,
unbound,unsigned,test.test-unsigned.example,cold,575266,0,False,1788804312.8102841,
unbound,unsigned,test.test-unsigned.example,cold,559470,0,False,1788804312.810894,
unbound,unsigned,test.test-unsigned.example,cold,659451,0,False,1788804312.8116066,
unbound,unsigned,test.test-unsigned.example,cold,636077,0,False,1788804312.8122954,
unbound,unsigned,test.test-unsigned.example,cold,646714,0,False,1788804312.8129852,
unbound,unsigned,test.test-unsigned.example,cold,613866,0,False,1788804312.8136454,
unbound,unsigned,test.test-unsigned.example,cold,500804,0,False,1788804312.8141868,
unbound,unsigned,test.test-unsigned.example,cold,487214,0,False,1788804312.814714,
unbound,unsigned,test.test-unsigned.example,cold,545706,0,False,1788804312.8152971,
unbound,unsigned,test.test-unsigned.example,cold,601868,0,False,1788804312.8159516,
unbound,unsigned,test.test-unsigned.example,cold,565041,0,False,1788804312.8165653,
unbound,unsigned,test.test-unsigned.example,cold,619380,0,False,1788804312.8172371,
unbound,unsigned,test.test-unsigned.example,cold,594329,0,False,1788804312.817888,
unbound,unsigned,test.test-unsigned.example,cold,599883,0,False,1788804312.8185363,
unbound,unsigned,test.test-unsigned.example,cold,521230,0,False,1788804312.8190956,
unbound,unsigned,test.test-unsigned.example,cold,604721,0,False,1788804312.81978,
unbound,unsigned,test.test-unsigned.example,cold,543287,0,False,1788804312.8203719,
unbound,unsigned,test.test-unsigned.example,cold,617879,0,False,1788804312.8210418,
unbound,unsigned,test.test-unsigned.example,cold,564106,0,False,1788804312.821656,
unbound,unsigned,test.test-unsigned.example,cold,540106,0,False,1788804312.8222392,
unbound,unsigned,test.test-unsigned.example,cold,641003,0,False,1788804312.8229356,
unbound,unsigned,test.test-unsigned.example,cold,688990,0,False,1788804312.8236763,
unbound,unsigned,test.test-unsigned.example,cold,539050,0,False,1788804312.824265,
unbound,unsigned,test.test-unsigned.example,cold,551993,0,False,1788804312.824869,
unbound,unsigned,test.test-unsigned.example,cold,558623,0,False,1788804312.8254766,
unbound,unsigned,test.test-unsigned.example,cold,477856,0,False,1788804312.826005,
unbound,unsigned,test.test-unsigned.example,cold,504276,0,False,1788804312.8265498,
unbound,unsigned,test.test-unsigned.example,cold,657839,0,False,1788804312.8272488,
unbound,unsigned,test.test-unsigned.example,cold,596465,0,False,1788804312.8279102,
unbound,unsigned,test.test-unsigned.example,cold,549851,0,False,1788804312.8285127,
unbound,unsigned,test.test-unsigned.example,cold,580716,0,False,1788804312.829142,
unbound,unsigned,test.test-unsigned.example,cold,540636,0,False,1788804312.829725,
unbound,unsigned,test.test-unsigned.example,cold,684542,0,False,1788804312.830458,
unbound,unsigned,test.test-unsigned.example,cold,569037,0,False,1788804312.83108,
unbound,unsigned,test.test-unsigned.example,cold,555996,0,False,1788804312.831704,
unbound,unsigned,test.test-unsigned.example,cold,522996,0,False,1788804312.8322682,
unbound,unsigned,test.test-unsigned.example,cold,667401,0,False,1788804312.8329852,
unbound,unsigned,test.test-unsigned.example,cold,825686,0,False,1788804312.8338637,
unbound,unsigned,test.test-unsigned.example,cold,682723,0,False,1788804312.834593,
unbound,unsigned,test.test-unsigned.example,cold,928099,0,False,1788804312.8356016,
unbound,unsigned,test.test-unsigned.example,cold,609428,0,False,1788804312.8362694,
unbound,unsigned,test.test-unsigned.example,cold,775327,0,False,1788804312.8370974,
unbound,unsigned,test.test-unsigned.example,cold,582979,0,False,1788804312.8377268,
unbound,unsigned,test.test-unsigned.example,cold,593581,0,False,1788804312.8383648,
unbound,unsigned,test.test-unsigned.example,cold,559109,0,False,1788804312.8389733,
unbound,unsigned,test.test-unsigned.example,cold,852888,0,False,1788804312.8398817,
unbound,unsigned,test.test-unsigned.example,cold,561525,0,False,1788804312.8404977,
unbound,unsigned,test.test-unsigned.example,cold,1763144,0,False,1788804312.8423123,
unbound,unsigned,test.test-unsigned.example,cold,998470,0,False,1788804312.8434474,
unbound,unsigned,test.test-unsigned.example,cold,777858,0,False,1788804312.8442924,
unbound,unsigned,test.test-unsigned.example,cold,719425,0,False,1788804312.8450756,
unbound,unsigned,test.test-unsigned.example,cold,621904,0,False,1788804312.845756,
unbound,unsigned,test.test-unsigned.example,cold,623512,0,False,1788804312.8464267,
unbound,unsigned,test.test-unsigned.example,cold,595743,0,False,1788804312.8470778,
unbound,unsigned,test.test-unsigned.example,cold,595988,0,False,1788804312.8477643,
unbound,unsigned,test.test-unsigned.example,cold,581010,0,False,1788804312.84839,
unbound,unsigned,test.test-unsigned.example,cold,664492,0,False,1788804312.8490984,
unbound,unsigned,test.test-unsigned.example,cold,543759,0,False,1788804312.8496954,
unbound,unsigned,test.test-unsigned.example,cold,630384,0,False,1788804312.8503685,
unbound,unsigned,test.test-unsigned.example,cold,708134,0,False,1788804312.8511276,
unbound,unsigned,test.test-unsigned.example,cold,793692,0,False,1788804312.851996,
unbound,unsigned,test.test-unsigned.example,cold,609827,0,False,1788804312.852664,
unbound,unsigned,test.test-unsigned.example,cold,601700,0,False,1788804312.8533187,
unbound,unsigned,test.test-unsigned.example,cold,553218,0,False,1788804312.8539228,
unbound,unsigned,test.test-unsigned.example,cold,560216,0,False,1788804312.8545277,
unbound,unsigned,test.test-unsigned.example,cold,573224,0,False,1788804312.8551443,
unbound,unsigned,test.test-unsigned.example,cold,517960,0,False,1788804312.8557131,
unbound,unsigned,test.test-unsigned.example,cold,532583,0,False,1788804312.8562913,
unbound,unsigned,test.test-unsigned.example,cold,679279,0,False,1788804312.857024,
unbound,unsigned,test.test-unsigned.example,cold,547764,0,False,1788804312.8576164,
unbound,unsigned,test.test-unsigned.example,cold,621537,0,False,1788804312.8582954,
unbound,unsigned,test.test-unsigned.example,cold,578767,0,False,1788804312.858913,
unbound,unsigned,test.test-unsigned.example,cold,615346,0,False,1788804312.859582,
unbound,unsigned,test.test-unsigned.example,cold,622856,0,False,1788804312.8602607,
unbound,unsigned,test.test-unsigned.example,cold,478647,0,False,1788804312.860792,
unbound,unsigned,test.test-unsigned.example,cold,505356,0,False,1788804312.8613484,
unbound,unsigned,test.test-unsigned.example,cold,594070,0,False,1788804312.8619936,
unbound,unsigned,test.test-unsigned.example,cold,515675,0,False,1788804312.8625581,
unbound,unsigned,test.test-unsigned.example,cold,472062,0,False,1788804312.8630807,
unbound,unsigned,test.test-unsigned.example,cold,527222,0,False,1788804312.863682,
unbound,unsigned,test.test-unsigned.example,cold,788314,0,False,1788804312.8645198,
unbound,unsigned,test.test-unsigned.example,cold,576701,0,False,1788804312.8651488,
unbound,unsigned,test.test-unsigned.example,cold,541480,0,False,1788804312.8657405,
unbound,unsigned,test.test-unsigned.example,cold,498397,0,False,1788804312.8662844,
unbound,unsigned,test.test-unsigned.example,cold,546529,0,False,1788804312.8668716,
unbound,unsigned,test.test-unsigned.example,cold,639984,0,False,1788804312.8675654,
unbound,unsigned,test.test-unsigned.example,cold,563121,0,False,1788804312.8681672,
unbound,unsigned,test.test-unsigned.example,cold,628271,0,False,1788804312.8688328,
unbound,unsigned,test.test-unsigned.example,cold,695312,0,False,1788804312.8695688,
unbound,unsigned,test.test-unsigned.example,cold,592028,0,False,1788804312.8702054,
unbound,unsigned,test.test-unsigned.example,cold,590532,0,False,1788804312.8708436,
unbound,unsigned,test.test-unsigned.example,cold,619553,0,False,1788804312.8715074,
unbound,unsigned,test.test-unsigned.example,cold,549620,0,False,1788804312.8721044,
unbound,unsigned,test.test-unsigned.example,cold,515643,0,False,1788804312.87266,
unbound,unsigned,test.test-unsigned.example,cold,504595,0,False,1788804312.8732152,
unbound,unsigned,test.test-unsigned.example,cold,487930,0,False,1788804312.873753,
unbound,unsigned,test.test-unsigned.example,cold,521605,0,False,1788804312.8743157,
unbound,unsigned,test.test-unsigned.example,cold,619461,0,False,1788804312.8749845,
unbound,unsigned,test.test-unsigned.example,cold,642489,0,False,1788804312.8756762,
unbound,unsigned,test.test-unsigned.example,cold,512828,0,False,1788804312.876231,
unbound,unsigned,test.test-unsigned.example,cold,687906,0,False,1788804312.876974,
unbound,unsigned,test.test-unsigned.example,cold,495974,0,False,1788804312.8775172,
unbound,unsigned,test.test-unsigned.example,cold,555302,0,False,1788804312.8781269,
unbound,unsigned,test.test-unsigned.example,cold,563847,0,False,1788804312.8787484,
unbound,unsigned,test.test-unsigned.example,cold,558359,0,False,1788804312.8793566,
unbound,unsigned,test.test-unsigned.example,cold,566020,0,False,1788804312.8799706,
unbound,unsigned,test.test-unsigned.example,cold,700337,0,False,1788804312.8807251,
unbound,unsigned,test.test-unsigned.example,cold,603534,0,False,1788804312.8813813,
unbound,unsigned,test.test-unsigned.example,cold,579484,0,False,1788804312.8820102,
unbound,unsigned,test.test-unsigned.example,cold,651991,0,False,1788804312.8827035,
unbound,unsigned,test.test-unsigned.example,cold,646061,0,False,1788804312.8834,
unbound,unsigned,test.test-unsigned.example,cold,983449,0,False,1788804312.884432,
unbound,unsigned,test.test-unsigned.example,cold,713164,0,False,1788804312.885207,
unbound,unsigned,test.test-unsigned.example,cold,710584,0,False,1788804312.8859792,
unbound,unsigned,test.test-unsigned.example,cold,626861,0,False,1788804312.8866487,
unbound,unsigned,test.test-unsigned.example,cold,593443,0,False,1788804312.8872945,
unbound,unsigned,test.test-unsigned.example,cold,626126,0,False,1788804312.8879752,
unbound,unsigned,test.test-unsigned.example,cold,617774,0,False,1788804312.8886454,
unbound,unsigned,test.test-unsigned.example,cold,548084,0,False,1788804312.889247,
unbound,unsigned,test.test-unsigned.example,cold,562129,0,False,1788804312.8898623,
unbound,unsigned,test.test-unsigned.example,cold,539090,0,False,1788804312.8904414,
unbound,unsigned,test.test-unsigned.example,cold,555167,0,False,1788804312.8910418,
unbound,unsigned,test.test-unsigned.example,cold,702596,0,False,1788804312.8917944,
unbound,unsigned,test.test-unsigned.example,cold,522166,0,False,1788804312.892358,
unbound,unsigned,test.test-unsigned.example,cold,584810,0,False,1788804312.892982,
unbound,unsigned,test.test-unsigned.example,cold,614497,0,False,1788804312.8936498,
unbound,unsigned,test.test-unsigned.example,cold,728376,0,False,1788804312.8946116,
unbound,unsigned,test.test-unsigned.example,cold,596427,0,False,1788804312.8952513,
unbound,unsigned,test.test-unsigned.example,cold,584838,0,False,1788804312.895888,
unbound,unsigned,test.test-unsigned.example,cold,606272,0,False,1788804312.8965452,
unbound,unsigned,test.test-unsigned.example,cold,640280,0,False,1788804312.897236,
unbound,unsigned,test.test-unsigned.example,cold,521058,0,False,1788804312.8977969,
unbound,unsigned,test.test-unsigned.example,cold,552831,0,False,1788804312.8983989,
unbound,unsigned,test.test-unsigned.example,cold,577348,0,False,1788804312.8990266,
unbound,unsigned,test.test-unsigned.example,cold,518548,0,False,1788804312.8995996,
unbound,unsigned,test.test-unsigned.example,cold,528233,0,False,1788804312.9001706,
unbound,unsigned,test.test-unsigned.example,cold,514834,0,False,1788804312.900726,
unbound,unsigned,test.test-unsigned.example,cold,584397,0,False,1788804312.9013486,
unbound,unsigned,test.test-unsigned.example,cold,522565,0,False,1788804312.9019096,
unbound,unsigned,test.test-unsigned.example,cold,617446,0,False,1788804312.9025762,
unbound,unsigned,test.test-unsigned.example,cold,744873,0,False,1788804312.903375,
unbound,unsigned,test.test-unsigned.example,cold,614528,0,False,1788804312.9040349,
unbound,unsigned,test.test-unsigned.example,cold,572487,0,False,1788804312.9046593,
unbound,unsigned,test.test-unsigned.example,cold,594535,0,False,1788804312.9053068,
unbound,unsigned,test.test-unsigned.example,cold,549717,0,False,1788804312.9058983,
unbound,unsigned,test.test-unsigned.example,cold,539524,0,False,1788804312.9064782,
unbound,unsigned,test.test-unsigned.example,cold,527489,0,False,1788804312.9070468,
unbound,unsigned,test.test-unsigned.example,cold,601261,0,False,1788804312.9076943,
unbound,unsigned,test.test-unsigned.example,cold,602841,0,False,1788804312.9083366,
unbound,unsigned,test.test-unsigned.example,cold,675248,0,False,1788804312.9090648,
unbound,unsigned,test.test-unsigned.example,cold,622008,0,False,1788804312.9097314,
unbound,unsigned,test.test-unsigned.example,cold,743747,0,False,1788804312.9105258,
unbound,unsigned,test.test-unsigned.example,cold,586629,0,False,1788804312.9111621,
unbound,unsigned,test.test-unsigned.example,cold,683417,0,False,1788804312.9119053,
unbound,unsigned,test.test-unsigned.example,cold,642391,0,False,1788804312.9126933,
unbound,unsigned,test.test-unsigned.example,cold,546169,0,False,1788804312.9133053,
unbound,unsigned,test.test-unsigned.example,cold,640334,0,False,1788804312.9139993,
unbound,unsigned,test.test-unsigned.example,cold,489652,0,False,1788804312.9145284,
unbound,unsigned,test.test-unsigned.example,cold,626943,0,False,1788804312.9152074,
unbound,unsigned,test.test-unsigned.example,cold,690781,0,False,1788804312.9159586,
unbound,unsigned,test.test-unsigned.example,cold,600234,0,False,1788804312.9166102,
unbound,unsigned,test.test-unsigned.example,cold,701935,0,False,1788804312.9173522,
unbound,unsigned,test.test-unsigned.example,cold,598734,0,False,1788804312.9179993,
unbound,unsigned,test.test-unsigned.example,cold,542378,0,False,1788804312.9185913,
unbound,unsigned,test.test-unsigned.example,cold,766047,0,False,1788804312.9194748,
unbound,unsigned,test.test-unsigned.example,cold,701821,0,False,1788804312.9202976,
unbound,unsigned,test.test-unsigned.example,cold,734005,0,False,1788804312.9210918,
unbound,unsigned,test.test-unsigned.example,cold,2258473,0,False,1788804312.9235249,
unbound,unsigned,test.test-unsigned.example,cold,1039387,0,False,1788804312.9246418,
unbound,unsigned,test.test-unsigned.example,cold,696023,0,False,1788804312.9253993,
unbound,unsigned,test.test-unsigned.example,cold,734882,0,False,1788804312.9262054,
unbound,unsigned,test.test-unsigned.example,cold,693810,0,False,1788804312.9269722,
unbound,unsigned,test.test-unsigned.example,cold,818522,0,False,1788804312.9278378,
unbound,unsigned,test.test-unsigned.example,cold,593997,0,False,1788804312.9284756,
unbound,unsigned,test.test-unsigned.example,cold,844326,0,False,1788804312.9293628,
unbound,unsigned,test.test-unsigned.example,cold,631925,0,False,1788804312.9300544,
unbound,unsigned,test.test-unsigned.example,cold,629195,0,False,1788804312.9307275,
unbound,unsigned,test.test-unsigned.example,cold,596693,0,False,1788804312.931378,
unbound,unsigned,test.test-unsigned.example,cold,570004,0,False,1788804312.9319966,
unbound,unsigned,test.test-unsigned.example,cold,661244,0,False,1788804312.9326987,
unbound,unsigned,test.test-unsigned.example,cold,605893,0,False,1788804312.933353,
unbound,unsigned,test.test-unsigned.example,cold,519419,0,False,1788804312.9339116,
unbound,unsigned,test.test-unsigned.example,cold,614862,0,False,1788804312.9345694,
unbound,unsigned,test.test-unsigned.example,cold,668927,0,False,1788804312.93529,
unbound,unsigned,test.test-unsigned.example,cold,569946,0,False,1788804312.9359038,
unbound,unsigned,test.test-unsigned.example,cold,570790,0,False,1788804312.936527,
unbound,unsigned,test.test-unsigned.example,cold,537725,0,False,1788804312.937106,
unbound,unsigned,test.test-unsigned.example,cold,869970,0,False,1788804312.9380262,
unbound,unsigned,test.test-unsigned.example,cold,721935,0,False,1788804312.9387996,
unbound,unsigned,test.test-unsigned.example,cold,744633,0,False,1788804312.939621,
unbound,unsigned,test.test-unsigned.example,cold,7799784,0,False,1788804312.947496,
unbound,unsigned,test.test-unsigned.example,cold,793145,0,False,1788804312.9483576,
unbound,unsigned,test.test-unsigned.example,cold,571200,0,False,1788804312.9489744,
unbound,unsigned,test.test-unsigned.example,cold,581723,0,False,1788804312.9496157,
unbound,unsigned,test.test-unsigned.example,cold,532965,0,False,1788804312.9501975,
unbound,unsigned,test.test-unsigned.example,cold,672210,0,False,1788804312.9509115,
unbound,unsigned,test.test-unsigned.example,cold,629625,0,False,1788804312.9515913,
unbound,unsigned,test.test-unsigned.example,cold,568453,0,False,1788804312.9522018,
unbound,unsigned,test.test-unsigned.example,cold,510681,0,False,1788804312.9528499,
unbound,unsigned,test.test-unsigned.example,cold,466192,0,False,1788804312.9533644,
unbound,unsigned,test.test-unsigned.example,cold,484420,0,False,1788804312.953895,
unbound,unsigned,test.test-unsigned.example,cold,522594,0,False,1788804312.9544654,
unbound,unsigned,test.test-unsigned.example,cold,547923,0,False,1788804312.955079,
unbound,unsigned,test.test-unsigned.example,cold,633596,0,False,1788804312.955956,
unbound,unsigned,test.test-unsigned.example,cold,586756,0,False,1788804312.9566262,
unbound,unsigned,test.test-unsigned.example,cold,554850,0,False,1788804312.957231,
unbound,unsigned,test.test-unsigned.example,cold,507372,0,False,1788804312.9577858,
unbound,unsigned,test.test-unsigned.example,cold,488882,0,False,1788804312.9583247,
unbound,unsigned,test.test-unsigned.example,cold,728193,0,False,1788804312.9591064,
unbound,unsigned,test.test-unsigned.example,cold,864154,0,False,1788804312.9600432,
unbound,unsigned,test.test-unsigned.example,cold,625945,0,False,1788804312.9607344,
unbound,unsigned,test.test-unsigned.example,cold,762119,0,False,1788804312.9617317,
unbound,unsigned,test.test-unsigned.example,cold,495785,0,False,1788804312.962329,
unbound,unsigned,test.test-unsigned.example,cold,530883,0,False,1788804312.962912,
unbound,unsigned,test.test-unsigned.example,cold,3389407,0,False,1788804312.9664056,
unbound,unsigned,test.test-unsigned.example,cold,565195,0,False,1788804312.9670403,
unbound,unsigned,test.test-unsigned.example,cold,767759,0,False,1788804312.967859,
unbound,unsigned,test.test-unsigned.example,cold,614810,0,False,1788804312.9686062,
unbound,unsigned,test.test-unsigned.example,cold,652005,0,False,1788804312.969335,
unbound,unsigned,test.test-unsigned.example,cold,479636,0,False,1788804312.9698617,
unbound,unsigned,test.test-unsigned.example,cold,551205,0,False,1788804312.9704652,
unbound,unsigned,test.test-unsigned.example,cold,712470,0,False,1788804312.9712288,
unbound,unsigned,test.test-unsigned.example,cold,552103,0,False,1788804312.9718392,
unbound,unsigned,test.test-unsigned.example,cold,609418,0,False,1788804312.9725199,
unbound,unsigned,test.test-unsigned.example,cold,543600,0,False,1788804312.973123,
unbound,unsigned,test.test-unsigned.example,cold,827002,0,False,1788804312.9740045,
unbound,unsigned,test.test-unsigned.example,cold,637439,0,False,1788804312.9746964,
unbound,unsigned,test.test-unsigned.example,cold,544602,0,False,1788804312.97535,
unbound,unsigned,test.test-unsigned.example,cold,519330,0,False,1788804312.9759572,
unbound,unsigned,test.test-unsigned.example,cold,546486,0,False,1788804312.976581,
unbound,unsigned,test.test-unsigned.example,cold,562989,0,False,1788804312.9771852,
unbound,unsigned,test.test-unsigned.example,cold,482219,0,False,1788804312.9777884,
unbound,unsigned,test.test-unsigned.example,cold,459759,0,False,1788804312.978385,
unbound,unsigned,test.test-unsigned.example,cold,454012,0,False,1788804312.9788818,
unbound,unsigned,test.test-unsigned.example,cold,497013,0,False,1788804312.9794233,
unbound,unsigned,test.test-unsigned.example,cold,473025,0,False,1788804312.9799438,
unbound,unsigned,test.test-unsigned.example,cold,554494,0,False,1788804312.9805465,
unbound,unsigned,test.test-unsigned.example,cold,455737,0,False,1788804312.9810488,
unbound,unsigned,test.test-unsigned.example,cold,459535,0,False,1788804312.9815521,
unbound,unsigned,test.test-unsigned.example,cold,442226,0,False,1788804312.9820418,
unbound,unsigned,test.test-unsigned.example,cold,502131,0,False,1788804312.9825869,
unbound,unsigned,test.test-unsigned.example,cold,528689,0,False,1788804312.9831607,
unbound,unsigned,test.test-unsigned.example,cold,564165,0,False,1788804312.9837704,
unbound,unsigned,test.test-unsigned.example,cold,566526,0,False,1788804312.9844635,
unbound,unsigned,test.test-unsigned.example,cold,536778,0,False,1788804312.9851286,
unbound,unsigned,test.test-unsigned.example,cold,182604751,0,False,1788804313.1677775,
unbound,unsigned,test.test-unsigned.example,cold,925921,0,False,1788804313.1687932,
unbound,unsigned,test.test-unsigned.example,cold,689412,0,False,1788804313.1695547,
unbound,unsigned,test.test-unsigned.example,cold,1873293,0,False,1788804313.1714978,
unbound,unsigned,test.test-unsigned.example,cold,1574899,0,False,1788804313.1731286,
unbound,unsigned,test.test-unsigned.example,cold,834667,0,False,1788804313.1740403,
unbound,unsigned,test.test-unsigned.example,cold,783594,0,False,1788804313.1748805,
unbound,unsigned,test.test-unsigned.example,cold,926183,0,False,1788804313.1758764,
unbound,unsigned,test.test-unsigned.example,cold,812879,0,False,1788804313.17676,
unbound,unsigned,test.test-unsigned.example,cold,1087526,0,False,1788804313.177922,
unbound,unsigned,test.test-unsigned.example,cold,663660,0,False,1788804313.1786358,
unbound,unsigned,test.test-unsigned.example,cold,583023,0,False,1788804313.1792762,
unbound,unsigned,test.test-unsigned.example,cold,541271,0,False,1788804313.1798677,
unbound,unsigned,test.test-unsigned.example,cold,567374,0,False,1788804313.1804752,
unbound,unsigned,test.test-unsigned.example,cold,532807,0,False,1788804313.1810584,
unbound,unsigned,test.test-unsigned.example,cold,547933,0,False,1788804313.1816564,
unbound,unsigned,test.test-unsigned.example,cold,507734,0,False,1788804313.1822174,
unbound,unsigned,test.test-unsigned.example,cold,473668,0,False,1788804313.1827397,
unbound,unsigned,test.test-unsigned.example,cold,540579,0,False,1788804313.1833272,
unbound,unsigned,test.test-unsigned.example,cold,576704,0,False,1788804313.183947,
unbound,unsigned,test.test-unsigned.example,cold,649818,0,False,1788804313.1846492,
unbound,unsigned,test.test-unsigned.example,cold,569819,0,False,1788804313.1852705,
unbound,unsigned,test.test-unsigned.example,cold,470876,0,False,1788804313.1857927,
unbound,unsigned,test.test-unsigned.example,cold,547424,0,False,1788804313.186382,
unbound,unsigned,test.test-unsigned.example,cold,566782,0,False,1788804313.187024,
unbound,unsigned,test.test-unsigned.example,cold,524692,0,False,1788804313.1875901,
unbound,unsigned,test.test-unsigned.example,cold,544675,0,False,1788804313.1881726,
unbound,unsigned,test.test-unsigned.example,cold,525135,0,False,1788804313.1887498,
unbound,unsigned,test.test-unsigned.example,cold,524245,0,False,1788804313.1893132,
unbound,unsigned,test.test-unsigned.example,cold,440124612,0,False,1788804313.6295204,
unbound,unsigned,test.test-unsigned.example,cold,525309021,0,False,1788804314.1550162,
unbound,unsigned,test.test-unsigned.example,cold,2779444,0,False,1788804314.158168,
unbound,unsigned,test.test-unsigned.example,cold,1986009,0,False,1788804314.160343,
unbound,unsigned,test.test-unsigned.example,cold,1111908,0,False,1788804314.1615555,
unbound,unsigned,test.test-unsigned.example,cold,1116161,0,False,1788804314.1627674,
unbound,unsigned,test.test-unsigned.example,cold,1437112,0,False,1788804314.164288,
unbound,unsigned,test.test-unsigned.example,cold,830955,0,False,1788804314.1652863,
unbound,unsigned,test.test-unsigned.example,cold,715761,0,False,1788804314.166078,
unbound,unsigned,test.test-unsigned.example,cold,533014,0,False,1788804314.1666687,
unbound,unsigned,test.test-unsigned.example,cold,602007,0,False,1788804314.1673288,
unbound,unsigned,test.test-unsigned.example,cold,560337,0,False,1788804314.1679504,
unbound,unsigned,test.test-unsigned.example,cold,595005,0,False,1788804314.1686008,
unbound,unsigned,test.test-unsigned.example,cold,460081,0,False,1788804314.1691108,
unbound,unsigned,test.test-unsigned.example,cold,343357,0,False,1788804314.1694891,
unbound,unsigned,test.test-unsigned.example,cold,354881,0,False,1788804314.1698778,
unbound,unsigned,test.test-unsigned.example,cold,378248,0,False,1788804314.170309,
unbound,unsigned,test.test-unsigned.example,cold,349130,0,False,1788804314.1706922,
unbound,unsigned,test.test-unsigned.example,cold,373384,0,False,1788804314.1711059,
unbound,unsigned,test.test-unsigned.example,cold,368292,0,False,1788804314.1715155,
unbound,unsigned,test.test-unsigned.example,cold,314736,0,False,1788804314.171864,
unbound,unsigned,test.test-unsigned.example,cold,406756,0,False,1788804314.1723065,
unbound,unsigned,test.test-unsigned.example,cold,321450,0,False,1788804314.1726618,
unbound,unsigned,test.test-unsigned.example,cold,408530,0,False,1788804314.173104,
unbound,unsigned,test.test-unsigned.example,cold,351424,0,False,1788804314.1734905,
unbound,unsigned,test.test-unsigned.example,cold,364293,0,False,1788804314.1738896,
unbound,unsigned,test.test-unsigned.example,cold,344347,0,False,1788804314.1742697,
unbound,unsigned,test.test-unsigned.example,cold,377451,0,False,1788804314.1746984,
unbound,unsigned,test.test-unsigned.example,cold,629845,0,False,1788804314.175365,
unbound,unsigned,test.test-unsigned.example,cold,366665,0,False,1788804314.1757703,
unbound,unsigned,test.test-unsigned.example,cold,378135,0,False,1788804314.1761827,
unbound,unsigned,test.test-unsigned.example,cold,341292,0,False,1788804314.1765578,
unbound,unsigned,test.test-unsigned.example,cold,341262,0,False,1788804314.1769335,
unbound,unsigned,test.test-unsigned.example,cold,388228,0,False,1788804314.177379,
unbound,unsigned,test.test-unsigned.example,cold,376057,0,False,1788804314.1777894,
unbound,unsigned,test.test-unsigned.example,cold,365277,0,False,1788804314.17819,
unbound,unsigned,test.test-unsigned.example,cold,387840,0,False,1788804314.178613,
unbound,unsigned,test.test-unsigned.example,cold,399000,0,False,1788804314.1790464,
unbound,unsigned,test.test-unsigned.example,cold,485082,0,False,1788804314.1795692,
unbound,unsigned,test.test-unsigned.example,cold,391543,0,False,1788804314.1799996,
unbound,unsigned,test.test-unsigned.example,cold,381315,0,False,1788804314.180421,
unbound,unsigned,test.test-unsigned.example,cold,392466,0,False,1788804314.1808493,
unbound,unsigned,test.test-unsigned.example,cold,412242,0,False,1788804314.1812983,
unbound,unsigned,test.test-unsigned.example,cold,354536,0,False,1788804314.181691,
unbound,unsigned,test.test-unsigned.example,cold,395993,0,False,1788804314.1821213,
unbound,unsigned,test.test-unsigned.example,cold,384613,0,False,1788804314.1825435,
unbound,unsigned,test.test-unsigned.example,cold,350651,0,False,1788804314.1829348,
unbound,unsigned,test.test-unsigned.example,cold,415235,0,False,1788804314.1833851,
unbound,unsigned,test.test-unsigned.example,cold,418915,0,False,1788804314.183839,
unbound,unsigned,test.test-unsigned.example,cold,343142,0,False,1788804314.1842237,
unbound,unsigned,test.test-unsigned.example,cold,425713,0,False,1788804314.1847048,
unbound,unsigned,test.test-unsigned.example,cold,420869,0,False,1788804314.1851618,
unbound,unsigned,test.test-unsigned.example,cold,399948,0,False,1788804314.185597,
unbound,unsigned,test.test-unsigned.example,cold,353643,0,False,1788804314.1860027,
unbound,unsigned,test.test-unsigned.example,cold,443205,0,False,1788804314.1864803,
unbound,unsigned,test.test-unsigned.example,cold,435414,0,False,1788804314.1869607,
unbound,unsigned,test.test-unsigned.example,cold,383562,0,False,1788804314.1873846,
unbound,unsigned,test.test-unsigned.example,cold,402536,0,False,1788804314.1878464,
unbound,unsigned,test.test-unsigned.example,cold,421225,0,False,1788804314.1883025,
unbound,unsigned,test.test-unsigned.example,cold,532864,0,False,1788804314.1888733,
unbound,unsigned,test.test-unsigned.example,cold,386161,0,False,1788804314.1893148,
unbound,unsigned,test.test-unsigned.example,cold,395881,0,False,1788804314.1897476,
unbound,unsigned,test.test-unsigned.example,cold,43370471,0,False,1788804314.233238,
unbound,unsigned,test.test-unsigned.example,cold,17792830,0,False,1788804314.2512093,
unbound,unsigned,test.test-unsigned.example,cold,1185645,0,False,1788804314.252502,
unbound,unsigned,test.test-unsigned.example,cold,931654,0,False,1788804314.2535367,
unbound,unsigned,test.test-unsigned.example,cold,898491,0,False,1788804314.2545247,
unbound,unsigned,test.test-unsigned.example,cold,885646,0,False,1788804314.2555127,
unbound,unsigned,test.test-unsigned.example,cold,950334,0,False,1788804314.2565522,
unbound,unsigned,test.test-unsigned.example,cold,6683123,0,False,1788804314.2633677,
unbound,unsigned,test.test-unsigned.example,cold,4491840,0,False,1788804314.268219,
unbound,unsigned,test.test-unsigned.example,cold,1768599,0,False,1788804314.2702343,
unbound,unsigned,test.test-unsigned.example,cold,1182750,0,False,1788804314.2715125,
unbound,unsigned,test.test-unsigned.example,cold,856825,0,False,1788804314.2724483,
unbound,unsigned,test.test-unsigned.example,cold,835580,0,False,1788804314.2733595,
unbound,unsigned,test.test-unsigned.example,cold,14635030,0,False,1788804314.2880635,
unbound,unsigned,test.test-unsigned.example,cold,1590862,0,False,1788804314.2899458,
unbound,unsigned,test.test-unsigned.example,cold,903830,0,False,1788804314.2910473,
unbound,unsigned,test.test-unsigned.example,cold,782259,0,False,1788804314.2919774,
unbound,unsigned,test.test-unsigned.example,cold,847439,0,False,1788804314.2929025,
unbound,unsigned,test.test-unsigned.example,cold,6520133,0,False,1788804314.2995553,
unbound,unsigned,test.test-unsigned.example,cold,1663301,0,False,1788804314.301479,
unbound,unsigned,test.test-unsigned.example,cold,1605717,0,False,1788804314.30353,
unbound,unsigned,test.test-unsigned.example,cold,12010906,0,False,1788804314.3156686,
unbound,unsigned,test.test-unsigned.example,cold,1246829,0,False,1788804314.3170435,
unbound,unsigned,test.test-unsigned.example,cold,979684,0,False,1788804314.318109,
unbound,unsigned,test.test-unsigned.example,cold,983854,0,False,1788804314.3191853,
unbound,unsigned,test.test-unsigned.example,cold,1144981,0,False,1788804314.320409,
unbound,unsigned,test.test-unsigned.example,cold,1345795,0,False,1788804314.3218663,
unbound,unsigned,test.test-unsigned.example,cold,947532,0,False,1788804314.3228939,
unbound,unsigned,test.test-unsigned.example,cold,8705150,0,False,1788804314.331677,
unbound,unsigned,test.test-unsigned.example,cold,894431,0,False,1788804314.3326735,
unbound,unsigned,test.test-unsigned.example,cold,5561771,0,False,1788804314.3383145,
unbound,unsigned,test.test-unsigned.example,cold,1101110,0,False,1788804314.3394985,
unbound,unsigned,test.test-unsigned.example,cold,830969,0,False,1788804314.3404033,
unbound,unsigned,test.test-unsigned.example,cold,1144212,0,False,1788804314.34163,
unbound,unsigned,test.test-unsigned.example,cold,5390893,0,False,1788804314.3476236,
unbound,unsigned,test.test-unsigned.example,cold,1076970,0,False,1788804314.3488615,
unbound,unsigned,test.test-unsigned.example,cold,856445,0,False,1788804314.3497965,
unbound,unsigned,test.test-unsigned.example,cold,953792,0,False,1788804314.3508344,
unbound,unsigned,test.test-unsigned.example,cold,1077377,0,False,1788804314.3521082,
unbound,unsigned,test.test-unsigned.example,cold,1025261,0,False,1788804314.353222,
unbound,unsigned,test.test-unsigned.example,cold,941050,0,False,1788804314.3542612,
unbound,unsigned,test.test-unsigned.example,cold,656367,0,False,1788804314.3549893,
unbound,unsigned,test.test-unsigned.example,cold,856412,0,False,1788804314.3559155,
unbound,unsigned,test.test-unsigned.example,cold,899162,0,False,1788804314.3571854,
unbound,unsigned,test.test-unsigned.example,cold,1020949,0,False,1788804314.3582776,
unbound,unsigned,test.test-unsigned.example,cold,1247040,0,False,1788804314.3596127,
unbound,unsigned,test.test-unsigned.example,cold,1331648,0,False,1788804314.3614001,
unbound,unsigned,test.test-unsigned.example,cold,1684706,0,False,1788804314.3631456,
unbound,unsigned,test.test-unsigned.example,cold,1808148,0,False,1788804314.365037,
unbound,unsigned,test.test-unsigned.example,cold,3391540,0,False,1788804314.3685138,
unbound,unsigned,test.test-unsigned.example,cold,1794678,0,False,1788804314.3704894,
unbound,unsigned,test.test-unsigned.example,cold,1295065,0,False,1788804314.371878,
unbound,unsigned,test.test-unsigned.example,cold,2374839,0,False,1788804314.374352,
unbound,unsigned,test.test-unsigned.example,cold,1762994,0,False,1788804314.37623,
unbound,unsigned,test.test-unsigned.example,cold,1840440,0,False,1788804314.378161,
unbound,unsigned,test.test-unsigned.example,cold,1427872,0,False,1788804314.3797052,
unbound,unsigned,test.test-unsigned.example,cold,2330630,0,False,1788804314.3821719,
unbound,unsigned,test.test-unsigned.example,cold,1160884,0,False,1788804314.383444,
unbound,unsigned,test.test-unsigned.example,cold,3821659,0,False,1788804314.3873935,
unbound,unsigned,test.test-unsigned.example,cold,1521356,0,False,1788804314.3890817,
unbound,unsigned,test.test-unsigned.example,cold,5669346,0,False,1788804314.395057,
unbound,unsigned,test.test-unsigned.example,cold,3561421,0,False,1788804314.4026642,
unbound,unsigned,test.test-unsigned.example,cold,2014203,0,False,1788804314.4048166,
unbound,unsigned,test.test-unsigned.example,cold,859441,0,False,1788804314.405756,
unbound,unsigned,test.test-unsigned.example,cold,1495019,0,False,1788804314.4073868,
unbound,unsigned,test.test-unsigned.example,cold,995885,0,False,1788804314.408485,
unbound,unsigned,test.test-unsigned.example,cold,1065900,0,False,1788804314.4096422,
unbound,unsigned,test.test-unsigned.example,cold,1092317,0,False,1788804314.4108279,
unbound,unsigned,test.test-unsigned.example,cold,882906,0,False,1788804314.411807,
unbound,unsigned,test.test-unsigned.example,cold,904189,0,False,1788804314.412829,
unbound,unsigned,test.test-unsigned.example,cold,692210,0,False,1788804314.4136171,
unbound,unsigned,test.test-unsigned.example,cold,673209,0,False,1788804314.4144456,
unbound,unsigned,test.test-unsigned.example,cold,951270,0,False,1788804314.415457,
unbound,unsigned,test.test-unsigned.example,cold,1115179,0,False,1788804314.4166582,
unbound,unsigned,test.test-unsigned.example,cold,1195485,0,False,1788804314.4180427,
unbound,unsigned,test.test-unsigned.example,cold,1656548,0,False,1788804314.419879,
unbound,unsigned,test.test-unsigned.example,cold,1469613,0,False,1788804314.4214416,
unbound,unsigned,test.test-unsigned.example,cold,1341418,0,False,1788804314.4228776,
unbound,unsigned,test.test-unsigned.example,cold,1556239,0,False,1788804314.4245243,
unbound,unsigned,test.test-unsigned.example,cold,2268504,0,False,1788804314.4270413,
unbound,unsigned,test.test-unsigned.example,cold,1399661,0,False,1788804314.4287484,
unbound,unsigned,test.test-unsigned.example,cold,1184262,0,False,1788804314.4300525,
unbound,unsigned,test.test-unsigned.example,cold,1034449,0,False,1788804314.4311974,
unbound,unsigned,test.test-unsigned.example,cold,872353,0,False,1788804314.432184,
unbound,unsigned,test.test-unsigned.example,cold,800986,0,False,1788804314.433062,
unbound,unsigned,test.test-unsigned.example,cold,1819670,0,False,1788804314.4349678,
unbound,unsigned,test.test-unsigned.example,cold,1114099,0,False,1788804314.436208,
unbound,unsigned,test.test-unsigned.example,cold,5771429,0,False,1788804314.442063,
unbound,unsigned,test.test-unsigned.example,cold,1784973,0,False,1788804314.4439564,
unbound,unsigned,test.test-unsigned.example,cold,1077587,0,False,1788804314.4451122,
unbound,unsigned,test.test-unsigned.example,cold,769446,0,False,1788804314.4459605,
unbound,unsigned,test.test-unsigned.example,cold,921018,0,False,1788804314.4469554,
unbound,unsigned,test.test-unsigned.example,cold,861858,0,False,1788804314.4478729,
unbound,unsigned,test.test-unsigned.example,cold,2482844,0,False,1788804314.4505546,
unbound,unsigned,test.test-unsigned.example,cold,2313479,0,False,1788804314.4530292,
unbound,unsigned,test.test-unsigned.example,cold,976006,0,False,1788804314.4541104,
unbound,unsigned,test.test-unsigned.example,cold,658657,0,False,1788804314.4548702,
unbound,unsigned,test.test-unsigned.example,cold,689286,0,False,1788804314.4556997,
unbound,unsigned,test.test-unsigned.example,cold,672877,0,False,1788804314.4564545,
unbound,unsigned,test.test-unsigned.example,cold,822805,0,False,1788804314.4574158,
unbound,unsigned,test.test-unsigned.example,cold,662624,0,False,1788804314.4581425,
unbound,unsigned,test.test-unsigned.example,cold,1353512,0,False,1788804314.459559,
unbound,unsigned,test.test-unsigned.example,cold,1002645,0,False,1788804314.4606528,
unbound,unsigned,test.test-unsigned.example,cold,1298317,0,False,1788804314.4620318,
unbound,unsigned,test.test-unsigned.example,cold,856061,0,False,1788804314.462985,
unbound,unsigned,test.test-unsigned.example,cold,752453,0,False,1788804314.4637895,
unbound,unsigned,test.test-unsigned.example,cold,833393,0,False,1788804314.4646893,
unbound,unsigned,test.test-unsigned.example,cold,602906,0,False,1788804314.4654496,
unbound,unsigned,test.test-unsigned.example,cold,659963,0,False,1788804314.4661837,
unbound,unsigned,test.test-unsigned.example,cold,755168,0,False,1788804314.4670725,
unbound,unsigned,test.test-unsigned.example,cold,673687,0,False,1788804314.467884,
unbound,unsigned,test.test-unsigned.example,cold,838076,0,False,1788804314.4688148,
unbound,unsigned,test.test-unsigned.example,cold,1226708,0,False,1788804314.4702146,
unbound,unsigned,test.test-unsigned.example,cold,992999,0,False,1788804314.4712937,
unbound,unsigned,test.test-unsigned.example,cold,946571,0,False,1788804314.472326,
unbound,unsigned,test.test-unsigned.example,cold,2321605,0,False,1788804314.47475,
unbound,unsigned,test.test-unsigned.example,cold,996465,0,False,1788804314.475856,
unbound,unsigned,test.test-unsigned.example,cold,1078750,0,False,1788804314.4770305,
unbound,unsigned,test.test-unsigned.example,cold,931617,0,False,1788804314.4780507,
unbound,unsigned,test.test-unsigned.example,cold,819882,0,False,1788804314.4789517,
unbound,unsigned,test.test-unsigned.example,cold,1673637,0,False,1788804314.480699,
unbound,unsigned,test.test-unsigned.example,cold,1828999,0,False,1788804314.4826572,
unbound,unsigned,test.test-unsigned.example,cold,1551719,0,False,1788804314.4845545,
unbound,unsigned,test.test-unsigned.example,cold,1792866,0,False,1788804314.4868324,
unbound,unsigned,test.test-unsigned.example,cold,1100566,0,False,1788804314.4880707,
unbound,unsigned,test.test-unsigned.example,cold,1296936,0,False,1788804314.4894743,
unbound,unsigned,test.test-unsigned.example,cold,923218,0,False,1788804314.4904737,
unbound,unsigned,test.test-unsigned.example,cold,923965,0,False,1788804314.4914744,
unbound,unsigned,test.test-unsigned.example,cold,944410,0,False,1788804314.4924905,
unbound,unsigned,test.test-unsigned.example,cold,1070809,0,False,1788804314.4936306,
unbound,unsigned,test.test-unsigned.example,cold,1156095,0,False,1788804314.4948566,
unbound,unsigned,test.test-unsigned.example,cold,835900,0,False,1788804314.4957669,
unbound,unsigned,test.test-unsigned.example,cold,777915,0,False,1788804314.4966028,
unbound,unsigned,test.test-unsigned.example,cold,718531,0,False,1788804314.4976108,
unbound,unsigned,test.test-unsigned.example,cold,1092038,0,False,1788804314.4987602,
unbound,unsigned,test.test-unsigned.example,cold,820093,0,False,1788804314.499652,
unbound,unsigned,test.test-unsigned.example,cold,963352,0,False,1788804314.5006707,
unbound,unsigned,test.test-unsigned.example,cold,722042,0,False,1788804314.5014565,
unbound,unsigned,test.test-unsigned.example,cold,676094,0,False,1788804314.5022032,
unbound,unsigned,test.test-unsigned.example,cold,710927,0,False,1788804314.5029788,
unbound,unsigned,test.test-unsigned.example,cold,966448,0,False,1788804314.504008,
unbound,unsigned,test.test-unsigned.example,cold,639073,0,False,1788804314.5047083,
unbound,unsigned,test.test-unsigned.example,cold,722679,0,False,1788804314.5054832,
unbound,unsigned,test.test-unsigned.example,cold,735543,0,False,1788804314.5062912,
unbound,unsigned,test.test-unsigned.example,cold,684232,0,False,1788804314.507033,
unbound,unsigned,test.test-unsigned.example,cold,758390,0,False,1788804314.5078528,
unbound,unsigned,test.test-unsigned.example,cold,866184,0,False,1788804314.5087836,
unbound,unsigned,test.test-unsigned.example,cold,678948,0,False,1788804314.509509,
unbound,unsigned,test.test-unsigned.example,cold,672014,0,False,1788804314.5102365,
unbound,unsigned,test.test-unsigned.example,cold,674349,0,False,1788804314.5109773,
unbound,unsigned,test.test-unsigned.example,cold,767412,0,False,1788804314.5118022,
unbound,unsigned,test.test-unsigned.example,cold,952884,0,False,1788804314.512827,
unbound,unsigned,test.test-unsigned.example,cold,864100,0,False,1788804314.5137708,
unbound,unsigned,test.test-unsigned.example,cold,905614,0,False,1788804314.5147552,
unbound,unsigned,test.test-unsigned.example,cold,702595,0,False,1788804314.5155337,
unbound,unsigned,test.test-unsigned.example,cold,781118,0,False,1788804314.5163782,
unbound,unsigned,test.test-unsigned.example,cold,716173,0,False,1788804314.5171442,
unbound,unsigned,test.test-unsigned.example,cold,651595,0,False,1788804314.517861,
unbound,unsigned,test.test-unsigned.example,cold,718497,0,False,1788804314.5186517,
unbound,unsigned,test.test-unsigned.example,cold,763826,0,False,1788804314.5194833,
unbound,unsigned,test.test-unsigned.example,cold,675429,0,False,1788804314.520223,
unbound,unsigned,test.test-unsigned.example,cold,677084,0,False,1788804314.5209622,
unbound,unsigned,test.test-unsigned.example,cold,689266,0,False,1788804314.52171,
unbound,unsigned,test.test-unsigned.example,cold,800064,0,False,1788804314.5225742,
unbound,unsigned,test.test-unsigned.example,cold,1248448,0,False,1788804314.5238996,
unbound,unsigned,test.test-unsigned.example,cold,1179706,0,False,1788804314.5251594,
unbound,unsigned,test.test-unsigned.example,cold,911062,0,False,1788804314.5261438,
unbound,unsigned,test.test-unsigned.example,cold,803053,0,False,1788804314.5270605,
unbound,unsigned,test.test-unsigned.example,cold,869228,0,False,1788804314.528018,
unbound,unsigned,test.test-unsigned.example,cold,1318060,0,False,1788804314.5294166,
unbound,unsigned,test.test-unsigned.example,cold,799878,0,False,1788804314.5302951,
unbound,unsigned,test.test-unsigned.example,cold,1061513,0,False,1788804314.5314188,
unbound,unsigned,test.test-unsigned.example,cold,755504,0,False,1788804314.5322359,
unbound,unsigned,test.test-unsigned.example,cold,727073,0,False,1788804314.5330138,
unbound,unsigned,test.test-unsigned.example,cold,662480,0,False,1788804314.5337288,
unbound,unsigned,test.test-unsigned.example,cold,753237,0,False,1788804314.5345416,
unbound,unsigned,test.test-unsigned.example,cold,1041447,0,False,1788804314.5356398,
unbound,unsigned,test.test-unsigned.example,cold,804260,0,False,1788804314.5365584,
unbound,unsigned,test.test-unsigned.example,cold,654215,0,False,1788804314.5372748,
unbound,unsigned,test.test-unsigned.example,cold,642359,0,False,1788804314.5379624,
unbound,unsigned,test.test-unsigned.example,cold,712593,0,False,1788804314.538738,
unbound,unsigned,test.test-unsigned.example,cold,669386,0,False,1788804314.5394723,
unbound,unsigned,test.test-unsigned.example,cold,674692,0,False,1788804314.540204,
unbound,unsigned,test.test-unsigned.example,cold,731674,0,False,1788804314.5410132,
unbound,unsigned,test.test-unsigned.example,cold,755512,0,False,1788804314.541826,
unbound,unsigned,test.test-unsigned.example,cold,594932,0,False,1788804314.5424871,
unbound,unsigned,test.test-unsigned.example,cold,646839,0,False,1788804314.5431974,
unbound,unsigned,test.test-unsigned.example,cold,684502,0,False,1788804314.5439506,
unbound,unsigned,test.test-unsigned.example,cold,796037,0,False,1788804314.5447981,
unbound,unsigned,test.test-unsigned.example,cold,637626,0,False,1788804314.5454915,
unbound,unsigned,test.test-unsigned.example,cold,677611,0,False,1788804314.5462675,
unbound,unsigned,test.test-unsigned.example,cold,1067922,0,False,1788804314.5473866,
unbound,unsigned,test.test-unsigned.example,cold,771765,0,False,1788804314.5482204,
unbound,unsigned,test.test-unsigned.example,cold,562804,0,False,1788804314.5488331,
unbound,unsigned,test.test-unsigned.example,cold,606370,0,False,1788804314.5494826,
unbound,unsigned,test.test-unsigned.example,cold,1525074,0,False,1788804314.551069,
unbound,unsigned,test.test-unsigned.example,cold,883955,0,False,1788804314.552197,
unbound,unsigned,test.test-unsigned.example,cold,746435,0,False,1788804314.553012,
unbound,unsigned,test.test-unsigned.example,cold,717972,0,False,1788804314.5537927,
unbound,unsigned,test.test-unsigned.example,cold,601629,0,False,1788804314.5544474,
unbound,unsigned,test.test-unsigned.example,cold,649545,0,False,1788804314.5551531,
unbound,unsigned,test.test-unsigned.example,cold,784937,0,False,1788804314.5559995,
unbound,unsigned,test.test-unsigned.example,cold,775992,0,False,1788804314.5568423,
unbound,unsigned,test.test-unsigned.example,cold,805730,0,False,1788804314.5577178,
unbound,unsigned,test.test-unsigned.example,cold,727048,0,False,1788804314.5585153,
unbound,unsigned,test.test-unsigned.example,cold,1240173,0,False,1788804314.5599477,
unbound,unsigned,test.test-unsigned.example,cold,943813,0,False,1788804314.5611,
unbound,unsigned,test.test-unsigned.example,cold,800642,0,False,1788804314.5619898,
unbound,unsigned,test.test-unsigned.example,cold,896525,0,False,1788804314.56296,
unbound,unsigned,test.test-unsigned.example,cold,1064846,0,False,1788804314.5640943,
unbound,unsigned,test.test-unsigned.example,cold,1018408,0,False,1788804314.5651739,
unbound,unsigned,test.test-unsigned.example,cold,803305,0,False,1788804314.5660412,
unbound,unsigned,test.test-unsigned.example,cold,626108,0,False,1788804314.5667684,
unbound,unsigned,test.test-unsigned.example,cold,828712,0,False,1788804314.5676556,
unbound,unsigned,test.test-unsigned.example,cold,1250791,0,False,1788804314.5689702,
unbound,unsigned,test.test-unsigned.example,cold,819564,0,False,1788804314.5698738,
unbound,unsigned,test.test-unsigned.example,cold,940646,0,False,1788804314.5709445,
unbound,unsigned,test.test-unsigned.example,cold,952175,0,False,1788804314.5719702,
unbound,unsigned,test.test-unsigned.example,cold,1049581,0,False,1788804314.5730941,
unbound,unsigned,test.test-unsigned.example,cold,830991,0,False,1788804314.5741227,
unbound,unsigned,test.test-unsigned.example,cold,811587,0,False,1788804314.5749934,
unbound,unsigned,test.test-unsigned.example,cold,748020,0,False,1788804314.5758693,
unbound,unsigned,test.test-unsigned.example,cold,702692,0,False,1788804314.5766594,
unbound,unsigned,test.test-unsigned.example,cold,688015,0,False,1788804314.57741,
unbound,unsigned,test.test-unsigned.example,cold,563876,0,False,1788804314.5780199,
unbound,unsigned,test.test-unsigned.example,cold,681617,0,False,1788804314.5787637,
unbound,unsigned,test.test-unsigned.example,cold,653981,0,False,1788804314.5794783,
unbound,unsigned,test.test-unsigned.example,cold,1123548,0,False,1788804314.5806692,
unbound,unsigned,test.test-unsigned.example,cold,992196,0,False,1788804314.5817344,
unbound,unsigned,test.test-unsigned.example,cold,1003015,0,False,1788804314.5828152,
unbound,unsigned,test.test-unsigned.example,cold,797205,0,False,1788804314.583687,
unbound,unsigned,test.test-unsigned.example,cold,805068,0,False,1788804314.5845625,
unbound,unsigned,test.test-unsigned.example,cold,644462,0,False,1788804314.5853443,
unbound,unsigned,test.test-unsigned.example,cold,938084,0,False,1788804314.5863893,
unbound,unsigned,test.test-unsigned.example,cold,699814,0,False,1788804314.5871565,
unbound,unsigned,test.test-unsigned.example,cold,852358,0,False,1788804314.5880806,
unbound,unsigned,test.test-unsigned.example,cold,605333,0,False,1788804314.5887554,
unbound,unsigned,test.test-unsigned.example,cold,660331,0,False,1788804314.5895123,
unbound,unsigned,test.test-unsigned.example,cold,726995,0,False,1788804314.5903313,
unbound,unsigned,test.test-unsigned.example,cold,772117,0,False,1788804314.5911763,
unbound,unsigned,test.test-unsigned.example,cold,1078013,0,False,1788804314.5923371,
unbound,unsigned,test.test-unsigned.example,cold,968347,0,False,1788804314.5934813,
unbound,unsigned,test.test-unsigned.example,cold,651647,0,False,1788804314.5941937,
unbound,unsigned,test.test-unsigned.example,cold,709710,0,False,1788804314.5949652,
unbound,unsigned,test.test-unsigned.example,cold,905350,0,False,1788804314.5959415,
unbound,unsigned,test.test-unsigned.example,cold,827663,0,False,1788804314.5968428,
unbound,unsigned,test.test-unsigned.example,cold,775479,0,False,1788804314.5976827,
unbound,unsigned,test.test-unsigned.example,cold,583183,0,False,1788804314.5983205,
unbound,unsigned,test.test-unsigned.example,cold,798631,0,False,1788804314.5991857,
unbound,unsigned,test.test-unsigned.example,cold,728926,0,False,1788804314.5999868,
unbound,unsigned,test.test-unsigned.example,cold,798661,0,False,1788804314.6008534,
unbound,unsigned,test.test-unsigned.example,cold,898159,0,False,1788804314.6018238,
unbound,unsigned,test.test-unsigned.example,cold,828563,0,False,1788804314.60273,
unbound,unsigned,test.test-unsigned.example,cold,822017,0,False,1788804314.603626,
unbound,unsigned,test.test-unsigned.example,cold,843523,0,False,1788804314.604533,
unbound,unsigned,test.test-unsigned.example,cold,776456,0,False,1788804314.6053684,
unbound,unsigned,test.test-unsigned.example,cold,885823,0,False,1788804314.606343,
unbound,unsigned,test.test-unsigned.example,cold,804352,0,False,1788804314.6072462,
unbound,unsigned,test.test-unsigned.example,cold,813391,0,False,1788804314.6081214,
unbound,unsigned,test.test-unsigned.example,cold,754238,0,False,1788804314.6089835,
unbound,unsigned,test.test-unsigned.example,cold,738212,0,False,1788804314.609803,
unbound,unsigned,test.test-unsigned.example,cold,897832,0,False,1788804314.6107504,
unbound,unsigned,test.test-unsigned.example,cold,863339,0,False,1788804314.611684,
unbound,unsigned,test.test-unsigned.example,cold,722447,0,False,1788804314.6124992,
unbound,unsigned,test.test-unsigned.example,cold,735792,0,False,1788804314.6133006,
unbound,unsigned,test.test-unsigned.example,cold,746345,0,False,1788804314.6141102,
unbound,unsigned,test.test-unsigned.example,cold,715896,0,False,1788804314.6148858,
unbound,unsigned,test.test-unsigned.example,cold,814260,0,False,1788804314.6157575,
unbound,unsigned,test.test-unsigned.example,cold,679128,0,False,1788804314.6164992,
unbound,unsigned,test.test-unsigned.example,cold,750927,0,False,1788804314.6173112,
unbound,unsigned,test.test-unsigned.example,cold,719433,0,False,1788804314.6180885,
unbound,unsigned,test.test-unsigned.example,cold,789045,0,False,1788804314.6189392,
unbound,unsigned,test.test-unsigned.example,cold,744382,0,False,1788804314.6197627,
unbound,unsigned,test.test-unsigned.example,cold,621731,0,False,1788804314.6204495,
unbound,unsigned,test.test-unsigned.example,cold,676798,0,False,1788804314.6211863,
unbound,unsigned,test.test-unsigned.example,cold,731328,0,False,1788804314.621978,
unbound,unsigned,test.test-unsigned.example,cold,674231,0,False,1788804314.6227157,
unbound,unsigned,test.test-unsigned.example,cold,781017,0,False,1788804314.6235511,
unbound,unsigned,test.test-unsigned.example,cold,690962,0,False,1788804314.6242905,
unbound,unsigned,test.test-unsigned.example,cold,623847,0,False,1788804314.6249807,
unbound,unsigned,test.test-unsigned.example,cold,662556,0,False,1788804314.625733,
unbound,unsigned,test.test-unsigned.example,cold,676228,0,False,1788804314.626484,
unbound,unsigned,test.test-unsigned.example,cold,728257,0,False,1788804314.627288,
unbound,unsigned,test.test-unsigned.example,cold,693499,0,False,1788804314.6280787,
unbound,unsigned,test.test-unsigned.example,cold,775482,0,False,1788804314.6289606,
unbound,unsigned,test.test-unsigned.example,cold,791608,0,False,1788804314.6298082,
unbound,unsigned,test.test-unsigned.example,cold,799729,0,False,1788804314.6307135,
unbound,unsigned,test.test-unsigned.example,cold,765326,0,False,1788804314.631544,
unbound,unsigned,test.test-unsigned.example,cold,730104,0,False,1788804314.6323586,
unbound,unsigned,test.test-unsigned.example,cold,3500016,0,False,1788804314.6359403,
unbound,unsigned,test.test-unsigned.example,cold,1021154,0,False,1788804314.6370862,
unbound,unsigned,test.test-unsigned.example,cold,785366,0,False,1788804314.6379468,
unbound,unsigned,test.test-unsigned.example,cold,696218,0,False,1788804314.6387076,
unbound,unsigned,test.test-unsigned.example,cold,655217,0,False,1788804314.639423,
unbound,unsigned,test.test-unsigned.example,cold,1196329,0,False,1788804314.6406772,
unbound,unsigned,test.test-unsigned.example,cold,1095000,0,False,1788804314.641898,
unbound,unsigned,test.test-unsigned.example,cold,833961,0,False,1788804314.6428096,
unbound,unsigned,test.test-unsigned.example,cold,917817,0,False,1788804314.6438322,
unbound,unsigned,test.test-unsigned.example,cold,1386808,0,False,1788804314.6452909,
unbound,unsigned,test.test-unsigned.example,cold,790206,0,False,1788804314.646231,
unbound,unsigned,test.test-unsigned.example,cold,735026,0,False,1788804314.647031,
unbound,unsigned,test.test-unsigned.example,cold,867899,0,False,1788804314.6481488,
unbound,unsigned,test.test-unsigned.example,cold,742860,0,False,1788804314.6489556,
unbound,unsigned,test.test-unsigned.example,cold,777462,0,False,1788804314.64985,
unbound,unsigned,test.test-unsigned.example,cold,785061,0,False,1788804314.650703,
unbound,unsigned,test.test-unsigned.example,cold,1263041,0,False,1788804314.6520267,
unbound,unsigned,test.test-unsigned.example,cold,757089,0,False,1788804314.652834,
unbound,unsigned,test.test-unsigned.example,cold,679584,0,False,1788804314.6535833,
unbound,unsigned,test.test-unsigned.example,cold,695283,0,False,1788804314.6543295,
unbound,unsigned,test.test-unsigned.example,cold,721537,0,False,1788804314.6551013,
unbound,unsigned,test.test-unsigned.example,cold,651754,0,False,1788804314.655994,
unbound,unsigned,test.test-unsigned.example,cold,916547,0,False,1788804314.6569767,
unbound,unsigned,test.test-unsigned.example,cold,1095714,0,False,1788804314.6581783,
unbound,unsigned,test.test-unsigned.example,cold,692053,0,False,1788804314.6589212,
unbound,unsigned,test.test-unsigned.example,cold,770086,0,False,1788804314.6598203,
unbound,unsigned,test.test-unsigned.example,cold,688191,0,False,1788804314.6605685,
unbound,unsigned,test.test-unsigned.example,cold,796400,0,False,1788804314.6614351,
unbound,unsigned,test.test-unsigned.example,cold,660390,0,False,1788804314.6621637,
unbound,unsigned,test.test-unsigned.example,cold,593275,0,False,1788804314.662824,
unbound,unsigned,test.test-unsigned.example,cold,648355,0,False,1788804314.663534,
unbound,unsigned,test.test-unsigned.example,cold,571010,0,False,1788804314.6641607,
unbound,unsigned,test.test-unsigned.example,cold,631989,0,False,1788804314.6648521,
unbound,unsigned,test.test-unsigned.example,cold,789346,0,False,1788804314.6656969,
unbound,unsigned,test.test-unsigned.example,cold,1091039,0,False,1788804314.6668491,
unbound,unsigned,test.test-unsigned.example,cold,1067979,0,False,1788804314.6680298,
unbound,unsigned,test.test-unsigned.example,cold,859616,0,False,1788804314.6689537,
unbound,unsigned,test.test-unsigned.example,cold,667081,0,False,1788804314.669688,
unbound,unsigned,test.test-unsigned.example,cold,770086,0,False,1788804314.6705205,
unbound,unsigned,test.test-unsigned.example,cold,806931,0,False,1788804314.6713903,
unbound,unsigned,test.test-unsigned.example,cold,722560,0,False,1788804314.67218,
unbound,unsigned,test.test-unsigned.example,cold,771622,0,False,1788804314.6730146,
unbound,unsigned,test.test-unsigned.example,cold,847028,0,False,1788804314.6739202,
unbound,unsigned,test.test-unsigned.example,cold,641824,0,False,1788804314.6746185,
unbound,unsigned,test.test-unsigned.example,cold,851422,0,False,1788804314.675589,
unbound,unsigned,test.test-unsigned.example,cold,1001004,0,False,1788804314.6766593,
unbound,unsigned,test.test-unsigned.example,cold,750885,0,False,1788804314.6775131,
unbound,unsigned,test.test-unsigned.example,cold,769288,0,False,1788804314.678343,
unbound,unsigned,test.test-unsigned.example,cold,679909,0,False,1788804314.679089,
unbound,unsigned,test.test-unsigned.example,cold,699057,0,False,1788804314.6799314,
unbound,unsigned,test.test-unsigned.example,cold,761985,0,False,1788804314.6807508,
unbound,unsigned,test.test-unsigned.example,cold,779950,0,False,1788804314.6815872,
unbound,unsigned,test.test-unsigned.example,cold,712412,0,False,1788804314.6823554,
unbound,unsigned,test.test-unsigned.example,cold,1193339,0,False,1788804314.683608,
unbound,unsigned,test.test-unsigned.example,cold,769338,0,False,1788804314.6844501,
unbound,unsigned,test.test-unsigned.example,cold,982194,0,False,1788804314.6854956,
unbound,unsigned,test.test-unsigned.example,cold,2164904,0,False,1788804314.6877754,
unbound,unsigned,test.test-unsigned.example,cold,1066173,0,False,1788804314.6889348,
unbound,unsigned,test.test-unsigned.example,cold,818416,0,False,1788804314.689835,
unbound,unsigned,test.test-unsigned.example,cold,928220,0,False,1788804314.6908581,
unbound,unsigned,test.test-unsigned.example,cold,895914,0,False,1788804314.6919365,
unbound,unsigned,test.test-unsigned.example,cold,3753851,0,False,1788804314.695799,
unbound,unsigned,test.test-unsigned.example,cold,828179,0,False,1788804314.696716,
unbound,unsigned,test.test-unsigned.example,cold,870832,0,False,1788804314.6976447,
unbound,unsigned,test.test-unsigned.example,cold,659990,0,False,1788804314.6983507,
unbound,unsigned,test.test-unsigned.example,cold,630372,0,False,1788804314.6990435,
unbound,unsigned,test.test-unsigned.example,cold,648502,0,False,1788804314.6997483,
unbound,unsigned,test.test-unsigned.example,cold,891691,0,False,1788804314.7008264,
unbound,unsigned,test.test-unsigned.example,cold,637969,0,False,1788804314.701629,
unbound,unsigned,test.test-unsigned.example,cold,688356,0,False,1788804314.7024136,
unbound,unsigned,test.test-unsigned.example,cold,732832,0,False,1788804314.7032046,
unbound,unsigned,test.test-unsigned.example,cold,630348,0,False,1788804314.7038796,
unbound,unsigned,test.test-unsigned.example,cold,980919,0,False,1788804314.7049325,
unbound,unsigned,test.test-unsigned.example,cold,639038,0,False,1788804314.705674,
unbound,unsigned,test.test-unsigned.example,cold,612683,0,False,1788804314.706336,
unbound,unsigned,test.test-unsigned.example,cold,905964,0,False,1788804314.707296,
unbound,unsigned,test.test-unsigned.example,cold,914574,0,False,1788804314.7082708,
unbound,unsigned,test.test-unsigned.example,cold,901978,0,False,1788804314.709308,
unbound,unsigned,test.test-unsigned.example,cold,703896,0,False,1788804314.7101038,
unbound,unsigned,test.test-unsigned.example,cold,1266881,0,False,1788804314.71143,
unbound,unsigned,test.test-unsigned.example,cold,681968,0,False,1788804314.712178,
unbound,unsigned,test.test-unsigned.example,cold,831542,0,False,1788804314.7130826,
unbound,unsigned,test.test-unsigned.example,cold,785703,0,False,1788804314.7139452,
unbound,unsigned,test.test-unsigned.example,cold,779640,0,False,1788804314.714786,
unbound,unsigned,test.test-unsigned.example,cold,670712,0,False,1788804314.715514,
unbound,unsigned,test.test-unsigned.example,cold,572766,0,False,1788804314.7161376,
unbound,unsigned,test.test-unsigned.example,cold,698447,0,False,1788804314.7168818,
unbound,unsigned,test.test-unsigned.example,cold,819491,0,False,1788804314.717793,
unbound,unsigned,test.test-unsigned.example,cold,722256,0,False,1788804314.7185755,
unbound,unsigned,test.test-unsigned.example,cold,702902,0,False,1788804314.719331,
unbound,unsigned,test.test-unsigned.example,cold,858539,0,False,1788804314.7202444,
unbound,unsigned,test.test-unsigned.example,cold,1809694,0,False,1788804314.7221978,
unbound,unsigned,test.test-unsigned.example,cold,1160661,0,False,1788804314.7234607,
unbound,unsigned,test.test-unsigned.example,cold,1107474,0,False,1788804314.724643,
unbound,unsigned,test.test-unsigned.example,cold,1293067,0,False,1788804314.7261078,
unbound,unsigned,test.test-unsigned.example,cold,1801003,0,False,1788804314.7281225,
unbound,unsigned,test.test-unsigned.example,cold,1154757,0,False,1788804314.729368,
unbound,unsigned,test.test-unsigned.example,cold,1045349,0,False,1788804314.7304888,
unbound,unsigned,test.test-unsigned.example,cold,1095435,0,False,1788804314.7316873,
unbound,unsigned,test.test-unsigned.example,cold,677385,0,False,1788804314.7326381,
unbound,unsigned,test.test-unsigned.example,cold,829994,0,False,1788804314.73352,
unbound,unsigned,test.test-unsigned.example,cold,916439,0,False,1788804314.7345097,
unbound,unsigned,test.test-unsigned.example,cold,1441290,0,False,1788804314.736031,
unbound,unsigned,test.test-unsigned.example,cold,826441,0,False,1788804314.7369788,
unbound,unsigned,test.test-unsigned.example,cold,737649,0,False,1788804314.7377772,
unbound,unsigned,test.test-unsigned.example,cold,641446,0,False,1788804314.7384868,
unbound,unsigned,test.test-unsigned.example,cold,828474,0,False,1788804314.7394054,
unbound,unsigned,test.test-unsigned.example,cold,768769,0,False,1788804314.7403674,
unbound,unsigned,test.test-unsigned.example,cold,661474,0,False,1788804314.7410886,
unbound,unsigned,test.test-unsigned.example,cold,799752,0,False,1788804314.7419524,
unbound,unsigned,test.test-unsigned.example,cold,861213,0,False,1788804314.742899,
unbound,unsigned,test.test-unsigned.example,cold,992497,0,False,1788804314.7439513,
unbound,unsigned,test.test-unsigned.example,cold,902834,0,False,1788804314.7449596,
unbound,unsigned,test.test-unsigned.example,cold,648197,0,False,1788804314.7457037,
unbound,unsigned,test.test-unsigned.example,cold,6365745,0,False,1788804314.7521324,
unbound,unsigned,test.test-unsigned.example,cold,2065804,0,False,1788804314.7542992,
unbound,unsigned,test.test-unsigned.example,cold,1074543,0,False,1788804314.7554674,
unbound,unsigned,test.test-unsigned.example,cold,847311,0,False,1788804314.7564101,
unbound,unsigned,test.test-unsigned.example,cold,977990,0,False,1788804314.7574618,
unbound,unsigned,test.test-unsigned.example,cold,820127,0,False,1788804314.7583828,
unbound,unsigned,test.test-unsigned.example,cold,832816,0,False,1788804314.7593267,
unbound,unsigned,test.test-unsigned.example,cold,835547,0,False,1788804314.7602322,
unbound,unsigned,test.test-unsigned.example,cold,779727,0,False,1788804314.7610755,
unbound,unsigned,test.test-unsigned.example,cold,682957,0,False,1788804314.7618244,
unbound,unsigned,test.test-unsigned.example,cold,860012,0,False,1788804314.7627895,
unbound,unsigned,test.test-unsigned.example,cold,643603,0,False,1788804314.7634869,
unbound,unsigned,test.test-unsigned.example,cold,721231,0,False,1788804314.7642996,
unbound,unsigned,test.test-unsigned.example,cold,745615,0,False,1788804314.7651079,
unbound,unsigned,test.test-unsigned.example,cold,757930,0,False,1788804314.7659314,
unbound,unsigned,test.test-unsigned.example,cold,677933,0,False,1788804314.7666807,
unbound,unsigned,test.test-unsigned.example,cold,800188,0,False,1788804314.7675707,
unbound,unsigned,test.test-unsigned.example,cold,776560,0,False,1788804314.768416,
unbound,unsigned,test.test-unsigned.example,cold,701197,0,False,1788804314.7691817,
unbound,unsigned,test.test-unsigned.example,cold,892104,0,False,1788804314.7701375,
unbound,unsigned,test.test-unsigned.example,cold,664096,0,False,1788804314.7708654,
unbound,unsigned,test.test-unsigned.example,cold,906073,0,False,1788804314.771851,
unbound,unsigned,test.test-unsigned.example,cold,822118,0,False,1788804314.7727525,
unbound,unsigned,test.test-unsigned.example,cold,795964,0,False,1788804314.7736166,
unbound,unsigned,test.test-unsigned.example,cold,835089,0,False,1788804314.7745142,
unbound,unsigned,test.test-unsigned.example,cold,694183,0,False,1788804314.7752728,
unbound,unsigned,test.test-unsigned.example,cold,697400,0,False,1788804314.7760303,
unbound,unsigned,test.test-unsigned.example,cold,743144,0,False,1788804314.7768285,
unbound,unsigned,test.test-unsigned.example,cold,752230,0,False,1788804314.7776265,
unbound,unsigned,test.test-unsigned.example,cold,974193,0,False,1788804314.7786872,
unbound,unsigned,test.test-unsigned.example,cold,769066,0,False,1788804314.7795224,
unbound,unsigned,test.test-unsigned.example,cold,754453,0,False,1788804314.7803347,
unbound,unsigned,test.test-unsigned.example,cold,664652,0,False,1788804314.781055,
unbound,unsigned,test.test-unsigned.example,cold,666694,0,False,1788804314.7817805,
unbound,unsigned,test.test-unsigned.example,cold,632489,0,False,1788804314.7824712,
unbound,unsigned,test.test-unsigned.example,cold,1182196,0,False,1788804314.784076,
unbound,unsigned,test.test-unsigned.example,cold,1154972,0,False,1788804314.7856028,
unbound,unsigned,test.test-unsigned.example,cold,950045,0,False,1788804314.7867167,
unbound,unsigned,test.test-unsigned.example,cold,1230433,0,False,1788804314.788054,
unbound,unsigned,test.test-unsigned.example,cold,828748,0,False,1788804314.7889767,
unbound,unsigned,test.test-unsigned.example,cold,1078036,0,False,1788804314.7901316,
unbound,unsigned,test.test-unsigned.example,cold,945807,0,False,1788804314.7911482,
unbound,unsigned,test.test-unsigned.example,cold,1199414,0,False,1788804314.7924168,
unbound,unsigned,test.test-unsigned.example,cold,823651,0,False,1788804314.7933133,
unbound,unsigned,test.test-unsigned.example,cold,1931298,0,False,1788804314.795327,
unbound,unsigned,test.test-unsigned.example,cold,846727,0,False,1788804314.7963383,
unbound,unsigned,test.test-unsigned.example,cold,770238,0,False,1788804314.7971826,
unbound,unsigned,test.test-unsigned.example,cold,1122437,0,False,1788804314.7983704,
unbound,unsigned,test.test-unsigned.example,cold,823146,0,False,1788804314.7992594,
unbound,unsigned,test.test-unsigned.example,cold,1117233,0,False,1788804314.80045,
unbound,unsigned,test.test-unsigned.example,cold,1076846,0,False,1788804314.801627,
unbound,unsigned,test.test-unsigned.example,cold,1003396,0,False,1788804314.8026865,
unbound,unsigned,test.test-unsigned.example,cold,1101845,0,False,1788804314.8038638,
unbound,unsigned,test.test-unsigned.example,cold,896672,0,False,1788804314.8048532,
unbound,unsigned,test.test-unsigned.example,cold,782684,0,False,1788804314.8058858,
unbound,unsigned,test.test-unsigned.example,cold,774305,0,False,1788804314.8068178,
unbound,unsigned,test.test-unsigned.example,cold,718984,0,False,1788804314.8075948,
unbound,unsigned,test.test-unsigned.example,cold,712532,0,False,1788804314.808368,
unbound,unsigned,test.test-unsigned.example,cold,679380,0,False,1788804314.809102,
unbound,unsigned,test.test-unsigned.example,cold,746366,0,False,1788804314.8099093,
unbound,unsigned,test.test-unsigned.example,cold,729047,0,False,1788804314.8106973,
unbound,unsigned,test.test-unsigned.example,cold,3719167,0,False,1788804314.814489,
unbound,unsigned,test.test-unsigned.example,cold,988544,0,False,1788804314.8155758,
unbound,unsigned,test.test-unsigned.example,cold,787561,0,False,1788804314.8164318,
unbound,unsigned,test.test-unsigned.example,cold,760982,0,False,1788804314.8172634,
unbound,unsigned,test.test-unsigned.example,cold,753365,0,False,1788804314.818115,
unbound,unsigned,test.test-unsigned.example,cold,710358,0,False,1788804314.818927,
unbound,unsigned,test.test-unsigned.example,cold,804680,0,False,1788804314.8197896,
unbound,unsigned,test.test-unsigned.example,cold,707705,0,False,1788804314.8205621,
unbound,unsigned,test.test-unsigned.example,cold,732809,0,False,1788804314.821355,
unbound,unsigned,test.test-unsigned.example,cold,754009,0,False,1788804314.8221653,
unbound,unsigned,test.test-unsigned.example,cold,818380,0,False,1788804314.8230414,
unbound,unsigned,test.test-unsigned.example,cold,1004456,0,False,1788804314.8241124,
unbound,unsigned,test.test-unsigned.example,cold,764729,0,False,1788804314.8249671,
unbound,unsigned,test.test-unsigned.example,cold,623649,0,False,1788804314.8257456,
unbound,unsigned,test.test-unsigned.example,cold,678133,0,False,1788804314.82652,
unbound,unsigned,test.test-unsigned.example,cold,676090,0,False,1788804314.8272533,
unbound,unsigned,test.test-unsigned.example,cold,747522,0,False,1788804314.8280609,
unbound,unsigned,test.test-unsigned.example,cold,823051,0,False,1788804314.8289955,
unbound,unsigned,test.test-unsigned.example,cold,717696,0,False,1788804314.8297758,
unbound,unsigned,test.test-unsigned.example,cold,804261,0,False,1788804314.830638,
unbound,unsigned,test.test-unsigned.example,cold,659972,0,False,1788804314.8313484,
unbound,unsigned,test.test-unsigned.example,cold,665178,0,False,1788804314.8320985,
unbound,unsigned,test.test-unsigned.example,cold,654332,0,False,1788804314.8328068,
unbound,unsigned,test.test-unsigned.example,cold,736458,0,False,1788804314.8336036,
unbound,unsigned,test.test-unsigned.example,cold,653726,0,False,1788804314.83432,
unbound,unsigned,test.test-unsigned.example,cold,599334,0,False,1788804314.8349683,
unbound,unsigned,test.test-unsigned.example,cold,695085,0,False,1788804314.8357291,
unbound,unsigned,test.test-unsigned.example,cold,746856,0,False,1788804314.8365376,
unbound,unsigned,test.test-unsigned.example,cold,864550,0,False,1788804314.8374636,
unbound,unsigned,test.test-unsigned.example,cold,738234,0,False,1788804314.8382645,
unbound,unsigned,test.test-unsigned.example,cold,858483,0,False,1788804314.839189,
unbound,unsigned,test.test-unsigned.example,cold,935874,0,False,1788804314.84019,
unbound,unsigned,test.test-unsigned.example,cold,923683,0,False,1788804314.8412771,
unbound,unsigned,test.test-unsigned.example,cold,682736,0,False,1788804314.8421097,
unbound,unsigned,test.test-unsigned.example,cold,850648,0,False,1788804314.843022,
unbound,unsigned,test.test-unsigned.example,cold,761219,0,False,1788804314.8438458,
unbound,unsigned,test.test-unsigned.example,cold,783500,0,False,1788804314.844689,
unbound,unsigned,test.test-unsigned.example,cold,1144177,0,False,1788804314.8458967,
unbound,unsigned,test.test-unsigned.example,cold,957660,0,False,1788804314.846922,
unbound,unsigned,test.test-unsigned.example,cold,818244,0,False,1788804314.8478265,
unbound,unsigned,test.test-unsigned.example,cold,842272,0,False,1788804314.8487344,
unbound,unsigned,test.test-unsigned.example,cold,611344,0,False,1788804314.8494306,
unbound,unsigned,test.test-unsigned.example,cold,692745,0,False,1788804314.850388,
unbound,unsigned,test.test-unsigned.example,cold,957911,0,False,1788804314.851435,
unbound,unsigned,test.test-unsigned.example,cold,826965,0,False,1788804314.8524094,
unbound,unsigned,test.test-unsigned.example,cold,831855,0,False,1788804314.853472,
unbound,unsigned,test.test-unsigned.example,cold,733356,0,False,1788804314.8542562,
unbound,unsigned,test.test-unsigned.example,cold,793409,0,False,1788804314.855305,
unbound,unsigned,test.test-unsigned.example,cold,692679,0,False,1788804314.8560667,
unbound,unsigned,test.test-unsigned.example,cold,1078609,0,False,1788804314.8572063,
unbound,unsigned,test.test-unsigned.example,cold,967757,0,False,1788804314.8582473,
unbound,unsigned,test.test-unsigned.example,cold,704015,0,False,1788804314.8590658,
unbound,unsigned,test.test-unsigned.example,cold,714933,0,False,1788804314.8601274,
unbound,unsigned,test.test-unsigned.example,cold,1072285,0,False,1788804314.861313,
unbound,unsigned,test.test-unsigned.example,cold,627915,0,False,1788804314.8620014,
unbound,unsigned,test.test-unsigned.example,cold,803090,0,False,1788804314.8628726,
unbound,unsigned,test.test-unsigned.example,cold,931374,0,False,1788804314.863869,
unbound,unsigned,test.test-unsigned.example,cold,867411,0,False,1788804314.8647976,
unbound,unsigned,test.test-unsigned.example,cold,746638,0,False,1788804314.8655958,
unbound,unsigned,test.test-unsigned.example,cold,704349,0,False,1788804314.8663657,
unbound,unsigned,test.test-unsigned.example,cold,651661,0,False,1788804314.867066,
unbound,unsigned,test.test-unsigned.example,cold,627081,0,False,1788804314.8677945,
unbound,unsigned,test.test-unsigned.example,cold,694858,0,False,1788804314.868538,
unbound,unsigned,test.test-unsigned.example,cold,655025,0,False,1788804314.8692486,
unbound,unsigned,test.test-unsigned.example,cold,732274,0,False,1788804314.8700833,
unbound,unsigned,test.test-unsigned.example,cold,766266,0,False,1788804314.8709488,
unbound,unsigned,test.test-unsigned.example,cold,1399794,0,False,1788804314.8768275,
unbound,unsigned,test.test-unsigned.example,cold,1190990,0,False,1788804314.8781178,
unbound,unsigned,test.test-unsigned.example,cold,1219404,0,False,1788804314.879518,
unbound,unsigned,test.test-unsigned.example,cold,1004824,0,False,1788804314.8805954,
unbound,unsigned,test.test-unsigned.example,cold,1286009,0,False,1788804314.8819625,
unbound,unsigned,test.test-unsigned.example,cold,930670,0,False,1788804314.882972,
unbound,unsigned,test.test-unsigned.example,cold,954467,0,False,1788804314.8839972,
unbound,unsigned,test.test-unsigned.example,cold,798184,0,False,1788804314.8848753,
unbound,unsigned,test.test-unsigned.example,cold,642348,0,False,1788804314.8855693,
unbound,unsigned,test.test-unsigned.example,cold,683209,0,False,1788804314.8862987,
unbound,unsigned,test.test-unsigned.example,cold,558905,0,False,1788804314.8869169,
unbound,unsigned,test.test-unsigned.example,cold,930048,0,False,1788804314.8879442,
unbound,unsigned,test.test-unsigned.example,cold,798871,0,False,1788804314.8888035,
unbound,unsigned,test.test-unsigned.example,cold,676887,0,False,1788804314.889542,
unbound,unsigned,test.test-unsigned.example,cold,753322,0,False,1788804314.890378,
unbound,unsigned,test.test-unsigned.example,cold,744279,0,False,1788804314.8911722,
unbound,unsigned,test.test-unsigned.example,cold,1340296,0,False,1788804314.8925812,
unbound,unsigned,test.test-unsigned.example,cold,890713,0,False,1788804314.8935714,
unbound,unsigned,test.test-unsigned.example,cold,895258,0,False,1788804314.894538,
unbound,unsigned,test.test-unsigned.example,cold,1829848,0,False,1788804314.8964443,
unbound,unsigned,test.test-unsigned.example,cold,918273,0,False,1788804314.8974314,
unbound,unsigned,test.test-unsigned.example,cold,792949,0,False,1788804314.8982975,
unbound,unsigned,test.test-unsigned.example,cold,715115,0,False,1788804314.8990772,
unbound,unsigned,test.test-unsigned.example,cold,692151,0,False,1788804314.899888,
unbound,unsigned,test.test-unsigned.example,cold,806198,0,False,1788804314.900757,
unbound,unsigned,test.test-unsigned.example,cold,804445,0,False,1788804314.9016511,
unbound,unsigned,test.test-unsigned.example,cold,901792,0,False,1788804314.9026814,
unbound,unsigned,test.test-unsigned.example,cold,1206109,0,False,1788804314.903989,
unbound,unsigned,test.test-unsigned.example,cold,803571,0,False,1788804314.9048638,
unbound,unsigned,test.test-unsigned.example,cold,811968,0,False,1788804314.905749,
unbound,unsigned,test.test-unsigned.example,cold,923292,0,False,1788804314.906744,
unbound,unsigned,test.test-unsigned.example,cold,1244684,0,False,1788804314.908085,
unbound,unsigned,test.test-unsigned.example,cold,1026709,0,False,1788804314.9091995,
unbound,unsigned,test.test-unsigned.example,cold,865052,0,False,1788804314.910141,
unbound,unsigned,test.test-unsigned.example,cold,809995,0,False,1788804314.9110708,
unbound,unsigned,test.test-unsigned.example,cold,750006,0,False,1788804314.911903,
unbound,unsigned,test.test-unsigned.example,cold,747301,0,False,1788804314.9127119,
unbound,unsigned,test.test-unsigned.example,cold,809452,0,False,1788804314.9135826,
unbound,unsigned,test.test-unsigned.example,cold,819666,0,False,1788804314.914464,
unbound,unsigned,test.test-unsigned.example,cold,670724,0,False,1788804314.9152074,
unbound,unsigned,test.test-unsigned.example,cold,628133,0,False,1788804314.9158962,
unbound,unsigned,test.test-unsigned.example,cold,783313,0,False,1788804314.916737,
unbound,unsigned,test.test-unsigned.example,cold,727258,0,False,1788804314.9175155,
unbound,unsigned,test.test-unsigned.example,cold,940095,0,False,1788804314.9185271,
unbound,unsigned,test.test-unsigned.example,cold,614687,0,False,1788804314.9192061,
unbound,unsigned,test.test-unsigned.example,cold,679911,0,False,1788804314.9199486,
unbound,unsigned,test.test-unsigned.example,cold,756282,0,False,1788804314.920752,
unbound,unsigned,test.test-unsigned.example,cold,676377,0,False,1788804314.9214752,
unbound,unsigned,test.test-unsigned.example,cold,1375699,0,False,1788804314.9229212,
unbound,unsigned,test.test-unsigned.example,cold,979366,0,False,1788804314.9240527,
unbound,unsigned,test.test-unsigned.example,cold,974693,0,False,1788804314.9252152,
unbound,unsigned,test.test-unsigned.example,cold,1144612,0,False,1788804314.9265163,
unbound,unsigned,test.test-unsigned.example,cold,1049630,0,False,1788804314.927648,
unbound,unsigned,test.test-unsigned.example,cold,947512,0,False,1788804314.9286664,
unbound,unsigned,test.test-unsigned.example,cold,880229,0,False,1788804314.9296129,
unbound,unsigned,test.test-unsigned.example,cold,790693,0,False,1788804314.9304717,
unbound,unsigned,test.test-unsigned.example,cold,869940,0,False,1788804314.9314122,
unbound,unsigned,test.test-unsigned.example,cold,847905,0,False,1788804314.9323294,
unbound,unsigned,test.test-unsigned.example,cold,981219,0,False,1788804314.9333825,
unbound,unsigned,test.test-unsigned.example,cold,728397,0,False,1788804314.9341831,
unbound,unsigned,test.test-unsigned.example,cold,717744,0,False,1788804314.9349678,
unbound,unsigned,test.test-unsigned.example,cold,871229,0,False,1788804314.9359045,
unbound,unsigned,test.test-unsigned.example,cold,723169,0,False,1788804314.9367132,
unbound,unsigned,test.test-unsigned.example,cold,596995,0,False,1788804314.9373674,
unbound,unsigned,test.test-unsigned.example,cold,806781,0,False,1788804314.9382312,
unbound,unsigned,test.test-unsigned.example,cold,624054,0,False,1788804314.9389687,
unbound,unsigned,test.test-unsigned.example,cold,638936,0,False,1788804314.9396665,
unbound,unsigned,test.test-unsigned.example,cold,567257,0,False,1788804314.9402914,
unbound,unsigned,test.test-unsigned.example,cold,564009,0,False,1788804314.9409084,
unbound,unsigned,test.test-unsigned.example,cold,559547,0,False,1788804314.941509,
unbound,unsigned,test.test-unsigned.example,cold,554174,0,False,1788804314.9421048,
unbound,unsigned,test.test-unsigned.example,cold,547931,0,False,1788804314.9426956,
unbound,unsigned,test.test-unsigned.example,cold,579734,0,False,1788804314.9433174,
unbound,unsigned,test.test-unsigned.example,cold,642224,0,False,1788804314.9440129,
unbound,unsigned,test.test-unsigned.example,cold,567775,0,False,1788804314.9446313,
unbound,unsigned,test.test-unsigned.example,cold,580838,0,False,1788804314.9452622,
unbound,unsigned,test.test-unsigned.example,cold,780721,0,False,1788804314.9460907,
unbound,unsigned,test.test-unsigned.example,cold,587662,0,False,1788804314.9467244,
unbound,unsigned,test.test-unsigned.example,cold,555107,0,False,1788804314.9473224,
unbound,unsigned,test.test-unsigned.example,cold,592415,0,False,1788804314.947961,
unbound,unsigned,test.test-unsigned.example,cold,564464,0,False,1788804314.9485748,
unbound,unsigned,test.test-unsigned.example,cold,582119,0,False,1788804314.949213,
unbound,unsigned,test.test-unsigned.example,cold,558300,0,False,1788804314.9498303,
unbound,unsigned,test.test-unsigned.example,cold,528513,0,False,1788804314.9504097,
unbound,unsigned,test.test-unsigned.example,cold,710763,0,False,1788804314.9511747,
unbound,unsigned,test.test-unsigned.example,cold,754294,0,False,1788804314.9519894,
unbound,unsigned,test.test-unsigned.example,cold,659157,0,False,1788804314.952715,
unbound,unsigned,test.test-unsigned.example,cold,3247982,0,False,1788804314.9560266,
unbound,unsigned,test.test-unsigned.example,cold,937455,0,False,1788804314.9570746,
unbound,unsigned,test.test-unsigned.example,cold,645664,0,False,1788804314.9577844,
unbound,unsigned,test.test-unsigned.example,cold,790170,0,False,1788804314.9586368,
unbound,unsigned,test.test-unsigned.example,cold,678285,0,False,1788804314.9593735,
unbound,unsigned,test.test-unsigned.example,cold,781518,0,False,1788804314.9602025,
unbound,unsigned,test.test-unsigned.example,cold,870373,0,False,1788804314.9611294,
unbound,unsigned,test.test-unsigned.example,cold,790027,0,False,1788804314.9619656,
unbound,unsigned,test.test-unsigned.example,cold,542613,0,False,1788804314.9625556,
unbound,unsigned,test.test-unsigned.example,cold,611297,0,False,1788804314.963219,
unbound,unsigned,test.test-unsigned.example,cold,578709,0,False,1788804314.9638484,
unbound,unsigned,test.test-unsigned.example,cold,579980,0,False,1788804314.96448,
unbound,unsigned,test.test-unsigned.example,cold,462655,0,False,1788804314.9649835,
unbound,unsigned,test.test-unsigned.example,cold,543595,0,False,1788804314.9655674,
unbound,unsigned,test.test-unsigned.example,cold,613891,0,False,1788804314.9662383,
unbound,unsigned,test.test-unsigned.example,cold,563112,0,False,1788804314.9668403,
unbound,unsigned,test.test-unsigned.example,cold,581208,0,False,1788804314.9674604,
unbound,unsigned,test.test-unsigned.example,cold,628146,0,False,1788804314.9681308,
unbound,unsigned,test.test-unsigned.example,cold,523933,0,False,1788804314.9686959,
unbound,unsigned,test.test-unsigned.example,cold,462401,0,False,1788804314.969196,
unbound,unsigned,test.test-unsigned.example,cold,460366,0,False,1788804314.9696937,
unbound,unsigned,test.test-unsigned.example,cold,599106,0,False,1788804314.9703321,
unbound,unsigned,test.test-unsigned.example,cold,1397821,0,False,1788804314.9717696,
unbound,unsigned,test.test-unsigned.example,cold,654828,0,False,1788804314.9724784,
unbound,unsigned,test.test-unsigned.example,cold,640313,0,False,1788804314.9731824,
unbound,unsigned,test.test-unsigned.example,cold,642032,0,False,1788804314.9738793,
unbound,unsigned,test.test-unsigned.example,cold,618422,0,False,1788804314.9745457,
unbound,unsigned,test.test-unsigned.example,cold,641793,0,False,1788804314.9752283,
unbound,unsigned,test.test-unsigned.example,cold,673552,0,False,1788804314.9759562,
unbound,unsigned,test.test-unsigned.example,cold,562530,0,False,1788804314.9765642,
unbound,unsigned,test.test-unsigned.example,cold,598275,0,False,1788804314.9772131,
unbound,unsigned,test.test-unsigned.example,cold,571385,0,False,1788804314.977824,
unbound,unsigned,test.test-unsigned.example,cold,538873,0,False,1788804314.978403,
unbound,unsigned,test.test-unsigned.example,cold,546943,0,False,1788804314.978988,
unbound,unsigned,test.test-unsigned.example,cold,549165,0,False,1788804314.9795825,
unbound,unsigned,test.test-unsigned.example,cold,661835,0,False,1788804314.980285,
unbound,unsigned,test.test-unsigned.example,cold,584932,0,False,1788804314.9809117,
unbound,unsigned,test.test-unsigned.example,cold,581154,0,False,1788804314.9815338,
unbound,unsigned,test.test-unsigned.example,cold,730220,0,False,1788804314.9823186,
unbound,unsigned,test.test-unsigned.example,cold,615718,0,False,1788804314.9829855,
unbound,unsigned,test.test-unsigned.example,cold,4169495,0,False,1788804314.9872127,
unbound,unsigned,test.test-unsigned.example,cold,701516,0,False,1788804314.9879954,
unbound,unsigned,test.test-unsigned.example,cold,607975,0,False,1788804314.9886584,
unbound,unsigned,test.test-unsigned.example,cold,531903,0,False,1788804314.989234,
unbound,unsigned,test.test-unsigned.example,cold,558281,0,False,1788804314.9898412,
unbound,unsigned,test.test-unsigned.example,cold,545097,0,False,1788804314.990435,
unbound,unsigned,test.test-unsigned.example,cold,664935,0,False,1788804314.9911432,
unbound,unsigned,test.test-unsigned.example,cold,675656,0,False,1788804314.9918742,
unbound,unsigned,test.test-unsigned.example,cold,678125,0,False,1788804314.9925966,
unbound,unsigned,test.test-unsigned.example,cold,582352,0,False,1788804314.9932263,
unbound,unsigned,test.test-unsigned.example,cold,578653,0,False,1788804314.9938626,
unbound,unsigned,test.test-unsigned.example,cold,569937,0,False,1788804314.994495,
unbound,unsigned,test.test-unsigned.example,cold,482084,0,False,1788804314.9950173,
unbound,unsigned,test.test-unsigned.example,cold,542631,0,False,1788804314.9955995,
unbound,unsigned,test.test-unsigned.example,cold,602189,0,False,1788804314.9962702,
unbound,unsigned,test.test-unsigned.example,cold,665830,0,False,1788804314.9969952,
unbound,unsigned,test.test-unsigned.example,cold,616564,0,False,1788804314.997654,
unbound,unsigned,test.test-unsigned.example,cold,675656,0,False,1788804314.9983857,
unbound,unsigned,test.test-unsigned.example,cold,702246,0,False,1788804314.9991553,
unbound,unsigned,test.test-unsigned.example,cold,586506,0,False,1788804314.9997983,
unbound,unsigned,test.test-unsigned.example,cold,601489,0,False,1788804315.0004523,
unbound,unsigned,test.test-unsigned.example,cold,575780,0,False,1788804315.0010712,
unbound,unsigned,test.test-unsigned.example,cold,2249296,0,False,1788804315.0033607,
unbound,unsigned,test.test-unsigned.example,cold,883789,0,False,1788804315.0043,
unbound,unsigned,test.test-unsigned.example,cold,757333,0,False,1788804315.0051274,
unbound,unsigned,test.test-unsigned.example,cold,844084,0,False,1788804315.0060363,
unbound,unsigned,test.test-unsigned.example,cold,889794,0,False,1788804315.0069873,
unbound,unsigned,test.test-unsigned.example,cold,836035,0,False,1788804315.0078897,
unbound,unsigned,test.test-unsigned.example,cold,838199,0,False,1788804315.0088007,
unbound,unsigned,test.test-unsigned.example,cold,706711,0,False,1788804315.00956,
unbound,unsigned,test.test-unsigned.example,cold,675272,0,False,1788804315.010285,
unbound,unsigned,test.test-unsigned.example,cold,620013,0,False,1788804315.0110383,
unbound,unsigned,test.test-unsigned.example,cold,613258,0,False,1788804315.0117083,
unbound,unsigned,test.test-unsigned.example,cold,554313,0,False,1788804315.0123162,
unbound,unsigned,test.test-unsigned.example,cold,586858,0,False,1788804315.0129528,
unbound,unsigned,test.test-unsigned.example,cold,534577,0,False,1788804315.0135372,
unbound,unsigned,test.test-unsigned.example,cold,527983,0,False,1788804315.014103,
unbound,unsigned,test.test-unsigned.example,cold,630858,0,False,1788804315.0147753,
unbound,unsigned,test.test-unsigned.example,cold,646414,0,False,1788804315.015472,
unbound,unsigned,test.test-unsigned.example,cold,584127,0,False,1788804315.016107,
unbound,unsigned,test.test-unsigned.example,cold,594797,0,False,1788804315.0167415,
unbound,unsigned,test.test-unsigned.example,cold,637625,0,False,1788804315.0174172,
unbound,unsigned,test.test-unsigned.example,cold,580713,0,False,1788804315.018049,
unbound,unsigned,test.test-unsigned.example,cold,568626,0,False,1788804315.0186567,
unbound,unsigned,test.test-unsigned.example,cold,590590,0,False,1788804315.019286,
unbound,unsigned,test.test-unsigned.example,cold,683237,0,False,1788804315.0200205,
unbound,unsigned,test.test-unsigned.example,cold,706813,0,False,1788804315.02078,
unbound,unsigned,test.test-unsigned.example,cold,638838,0,False,1788804315.021473,
unbound,unsigned,test.test-unsigned.example,cold,593191,0,False,1788804315.022111,
unbound,unsigned,test.test-unsigned.example,cold,524695,0,False,1788804315.0226758,
unbound,unsigned,test.test-unsigned.example,cold,530553,0,False,1788804315.0232494,
unbound,unsigned,test.test-unsigned.example,cold,538738,0,False,1788804315.023831,
unbound,unsigned,test.test-unsigned.example,cold,627453,0,False,1788804315.0245066,
unbound,unsigned,test.test-unsigned.example,cold,576519,0,False,1788804315.0251336,
unbound,unsigned,test.test-unsigned.example,cold,576038,0,False,1788804315.0257597,
unbound,unsigned,test.test-unsigned.example,cold,563770,0,False,1788804315.0263622,
unbound,unsigned,test.test-unsigned.example,cold,599022,0,False,1788804315.0270092,
unbound,unsigned,test.test-unsigned.example,cold,646289,0,False,1788804315.0276961,
unbound,unsigned,test.test-unsigned.example,cold,576206,0,False,1788804315.0283277,
unbound,unsigned,test.test-unsigned.example,cold,595028,0,False,1788804315.0289729,
unbound,unsigned,test.test-unsigned.example,cold,522925,0,False,1788804315.0295362,
unbound,unsigned,test.test-unsigned.example,cold,529935,0,False,1788804315.0301163,
unbound,unsigned,test.test-unsigned.example,cold,594780,0,False,1788804315.030764,
unbound,unsigned,test.test-unsigned.example,cold,680287,0,False,1788804315.0314963,
unbound,unsigned,test.test-unsigned.example,cold,589645,0,False,1788804315.0321393,
unbound,unsigned,test.test-unsigned.example,cold,746523,0,False,1788804315.0329294,
unbound,unsigned,test.test-unsigned.example,cold,506578,0,False,1788804315.0334976,
unbound,unsigned,test.test-unsigned.example,cold,840737,0,False,1788804315.034397,
unbound,unsigned,test.test-unsigned.example,cold,478395,0,False,1788804315.034936,
unbound,unsigned,test.test-unsigned.example,cold,581442,0,False,1788804315.0355766,
unbound,unsigned,test.test-unsigned.example,cold,672413,0,False,1788804315.0362937,
unbound,unsigned,test.test-unsigned.example,cold,662736,0,False,1788804315.0370216,
unbound,unsigned,test.test-unsigned.example,cold,856837,0,False,1788804315.0379417,
unbound,unsigned,test.test-unsigned.example,cold,744699,0,False,1788804315.0387487,
unbound,unsigned,test.test-unsigned.example,cold,1055269,0,False,1788804315.0398686,
unbound,unsigned,test.test-unsigned.example,cold,892752,0,False,1788804315.0408328,
unbound,unsigned,test.test-unsigned.example,cold,608954,0,False,1788804315.0414867,
unbound,unsigned,test.test-unsigned.example,cold,689577,0,False,1788804315.042232,
unbound,unsigned,test.test-unsigned.example,cold,567084,0,False,1788804315.0428624,
unbound,unsigned,test.test-unsigned.example,cold,743482,0,False,1788804315.0436585,
unbound,unsigned,test.test-unsigned.example,cold,563224,0,False,1788804315.0442731,
unbound,unsigned,test.test-unsigned.example,cold,566460,0,False,1788804315.044888,
unbound,unsigned,test.test-unsigned.example,cold,572133,0,False,1788804315.0455077,
unbound,unsigned,test.test-unsigned.example,cold,549857,0,False,1788804315.0460982,
unbound,unsigned,test.test-unsigned.example,cold,543668,0,False,1788804315.04668,
unbound,unsigned,test.test-unsigned.example,cold,584294,0,False,1788804315.0473087,
unbound,unsigned,test.test-unsigned.example,cold,633669,0,False,1788804315.0479999,
unbound,unsigned,test.test-unsigned.example,cold,687306,0,False,1788804315.0488577,
unbound,unsigned,test.test-unsigned.example,cold,582954,0,False,1788804315.0495505,
unbound,unsigned,test.test-unsigned.example,cold,553350,0,False,1788804315.0501463,
unbound,unsigned,test.test-unsigned.example,cold,558601,0,False,1788804315.0507572,
unbound,unsigned,test.test-unsigned.example,cold,712511,0,False,1788804315.0515282,
unbound,unsigned,test.test-unsigned.example,cold,559079,0,False,1788804315.0521476,
unbound,unsigned,test.test-unsigned.example,cold,800155,0,False,1788804315.0530045,
unbound,unsigned,test.test-unsigned.example,cold,685303,0,False,1788804315.0537572,
unbound,unsigned,test.test-unsigned.example,cold,612092,0,False,1788804315.0544283,
unbound,unsigned,test.test-unsigned.example,cold,539719,0,False,1788804315.0550187,
unbound,unsigned,test.test-unsigned.example,cold,659356,0,False,1788804315.0557263,
unbound,unsigned,test.test-unsigned.example,cold,599757,0,False,1788804315.0563986,
unbound,unsigned,test.test-unsigned.example,cold,562475,0,False,1788804315.0570092,
unbound,unsigned,test.test-unsigned.example,cold,627729,0,False,1788804315.0576746,
unbound,unsigned,test.test-unsigned.example,cold,623375,0,False,1788804315.058336,
unbound,unsigned,test.test-unsigned.example,cold,571271,0,False,1788804315.0589619,
unbound,unsigned,test.test-unsigned.example,cold,621897,0,False,1788804315.0596242,
unbound,unsigned,test.test-unsigned.example,cold,514265,0,False,1788804315.0601792,
unbound,unsigned,test.test-unsigned.example,cold,549041,0,False,1788804315.0607667,
unbound,unsigned,test.test-unsigned.example,cold,545991,0,False,1788804315.061364,
unbound,unsigned,test.test-unsigned.example,cold,607971,0,False,1788804315.062012,
unbound,unsigned,test.test-unsigned.example,cold,629598,0,False,1788804315.0626945,
unbound,unsigned,test.test-unsigned.example,cold,689393,0,False,1788804315.0634463,
unbound,unsigned,test.test-unsigned.example,cold,592694,0,False,1788804315.064094,
unbound,unsigned,test.test-unsigned.example,cold,558584,0,False,1788804315.0646968,
unbound,unsigned,test.test-unsigned.example,cold,561624,0,False,1788804315.0653095,
unbound,unsigned,test.test-unsigned.example,cold,545520,0,False,1788804315.0659063,
unbound,unsigned,test.test-unsigned.example,cold,577691,0,False,1788804315.0665228,
unbound,unsigned,test.test-unsigned.example,cold,669078,0,False,1788804315.0672503,
unbound,unsigned,test.test-unsigned.example,cold,617754,0,False,1788804315.067917,
unbound,unsigned,test.test-unsigned.example,cold,583773,0,False,1788804315.068552,
unbound,unsigned,test.test-unsigned.example,cold,612773,0,False,1788804315.0692048,
unbound,unsigned,test.test-unsigned.example,cold,512747,0,False,1788804315.0697603,
unbound,unsigned,test.test-unsigned.example,cold,547130,0,False,1788804315.0703564,
unbound,unsigned,test.test-unsigned.example,cold,515763,0,False,1788804315.070914,
unbound,unsigned,test.test-unsigned.example,cold,547271,0,False,1788804315.0714998,
unbound,unsigned,test.test-unsigned.example,cold,521513,0,False,1788804315.0720727,
unbound,unsigned,test.test-unsigned.example,cold,560759,0,False,1788804315.0726738,
unbound,unsigned,test.test-unsigned.example,cold,549379,0,False,1788804315.073273,
unbound,unsigned,test.test-unsigned.example,cold,554148,0,False,1788804315.073877,
unbound,unsigned,test.test-unsigned.example,cold,591807,0,False,1788804315.0745106,
unbound,unsigned,test.test-unsigned.example,cold,708686,0,False,1788804315.0752592,
unbound,unsigned,test.test-unsigned.example,cold,918145,0,False,1788804315.0762315,
unbound,unsigned,test.test-unsigned.example,cold,567573,0,False,1788804315.0768526,
unbound,unsigned,test.test-unsigned.example,cold,562484,0,False,1788804315.0774643,
unbound,unsigned,test.test-unsigned.example,cold,531152,0,False,1788804315.078038,
unbound,unsigned,test.test-unsigned.example,cold,606518,0,False,1788804315.0786898,
unbound,unsigned,test.test-unsigned.example,cold,564593,0,False,1788804315.0793078,
unbound,unsigned,test.test-unsigned.example,cold,580816,0,False,1788804315.079928,
unbound,unsigned,test.test-unsigned.example,cold,641027,0,False,1788804315.0806074,
unbound,unsigned,test.test-unsigned.example,cold,635791,0,False,1788804315.0812814,
unbound,unsigned,test.test-unsigned.example,cold,580700,0,False,1788804315.0819108,
unbound,unsigned,test.test-unsigned.example,cold,487048,0,False,1788804315.0824375,
unbound,unsigned,test.test-unsigned.example,cold,773487,0,False,1788804315.0832508,
unbound,unsigned,test.test-unsigned.example,cold,597784,0,False,1788804315.083901,
unbound,unsigned,test.test-unsigned.example,cold,602683,0,False,1788804315.0845487,
unbound,unsigned,test.test-unsigned.example,cold,602905,0,False,1788804315.0852048,
unbound,unsigned,test.test-unsigned.example,cold,584581,0,False,1788804315.0858462,
unbound,unsigned,test.test-unsigned.example,cold,665924,0,False,1788804315.0865738,
unbound,unsigned,test.test-unsigned.example,cold,619082,0,False,1788804315.0872421,
unbound,unsigned,test.test-unsigned.example,cold,585239,0,False,1788804315.0878696,
unbound,unsigned,test.test-unsigned.example,cold,559041,0,False,1788804315.0885007,
unbound,unsigned,test.test-unsigned.example,cold,606509,0,False,1788804315.0891507,
unbound,unsigned,test.test-unsigned.example,cold,593763,0,False,1788804315.0897982,
unbound,unsigned,test.test-unsigned.example,cold,579358,0,False,1788804315.0904267,
unbound,unsigned,test.test-unsigned.example,cold,547695,0,False,1788804315.0910137,
unbound,unsigned,test.test-unsigned.example,cold,635452,0,False,1788804315.0916898,
unbound,unsigned,test.test-unsigned.example,cold,661303,0,False,1788804315.0923972,
unbound,unsigned,test.test-unsigned.example,cold,573429,0,False,1788804315.0930307,
unbound,unsigned,test.test-unsigned.example,cold,573069,0,False,1788804315.093647,
unbound,unsigned,test.test-unsigned.example,cold,606677,0,False,1788804315.0943053,
unbound,unsigned,test.test-unsigned.example,cold,731762,0,False,1788804315.0950882,
unbound,unsigned,test.test-unsigned.example,cold,612251,0,False,1788804315.095768,
unbound,unsigned,test.test-unsigned.example,cold,517707,0,False,1788804315.09633,
unbound,unsigned,test.test-unsigned.example,cold,746471,0,False,1788804315.0971172,
unbound,unsigned,test.test-unsigned.example,cold,676172,0,False,1788804315.0978684,
unbound,unsigned,test.test-unsigned.example,cold,693368,0,False,1788804315.0986547,
unbound,unsigned,test.test-unsigned.example,cold,969149,0,False,1788804315.0996916,
unbound,unsigned,test.test-unsigned.example,cold,1951366,0,False,1788804315.101711,
unbound,unsigned,test.test-unsigned.example,cold,943246,0,False,1788804315.1027472,
unbound,unsigned,test.test-unsigned.example,cold,940980,0,False,1788804315.1037886,
unbound,unsigned,test.test-unsigned.example,cold,1070932,0,False,1788804315.1049304,
unbound,unsigned,test.test-unsigned.example,cold,845854,0,False,1788804315.105847,
unbound,unsigned,test.test-unsigned.example,cold,726189,0,False,1788804315.1066387,
unbound,unsigned,test.test-unsigned.example,cold,960967,0,False,1788804315.107667,
unbound,unsigned,test.test-unsigned.example,cold,785360,0,False,1788804315.108527,
unbound,unsigned,test.test-unsigned.example,cold,872483,0,False,1788804315.1094701,
unbound,unsigned,test.test-unsigned.example,cold,742032,0,False,1788804315.1103013,
unbound,unsigned,test.test-unsigned.example,cold,784195,0,False,1788804315.1111443,
unbound,unsigned,test.test-unsigned.example,cold,976061,0,False,1788804315.1121867,
unbound,unsigned,test.test-unsigned.example,cold,3755489,0,False,1788804315.1160166,
unbound,unsigned,test.test-unsigned.example,cold,1016274,0,False,1788804315.1171517,
unbound,unsigned,test.test-unsigned.example,cold,770494,0,False,1788804315.1181233,
unbound,unsigned,test.test-unsigned.example,cold,910658,0,False,1788804315.119139,
unbound,unsigned,test.test-unsigned.example,cold,833112,0,False,1788804315.1200702,
unbound,unsigned,test.test-unsigned.example,cold,890873,0,False,1788804315.1210446,
unbound,unsigned,test.test-unsigned.example,cold,855490,0,False,1788804315.1219695,
unbound,unsigned,test.test-unsigned.example,cold,999315,0,False,1788804315.1230395,
unbound,unsigned,test.test-unsigned.example,cold,1047667,0,False,1788804315.1241567,
unbound,unsigned,test.test-unsigned.example,cold,760547,0,False,1788804315.1249828,
unbound,unsigned,test.test-unsigned.example,cold,809750,0,False,1788804315.125862,
unbound,unsigned,test.test-unsigned.example,cold,849056,0,False,1788804315.126775,
unbound,unsigned,test.test-unsigned.example,cold,718223,0,False,1788804315.1275468,
unbound,unsigned,test.test-unsigned.example,cold,741263,0,False,1788804315.1283343,
unbound,unsigned,test.test-unsigned.example,cold,666255,0,False,1788804315.1290553,
unbound,unsigned,test.test-unsigned.example,cold,745401,0,False,1788804315.1298568,
unbound,unsigned,test.test-unsigned.example,cold,753858,0,False,1788804315.1306708,
unbound,unsigned,test.test-unsigned.example,cold,837997,0,False,1788804315.1315768,
unbound,unsigned,test.test-unsigned.example,cold,1032373,0,False,1788804315.1328354,
unbound,unsigned,test.test-unsigned.example,cold,977981,0,False,1788804315.133917,
unbound,unsigned,test.test-unsigned.example,cold,1011974,0,False,1788804315.1350596,
unbound,unsigned,test.test-unsigned.example,cold,850725,0,False,1788804315.1361203,
unbound,unsigned,test.test-unsigned.example,cold,678483,0,False,1788804315.1369047,
unbound,unsigned,test.test-unsigned.example,cold,770630,0,False,1788804315.1378074,
unbound,unsigned,test.test-unsigned.example,cold,622136,0,False,1788804315.1384964,
unbound,unsigned,test.test-unsigned.example,cold,734343,0,False,1788804315.1392918,
unbound,unsigned,test.test-unsigned.example,cold,847532,0,False,1788804315.1401968,
unbound,unsigned,test.test-unsigned.example,cold,726700,0,False,1788804315.1409733,
unbound,unsigned,test.test-unsigned.example,cold,874774,0,False,1788804315.1419094,
unbound,unsigned,test.test-unsigned.example,cold,711313,0,False,1788804315.1426997,
unbound,unsigned,test.test-unsigned.example,cold,821729,0,False,1788804315.1436,
unbound,unsigned,test.test-unsigned.example,cold,838779,0,False,1788804315.1445107,
unbound,unsigned,test.test-unsigned.example,cold,747681,0,False,1788804315.145336,
unbound,unsigned,test.test-unsigned.example,cold,796416,0,False,1788804315.1461823,
unbound,unsigned,test.test-unsigned.example,cold,840320,0,False,1788804315.1470826,
unbound,unsigned,test.test-unsigned.example,cold,933956,0,False,1788804315.1481178,
unbound,unsigned,test.test-unsigned.example,cold,810970,0,False,1788804315.1490192,
unbound,unsigned,test.test-unsigned.example,cold,801248,0,False,1788804315.1498802,
unbound,unsigned,test.test-unsigned.example,cold,680421,0,False,1788804315.150628,
unbound,unsigned,test.test-unsigned.example,cold,798644,0,False,1788804315.1514792,
unbound,unsigned,test.test-unsigned.example,cold,707750,0,False,1788804315.1523337,
unbound,unsigned,test.test-unsigned.example,cold,853990,0,False,1788804315.1533184,
unbound,unsigned,test.test-unsigned.example,cold,841318,0,False,1788804315.154222,
unbound,unsigned,test.test-unsigned.example,cold,720912,0,False,1788804315.15501,
unbound,unsigned,test.test-unsigned.example,cold,692669,0,False,1788804315.1557877,
unbound,unsigned,test.test-unsigned.example,cold,743571,0,False,1788804315.1566017,
unbound,unsigned,test.test-unsigned.example,cold,689140,0,False,1788804315.1573422,
unbound,unsigned,test.test-unsigned.example,cold,537946,0,False,1788804315.1579406,
unbound,unsigned,test.test-unsigned.example,cold,629166,0,False,1788804315.1586175,
unbound,unsigned,test.test-unsigned.example,cold,698470,0,False,1788804315.1593668,
unbound,unsigned,test.test-unsigned.example,cold,735097,0,False,1788804315.1601582,
unbound,unsigned,test.test-unsigned.example,cold,772626,0,False,1788804315.1610057,
unbound,unsigned,test.test-unsigned.example,cold,712371,0,False,1788804315.1617787,
unbound,unsigned,test.test-unsigned.example,cold,643031,0,False,1788804315.1625245,
unbound,unsigned,test.test-unsigned.example,cold,647847,0,False,1788804315.1632183,
unbound,unsigned,test.test-unsigned.example,cold,712497,0,False,1788804315.1639876,
unbound,unsigned,test.test-unsigned.example,cold,718213,0,False,1788804315.164765,
unbound,unsigned,test.test-unsigned.example,cold,684691,0,False,1788804315.1655006,
unbound,unsigned,test.test-unsigned.example,cold,752236,0,False,1788804315.1663992,
unbound,unsigned,test.test-unsigned.example,cold,781443,0,False,1788804315.1672304,
unbound,unsigned,test.test-unsigned.example,cold,667606,0,False,1788804315.1679556,
unbound,unsigned,test.test-unsigned.example,cold,744048,0,False,1788804315.1687562,
unbound,unsigned,test.test-unsigned.example,cold,725076,0,False,1788804315.169543,
unbound,unsigned,test.test-unsigned.example,cold,679179,0,False,1788804315.1702847,
unbound,unsigned,test.test-unsigned.example,cold,648569,0,False,1788804315.1709917,
unbound,unsigned,test.test-unsigned.example,cold,842270,0,False,1788804315.1718948,
unbound,unsigned,test.test-unsigned.example,cold,938221,0,False,1788804315.172891,
unbound,unsigned,test.test-unsigned.example,cold,894764,0,False,1788804315.1738431,
unbound,unsigned,test.test-unsigned.example,cold,723180,0,False,1788804315.1746364,
unbound,unsigned,test.test-unsigned.example,cold,783023,0,False,1788804315.1754775,
unbound,unsigned,test.test-unsigned.example,cold,710360,0,False,1788804315.1762407,
unbound,unsigned,test.test-unsigned.example,cold,761242,0,False,1788804315.1770966,
unbound,unsigned,test.test-unsigned.example,cold,676643,0,False,1788804315.1778753,
unbound,unsigned,test.test-unsigned.example,cold,734911,0,False,1788804315.1786602,
unbound,unsigned,test.test-unsigned.example,cold,819137,0,False,1788804315.1795344,
unbound,unsigned,test.test-unsigned.example,cold,717276,0,False,1788804315.1803122,
unbound,unsigned,test.test-unsigned.example,cold,619384,0,False,1788804315.1809845,
unbound,unsigned,test.test-unsigned.example,cold,694655,0,False,1788804315.1817787,
unbound,unsigned,test.test-unsigned.example,cold,706424,0,False,1788804315.1825411,
unbound,unsigned,test.test-unsigned.example,cold,684464,0,False,1788804315.1832676,
unbound,unsigned,test.test-unsigned.example,cold,743818,0,False,1788804315.184062,
unbound,unsigned,test.test-unsigned.example,cold,839740,0,False,1788804315.1850028,
unbound,unsigned,test.test-unsigned.example,cold,681673,0,False,1788804315.185801,
unbound,unsigned,test.test-unsigned.example,cold,855557,0,False,1788804315.1867368,
unbound,unsigned,test.test-unsigned.example,cold,690892,0,False,1788804315.1876223,
unbound,unsigned,test.test-unsigned.example,cold,1123040,0,False,1788804315.188792,
unbound,unsigned,test.test-unsigned.example,cold,848219,0,False,1788804315.189741,
unbound,unsigned,test.test-unsigned.example,cold,1987620,0,False,1788804315.191791,
unbound,unsigned,test.test-unsigned.example,cold,565024,0,False,1788804315.1924305,
unbound,unsigned,test.test-unsigned.example,cold,834390,0,False,1788804315.1933413,
unbound,unsigned,test.test-unsigned.example,cold,797184,0,False,1788804315.1942267,
unbound,unsigned,test.test-unsigned.example,cold,976843,0,False,1788804315.1952717,
unbound,unsigned,test.test-unsigned.example,cold,1115098,0,False,1788804315.196693,
unbound,unsigned,test.test-unsigned.example,cold,1544237,0,False,1788804315.1984477,
unbound,unsigned,test.test-unsigned.example,cold,1065664,0,False,1788804315.1998506,
unbound,unsigned,test.test-unsigned.example,cold,1277641,0,False,1788804315.201433,
unbound,unsigned,test.test-unsigned.example,cold,959292,0,False,1788804315.2025423,
unbound,unsigned,test.test-unsigned.example,cold,954132,0,False,1788804315.203616,
unbound,unsigned,test.test-unsigned.example,cold,713414,0,False,1788804315.204466,
unbound,unsigned,test.test-unsigned.example,cold,753678,0,False,1788804315.2052703,
unbound,unsigned,test.test-unsigned.example,cold,700956,0,False,1788804315.2061625,
unbound,unsigned,test.test-unsigned.example,cold,780601,0,False,1788804315.2070885,
unbound,unsigned,test.test-unsigned.example,cold,612358,0,False,1788804315.2078545,
unbound,unsigned,test.test-unsigned.example,cold,899949,0,False,1788804315.2088065,
unbound,unsigned,test.test-unsigned.example,cold,717595,0,False,1788804315.2095778,
unbound,unsigned,test.test-unsigned.example,cold,759280,0,False,1788804315.210459,
unbound,unsigned,test.test-unsigned.example,cold,747649,0,False,1788804315.211261,
unbound,unsigned,test.test-unsigned.example,cold,3616912,0,False,1788804315.2149374,
unbound,unsigned,test.test-unsigned.example,cold,858802,0,False,1788804315.2158897,
unbound,unsigned,test.test-unsigned.example,cold,755906,0,False,1788804315.216713,
unbound,unsigned,test.test-unsigned.example,cold,763542,0,False,1788804315.2175322,
unbound,unsigned,test.test-unsigned.example,cold,611820,0,False,1788804315.21826,
unbound,unsigned,test.test-unsigned.example,cold,874420,0,False,1788804315.2192025,
unbound,unsigned,test.test-unsigned.example,cold,786227,0,False,1788804315.220055,
unbound,unsigned,test.test-unsigned.example,cold,647165,0,False,1788804315.220765,
unbound,unsigned,test.test-unsigned.example,cold,703883,0,False,1788804315.221526,
unbound,unsigned,test.test-unsigned.example,cold,754090,0,False,1788804315.22234,
unbound,unsigned,test.test-unsigned.example,cold,804860,0,False,1788804315.2231965,
unbound,unsigned,test.test-unsigned.example,cold,712994,0,False,1788804315.2239738,
unbound,unsigned,test.test-unsigned.example,cold,747459,0,False,1788804315.2247703,
unbound,unsigned,test.test-unsigned.example,cold,661869,0,False,1788804315.2254899,
unbound,unsigned,test.test-unsigned.example,cold,789303,0,False,1788804315.2263446,
unbound,unsigned,test.test-unsigned.example,cold,792938,0,False,1788804315.2271895,
unbound,unsigned,test.test-unsigned.example,cold,640782,0,False,1788804315.227892,
unbound,unsigned,test.test-unsigned.example,cold,762398,0,False,1788804315.228713,
unbound,unsigned,test.test-unsigned.example,cold,648193,0,False,1788804315.2294118,
unbound,unsigned,test.test-unsigned.example,cold,670401,0,False,1788804315.2301385,
unbound,unsigned,test.test-unsigned.example,cold,574931,0,False,1788804315.2307734,
unbound,unsigned,test.test-unsigned.example,cold,805717,0,False,1788804315.2316346,
unbound,unsigned,test.test-unsigned.example,cold,703378,0,False,1788804315.2323928,
unbound,unsigned,test.test-unsigned.example,cold,776064,0,False,1788804315.233396,
unbound,unsigned,test.test-unsigned.example,cold,796078,0,False,1788804315.2342646,
unbound,unsigned,test.test-unsigned.example,cold,911783,0,False,1788804315.2354171,
unbound,unsigned,test.test-unsigned.example,cold,3113602,0,False,1788804315.2388234,
unbound,unsigned,test.test-unsigned.example,cold,2592014,0,False,1788804315.2415516,
unbound,unsigned,test.test-unsigned.example,cold,1407806,0,False,1788804315.243047,
unbound,unsigned,test.test-unsigned.example,cold,1326036,0,False,1788804315.2444973,
unbound,unsigned,test.test-unsigned.example,cold,768732,0,False,1788804315.2453368,
unbound,unsigned,test.test-unsigned.example,cold,615633,0,False,1788804315.2460127,
unbound,unsigned,test.test-unsigned.example,cold,620793,0,False,1788804315.2466922,
unbound,unsigned,test.test-unsigned.example,cold,583219,0,False,1788804315.2473276,
unbound,unsigned,test.test-unsigned.example,cold,734998,0,False,1788804315.248117,
unbound,unsigned,test.test-unsigned.example,cold,808549,0,False,1788804315.2489817,
unbound,unsigned,test.test-unsigned.example,cold,617047,0,False,1788804315.2496538,
unbound,unsigned,test.test-unsigned.example,cold,588320,0,False,1788804315.250299,
unbound,unsigned,test.test-unsigned.example,cold,625464,0,False,1788804315.2509778,
unbound,unsigned,test.test-unsigned.example,cold,1189883,0,False,1788804315.2522187,
unbound,unsigned,test.test-unsigned.example,cold,802024,0,False,1788804315.2530823,
unbound,unsigned,test.test-unsigned.example,cold,872516,0,False,1788804315.2540674,
unbound,unsigned,test.test-unsigned.example,cold,679251,0,False,1788804315.2548673,
unbound,unsigned,test.test-unsigned.example,cold,654370,0,False,1788804315.2555673,
unbound,unsigned,test.test-unsigned.example,cold,625849,0,False,1788804315.2562442,
unbound,unsigned,test.test-unsigned.example,cold,569629,0,False,1788804315.2568643,
unbound,unsigned,test.test-unsigned.example,cold,521658,0,False,1788804315.2574239,
unbound,unsigned,test.test-unsigned.example,cold,536374,0,False,1788804315.25801,
unbound,unsigned,test.test-unsigned.example,cold,582720,0,False,1788804315.2587228,
unbound,unsigned,test.test-unsigned.example,cold,713035,0,False,1788804315.2595582,
unbound,unsigned,test.test-unsigned.example,cold,611546,0,False,1788804315.2602205,
unbound,unsigned,test.test-unsigned.example,cold,686494,0,False,1788804315.2609582,
unbound,unsigned,test.test-unsigned.example,cold,1089975,0,False,1788804315.2621026,
unbound,unsigned,test.test-unsigned.example,cold,855539,0,False,1788804315.2630198,
unbound,unsigned,test.test-unsigned.example,cold,674299,0,False,1788804315.2637522,
unbound,unsigned,test.test-unsigned.example,cold,497742,0,False,1788804315.264293,
unbound,unsigned,test.test-unsigned.example,cold,549980,0,False,1788804315.2648935,
unbound,unsigned,test.test-unsigned.example,cold,560854,0,False,1788804315.2655036,
unbound,unsigned,test.test-unsigned.example,cold,522157,0,False,1788804315.2660704,
unbound,unsigned,test.test-unsigned.example,cold,509391,0,False,1788804315.2666225,
unbound,unsigned,test.test-unsigned.example,cold,632052,0,False,1788804315.2672942,
unbound,unsigned,test.test-unsigned.example,cold,568918,0,False,1788804315.2679148,
unbound,unsigned,test.test-unsigned.example,cold,488522,0,False,1788804315.2684448,
unbound,unsigned,test.test-unsigned.example,cold,595268,0,False,1788804315.269086,
unbound,unsigned,test.test-unsigned.example,cold,533221,0,False,1788804315.269658,
unbound,unsigned,test.test-unsigned.example,cold,594186,0,False,1788804315.270302,
unbound,unsigned,test.test-unsigned.example,cold,574810,0,False,1788804315.2709167,
unbound,unsigned,test.test-unsigned.example,cold,567677,0,False,1788804315.2715235,
unbound,unsigned,test.test-unsigned.example,cold,573797,0,False,1788804315.2721508,
unbound,unsigned,test.test-unsigned.example,cold,596478,0,False,1788804315.2728002,
unbound,unsigned,test.test-unsigned.example,cold,711988,0,False,1788804315.273567,
unbound,unsigned,test.test-unsigned.example,cold,708330,0,False,1788804315.2743478,
unbound,unsigned,test.test-unsigned.example,cold,754205,0,False,1788804315.275164,
unbound,unsigned,test.test-unsigned.example,cold,615198,0,False,1788804315.2758431,
unbound,unsigned,test.test-unsigned.example,cold,579200,0,False,1788804315.2764769,
unbound,unsigned,test.test-unsigned.example,cold,637875,0,False,1788804315.2771726,
unbound,unsigned,test.test-unsigned.example,cold,631776,0,False,1788804315.2778604,
unbound,unsigned,test.test-unsigned.example,cold,570958,0,False,1788804315.2784882,
unbound,unsigned,test.test-unsigned.example,cold,2254631,0,False,1788804315.2808318,
unbound,unsigned,test.test-unsigned.example,cold,1175206,0,False,1788804315.2820952,
unbound,unsigned,test.test-unsigned.example,cold,1110706,0,False,1788804315.2832723,
unbound,unsigned,test.test-unsigned.example,cold,878574,0,False,1788804315.2842128,
unbound,unsigned,test.test-unsigned.example,cold,843437,0,False,1788804315.2851264,
unbound,unsigned,test.test-unsigned.example,cold,734658,0,False,1788804315.2859268,
unbound,unsigned,test.test-unsigned.example,cold,716858,0,False,1788804315.2866917,
unbound,unsigned,test.test-unsigned.example,cold,1083569,0,False,1788804315.2878351,
unbound,unsigned,test.test-unsigned.example,cold,843975,0,False,1788804315.2887473,
unbound,unsigned,test.test-unsigned.example,cold,875508,0,False,1788804315.289686,
unbound,unsigned,test.test-unsigned.example,cold,618993,0,False,1788804315.290353,
unbound,unsigned,test.test-unsigned.example,cold,571279,0,False,1788804315.2909803,
unbound,unsigned,test.test-unsigned.example,cold,612854,0,False,1788804315.2916503,
unbound,unsigned,test.test-unsigned.example,cold,584958,0,False,1788804315.2922926,
unbound,unsigned,test.test-unsigned.example,cold,515488,0,False,1788804315.292868,
unbound,unsigned,test.test-unsigned.example,cold,505286,0,False,1788804315.2934306,
unbound,unsigned,test.test-unsigned.example,cold,528500,0,False,1788804315.2940176,
unbound,unsigned,test.test-unsigned.example,cold,577648,0,False,1788804315.2946515,
unbound,unsigned,test.test-unsigned.example,cold,608459,0,False,1788804315.2953098,
unbound,unsigned,test.test-unsigned.example,cold,542478,0,False,1788804315.2958996,
unbound,unsigned,test.test-unsigned.example,cold,542345,0,False,1788804315.29648,
unbound,unsigned,test.test-unsigned.example,cold,568587,0,False,1788804315.2971013,
unbound,unsigned,test.test-unsigned.example,cold,631695,0,False,1788804315.2977874,
unbound,unsigned,test.test-unsigned.example,cold,645049,0,False,1788804315.298489,
unbound,unsigned,test.test-unsigned.example,cold,761228,0,False,1788804315.2994072,
unbound,unsigned,test.test-unsigned.example,cold,791271,0,False,1788804315.3003318,
unbound,unsigned,test.test-unsigned.example,cold,767038,0,False,1788804315.301194,
unbound,unsigned,test.test-unsigned.example,cold,796607,0,False,1788804315.3021355,
unbound,unsigned,test.test-unsigned.example,cold,761236,0,False,1788804315.3029962,
unbound,unsigned,test.test-unsigned.example,cold,741704,0,False,1788804315.3039649,
unbound,unsigned,test.test-unsigned.example,cold,732443,0,False,1788804315.3048306,
unbound,unsigned,test.test-unsigned.example,cold,679284,0,False,1788804315.3055544,
unbound,unsigned,test.test-unsigned.example,cold,642560,0,False,1788804315.3062391,
unbound,unsigned,test.test-unsigned.example,cold,591205,0,False,1788804315.3068707,
unbound,unsigned,test.test-unsigned.example,cold,604555,0,False,1788804315.3075254,
unbound,unsigned,test.test-unsigned.example,cold,556852,0,False,1788804315.3081338,
unbound,unsigned,test.test-unsigned.example,cold,764855,0,False,1788804315.3089523,
unbound,unsigned,test.test-unsigned.example,cold,744952,0,False,1788804315.309753,
unbound,unsigned,test.test-unsigned.example,cold,684751,0,False,1788804315.310487,
unbound,unsigned,test.test-unsigned.example,cold,743189,0,False,1788804315.3112946,
unbound,unsigned,test.test-unsigned.example,cold,785274,0,False,1788804315.3121374,
unbound,unsigned,test.test-unsigned.example,cold,671517,0,False,1788804315.3128972,
unbound,unsigned,test.test-unsigned.example,cold,949740,0,False,1788804315.3138955,
unbound,unsigned,test.test-unsigned.example,cold,873828,0,False,1788804315.314832,
unbound,unsigned,test.test-unsigned.example,cold,780425,0,False,1788804315.3156714,
unbound,unsigned,test.test-unsigned.example,cold,747029,0,False,1788804315.316473,
unbound,unsigned,test.test-unsigned.example,cold,888451,0,False,1788804315.3174043,
unbound,unsigned,test.test-unsigned.example,cold,975017,0,False,1788804315.3184953,
unbound,unsigned,test.test-unsigned.example,cold,1283344,0,False,1788804315.3198469,
unbound,unsigned,test.test-unsigned.example,cold,1013046,0,False,1788804315.3209333,
unbound,unsigned,test.test-unsigned.example,cold,932207,0,False,1788804315.3219347,
unbound,unsigned,test.test-unsigned.example,cold,1857011,0,False,1788804315.3238575,
unbound,unsigned,test.test-unsigned.example,cold,1218214,0,False,1788804315.32526,
unbound,unsigned,test.test-unsigned.example,cold,763529,0,False,1788804315.3260942,
unbound,unsigned,test.test-unsigned.example,cold,864423,0,False,1788804315.3270264,
unbound,unsigned,test.test-unsigned.example,cold,900956,0,False,1788804315.3279939,
unbound,unsigned,test.test-unsigned.example,cold,974510,0,False,1788804315.3290284,
unbound,unsigned,test.test-unsigned.example,cold,637333,0,False,1788804315.3297234,
unbound,unsigned,test.test-unsigned.example,cold,585961,0,False,1788804315.3303654,
unbound,unsigned,test.test-unsigned.example,cold,567500,0,False,1788804315.330983,
unbound,unsigned,test.test-unsigned.example,cold,627898,0,False,1788804315.3316631,
unbound,unsigned,test.test-unsigned.example,cold,617340,0,False,1788804315.332335,
unbound,unsigned,test.test-unsigned.example,cold,598299,0,False,1788804315.3329873,
unbound,unsigned,test.test-unsigned.example,cold,581245,0,False,1788804315.3336596,
unbound,unsigned,test.test-unsigned.example,cold,652442,0,False,1788804315.3343673,
unbound,unsigned,test.test-unsigned.example,cold,601613,0,False,1788804315.3350112,
unbound,unsigned,test.test-unsigned.example,cold,609628,0,False,1788804315.3356695,
unbound,unsigned,test.test-unsigned.example,cold,594241,0,False,1788804315.3363087,
unbound,unsigned,test.test-unsigned.example,cold,623628,0,False,1788804315.336993,
unbound,unsigned,test.test-unsigned.example,cold,651060,0,False,1788804315.3376946,
unbound,unsigned,test.test-unsigned.example,cold,603629,0,False,1788804315.338349,
unbound,unsigned,test.test-unsigned.example,cold,566922,0,False,1788804315.3389683,
unbound,unsigned,test.test-unsigned.example,cold,607277,0,False,1788804315.339616,
unbound,unsigned,test.test-unsigned.example,cold,540277,0,False,1788804315.3402083,
unbound,unsigned,test.test-unsigned.example,cold,554242,0,False,1788804315.3408127,
unbound,unsigned,test.test-unsigned.example,cold,723958,0,False,1788804315.3415787,
unbound,unsigned,test.test-unsigned.example,cold,579102,0,False,1788804315.3422115,
unbound,unsigned,test.test-unsigned.example,cold,579719,0,False,1788804315.3428411,
unbound,unsigned,test.test-unsigned.example,cold,568050,0,False,1788804315.34345,
unbound,unsigned,test.test-unsigned.example,cold,564460,0,False,1788804315.3440576,
unbound,unsigned,test.test-unsigned.example,cold,656146,0,False,1788804315.3447537,
unbound,unsigned,test.test-unsigned.example,cold,618523,0,False,1788804315.345417,
unbound,unsigned,test.test-unsigned.example,cold,575986,0,False,1788804315.3460374,
unbound,unsigned,test.test-unsigned.example,cold,555590,0,False,1788804315.346643,
unbound,unsigned,test.test-unsigned.example,cold,597814,0,False,1788804315.3472924,
unbound,unsigned,test.test-unsigned.example,cold,475611,0,False,1788804315.3478062,
unbound,unsigned,test.test-unsigned.example,cold,542197,0,False,1788804315.3483887,
unbound,unsigned,test.test-unsigned.example,cold,559986,0,False,1788804315.3490007,
unbound,unsigned,test.test-unsigned.example,cold,525445,0,False,1788804315.3495655,
unbound,unsigned,test.test-unsigned.example,cold,532679,0,False,1788804315.3501463,
unbound,unsigned,test.test-unsigned.example,cold,530300,0,False,1788804315.3507261,
unbound,unsigned,test.test-unsigned.example,cold,548353,0,False,1788804315.3513124,
unbound,unsigned,test.test-unsigned.example,cold,536836,0,False,1788804315.3518896,
unbound,unsigned,test.test-unsigned.example,cold,699835,0,False,1788804315.3526359,
unbound,unsigned,test.test-unsigned.example,cold,3192233,0,False,1788804315.3558948,
unbound,unsigned,test.test-unsigned.example,cold,826769,0,False,1788804315.3568172,
unbound,unsigned,test.test-unsigned.example,cold,701099,0,False,1788804315.3575888,
unbound,unsigned,test.test-unsigned.example,cold,679426,0,False,1788804315.3583288,
unbound,unsigned,test.test-unsigned.example,cold,625037,0,False,1788804315.359016,
unbound,unsigned,test.test-unsigned.example,cold,589093,0,False,1788804315.3596623,
unbound,unsigned,test.test-unsigned.example,cold,638801,0,False,1788804315.360358,
unbound,unsigned,test.test-unsigned.example,cold,789250,0,False,1788804315.3612053,
unbound,unsigned,test.test-unsigned.example,cold,1051352,0,False,1788804315.362395,
unbound,unsigned,test.test-unsigned.example,cold,817004,0,False,1788804315.36329,
unbound,unsigned,test.test-unsigned.example,cold,775349,0,False,1788804315.3641922,
unbound,unsigned,test.test-unsigned.example,cold,626480,0,False,1788804315.3648875,
unbound,unsigned,test.test-unsigned.example,cold,652516,0,False,1788804315.3656054,
unbound,unsigned,test.test-unsigned.example,cold,714407,0,False,1788804315.3663814,
unbound,unsigned,test.test-unsigned.example,cold,718623,0,False,1788804315.3671618,
unbound,unsigned,test.test-unsigned.example,cold,656051,0,False,1788804315.36788,
unbound,unsigned,test.test-unsigned.example,cold,692989,0,False,1788804315.3686223,
unbound,unsigned,test.test-unsigned.example,cold,664611,0,False,1788804315.3693469,
unbound,unsigned,test.test-unsigned.example,cold,709717,0,False,1788804315.3701203,
unbound,unsigned,test.test-unsigned.example,cold,700613,0,False,1788804315.3708806,
unbound,unsigned,test.test-unsigned.example,cold,902676,0,False,1788804315.3718407,
unbound,unsigned,test.test-unsigned.example,cold,753525,0,False,1788804315.3726602,
unbound,unsigned,test.test-unsigned.example,cold,634368,0,False,1788804315.3733475,
unbound,unsigned,test.test-unsigned.example,cold,645706,0,False,1788804315.3740473,
unbound,unsigned,test.test-unsigned.example,cold,709466,0,False,1788804315.3748093,
unbound,unsigned,test.test-unsigned.example,cold,645185,0,False,1788804315.3755095,
unbound,unsigned,test.test-unsigned.example,cold,565430,0,False,1788804315.3761141,
unbound,unsigned,test.test-unsigned.example,cold,558514,0,False,1788804315.376721,
unbound,unsigned,test.test-unsigned.example,cold,698946,0,False,1788804315.3774672,
unbound,unsigned,test.test-unsigned.example,cold,630696,0,False,1788804315.3781474,
unbound,unsigned,test.test-unsigned.example,cold,563084,0,False,1788804315.378764,
unbound,unsigned,test.test-unsigned.example,cold,579778,0,False,1788804315.3793962,
unbound,unsigned,test.test-unsigned.example,cold,551783,0,False,1788804315.3799903,
unbound,unsigned,test.test-unsigned.example,cold,506243,0,False,1788804315.3805363,
unbound,unsigned,test.test-unsigned.example,cold,616343,0,False,1788804315.3812068,
unbound,unsigned,test.test-unsigned.example,cold,584852,0,False,1788804315.3818405,
unbound,unsigned,test.test-unsigned.example,cold,769885,0,False,1788804315.3826613,
unbound,unsigned,test.test-unsigned.example,cold,660068,0,False,1788804315.3833761,
unbound,unsigned,test.test-unsigned.example,cold,558864,0,False,1788804315.3839872,
unbound,unsigned,test.test-unsigned.example,cold,487339,0,False,1788804315.3845167,
unbound,unsigned,test.test-unsigned.example,cold,508401,0,False,1788804315.3850644,
unbound,unsigned,test.test-unsigned.example,cold,551538,0,False,1788804315.3856575,
unbound,unsigned,test.test-unsigned.example,cold,540896,0,False,1788804315.3862371,
unbound,unsigned,test.test-unsigned.example,cold,585768,0,False,1788804315.3868718,
unbound,unsigned,test.test-unsigned.example,cold,551101,0,False,1788804315.3874714,
unbound,unsigned,test.test-unsigned.example,cold,580752,0,False,1788804315.388102,
unbound,unsigned,test.test-unsigned.example,cold,580176,0,False,1788804315.3887303,
unbound,unsigned,test.test-unsigned.example,cold,687313,0,False,1788804315.38946,
unbound,unsigned,test.test-unsigned.example,cold,709433,0,False,1788804315.3902214,
unbound,unsigned,test.test-unsigned.example,cold,571331,0,False,1788804315.3908472,
unbound,unsigned,test.test-unsigned.example,cold,585421,0,False,1788804315.3914845,
unbound,unsigned,test.test-unsigned.example,cold,604395,0,False,1788804315.3921397,
unbound,unsigned,test.test-unsigned.example,cold,1280317,0,False,1788804315.3934839,
unbound,unsigned,test.test-unsigned.example,cold,865239,0,False,1788804315.3944423,
unbound,unsigned,test.test-unsigned.example,cold,729846,0,False,1788804315.3952377,
unbound,unsigned,test.test-unsigned.example,cold,668772,0,False,1788804315.3959606,
unbound,unsigned,test.test-unsigned.example,cold,576171,0,False,1788804315.3965878,
unbound,unsigned,test.test-unsigned.example,cold,605842,0,False,1788804315.397247,
unbound,unsigned,test.test-unsigned.example,cold,574534,0,False,1788804315.3978722,
unbound,unsigned,test.test-unsigned.example,cold,832097,0,False,1788804315.398764,
unbound,unsigned,test.test-unsigned.example,cold,697658,0,False,1788804315.3995216,
unbound,unsigned,test.test-unsigned.example,cold,680288,0,False,1788804315.4002564,
unbound,unsigned,test.test-unsigned.example,cold,602835,0,False,1788804315.4009094,
unbound,unsigned,test.test-unsigned.example,cold,566963,0,False,1788804315.401518,
unbound,unsigned,test.test-unsigned.example,cold,560938,0,False,1788804315.402127,
unbound,unsigned,test.test-unsigned.example,cold,525929,0,False,1788804315.4026916,
unbound,unsigned,test.test-unsigned.example,cold,854348,0,False,1788804315.4035907,
unbound,unsigned,test.test-unsigned.example,cold,567492,0,False,1788804315.4042113,
unbound,unsigned,test.test-unsigned.example,cold,512867,0,False,1788804315.4047742,
unbound,unsigned,test.test-unsigned.example,cold,495874,0,False,1788804315.4053144,
unbound,unsigned,test.test-unsigned.example,cold,609078,0,False,1788804315.4059665,
unbound,unsigned,test.test-unsigned.example,cold,680401,0,False,1788804315.4066966,
unbound,unsigned,test.test-unsigned.example,cold,732559,0,False,1788804315.4074929,
unbound,unsigned,test.test-unsigned.example,cold,555148,0,False,1788804315.4080968,
unbound,unsigned,test.test-unsigned.example,cold,674851,0,False,1788804315.4088287,
unbound,unsigned,test.test-unsigned.example,cold,928214,0,False,1788804315.409818,
unbound,unsigned,test.test-unsigned.example,cold,915558,0,False,1788804315.4107947,
unbound,unsigned,test.test-unsigned.example,cold,743862,0,False,1788804315.4116716,
unbound,unsigned,test.test-unsigned.example,cold,867184,0,False,1788804315.412588,
unbound,unsigned,test.test-unsigned.example,cold,756485,0,False,1788804315.4133992,
unbound,unsigned,test.test-unsigned.example,cold,793213,0,False,1788804315.4142702,
unbound,unsigned,test.test-unsigned.example,cold,772834,0,False,1788804315.4152353,
unbound,unsigned,test.test-unsigned.example,cold,774769,0,False,1788804315.4161174,
unbound,unsigned,test.test-unsigned.example,cold,718223,0,False,1788804315.417147,
unbound,unsigned,test.test-unsigned.example,cold,719148,0,False,1788804315.4179206,
unbound,unsigned,test.test-unsigned.example,cold,825884,0,False,1788804315.4188066,
unbound,unsigned,test.test-unsigned.example,cold,842175,0,False,1788804315.4197102,
unbound,unsigned,test.test-unsigned.example,cold,660419,0,False,1788804315.4204197,
unbound,unsigned,test.test-unsigned.example,cold,705911,0,False,1788804315.421187,
unbound,unsigned,test.test-unsigned.example,cold,887909,0,False,1788804315.4221375,
unbound,unsigned,test.test-unsigned.example,cold,749133,0,False,1788804315.4229388,
unbound,unsigned,test.test-unsigned.example,cold,750676,0,False,1788804315.4237344,
unbound,unsigned,test.test-unsigned.example,cold,1240072,0,False,1788804315.4250276,
unbound,unsigned,test.test-unsigned.example,cold,1018286,0,False,1788804315.4261897,
unbound,unsigned,test.test-unsigned.example,cold,595466,0,False,1788804315.4268427,
unbound,unsigned,test.test-unsigned.example,cold,549253,0,False,1788804315.4274418,
unbound,unsigned,test.test-unsigned.example,cold,749599,0,False,1788804315.4282353,
unbound,unsigned,test.test-unsigned.example,cold,499605,0,False,1788804315.428775,
unbound,unsigned,test.test-unsigned.example,cold,591283,0,False,1788804315.4294162,
unbound,unsigned,test.test-unsigned.example,cold,572160,0,False,1788804315.430032,
unbound,unsigned,test.test-unsigned.example,cold,590276,0,False,1788804315.4306748,
unbound,unsigned,test.test-unsigned.example,cold,565614,0,False,1788804315.4312818,
unbound,unsigned,test.test-unsigned.example,cold,475673,0,False,1788804315.431797,
unbound,unsigned,test.test-unsigned.example,cold,560684,0,False,1788804315.432412,
unbound,unsigned,test.test-unsigned.example,cold,724485,0,False,1788804315.4331846,
unbound,unsigned,test.test-unsigned.example,cold,777129,0,False,1788804315.4341192,
unbound,unsigned,test.test-unsigned.example,cold,697062,0,False,1788804315.4348783,
unbound,unsigned,test.test-unsigned.example,cold,789912,0,False,1788804315.435775,
unbound,unsigned,test.test-unsigned.example,cold,811213,0,False,1788804315.4366407,
unbound,unsigned,test.test-unsigned.example,cold,1339863,0,False,1788804315.4380338,
unbound,unsigned,test.test-unsigned.example,cold,900599,0,False,1788804315.4390173,
unbound,unsigned,test.test-unsigned.example,cold,1820979,0,False,1788804315.4409153,
unbound,unsigned,test.test-unsigned.example,cold,1253824,0,False,1788804315.4422693,
unbound,unsigned,test.test-unsigned.example,cold,1320624,0,False,1788804315.4437375,
unbound,unsigned,test.test-unsigned.example,cold,929394,0,False,1788804315.4447505,
unbound,unsigned,test.test-unsigned.example,cold,875662,0,False,1788804315.4457617,
unbound,unsigned,test.test-unsigned.example,cold,769235,0,False,1788804315.4466093,
unbound,unsigned,test.test-unsigned.example,cold,984462,0,False,1788804315.4476657,
unbound,unsigned,test.test-unsigned.example,cold,651887,0,False,1788804315.4484503,
unbound,unsigned,test.test-unsigned.example,cold,554805,0,False,1788804315.4490595,
unbound,unsigned,test.test-unsigned.example,cold,591113,0,False,1788804315.4496968,
unbound,unsigned,test.test-unsigned.example,cold,600758,0,False,1788804315.4503474,
unbound,unsigned,test.test-unsigned.example,cold,592520,0,False,1788804315.4509892,
unbound,unsigned,test.test-unsigned.example,cold,658677,0,False,1788804315.4516876,
unbound,unsigned,test.test-unsigned.example,cold,752649,0,False,1788804315.4524949,
unbound,unsigned,test.test-unsigned.example,cold,803294,0,False,1788804315.4533978,
unbound,unsigned,test.test-unsigned.example,cold,676483,0,False,1788804315.4541404,
unbound,unsigned,test.test-unsigned.example,cold,877962,0,False,1788804315.4550765,
unbound,unsigned,test.test-unsigned.example,cold,607884,0,False,1788804315.4557645,
unbound,unsigned,test.test-unsigned.example,cold,555664,0,False,1788804315.456362,
unbound,unsigned,test.test-unsigned.example,cold,572541,0,False,1788804315.45698,
unbound,unsigned,test.test-unsigned.example,cold,602788,0,False,1788804315.4576333,
unbound,unsigned,test.test-unsigned.example,cold,576216,0,False,1788804315.4582534,
unbound,unsigned,test.test-unsigned.example,cold,573596,0,False,1788804315.4588795,
unbound,unsigned,test.test-unsigned.example,cold,728328,0,False,1788804315.4596531,
unbound,unsigned,test.test-unsigned.example,cold,597395,0,False,1788804315.4603024,
unbound,unsigned,test.test-unsigned.example,cold,585772,0,False,1788804315.4609401,
unbound,unsigned,test.test-unsigned.example,cold,633810,0,False,1788804315.4616163,
unbound,unsigned,test.test-unsigned.example,cold,670806,0,False,1788804315.462343,
unbound,unsigned,test.test-unsigned.example,cold,635354,0,False,1788804315.4630184,
unbound,unsigned,test.test-unsigned.example,cold,520707,0,False,1788804315.4635797,
unbound,unsigned,test.test-unsigned.example,cold,503254,0,False,1788804315.4641228,
unbound,unsigned,test.test-unsigned.example,cold,561020,0,False,1788804315.4647336,
unbound,unsigned,test.test-unsigned.example,cold,581592,0,False,1788804315.4654882,
unbound,unsigned,test.test-unsigned.example,cold,565807,0,False,1788804315.4661014,
unbound,unsigned,test.test-unsigned.example,cold,513498,0,False,1788804315.466657,
unbound,unsigned,test.test-unsigned.example,cold,642177,0,False,1788804315.4673498,
unbound,unsigned,test.test-unsigned.example,cold,580933,0,False,1788804315.4679732,
unbound,unsigned,test.test-unsigned.example,cold,561492,0,False,1788804315.46859,
unbound,unsigned,test.test-unsigned.example,cold,587361,0,False,1788804315.4692218,
unbound,unsigned,test.test-unsigned.example,cold,552448,0,False,1788804315.469825,
unbound,unsigned,test.test-unsigned.example,cold,535882,0,False,1788804315.4704132,
unbound,unsigned,test.test-unsigned.example,cold,809836,0,False,1788804315.4715736,
unbound,unsigned,test.test-unsigned.example,cold,860418,0,False,1788804315.472494,
unbound,unsigned,test.test-unsigned.example,cold,837649,0,False,1788804315.47339,
unbound,unsigned,test.test-unsigned.example,cold,642070,0,False,1788804315.4740915,
unbound,unsigned,test.test-unsigned.example,cold,805493,0,False,1788804315.474959,
unbound,unsigned,test.test-unsigned.example,cold,782999,0,False,1788804315.4758024,
unbound,unsigned,test.test-unsigned.example,cold,973167,0,False,1788804315.4768407,
unbound,unsigned,test.test-unsigned.example,cold,695509,0,False,1788804315.4776273,
unbound,unsigned,test.test-unsigned.example,cold,809680,0,False,1788804315.4785006,
unbound,unsigned,test.test-unsigned.example,cold,716848,0,False,1788804315.479285,
unbound,unsigned,test.test-unsigned.example,cold,741546,0,False,1788804315.4800837,
unbound,unsigned,test.test-unsigned.example,cold,874505,0,False,1788804315.4810162,
unbound,unsigned,test.test-unsigned.example,cold,715930,0,False,1788804315.4817998,
unbound,unsigned,test.test-unsigned.example,cold,731623,0,False,1788804315.482592,
unbound,unsigned,test.test-unsigned.example,cold,866044,0,False,1788804315.4835193,
unbound,unsigned,test.test-unsigned.example,cold,716662,0,False,1788804315.484296,
unbound,unsigned,test.test-unsigned.example,cold,718367,0,False,1788804315.485157,
unbound,unsigned,test.test-unsigned.example,cold,709641,0,False,1788804315.4859228,
unbound,unsigned,test.test-unsigned.example,cold,885449,0,False,1788804315.4868553,
unbound,unsigned,test.test-unsigned.example,cold,789466,0,False,1788804315.487709,
unbound,unsigned,test.test-unsigned.example,cold,813421,0,False,1788804315.488582,
unbound,unsigned,test.test-unsigned.example,cold,682565,0,False,1788804315.4893255,
unbound,unsigned,test.test-unsigned.example,cold,796299,0,False,1788804315.4901803,
unbound,unsigned,test.test-unsigned.example,cold,731112,0,False,1788804315.491005,
unbound,unsigned,test.test-unsigned.example,cold,740177,0,False,1788804315.491804,
unbound,unsigned,test.test-unsigned.example,cold,574151,0,False,1788804315.49242,
unbound,unsigned,test.test-unsigned.example,cold,578983,0,False,1788804315.4930546,
unbound,unsigned,test.test-unsigned.example,cold,649333,0,False,1788804315.4937453,
unbound,unsigned,test.test-unsigned.example,cold,586078,0,False,1788804315.4943774,
unbound,unsigned,test.test-unsigned.example,cold,599425,0,False,1788804315.4950187,
unbound,unsigned,test.test-unsigned.example,cold,618990,0,False,1788804315.4956813,
unbound,unsigned,test.test-unsigned.example,cold,642652,0,False,1788804315.4963741,
unbound,unsigned,test.test-unsigned.example,cold,595860,0,False,1788804315.4970202,
unbound,unsigned,test.test-unsigned.example,cold,580307,0,False,1788804315.497653,
unbound,unsigned,test.test-unsigned.example,cold,632687,0,False,1788804315.4983346,
unbound,unsigned,test.test-unsigned.example,cold,591431,0,False,1788804315.4989645,
unbound,unsigned,test.test-unsigned.example,cold,611400,0,False,1788804315.4996238,
unbound,unsigned,test.test-unsigned.example,cold,677097,0,False,1788804315.5003505,
unbound,unsigned,test.test-unsigned.example,cold,646215,0,False,1788804315.501039,
unbound,unsigned,test.test-unsigned.example,cold,517480,0,False,1788804315.5015984,
unbound,unsigned,test.test-unsigned.example,cold,550721,0,False,1788804315.502194,
unbound,unsigned,test.test-unsigned.example,cold,655018,0,False,1788804315.5028982,
unbound,unsigned,test.test-unsigned.example,cold,652118,0,False,1788804315.5036073,
unbound,unsigned,test.test-unsigned.example,cold,571034,0,False,1788804315.5042293,
unbound,unsigned,test.test-unsigned.example,cold,587141,0,False,1788804315.5048656,
unbound,unsigned,test.test-unsigned.example,cold,571042,0,False,1788804315.5054865,
unbound,unsigned,test.test-unsigned.example,cold,587117,0,False,1788804315.506112,
unbound,unsigned,test.test-unsigned.example,cold,578998,0,False,1788804315.5067384,
unbound,unsigned,test.test-unsigned.example,cold,531316,0,False,1788804315.5073195,
unbound,unsigned,test.test-unsigned.example,cold,592107,0,False,1788804315.5079596,
unbound,unsigned,test.test-unsigned.example,cold,664060,0,False,1788804315.508673,
unbound,unsigned,test.test-unsigned.example,cold,532349,0,False,1788804315.5092523,
unbound,unsigned,test.test-unsigned.example,cold,556361,0,False,1788804315.509857,
unbound,unsigned,test.test-unsigned.example,cold,548627,0,False,1788804315.5104449,
unbound,unsigned,test.test-unsigned.example,cold,527275,0,False,1788804315.5110126,
unbound,unsigned,test.test-unsigned.example,cold,712338,0,False,1788804315.5117748,
unbound,unsigned,test.test-unsigned.example,cold,589453,0,False,1788804315.512412,
unbound,unsigned,test.test-unsigned.example,cold,560594,0,False,1788804315.5130107,
unbound,unsigned,test.test-unsigned.example,cold,4550654,0,False,1788804315.517617,
unbound,unsigned,test.test-unsigned.example,cold,708345,0,False,1788804315.5184925,
unbound,unsigned,test.test-unsigned.example,cold,813842,0,False,1788804315.5193708,
unbound,unsigned,test.test-unsigned.example,cold,692139,0,False,1788804315.5201278,
unbound,unsigned,test.test-unsigned.example,cold,684965,0,False,1788804315.5208604,
unbound,unsigned,test.test-unsigned.example,cold,619192,0,False,1788804315.5215237,
unbound,unsigned,test.test-unsigned.example,cold,512873,0,False,1788804315.5220842,
unbound,unsigned,test.test-unsigned.example,cold,560894,0,False,1788804315.5227005,
unbound,unsigned,test.test-unsigned.example,cold,546936,0,False,1788804315.523299,
unbound,unsigned,test.test-unsigned.example,cold,548778,0,False,1788804315.5239472,
unbound,unsigned,test.test-unsigned.example,cold,543851,0,False,1788804315.524534,
unbound,unsigned,test.test-unsigned.example,cold,577523,0,False,1788804315.525161,
unbound,unsigned,test.test-unsigned.example,cold,556763,0,False,1788804315.5257657,
unbound,unsigned,test.test-unsigned.example,cold,665413,0,False,1788804315.5264735,
unbound,unsigned,test.test-unsigned.example,cold,586840,0,False,1788804315.5271351,
unbound,unsigned,test.test-unsigned.example,cold,566514,0,False,1788804315.5277588,
unbound,unsigned,test.test-unsigned.example,cold,685281,0,False,1788804315.5284936,
unbound,unsigned,test.test-unsigned.example,cold,716925,0,False,1788804315.5292778,
unbound,unsigned,test.test-unsigned.example,cold,626812,0,False,1788804315.5299542,
unbound,unsigned,test.test-unsigned.example,cold,574236,0,False,1788804315.5305715,
unbound,unsigned,test.test-unsigned.example,cold,624748,0,False,1788804315.5312397,
unbound,unsigned,test.test-unsigned.example,cold,640026,0,False,1788804315.5319352,
unbound,unsigned,test.test-unsigned.example,cold,738089,0,False,1788804315.5327244,
unbound,unsigned,test.test-unsigned.example,cold,641412,0,False,1788804315.533415,
unbound,unsigned,test.test-unsigned.example,cold,705770,0,False,1788804315.534171,
unbound,unsigned,test.test-unsigned.example,cold,720654,0,False,1788804315.5349464,
unbound,unsigned,test.test-unsigned.example,cold,637131,0,False,1788804315.5356345,
unbound,unsigned,test.test-unsigned.example,cold,602551,0,False,1788804315.5362775,
unbound,unsigned,test.test-unsigned.example,cold,562602,0,False,1788804315.536891,
unbound,unsigned,test.test-unsigned.example,cold,542866,0,False,1788804315.537475,
unbound,unsigned,test.test-unsigned.example,cold,661358,0,False,1788804315.5381804,
unbound,unsigned,test.test-unsigned.example,cold,593692,0,False,1788804315.5388157,
unbound,unsigned,test.test-unsigned.example,cold,1366790,0,False,1788804315.5402265,
unbound,unsigned,test.test-unsigned.example,cold,658289,0,False,1788804315.5409493,
unbound,unsigned,test.test-unsigned.example,cold,628377,0,False,1788804315.5416672,
unbound,unsigned,test.test-unsigned.example,cold,565212,0,False,1788804315.5422883,
unbound,unsigned,test.test-unsigned.example,cold,538816,0,False,1788804315.5428782,
unbound,unsigned,test.test-unsigned.example,cold,568674,0,False,1788804315.5434945,
unbound,unsigned,test.test-unsigned.example,cold,578909,0,False,1788804315.5441232,
unbound,unsigned,test.test-unsigned.example,cold,672567,0,False,1788804315.5448482,
unbound,unsigned,test.test-unsigned.example,cold,538429,0,False,1788804315.545428,
unbound,unsigned,test.test-unsigned.example,cold,576203,0,False,1788804315.5460439,
unbound,unsigned,test.test-unsigned.example,cold,565530,0,False,1788804315.5466495,
unbound,unsigned,test.test-unsigned.example,cold,640758,0,False,1788804315.5473409,
unbound,unsigned,test.test-unsigned.example,cold,611233,0,False,1788804315.5479972,
unbound,unsigned,test.test-unsigned.example,cold,561932,0,False,1788804315.5486083,
unbound,unsigned,test.test-unsigned.example,cold,728962,0,False,1788804315.549384,
unbound,unsigned,test.test-unsigned.example,cold,589032,0,False,1788804315.5500226,
unbound,unsigned,test.test-unsigned.example,cold,548117,0,False,1788804315.5506136,
unbound,unsigned,test.test-unsigned.example,cold,633741,0,False,1788804315.5512986,
unbound,unsigned,test.test-unsigned.example,cold,539606,0,False,1788804315.5518868,
unbound,unsigned,test.test-unsigned.example,cold,566806,0,False,1788804315.5524974,
unbound,unsigned,test.test-unsigned.example,cold,547188,0,False,1788804315.5530884,
unbound,unsigned,test.test-unsigned.example,cold,640571,0,False,1788804315.55377,
unbound,unsigned,test.test-unsigned.example,cold,569536,0,False,1788804315.5543938,
unbound,unsigned,test.test-unsigned.example,cold,548855,0,False,1788804315.554987,
unbound,unsigned,test.test-unsigned.example,cold,703952,0,False,1788804315.5557399,
unbound,unsigned,test.test-unsigned.example,cold,593820,0,False,1788804315.556382,
unbound,unsigned,test.test-unsigned.example,cold,537194,0,False,1788804315.5569658,
unbound,unsigned,test.test-unsigned.example,cold,565676,0,False,1788804315.557572,
unbound,unsigned,test.test-unsigned.example,cold,511939,0,False,1788804315.558122,
unbound,unsigned,test.test-unsigned.example,cold,551681,0,False,1788804315.5587208,
unbound,unsigned,test.test-unsigned.example,cold,618958,0,False,1788804315.559386,
unbound,unsigned,test.test-unsigned.example,cold,511649,0,False,1788804315.5599408,
unbound,unsigned,test.test-unsigned.example,cold,558954,0,False,1788804315.5605505,
unbound,unsigned,test.test-unsigned.example,cold,656717,0,False,1788804315.5612473,
unbound,unsigned,test.test-unsigned.example,cold,673399,0,False,1788804315.5619643,
unbound,unsigned,test.test-unsigned.example,cold,650952,0,False,1788804315.56267,
unbound,unsigned,test.test-unsigned.example,cold,596555,0,False,1788804315.563323,
unbound,unsigned,test.test-unsigned.example,cold,604681,0,False,1788804315.563985,
unbound,unsigned,test.test-unsigned.example,cold,603760,0,False,1788804315.5646539,
unbound,unsigned,test.test-unsigned.example,cold,656680,0,False,1788804315.5653596,
unbound,unsigned,test.test-unsigned.example,cold,500412,0,False,1788804315.5659063,
unbound,unsigned,test.test-unsigned.example,cold,570486,0,False,1788804315.5665166,
unbound,unsigned,test.test-unsigned.example,cold,620591,0,False,1788804315.5671825,
unbound,unsigned,test.test-unsigned.example,cold,635605,0,False,1788804315.567871,
unbound,unsigned,test.test-unsigned.example,cold,640404,0,False,1788804315.5685635,
unbound,unsigned,test.test-unsigned.example,cold,577571,0,False,1788804315.569191,
unbound,unsigned,test.test-unsigned.example,cold,497001,0,False,1788804315.5697377,
unbound,unsigned,test.test-unsigned.example,cold,683104,0,False,1788804315.5704606,
unbound,unsigned,test.test-unsigned.example,cold,567867,0,False,1788804315.5711005,
unbound,unsigned,test.test-unsigned.example,cold,566222,0,False,1788804315.5717387,
unbound,unsigned,test.test-unsigned.example,cold,525748,0,False,1788804315.5723057,
unbound,unsigned,test.test-unsigned.example,cold,562006,0,False,1788804315.572912,
unbound,unsigned,test.test-unsigned.example,cold,560968,0,False,1788804315.5735147,
unbound,unsigned,test.test-unsigned.example,cold,554913,0,False,1788804315.574115,
unbound,unsigned,test.test-unsigned.example,cold,511283,0,False,1788804315.5746765,
unbound,unsigned,test.test-unsigned.example,cold,625592,0,False,1788804315.5753498,
unbound,unsigned,test.test-unsigned.example,cold,576890,0,False,1788804315.5759685,
unbound,unsigned,test.test-unsigned.example,cold,496438,0,False,1788804315.5765069,
unbound,unsigned,test.test-unsigned.example,cold,660086,0,False,1788804315.5772197,
unbound,unsigned,test.test-unsigned.example,cold,586572,0,False,1788804315.5778615,
unbound,unsigned,test.test-unsigned.example,cold,625067,0,False,1788804315.57854,
unbound,unsigned,test.test-unsigned.example,cold,669519,0,False,1788804315.5792515,
unbound,unsigned,test.test-unsigned.example,cold,577283,0,False,1788804315.5798798,
unbound,unsigned,test.test-unsigned.example,cold,672488,0,False,1788804315.5806062,
unbound,unsigned,test.test-unsigned.example,cold,673018,0,False,1788804315.5813308,
unbound,unsigned,test.test-unsigned.example,cold,630997,0,False,1788804315.582018,
unbound,unsigned,test.test-unsigned.example,cold,533138,0,False,1788804315.5825925,
unbound,unsigned,test.test-unsigned.example,cold,618220,0,False,1788804315.583262,
unbound,unsigned,test.test-unsigned.example,cold,598255,0,False,1788804315.5839117,
unbound,unsigned,test.test-unsigned.example,cold,536134,0,False,1788804315.5844905,
unbound,unsigned,test.test-unsigned.example,cold,588027,0,False,1788804315.5851288,
unbound,unsigned,test.test-unsigned.example,cold,572911,0,False,1788804315.5857542,
unbound,unsigned,test.test-unsigned.example,cold,586063,0,False,1788804315.5863893,
unbound,unsigned,test.test-unsigned.example,cold,650927,0,False,1788804315.5870786,
unbound,unsigned,test.test-unsigned.example,cold,939281,0,False,1788804315.5880966,
unbound,unsigned,test.test-unsigned.example,cold,580131,0,False,1788804315.5887344,
unbound,unsigned,test.test-unsigned.example,cold,611305,0,False,1788804315.5894005,
unbound,unsigned,test.test-unsigned.example,cold,569852,0,False,1788804315.5900156,
unbound,unsigned,test.test-unsigned.example,cold,1946437,0,False,1788804315.5920033,
unbound,unsigned,test.test-unsigned.example,cold,573278,0,False,1788804315.5926223,
unbound,unsigned,test.test-unsigned.example,cold,716024,0,False,1788804315.593395,
unbound,unsigned,test.test-unsigned.example,cold,663427,0,False,1788804315.5941103,
unbound,unsigned,test.test-unsigned.example,cold,621339,0,False,1788804315.5947812,
unbound,unsigned,test.test-unsigned.example,cold,678545,0,False,1788804315.5955114,
unbound,unsigned,test.test-unsigned.example,cold,888890,0,False,1788804315.596446,
unbound,unsigned,test.test-unsigned.example,cold,1809747,0,False,1788804315.5983293,
unbound,unsigned,test.test-unsigned.example,cold,827248,0,False,1788804315.599237,
unbound,unsigned,test.test-unsigned.example,cold,675516,0,False,1788804315.599974,
unbound,unsigned,test.test-unsigned.example,cold,686260,0,False,1788804315.6007223,
unbound,unsigned,test.test-unsigned.example,cold,707577,0,False,1788804315.6015015,
unbound,unsigned,test.test-unsigned.example,cold,694383,0,False,1788804315.6022625,
unbound,unsigned,test.test-unsigned.example,cold,1176067,0,False,1788804315.6035094,
unbound,unsigned,test.test-unsigned.example,cold,949673,0,False,1788804315.6045709,
unbound,unsigned,test.test-unsigned.example,cold,845450,0,False,1788804315.6055288,
unbound,unsigned,test.test-unsigned.example,cold,621777,0,False,1788804315.60621,
unbound,unsigned,test.test-unsigned.example,cold,529839,0,False,1788804315.6067832,
unbound,unsigned,test.test-unsigned.example,cold,607633,0,False,1788804315.6074347,
unbound,unsigned,test.test-unsigned.example,cold,746564,0,False,1788804315.608225,
unbound,unsigned,test.test-unsigned.example,cold,517368,0,False,1788804315.608788,
unbound,unsigned,test.test-unsigned.example,cold,573296,0,False,1788804315.609405,
unbound,unsigned,test.test-unsigned.example,cold,522607,0,False,1788804315.6099699,
unbound,unsigned,test.test-unsigned.example,cold,552387,0,False,1788804315.610564,
unbound,unsigned,test.test-unsigned.example,cold,685271,0,False,1788804315.6113186,
unbound,unsigned,test.test-unsigned.example,cold,706457,0,False,1788804315.6121337,
unbound,unsigned,test.test-unsigned.example,cold,1006372,0,False,1788804315.613201,
unbound,unsigned,test.test-unsigned.example,cold,774686,0,False,1788804315.6140501,
unbound,unsigned,test.test-unsigned.example,cold,890058,0,False,1788804315.6150084,
unbound,unsigned,test.test-unsigned.example,cold,835601,0,False,1788804315.615913,
unbound,unsigned,test.test-unsigned.example,cold,625550,0,False,1788804315.6166053,
unbound,unsigned,test.test-unsigned.example,cold,575849,0,False,1788804315.6172445,
unbound,unsigned,test.test-unsigned.example,cold,635165,0,False,1788804315.6179378,
unbound,unsigned,test.test-unsigned.example,cold,638167,0,False,1788804315.6186285,
unbound,unsigned,test.test-unsigned.example,cold,614933,0,False,1788804315.6193008,
unbound,unsigned,test.test-unsigned.example,cold,564134,0,False,1788804315.619913,
unbound,unsigned,test.test-unsigned.example,cold,557345,0,False,1788804315.6205127,
unbound,unsigned,test.test-unsigned.example,cold,647170,0,False,1788804315.6212106,
unbound,unsigned,test.test-unsigned.example,cold,553132,0,False,1788804315.6218202,
unbound,unsigned,test.test-unsigned.example,cold,595298,0,False,1788804315.6224692,
unbound,unsigned,test.test-unsigned.example,cold,574583,0,False,1788804315.623083,
unbound,unsigned,test.test-unsigned.example,cold,571956,0,False,1788804315.6237113,
unbound,unsigned,test.test-unsigned.example,cold,498570,0,False,1788804315.624251,
unbound,unsigned,test.test-unsigned.example,cold,595961,0,False,1788804315.6248841,
unbound,unsigned,test.test-unsigned.example,cold,528070,0,False,1788804315.62545,
unbound,unsigned,test.test-unsigned.example,cold,547464,0,False,1788804315.6260426,
unbound,unsigned,test.test-unsigned.example,cold,608342,0,False,1788804315.6267028,
unbound,unsigned,test.test-unsigned.example,cold,584214,0,False,1788804315.627336,
unbound,unsigned,test.test-unsigned.example,cold,884527,0,False,1788804315.6282606,
unbound,unsigned,test.test-unsigned.example,cold,595469,0,False,1788804315.6289132,
unbound,unsigned,test.test-unsigned.example,cold,563283,0,False,1788804315.6295257,
unbound,unsigned,test.test-unsigned.example,cold,547053,0,False,1788804315.630116,
unbound,unsigned,test.test-unsigned.example,cold,608215,0,False,1788804315.6307647,
unbound,unsigned,test.test-unsigned.example,cold,584465,0,False,1788804315.6314013,
unbound,unsigned,test.test-unsigned.example,cold,575113,0,False,1788804315.6320298,
unbound,unsigned,test.test-unsigned.example,cold,561133,0,False,1788804315.6326406,
unbound,unsigned,test.test-unsigned.example,cold,554132,0,False,1788804315.6332405,
unbound,unsigned,test.test-unsigned.example,cold,571970,0,False,1788804315.6338527,
unbound,unsigned,test.test-unsigned.example,cold,532793,0,False,1788804315.634424,
unbound,unsigned,test.test-unsigned.example,cold,539346,0,False,1788804315.6350079,
unbound,unsigned,test.test-unsigned.example,cold,609743,0,False,1788804315.6356587,
unbound,unsigned,test.test-unsigned.example,cold,627834,0,False,1788804315.6363401,
unbound,unsigned,test.test-unsigned.example,cold,549514,0,False,1788804315.636942,
unbound,unsigned,test.test-unsigned.example,cold,522159,0,False,1788804315.6375039,
unbound,unsigned,test.test-unsigned.example,cold,528713,0,False,1788804315.6380734,
unbound,unsigned,test.test-unsigned.example,cold,517542,0,False,1788804315.6386297,
unbound,unsigned,test.test-unsigned.example,cold,657929,0,False,1788804315.6393425,
unbound,unsigned,test.test-unsigned.example,cold,1330581,0,False,1788804315.6407247,
unbound,unsigned,test.test-unsigned.example,cold,897845,0,False,1788804315.6417072,
unbound,unsigned,test.test-unsigned.example,cold,1228923,0,False,1788804315.642994,
unbound,unsigned,test.test-unsigned.example,cold,809482,0,False,1788804315.6438646,
unbound,unsigned,test.test-unsigned.example,cold,1797253,0,False,1788804315.6457255,
unbound,unsigned,test.test-unsigned.example,cold,819391,0,False,1788804315.646601,
unbound,unsigned,test.test-unsigned.example,cold,716968,0,False,1788804315.647371,
unbound,unsigned,test.test-unsigned.example,cold,800828,0,False,1788804315.6482408,
unbound,unsigned,test.test-unsigned.example,cold,787231,0,False,1788804315.649097,
unbound,unsigned,test.test-unsigned.example,cold,910186,0,False,1788804315.650068,
unbound,unsigned,test.test-unsigned.example,cold,689764,0,False,1788804315.6508322,
unbound,unsigned,test.test-unsigned.example,cold,684312,0,False,1788804315.6515858,
unbound,unsigned,test.test-unsigned.example,cold,766808,0,False,1788804315.6524096,
unbound,unsigned,test.test-unsigned.example,cold,483540,0,False,1788804315.652936,
unbound,unsigned,test.test-unsigned.example,cold,538656,0,False,1788804315.653524,
unbound,unsigned,test.test-unsigned.example,cold,576417,0,False,1788804315.6541407,
unbound,unsigned,test.test-unsigned.example,cold,551572,0,False,1788804315.6547415,
unbound,unsigned,test.test-unsigned.example,cold,579618,0,False,1788804315.6553714,
unbound,unsigned,test.test-unsigned.example,cold,575279,0,False,1788804315.655986,
unbound,unsigned,test.test-unsigned.example,cold,510987,0,False,1788804315.6565356,
unbound,unsigned,test.test-unsigned.example,cold,526630,0,False,1788804315.6571038,
unbound,unsigned,test.test-unsigned.example,cold,581938,0,False,1788804315.6577246,
unbound,unsigned,test.test-unsigned.example,cold,656877,0,False,1788804315.658431,
unbound,unsigned,test.test-unsigned.example,cold,761226,0,False,1788804315.6592464,
unbound,unsigned,test.test-unsigned.example,cold,627343,0,False,1788804315.659941,
unbound,unsigned,test.test-unsigned.example,cold,551596,0,False,1788804315.6605384,
unbound,unsigned,test.test-unsigned.example,cold,627242,0,False,1788804315.661214,
unbound,unsigned,test.test-unsigned.example,cold,583495,0,False,1788804315.6618466,
unbound,unsigned,test.test-unsigned.example,cold,624504,0,False,1788804315.6625197,
unbound,unsigned,test.test-unsigned.example,cold,640819,0,False,1788804315.6632042,
unbound,unsigned,test.test-unsigned.example,cold,573214,0,False,1788804315.663863,
unbound,unsigned,test.test-unsigned.example,cold,595729,0,False,1788804315.6645083,
unbound,unsigned,test.test-unsigned.example,cold,625593,0,False,1788804315.6651886,
unbound,unsigned,test.test-unsigned.example,cold,540269,0,False,1788804315.6657698,
unbound,unsigned,test.test-unsigned.example,cold,598635,0,False,1788804315.6664076,
unbound,unsigned,test.test-unsigned.example,cold,578798,0,False,1788804315.6670365,
unbound,unsigned,test.test-unsigned.example,cold,603010,0,False,1788804315.6676872,
unbound,unsigned,test.test-unsigned.example,cold,578180,0,False,1788804315.6683123,
unbound,unsigned,test.test-unsigned.example,cold,532000,0,False,1788804315.6688821,
unbound,unsigned,test.test-unsigned.example,cold,659742,0,False,1788804315.6695814,
unbound,unsigned,test.test-unsigned.example,cold,622348,0,False,1788804315.6702938,
unbound,unsigned,test.test-unsigned.example,cold,591301,0,False,1788804315.6709254,
unbound,unsigned,test.test-unsigned.example,cold,649189,0,False,1788804315.671614,
unbound,unsigned,test.test-unsigned.example,cold,548237,0,False,1788804315.6722012,
unbound,unsigned,test.test-unsigned.example,cold,534090,0,False,1788804315.672777,
unbound,unsigned,test.test-unsigned.example,cold,657763,0,False,1788804315.673487,
unbound,unsigned,test.test-unsigned.example,cold,582119,0,False,1788804315.6742377,
unbound,unsigned,test.test-unsigned.example,cold,619628,0,False,1788804315.6749077,
unbound,unsigned,test.test-unsigned.example,cold,696840,0,False,1788804315.6756587,
unbound,unsigned,test.test-unsigned.example,cold,599984,0,False,1788804315.6763096,
unbound,unsigned,test.test-unsigned.example,cold,570517,0,False,1788804315.6769369,
unbound,unsigned,test.test-unsigned.example,cold,709329,0,False,1788804315.6777036,
unbound,unsigned,test.test-unsigned.example,cold,629266,0,False,1788804315.6784003,
unbound,unsigned,test.test-unsigned.example,cold,610711,0,False,1788804315.6790683,
unbound,unsigned,test.test-unsigned.example,cold,4560157,0,False,1788804315.6837087,
unbound,unsigned,test.test-unsigned.example,cold,887448,0,False,1788804315.6846957,
unbound,unsigned,test.test-unsigned.example,cold,786844,0,False,1788804315.6855426,
unbound,unsigned,test.test-unsigned.example,cold,573448,0,False,1788804315.686173,
unbound,unsigned,test.test-unsigned.example,cold,580060,0,False,1788804315.686796,
unbound,unsigned,test.test-unsigned.example,cold,560546,0,False,1788804315.6874094,
unbound,unsigned,test.test-unsigned.example,cold,544972,0,False,1788804315.6879952,
unbound,unsigned,test.test-unsigned.example,cold,552113,0,False,1788804315.688593,
unbound,unsigned,test.test-unsigned.example,cold,538428,0,False,1788804315.689184,
unbound,unsigned,test.test-unsigned.example,cold,433479,0,False,1788804315.6896558,
unbound,unsigned,test.test-unsigned.example,cold,627110,0,False,1788804315.6904542,
unbound,unsigned,test.test-unsigned.example,cold,527692,0,False,1788804315.691038,
unbound,unsigned,test.test-unsigned.example,cold,665561,0,False,1788804315.6917515,
unbound,unsigned,test.test-unsigned.example,cold,571008,0,False,1788804315.6923769,
unbound,unsigned,test.test-unsigned.example,cold,579717,0,False,1788804315.6930058,
unbound,unsigned,test.test-unsigned.example,cold,554239,0,False,1788804315.6936126,
unbound,unsigned,test.test-unsigned.example,cold,527687,0,False,1788804315.6941838,
unbound,unsigned,test.test-unsigned.example,cold,538579,0,False,1788804315.6947615,
unbound,unsigned,test.test-unsigned.example,cold,616043,0,False,1788804315.6954277,
unbound,unsigned,test.test-unsigned.example,cold,651549,0,False,1788804315.6961334,
unbound,unsigned,test.test-unsigned.example,cold,575877,0,False,1788804315.6967616,
unbound,unsigned,test.test-unsigned.example,cold,625186,0,False,1788804315.6974277,
unbound,unsigned,test.test-unsigned.example,cold,1058425,0,False,1788804315.6985357,
unbound,unsigned,test.test-unsigned.example,cold,807963,0,False,1788804315.6994188,
unbound,unsigned,test.test-unsigned.example,cold,645400,0,False,1788804315.7001214,
unbound,unsigned,test.test-unsigned.example,cold,989080,0,False,1788804315.7011728,
unbound,unsigned,test.test-unsigned.example,cold,768850,0,False,1788804315.7020032,
unbound,unsigned,test.test-unsigned.example,cold,623907,0,False,1788804315.702688,
unbound,unsigned,test.test-unsigned.example,cold,646208,0,False,1788804315.7033908,
unbound,unsigned,test.test-unsigned.example,cold,576443,0,False,1788804315.7040243,
unbound,unsigned,test.test-unsigned.example,cold,469102,0,False,1788804315.704533,
unbound,unsigned,test.test-unsigned.example,cold,588231,0,False,1788804315.7051754,
unbound,unsigned,test.test-unsigned.example,cold,590997,0,False,1788804315.705811,
unbound,unsigned,test.test-unsigned.example,cold,451545,0,False,1788804315.7063012,
unbound,unsigned,test.test-unsigned.example,cold,454440,0,False,1788804315.7067935,
unbound,unsigned,test.test-unsigned.example,cold,588160,0,False,1788804315.707418,
unbound,unsigned,test.test-unsigned.example,cold,807290,0,False,1788804315.708265,
unbound,unsigned,test.test-unsigned.example,cold,602841,0,False,1788804315.7089188,
unbound,unsigned,test.test-unsigned.example,cold,577508,0,False,1788804315.709545,
unbound,unsigned,test.test-unsigned.example,cold,583952,0,False,1788804315.71018,
unbound,unsigned,test.test-unsigned.example,cold,699285,0,False,1788804315.710925,
unbound,unsigned,test.test-unsigned.example,cold,831597,0,False,1788804315.7118123,
unbound,unsigned,test.test-unsigned.example,cold,629226,0,False,1788804315.7124987,
unbound,unsigned,test.test-unsigned.example,cold,584075,0,False,1788804315.7131364,
unbound,unsigned,test.test-unsigned.example,cold,542324,0,False,1788804315.7137184,
unbound,unsigned,test.test-unsigned.example,cold,606486,0,False,1788804315.7143745,
unbound,unsigned,test.test-unsigned.example,cold,598320,0,False,1788804315.7150252,
unbound,unsigned,test.test-unsigned.example,cold,653328,0,False,1788804315.7157273,
unbound,unsigned,test.test-unsigned.example,cold,624592,0,False,1788804315.716407,
unbound,unsigned,test.test-unsigned.example,cold,498113,0,False,1788804315.7169585,
unbound,unsigned,test.test-unsigned.example,cold,622839,0,False,1788804315.7176244,
unbound,unsigned,test.test-unsigned.example,cold,669744,0,False,1788804315.718341,
unbound,unsigned,test.test-unsigned.example,cold,584991,0,False,1788804315.7189736,
unbound,unsigned,test.test-unsigned.example,cold,593553,0,False,1788804315.7196162,
unbound,unsigned,test.test-unsigned.example,cold,543864,0,False,1788804315.7202132,
unbound,unsigned,test.test-unsigned.example,cold,587763,0,False,1788804315.7208488,
unbound,unsigned,test.test-unsigned.example,cold,698617,0,False,1788804315.7215996,
unbound,unsigned,test.test-unsigned.example,cold,870125,0,False,1788804315.722527,
unbound,unsigned,test.test-unsigned.example,cold,606722,0,False,1788804315.7231965,
unbound,unsigned,test.test-unsigned.example,cold,893505,0,False,1788804315.724156,
unbound,unsigned,test.test-unsigned.example,cold,617136,0,False,1788804315.724846,
unbound,unsigned,test.test-unsigned.example,cold,650569,0,False,1788804315.7255514,
unbound,unsigned,test.test-unsigned.example,cold,562348,0,False,1788804315.7261553,
unbound,unsigned,test.test-unsigned.example,cold,572249,0,False,1788804315.726773,
unbound,unsigned,test.test-unsigned.example,cold,712481,0,False,1788804315.727666,
unbound,unsigned,test.test-unsigned.example,cold,557122,0,False,1788804315.7282774,
unbound,unsigned,test.test-unsigned.example,cold,575753,0,False,1788804315.7288942,
unbound,unsigned,test.test-unsigned.example,cold,487751,0,False,1788804315.7294326,
unbound,unsigned,test.test-unsigned.example,cold,604284,0,False,1788804315.730075,
unbound,unsigned,test.test-unsigned.example,cold,560069,0,False,1788804315.7306857,
unbound,unsigned,test.test-unsigned.example,cold,642165,0,False,1788804315.731381,
unbound,unsigned,test.test-unsigned.example,cold,519623,0,False,1788804315.7319524,
unbound,unsigned,test.test-unsigned.example,cold,684884,0,False,1788804315.7326882,
unbound,unsigned,test.test-unsigned.example,cold,511354,0,False,1788804315.733252,
unbound,unsigned,test.test-unsigned.example,cold,574432,0,False,1788804315.733868,
unbound,unsigned,test.test-unsigned.example,cold,539066,0,False,1788804315.734449,
unbound,unsigned,test.test-unsigned.example,cold,543435,0,False,1788804315.7350407,
unbound,unsigned,test.test-unsigned.example,cold,624870,0,False,1788804315.735707,
unbound,unsigned,test.test-unsigned.example,cold,559179,0,False,1788804315.736305,
unbound,unsigned,test.test-unsigned.example,cold,511774,0,False,1788804315.7368577,
unbound,unsigned,test.test-unsigned.example,cold,659389,0,False,1788804315.7375627,
unbound,unsigned,test.test-unsigned.example,cold,652875,0,False,1788804315.7382774,
unbound,unsigned,test.test-unsigned.example,cold,609319,0,False,1788804315.7389367,
unbound,unsigned,test.test-unsigned.example,cold,615330,0,False,1788804315.7396069,
unbound,unsigned,test.test-unsigned.example,cold,538947,0,False,1788804315.740196,
unbound,unsigned,test.test-unsigned.example,cold,629326,0,False,1788804315.7408679,
unbound,unsigned,test.test-unsigned.example,cold,539134,0,False,1788804315.741449,
unbound,unsigned,test.test-unsigned.example,cold,539303,0,False,1788804315.74204,
unbound,unsigned,test.test-unsigned.example,cold,514580,0,False,1788804315.742593,
unbound,unsigned,test.test-unsigned.example,cold,639697,0,False,1788804315.7432775,
unbound,unsigned,test.test-unsigned.example,cold,580749,0,False,1788804315.7439044,
unbound,unsigned,test.test-unsigned.example,cold,582987,0,False,1788804315.744527,
unbound,unsigned,test.test-unsigned.example,cold,503295,0,False,1788804315.7450702,
unbound,unsigned,test.test-unsigned.example,cold,549671,0,False,1788804315.745661,
unbound,unsigned,test.test-unsigned.example,cold,544368,0,False,1788804315.7462547,
unbound,unsigned,test.test-unsigned.example,cold,589439,0,False,1788804315.7468953,
unbound,unsigned,test.test-unsigned.example,cold,627638,0,False,1788804315.7475657,
unbound,unsigned,test.test-unsigned.example,cold,578692,0,False,1788804315.748195,
unbound,unsigned,test.test-unsigned.example,cold,544943,0,False,1788804315.748788,
unbound,unsigned,test.test-unsigned.example,cold,555696,0,False,1788804315.7493968,
unbound,unsigned,test.test-unsigned.example,cold,550777,0,False,1788804315.7499874,
unbound,unsigned,test.test-unsigned.example,cold,542453,0,False,1788804315.7505782,
unbound,unsigned,test.test-unsigned.example,cold,619518,0,False,1788804315.7512362,
unbound,unsigned,test.test-unsigned.example,cold,560736,0,False,1788804315.7518475,
unbound,unsigned,test.test-unsigned.example,cold,652112,0,False,1788804315.7525375,
unbound,unsigned,test.test-unsigned.example,cold,1449582,0,False,1788804315.7540357,
unbound,unsigned,test.test-unsigned.example,cold,896403,0,False,1788804315.7550507,
unbound,unsigned,test.test-unsigned.example,cold,1014333,0,False,1788804315.7561615,
unbound,unsigned,test.test-unsigned.example,cold,1048666,0,False,1788804315.757276,
unbound,unsigned,test.test-unsigned.example,cold,938014,0,False,1788804315.758283,
unbound,unsigned,test.test-unsigned.example,cold,711038,0,False,1788804315.7590635,
unbound,unsigned,test.test-unsigned.example,cold,718781,0,False,1788804315.7598598,
unbound,unsigned,test.test-unsigned.example,cold,681369,0,False,1788804315.7606013,
unbound,unsigned,test.test-unsigned.example,cold,560631,0,False,1788804315.76122,
unbound,unsigned,test.test-unsigned.example,cold,708799,0,False,1788804315.7619843,
unbound,unsigned,test.test-unsigned.example,cold,805037,0,False,1788804315.762855,
unbound,unsigned,test.test-unsigned.example,cold,794547,0,False,1788804315.7637827,
unbound,unsigned,test.test-unsigned.example,cold,615351,0,False,1788804315.764449,
unbound,unsigned,test.test-unsigned.example,cold,514021,0,False,1788804315.765005,
unbound,unsigned,test.test-unsigned.example,cold,550591,0,False,1788804315.7656093,
unbound,unsigned,test.test-unsigned.example,cold,524126,0,False,1788804315.7661765,
unbound,unsigned,test.test-unsigned.example,cold,529823,0,False,1788804315.766751,
unbound,unsigned,test.test-unsigned.example,cold,506598,0,False,1788804315.7672968,
unbound,unsigned,test.test-unsigned.example,cold,574641,0,False,1788804315.7679117,
unbound,unsigned,test.test-unsigned.example,cold,591619,0,False,1788804315.7685533,
unbound,unsigned,test.test-unsigned.example,cold,631051,0,False,1788804315.7693412,
unbound,unsigned,test.test-unsigned.example,cold,498551,0,False,1788804315.7698812,
unbound,unsigned,test.test-unsigned.example,cold,791312,0,False,1788804315.7707164,
unbound,unsigned,test.test-unsigned.example,cold,952369,0,False,1788804315.7717962,
unbound,unsigned,test.test-unsigned.example,cold,825035,0,False,1788804315.772694,
unbound,unsigned,test.test-unsigned.example,cold,900764,0,False,1788804315.7736785,
unbound,unsigned,test.test-unsigned.example,cold,839126,0,False,1788804315.7746294,
unbound,unsigned,test.test-unsigned.example,cold,903174,0,False,1788804315.7755938,
unbound,unsigned,test.test-unsigned.example,cold,672168,0,False,1788804315.77633,
unbound,unsigned,test.test-unsigned.example,cold,672348,0,False,1788804315.7770624,
unbound,unsigned,test.test-unsigned.example,cold,695462,0,False,1788804315.7778156,
unbound,unsigned,test.test-unsigned.example,cold,591522,0,False,1788804315.7784657,
unbound,unsigned,test.test-unsigned.example,cold,770942,0,False,1788804315.779342,
unbound,unsigned,test.test-unsigned.example,cold,684741,0,False,1788804315.7800817,
unbound,unsigned,test.test-unsigned.example,cold,633880,0,False,1788804315.7807586,
unbound,unsigned,test.test-unsigned.example,cold,528102,0,False,1788804315.7813346,
unbound,unsigned,test.test-unsigned.example,cold,734611,0,False,1788804315.782114,
unbound,unsigned,test.test-unsigned.example,cold,738382,0,False,1788804315.782916,
unbound,unsigned,test.test-unsigned.example,cold,843718,0,False,1788804315.7838192,
unbound,unsigned,test.test-unsigned.example,cold,782329,0,False,1788804315.7846575,
unbound,unsigned,test.test-unsigned.example,cold,783206,0,False,1788804315.785503,
unbound,unsigned,test.test-unsigned.example,cold,778158,0,False,1788804315.7863412,
unbound,unsigned,test.test-unsigned.example,cold,701234,0,False,1788804315.7871013,
unbound,unsigned,test.test-unsigned.example,cold,715659,0,False,1788804315.7879124,
unbound,unsigned,test.test-unsigned.example,cold,700662,0,False,1788804315.788665,
unbound,unsigned,test.test-unsigned.example,cold,636143,0,False,1788804315.7893598,
unbound,unsigned,test.test-unsigned.example,cold,600561,0,False,1788804315.790012,
unbound,unsigned,test.test-unsigned.example,cold,720485,0,False,1788804315.7907884,
unbound,unsigned,test.test-unsigned.example,cold,770551,0,False,1788804315.7916117,
unbound,unsigned,test.test-unsigned.example,cold,685413,0,False,1788804315.7923503,
unbound,unsigned,test.test-unsigned.example,cold,634938,0,False,1788804315.7930539,
unbound,unsigned,test.test-unsigned.example,cold,728161,0,False,1788804315.7938392,
unbound,unsigned,test.test-unsigned.example,cold,865415,0,False,1788804315.7949214,
unbound,unsigned,test.test-unsigned.example,cold,877603,0,False,1788804315.7959106,
unbound,unsigned,test.test-unsigned.example,cold,751089,0,False,1788804315.7968018,
unbound,unsigned,test.test-unsigned.example,cold,873214,0,False,1788804315.7977722,
unbound,unsigned,test.test-unsigned.example,cold,699022,0,False,1788804315.7985842,
unbound,unsigned,test.test-unsigned.example,cold,803563,0,False,1788804315.7994432,
unbound,unsigned,test.test-unsigned.example,cold,723344,0,False,1788804315.8003113,
unbound,unsigned,test.test-unsigned.example,cold,606751,0,False,1788804315.8009784,
unbound,unsigned,test.test-unsigned.example,cold,652934,0,False,1788804315.8016887,
unbound,unsigned,test.test-unsigned.example,cold,548788,0,False,1788804315.802291,
unbound,unsigned,test.test-unsigned.example,cold,615675,0,False,1788804315.8029606,
unbound,unsigned,test.test-unsigned.example,cold,732960,0,False,1788804315.8037372,
unbound,unsigned,test.test-unsigned.example,cold,689649,0,False,1788804315.8044739,
unbound,unsigned,test.test-unsigned.example,cold,619097,0,False,1788804315.8051386,
unbound,unsigned,test.test-unsigned.example,cold,687172,0,False,1788804315.8058794,
unbound,unsigned,test.test-unsigned.example,cold,671603,0,False,1788804315.8066084,
unbound,unsigned,test.test-unsigned.example,cold,682954,0,False,1788804315.8073506,
unbound,unsigned,test.test-unsigned.example,cold,612644,0,False,1788804315.808012,
unbound,unsigned,test.test-unsigned.example,cold,602962,0,False,1788804315.808674,
unbound,unsigned,test.test-unsigned.example,cold,654913,0,False,1788804315.8094053,
unbound,unsigned,test.test-unsigned.example,cold,718522,0,False,1788804315.8101785,
unbound,unsigned,test.test-unsigned.example,cold,729826,0,False,1788804315.811016,
unbound,unsigned,test.test-unsigned.example,cold,744869,0,False,1788804315.8118181,
unbound,unsigned,test.test-unsigned.example,cold,630901,0,False,1788804315.8125303,
unbound,unsigned,test.test-unsigned.example,cold,708278,0,False,1788804315.813283,
unbound,unsigned,test.test-unsigned.example,cold,737107,0,False,1788804315.8140745,
unbound,unsigned,test.test-unsigned.example,cold,637743,0,False,1788804315.8147697,
unbound,unsigned,test.test-unsigned.example,cold,669089,0,False,1788804315.8154974,
unbound,unsigned,test.test-unsigned.example,cold,622531,0,False,1788804315.8161774,
unbound,unsigned,test.test-unsigned.example,cold,769284,0,False,1788804315.8170018,
unbound,unsigned,test.test-unsigned.example,cold,687723,0,False,1788804315.8177845,
unbound,unsigned,test.test-unsigned.example,cold,664483,0,False,1788804315.818528,
unbound,unsigned,test.test-unsigned.example,cold,731174,0,False,1788804315.8193727,
unbound,unsigned,test.test-unsigned.example,cold,671814,0,False,1788804315.820097,
unbound,unsigned,test.test-unsigned.example,cold,599543,0,False,1788804315.8207426,
unbound,unsigned,test.test-unsigned.example,cold,685296,0,False,1788804315.8214898,
unbound,unsigned,test.test-unsigned.example,cold,766517,0,False,1788804315.82231,
unbound,unsigned,test.test-unsigned.example,cold,664921,0,False,1788804315.8230207,
unbound,unsigned,test.test-unsigned.example,cold,728644,0,False,1788804315.823808,
unbound,unsigned,test.test-unsigned.example,cold,657540,0,False,1788804315.8245246,
unbound,unsigned,test.test-unsigned.example,cold,618850,0,False,1788804315.825198,
unbound,unsigned,test.test-unsigned.example,cold,654237,0,False,1788804315.825904,
unbound,unsigned,test.test-unsigned.example,cold,736367,0,False,1788804315.8266983,
unbound,unsigned,test.test-unsigned.example,cold,753826,0,False,1788804315.8275108,
unbound,unsigned,test.test-unsigned.example,cold,707053,0,False,1788804315.8282778,
unbound,unsigned,test.test-unsigned.example,cold,687923,0,False,1788804315.8290198,
unbound,unsigned,test.test-unsigned.example,cold,774791,0,False,1788804315.8299127,
unbound,unsigned,test.test-unsigned.example,cold,705260,0,False,1788804315.8307364,
unbound,unsigned,test.test-unsigned.example,cold,967668,0,False,1788804315.8317447,
unbound,unsigned,test.test-unsigned.example,cold,909543,0,False,1788804315.8327668,
unbound,unsigned,test.test-unsigned.example,cold,860319,0,False,1788804315.8337018,
unbound,unsigned,test.test-unsigned.example,cold,796110,0,False,1788804315.8345664,
unbound,unsigned,test.test-unsigned.example,cold,854791,0,False,1788804315.835483,
unbound,unsigned,test.test-unsigned.example,cold,710464,0,False,1788804315.8362951,
unbound,unsigned,test.test-unsigned.example,cold,908972,0,False,1788804315.837315,
unbound,unsigned,test.test-unsigned.example,cold,661540,0,False,1788804315.838045,
unbound,unsigned,test.test-unsigned.example,cold,841573,0,False,1788804315.8389509,
unbound,unsigned,test.test-unsigned.example,cold,873825,0,False,1788804315.8398972,
unbound,unsigned,test.test-unsigned.example,cold,668060,0,False,1788804315.8406348,
unbound,unsigned,test.test-unsigned.example,cold,825348,0,False,1788804315.8416097,
unbound,unsigned,test.test-unsigned.example,cold,859982,0,False,1788804315.8425603,
unbound,unsigned,test.test-unsigned.example,cold,1350506,0,False,1788804315.8440106,
unbound,unsigned,test.test-unsigned.example,cold,1092167,0,False,1788804315.845202,
unbound,unsigned,test.test-unsigned.example,cold,973607,0,False,1788804315.8462613,
unbound,unsigned,test.test-unsigned.example,cold,611032,0,False,1788804315.8469381,
unbound,unsigned,test.test-unsigned.example,cold,841182,0,False,1788804315.8478413,
unbound,unsigned,test.test-unsigned.example,cold,683506,0,False,1788804315.8485827,
unbound,unsigned,test.test-unsigned.example,cold,655560,0,False,1788804315.8492978,
unbound,unsigned,test.test-unsigned.example,cold,708211,0,False,1788804315.8500652,
unbound,unsigned,test.test-unsigned.example,cold,813910,0,False,1788804315.8510106,
unbound,unsigned,test.test-unsigned.example,cold,925974,0,False,1788804315.852013,
unbound,unsigned,test.test-unsigned.example,cold,699187,0,False,1788804315.8527842,
unbound,unsigned,test.test-unsigned.example,cold,878123,0,False,1788804315.8537354,
unbound,unsigned,test.test-unsigned.example,cold,863891,0,False,1788804315.85471,
unbound,unsigned,test.test-unsigned.example,cold,695002,0,False,1788804315.8554683,
unbound,unsigned,test.test-unsigned.example,cold,635389,0,False,1788804315.85616,
unbound,unsigned,test.test-unsigned.example,cold,702607,0,False,1788804315.856927,
unbound,unsigned,test.test-unsigned.example,cold,674524,0,False,1788804315.857662,
unbound,unsigned,test.test-unsigned.example,cold,695167,0,False,1788804315.8584177,
unbound,unsigned,test.test-unsigned.example,cold,685918,0,False,1788804315.859162,
unbound,unsigned,test.test-unsigned.example,cold,869293,0,False,1788804315.8600903,
unbound,unsigned,test.test-unsigned.example,cold,800499,0,False,1788804315.8609538,
unbound,unsigned,test.test-unsigned.example,cold,689998,0,False,1788804315.8617156,
unbound,unsigned,test.test-unsigned.example,cold,612677,0,False,1788804315.8623931,
unbound,unsigned,test.test-unsigned.example,cold,842523,0,False,1788804315.8632944,
unbound,unsigned,test.test-unsigned.example,cold,733430,0,False,1788804315.8640826,
unbound,unsigned,test.test-unsigned.example,cold,787752,0,False,1788804315.8649287,
unbound,unsigned,test.test-unsigned.example,cold,745957,0,False,1788804315.8657238,
unbound,unsigned,test.test-unsigned.example,cold,661153,0,False,1788804315.8664343,
unbound,unsigned,test.test-unsigned.example,cold,759407,0,False,1788804315.8672538,
unbound,unsigned,test.test-unsigned.example,cold,618778,0,False,1788804315.8679338,
unbound,unsigned,test.test-unsigned.example,cold,802284,0,False,1788804315.8687904,
unbound,unsigned,test.test-unsigned.example,cold,732300,0,False,1788804315.8695838,
unbound,unsigned,test.test-unsigned.example,cold,790588,0,False,1788804315.8704307,
unbound,unsigned,test.test-unsigned.example,cold,667465,0,False,1788804315.8711622,
unbound,unsigned,test.test-unsigned.example,cold,681954,0,False,1788804315.871906,
unbound,unsigned,test.test-unsigned.example,cold,637734,0,False,1788804315.8725908,
unbound,unsigned,test.test-unsigned.example,cold,670900,0,False,1788804315.8733225,
unbound,unsigned,test.test-unsigned.example,cold,700622,0,False,1788804315.87407,
unbound,unsigned,test.test-unsigned.example,cold,647551,0,False,1788804315.8748734,
unbound,unsigned,test.test-unsigned.example,cold,768584,0,False,1788804315.8757172,
unbound,unsigned,test.test-unsigned.example,cold,689357,0,False,1788804315.876463,
unbound,unsigned,test.test-unsigned.example,cold,732565,0,False,1788804315.877251,
unbound,unsigned,test.test-unsigned.example,cold,703684,0,False,1788804315.878015,
unbound,unsigned,test.test-unsigned.example,cold,704738,0,False,1788804315.8787715,
unbound,unsigned,test.test-unsigned.example,cold,620965,0,False,1788804315.8794453,
unbound,unsigned,test.test-unsigned.example,cold,630526,0,False,1788804315.8801289,
unbound,unsigned,test.test-unsigned.example,cold,591443,0,False,1788804315.8807712,
unbound,unsigned,test.test-unsigned.example,cold,632941,0,False,1788804315.8814604,
unbound,unsigned,test.test-unsigned.example,cold,639332,0,False,1788804315.8821585,
unbound,unsigned,test.test-unsigned.example,cold,825897,0,False,1788804315.8830276,
unbound,unsigned,test.test-unsigned.example,cold,727997,0,False,1788804315.8838053,
unbound,unsigned,test.test-unsigned.example,cold,716432,0,False,1788804315.8845818,
unbound,unsigned,test.test-unsigned.example,cold,654483,0,False,1788804315.8852985,
unbound,unsigned,test.test-unsigned.example,cold,727612,0,False,1788804315.886069,
unbound,unsigned,test.test-unsigned.example,cold,621352,0,False,1788804315.8867407,
unbound,unsigned,test.test-unsigned.example,cold,673400,0,False,1788804315.8874662,
unbound,unsigned,test.test-unsigned.example,cold,678040,0,False,1788804315.8883092,
unbound,unsigned,test.test-unsigned.example,cold,605909,0,False,1788804315.8889945,
unbound,unsigned,test.test-unsigned.example,cold,678769,0,False,1788804315.8897278,
unbound,unsigned,test.test-unsigned.example,cold,662438,0,False,1788804315.8904483,
unbound,unsigned,test.test-unsigned.example,cold,670909,0,False,1788804315.8911989,
unbound,unsigned,test.test-unsigned.example,cold,655374,0,False,1788804315.8919082,
unbound,unsigned,test.test-unsigned.example,cold,716631,0,False,1788804315.8926742,
unbound,unsigned,test.test-unsigned.example,cold,692656,0,False,1788804315.8934224,
unbound,unsigned,test.test-unsigned.example,cold,1029287,0,False,1788804315.8945088,
unbound,unsigned,test.test-unsigned.example,cold,827076,0,False,1788804315.8953927,
unbound,unsigned,test.test-unsigned.example,cold,737523,0,False,1788804315.8962371,
unbound,unsigned,test.test-unsigned.example,cold,690843,0,False,1788804315.8969882,
unbound,unsigned,test.test-unsigned.example,cold,681595,0,False,1788804315.8977265,
unbound,unsigned,test.test-unsigned.example,cold,731902,0,False,1788804315.898513,
unbound,unsigned,test.test-unsigned.example,cold,636003,0,False,1788804315.8992085,
unbound,unsigned,test.test-unsigned.example,cold,683267,0,False,1788804315.8999376,
unbound,unsigned,test.test-unsigned.example,cold,599851,0,False,1788804315.9006221,
unbound,unsigned,test.test-unsigned.example,cold,707715,0,False,1788804315.9013824,
unbound,unsigned,test.test-unsigned.example,cold,640595,0,False,1788804315.902072,
unbound,unsigned,test.test-unsigned.example,cold,771561,0,False,1788804315.902909,
unbound,unsigned,test.test-unsigned.example,cold,690230,0,False,1788804315.9036572,
unbound,unsigned,test.test-unsigned.example,cold,697975,0,False,1788804315.9044123,
unbound,unsigned,test.test-unsigned.example,cold,674011,0,False,1788804315.905142,
unbound,unsigned,test.test-unsigned.example,cold,672118,0,False,1788804315.905858,
unbound,unsigned,test.test-unsigned.example,cold,724605,0,False,1788804315.9067042,
unbound,unsigned,test.test-unsigned.example,cold,735140,0,False,1788804315.9074965,
unbound,unsigned,test.test-unsigned.example,cold,757963,0,False,1788804315.9083083,
unbound,unsigned,test.test-unsigned.example,cold,649802,0,False,1788804315.9090018,
unbound,unsigned,test.test-unsigned.example,cold,726484,0,False,1788804315.9097714,
unbound,unsigned,test.test-unsigned.example,cold,729338,0,False,1788804315.9105573,
unbound,unsigned,test.test-unsigned.example,cold,754664,0,False,1788804315.9114008,
unbound,unsigned,test.test-unsigned.example,cold,750314,0,False,1788804315.9121962,
unbound,unsigned,test.test-unsigned.example,cold,712876,0,False,1788804315.9129658,
unbound,unsigned,test.test-unsigned.example,cold,709361,0,False,1788804315.9137254,
unbound,unsigned,test.test-unsigned.example,cold,769367,0,False,1788804315.9145446,
unbound,unsigned,test.test-unsigned.example,cold,729117,0,False,1788804315.9153664,
unbound,unsigned,test.test-unsigned.example,cold,4139474,0,False,1788804315.9195726,
unbound,unsigned,test.test-unsigned.example,cold,1595262,0,False,1788804315.9212463,
unbound,unsigned,test.test-unsigned.example,cold,1247934,0,False,1788804315.922637,
unbound,unsigned,test.test-unsigned.example,cold,1177814,0,False,1788804315.9239345,
unbound,unsigned,test.test-unsigned.example,cold,1182502,0,False,1788804315.925249,
unbound,unsigned,test.test-unsigned.example,cold,1065247,0,False,1788804315.9263918,
unbound,unsigned,test.test-unsigned.example,cold,1223954,0,False,1788804315.92769,
unbound,unsigned,test.test-unsigned.example,cold,902787,0,False,1788804315.9286664,
unbound,unsigned,test.test-unsigned.example,cold,621150,0,False,1788804315.9293547,
unbound,unsigned,test.test-unsigned.example,cold,675075,0,False,1788804315.930091,
unbound,unsigned,test.test-unsigned.example,cold,629165,0,False,1788804315.9307804,
unbound,unsigned,test.test-unsigned.example,cold,740778,0,False,1788804315.9315882,
unbound,unsigned,test.test-unsigned.example,cold,679571,0,False,1788804315.9323387,
unbound,unsigned,test.test-unsigned.example,cold,734030,0,False,1788804315.933148,
unbound,unsigned,test.test-unsigned.example,cold,735939,0,False,1788804315.9340248,
unbound,unsigned,test.test-unsigned.example,cold,852380,0,False,1788804315.9349449,
unbound,unsigned,test.test-unsigned.example,cold,672638,0,False,1788804315.9356835,
unbound,unsigned,test.test-unsigned.example,cold,697044,0,False,1788804315.9364386,
unbound,unsigned,test.test-unsigned.example,cold,783368,0,False,1788804315.9372835,
unbound,unsigned,test.test-unsigned.example,cold,693773,0,False,1788804315.938052,
unbound,unsigned,test.test-unsigned.example,cold,825331,0,False,1788804315.938942,
unbound,unsigned,test.test-unsigned.example,cold,825119,0,False,1788804315.9398286,
unbound,unsigned,test.test-unsigned.example,cold,766449,0,False,1788804315.9406536,
unbound,unsigned,test.test-unsigned.example,cold,857236,0,False,1788804315.9415777,
unbound,unsigned,test.test-unsigned.example,cold,678818,0,False,1788804315.942323,
unbound,unsigned,test.test-unsigned.example,cold,675748,0,False,1788804315.9430497,
unbound,unsigned,test.test-unsigned.example,cold,773008,0,False,1788804315.943882,
unbound,unsigned,test.test-unsigned.example,cold,884002,0,False,1788804315.9448583,
unbound,unsigned,test.test-unsigned.example,cold,658623,0,False,1788804315.9455853,
unbound,unsigned,test.test-unsigned.example,cold,654787,0,False,1788804315.946302,
unbound,unsigned,test.test-unsigned.example,cold,697562,0,False,1788804315.947057,
unbound,unsigned,test.test-unsigned.example,cold,865586,0,False,1788804315.9479694,
unbound,unsigned,test.test-unsigned.example,cold,720787,0,False,1788804315.9487529,
unbound,unsigned,test.test-unsigned.example,cold,739750,0,False,1788804315.9495518,
unbound,unsigned,test.test-unsigned.example,cold,701488,0,False,1788804315.9503202,
unbound,unsigned,test.test-unsigned.example,cold,692193,0,False,1788804315.9511027,
unbound,unsigned,test.test-unsigned.example,cold,638563,0,False,1788804315.9519203,
unbound,unsigned,test.test-unsigned.example,cold,664257,0,False,1788804315.9526534,
unbound,unsigned,test.test-unsigned.example,cold,743220,0,False,1788804315.9534607,
unbound,unsigned,test.test-unsigned.example,cold,760576,0,False,1788804315.9542823,
unbound,unsigned,test.test-unsigned.example,cold,731976,0,False,1788804315.9550743,
unbound,unsigned,test.test-unsigned.example,cold,800273,0,False,1788804315.9559815,
unbound,unsigned,test.test-unsigned.example,cold,840287,0,False,1788804315.9568875,
unbound,unsigned,test.test-unsigned.example,cold,692110,0,False,1788804315.95766,
unbound,unsigned,test.test-unsigned.example,cold,795867,0,False,1788804315.9585195,
unbound,unsigned,test.test-unsigned.example,cold,706671,0,False,1788804315.9592857,
unbound,unsigned,test.test-unsigned.example,cold,606594,0,False,1788804315.9599469,
unbound,unsigned,test.test-unsigned.example,cold,763501,0,False,1788804315.9607837,
unbound,unsigned,test.test-unsigned.example,cold,836412,0,False,1788804315.961733,
unbound,unsigned,test.test-unsigned.example,cold,749002,0,False,1788804315.9625473,
unbound,unsigned,test.test-unsigned.example,cold,858802,0,False,1788804315.9634683,
unbound,unsigned,test.test-unsigned.example,cold,787219,0,False,1788804315.964318,
unbound,unsigned,test.test-unsigned.example,cold,819344,0,False,1788804315.9651995,
unbound,unsigned,test.test-unsigned.example,cold,655444,0,False,1788804315.9659238,
unbound,unsigned,test.test-unsigned.example,cold,772963,0,False,1788804315.9667435,
unbound,unsigned,test.test-unsigned.example,cold,659684,0,False,1788804315.9674652,
unbound,unsigned,test.test-unsigned.example,cold,632712,0,False,1788804315.968151,
unbound,unsigned,test.test-unsigned.example,cold,868420,0,False,1788804315.9690678,
unbound,unsigned,test.test-unsigned.example,cold,748176,0,False,1788804315.9699042,
unbound,unsigned,test.test-unsigned.example,cold,670929,0,False,1788804315.9706717,
unbound,unsigned,test.test-unsigned.example,cold,794354,0,False,1788804315.9715252,
unbound,unsigned,test.test-unsigned.example,cold,686904,0,False,1788804315.972272,
unbound,unsigned,test.test-unsigned.example,cold,914961,0,False,1788804315.9732313,
unbound,unsigned,test.test-unsigned.example,cold,700052,0,False,1788804315.9739935,
unbound,unsigned,test.test-unsigned.example,cold,679661,0,False,1788804315.974732,
unbound,unsigned,test.test-unsigned.example,cold,738569,0,False,1788804315.975531,
unbound,unsigned,test.test-unsigned.example,cold,683566,0,False,1788804315.976288,
unbound,unsigned,test.test-unsigned.example,cold,642589,0,False,1788804315.9769871,
unbound,unsigned,test.test-unsigned.example,cold,602042,0,False,1788804315.9776475,
unbound,unsigned,test.test-unsigned.example,cold,803462,0,False,1788804315.9785,
unbound,unsigned,test.test-unsigned.example,cold,715011,0,False,1788804315.9792721,
unbound,unsigned,test.test-unsigned.example,cold,682266,0,False,1788804315.9800742,
unbound,unsigned,test.test-unsigned.example,cold,692077,0,False,1788804315.9808269,
unbound,unsigned,test.test-unsigned.example,cold,647973,0,False,1788804315.98153,
unbound,unsigned,test.test-unsigned.example,cold,752817,0,False,1788804315.9823866,
unbound,unsigned,test.test-unsigned.example,cold,665729,0,False,1788804315.9831314,
unbound,unsigned,test.test-unsigned.example,cold,753659,0,False,1788804315.9839613,
unbound,unsigned,test.test-unsigned.example,cold,650162,0,False,1788804315.9847214,
unbound,unsigned,test.test-unsigned.example,cold,649724,0,False,1788804315.9854295,
unbound,unsigned,test.test-unsigned.example,cold,632825,0,False,1788804315.986112,
unbound,unsigned,test.test-unsigned.example,cold,624011,0,False,1788804315.9867916,
unbound,unsigned,test.test-unsigned.example,cold,714327,0,False,1788804315.987594,
unbound,unsigned,test.test-unsigned.example,cold,799403,0,False,1788804315.9884403,
unbound,unsigned,test.test-unsigned.example,cold,649902,0,False,1788804315.9891543,
unbound,unsigned,test.test-unsigned.example,cold,709475,0,False,1788804315.9899337,
unbound,unsigned,test.test-unsigned.example,cold,644605,0,False,1788804315.9906228,
unbound,unsigned,test.test-unsigned.example,cold,708532,0,False,1788804315.9913876,
unbound,unsigned,test.test-unsigned.example,cold,700718,0,False,1788804315.9922364,
unbound,unsigned,test.test-unsigned.example,cold,682554,0,False,1788804315.992977,
unbound,unsigned,test.test-unsigned.example,cold,1024331,0,False,1788804315.9940724,
unbound,unsigned,test.test-unsigned.example,cold,892323,0,False,1788804315.9950287,
unbound,unsigned,test.test-unsigned.example,cold,762178,0,False,1788804315.995973,
unbound,unsigned,test.test-unsigned.example,cold,743217,0,False,1788804315.996881,
unbound,unsigned,test.test-unsigned.example,cold,874564,0,False,1788804315.997899,
unbound,unsigned,test.test-unsigned.example,cold,935615,0,False,1788804315.99891,
unbound,unsigned,test.test-unsigned.example,cold,916088,0,False,1788804315.9999402,
unbound,unsigned,test.test-unsigned.example,cold,792645,0,False,1788804316.0008013,
unbound,unsigned,test.test-unsigned.example,cold,731743,0,False,1788804316.0015967,
unbound,unsigned,test.test-unsigned.example,cold,759617,0,False,1788804316.002421,
unbound,unsigned,test.test-unsigned.example,cold,946544,0,False,1788804316.0034363,
unbound,unsigned,test.test-unsigned.example,cold,884614,0,False,1788804316.0044017,
unbound,unsigned,test.test-unsigned.example,cold,1000586,0,False,1788804316.00549,
unbound,unsigned,test.test-unsigned.example,cold,978555,0,False,1788804316.0065522,
unbound,unsigned,test.test-unsigned.example,cold,849879,0,False,1788804316.007496,
unbound,unsigned,test.test-unsigned.example,cold,850809,0,False,1788804316.0084157,
unbound,unsigned,test.test-unsigned.example,cold,809718,0,False,1788804316.009343,
unbound,unsigned,test.test-unsigned.example,cold,644183,0,False,1788804316.0100508,
unbound,unsigned,test.test-unsigned.example,cold,760059,0,False,1788804316.0108778,
unbound,unsigned,test.test-unsigned.example,cold,789962,0,False,1788804316.0117323,
unbound,unsigned,test.test-unsigned.example,cold,3084101,0,False,1788804316.0148761,
unbound,unsigned,test.test-unsigned.example,cold,961678,0,False,1788804316.0159032,
unbound,unsigned,test.test-unsigned.example,cold,733222,0,False,1788804316.0167918,
unbound,unsigned,test.test-unsigned.example,cold,858948,0,False,1788804316.017736,
unbound,unsigned,test.test-unsigned.example,cold,816288,0,False,1788804316.0186577,
unbound,unsigned,test.test-unsigned.example,cold,1354791,0,False,1788804316.0200963,
unbound,unsigned,test.test-unsigned.example,cold,1050782,0,False,1788804316.0212207,
unbound,unsigned,test.test-unsigned.example,cold,810643,0,False,1788804316.022091,
unbound,unsigned,test.test-unsigned.example,cold,711950,0,False,1788804316.0228662,
unbound,unsigned,test.test-unsigned.example,cold,712090,0,False,1788804316.0236447,
unbound,unsigned,test.test-unsigned.example,cold,708865,0,False,1788804316.0244117,
unbound,unsigned,test.test-unsigned.example,cold,526732,0,False,1788804316.0249941,
unbound,unsigned,test.test-unsigned.example,cold,620232,0,False,1788804316.0256693,
unbound,unsigned,test.test-unsigned.example,cold,640538,0,False,1788804316.0263655,
unbound,unsigned,test.test-unsigned.example,cold,621872,0,False,1788804316.0270448,
unbound,unsigned,test.test-unsigned.example,cold,685569,0,False,1788804316.027787,
unbound,unsigned,test.test-unsigned.example,cold,807260,0,False,1788804316.0287101,
unbound,unsigned,test.test-unsigned.example,cold,666797,0,False,1788804316.0294454,
unbound,unsigned,test.test-unsigned.example,cold,681550,0,False,1788804316.030187,
unbound,unsigned,test.test-unsigned.example,cold,705629,0,False,1788804316.030936,
unbound,unsigned,test.test-unsigned.example,cold,663013,0,False,1788804316.0316432,
unbound,unsigned,test.test-unsigned.example,cold,654843,0,False,1788804316.0323648,
unbound,unsigned,test.test-unsigned.example,cold,651188,0,False,1788804316.033085,
unbound,unsigned,test.test-unsigned.example,cold,677485,0,False,1788804316.033818,
unbound,unsigned,test.test-unsigned.example,cold,651753,0,False,1788804316.0345259,
unbound,unsigned,test.test-unsigned.example,cold,704569,0,False,1788804316.0352862,
unbound,unsigned,test.test-unsigned.example,cold,683932,0,False,1788804316.0360324,
unbound,unsigned,test.test-unsigned.example,cold,728392,0,False,1788804316.0368104,
unbound,unsigned,test.test-unsigned.example,cold,630604,0,False,1788804316.0374935,
unbound,unsigned,test.test-unsigned.example,cold,733582,0,False,1788804316.0382886,
unbound,unsigned,test.test-unsigned.example,cold,696211,0,False,1788804316.0390608,
unbound,unsigned,test.test-unsigned.example,cold,760105,0,False,1788804316.0399137,
unbound,unsigned,test.test-unsigned.example,cold,771507,0,False,1788804316.0407534,
unbound,unsigned,test.test-unsigned.example,cold,793226,0,False,1788804316.0416026,
unbound,unsigned,test.test-unsigned.example,cold,619797,0,False,1788804316.0422835,
unbound,unsigned,test.test-unsigned.example,cold,606721,0,False,1788804316.04299,
unbound,unsigned,test.test-unsigned.example,cold,692407,0,False,1788804316.0437734,
unbound,unsigned,test.test-unsigned.example,cold,718354,0,False,1788804316.0445526,
unbound,unsigned,test.test-unsigned.example,cold,798095,0,False,1788804316.0453951,
unbound,unsigned,test.test-unsigned.example,cold,685080,0,False,1788804316.0461314,
unbound,unsigned,test.test-unsigned.example,cold,740535,0,False,1788804316.0469177,
unbound,unsigned,test.test-unsigned.example,cold,695514,0,False,1788804316.047671,
unbound,unsigned,test.test-unsigned.example,cold,698293,0,False,1788804316.0484226,
unbound,unsigned,test.test-unsigned.example,cold,743162,0,False,1788804316.049219,
unbound,unsigned,test.test-unsigned.example,cold,646401,0,False,1788804316.0499175,
unbound,unsigned,test.test-unsigned.example,cold,650048,0,False,1788804316.0506258,
unbound,unsigned,test.test-unsigned.example,cold,1164515,0,False,1788804316.0518448,
unbound,unsigned,test.test-unsigned.example,cold,797409,0,False,1788804316.0526972,
unbound,unsigned,test.test-unsigned.example,cold,715621,0,False,1788804316.0534647,
unbound,unsigned,test.test-unsigned.example,cold,764518,0,False,1788804316.0542927,
unbound,unsigned,test.test-unsigned.example,cold,686049,0,False,1788804316.0550475,
unbound,unsigned,test.test-unsigned.example,cold,797527,0,False,1788804316.055897,
unbound,unsigned,test.test-unsigned.example,cold,676645,0,False,1788804316.0566256,
unbound,unsigned,test.test-unsigned.example,cold,711464,0,False,1788804316.0574343,
unbound,unsigned,test.test-unsigned.example,cold,666699,0,False,1788804316.0581603,
unbound,unsigned,test.test-unsigned.example,cold,711970,0,False,1788804316.0589275,
unbound,unsigned,test.test-unsigned.example,cold,694531,0,False,1788804316.0596776,
unbound,unsigned,test.test-unsigned.example,cold,683738,0,False,1788804316.0604248,
unbound,unsigned,test.test-unsigned.example,cold,619259,0,False,1788804316.0611043,
unbound,unsigned,test.test-unsigned.example,cold,608159,0,False,1788804316.0617664,
unbound,unsigned,test.test-unsigned.example,cold,651789,0,False,1788804316.0624607,
unbound,unsigned,test.test-unsigned.example,cold,742222,0,False,1788804316.0632567,
unbound,unsigned,test.test-unsigned.example,cold,725838,0,False,1788804316.064046,
unbound,unsigned,test.test-unsigned.example,cold,702315,0,False,1788804316.0648043,
unbound,unsigned,test.test-unsigned.example,cold,665880,0,False,1788804316.0655298,
unbound,unsigned,test.test-unsigned.example,cold,672849,0,False,1788804316.0662472,
unbound,unsigned,test.test-unsigned.example,cold,700464,0,False,1788804316.0670002,
unbound,unsigned,test.test-unsigned.example,cold,777696,0,False,1788804316.067833,
unbound,unsigned,test.test-unsigned.example,cold,619681,0,False,1788804316.0685155,
unbound,unsigned,test.test-unsigned.example,cold,553139,0,False,1788804316.069127,
unbound,unsigned,test.test-unsigned.example,cold,598261,0,False,1788804316.0697696,
unbound,unsigned,test.test-unsigned.example,cold,634073,0,False,1788804316.070455,
unbound,unsigned,test.test-unsigned.example,cold,711933,0,False,1788804316.0712252,
unbound,unsigned,test.test-unsigned.example,cold,717140,0,False,1788804316.072013,
unbound,unsigned,test.test-unsigned.example,cold,888142,0,False,1788804316.072969,
unbound,unsigned,test.test-unsigned.example,cold,742987,0,False,1788804316.0737705,
unbound,unsigned,test.test-unsigned.example,cold,804645,0,False,1788804316.0746312,
unbound,unsigned,test.test-unsigned.example,cold,785062,0,False,1788804316.0754778,
unbound,unsigned,test.test-unsigned.example,cold,667849,0,False,1788804316.0762322,
unbound,unsigned,test.test-unsigned.example,cold,816956,0,False,1788804316.0771215,
unbound,unsigned,test.test-unsigned.example,cold,1005391,0,False,1788804316.0782125,
unbound,unsigned,test.test-unsigned.example,cold,922295,0,False,1788804316.079207,
unbound,unsigned,test.test-unsigned.example,cold,793346,0,False,1788804316.0800726,
unbound,unsigned,test.test-unsigned.example,cold,802276,0,False,1788804316.0809734,
unbound,unsigned,test.test-unsigned.example,cold,1063631,0,False,1788804316.0821004,
unbound,unsigned,test.test-unsigned.example,cold,1716482,0,False,1788804316.083988,
unbound,unsigned,test.test-unsigned.example,cold,1846016,0,False,1788804316.0859349,
unbound,unsigned,test.test-unsigned.example,cold,1302004,0,False,1788804316.087359,
unbound,unsigned,test.test-unsigned.example,cold,1261467,0,False,1788804316.0887518,
unbound,unsigned,test.test-unsigned.example,cold,908478,0,False,1788804316.0897377,
unbound,unsigned,test.test-unsigned.example,cold,707022,0,False,1788804316.090513,
unbound,unsigned,test.test-unsigned.example,cold,819345,0,False,1788804316.091461,
unbound,unsigned,test.test-unsigned.example,cold,785227,0,False,1788804316.0923197,
unbound,unsigned,test.test-unsigned.example,cold,772210,0,False,1788804316.0931723,
unbound,unsigned,test.test-unsigned.example,cold,830805,0,False,1788804316.0940669,
unbound,unsigned,test.test-unsigned.example,cold,741096,0,False,1788804316.0948737,
unbound,unsigned,test.test-unsigned.example,cold,944739,0,False,1788804316.0958815,
unbound,unsigned,test.test-unsigned.example,cold,830380,0,False,1788804316.096784,
unbound,unsigned,test.test-unsigned.example,cold,790090,0,False,1788804316.0976446,
unbound,unsigned,test.test-unsigned.example,cold,764298,0,False,1788804316.098469,
unbound,unsigned,test.test-unsigned.example,cold,770642,0,False,1788804316.0993044,
unbound,unsigned,test.test-unsigned.example,cold,697133,0,False,1788804316.1001012,
unbound,unsigned,test.test-unsigned.example,cold,739097,0,False,1788804316.1009123,
unbound,unsigned,test.test-unsigned.example,cold,722991,0,False,1788804316.1017833,
unbound,unsigned,test.test-unsigned.example,cold,745409,0,False,1788804316.102631,
unbound,unsigned,test.test-unsigned.example,cold,689077,0,False,1788804316.1033826,
unbound,unsigned,test.test-unsigned.example,cold,690809,0,False,1788804316.1041336,
unbound,unsigned,test.test-unsigned.example,cold,662986,0,False,1788804316.1048546,
unbound,unsigned,test.test-unsigned.example,cold,1029192,0,False,1788804316.1059697,
unbound,unsigned,test.test-unsigned.example,cold,1332000,0,False,1788804316.1073973,
unbound,unsigned,test.test-unsigned.example,cold,967270,0,False,1788804316.1085546,
unbound,unsigned,test.test-unsigned.example,cold,1192530,0,False,1788804316.1098182,
unbound,unsigned,test.test-unsigned.example,cold,844389,0,False,1788804316.110742,
unbound,unsigned,test.test-unsigned.example,cold,1158784,0,False,1788804316.1120777,
unbound,unsigned,test.test-unsigned.example,cold,949104,0,False,1788804316.113093,
unbound,unsigned,test.test-unsigned.example,cold,725604,0,False,1788804316.1138823,
unbound,unsigned,test.test-unsigned.example,cold,699559,0,False,1788804316.1147149,
unbound,unsigned,test.test-unsigned.example,cold,765566,0,False,1788804316.1156495,
unbound,unsigned,test.test-unsigned.example,cold,661030,0,False,1788804316.1163676,
unbound,unsigned,test.test-unsigned.example,cold,576189,0,False,1788804316.1169987,
unbound,unsigned,test.test-unsigned.example,cold,647288,0,False,1788804316.1177042,
unbound,unsigned,test.test-unsigned.example,cold,691507,0,False,1788804316.1184442,
unbound,unsigned,test.test-unsigned.example,cold,723349,0,False,1788804316.1192887,
unbound,unsigned,test.test-unsigned.example,cold,662810,0,False,1788804316.1200109,
unbound,unsigned,test.test-unsigned.example,cold,774990,0,False,1788804316.1208642,
unbound,unsigned,test.test-unsigned.example,cold,711774,0,False,1788804316.1216266,
unbound,unsigned,test.test-unsigned.example,cold,677908,0,False,1788804316.122365,
unbound,unsigned,test.test-unsigned.example,cold,784032,0,False,1788804316.123205,
unbound,unsigned,test.test-unsigned.example,cold,941253,0,False,1788804316.1242065,
unbound,unsigned,test.test-unsigned.example,cold,702209,0,False,1788804316.1249766,
unbound,unsigned,test.test-unsigned.example,cold,795082,0,False,1788804316.125832,
unbound,unsigned,test.test-unsigned.example,cold,701502,0,False,1788804316.1265974,
unbound,unsigned,test.test-unsigned.example,cold,804487,0,False,1788804316.12746,
unbound,unsigned,test.test-unsigned.example,cold,713240,0,False,1788804316.1282337,
unbound,unsigned,test.test-unsigned.example,cold,652028,0,False,1788804316.128948,
unbound,unsigned,test.test-unsigned.example,cold,686263,0,False,1788804316.1297264,
unbound,unsigned,test.test-unsigned.example,cold,694680,0,False,1788804316.1304867,
unbound,unsigned,test.test-unsigned.example,cold,778823,0,False,1788804316.1313145,
unbound,unsigned,test.test-unsigned.example,cold,688744,0,False,1788804316.132051,
unbound,unsigned,test.test-unsigned.example,cold,616879,0,False,1788804316.1327198,
unbound,unsigned,test.test-unsigned.example,cold,607800,0,False,1788804316.1333778,
unbound,unsigned,test.test-unsigned.example,cold,620300,0,False,1788804316.134054,
unbound,unsigned,test.test-unsigned.example,cold,757309,0,False,1788804316.1348684,
unbound,unsigned,test.test-unsigned.example,cold,751062,0,False,1788804316.1357768,
unbound,unsigned,test.test-unsigned.example,cold,698951,0,False,1788804316.1366389,
unbound,unsigned,test.test-unsigned.example,cold,704138,0,False,1788804316.1374035,
unbound,unsigned,test.test-unsigned.example,cold,645560,0,False,1788804316.1381762,
unbound,unsigned,test.test-unsigned.example,cold,706504,0,False,1788804316.1389365,
unbound,unsigned,test.test-unsigned.example,cold,727182,0,False,1788804316.1397069,
unbound,unsigned,test.test-unsigned.example,cold,681416,0,False,1788804316.1404355,
unbound,unsigned,test.test-unsigned.example,cold,765618,0,False,1788804316.1412857,
unbound,unsigned,test.test-unsigned.example,cold,670522,0,False,1788804316.1420426,
unbound,unsigned,test.test-unsigned.example,cold,574849,0,False,1788804316.1426737,
unbound,unsigned,test.test-unsigned.example,cold,693401,0,False,1788804316.1434824,
unbound,unsigned,test.test-unsigned.example,cold,911909,0,False,1788804316.1444526,
unbound,unsigned,test.test-unsigned.example,cold,926172,0,False,1788804316.1454399,
unbound,unsigned,test.test-unsigned.example,cold,913455,0,False,1788804316.1464183,
unbound,unsigned,test.test-unsigned.example,cold,947802,0,False,1788804316.1474652,
unbound,unsigned,test.test-unsigned.example,cold,724596,0,False,1788804316.1482499,
unbound,unsigned,test.test-unsigned.example,cold,644966,0,False,1788804316.1489837,
unbound,unsigned,test.test-unsigned.example,cold,678984,0,False,1788804316.1497226,
unbound,unsigned,test.test-unsigned.example,cold,642998,0,False,1788804316.150429,
unbound,unsigned,test.test-unsigned.example,cold,606999,0,False,1788804316.151092,
unbound,unsigned,test.test-unsigned.example,cold,667523,0,False,1788804316.1518478,
unbound,unsigned,test.test-unsigned.example,cold,683055,0,False,1788804316.1525786,
unbound,unsigned,test.test-unsigned.example,cold,711134,0,False,1788804316.15335,
unbound,unsigned,test.test-unsigned.example,cold,855912,0,False,1788804316.1542695,
unbound,unsigned,test.test-unsigned.example,cold,826987,0,False,1788804316.1551638,
unbound,unsigned,test.test-unsigned.example,cold,822683,0,False,1788804316.1561499,
unbound,unsigned,test.test-unsigned.example,cold,852660,0,False,1788804316.1570628,
unbound,unsigned,test.test-unsigned.example,cold,2825248,0,False,1788804316.1599534,
unbound,unsigned,test.test-unsigned.example,cold,1038056,0,False,1788804316.1610928,
unbound,unsigned,test.test-unsigned.example,cold,1107725,0,False,1788804316.1622818,
unbound,unsigned,test.test-unsigned.example,cold,928310,0,False,1788804316.163272,
unbound,unsigned,test.test-unsigned.example,cold,1039730,0,False,1788804316.164602,
unbound,unsigned,test.test-unsigned.example,cold,1007971,0,False,1788804316.1656752,
unbound,unsigned,test.test-unsigned.example,cold,930859,0,False,1788804316.1667504,
unbound,unsigned,test.test-unsigned.example,cold,847547,0,False,1788804316.1676981,
unbound,unsigned,test.test-unsigned.example,cold,792381,0,False,1788804316.1685557,
unbound,unsigned,test.test-unsigned.example,cold,765106,0,False,1788804316.1693847,
unbound,unsigned,test.test-unsigned.example,cold,699315,0,False,1788804316.1701822,
unbound,unsigned,test.test-unsigned.example,cold,739074,0,False,1788804316.1709852,
unbound,unsigned,test.test-unsigned.example,cold,766085,0,False,1788804316.1718073,
unbound,unsigned,test.test-unsigned.example,cold,785216,0,False,1788804316.1726618,
unbound,unsigned,test.test-unsigned.example,cold,900193,0,False,1788804316.1736717,
unbound,unsigned,test.test-unsigned.example,cold,1153280,0,False,1788804316.1749022,
unbound,unsigned,test.test-unsigned.example,cold,749225,0,False,1788804316.1757283,
unbound,unsigned,test.test-unsigned.example,cold,912452,0,False,1788804316.1767094,
unbound,unsigned,test.test-unsigned.example,cold,778950,0,False,1788804316.1775632,
unbound,unsigned,test.test-unsigned.example,cold,773853,0,False,1788804316.1783943,
unbound,unsigned,test.test-unsigned.example,cold,720041,0,False,1788804316.1791773,
unbound,unsigned,test.test-unsigned.example,cold,741228,0,False,1788804316.1799717,
unbound,unsigned,test.test-unsigned.example,cold,805152,0,False,1788804316.1808312,
unbound,unsigned,test.test-unsigned.example,cold,702574,0,False,1788804316.1815941,
unbound,unsigned,test.test-unsigned.example,cold,633363,0,False,1788804316.1822798,
unbound,unsigned,test.test-unsigned.example,cold,771331,0,False,1788804316.183099,
unbound,unsigned,test.test-unsigned.example,cold,746477,0,False,1788804316.1839263,
unbound,unsigned,test.test-unsigned.example,cold,769644,0,False,1788804316.184757,
unbound,unsigned,test.test-unsigned.example,cold,680847,0,False,1788804316.1855009,
unbound,unsigned,test.test-unsigned.example,cold,647786,0,False,1788804316.1862013,
unbound,unsigned,test.test-unsigned.example,cold,915752,0,False,1788804316.1871765,
unbound,unsigned,test.test-unsigned.example,cold,827604,0,False,1788804316.188072,
unbound,unsigned,test.test-unsigned.example,cold,921743,0,False,1788804316.1890845,
unbound,unsigned,test.test-unsigned.example,cold,654326,0,False,1788804316.1898303,
unbound,unsigned,test.test-unsigned.example,cold,698855,0,False,1788804316.1905754,
unbound,unsigned,test.test-unsigned.example,cold,700608,0,False,1788804316.1913695,
unbound,unsigned,test.test-unsigned.example,cold,676862,0,False,1788804316.192104,
unbound,unsigned,test.test-unsigned.example,cold,582183,0,False,1788804316.1927419,
unbound,unsigned,test.test-unsigned.example,cold,636322,0,False,1788804316.1935227,
unbound,unsigned,test.test-unsigned.example,cold,711554,0,False,1788804316.1942842,
unbound,unsigned,test.test-unsigned.example,cold,784090,0,False,1788804316.195141,
unbound,unsigned,test.test-unsigned.example,cold,665624,0,False,1788804316.195885,
unbound,unsigned,test.test-unsigned.example,cold,629303,0,False,1788804316.1965685,
unbound,unsigned,test.test-unsigned.example,cold,774914,0,False,1788804316.197402,
unbound,unsigned,test.test-unsigned.example,cold,690555,0,False,1788804316.19814,
unbound,unsigned,test.test-unsigned.example,cold,744909,0,False,1788804316.1989357,
unbound,unsigned,test.test-unsigned.example,cold,663058,0,False,1788804316.1996458,
unbound,unsigned,test.test-unsigned.example,cold,669333,0,False,1788804316.2003617,
unbound,unsigned,test.test-unsigned.example,cold,740970,0,False,1788804316.2011616,
unbound,unsigned,test.test-unsigned.example,cold,628364,0,False,1788804316.20186,
unbound,unsigned,test.test-unsigned.example,cold,642871,0,False,1788804316.2025523,
unbound,unsigned,test.test-unsigned.example,cold,755113,0,False,1788804316.2033591,
unbound,unsigned,test.test-unsigned.example,cold,769119,0,False,1788804316.2041872,
unbound,unsigned,test.test-unsigned.example,cold,648006,0,False,1788804316.204947,
unbound,unsigned,test.test-unsigned.example,cold,746731,0,False,1788804316.2057486,
unbound,unsigned,test.test-unsigned.example,cold,819458,0,False,1788804316.2066295,
unbound,unsigned,test.test-unsigned.example,cold,705624,0,False,1788804316.2075188,
unbound,unsigned,test.test-unsigned.example,cold,745646,0,False,1788804316.2084424,
unbound,unsigned,test.test-unsigned.example,cold,1067766,0,False,1788804316.2095687,
unbound,unsigned,test.test-unsigned.example,cold,941828,0,False,1788804316.210647,
unbound,unsigned,test.test-unsigned.example,cold,877501,0,False,1788804316.2115963,
unbound,unsigned,test.test-unsigned.example,cold,761108,0,False,1788804316.2124314,
unbound,unsigned,test.test-unsigned.example,cold,869703,0,False,1788804316.2133665,
unbound,unsigned,test.test-unsigned.example,cold,877904,0,False,1788804316.214304,
unbound,unsigned,test.test-unsigned.example,cold,736533,0,False,1788804316.2151062,
unbound,unsigned,test.test-unsigned.example,cold,663793,0,False,1788804316.2158687,
unbound,unsigned,test.test-unsigned.example,cold,673880,0,False,1788804316.2165933,
unbound,unsigned,test.test-unsigned.example,cold,667732,0,False,1788804316.2173944,
unbound,unsigned,test.test-unsigned.example,cold,817053,0,False,1788804316.2183182,
unbound,unsigned,test.test-unsigned.example,cold,702304,0,False,1788804316.219084,
unbound,unsigned,test.test-unsigned.example,cold,648576,0,False,1788804316.2198296,
unbound,unsigned,test.test-unsigned.example,cold,631600,0,False,1788804316.2205174,
unbound,unsigned,test.test-unsigned.example,cold,666156,0,False,1788804316.2212558,
unbound,unsigned,test.test-unsigned.example,cold,546578,0,False,1788804316.2218533,
unbound,unsigned,test.test-unsigned.example,cold,644302,0,False,1788804316.222554,
unbound,unsigned,test.test-unsigned.example,cold,715382,0,False,1788804316.2233157,
unbound,unsigned,test.test-unsigned.example,cold,757976,0,False,1788804316.224137,
unbound,unsigned,test.test-unsigned.example,cold,787046,0,False,1788804316.2250383,
unbound,unsigned,test.test-unsigned.example,cold,733301,0,False,1788804316.2258215,
unbound,unsigned,test.test-unsigned.example,cold,707684,0,False,1788804316.2265897,
unbound,unsigned,test.test-unsigned.example,cold,896903,0,False,1788804316.2275445,
unbound,unsigned,test.test-unsigned.example,cold,843034,0,False,1788804316.2284503,
unbound,unsigned,test.test-unsigned.example,cold,843647,0,False,1788804316.2293541,
unbound,unsigned,test.test-unsigned.example,cold,718240,0,False,1788804316.2301188,
unbound,unsigned,test.test-unsigned.example,cold,970500,0,False,1788804316.2311351,
unbound,unsigned,test.test-unsigned.example,cold,958587,0,False,1788804316.2321599,
unbound,unsigned,test.test-unsigned.example,cold,1103087,0,False,1788804316.2333343,
unbound,unsigned,test.test-unsigned.example,cold,1016171,0,False,1788804316.234431,
unbound,unsigned,test.test-unsigned.example,cold,1073322,0,False,1788804316.235789,
unbound,unsigned,test.test-unsigned.example,cold,837600,0,False,1788804316.2367024,
unbound,unsigned,test.test-unsigned.example,cold,1603848,0,False,1788804316.2385616,
unbound,unsigned,test.test-unsigned.example,cold,1770615,0,False,1788804316.2405164,
unbound,unsigned,test.test-unsigned.example,cold,1317929,0,False,1788804316.2419307,
unbound,unsigned,test.test-unsigned.example,cold,1715638,0,False,1788804316.2438135,
unbound,unsigned,test.test-unsigned.example,cold,1411082,0,False,1788804316.2454224,
unbound,unsigned,test.test-unsigned.example,cold,1453068,0,False,1788804316.247031,
unbound,unsigned,test.test-unsigned.example,cold,1125849,0,False,1788804316.2483552,
unbound,unsigned,test.test-unsigned.example,cold,1011888,0,False,1788804316.2494678,
unbound,unsigned,test.test-unsigned.example,cold,889861,0,False,1788804316.2504342,
unbound,unsigned,test.test-unsigned.example,cold,1014835,0,False,1788804316.2515209,
unbound,unsigned,test.test-unsigned.example,cold,943313,0,False,1788804316.2525387,
unbound,unsigned,test.test-unsigned.example,cold,1107214,0,False,1788804316.2537198,
unbound,unsigned,test.test-unsigned.example,cold,1150050,0,False,1788804316.254986,
unbound,unsigned,test.test-unsigned.example,cold,1492011,0,False,1788804316.2565587,
unbound,unsigned,test.test-unsigned.example,cold,1169033,0,False,1788804316.2578077,
unbound,unsigned,test.test-unsigned.example,cold,938069,0,False,1788804316.2589426,
unbound,unsigned,test.test-unsigned.example,cold,1163676,0,False,1788804316.2601802,
unbound,unsigned,test.test-unsigned.example,cold,1007026,0,False,1788804316.2612565,
unbound,unsigned,test.test-unsigned.example,cold,853716,0,False,1788804316.2621732,
unbound,unsigned,test.test-unsigned.example,cold,731558,0,False,1788804316.2629728,
unbound,unsigned,test.test-unsigned.example,cold,788750,0,False,1788804316.26382,
unbound,unsigned,test.test-unsigned.example,cold,787700,0,False,1788804316.2646985,
unbound,unsigned,test.test-unsigned.example,cold,734916,0,False,1788804316.2655919,
unbound,unsigned,test.test-unsigned.example,cold,648891,0,False,1788804316.266286,
unbound,unsigned,test.test-unsigned.example,cold,722347,0,False,1788804316.2670648,
unbound,unsigned,test.test-unsigned.example,cold,723567,0,False,1788804316.2680218,
unbound,unsigned,test.test-unsigned.example,cold,697611,0,False,1788804316.2687833,
unbound,unsigned,test.test-unsigned.example,cold,864426,0,False,1788804316.2697124,
unbound,unsigned,test.test-unsigned.example,cold,781343,0,False,1788804316.2705977,
unbound,unsigned,test.test-unsigned.example,cold,915844,0,False,1788804316.2715886,
unbound,unsigned,test.test-unsigned.example,cold,740765,0,False,1788804316.2723913,
unbound,unsigned,test.test-unsigned.example,cold,766758,0,False,1788804316.273214,
unbound,unsigned,test.test-unsigned.example,cold,1488894,0,False,1788804316.2747521,
unbound,unsigned,test.test-unsigned.example,cold,916716,0,False,1788804316.2757463,
unbound,unsigned,test.test-unsigned.example,cold,1864518,0,False,1788804316.2777233,
unbound,unsigned,test.test-unsigned.example,cold,1021187,0,False,1788804316.2790241,
unbound,unsigned,test.test-unsigned.example,cold,1071760,0,False,1788804316.2801702,
unbound,unsigned,test.test-unsigned.example,cold,918462,0,False,1788804316.2813272,
unbound,unsigned,test.test-unsigned.example,cold,841832,0,False,1788804316.282287,
unbound,unsigned,test.test-unsigned.example,cold,944561,0,False,1788804316.283445,
unbound,unsigned,test.test-unsigned.example,cold,853119,0,False,1788804316.284475,
unbound,unsigned,test.test-unsigned.example,cold,771083,0,False,1788804316.2853055,
unbound,unsigned,test.test-unsigned.example,cold,740442,0,False,1788804316.2861075,
unbound,unsigned,test.test-unsigned.example,cold,767168,0,False,1788804316.2869387,
unbound,unsigned,test.test-unsigned.example,cold,789708,0,False,1788804316.2877872,
unbound,unsigned,test.test-unsigned.example,cold,638628,0,False,1788804316.2886121,
unbound,unsigned,test.test-unsigned.example,cold,680794,0,False,1788804316.2894397,
unbound,unsigned,test.test-unsigned.example,cold,721430,0,False,1788804316.290234,
unbound,unsigned,test.test-unsigned.example,cold,789462,0,False,1788804316.2910943,
unbound,unsigned,test.test-unsigned.example,cold,709387,0,False,1788804316.2919073,
unbound,unsigned,test.test-unsigned.example,cold,677535,0,False,1788804316.2927017,
unbound,unsigned,test.test-unsigned.example,cold,654426,0,False,1788804316.2934203,
unbound,unsigned,test.test-unsigned.example,cold,828575,0,False,1788804316.2943246,
unbound,unsigned,test.test-unsigned.example,cold,655600,0,False,1788804316.2950482,
unbound,unsigned,test.test-unsigned.example,cold,747126,0,False,1788804316.2958598,
unbound,unsigned,test.test-unsigned.example,cold,613228,0,False,1788804316.296671,
unbound,unsigned,test.test-unsigned.example,cold,701472,0,False,1788804316.2974212,
unbound,unsigned,test.test-unsigned.example,cold,668626,0,False,1788804316.2982256,
unbound,unsigned,test.test-unsigned.example,cold,765918,0,False,1788804316.2992105,
unbound,unsigned,test.test-unsigned.example,cold,717974,0,False,1788804316.300084,
unbound,unsigned,test.test-unsigned.example,cold,591338,0,False,1788804316.3007321,
unbound,unsigned,test.test-unsigned.example,cold,699074,0,False,1788804316.3014781,
unbound,unsigned,test.test-unsigned.example,cold,672471,0,False,1788804316.3022108,
unbound,unsigned,test.test-unsigned.example,cold,853405,0,False,1788804316.3031495,
unbound,unsigned,test.test-unsigned.example,cold,725163,0,False,1788804316.3039443,
unbound,unsigned,test.test-unsigned.example,cold,665799,0,False,1788804316.3046727,
unbound,unsigned,test.test-unsigned.example,cold,827507,0,False,1788804316.305589,
unbound,unsigned,test.test-unsigned.example,cold,683388,0,False,1788804316.3063943,
unbound,unsigned,test.test-unsigned.example,cold,796073,0,False,1788804316.3072484,
unbound,unsigned,test.test-unsigned.example,cold,765987,0,False,1788804316.3080714,
unbound,unsigned,test.test-unsigned.example,cold,648602,0,False,1788804316.3087769,
unbound,unsigned,test.test-unsigned.example,cold,694960,0,False,1788804316.3095295,
unbound,unsigned,test.test-unsigned.example,cold,671472,0,False,1788804316.3102605,
unbound,unsigned,test.test-unsigned.example,cold,643589,0,False,1788804316.3109632,
unbound,unsigned,test.test-unsigned.example,cold,886910,0,False,1788804316.3119168,
unbound,unsigned,test.test-unsigned.example,cold,820162,0,False,1788804316.312801,
unbound,unsigned,test.test-unsigned.example,cold,803330,0,False,1788804316.3136828,
unbound,unsigned,test.test-unsigned.example,cold,891749,0,False,1788804316.314656,
unbound,unsigned,test.test-unsigned.example,cold,950963,0,False,1788804316.315676,
unbound,unsigned,test.test-unsigned.example,cold,848968,0,False,1788804316.3165967,
unbound,unsigned,test.test-unsigned.example,cold,735921,0,False,1788804316.3173904,
unbound,unsigned,test.test-unsigned.example,cold,733882,0,False,1788804316.3181813,
unbound,unsigned,test.test-unsigned.example,cold,947080,0,False,1788804316.3192344,
unbound,unsigned,test.test-unsigned.example,cold,980202,0,False,1788804316.3202815,
unbound,unsigned,test.test-unsigned.example,cold,1528234,0,False,1788804316.3218987,
unbound,unsigned,test.test-unsigned.example,cold,754586,0,False,1788804316.3227248,
unbound,unsigned,test.test-unsigned.example,cold,889176,0,False,1788804316.323775,
unbound,unsigned,test.test-unsigned.example,cold,1260294,0,False,1788804316.3251553,
unbound,unsigned,test.test-unsigned.example,cold,935194,0,False,1788804316.3262813,
unbound,unsigned,test.test-unsigned.example,cold,984246,0,False,1788804316.3273387,
unbound,unsigned,test.test-unsigned.example,cold,920350,0,False,1788804316.3283265,
unbound,unsigned,test.test-unsigned.example,cold,852736,0,False,1788804316.3292494,
unbound,unsigned,test.test-unsigned.example,cold,780914,0,False,1788804316.33009,
unbound,unsigned,test.test-unsigned.example,cold,1825209,0,False,1788804316.3319974,
unbound,unsigned,test.test-unsigned.example,cold,1024375,0,False,1788804316.333133,
unbound,unsigned,test.test-unsigned.example,cold,1084542,0,False,1788804316.3344746,
unbound,unsigned,test.test-unsigned.example,cold,951085,0,False,1788804316.3356183,
unbound,unsigned,test.test-unsigned.example,cold,720609,0,False,1788804316.336403,
unbound,unsigned,test.test-unsigned.example,cold,729847,0,False,1788804316.3372045,
unbound,unsigned,test.test-unsigned.example,cold,832520,0,False,1788804316.3380861,
unbound,unsigned,test.test-unsigned.example,cold,879956,0,False,1788804316.339026,
unbound,unsigned,test.test-unsigned.example,cold,785344,0,False,1788804316.3398855,
unbound,unsigned,test.test-unsigned.example,cold,702059,0,False,1788804316.3406851,
unbound,unsigned,test.test-unsigned.example,cold,704100,0,False,1788804316.341492,
unbound,unsigned,test.test-unsigned.example,cold,676280,0,False,1788804316.342227,
unbound,unsigned,test.test-unsigned.example,cold,658706,0,False,1788804316.3429317,
unbound,unsigned,test.test-unsigned.example,cold,795630,0,False,1788804316.3438041,
unbound,unsigned,test.test-unsigned.example,cold,725453,0,False,1788804316.3446014,
unbound,unsigned,test.test-unsigned.example,cold,703733,0,False,1788804316.3453648,
unbound,unsigned,test.test-unsigned.example,cold,696075,0,False,1788804316.3461158,
unbound,unsigned,test.test-unsigned.example,cold,655817,0,False,1788804316.346829,
unbound,unsigned,test.test-unsigned.example,cold,811116,0,False,1788804316.3476944,
unbound,unsigned,test.test-unsigned.example,cold,924113,0,False,1788804316.3486667,
unbound,unsigned,test.test-unsigned.example,cold,703706,0,False,1788804316.349539,
unbound,unsigned,test.test-unsigned.example,cold,748551,0,False,1788804316.350422,
unbound,unsigned,test.test-unsigned.example,cold,851215,0,False,1788804316.351329,
unbound,unsigned,test.test-unsigned.example,cold,757044,0,False,1788804316.3521428,
unbound,unsigned,test.test-unsigned.example,cold,709531,0,False,1788804316.3529158,
unbound,unsigned,test.test-unsigned.example,cold,733058,0,False,1788804316.353708,
unbound,unsigned,test.test-unsigned.example,cold,730414,0,False,1788804316.3544953,
unbound,unsigned,test.test-unsigned.example,cold,757061,0,False,1788804316.3553143,
unbound,unsigned,test.test-unsigned.example,cold,660009,0,False,1788804316.3560607,
unbound,unsigned,test.test-unsigned.example,cold,757856,0,False,1788804316.3568633,
unbound,unsigned,test.test-unsigned.example,cold,744174,0,False,1788804316.3576653,
unbound,unsigned,test.test-unsigned.example,cold,674286,0,False,1788804316.3583984,
unbound,unsigned,test.test-unsigned.example,cold,818418,0,False,1788804316.3592634,
unbound,unsigned,test.test-unsigned.example,cold,745561,0,False,1788804316.3600574,
unbound,unsigned,test.test-unsigned.example,cold,778236,0,False,1788804316.360895,
unbound,unsigned,test.test-unsigned.example,cold,767698,0,False,1788804316.3617213,
unbound,unsigned,test.test-unsigned.example,cold,776536,0,False,1788804316.362574,
unbound,unsigned,test.test-unsigned.example,cold,710430,0,False,1788804316.363363,
unbound,unsigned,test.test-unsigned.example,cold,729975,0,False,1788804316.3641534,
unbound,unsigned,test.test-unsigned.example,cold,738845,0,False,1788804316.364945,
unbound,unsigned,test.test-unsigned.example,cold,764860,0,False,1788804316.3657763,
unbound,unsigned,test.test-unsigned.example,cold,827299,0,False,1788804316.366722,
unbound,unsigned,test.test-unsigned.example,cold,789791,0,False,1788804316.3675754,
unbound,unsigned,test.test-unsigned.example,cold,815621,0,False,1788804316.3684537,
unbound,unsigned,test.test-unsigned.example,cold,679257,0,False,1788804316.3691943,
unbound,unsigned,test.test-unsigned.example,cold,761358,0,False,1788804316.3700159,
unbound,unsigned,test.test-unsigned.example,cold,808475,0,False,1788804316.3708782,
unbound,unsigned,test.test-unsigned.example,cold,750800,0,False,1788804316.3716938,
unbound,unsigned,test.test-unsigned.example,cold,832573,0,False,1788804316.3726666,
unbound,unsigned,test.test-unsigned.example,cold,919704,0,False,1788804316.3736515,
unbound,unsigned,test.test-unsigned.example,cold,721942,0,False,1788804316.3744383,
unbound,unsigned,test.test-unsigned.example,cold,714359,0,False,1788804316.3752153,
unbound,unsigned,test.test-unsigned.example,cold,718552,0,False,1788804316.3759894,
unbound,unsigned,test.test-unsigned.example,cold,622703,0,False,1788804316.3766732,
unbound,unsigned,test.test-unsigned.example,cold,640748,0,False,1788804316.3773785,
unbound,unsigned,test.test-unsigned.example,cold,655655,0,False,1788804316.3781672,
unbound,unsigned,test.test-unsigned.example,cold,698797,0,False,1788804316.3789241,
unbound,unsigned,test.test-unsigned.example,cold,887230,0,False,1788804316.3798666,
unbound,unsigned,test.test-unsigned.example,cold,685762,0,False,1788804316.3806121,
unbound,unsigned,test.test-unsigned.example,cold,672180,0,False,1788804316.381345,
unbound,unsigned,test.test-unsigned.example,cold,703152,0,False,1788804316.3821042,
unbound,unsigned,test.test-unsigned.example,cold,769360,0,False,1788804316.3829339,
unbound,unsigned,test.test-unsigned.example,cold,794268,0,False,1788804316.3837833,
unbound,unsigned,test.test-unsigned.example,cold,835082,0,False,1788804316.384678,
unbound,unsigned,test.test-unsigned.example,cold,809227,0,False,1788804316.3855402,
unbound,unsigned,test.test-unsigned.example,cold,635719,0,False,1788804316.3862484,
unbound,unsigned,test.test-unsigned.example,cold,732011,0,False,1788804316.387046,
unbound,unsigned,test.test-unsigned.example,cold,802334,0,False,1788804316.387912,
unbound,unsigned,test.test-unsigned.example,cold,750114,0,False,1788804316.3887198,
unbound,unsigned,test.test-unsigned.example,cold,666390,0,False,1788804316.3894444,
unbound,unsigned,test.test-unsigned.example,cold,730989,0,False,1788804316.390224,
unbound,unsigned,test.test-unsigned.example,cold,611948,0,False,1788804316.3908885,
unbound,unsigned,test.test-unsigned.example,cold,766614,0,False,1788804316.391745,
unbound,unsigned,test.test-unsigned.example,cold,844805,0,False,1788804316.3926458,
unbound,unsigned,test.test-unsigned.example,cold,971026,0,False,1788804316.39376,
unbound,unsigned,test.test-unsigned.example,cold,690622,0,False,1788804316.394521,
unbound,unsigned,test.test-unsigned.example,cold,1544240,0,False,1788804316.3961782,
unbound,unsigned,test.test-unsigned.example,cold,1038535,0,False,1788804316.3973207,
unbound,unsigned,test.test-unsigned.example,cold,1044355,0,False,1788804316.3985045,
unbound,unsigned,test.test-unsigned.example,cold,794322,0,False,1788804316.3993766,
unbound,unsigned,test.test-unsigned.example,cold,822992,0,False,1788804316.4002647,
unbound,unsigned,test.test-unsigned.example,cold,819923,0,False,1788804316.4011538,
unbound,unsigned,test.test-unsigned.example,cold,845311,0,False,1788804316.4020977,
unbound,unsigned,test.test-unsigned.example,cold,714122,0,False,1788804316.402958,
unbound,unsigned,test.test-unsigned.example,cold,796131,0,False,1788804316.4038246,
unbound,unsigned,test.test-unsigned.example,cold,1656317,0,False,1788804316.40556,
unbound,unsigned,test.test-unsigned.example,cold,1056110,0,False,1788804316.4067426,
unbound,unsigned,test.test-unsigned.example,cold,846910,0,False,1788804316.407675,
unbound,unsigned,test.test-unsigned.example,cold,733820,0,False,1788804316.4084785,
unbound,unsigned,test.test-unsigned.example,cold,919197,0,False,1788804316.4094992,
unbound,unsigned,test.test-unsigned.example,cold,832509,0,False,1788804316.410396,
unbound,unsigned,test.test-unsigned.example,cold,827883,0,False,1788804316.4112747,
unbound,unsigned,test.test-unsigned.example,cold,822126,0,False,1788804316.4121668,
unbound,unsigned,test.test-unsigned.example,cold,781470,0,False,1788804316.4131904,
unbound,unsigned,test.test-unsigned.example,cold,771324,0,False,1788804316.4140298,
unbound,unsigned,test.test-unsigned.example,cold,805151,0,False,1788804316.4149003,
unbound,unsigned,test.test-unsigned.example,cold,1237704,0,False,1788804316.4162319,
unbound,unsigned,test.test-unsigned.example,cold,1089521,0,False,1788804316.417397,
unbound,unsigned,test.test-unsigned.example,cold,818005,0,False,1788804316.4183843,
unbound,unsigned,test.test-unsigned.example,cold,719879,0,False,1788804316.4191759,
unbound,unsigned,test.test-unsigned.example,cold,845886,0,False,1788804316.4201822,
unbound,unsigned,test.test-unsigned.example,cold,722822,0,False,1788804316.4210367,
unbound,unsigned,test.test-unsigned.example,cold,669420,0,False,1788804316.4217646,
unbound,unsigned,test.test-unsigned.example,cold,892640,0,False,1788804316.422715,
unbound,unsigned,test.test-unsigned.example,cold,647973,0,False,1788804316.4234192,
unbound,unsigned,test.test-unsigned.example,cold,656256,0,False,1788804316.4241323,
unbound,unsigned,test.test-unsigned.example,cold,764296,0,False,1788804316.4249573,
unbound,unsigned,test.test-unsigned.example,cold,805580,0,False,1788804316.425827,
unbound,unsigned,test.test-unsigned.example,cold,779449,0,False,1788804316.4267,
unbound,unsigned,test.test-unsigned.example,cold,750128,0,False,1788804316.4275122,
unbound,unsigned,test.test-unsigned.example,cold,705044,0,False,1788804316.4282649,
unbound,unsigned,test.test-unsigned.example,cold,592374,0,False,1788804316.428915,
unbound,unsigned,test.test-unsigned.example,cold,707564,0,False,1788804316.4296794,
unbound,unsigned,test.test-unsigned.example,cold,832213,0,False,1788804316.430572,
unbound,unsigned,test.test-unsigned.example,cold,713271,0,False,1788804316.4313447,
unbound,unsigned,test.test-unsigned.example,cold,608293,0,False,1788804316.432107,
unbound,unsigned,test.test-unsigned.example,cold,784885,0,False,1788804316.4329352,
unbound,unsigned,test.test-unsigned.example,cold,1050512,0,False,1788804316.4340727,
unbound,unsigned,test.test-unsigned.example,cold,777916,0,False,1788804316.4349158,
unbound,unsigned,test.test-unsigned.example,cold,806557,0,False,1788804316.4358234,
unbound,unsigned,test.test-unsigned.example,cold,671578,0,False,1788804316.4365578,
unbound,unsigned,test.test-unsigned.example,cold,781758,0,False,1788804316.4374464,
unbound,unsigned,test.test-unsigned.example,cold,812815,0,False,1788804316.4383302,
unbound,unsigned,test.test-unsigned.example,cold,1009232,0,False,1788804316.4394016,
unbound,unsigned,test.test-unsigned.example,cold,994145,0,False,1788804316.4404693,
unbound,unsigned,test.test-unsigned.example,cold,747025,0,False,1788804316.4412892,
unbound,unsigned,test.test-unsigned.example,cold,776242,0,False,1788804316.44214,
unbound,unsigned,test.test-unsigned.example,cold,973903,0,False,1788804316.4433644,
unbound,unsigned,test.test-unsigned.example,cold,1009586,0,False,1788804316.4448462,
unbound,unsigned,test.test-unsigned.example,cold,890795,0,False,1788804316.445816,
unbound,unsigned,test.test-unsigned.example,cold,746453,0,False,1788804316.4466286,
unbound,unsigned,test.test-unsigned.example,cold,818356,0,False,1788804316.4475021,
unbound,unsigned,test.test-unsigned.example,cold,794664,0,False,1788804316.4483762,
unbound,unsigned,test.test-unsigned.example,cold,1424123,0,False,1788804316.4498749,
unbound,unsigned,test.test-unsigned.example,cold,1742542,0,False,1788804316.4518142,
unbound,unsigned,test.test-unsigned.example,cold,900425,0,False,1788804316.4528456,
unbound,unsigned,test.test-unsigned.example,cold,830665,0,False,1788804316.4537892,
unbound,unsigned,test.test-unsigned.example,cold,791941,0,False,1788804316.4546604,
unbound,unsigned,test.test-unsigned.example,cold,7615898,0,False,1788804316.462466,
unbound,unsigned,test.test-unsigned.example,cold,3289166,0,False,1788804316.465925,
unbound,unsigned,test.test-unsigned.example,cold,893616,0,False,1788804316.4670088,
unbound,unsigned,test.test-unsigned.example,cold,764426,0,False,1788804316.467843,
unbound,unsigned,test.test-unsigned.example,cold,746325,0,False,1788804316.4686615,
unbound,unsigned,test.test-unsigned.example,cold,714551,0,False,1788804316.4694686,
unbound,unsigned,test.test-unsigned.example,cold,716019,0,False,1788804316.470259,
unbound,unsigned,test.test-unsigned.example,cold,922471,0,False,1788804316.4712589,
unbound,unsigned,test.test-unsigned.example,cold,865264,0,False,1788804316.4722552,
unbound,unsigned,test.test-unsigned.example,cold,12401850,0,False,1788804316.4852521,
unbound,unsigned,test.test-unsigned.example,cold,4676549,0,False,1788804316.490182,
unbound,unsigned,test.test-unsigned.example,cold,1187857,0,False,1788804316.4914634,
unbound,unsigned,test.test-unsigned.example,cold,920942,0,False,1788804316.4924579,
unbound,unsigned,test.test-unsigned.example,cold,814080,0,False,1788804316.49341,
unbound,unsigned,test.test-unsigned.example,cold,625759,0,False,1788804316.4940958,
unbound,unsigned,test.test-unsigned.example,cold,856441,0,False,1788804316.4950182,
unbound,unsigned,test.test-unsigned.example,cold,1028574,0,False,1788804316.496112,
unbound,unsigned,test.test-unsigned.example,cold,770878,0,False,1788804316.4969635,
unbound,unsigned,test.test-unsigned.example,cold,729651,0,False,1788804316.4977565,
unbound,unsigned,test.test-unsigned.example,cold,635602,0,False,1788804316.4984565,
unbound,unsigned,test.test-unsigned.example,cold,1024046,0,False,1788804316.4995456,
unbound,unsigned,test.test-unsigned.example,cold,734522,0,False,1788804316.5004394,
unbound,unsigned,test.test-unsigned.example,cold,698784,0,False,1788804316.5012383,
unbound,unsigned,test.test-unsigned.example,cold,652559,0,False,1788804316.5019836,
unbound,unsigned,test.test-unsigned.example,cold,770800,0,False,1788804316.5028217,
unbound,unsigned,test.test-unsigned.example,cold,694646,0,False,1788804316.5036094,
unbound,unsigned,test.test-unsigned.example,cold,777461,0,False,1788804316.5044668,
unbound,unsigned,test.test-unsigned.example,cold,902784,0,False,1788804316.5054286,
unbound,unsigned,test.test-unsigned.example,cold,759735,0,False,1788804316.506237,
unbound,unsigned,test.test-unsigned.example,cold,623303,0,False,1788804316.5069168,
unbound,unsigned,test.test-unsigned.example,cold,727487,0,False,1788804316.5077202,
unbound,unsigned,test.test-unsigned.example,cold,840099,0,False,1788804316.5087352,
unbound,unsigned,test.test-unsigned.example,cold,657221,0,False,1788804316.5095518,
unbound,unsigned,test.test-unsigned.example,cold,640636,0,False,1788804316.5102475,
unbound,unsigned,test.test-unsigned.example,cold,676830,0,False,1788804316.5109873,
unbound,unsigned,test.test-unsigned.example,cold,691422,0,False,1788804316.5117297,
unbound,unsigned,test.test-unsigned.example,cold,724718,0,False,1788804316.5124984,
unbound,unsigned,test.test-unsigned.example,cold,771194,0,False,1788804316.5133512,
unbound,unsigned,test.test-unsigned.example,cold,743034,0,False,1788804316.514157,
unbound,unsigned,test.test-unsigned.example,cold,687270,0,False,1788804316.5149353,
unbound,unsigned,test.test-unsigned.example,cold,780925,0,False,1788804316.515771,
unbound,unsigned,test.test-unsigned.example,cold,786871,0,False,1788804316.5166273,
unbound,unsigned,test.test-unsigned.example,cold,623021,0,False,1788804316.5173416,
unbound,unsigned,test.test-unsigned.example,cold,612138,0,False,1788804316.5179987,
unbound,unsigned,test.test-unsigned.example,cold,514928,0,False,1788804316.5185544,
unbound,unsigned,test.test-unsigned.example,cold,581802,0,False,1788804316.519178,
unbound,unsigned,test.test-unsigned.example,cold,538540,0,False,1788804316.5197592,
unbound,unsigned,test.test-unsigned.example,cold,585454,0,False,1788804316.5203965,
unbound,unsigned,test.test-unsigned.example,cold,550078,0,False,1788804316.520987,
unbound,unsigned,test.test-unsigned.example,cold,570852,0,False,1788804316.5216002,
unbound,unsigned,test.test-unsigned.example,cold,561122,0,False,1788804316.5222077,
unbound,unsigned,test.test-unsigned.example,cold,521452,0,False,1788804316.5227697,
unbound,unsigned,test.test-unsigned.example,cold,662023,0,False,1788804316.5234706,
unbound,unsigned,test.test-unsigned.example,cold,684872,0,False,1788804316.5242097,
unbound,unsigned,test.test-unsigned.example,cold,541489,0,False,1788804316.5247993,
unbound,unsigned,test.test-unsigned.example,cold,580225,0,False,1788804316.525422,
unbound,unsigned,test.test-unsigned.example,cold,775734,0,False,1788804316.526252,
unbound,unsigned,test.test-unsigned.example,cold,570905,0,False,1788804316.526865,
unbound,unsigned,test.test-unsigned.example,cold,585900,0,False,1788804316.5275018,
unbound,unsigned,test.test-unsigned.example,cold,650674,0,False,1788804316.5282018,
unbound,unsigned,test.test-unsigned.example,cold,625323,0,False,1788804316.52887,
unbound,unsigned,test.test-unsigned.example,cold,622822,0,False,1788804316.529534,
unbound,unsigned,test.test-unsigned.example,cold,511873,0,False,1788804316.530089,
unbound,unsigned,test.test-unsigned.example,cold,552846,0,False,1788804316.5306926,
unbound,unsigned,test.test-unsigned.example,cold,628724,0,False,1788804316.5313685,
unbound,unsigned,test.test-unsigned.example,cold,559230,0,False,1788804316.5319693,
unbound,unsigned,test.test-unsigned.example,cold,542415,0,False,1788804316.5325572,
unbound,unsigned,test.test-unsigned.example,cold,561851,0,False,1788804316.5331595,
unbound,unsigned,test.test-unsigned.example,cold,634731,0,False,1788804316.5338337,
unbound,unsigned,test.test-unsigned.example,cold,540474,0,False,1788804316.534416,
unbound,unsigned,test.test-unsigned.example,cold,550091,0,False,1788804316.5350065,
unbound,unsigned,test.test-unsigned.example,cold,632327,0,False,1788804316.5356874,
unbound,unsigned,test.test-unsigned.example,cold,580917,0,False,1788804316.5363173,
unbound,unsigned,test.test-unsigned.example,cold,612593,0,False,1788804316.5369673,
unbound,unsigned,test.test-unsigned.example,cold,550575,0,False,1788804316.5375695,
unbound,unsigned,test.test-unsigned.example,cold,553799,0,False,1788804316.5381634,
unbound,unsigned,test.test-unsigned.example,cold,559299,0,False,1788804316.538761,
unbound,unsigned,test.test-unsigned.example,cold,548448,0,False,1788804316.5393476,
unbound,unsigned,test.test-unsigned.example,cold,605702,0,False,1788804316.5400033,
unbound,unsigned,test.test-unsigned.example,cold,580402,0,False,1788804316.5406373,
unbound,unsigned,test.test-unsigned.example,cold,611492,0,False,1788804316.5412982,
unbound,unsigned,test.test-unsigned.example,cold,623402,0,False,1788804316.541972,
unbound,unsigned,test.test-unsigned.example,cold,609114,0,False,1788804316.542631,
unbound,unsigned,test.test-unsigned.example,cold,651768,0,False,1788804316.5433316,
unbound,unsigned,test.test-unsigned.example,cold,550658,0,False,1788804316.543932,
unbound,unsigned,test.test-unsigned.example,cold,509646,0,False,1788804316.5444837,
unbound,unsigned,test.test-unsigned.example,cold,500416,0,False,1788804316.545024,
unbound,unsigned,test.test-unsigned.example,cold,591284,0,False,1788804316.545655,
unbound,unsigned,test.test-unsigned.example,cold,546181,0,False,1788804316.5462408,
unbound,unsigned,test.test-unsigned.example,cold,547115,0,False,1788804316.5468292,
unbound,unsigned,test.test-unsigned.example,cold,582551,0,False,1788804316.5474632,
unbound,unsigned,test.test-unsigned.example,cold,565170,0,False,1788804316.548085,
unbound,unsigned,test.test-unsigned.example,cold,593489,0,False,1788804316.5487175,
unbound,unsigned,test.test-unsigned.example,cold,523532,0,False,1788804316.5492797,
unbound,unsigned,test.test-unsigned.example,cold,531920,0,False,1788804316.5498495,
unbound,unsigned,test.test-unsigned.example,cold,599235,0,False,1788804316.5504885,
unbound,unsigned,test.test-unsigned.example,cold,569530,0,False,1788804316.5511374,
unbound,unsigned,test.test-unsigned.example,cold,564982,0,False,1788804316.551755,
unbound,unsigned,test.test-unsigned.example,cold,591967,0,False,1788804316.552388,
unbound,unsigned,test.test-unsigned.example,cold,596340,0,False,1788804316.5530357,
unbound,unsigned,test.test-unsigned.example,cold,557701,0,False,1788804316.553642,
unbound,unsigned,test.test-unsigned.example,cold,574602,0,False,1788804316.5542665,
unbound,unsigned,test.test-unsigned.example,cold,529356,0,False,1788804316.5548482,
unbound,unsigned,test.test-unsigned.example,cold,587554,0,False,1788804316.5554864,
unbound,unsigned,test.test-unsigned.example,cold,581230,0,False,1788804316.5561194,
unbound,unsigned,test.test-unsigned.example,cold,590715,0,False,1788804316.5567603,
unbound,unsigned,test.test-unsigned.example,cold,525329,0,False,1788804316.5573297,
unbound,unsigned,test.test-unsigned.example,cold,576249,0,False,1788804316.557954,
unbound,unsigned,test.test-unsigned.example,cold,592594,0,False,1788804316.5585942,
unbound,unsigned,test.test-unsigned.example,cold,740428,0,False,1788804316.5593767,
unbound,unsigned,test.test-unsigned.example,cold,625116,0,False,1788804316.5600436,
unbound,unsigned,test.test-unsigned.example,cold,586339,0,False,1788804316.560677,
unbound,unsigned,test.test-unsigned.example,cold,639097,0,False,1788804316.5613725,
unbound,unsigned,test.test-unsigned.example,cold,623984,0,False,1788804316.5620522,
unbound,unsigned,test.test-unsigned.example,cold,653769,0,False,1788804316.5627615,
unbound,unsigned,test.test-unsigned.example,cold,965585,0,False,1788804316.5638423,
unbound,unsigned,test.test-unsigned.example,cold,630531,0,False,1788804316.564539,
unbound,unsigned,test.test-unsigned.example,cold,659957,0,False,1788804316.5652547,
unbound,unsigned,test.test-unsigned.example,cold,626055,0,False,1788804316.5659387,
unbound,unsigned,test.test-unsigned.example,cold,724799,0,False,1788804316.5667262,
unbound,unsigned,test.test-unsigned.example,cold,614168,0,False,1788804316.5674005,
unbound,unsigned,test.test-unsigned.example,cold,597096,0,False,1788804316.5680525,
unbound,unsigned,test.test-unsigned.example,cold,711442,0,False,1788804316.568821,
unbound,unsigned,test.test-unsigned.example,cold,730256,0,False,1788804316.5696096,
unbound,unsigned,test.test-unsigned.example,cold,723137,0,False,1788804316.5703876,
unbound,unsigned,test.test-unsigned.example,cold,718656,0,False,1788804316.5711555,
unbound,unsigned,test.test-unsigned.example,cold,648755,0,False,1788804316.5718646,
unbound,unsigned,test.test-unsigned.example,cold,554060,0,False,1788804316.5724723,
unbound,unsigned,test.test-unsigned.example,cold,596773,0,False,1788804316.5731125,
unbound,unsigned,test.test-unsigned.example,cold,595087,0,False,1788804316.5737581,
unbound,unsigned,test.test-unsigned.example,cold,628268,0,False,1788804316.5744324,
unbound,unsigned,test.test-unsigned.example,cold,733682,0,False,1788804316.5752108,
unbound,unsigned,test.test-unsigned.example,cold,685440,0,False,1788804316.5759535,
unbound,unsigned,test.test-unsigned.example,cold,599467,0,False,1788804316.5766032,
unbound,unsigned,test.test-unsigned.example,cold,582418,0,False,1788804316.577241,
unbound,unsigned,test.test-unsigned.example,cold,516184,0,False,1788804316.5777974,
unbound,unsigned,test.test-unsigned.example,cold,551033,0,False,1788804316.578399,
unbound,unsigned,test.test-unsigned.example,cold,605798,0,False,1788804316.579047,
unbound,unsigned,test.test-unsigned.example,cold,561670,0,False,1788804316.5796506,
unbound,unsigned,test.test-unsigned.example,cold,533952,0,False,1788804316.5802383,
unbound,unsigned,test.test-unsigned.example,cold,559692,0,False,1788804316.5808425,
unbound,unsigned,test.test-unsigned.example,cold,638668,0,False,1788804316.5815225,
unbound,unsigned,test.test-unsigned.example,cold,586098,0,False,1788804316.5821526,
unbound,unsigned,test.test-unsigned.example,cold,598309,0,False,1788804316.582793,
unbound,unsigned,test.test-unsigned.example,cold,544149,0,False,1788804316.5833788,
unbound,unsigned,test.test-unsigned.example,cold,678165,0,False,1788804316.584097,
unbound,unsigned,test.test-unsigned.example,cold,501368,0,False,1788804316.5846457,
unbound,unsigned,test.test-unsigned.example,cold,500083,0,False,1788804316.5851843,
unbound,unsigned,test.test-unsigned.example,cold,596261,0,False,1788804316.585818,
unbound,unsigned,test.test-unsigned.example,cold,587752,0,False,1788804316.5864575,
unbound,unsigned,test.test-unsigned.example,cold,497565,0,False,1788804316.5869942,
unbound,unsigned,test.test-unsigned.example,cold,586149,0,False,1788804316.587631,
unbound,unsigned,test.test-unsigned.example,cold,478594,0,False,1788804316.5881598,
unbound,unsigned,test.test-unsigned.example,cold,608447,0,False,1788804316.5888066,
unbound,unsigned,test.test-unsigned.example,cold,592903,0,False,1788804316.5894506,
unbound,unsigned,test.test-unsigned.example,cold,520053,0,False,1788804316.5900185,
unbound,unsigned,test.test-unsigned.example,cold,681958,0,False,1788804316.5907497,
unbound,unsigned,test.test-unsigned.example,cold,698545,0,False,1788804316.5914896,
unbound,unsigned,test.test-unsigned.example,cold,516534,0,False,1788804316.5920467,
unbound,unsigned,test.test-unsigned.example,cold,501526,0,False,1788804316.5925922,
unbound,unsigned,test.test-unsigned.example,cold,592219,0,False,1788804316.593223,
unbound,unsigned,test.test-unsigned.example,cold,586724,0,False,1788804316.5938642,
unbound,unsigned,test.test-unsigned.example,cold,644164,0,False,1788804316.594558,
unbound,unsigned,test.test-unsigned.example,cold,568731,0,False,1788804316.5951796,
unbound,unsigned,test.test-unsigned.example,cold,567182,0,False,1788804316.595801,
unbound,unsigned,test.test-unsigned.example,cold,652200,0,False,1788804316.5965106,
unbound,unsigned,test.test-unsigned.example,cold,588593,0,False,1788804316.597155,
unbound,unsigned,test.test-unsigned.example,cold,635300,0,False,1788804316.5978334,
unbound,unsigned,test.test-unsigned.example,cold,609971,0,False,1788804316.5984814,
unbound,unsigned,test.test-unsigned.example,cold,482685,0,False,1788804316.5990055,
unbound,unsigned,test.test-unsigned.example,cold,606086,0,False,1788804316.5996523,
unbound,unsigned,test.test-unsigned.example,cold,585795,0,False,1788804316.6002872,
unbound,unsigned,test.test-unsigned.example,cold,604202,0,False,1788804316.6009429,
unbound,unsigned,test.test-unsigned.example,cold,626859,0,False,1788804316.6016212,
unbound,unsigned,test.test-unsigned.example,cold,570789,0,False,1788804316.602231,
unbound,unsigned,test.test-unsigned.example,cold,552552,0,False,1788804316.6028333,
unbound,unsigned,test.test-unsigned.example,cold,568640,0,False,1788804316.6034403,
unbound,unsigned,test.test-unsigned.example,cold,574201,0,False,1788804316.6040654,
unbound,unsigned,test.test-unsigned.example,cold,559153,0,False,1788804316.604677,
unbound,unsigned,test.test-unsigned.example,cold,562607,0,False,1788804316.6052878,
unbound,unsigned,test.test-unsigned.example,cold,597104,0,False,1788804316.6059248,
unbound,unsigned,test.test-unsigned.example,cold,612860,0,False,1788804316.606581,
unbound,unsigned,test.test-unsigned.example,cold,612689,0,False,1788804316.6072347,
unbound,unsigned,test.test-unsigned.example,cold,553261,0,False,1788804316.6078355,
unbound,unsigned,test.test-unsigned.example,cold,597921,0,False,1788804316.6084719,
unbound,unsigned,test.test-unsigned.example,cold,584729,0,False,1788804316.6091104,
unbound,unsigned,test.test-unsigned.example,cold,556405,0,False,1788804316.6097136,
unbound,unsigned,test.test-unsigned.example,cold,598191,0,False,1788804316.6103637,
unbound,unsigned,test.test-unsigned.example,cold,585352,0,False,1788804316.6109996,
unbound,unsigned,test.test-unsigned.example,cold,594870,0,False,1788804316.6116428,
unbound,unsigned,test.test-unsigned.example,cold,553927,0,False,1788804316.6122544,
unbound,unsigned,test.test-unsigned.example,cold,566018,0,False,1788804316.6128678,
unbound,unsigned,test.test-unsigned.example,cold,598505,0,False,1788804316.6135213,
unbound,unsigned,test.test-unsigned.example,cold,610600,0,False,1788804316.614174,
unbound,unsigned,test.test-unsigned.example,cold,686205,0,False,1788804316.614912,
unbound,unsigned,test.test-unsigned.example,cold,538726,0,False,1788804316.6154919,
unbound,unsigned,test.test-unsigned.example,cold,526468,0,False,1788804316.6160579,
unbound,unsigned,test.test-unsigned.example,cold,564668,0,False,1788804316.616672,
unbound,unsigned,test.test-unsigned.example,cold,569615,0,False,1788804316.61729,
unbound,unsigned,test.test-unsigned.example,cold,622476,0,False,1788804316.6179533,
unbound,unsigned,test.test-unsigned.example,cold,552742,0,False,1788804316.6185472,
unbound,unsigned,test.test-unsigned.example,cold,575060,0,False,1788804316.6191716,
unbound,unsigned,test.test-unsigned.example,cold,501841,0,False,1788804316.6197157,
unbound,unsigned,test.test-unsigned.example,cold,549054,0,False,1788804316.6203024,
unbound,unsigned,test.test-unsigned.example,cold,515579,0,False,1788804316.6208587,
unbound,unsigned,test.test-unsigned.example,cold,676318,0,False,1788804316.6215854,
unbound,unsigned,test.test-unsigned.example,cold,605166,0,False,1788804316.622245,
unbound,unsigned,test.test-unsigned.example,cold,558516,0,False,1788804316.6228588,
unbound,unsigned,test.test-unsigned.example,cold,568433,0,False,1788804316.6234672,
unbound,unsigned,test.test-unsigned.example,cold,524967,0,False,1788804316.6240323,
unbound,unsigned,test.test-unsigned.example,cold,565864,0,False,1788804316.624641,
unbound,unsigned,test.test-unsigned.example,cold,692432,0,False,1788804316.6253853,
unbound,unsigned,test.test-unsigned.example,cold,725329,0,False,1788804316.6261637,
unbound,unsigned,test.test-unsigned.example,cold,604744,0,False,1788804316.6268208,
unbound,unsigned,test.test-unsigned.example,cold,1026405,0,False,1788804316.6279054,
unbound,unsigned,test.test-unsigned.example,cold,711416,0,False,1788804316.6286795,
unbound,unsigned,test.test-unsigned.example,cold,682896,0,False,1788804316.6294208,
unbound,unsigned,test.test-unsigned.example,cold,714706,0,False,1788804316.630195,
unbound,unsigned,test.test-unsigned.example,cold,683166,0,False,1788804316.6309392,
unbound,unsigned,test.test-unsigned.example,cold,605338,0,False,1788804316.6316025,
unbound,unsigned,test.test-unsigned.example,cold,711077,0,False,1788804316.632366,
unbound,unsigned,test.test-unsigned.example,cold,566977,0,False,1788804316.6329932,
unbound,unsigned,test.test-unsigned.example,cold,531132,0,False,1788804316.6335652,
unbound,unsigned,test.test-unsigned.example,cold,541744,0,False,1788804316.6341631,
unbound,unsigned,test.test-unsigned.example,cold,567012,0,False,1788804316.6347773,
unbound,unsigned,test.test-unsigned.example,cold,892786,0,False,1788804316.635712,
unbound,unsigned,test.test-unsigned.example,cold,578496,0,False,1788804316.6363375,
unbound,unsigned,test.test-unsigned.example,cold,526763,0,False,1788804316.6369097,
unbound,unsigned,test.test-unsigned.example,cold,540359,0,False,1788804316.6374907,
unbound,unsigned,test.test-unsigned.example,cold,579656,0,False,1788804316.6381083,
unbound,unsigned,test.test-unsigned.example,cold,538599,0,False,1788804316.638688,
unbound,unsigned,test.test-unsigned.example,cold,603371,0,False,1788804316.6393409,
unbound,unsigned,test.test-unsigned.example,cold,530362,0,False,1788804316.6399143,
unbound,unsigned,test.test-unsigned.example,cold,515326,0,False,1788804316.6404715,
unbound,unsigned,test.test-unsigned.example,cold,640588,0,False,1788804316.641165,
unbound,unsigned,test.test-unsigned.example,cold,579479,0,False,1788804316.6417944,
unbound,unsigned,test.test-unsigned.example,cold,660877,0,False,1788804316.6425066,
unbound,unsigned,test.test-unsigned.example,cold,703331,0,False,1788804316.6432676,
unbound,unsigned,test.test-unsigned.example,cold,594606,0,False,1788804316.6439204,
unbound,unsigned,test.test-unsigned.example,cold,4294088,0,False,1788804316.6487122,
unbound,unsigned,test.test-unsigned.example,cold,1021814,0,False,1788804316.6498406,
unbound,unsigned,test.test-unsigned.example,cold,830192,0,False,1788804316.650749,
unbound,unsigned,test.test-unsigned.example,cold,1196643,0,False,1788804316.6519933,
unbound,unsigned,test.test-unsigned.example,cold,665956,0,False,1788804316.6527064,
unbound,unsigned,test.test-unsigned.example,cold,645370,0,False,1788804316.6533973,
unbound,unsigned,test.test-unsigned.example,cold,716015,0,False,1788804316.6541715,
unbound,unsigned,test.test-unsigned.example,cold,521070,0,False,1788804316.65475,
unbound,unsigned,test.test-unsigned.example,cold,656955,0,False,1788804316.6554542,
unbound,unsigned,test.test-unsigned.example,cold,584793,0,False,1788804316.6561348,
unbound,unsigned,test.test-unsigned.example,cold,618850,0,False,1788804316.656856,
unbound,unsigned,test.test-unsigned.example,cold,658702,0,False,1788804316.65757,
unbound,unsigned,test.test-unsigned.example,cold,595041,0,False,1788804316.6582224,
unbound,unsigned,test.test-unsigned.example,cold,629067,0,False,1788804316.65891,
unbound,unsigned,test.test-unsigned.example,cold,704441,0,False,1788804316.659706,
unbound,unsigned,test.test-unsigned.example,cold,683602,0,False,1788804316.6604407,
unbound,unsigned,test.test-unsigned.example,cold,783608,0,False,1788804316.6613894,
unbound,unsigned,test.test-unsigned.example,cold,700365,0,False,1788804316.662179,
unbound,unsigned,test.test-unsigned.example,cold,796030,0,False,1788804316.6630266,
unbound,unsigned,test.test-unsigned.example,cold,693804,0,False,1788804316.663769,
unbound,unsigned,test.test-unsigned.example,cold,684483,0,False,1788804316.664512,
unbound,unsigned,test.test-unsigned.example,cold,683232,0,False,1788804316.6652515,
unbound,unsigned,test.test-unsigned.example,cold,695883,0,False,1788804316.6660044,
unbound,unsigned,test.test-unsigned.example,cold,653383,0,False,1788804316.6667123,
unbound,unsigned,test.test-unsigned.example,cold,736201,0,False,1788804316.6675045,
unbound,unsigned,test.test-unsigned.example,cold,624276,0,False,1788804316.668186,
unbound,unsigned,test.test-unsigned.example,cold,683027,0,False,1788804316.6689224,
unbound,unsigned,test.test-unsigned.example,cold,560032,0,False,1788804316.6695275,
unbound,unsigned,test.test-unsigned.example,cold,700397,0,False,1788804316.6702747,
unbound,unsigned,test.test-unsigned.example,cold,689181,0,False,1788804316.6710265,
unbound,unsigned,test.test-unsigned.example,cold,2589350,0,False,1788804316.673666,
unbound,unsigned,test.test-unsigned.example,cold,776536,0,False,1788804316.6745121,
unbound,unsigned,test.test-unsigned.example,cold,706097,0,False,1788804316.675269,
unbound,unsigned,test.test-unsigned.example,cold,600901,0,False,1788804316.6759264,
unbound,unsigned,test.test-unsigned.example,cold,1188555,0,False,1788804316.6771722,
unbound,unsigned,test.test-unsigned.example,cold,665005,0,False,1788804316.6779008,
unbound,unsigned,test.test-unsigned.example,cold,751744,0,False,1788804316.678711,
unbound,unsigned,test.test-unsigned.example,cold,696832,0,False,1788804316.6794677,
unbound,unsigned,test.test-unsigned.example,cold,881110,0,False,1788804316.6804101,
unbound,unsigned,test.test-unsigned.example,cold,787287,0,False,1788804316.6812618,
unbound,unsigned,test.test-unsigned.example,cold,872283,0,False,1788804316.6821995,
unbound,unsigned,test.test-unsigned.example,cold,632385,0,False,1788804316.6828938,
unbound,unsigned,test.test-unsigned.example,cold,1113754,0,False,1788804316.6840796,
unbound,unsigned,test.test-unsigned.example,cold,916877,0,False,1788804316.6850572,
unbound,unsigned,test.test-unsigned.example,cold,870133,0,False,1788804316.685991,
unbound,unsigned,test.test-unsigned.example,cold,728355,0,False,1788804316.68678,
unbound,unsigned,test.test-unsigned.example,cold,607669,0,False,1788804316.6874502,
unbound,unsigned,test.test-unsigned.example,cold,599700,0,False,1788804316.6881225,
unbound,unsigned,test.test-unsigned.example,cold,579064,0,False,1788804316.6887572,
unbound,unsigned,test.test-unsigned.example,cold,645258,0,False,1788804316.6894598,
unbound,unsigned,test.test-unsigned.example,cold,681658,0,False,1788804316.6901984,
unbound,unsigned,test.test-unsigned.example,cold,636111,0,False,1788804316.6908922,
unbound,unsigned,test.test-unsigned.example,cold,766938,0,False,1788804316.6917136,
unbound,unsigned,test.test-unsigned.example,cold,638803,0,False,1788804316.6924086,
unbound,unsigned,test.test-unsigned.example,cold,545329,0,False,1788804316.693009,
unbound,unsigned,test.test-unsigned.example,cold,570131,0,False,1788804316.693634,
unbound,unsigned,test.test-unsigned.example,cold,589718,0,False,1788804316.6942785,
unbound,unsigned,test.test-unsigned.example,cold,853485,0,False,1788804316.6951761,
unbound,unsigned,test.test-unsigned.example,cold,677650,0,False,1788804316.6959743,
unbound,unsigned,test.test-unsigned.example,cold,778613,0,False,1788804316.6968112,
unbound,unsigned,test.test-unsigned.example,cold,819403,0,False,1788804316.6977205,
unbound,unsigned,test.test-unsigned.example,cold,722964,0,False,1788804316.6984963,
unbound,unsigned,test.test-unsigned.example,cold,760058,0,False,1788804316.6993074,
unbound,unsigned,test.test-unsigned.example,cold,741615,0,False,1788804316.7001028,
unbound,unsigned,test.test-unsigned.example,cold,615166,0,False,1788804316.7007706,
unbound,unsigned,test.test-unsigned.example,cold,600660,0,False,1788804316.7014272,
unbound,unsigned,test.test-unsigned.example,cold,805836,0,False,1788804316.702285,
unbound,unsigned,test.test-unsigned.example,cold,682179,0,False,1788804316.7030249,
unbound,unsigned,test.test-unsigned.example,cold,845000,0,False,1788804316.7039242,
unbound,unsigned,test.test-unsigned.example,cold,744333,0,False,1788804316.7047331,
unbound,unsigned,test.test-unsigned.example,cold,646405,0,False,1788804316.7054365,
unbound,unsigned,test.test-unsigned.example,cold,617136,0,False,1788804316.7061064,
unbound,unsigned,test.test-unsigned.example,cold,603190,0,False,1788804316.7067628,
unbound,unsigned,test.test-unsigned.example,cold,672755,0,False,1788804316.7074776,
unbound,unsigned,test.test-unsigned.example,cold,588327,0,False,1788804316.7081184,
unbound,unsigned,test.test-unsigned.example,cold,561221,0,False,1788804316.7087305,
unbound,unsigned,test.test-unsigned.example,cold,622624,0,False,1788804316.7094033,
unbound,unsigned,test.test-unsigned.example,cold,775531,0,False,1788804316.7102273,
unbound,unsigned,test.test-unsigned.example,cold,709876,0,False,1788804316.7109857,
unbound,unsigned,test.test-unsigned.example,cold,553870,0,False,1788804316.711592,
unbound,unsigned,test.test-unsigned.example,cold,637388,0,False,1788804316.712281,
unbound,unsigned,test.test-unsigned.example,cold,622370,0,False,1788804316.7129574,
unbound,unsigned,test.test-unsigned.example,cold,599899,0,False,1788804316.7136147,
unbound,unsigned,test.test-unsigned.example,cold,684155,0,False,1788804316.7143545,
unbound,unsigned,test.test-unsigned.example,cold,616874,0,False,1788804316.7150216,
unbound,unsigned,test.test-unsigned.example,cold,666819,0,False,1788804316.7157388,
unbound,unsigned,test.test-unsigned.example,cold,753064,0,False,1788804316.7165368,
unbound,unsigned,test.test-unsigned.example,cold,1014089,0,False,1788804316.7176116,
unbound,unsigned,test.test-unsigned.example,cold,740862,0,False,1788804316.7184055,
unbound,unsigned,test.test-unsigned.example,cold,713989,0,False,1788804316.71917,
unbound,unsigned,test.test-unsigned.example,cold,632943,0,False,1788804316.7198524,
unbound,unsigned,test.test-unsigned.example,cold,830618,0,False,1788804316.7207396,
unbound,unsigned,test.test-unsigned.example,cold,677968,0,False,1788804316.7214696,
unbound,unsigned,test.test-unsigned.example,cold,2350621,0,False,1788804316.7238858,
unbound,unsigned,test.test-unsigned.example,cold,840990,0,False,1788804316.7248135,
unbound,unsigned,test.test-unsigned.example,cold,709700,0,False,1788804316.7256188,
unbound,unsigned,test.test-unsigned.example,cold,2474621,0,False,1788804316.7281501,
unbound,unsigned,test.test-unsigned.example,cold,762885,0,False,1788804316.7289858,
unbound,unsigned,test.test-unsigned.example,cold,643425,0,False,1788804316.729694,
unbound,unsigned,test.test-unsigned.example,cold,624059,0,False,1788804316.7303798,
unbound,unsigned,test.test-unsigned.example,cold,708977,0,False,1788804316.7311518,
unbound,unsigned,test.test-unsigned.example,cold,606532,0,False,1788804316.7318172,
unbound,unsigned,test.test-unsigned.example,cold,809705,0,False,1788804316.7326865,
unbound,unsigned,test.test-unsigned.example,cold,948560,0,False,1788804316.7336962,
unbound,unsigned,test.test-unsigned.example,cold,706509,0,False,1788804316.7344697,
unbound,unsigned,test.test-unsigned.example,cold,615117,0,False,1788804316.7351441,
unbound,unsigned,test.test-unsigned.example,cold,650466,0,False,1788804316.7358522,
unbound,unsigned,test.test-unsigned.example,cold,546923,0,False,1788804316.7364588,
unbound,unsigned,test.test-unsigned.example,cold,532849,0,False,1788804316.7370362,
unbound,unsigned,test.test-unsigned.example,cold,543216,0,False,1788804316.7376218,
unbound,unsigned,test.test-unsigned.example,cold,532210,0,False,1788804316.7381918,
unbound,unsigned,test.test-unsigned.example,cold,581892,0,False,1788804316.7388258,
unbound,unsigned,test.test-unsigned.example,cold,612439,0,False,1788804316.7394805,
unbound,unsigned,test.test-unsigned.example,cold,580238,0,False,1788804316.7401013,
unbound,unsigned,test.test-unsigned.example,cold,471524,0,False,1788804316.7406142,
unbound,unsigned,test.test-unsigned.example,cold,581915,0,False,1788804316.741236,
unbound,unsigned,test.test-unsigned.example,cold,629187,0,False,1788804316.7419093,
unbound,unsigned,test.test-unsigned.example,cold,585635,0,False,1788804316.7425437,
unbound,unsigned,test.test-unsigned.example,cold,611663,0,False,1788804316.7431955,
unbound,unsigned,test.test-unsigned.example,cold,535658,0,False,1788804316.7437818,
unbound,unsigned,test.test-unsigned.example,cold,555133,0,False,1788804316.7443893,
unbound,unsigned,test.test-unsigned.example,cold,709299,0,False,1788804316.7451484,
unbound,unsigned,test.test-unsigned.example,cold,599505,0,False,1788804316.7457986,
unbound,unsigned,test.test-unsigned.example,cold,556299,0,False,1788804316.7464042,
unbound,unsigned,test.test-unsigned.example,cold,534286,0,False,1788804316.7469776,
unbound,unsigned,test.test-unsigned.example,cold,569546,0,False,1788804316.7475963,
unbound,unsigned,test.test-unsigned.example,cold,599267,0,False,1788804316.7482371,
unbound,unsigned,test.test-unsigned.example,cold,546409,0,False,1788804316.7489834,
unbound,unsigned,test.test-unsigned.example,cold,598068,0,False,1788804316.7496412,
unbound,unsigned,test.test-unsigned.example,cold,521065,0,False,1788804316.7502089,
unbound,unsigned,test.test-unsigned.example,cold,565622,0,False,1788804316.7508485,
unbound,unsigned,test.test-unsigned.example,cold,561125,0,False,1788804316.7514622,
unbound,unsigned,test.test-unsigned.example,cold,579317,0,False,1788804316.7520921,
unbound,unsigned,test.test-unsigned.example,cold,530573,0,False,1788804316.752662,
unbound,unsigned,test.test-unsigned.example,cold,551402,0,False,1788804316.7532644,
unbound,unsigned,test.test-unsigned.example,cold,557730,0,False,1788804316.753865,
unbound,unsigned,test.test-unsigned.example,cold,585833,0,False,1788804316.7545056,
unbound,unsigned,test.test-unsigned.example,cold,728064,0,False,1788804316.755288,
unbound,unsigned,test.test-unsigned.example,cold,582093,0,False,1788804316.7559283,
unbound,unsigned,test.test-unsigned.example,cold,542686,0,False,1788804316.7565236,
unbound,unsigned,test.test-unsigned.example,cold,571002,0,False,1788804316.7571414,
unbound,unsigned,test.test-unsigned.example,cold,477952,0,False,1788804316.7576578,
unbound,unsigned,test.test-unsigned.example,cold,565514,0,False,1788804316.7582636,
unbound,unsigned,test.test-unsigned.example,cold,561788,0,False,1788804316.7588718,
unbound,unsigned,test.test-unsigned.example,cold,530354,0,False,1788804316.7594535,
unbound,unsigned,test.test-unsigned.example,cold,557045,0,False,1788804316.760049,
unbound,unsigned,test.test-unsigned.example,cold,524725,0,False,1788804316.7606142,
unbound,unsigned,test.test-unsigned.example,cold,602168,0,False,1788804316.7612572,
unbound,unsigned,test.test-unsigned.example,cold,571862,0,False,1788804316.761881,
unbound,unsigned,test.test-unsigned.example,cold,591930,0,False,1788804316.7625232,
unbound,unsigned,test.test-unsigned.example,cold,629350,0,False,1788804316.763196,
unbound,unsigned,test.test-unsigned.example,cold,601551,0,False,1788804316.7638507,
unbound,unsigned,test.test-unsigned.example,cold,680295,0,False,1788804316.7645793,
unbound,unsigned,test.test-unsigned.example,cold,605710,0,False,1788804316.765242,
unbound,unsigned,test.test-unsigned.example,cold,586555,0,False,1788804316.7658849,
unbound,unsigned,test.test-unsigned.example,cold,630360,0,False,1788804316.7665577,
unbound,unsigned,test.test-unsigned.example,cold,641074,0,False,1788804316.7672417,
unbound,unsigned,test.test-unsigned.example,cold,476899,0,False,1788804316.7677586,
unbound,unsigned,test.test-unsigned.example,cold,581785,0,False,1788804316.768379,
unbound,unsigned,test.test-unsigned.example,cold,567748,0,False,1788804316.7689962,
unbound,unsigned,test.test-unsigned.example,cold,565592,0,False,1788804316.7696018,
unbound,unsigned,test.test-unsigned.example,cold,583391,0,False,1788804316.7702246,
unbound,unsigned,test.test-unsigned.example,cold,571642,0,False,1788804316.7708473,
unbound,unsigned,test.test-unsigned.example,cold,588435,0,False,1788804316.7714746,
unbound,unsigned,test.test-unsigned.example,cold,554133,0,False,1788804316.7720783,
unbound,unsigned,test.test-unsigned.example,cold,539666,0,False,1788804316.7726586,
unbound,unsigned,test.test-unsigned.example,cold,570905,0,False,1788804316.773281,
unbound,unsigned,test.test-unsigned.example,cold,576616,0,False,1788804316.7739131,
unbound,unsigned,test.test-unsigned.example,cold,589870,0,False,1788804316.7745552,
unbound,unsigned,test.test-unsigned.example,cold,496998,0,False,1788804316.7751,
unbound,unsigned,test.test-unsigned.example,cold,584335,0,False,1788804316.7757463,
unbound,unsigned,test.test-unsigned.example,cold,581469,0,False,1788804316.7763746,
unbound,unsigned,test.test-unsigned.example,cold,576094,0,False,1788804316.776991,
unbound,unsigned,test.test-unsigned.example,cold,521133,0,False,1788804316.7775507,
unbound,unsigned,test.test-unsigned.example,cold,610490,0,False,1788804316.7782097,
unbound,unsigned,test.test-unsigned.example,cold,517732,0,False,1788804316.7787678,
unbound,unsigned,test.test-unsigned.example,cold,623908,0,False,1788804316.7794337,
unbound,unsigned,test.test-unsigned.example,cold,655158,0,False,1788804316.7801406,
unbound,unsigned,test.test-unsigned.example,cold,570634,0,False,1788804316.7807508,
unbound,unsigned,test.test-unsigned.example,cold,505157,0,False,1788804316.7812965,
unbound,unsigned,test.test-unsigned.example,cold,539911,0,False,1788804316.7819011,
unbound,unsigned,test.test-unsigned.example,cold,551928,0,False,1788804316.782506,
unbound,unsigned,test.test-unsigned.example,cold,542089,0,False,1788804316.7830882,
unbound,unsigned,test.test-unsigned.example,cold,496569,0,False,1788804316.7836504,
unbound,unsigned,test.test-unsigned.example,cold,541586,0,False,1788804316.7842293,
unbound,unsigned,test.test-unsigned.example,cold,545822,0,False,1788804316.784816,
unbound,unsigned,test.test-unsigned.example,cold,536168,0,False,1788804316.7853959,
unbound,unsigned,test.test-unsigned.example,cold,554112,0,False,1788804316.7859907,
unbound,unsigned,test.test-unsigned.example,cold,584394,0,False,1788804316.786635,
unbound,unsigned,test.test-unsigned.example,cold,546149,0,False,1788804316.7872312,
unbound,unsigned,test.test-unsigned.example,cold,591026,0,False,1788804316.7878761,
unbound,unsigned,test.test-unsigned.example,cold,588964,0,False,1788804316.7885153,
unbound,unsigned,test.test-unsigned.example,cold,546278,0,False,1788804316.7891016,
unbound,unsigned,test.test-unsigned.example,cold,562894,0,False,1788804316.7897153,
unbound,unsigned,test.test-unsigned.example,cold,576171,0,False,1788804316.7903278,
unbound,unsigned,test.test-unsigned.example,cold,615061,0,False,1788804316.7909815,
unbound,unsigned,test.test-unsigned.example,cold,666927,0,False,1788804316.7916915,
unbound,unsigned,test.test-unsigned.example,cold,594838,0,False,1788804316.7923398,
unbound,unsigned,test.test-unsigned.example,cold,592999,0,False,1788804316.792983,
unbound,unsigned,test.test-unsigned.example,cold,531399,0,False,1788804316.7935557,
unbound,unsigned,test.test-unsigned.example,cold,599909,0,False,1788804316.794194,
unbound,unsigned,test.test-unsigned.example,cold,559560,0,False,1788804316.7948027,
unbound,unsigned,test.test-unsigned.example,cold,709112,0,False,1788804316.7955663,
unbound,unsigned,test.test-unsigned.example,cold,793719,0,False,1788804316.796425,
unbound,unsigned,test.test-unsigned.example,cold,654667,0,False,1788804316.7971292,
unbound,unsigned,test.test-unsigned.example,cold,644209,0,False,1788804316.797829,
unbound,unsigned,test.test-unsigned.example,cold,759493,0,False,1788804316.798642,
unbound,unsigned,test.test-unsigned.example,cold,788860,0,False,1788804316.7994828,
unbound,unsigned,test.test-unsigned.example,cold,629014,0,False,1788804316.8001692,
unbound,unsigned,test.test-unsigned.example,cold,683893,0,False,1788804316.800912,
unbound,unsigned,test.test-unsigned.example,cold,745172,0,False,1788804316.8017185,
unbound,unsigned,test.test-unsigned.example,cold,632848,0,False,1788804316.8024106,
unbound,unsigned,test.test-unsigned.example,cold,723656,0,False,1788804316.803193,
unbound,unsigned,test.test-unsigned.example,cold,718791,0,False,1788804316.8039763,
unbound,unsigned,test.test-unsigned.example,cold,676319,0,False,1788804316.804707,
unbound,unsigned,test.test-unsigned.example,cold,761655,0,False,1788804316.805532,
unbound,unsigned,test.test-unsigned.example,cold,701434,0,False,1788804316.806285,
unbound,unsigned,test.test-unsigned.example,cold,567762,0,False,1788804316.8069103,
unbound,unsigned,test.test-unsigned.example,cold,574165,0,False,1788804316.8075433,
unbound,unsigned,test.test-unsigned.example,cold,615218,0,False,1788804316.8082163,
unbound,unsigned,test.test-unsigned.example,cold,662302,0,False,1788804316.8089354,
unbound,unsigned,test.test-unsigned.example,cold,562197,0,False,1788804316.8095427,
unbound,unsigned,test.test-unsigned.example,cold,535872,0,False,1788804316.8101265,
unbound,unsigned,test.test-unsigned.example,cold,846802,0,False,1788804316.8110275,
unbound,unsigned,test.test-unsigned.example,cold,877467,0,False,1788804316.8119752,
unbound,unsigned,test.test-unsigned.example,cold,777137,0,False,1788804316.8128414,
unbound,unsigned,test.test-unsigned.example,cold,659700,0,False,1788804316.813584,
unbound,unsigned,test.test-unsigned.example,cold,711837,0,False,1788804316.8143466,
unbound,unsigned,test.test-unsigned.example,cold,699710,0,False,1788804316.8151402,
unbound,unsigned,test.test-unsigned.example,cold,729656,0,False,1788804316.8159325,
unbound,unsigned,test.test-unsigned.example,cold,608239,0,False,1788804316.8166027,
unbound,unsigned,test.test-unsigned.example,cold,607504,0,False,1788804316.817264,
unbound,unsigned,test.test-unsigned.example,cold,534024,0,False,1788804316.8178442,
unbound,unsigned,test.test-unsigned.example,cold,506695,0,False,1788804316.8183901,
unbound,unsigned,test.test-unsigned.example,cold,602444,0,False,1788804316.8190434,
unbound,unsigned,test.test-unsigned.example,cold,695468,0,False,1788804316.819791,
unbound,unsigned,test.test-unsigned.example,cold,584080,0,False,1788804316.8204193,
unbound,unsigned,test.test-unsigned.example,cold,618194,0,False,1788804316.8210886,
unbound,unsigned,test.test-unsigned.example,cold,566026,0,False,1788804316.821705,
unbound,unsigned,test.test-unsigned.example,cold,603081,0,False,1788804316.8223495,
unbound,unsigned,test.test-unsigned.example,cold,601832,0,False,1788804316.8229928,
unbound,unsigned,test.test-unsigned.example,cold,599061,0,False,1788804316.8236308,
unbound,unsigned,test.test-unsigned.example,cold,592850,0,False,1788804316.8242726,
unbound,unsigned,test.test-unsigned.example,cold,691560,0,False,1788804316.825008,
unbound,unsigned,test.test-unsigned.example,cold,629511,0,False,1788804316.8256948,
unbound,unsigned,test.test-unsigned.example,cold,575415,0,False,1788804316.826325,
unbound,unsigned,test.test-unsigned.example,cold,592596,0,False,1788804316.826958,
unbound,unsigned,test.test-unsigned.example,cold,610851,0,False,1788804316.8276181,
unbound,unsigned,test.test-unsigned.example,cold,537928,0,False,1788804316.8282108,
unbound,unsigned,test.test-unsigned.example,cold,613499,0,False,1788804316.828866,
unbound,unsigned,test.test-unsigned.example,cold,554378,0,False,1788804316.8294697,
unbound,unsigned,test.test-unsigned.example,cold,540499,0,False,1788804316.8300526,
unbound,unsigned,test.test-unsigned.example,cold,535855,0,False,1788804316.8306332,
unbound,unsigned,test.test-unsigned.example,cold,665744,0,False,1788804316.8313475,
unbound,unsigned,test.test-unsigned.example,cold,570655,0,False,1788804316.831971,
unbound,unsigned,test.test-unsigned.example,cold,538447,0,False,1788804316.8325515,
unbound,unsigned,test.test-unsigned.example,cold,545466,0,False,1788804316.8331525,
unbound,unsigned,test.test-unsigned.example,cold,570804,0,False,1788804316.8337717,
unbound,unsigned,test.test-unsigned.example,cold,579224,0,False,1788804316.834389,
unbound,unsigned,test.test-unsigned.example,cold,578358,0,False,1788804316.8350148,
unbound,unsigned,test.test-unsigned.example,cold,554164,0,False,1788804316.8356175,
unbound,unsigned,test.test-unsigned.example,cold,588471,0,False,1788804316.8362586,
unbound,unsigned,test.test-unsigned.example,cold,595231,0,False,1788804316.8369036,
unbound,unsigned,test.test-unsigned.example,cold,530083,0,False,1788804316.837475,
unbound,unsigned,test.test-unsigned.example,cold,590823,0,False,1788804316.8381164,
unbound,unsigned,test.test-unsigned.example,cold,589119,0,False,1788804316.8387544,
unbound,unsigned,test.test-unsigned.example,cold,610892,0,False,1788804316.8394156,
unbound,unsigned,test.test-unsigned.example,cold,599818,0,False,1788804316.8400571,
unbound,unsigned,test.test-unsigned.example,cold,600037,0,False,1788804316.840704,
unbound,unsigned,test.test-unsigned.example,cold,573354,0,False,1788804316.8413196,
unbound,unsigned,test.test-unsigned.example,cold,525445,0,False,1788804316.8418946,
unbound,unsigned,test.test-unsigned.example,cold,662078,0,False,1788804316.8425956,
unbound,unsigned,test.test-unsigned.example,cold,602913,0,False,1788804316.8432508,
unbound,unsigned,test.test-unsigned.example,cold,583270,0,False,1788804316.8438907,
unbound,unsigned,test.test-unsigned.example,cold,540593,0,False,1788804316.8444703,
unbound,unsigned,test.test-unsigned.example,cold,575963,0,False,1788804316.845098,
unbound,unsigned,test.test-unsigned.example,cold,624575,0,False,1788804316.845762,
unbound,unsigned,test.test-unsigned.example,cold,618749,0,False,1788804316.8464236,
unbound,unsigned,test.test-unsigned.example,cold,526187,0,False,1788804316.8469882,
unbound,unsigned,test.test-unsigned.example,cold,622290,0,False,1788804316.8476582,
unbound,unsigned,test.test-unsigned.example,cold,737680,0,False,1788804316.8484488,
unbound,unsigned,test.test-unsigned.example,cold,598507,0,False,1788804316.8491042,
unbound,unsigned,test.test-unsigned.example,cold,507287,0,False,1788804316.8496506,
unbound,unsigned,test.test-unsigned.example,cold,520466,0,False,1788804316.8502235,
unbound,unsigned,test.test-unsigned.example,cold,555523,0,False,1788804316.8508337,
unbound,unsigned,test.test-unsigned.example,cold,588032,0,False,1788804316.8514695,
unbound,unsigned,test.test-unsigned.example,cold,568382,0,False,1788804316.8520787,
unbound,unsigned,test.test-unsigned.example,cold,578026,0,False,1788804316.8527021,
unbound,unsigned,test.test-unsigned.example,cold,571837,0,False,1788804316.853326,
unbound,unsigned,test.test-unsigned.example,cold,497891,0,False,1788804316.853865,
unbound,unsigned,test.test-unsigned.example,cold,511555,0,False,1788804316.854417,
unbound,unsigned,test.test-unsigned.example,cold,420813,0,False,1788804316.8548753,
unbound,unsigned,test.test-unsigned.example,cold,525511,0,False,1788804316.8554375,
unbound,unsigned,test.test-unsigned.example,cold,437631,0,False,1788804316.8559124,
unbound,unsigned,test.test-unsigned.example,cold,551880,0,False,1788804316.8565013,
unbound,unsigned,test.test-unsigned.example,cold,503737,0,False,1788804316.857041,
unbound,unsigned,test.test-unsigned.example,cold,535769,0,False,1788804316.8576155,
unbound,unsigned,test.test-unsigned.example,cold,619273,0,False,1788804316.858344,
unbound,unsigned,test.test-unsigned.example,cold,524054,0,False,1788804316.8589096,
unbound,unsigned,test.test-unsigned.example,cold,634509,0,False,1788804316.8595848,
unbound,unsigned,test.test-unsigned.example,cold,551626,0,False,1788804316.8602383,
unbound,unsigned,test.test-unsigned.example,cold,523059,0,False,1788804316.8608081,
unbound,unsigned,test.test-unsigned.example,cold,869519,0,False,1788804316.8617198,
unbound,unsigned,test.test-unsigned.example,cold,506386,0,False,1788804316.862278,
unbound,unsigned,test.test-unsigned.example,cold,560893,0,False,1788804316.8628774,
unbound,unsigned,test.test-unsigned.example,cold,621477,0,False,1788804316.8635495,
unbound,unsigned,test.test-unsigned.example,cold,550478,0,False,1788804316.8641515,
unbound,unsigned,test.test-unsigned.example,cold,567902,0,False,1788804316.8647707,
unbound,unsigned,test.test-unsigned.example,cold,572883,0,False,1788804316.8653824,
unbound,unsigned,test.test-unsigned.example,cold,599035,0,False,1788804316.8660223,
unbound,unsigned,test.test-unsigned.example,cold,518716,0,False,1788804316.8665802,
unbound,unsigned,test.test-unsigned.example,cold,524695,0,False,1788804316.867148,
unbound,unsigned,test.test-unsigned.example,cold,584180,0,False,1788804316.867786,
unbound,unsigned,test.test-unsigned.example,cold,595492,0,False,1788804316.8684344,
unbound,unsigned,test.test-unsigned.example,cold,551404,0,False,1788804316.8690388,
unbound,unsigned,test.test-unsigned.example,cold,591334,0,False,1788804316.8696804,
unbound,unsigned,test.test-unsigned.example,cold,583436,0,False,1788804316.8703034,
unbound,unsigned,test.test-unsigned.example,cold,612582,0,False,1788804316.8709557,
unbound,unsigned,test.test-unsigned.example,cold,619913,0,False,1788804316.8716242,
unbound,unsigned,test.test-unsigned.example,cold,607985,0,False,1788804316.8722823,
unbound,unsigned,test.test-unsigned.example,cold,487763,0,False,1788804316.8728082,
unbound,unsigned,test.test-unsigned.example,cold,609006,0,False,1788804316.8734546,
unbound,unsigned,test.test-unsigned.example,cold,588430,0,False,1788804316.8740911,
unbound,unsigned,test.test-unsigned.example,cold,837800,0,False,1788804316.8749676,
unbound,unsigned,test.test-unsigned.example,cold,569287,0,False,1788804316.8755782,
unbound,unsigned,test.test-unsigned.example,cold,547905,0,False,1788804316.876177,
unbound,unsigned,test.test-unsigned.example,cold,580590,0,False,1788804316.8767965,
unbound,unsigned,test.test-unsigned.example,cold,592998,0,False,1788804316.8774369,
unbound,unsigned,test.test-unsigned.example,cold,575078,0,False,1788804316.8780572,
unbound,unsigned,test.test-unsigned.example,cold,579563,0,False,1788804316.878677,
unbound,unsigned,test.test-unsigned.example,cold,632187,0,False,1788804316.879359,
unbound,unsigned,test.test-unsigned.example,cold,602575,0,False,1788804316.880012,
unbound,unsigned,test.test-unsigned.example,cold,610570,0,False,1788804316.880673,
unbound,unsigned,test.test-unsigned.example,cold,579903,0,False,1788804316.8812962,
unbound,unsigned,test.test-unsigned.example,cold,580056,0,False,1788804316.8819258,
unbound,unsigned,test.test-unsigned.example,cold,535636,0,False,1788804316.8825011,
unbound,unsigned,test.test-unsigned.example,cold,553111,0,False,1788804316.883094,
unbound,unsigned,test.test-unsigned.example,cold,572343,0,False,1788804316.8837364,
unbound,unsigned,test.test-unsigned.example,cold,637751,0,False,1788804316.8844244,
unbound,unsigned,test.test-unsigned.example,cold,526298,0,False,1788804316.8850052,
unbound,unsigned,test.test-unsigned.example,cold,519531,0,False,1788804316.8855765,
unbound,unsigned,test.test-unsigned.example,cold,551140,0,False,1788804316.8861728,
unbound,unsigned,test.test-unsigned.example,cold,566185,0,False,1788804316.886792,
unbound,unsigned,test.test-unsigned.example,cold,695771,0,False,1788804316.887545,
unbound,unsigned,test.test-unsigned.example,cold,524901,0,False,1788804316.8881307,
unbound,unsigned,test.test-unsigned.example,cold,526435,0,False,1788804316.8887055,
unbound,unsigned,test.test-unsigned.example,cold,648032,0,False,1788804316.8894076,
unbound,unsigned,test.test-unsigned.example,cold,845334,0,False,1788804316.8903735,
unbound,unsigned,test.test-unsigned.example,cold,705065,0,False,1788804316.8911314,
unbound,unsigned,test.test-unsigned.example,cold,655703,0,False,1788804316.8918467,
unbound,unsigned,test.test-unsigned.example,cold,678428,0,False,1788804316.892566,
unbound,unsigned,test.test-unsigned.example,cold,630055,0,False,1788804316.8932629,
unbound,unsigned,test.test-unsigned.example,cold,724806,0,False,1788804316.8940396,
unbound,unsigned,test.test-unsigned.example,cold,733314,0,False,1788804316.8948364,
unbound,unsigned,test.test-unsigned.example,cold,695900,0,False,1788804316.8955882,
unbound,unsigned,test.test-unsigned.example,cold,554415,0,False,1788804316.8962016,
unbound,unsigned,test.test-unsigned.example,cold,628331,0,False,1788804316.8968873,
unbound,unsigned,test.test-unsigned.example,cold,608216,0,False,1788804316.897544,
unbound,unsigned,test.test-unsigned.example,cold,555553,0,False,1788804316.8981571,
unbound,unsigned,test.test-unsigned.example,cold,769147,0,False,1788804316.898985,
unbound,unsigned,test.test-unsigned.example,cold,628601,0,False,1788804316.8996797,
unbound,unsigned,test.test-unsigned.example,cold,579037,0,False,1788804316.9003148,
unbound,unsigned,test.test-unsigned.example,cold,551980,0,False,1788804316.9009223,
unbound,unsigned,test.test-unsigned.example,cold,621554,0,False,1788804316.9015882,
unbound,unsigned,test.test-unsigned.example,cold,527060,0,False,1788804316.9021568,
unbound,unsigned,test.test-unsigned.example,cold,548173,0,False,1788804316.9027574,
unbound,unsigned,test.test-unsigned.example,cold,573642,0,False,1788804316.9033806,
unbound,unsigned,test.test-unsigned.example,cold,532378,0,False,1788804316.903959,
unbound,unsigned,test.test-unsigned.example,cold,566336,0,False,1788804316.9045668,
unbound,unsigned,test.test-unsigned.example,cold,575066,0,False,1788804316.905195,
unbound,unsigned,test.test-unsigned.example,cold,667290,0,False,1788804316.9059148,
unbound,unsigned,test.test-unsigned.example,cold,615924,0,False,1788804316.906573,
unbound,unsigned,test.test-unsigned.example,cold,673011,0,False,1788804316.907287,
unbound,unsigned,test.test-unsigned.example,cold,588320,0,False,1788804316.9079306,
unbound,unsigned,test.test-unsigned.example,cold,584851,0,False,1788804316.9085631,
unbound,unsigned,test.test-unsigned.example,cold,601061,0,False,1788804316.9092076,
unbound,unsigned,test.test-unsigned.example,cold,581789,0,False,1788804316.9098392,
unbound,unsigned,test.test-unsigned.example,cold,531083,0,False,1788804316.9104087,
unbound,unsigned,test.test-unsigned.example,cold,581225,0,False,1788804316.9110398,
unbound,unsigned,test.test-unsigned.example,cold,581394,0,False,1788804316.9116704,
unbound,unsigned,test.test-unsigned.example,cold,629333,0,False,1788804316.9123425,
unbound,unsigned,test.test-unsigned.example,cold,552971,0,False,1788804316.9129364,
unbound,unsigned,test.test-unsigned.example,cold,585362,0,False,1788804316.9135623,
unbound,unsigned,test.test-unsigned.example,cold,587696,0,False,1788804316.9141912,
unbound,unsigned,test.test-unsigned.example,cold,596937,0,False,1788804316.91484,
unbound,unsigned,test.test-unsigned.example,cold,633217,0,False,1788804316.9155219,
unbound,unsigned,test.test-unsigned.example,cold,585188,0,False,1788804316.916158,
unbound,unsigned,test.test-unsigned.example,cold,535903,0,False,1788804316.9167323,
unbound,unsigned,test.test-unsigned.example,cold,477559,0,False,1788804316.917248,
unbound,unsigned,test.test-unsigned.example,cold,581659,0,False,1788804316.9178813,
unbound,unsigned,test.test-unsigned.example,cold,532365,0,False,1788804316.9184568,
unbound,unsigned,test.test-unsigned.example,cold,485173,0,False,1788804316.9189806,
unbound,unsigned,test.test-unsigned.example,cold,582611,0,False,1788804316.9196143,
unbound,unsigned,test.test-unsigned.example,cold,596219,0,False,1788804316.9202573,
unbound,unsigned,test.test-unsigned.example,cold,562711,0,False,1788804316.9208655,
unbound,unsigned,test.test-unsigned.example,cold,781434,0,False,1788804316.9216864,
unbound,unsigned,test.test-unsigned.example,cold,586580,0,False,1788804316.922325,
unbound,unsigned,test.test-unsigned.example,cold,544622,0,False,1788804316.9229095,
unbound,unsigned,test.test-unsigned.example,cold,558987,0,False,1788804316.923508,
unbound,unsigned,test.test-unsigned.example,cold,752163,0,False,1788804316.9243004,
unbound,unsigned,test.test-unsigned.example,cold,656165,0,False,1788804316.9250107,
unbound,unsigned,test.test-unsigned.example,cold,617989,0,False,1788804316.9256783,
unbound,unsigned,test.test-unsigned.example,cold,553961,0,False,1788804316.9262843,
unbound,unsigned,test.test-unsigned.example,cold,610627,0,False,1788804316.9269347,
unbound,unsigned,test.test-unsigned.example,cold,599475,0,False,1788804316.9275782,
unbound,unsigned,test.test-unsigned.example,cold,554176,0,False,1788804316.9281728,
unbound,unsigned,test.test-unsigned.example,cold,568889,0,False,1788804316.9287915,
unbound,unsigned,test.test-unsigned.example,cold,530319,0,False,1788804316.9293706,
unbound,unsigned,test.test-unsigned.example,cold,594516,0,False,1788804316.930011,
unbound,unsigned,test.test-unsigned.example,cold,580031,0,False,1788804316.930631,
unbound,unsigned,test.test-unsigned.example,cold,589053,0,False,1788804316.9312613,
unbound,unsigned,test.test-unsigned.example,cold,551133,0,False,1788804316.931853,
unbound,unsigned,test.test-unsigned.example,cold,700286,0,False,1788804316.9326031,
unbound,unsigned,test.test-unsigned.example,cold,574135,0,False,1788804316.9332283,
unbound,unsigned,test.test-unsigned.example,cold,573004,0,False,1788804316.9338422,
unbound,unsigned,test.test-unsigned.example,cold,526321,0,False,1788804316.934407,
unbound,unsigned,test.test-unsigned.example,cold,505308,0,False,1788804316.9349508,
unbound,unsigned,test.test-unsigned.example,cold,553199,0,False,1788804316.9355443,
unbound,unsigned,test.test-unsigned.example,cold,554927,0,False,1788804316.9361534,
unbound,unsigned,test.test-unsigned.example,cold,571219,0,False,1788804316.9367752,
unbound,unsigned,test.test-unsigned.example,cold,642625,0,False,1788804316.9374707,
unbound,unsigned,test.test-unsigned.example,cold,482443,0,False,1788804316.9380019,
unbound,unsigned,test.test-unsigned.example,cold,562088,0,False,1788804316.9386039,
unbound,unsigned,test.test-unsigned.example,cold,589141,0,False,1788804316.9392376,
unbound,unsigned,test.test-unsigned.example,cold,582033,0,False,1788804316.9398694,
unbound,unsigned,test.test-unsigned.example,cold,609231,0,False,1788804316.9405177,
unbound,unsigned,test.test-unsigned.example,cold,618788,0,False,1788804316.9411912,
unbound,unsigned,test.test-unsigned.example,cold,570044,0,False,1788804316.9418123,
unbound,unsigned,test.test-unsigned.example,cold,579525,0,False,1788804316.9424462,
unbound,unsigned,test.test-unsigned.example,cold,613418,0,False,1788804316.9431007,
unbound,unsigned,test.test-unsigned.example,cold,603336,0,False,1788804316.9437814,
unbound,unsigned,test.test-unsigned.example,cold,502626,0,False,1788804316.9443235,
unbound,unsigned,test.test-unsigned.example,cold,556010,0,False,1788804316.9449308,
unbound,unsigned,test.test-unsigned.example,cold,628618,0,False,1788804316.9456084,
unbound,unsigned,test.test-unsigned.example,cold,618104,0,False,1788804316.9462736,
unbound,unsigned,test.test-unsigned.example,cold,583232,0,False,1788804316.9469078,
unbound,unsigned,test.test-unsigned.example,cold,615502,0,False,1788804316.9475648,
unbound,unsigned,test.test-unsigned.example,cold,593765,0,False,1788804316.9482007,
unbound,unsigned,test.test-unsigned.example,cold,527456,0,False,1788804316.94877,
unbound,unsigned,test.test-unsigned.example,cold,564242,0,False,1788804316.9493845,
unbound,unsigned,test.test-unsigned.example,cold,568708,0,False,1788804316.9500098,
unbound,unsigned,test.test-unsigned.example,cold,515709,0,False,1788804316.9505773,
unbound,unsigned,test.test-unsigned.example,cold,601100,0,False,1788804316.9512198,
unbound,unsigned,test.test-unsigned.example,cold,591858,0,False,1788804316.9518619,
unbound,unsigned,test.test-unsigned.example,cold,567024,0,False,1788804316.9524772,
unbound,unsigned,test.test-unsigned.example,cold,594330,0,False,1788804316.9531193,
unbound,unsigned,test.test-unsigned.example,cold,571915,0,False,1788804316.9537404,
unbound,unsigned,test.test-unsigned.example,cold,555816,0,False,1788804316.9543443,
unbound,unsigned,test.test-unsigned.example,cold,560203,0,False,1788804316.9549515,
unbound,unsigned,test.test-unsigned.example,cold,545653,0,False,1788804316.9555452,
unbound,unsigned,test.test-unsigned.example,cold,522108,0,False,1788804316.9561048,
unbound,unsigned,test.test-unsigned.example,cold,551374,0,False,1788804316.9567041,
unbound,unsigned,test.test-unsigned.example,cold,573167,0,False,1788804316.957328,
unbound,unsigned,test.test-unsigned.example,cold,542737,0,False,1788804316.9579725,
unbound,unsigned,test.test-unsigned.example,cold,538609,0,False,1788804316.9585629,
unbound,unsigned,test.test-unsigned.example,cold,817962,0,False,1788804316.959431,
unbound,unsigned,test.test-unsigned.example,cold,630445,0,False,1788804316.9601047,
unbound,unsigned,test.test-unsigned.example,cold,571200,0,False,1788804316.9607275,
unbound,unsigned,test.test-unsigned.example,cold,624448,0,False,1788804316.9613996,
unbound,unsigned,test.test-unsigned.example,cold,596207,0,False,1788804316.9620464,
unbound,unsigned,test.test-unsigned.example,cold,641258,0,False,1788804316.9627402,
unbound,unsigned,test.test-unsigned.example,cold,599118,0,False,1788804316.963384,
unbound,unsigned,test.test-unsigned.example,cold,567488,0,False,1788804316.964002,
unbound,unsigned,test.test-unsigned.example,cold,554655,0,False,1788804316.9646099,
unbound,unsigned,test.test-unsigned.example,cold,556797,0,False,1788804316.965209,
unbound,unsigned,test.test-unsigned.example,cold,497616,0,False,1788804316.9657495,
unbound,unsigned,test.test-unsigned.example,cold,529507,0,False,1788804316.9663212,
unbound,unsigned,test.test-unsigned.example,cold,1381577,0,False,1788804316.9677522,
unbound,unsigned,test.test-unsigned.example,cold,660634,0,False,1788804316.968469,
unbound,unsigned,test.test-unsigned.example,cold,662690,0,False,1788804316.969199,
unbound,unsigned,test.test-unsigned.example,cold,657701,0,False,1788804316.9699187,
unbound,unsigned,test.test-unsigned.example,cold,592924,0,False,1788804316.9705782,
unbound,unsigned,test.test-unsigned.example,cold,592167,0,False,1788804316.971234,
unbound,unsigned,test.test-unsigned.example,cold,616592,0,False,1788804316.9719083,
unbound,unsigned,test.test-unsigned.example,cold,577411,0,False,1788804316.9725373,
unbound,unsigned,test.test-unsigned.example,cold,736872,0,False,1788804316.9733248,
unbound,unsigned,test.test-unsigned.example,cold,587319,0,False,1788804316.9739606,
unbound,unsigned,test.test-unsigned.example,cold,655433,0,False,1788804316.9746675,
unbound,unsigned,test.test-unsigned.example,cold,730501,0,False,1788804316.9754515,
unbound,unsigned,test.test-unsigned.example,cold,747208,0,False,1788804316.976282,
unbound,unsigned,test.test-unsigned.example,cold,634663,0,False,1788804316.9769776,
unbound,unsigned,test.test-unsigned.example,cold,895043,0,False,1788804316.9779284,
unbound,unsigned,test.test-unsigned.example,cold,672933,0,False,1788804316.978672,
unbound,unsigned,test.test-unsigned.example,cold,788642,0,False,1788804316.9795225,
unbound,unsigned,test.test-unsigned.example,cold,598654,0,False,1788804316.9801776,
unbound,unsigned,test.test-unsigned.example,cold,553299,0,False,1788804316.980783,
unbound,unsigned,test.test-unsigned.example,cold,491454,0,False,1788804316.981325,
unbound,unsigned,test.test-unsigned.example,cold,560291,0,False,1788804316.9819374,
unbound,unsigned,test.test-unsigned.example,cold,572465,0,False,1788804316.9825623,
unbound,unsigned,test.test-unsigned.example,cold,574455,0,False,1788804316.9831758,
unbound,unsigned,test.test-unsigned.example,cold,524509,0,False,1788804316.9837399,
unbound,unsigned,test.test-unsigned.example,cold,570819,0,False,1788804316.984362,
unbound,unsigned,test.test-unsigned.example,cold,476592,0,False,1788804316.984879,
unbound,unsigned,test.test-unsigned.example,cold,585513,0,False,1788804316.9855142,
unbound,unsigned,test.test-unsigned.example,cold,503277,0,False,1788804316.9860551,
unbound,unsigned,test.test-unsigned.example,cold,627860,0,False,1788804316.9867332,
unbound,unsigned,test.test-unsigned.example,cold,604051,0,False,1788804316.9873817,
unbound,unsigned,test.test-unsigned.example,cold,544170,0,False,1788804316.9879665,
unbound,unsigned,test.test-unsigned.example,cold,581171,0,False,1788804316.9886022,
unbound,unsigned,test.test-unsigned.example,cold,579410,0,False,1788804316.9892328,
unbound,unsigned,test.test-unsigned.example,cold,569060,0,False,1788804316.989849,
unbound,unsigned,test.test-unsigned.example,cold,618819,0,False,1788804316.9905126,
unbound,unsigned,test.test-unsigned.example,cold,1512983,0,False,1788804316.992073,
unbound,unsigned,test.test-unsigned.example,cold,627471,0,False,1788804316.9927588,
unbound,unsigned,test.test-unsigned.example,cold,596111,0,False,1788804316.9934115,
unbound,unsigned,test.test-unsigned.example,cold,556919,0,False,1788804316.9940214,
unbound,unsigned,test.test-unsigned.example,cold,565569,0,False,1788804316.9946282,
unbound,unsigned,test.test-unsigned.example,cold,596970,0,False,1788804316.995274,
unbound,unsigned,test.test-unsigned.example,cold,569597,0,False,1788804316.9959242,
unbound,unsigned,test.test-unsigned.example,cold,529455,0,False,1788804316.9965053,
unbound,unsigned,test.test-unsigned.example,cold,543905,0,False,1788804316.9971006,
unbound,unsigned,test.test-unsigned.example,cold,540759,0,False,1788804316.997689,
unbound,unsigned,test.test-unsigned.example,cold,535777,0,False,1788804316.9982722,
unbound,unsigned,test.test-unsigned.example,cold,493682,0,False,1788804316.998803,
unbound,unsigned,test.test-unsigned.example,cold,488819,0,False,1788804316.9993312,
unbound,unsigned,test.test-unsigned.example,cold,562550,0,False,1788804316.9999342,
unbound,unsigned,test.test-unsigned.example,cold,553252,0,False,1788804317.0005348,
unbound,unsigned,test.test-unsigned.example,cold,572296,0,False,1788804317.0011587,
unbound,unsigned,test.test-unsigned.example,cold,2608058,0,False,1788804317.0038157,
unbound,unsigned,test.test-unsigned.example,cold,620389,0,False,1788804317.0044942,
unbound,unsigned,test.test-unsigned.example,cold,564317,0,False,1788804317.0050979,
unbound,unsigned,test.test-unsigned.example,cold,562524,0,False,1788804317.0057166,
unbound,unsigned,test.test-unsigned.example,cold,513710,0,False,1788804317.0062807,
unbound,unsigned,test.test-unsigned.example,cold,581712,0,False,1788804317.0069034,
unbound,unsigned,test.test-unsigned.example,cold,570097,0,False,1788804317.0075264,
unbound,unsigned,test.test-unsigned.example,cold,516313,0,False,1788804317.0080853,
unbound,unsigned,test.test-unsigned.example,cold,563927,0,False,1788804317.0086899,
unbound,unsigned,test.test-unsigned.example,cold,570562,0,False,1788804317.0093138,
unbound,unsigned,test.test-unsigned.example,cold,553260,0,False,1788804317.009923,
unbound,unsigned,test.test-unsigned.example,cold,591454,0,False,1788804317.0105662,
unbound,unsigned,test.test-unsigned.example,cold,621105,0,False,1788804317.0112367,
unbound,unsigned,test.test-unsigned.example,cold,486077,0,False,1788804317.0117614,
unbound,unsigned,test.test-unsigned.example,cold,585875,0,False,1788804317.0123873,
unbound,unsigned,test.test-unsigned.example,cold,593174,0,False,1788804317.0130289,
unbound,unsigned,test.test-unsigned.example,cold,503372,0,False,1788804317.0135708,
