resolver,outcome,domain,cache_state,query_time_ns,response_rcode,ad_flag,timestamp,error
unbound,expired,test.test-expired.example,cold,3682400,2,False,1788804274.9364336,
unbound,expired,test.test-expired.example,cold,3494788,2,False,1788804274.9400108,
unbound,expired,test.test-expired.example,cold,2991766,2,False,1788804274.9430757,
unbound,expired,test.test-expired.example,cold,3209694,2,False,1788804274.9463634,
unbound,expired,test.test-expired.example,cold,3098665,2,False,1788804274.9495242,
unbound,expired,test.test-expired.example,cold,2847072,2,False,1788804274.952448,
unbound,expired,test.test-expired.example,cold,3979583,2,False,1788804274.956492,
unbound,expired,test.test-expired.example,cold,4095738,2,False,1788804274.9606814,
unbound,expired,test.test-expired.example,cold,3768000,2,False,1788804274.9645438,
unbound,expired,test.test-expired.example,cold,3143989,2,False,1788804274.9677618,
unbound,expired,test.test-expired.example,cold,3285653,2,False,1788804274.9711215,
unbound,expired,test.test-expired.example,cold,4184810,2,False,1788804274.9753757,
unbound,expired,test.test-expired.example,cold,4057372,2,False,1788804274.9795108,
unbound,expired,test.test-expired.example,cold,3185093,2,False,1788804274.9827738,
unbound,expired,test.test-expired.example,cold,3049492,2,False,1788804274.9858935,
unbound,expired,test.test-expired.example,cold,3276200,2,False,1788804274.989234,
unbound,expired,test.test-expired.example,cold,3650952,2,False,1788804274.9929652,
unbound,expired,test.test-expired.example,cold,3946991,2,False,1788804274.9969914,
unbound,expired,test.test-expired.example,cold,3180877,2,False,1788804275.0002522,
unbound,expired,test.test-expired.example,cold,3102771,2,False,1788804275.0034273,
unbound,expired,test.test-expired.example,cold,3415186,2,False,1788804275.0069232,
unbound,expired,test.test-expired.example,cold,4068456,2,False,1788804275.0110688,
unbound,expired,test.test-expired.example,cold,3061894,2,False,1788804275.014199,
unbound,expired,test.test-expired.example,cold,2976314,2,False,1788804275.01726,
unbound,expired,test.test-expired.example,cold,3180984,2,False,1788804275.0205197,
unbound,expired,test.test-expired.example,cold,2982230,2,False,1788804275.023582,
unbound,expired,test.test-expired.example,cold,3397787,2,False,1788804275.0270574,
unbound,expired,test.test-expired.example,cold,3229845,2,False,1788804275.0303583,
unbound,expired,test.test-expired.example,cold,3439430,2,False,1788804275.033881,
unbound,expired,test.test-expired.example,cold,3767408,2,False,1788804275.0377233,
unbound,expired,test.test-expired.example,cold,4074694,2,False,1788804275.0418842,
unbound,expired,test.test-expired.example,cold,3212240,2,False,1788804275.045164,
unbound,expired,test.test-expired.example,cold,3018458,2,False,1788804275.0482597,
unbound,expired,test.test-expired.example,cold,3194264,2,False,1788804275.0515313,
unbound,expired,test.test-expired.example,cold,3717377,2,False,1788804275.0553164,
unbound,expired,test.test-expired.example,cold,3296174,2,False,1788804275.0586848,
unbound,expired,test.test-expired.example,cold,3151291,2,False,1788804275.0619056,
unbound,expired,test.test-expired.example,cold,3152303,2,False,1788804275.0651193,
unbound,expired,test.test-expired.example,cold,3031572,2,False,1788804275.068207,
unbound,expired,test.test-expired.example,cold,3196989,2,False,1788804275.0714812,
unbound,expired,test.test-expired.example,cold,3521941,2,False,1788804275.0750844,
unbound,expired,test.test-expired.example,cold,2913615,2,False,1788804275.078077,
unbound,expired,test.test-expired.example,cold,3000579,2,False,1788804275.0811474,
unbound,expired,test.test-expired.example,cold,3305704,2,False,1788804275.0845156,
unbound,expired,test.test-expired.example,cold,4625013,2,False,1788804275.0892045,
unbound,expired,test.test-expired.example,cold,3376773,2,False,1788804275.0926561,
unbound,expired,test.test-expired.example,cold,3200308,2,False,1788804275.0959344,
unbound,expired,test.test-expired.example,cold,2993550,2,False,1788804275.0990067,
unbound,expired,test.test-expired.example,cold,3281362,2,False,1788804275.102349,
unbound,expired,test.test-expired.example,cold,3479325,2,False,1788804275.1059105,
unbound,expired,test.test-expired.example,cold,3583746,2,False,1788804275.1095586,
unbound,expired,test.test-expired.example,cold,3098653,2,False,1788804275.1127405,
unbound,expired,test.test-expired.example,cold,3314198,2,False,1788804275.116122,
unbound,expired,test.test-expired.example,cold,4051268,2,False,1788804275.1202593,
unbound,expired,test.test-expired.example,cold,3938128,2,False,1788804275.124272,
unbound,expired,test.test-expired.example,cold,3723621,2,False,1788804275.128081,
unbound,expired,test.test-expired.example,cold,3556669,2,False,1788804275.1317084,
unbound,expired,test.test-expired.example,cold,5682174,2,False,1788804275.1374867,
unbound,expired,test.test-expired.example,cold,3594059,2,False,1788804275.1411624,
unbound,expired,test.test-expired.example,cold,3454100,2,False,1788804275.1447098,
unbound,expired,test.test-expired.example,cold,3650980,2,False,1788804275.148447,
unbound,expired,test.test-expired.example,cold,3038784,2,False,1788804275.1515853,
unbound,expired,test.test-expired.example,cold,3176022,2,False,1788804275.1548254,
unbound,expired,test.test-expired.example,cold,2947789,2,False,1788804275.1578445,
unbound,expired,test.test-expired.example,cold,2944260,2,False,1788804275.1608527,
unbound,expired,test.test-expired.example,cold,2972659,2,False,1788804275.1638935,
unbound,expired,test.test-expired.example,cold,3710908,2,False,1788804275.1676674,
unbound,expired,test.test-expired.example,cold,3465865,2,False,1788804275.1712155,
unbound,expired,test.test-expired.example,cold,3678805,2,False,1788804275.1749737,
unbound,expired,test.test-expired.example,cold,3001775,2,False,1788804275.1780462,
unbound,expired,test.test-expired.example,cold,3237042,2,False,1788804275.1813664,
unbound,expired,test.test-expired.example,cold,3034107,2,False,1788804275.1844852,
unbound,expired,test.test-expired.example,cold,3693670,2,False,1788804275.1882732,
unbound,expired,test.test-expired.example,cold,3126287,2,False,1788804275.191476,
unbound,expired,test.test-expired.example,cold,5231278,2,False,1788804275.1967733,
unbound,expired,test.test-expired.example,cold,5810949,2,False,1788804275.2026665,
unbound,expired,test.test-expired.example,cold,6058463,2,False,1788804275.2088454,
unbound,expired,test.test-expired.example,cold,4360955,2,False,1788804275.2132988,
unbound,expired,test.test-expired.example,cold,5938806,2,False,1788804275.2193265,
unbound,expired,test.test-expired.example,cold,3796032,2,False,1788804275.2232296,
unbound,expired,test.test-expired.example,cold,4531073,2,False,1788804275.2278469,
unbound,expired,test.test-expired.example,cold,5233413,2,False,1788804275.233217,
unbound,expired,test.test-expired.example,cold,4020958,2,False,1788804275.2373483,
unbound,expired,test.test-expired.example,cold,4320853,2,False,1788804275.2417588,
unbound,expired,test.test-expired.example,cold,4199641,2,False,1788804275.2461154,
unbound,expired,test.test-expired.example,cold,3622926,2,False,1788804275.249819,
unbound,expired,test.test-expired.example,cold,3031564,2,False,1788804275.2529206,
unbound,expired,test.test-expired.example,cold,4052965,2,False,1788804275.2570395,
unbound,expired,test.test-expired.example,cold,3138944,2,False,1788804275.2602448,
unbound,expired,test.test-expired.example,cold,2897267,2,False,1788804275.2631972,
unbound,expired,test.test-expired.example,cold,2929377,2,False,1788804275.266195,
unbound,expired,test.test-expired.example,cold,3005053,2,False,1788804275.2692645,
unbound,expired,test.test-expired.example,cold,3149233,2,False,1788804275.272481,
unbound,expired,test.test-expired.example,cold,4045791,2,False,1788804275.276608,
unbound,expired,test.test-expired.example,cold,5298277,2,False,1788804275.2819982,
unbound,expired,test.test-expired.example,cold,3457062,2,False,1788804275.2855344,
unbound,expired,test.test-expired.example,cold,3158441,2,False,1788804275.2887583,
unbound,expired,test.test-expired.example,cold,3117629,2,False,1788804275.2919545,
unbound,expired,test.test-expired.example,cold,3083084,2,False,1788804275.2951171,
unbound,expired,test.test-expired.example,cold,3317704,2,False,1788804275.298509,
unbound,expired,test.test-expired.example,cold,3170854,2,False,1788804275.3017585,
unbound,expired,test.test-expired.example,cold,2903462,2,False,1788804275.3047378,
unbound,expired,test.test-expired.example,cold,3380316,2,False,1788804275.3081913,
unbound,expired,test.test-expired.example,cold,3012432,2,False,1788804275.3112783,
unbound,expired,test.test-expired.example,cold,2894199,2,False,1788804275.314246,
unbound,expired,test.test-expired.example,cold,3008015,2,False,1788804275.317324,
unbound,expired,test.test-expired.example,cold,3082906,2,False,1788804275.3204842,
unbound,expired,test.test-expired.example,cold,3126256,2,False,1788804275.3236783,
unbound,expired,test.test-expired.example,cold,3226444,2,False,1788804275.3269656,
unbound,expired,test.test-expired.example,cold,4859781,2,False,1788804275.331898,
unbound,expired,test.test-expired.example,cold,3160938,2,False,1788804275.3351536,
unbound,expired,test.test-expired.example,cold,4413902,2,False,1788804275.339632,
unbound,expired,test.test-expired.example,cold,3733701,2,False,1788804275.343454,
unbound,expired,test.test-expired.example,cold,3718134,2,False,1788804275.3472466,
unbound,expired,test.test-expired.example,cold,3131037,2,False,1788804275.3504572,
unbound,expired,test.test-expired.example,cold,3271077,2,False,1788804275.353799,
unbound,expired,test.test-expired.example,cold,5633029,2,False,1788804275.3595088,
unbound,expired,test.test-expired.example,cold,3976806,2,False,1788804275.3635705,
unbound,expired,test.test-expired.example,cold,3120542,2,False,1788804275.3667645,
unbound,expired,test.test-expired.example,cold,3284646,2,False,1788804275.3701231,
unbound,expired,test.test-expired.example,cold,3179706,2,False,1788804275.373358,
unbound,expired,test.test-expired.example,cold,3181625,2,False,1788804275.3766074,
unbound,expired,test.test-expired.example,cold,4338751,2,False,1788804275.3810282,
unbound,expired,test.test-expired.example,cold,4414841,2,False,1788804275.3855157,
unbound,expired,test.test-expired.example,cold,2994637,2,False,1788804275.3885841,
unbound,expired,test.test-expired.example,cold,3262370,2,False,1788804275.3919096,
unbound,expired,test.test-expired.example,cold,3133460,2,False,1788804275.395121,
unbound,expired,test.test-expired.example,cold,4419720,2,False,1788804275.3996139,
unbound,expired,test.test-expired.example,cold,3040834,2,False,1788804275.4027147,
unbound,expired,test.test-expired.example,cold,3009913,2,False,1788804275.405799,
unbound,expired,test.test-expired.example,cold,3247071,2,False,1788804275.4091175,
unbound,expired,test.test-expired.example,cold,4202125,2,False,1788804275.4133892,
unbound,expired,test.test-expired.example,cold,3270514,2,False,1788804275.4167433,
unbound,expired,test.test-expired.example,cold,4580912,2,False,1788804275.421411,
unbound,expired,test.test-expired.example,cold,3817998,2,False,1788804275.4253151,
unbound,expired,test.test-expired.example,cold,3190373,2,False,1788804275.4285808,
unbound,expired,test.test-expired.example,cold,3045797,2,False,1788804275.4317017,
unbound,expired,test.test-expired.example,cold,3221283,2,False,1788804275.434988,
unbound,expired,test.test-expired.example,cold,3410639,2,False,1788804275.438487,
unbound,expired,test.test-expired.example,cold,3170006,2,False,1788804275.4417372,
unbound,expired,test.test-expired.example,cold,2928897,2,False,1788804275.444759,
unbound,expired,test.test-expired.example,cold,3067074,2,False,1788804275.4479063,
unbound,expired,test.test-expired.example,cold,3038378,2,False,1788804275.4510112,
unbound,expired,test.test-expired.example,cold,3194146,2,False,1788804275.4542825,
unbound,expired,test.test-expired.example,cold,3353016,2,False,1788804275.4577124,
unbound,expired,test.test-expired.example,cold,3399823,2,False,1788804275.4611983,
unbound,expired,test.test-expired.example,cold,3255156,2,False,1788804275.4645128,
unbound,expired,test.test-expired.example,cold,3061090,2,False,1788804275.4676492,
unbound,expired,test.test-expired.example,cold,3021183,2,False,1788804275.470728,
unbound,expired,test.test-expired.example,cold,3224281,2,False,1788804275.4740317,
unbound,expired,test.test-expired.example,cold,3234225,2,False,1788804275.4773452,
unbound,expired,test.test-expired.example,cold,3018069,2,False,1788804275.480446,
unbound,expired,test.test-expired.example,cold,2964218,2,False,1788804275.4834995,
unbound,expired,test.test-expired.example,cold,3184007,2,False,1788804275.4867547,
unbound,expired,test.test-expired.example,cold,3713355,2,False,1788804275.4905524,
unbound,expired,test.test-expired.example,cold,3146897,2,False,1788804275.493786,
unbound,expired,test.test-expired.example,cold,3003692,2,False,1788804275.496868,
unbound,expired,test.test-expired.example,cold,3190596,2,False,1788804275.500121,
unbound,expired,test.test-expired.example,cold,3117741,2,False,1788804275.5032947,
unbound,expired,test.test-expired.example,cold,3044426,2,False,1788804275.5063949,
unbound,expired,test.test-expired.example,cold,3385987,2,False,1788804275.5098543,
unbound,expired,test.test-expired.example,cold,3034021,2,False,1788804275.5129762,
unbound,expired,test.test-expired.example,cold,3617051,2,False,1788804275.5166566,
unbound,expired,test.test-expired.example,cold,7781308,2,False,1788804275.5245266,
unbound,expired,test.test-expired.example,cold,3142398,2,False,1788804275.527754,
unbound,expired,test.test-expired.example,cold,3126880,2,False,1788804275.5309494,
unbound,expired,test.test-expired.example,cold,3667473,2,False,1788804275.5346968,
unbound,expired,test.test-expired.example,cold,5024745,2,False,1788804275.5398006,
unbound,expired,test.test-expired.example,cold,5146563,2,False,1788804275.5450165,
unbound,expired,test.test-expired.example,cold,4994541,2,False,1788804275.5502925,
unbound,expired,test.test-expired.example,cold,4444663,2,False,1788804275.5548363,
unbound,expired,test.test-expired.example,cold,3662206,2,False,1788804275.558584,
unbound,expired,test.test-expired.example,cold,2968979,2,False,1788804275.56162,
unbound,expired,test.test-expired.example,cold,3080356,2,False,1788804275.5647898,
unbound,expired,test.test-expired.example,cold,3260187,2,False,1788804275.5681186,
unbound,expired,test.test-expired.example,cold,3749677,2,False,1788804275.5719907,
unbound,expired,test.test-expired.example,cold,3328997,2,False,1788804275.5753894,
unbound,expired,test.test-expired.example,cold,3210605,2,False,1788804275.5786834,
unbound,expired,test.test-expired.example,cold,2986877,2,False,1788804275.5817266,
unbound,expired,test.test-expired.example,cold,3238587,2,False,1788804275.5850391,
unbound,expired,test.test-expired.example,cold,3103494,2,False,1788804275.5882022,
unbound,expired,test.test-expired.example,cold,3264299,2,False,1788804275.591556,
unbound,expired,test.test-expired.example,cold,3098057,2,False,1788804275.5947425,
unbound,expired,test.test-expired.example,cold,3395651,2,False,1788804275.598222,
unbound,expired,test.test-expired.example,cold,3114273,2,False,1788804275.6014,
unbound,expired,test.test-expired.example,cold,3457020,2,False,1788804275.6049287,
unbound,expired,test.test-expired.example,cold,3374290,2,False,1788804275.6083755,
unbound,expired,test.test-expired.example,cold,3061459,2,False,1788804275.6115282,
unbound,expired,test.test-expired.example,cold,3131107,2,False,1788804275.6147404,
unbound,expired,test.test-expired.example,cold,5248289,2,False,1788804275.6200523,
unbound,expired,test.test-expired.example,cold,3563861,2,False,1788804275.6236823,
unbound,expired,test.test-expired.example,cold,3195177,2,False,1788804275.6269543,
unbound,expired,test.test-expired.example,cold,3000954,2,False,1788804275.6300333,
unbound,expired,test.test-expired.example,cold,3234432,2,False,1788804275.6333435,
unbound,expired,test.test-expired.example,cold,3051044,2,False,1788804275.6364608,
unbound,expired,test.test-expired.example,cold,3191036,2,False,1788804275.6397364,
unbound,expired,test.test-expired.example,cold,3062480,2,False,1788804275.6428697,
unbound,expired,test.test-expired.example,cold,3149830,2,False,1788804275.6460853,
unbound,expired,test.test-expired.example,cold,3526794,2,False,1788804275.6496897,
unbound,expired,test.test-expired.example,cold,3137594,2,False,1788804275.652926,
unbound,expired,test.test-expired.example,cold,2959070,2,False,1788804275.6559608,
unbound,expired,test.test-expired.example,cold,3699270,2,False,1788804275.6597424,
unbound,expired,test.test-expired.example,cold,3253196,2,False,1788804275.6630754,
unbound,expired,test.test-expired.example,cold,4152085,2,False,1788804275.6673048,
unbound,expired,test.test-expired.example,cold,3131474,2,False,1788804275.6705031,
unbound,expired,test.test-expired.example,cold,2936600,2,False,1788804275.6734946,
unbound,expired,test.test-expired.example,cold,3839515,2,False,1788804275.677401,
unbound,expired,test.test-expired.example,cold,3762473,2,False,1788804275.6812444,
unbound,expired,test.test-expired.example,cold,3472647,2,False,1788804275.684802,
unbound,expired,test.test-expired.example,cold,3318759,2,False,1788804275.6881857,
unbound,expired,test.test-expired.example,cold,3056826,2,False,1788804275.6913044,
unbound,expired,test.test-expired.example,cold,3184898,2,False,1788804275.6945617,
unbound,expired,test.test-expired.example,cold,3763337,2,False,1788804275.698394,
unbound,expired,test.test-expired.example,cold,3805148,2,False,1788804275.7022872,
unbound,expired,test.test-expired.example,cold,3229035,2,False,1788804275.7056017,
unbound,expired,test.test-expired.example,cold,2978399,2,False,1788804275.7086573,
unbound,expired,test.test-expired.example,cold,3013451,2,False,1788804275.7117443,
unbound,expired,test.test-expired.example,cold,3428952,2,False,1788804275.7152479,
unbound,expired,test.test-expired.example,cold,2997328,2,False,1788804275.7183259,
unbound,expired,test.test-expired.example,cold,3389732,2,False,1788804275.7217937,
unbound,expired,test.test-expired.example,cold,2972538,2,False,1788804275.724829,
unbound,expired,test.test-expired.example,cold,3680149,2,False,1788804275.7285721,
unbound,expired,test.test-expired.example,cold,3227354,2,False,1788804275.7318876,
unbound,expired,test.test-expired.example,cold,3175954,2,False,1788804275.735143,
unbound,expired,test.test-expired.example,cold,3146652,2,False,1788804275.7383626,
unbound,expired,test.test-expired.example,cold,3220017,2,False,1788804275.7416685,
unbound,expired,test.test-expired.example,cold,3327180,2,False,1788804275.7450676,
unbound,expired,test.test-expired.example,cold,3105598,2,False,1788804275.748234,
unbound,expired,test.test-expired.example,cold,3011442,2,False,1788804275.7513263,
unbound,expired,test.test-expired.example,cold,3078863,2,False,1788804275.7544765,
unbound,expired,test.test-expired.example,cold,6194308,2,False,1788804275.7607496,
unbound,expired,test.test-expired.example,cold,4135733,2,False,1788804275.764969,
unbound,expired,test.test-expired.example,cold,3031748,2,False,1788804275.7680616,
unbound,expired,test.test-expired.example,cold,3351307,2,False,1788804275.771497,
unbound,expired,test.test-expired.example,cold,3132226,2,False,1788804275.7747087,
unbound,expired,test.test-expired.example,cold,3721602,2,False,1788804275.7785277,
unbound,expired,test.test-expired.example,cold,3033073,2,False,1788804275.7816236,
unbound,expired,test.test-expired.example,cold,2975158,2,False,1788804275.7846732,
unbound,expired,test.test-expired.example,cold,3144214,2,False,1788804275.7878788,
unbound,expired,test.test-expired.example,cold,3227051,2,False,1788804275.7911847,
unbound,expired,test.test-expired.example,cold,4460224,2,False,1788804275.7957447,
unbound,expired,test.test-expired.example,cold,4138664,2,False,1788804275.7999537,
unbound,expired,test.test-expired.example,cold,3891197,2,False,1788804275.8039246,
unbound,expired,test.test-expired.example,cold,5253555,2,False,1788804275.809245,
unbound,expired,test.test-expired.example,cold,3327300,2,False,1788804275.812636,
unbound,expired,test.test-expired.example,cold,3118407,2,False,1788804275.815825,
unbound,expired,test.test-expired.example,cold,3181334,2,False,1788804275.8190799,
unbound,expired,test.test-expired.example,cold,3022639,2,False,1788804275.822158,
unbound,expired,test.test-expired.example,cold,3466182,2,False,1788804275.825703,
unbound,expired,test.test-expired.example,cold,3411933,2,False,1788804275.8291817,
unbound,expired,test.test-expired.example,cold,2930622,2,False,1788804275.832181,
unbound,expired,test.test-expired.example,cold,3325936,2,False,1788804275.8355856,
unbound,expired,test.test-expired.example,cold,5274427,2,False,1788804275.840954,
unbound,expired,test.test-expired.example,cold,4288288,2,False,1788804275.84533,
unbound,expired,test.test-expired.example,cold,3282695,2,False,1788804275.8488555,
unbound,expired,test.test-expired.example,cold,3212474,2,False,1788804275.8521428,
unbound,expired,test.test-expired.example,cold,3274971,2,False,1788804275.8554928,
unbound,expired,test.test-expired.example,cold,3483314,2,False,1788804275.8590696,
unbound,expired,test.test-expired.example,cold,4127240,2,False,1788804275.8632698,
unbound,expired,test.test-expired.example,cold,3021299,2,False,1788804275.8663595,
unbound,expired,test.test-expired.example,cold,3444231,2,False,1788804275.8698845,
unbound,expired,test.test-expired.example,cold,3033488,2,False,1788804275.872993,
unbound,expired,test.test-expired.example,cold,3068029,2,False,1788804275.8761277,
unbound,expired,test.test-expired.example,cold,3226619,2,False,1788804275.879412,
unbound,expired,test.test-expired.example,cold,3102923,2,False,1788804275.882571,
unbound,expired,test.test-expired.example,cold,3432412,2,False,1788804275.886063,
unbound,expired,test.test-expired.example,cold,4052654,2,False,1788804275.8901832,
unbound,expired,test.test-expired.example,cold,3097079,2,False,1788804275.8933492,
unbound,expired,test.test-expired.example,cold,3148433,2,False,1788804275.8965597,
unbound,expired,test.test-expired.example,cold,2905362,2,False,1788804275.8995318,
unbound,expired,test.test-expired.example,cold,3242513,2,False,1788804275.9028544,
unbound,expired,test.test-expired.example,cold,3021615,2,False,1788804275.9059339,
unbound,expired,test.test-expired.example,cold,2908301,2,False,1788804275.9089153,
unbound,expired,test.test-expired.example,cold,2932217,2,False,1788804275.9119127,
unbound,expired,test.test-expired.example,cold,3150165,2,False,1788804275.9151266,
unbound,expired,test.test-expired.example,cold,4451671,2,False,1788804275.9196494,
unbound,expired,test.test-expired.example,cold,4118852,2,False,1788804275.9239507,
unbound,expired,test.test-expired.example,cold,3188770,2,False,1788804275.9272,
unbound,expired,test.test-expired.example,cold,3117411,2,False,1788804275.9303923,
unbound,expired,test.test-expired.example,cold,3688154,2,False,1788804275.9341478,
unbound,expired,test.test-expired.example,cold,3276346,2,False,1788804275.9374878,
unbound,expired,test.test-expired.example,cold,5015513,2,False,1788804275.9425912,
unbound,expired,test.test-expired.example,cold,3102800,2,False,1788804275.945759,
unbound,expired,test.test-expired.example,cold,3287488,2,False,1788804275.94911,
unbound,expired,test.test-expired.example,cold,3157991,2,False,1788804275.9523478,
unbound,expired,test.test-expired.example,cold,3080714,2,False,1788804275.9555295,
unbound,expired,test.test-expired.example,cold,3085211,2,False,1788804275.9586809,
unbound,expired,test.test-expired.example,cold,3117003,2,False,1788804275.9618585,
unbound,expired,test.test-expired.example,cold,3396651,2,False,1788804275.9653356,
unbound,expired,test.test-expired.example,cold,3715662,2,False,1788804275.9691281,
unbound,expired,test.test-expired.example,cold,3267900,2,False,1788804275.972539,
unbound,expired,test.test-expired.example,cold,2997375,2,False,1788804275.97562,
unbound,expired,test.test-expired.example,cold,3007939,2,False,1788804275.9787064,
unbound,expired,test.test-expired.example,cold,3298890,2,False,1788804275.982059,
unbound,expired,test.test-expired.example,cold,3135493,2,False,1788804275.9852705,
unbound,expired,test.test-expired.example,cold,3156034,2,False,1788804275.988482,
unbound,expired,test.test-expired.example,cold,2975251,2,False,1788804275.9915342,
unbound,expired,test.test-expired.example,cold,3105804,2,False,1788804275.9947073,
unbound,expired,test.test-expired.example,cold,3844618,2,False,1788804275.9986372,
unbound,expired,test.test-expired.example,cold,3909240,2,False,1788804276.0026512,
unbound,expired,test.test-expired.example,cold,3351991,2,False,1788804276.0060718,
unbound,expired,test.test-expired.example,cold,2961608,2,False,1788804276.009113,
unbound,expired,test.test-expired.example,cold,3092976,2,False,1788804276.0122836,
unbound,expired,test.test-expired.example,cold,3000531,2,False,1788804276.0153549,
unbound,expired,test.test-expired.example,cold,3583499,2,False,1788804276.0190005,
unbound,expired,test.test-expired.example,cold,3582045,2,False,1788804276.0226753,
unbound,expired,test.test-expired.example,cold,3157280,2,False,1788804276.025893,
unbound,expired,test.test-expired.example,cold,3144038,2,False,1788804276.0291085,
unbound,expired,test.test-expired.example,cold,2953761,2,False,1788804276.0321348,
unbound,expired,test.test-expired.example,cold,3159598,2,False,1788804276.0353584,
unbound,expired,test.test-expired.example,cold,2925392,2,False,1788804276.0383413,
unbound,expired,test.test-expired.example,cold,3179869,2,False,1788804276.041599,
unbound,expired,test.test-expired.example,cold,3042631,2,False,1788804276.0447145,
unbound,expired,test.test-expired.example,cold,3455862,2,False,1788804276.048243,
unbound,expired,test.test-expired.example,cold,3611929,2,False,1788804276.0519497,
unbound,expired,test.test-expired.example,cold,2985068,2,False,1788804276.0549986,
unbound,expired,test.test-expired.example,cold,3337578,2,False,1788804276.0584028,
unbound,expired,test.test-expired.example,cold,3125083,2,False,1788804276.061595,
unbound,expired,test.test-expired.example,cold,3130336,2,False,1788804276.0647988,
unbound,expired,test.test-expired.example,cold,3028192,2,False,1788804276.0679154,
unbound,expired,test.test-expired.example,cold,3284998,2,False,1788804276.0712535,
unbound,expired,test.test-expired.example,cold,3204632,2,False,1788804276.0745375,
unbound,expired,test.test-expired.example,cold,3364507,2,False,1788804276.0779624,
unbound,expired,test.test-expired.example,cold,3839641,2,False,1788804276.0818977,
unbound,expired,test.test-expired.example,cold,3549757,2,False,1788804276.0855372,
unbound,expired,test.test-expired.example,cold,3148002,2,False,1788804276.0888073,
unbound,expired,test.test-expired.example,cold,2939094,2,False,1788804276.0918288,
unbound,expired,test.test-expired.example,cold,3152047,2,False,1788804276.0950482,
unbound,expired,test.test-expired.example,cold,5135261,2,False,1788804276.10026,
unbound,expired,test.test-expired.example,cold,3700824,2,False,1788804276.1040254,
unbound,expired,test.test-expired.example,cold,3893392,2,False,1788804276.1079795,
unbound,expired,test.test-expired.example,cold,3238399,2,False,1788804276.111281,
unbound,expired,test.test-expired.example,cold,2964175,2,False,1788804276.1143086,
unbound,expired,test.test-expired.example,cold,3061660,2,False,1788804276.1174512,
unbound,expired,test.test-expired.example,cold,3121107,2,False,1788804276.1206472,
unbound,expired,test.test-expired.example,cold,3076666,2,False,1788804276.1237986,
unbound,expired,test.test-expired.example,cold,3076013,2,False,1788804276.126947,
unbound,expired,test.test-expired.example,cold,3178492,2,False,1788804276.1302073,
unbound,expired,test.test-expired.example,cold,3210063,2,False,1788804276.133498,
unbound,expired,test.test-expired.example,cold,3101553,2,False,1788804276.1366677,
unbound,expired,test.test-expired.example,cold,2981282,2,False,1788804276.1397288,
unbound,expired,test.test-expired.example,cold,3801879,2,False,1788804276.1436245,
unbound,expired,test.test-expired.example,cold,4275501,2,False,1788804276.1480305,
unbound,expired,test.test-expired.example,cold,4711356,2,False,1788804276.152835,
unbound,expired,test.test-expired.example,cold,6726055,2,False,1788804276.1597452,
unbound,expired,test.test-expired.example,cold,5449252,2,False,1788804276.1654072,
unbound,expired,test.test-expired.example,cold,4818959,2,False,1788804276.170397,
unbound,expired,test.test-expired.example,cold,3332244,2,False,1788804276.173833,
unbound,expired,test.test-expired.example,cold,3464948,2,False,1788804276.1773806,
unbound,expired,test.test-expired.example,cold,3627343,2,False,1788804276.181068,
unbound,expired,test.test-expired.example,cold,4636117,2,False,1788804276.18578,
unbound,expired,test.test-expired.example,cold,4131308,2,False,1788804276.1899815,
unbound,expired,test.test-expired.example,cold,3374821,2,False,1788804276.1934454,
unbound,expired,test.test-expired.example,cold,4960561,2,False,1788804276.1986167,
unbound,expired,test.test-expired.example,cold,3726745,2,False,1788804276.2024198,
unbound,expired,test.test-expired.example,cold,3014741,2,False,1788804276.2055073,
unbound,expired,test.test-expired.example,cold,3688782,2,False,1788804276.2092826,
unbound,expired,test.test-expired.example,cold,3848848,2,False,1788804276.2132168,
unbound,expired,test.test-expired.example,cold,3614993,2,False,1788804276.2169185,
unbound,expired,test.test-expired.example,cold,3239901,2,False,1788804276.2202356,
unbound,expired,test.test-expired.example,cold,2954562,2,False,1788804276.2232673,
unbound,expired,test.test-expired.example,cold,2982685,2,False,1788804276.226329,
unbound,expired,test.test-expired.example,cold,3037728,2,False,1788804276.2294395,
unbound,expired,test.test-expired.example,cold,3276448,2,False,1788804276.2327795,
unbound,expired,test.test-expired.example,cold,2925214,2,False,1788804276.235775,
unbound,expired,test.test-expired.example,cold,4814875,2,False,1788804276.2406712,
unbound,expired,test.test-expired.example,cold,4374675,2,False,1788804276.245148,
unbound,expired,test.test-expired.example,cold,2980313,2,False,1788804276.2482197,
unbound,expired,test.test-expired.example,cold,3178467,2,False,1788804276.2514641,
unbound,expired,test.test-expired.example,cold,3163587,2,False,1788804276.2546928,
unbound,expired,test.test-expired.example,cold,3334039,2,False,1788804276.2580986,
unbound,expired,test.test-expired.example,cold,3470608,2,False,1788804276.2616603,
unbound,expired,test.test-expired.example,cold,3121500,2,False,1788804276.264844,
unbound,expired,test.test-expired.example,cold,3057610,2,False,1788804276.2679663,
unbound,expired,test.test-expired.example,cold,3043479,2,False,1788804276.2710853,
unbound,expired,test.test-expired.example,cold,3008222,2,False,1788804276.2741692,
unbound,expired,test.test-expired.example,cold,2915158,2,False,1788804276.2771466,
unbound,expired,test.test-expired.example,cold,2965922,2,False,1788804276.280193,
unbound,expired,test.test-expired.example,cold,2971651,2,False,1788804276.283226,
unbound,expired,test.test-expired.example,cold,3021396,2,False,1788804276.2863216,
unbound,expired,test.test-expired.example,cold,3626066,2,False,1788804276.2900026,
unbound,expired,test.test-expired.example,cold,3107564,2,False,1788804276.2931821,
unbound,expired,test.test-expired.example,cold,3017681,2,False,1788804276.2962916,
unbound,expired,test.test-expired.example,cold,3106132,2,False,1788804276.2994745,
unbound,expired,test.test-expired.example,cold,3250898,2,False,1788804276.3028042,
unbound,expired,test.test-expired.example,cold,3116338,2,False,1788804276.305975,
unbound,expired,test.test-expired.example,cold,3121952,2,False,1788804276.3091643,
unbound,expired,test.test-expired.example,cold,4041318,2,False,1788804276.3132772,
unbound,expired,test.test-expired.example,cold,4808481,2,False,1788804276.3181605,
unbound,expired,test.test-expired.example,cold,5571171,2,False,1788804276.323913,
unbound,expired,test.test-expired.example,cold,3781819,2,False,1788804276.3278134,
unbound,expired,test.test-expired.example,cold,2952469,2,False,1788804276.3308547,
unbound,expired,test.test-expired.example,cold,2908726,2,False,1788804276.3338332,
unbound,expired,test.test-expired.example,cold,5598854,2,False,1788804276.3395047,
unbound,expired,test.test-expired.example,cold,3338660,2,False,1788804276.342913,
unbound,expired,test.test-expired.example,cold,2918228,2,False,1788804276.3459044,
unbound,expired,test.test-expired.example,cold,2952488,2,False,1788804276.348934,
unbound,expired,test.test-expired.example,cold,2907100,2,False,1788804276.351909,
unbound,expired,test.test-expired.example,cold,2986435,2,False,1788804276.3549643,
unbound,expired,test.test-expired.example,cold,3099660,2,False,1788804276.3581357,
unbound,expired,test.test-expired.example,cold,3076373,2,False,1788804276.3612902,
unbound,expired,test.test-expired.example,cold,2868353,2,False,1788804276.364228,
unbound,expired,test.test-expired.example,cold,2944947,2,False,1788804276.367256,
unbound,expired,test.test-expired.example,cold,4515172,2,False,1788804276.3718333,
unbound,expired,test.test-expired.example,cold,3102539,2,False,1788804276.375016,
unbound,expired,test.test-expired.example,cold,3127361,2,False,1788804276.378218,
unbound,expired,test.test-expired.example,cold,3100665,2,False,1788804276.3813777,
unbound,expired,test.test-expired.example,cold,3175849,2,False,1788804276.384613,
unbound,expired,test.test-expired.example,cold,3058967,2,False,1788804276.3877397,
unbound,expired,test.test-expired.example,cold,3158494,2,False,1788804276.3909845,
unbound,expired,test.test-expired.example,cold,3023298,2,False,1788804276.394066,
unbound,expired,test.test-expired.example,cold,3774528,2,False,1788804276.3979137,
unbound,expired,test.test-expired.example,cold,3575518,2,False,1788804276.4015927,
unbound,expired,test.test-expired.example,cold,4169890,2,False,1788804276.4058614,
unbound,expired,test.test-expired.example,cold,3183757,2,False,1788804276.409119,
unbound,expired,test.test-expired.example,cold,3114489,2,False,1788804276.4123044,
unbound,expired,test.test-expired.example,cold,2935347,2,False,1788804276.4152994,
unbound,expired,test.test-expired.example,cold,3346725,2,False,1788804276.418702,
unbound,expired,test.test-expired.example,cold,3630990,2,False,1788804276.422403,
unbound,expired,test.test-expired.example,cold,3478779,2,False,1788804276.4259622,
unbound,expired,test.test-expired.example,cold,3309332,2,False,1788804276.4293392,
unbound,expired,test.test-expired.example,cold,3147196,2,False,1788804276.432567,
unbound,expired,test.test-expired.example,cold,3321304,2,False,1788804276.4359531,
unbound,expired,test.test-expired.example,cold,3136299,2,False,1788804276.4391782,
unbound,expired,test.test-expired.example,cold,3017945,2,False,1788804276.4422727,
unbound,expired,test.test-expired.example,cold,2975803,2,False,1788804276.4453068,
unbound,expired,test.test-expired.example,cold,3172982,2,False,1788804276.4485617,
unbound,expired,test.test-expired.example,cold,3601682,2,False,1788804276.45225,
unbound,expired,test.test-expired.example,cold,3370422,2,False,1788804276.4556808,
unbound,expired,test.test-expired.example,cold,3246639,2,False,1788804276.4589832,
unbound,expired,test.test-expired.example,cold,3092589,2,False,1788804276.4621384,
unbound,expired,test.test-expired.example,cold,3894895,2,False,1788804276.4661188,
unbound,expired,test.test-expired.example,cold,3317669,2,False,1788804276.4695227,
unbound,expired,test.test-expired.example,cold,3142265,2,False,1788804276.472727,
unbound,expired,test.test-expired.example,cold,3141021,2,False,1788804276.4759312,
unbound,expired,test.test-expired.example,cold,4761945,2,False,1788804276.4807618,
unbound,expired,test.test-expired.example,cold,4522234,2,False,1788804276.4853594,
unbound,expired,test.test-expired.example,cold,3269380,2,False,1788804276.4887037,
unbound,expired,test.test-expired.example,cold,2986611,2,False,1788804276.491782,
unbound,expired,test.test-expired.example,cold,3118037,2,False,1788804276.49498,
unbound,expired,test.test-expired.example,cold,3255919,2,False,1788804276.4982991,
unbound,expired,test.test-expired.example,cold,3662000,2,False,1788804276.5020516,
unbound,expired,test.test-expired.example,cold,3279120,2,False,1788804276.5054116,
unbound,expired,test.test-expired.example,cold,3037574,2,False,1788804276.5085094,
unbound,expired,test.test-expired.example,cold,3153207,2,False,1788804276.5117455,
unbound,expired,test.test-expired.example,cold,3102644,2,False,1788804276.5149255,
unbound,expired,test.test-expired.example,cold,3236288,2,False,1788804276.518223,
unbound,expired,test.test-expired.example,cold,2994395,2,False,1788804276.521294,
unbound,expired,test.test-expired.example,cold,3162072,2,False,1788804276.5245268,
unbound,expired,test.test-expired.example,cold,3079273,2,False,1788804276.5276651,
unbound,expired,test.test-expired.example,cold,3576151,2,False,1788804276.5313177,
unbound,expired,test.test-expired.example,cold,3343371,2,False,1788804276.5347195,
unbound,expired,test.test-expired.example,cold,3350147,2,False,1788804276.5381472,
unbound,expired,test.test-expired.example,cold,3057349,2,False,1788804276.5412686,
unbound,expired,test.test-expired.example,cold,2910664,2,False,1788804276.5442386,
unbound,expired,test.test-expired.example,cold,3177197,2,False,1788804276.5474868,
unbound,expired,test.test-expired.example,cold,3070544,2,False,1788804276.550618,
unbound,expired,test.test-expired.example,cold,3072611,2,False,1788804276.5537696,
unbound,expired,test.test-expired.example,cold,3331075,2,False,1788804276.5571775,
unbound,expired,test.test-expired.example,cold,4578828,2,False,1788804276.5618324,
unbound,expired,test.test-expired.example,cold,4915302,2,False,1788804276.566829,
unbound,expired,test.test-expired.example,cold,3589550,2,False,1788804276.5705864,
unbound,expired,test.test-expired.example,cold,3025981,2,False,1788804276.5736818,
unbound,expired,test.test-expired.example,cold,3161742,2,False,1788804276.5769167,
unbound,expired,test.test-expired.example,cold,3530175,2,False,1788804276.580516,
unbound,expired,test.test-expired.example,cold,3917065,2,False,1788804276.5845196,
unbound,expired,test.test-expired.example,cold,2985107,2,False,1788804276.5875907,
unbound,expired,test.test-expired.example,cold,3343022,2,False,1788804276.5909896,
unbound,expired,test.test-expired.example,cold,3431931,2,False,1788804276.594478,
unbound,expired,test.test-expired.example,cold,3110679,2,False,1788804276.597661,
unbound,expired,test.test-expired.example,cold,3217222,2,False,1788804276.600936,
unbound,expired,test.test-expired.example,cold,3074421,2,False,1788804276.6040916,
unbound,expired,test.test-expired.example,cold,3047184,2,False,1788804276.6071951,
unbound,expired,test.test-expired.example,cold,3691694,2,False,1788804276.6109414,
unbound,expired,test.test-expired.example,cold,3219525,2,False,1788804276.6142185,
unbound,expired,test.test-expired.example,cold,3564081,2,False,1788804276.6178443,
unbound,expired,test.test-expired.example,cold,3629026,2,False,1788804276.6215649,
unbound,expired,test.test-expired.example,cold,3639886,2,False,1788804276.6252728,
unbound,expired,test.test-expired.example,cold,3270636,2,False,1788804276.6286297,
unbound,expired,test.test-expired.example,cold,2989107,2,False,1788804276.6316812,
unbound,expired,test.test-expired.example,cold,3479779,2,False,1788804276.635221,
unbound,expired,test.test-expired.example,cold,3229911,2,False,1788804276.6385076,
unbound,expired,test.test-expired.example,cold,3189232,2,False,1788804276.6417522,
unbound,expired,test.test-expired.example,cold,3428454,2,False,1788804276.645244,
unbound,expired,test.test-expired.example,cold,3083448,2,False,1788804276.6483908,
unbound,expired,test.test-expired.example,cold,3260427,2,False,1788804276.6517653,
unbound,expired,test.test-expired.example,cold,3478524,2,False,1788804276.6553009,
unbound,expired,test.test-expired.example,cold,3174538,2,False,1788804276.6585524,
unbound,expired,test.test-expired.example,cold,3527351,2,False,1788804276.6621683,
unbound,expired,test.test-expired.example,cold,3246986,2,False,1788804276.6654809,
unbound,expired,test.test-expired.example,cold,3221735,2,False,1788804276.6687698,
unbound,expired,test.test-expired.example,cold,4245407,2,False,1788804276.6730824,
unbound,expired,test.test-expired.example,cold,3730794,2,False,1788804276.6769075,
unbound,expired,test.test-expired.example,cold,3518686,2,False,1788804276.6805067,
unbound,expired,test.test-expired.example,cold,2909350,2,False,1788804276.6834967,
unbound,expired,test.test-expired.example,cold,3171321,2,False,1788804276.686724,
unbound,expired,test.test-expired.example,cold,3499148,2,False,1788804276.6902857,
unbound,expired,test.test-expired.example,cold,3351967,2,False,1788804276.6937218,
unbound,expired,test.test-expired.example,cold,2978583,2,False,1788804276.6967564,
unbound,expired,test.test-expired.example,cold,2926123,2,False,1788804276.69976,
unbound,expired,test.test-expired.example,cold,3124494,2,False,1788804276.702944,
unbound,expired,test.test-expired.example,cold,3236414,2,False,1788804276.7062433,
unbound,expired,test.test-expired.example,cold,2952507,2,False,1788804276.7092495,
unbound,expired,test.test-expired.example,cold,2902387,2,False,1788804276.712204,
unbound,expired,test.test-expired.example,cold,3140400,2,False,1788804276.715396,
unbound,expired,test.test-expired.example,cold,5659020,2,False,1788804276.7211146,
unbound,expired,test.test-expired.example,cold,4151612,2,False,1788804276.7253497,
unbound,expired,test.test-expired.example,cold,3193319,2,False,1788804276.728603,
unbound,expired,test.test-expired.example,cold,2973928,2,False,1788804276.7316613,
unbound,expired,test.test-expired.example,cold,3301967,2,False,1788804276.7350216,
unbound,expired,test.test-expired.example,cold,3359283,2,False,1788804276.7384448,
unbound,expired,test.test-expired.example,cold,4262900,2,False,1788804276.7427776,
unbound,expired,test.test-expired.example,cold,3366747,2,False,1788804276.7462275,
unbound,expired,test.test-expired.example,cold,3278297,2,False,1788804276.7495759,
unbound,expired,test.test-expired.example,cold,3013890,2,False,1788804276.7526658,
unbound,expired,test.test-expired.example,cold,3040416,2,False,1788804276.755765,
unbound,expired,test.test-expired.example,cold,2953874,2,False,1788804276.7587767,
unbound,expired,test.test-expired.example,cold,3245324,2,False,1788804276.7620916,
unbound,expired,test.test-expired.example,cold,3074593,2,False,1788804276.7652295,
unbound,expired,test.test-expired.example,cold,3016716,2,False,1788804276.7683034,
unbound,expired,test.test-expired.example,cold,4026583,2,False,1788804276.7723975,
unbound,expired,test.test-expired.example,cold,4012120,2,False,1788804276.7765398,
unbound,expired,test.test-expired.example,cold,3513666,2,False,1788804276.7801397,
unbound,expired,test.test-expired.example,cold,3403951,2,False,1788804276.7836077,
unbound,expired,test.test-expired.example,cold,3695664,2,False,1788804276.7873683,
unbound,expired,test.test-expired.example,cold,3151136,2,False,1788804276.790593,
unbound,expired,test.test-expired.example,cold,3257368,2,False,1788804276.7939146,
unbound,expired,test.test-expired.example,cold,4184521,2,False,1788804276.7981567,
unbound,expired,test.test-expired.example,cold,4128571,2,False,1788804276.8023744,
unbound,expired,test.test-expired.example,cold,3664497,2,False,1788804276.8061156,
unbound,expired,test.test-expired.example,cold,3264672,2,False,1788804276.8094442,
unbound,expired,test.test-expired.example,cold,3350931,2,False,1788804276.812857,
unbound,expired,test.test-expired.example,cold,3826818,2,False,1788804276.8168032,
unbound,expired,test.test-expired.example,cold,6197228,2,False,1788804276.8230774,
unbound,expired,test.test-expired.example,cold,6675214,2,False,1788804276.8298714,
unbound,expired,test.test-expired.example,cold,9818893,2,False,1788804276.8397932,
unbound,expired,test.test-expired.example,cold,6637106,2,False,1788804276.846547,
unbound,expired,test.test-expired.example,cold,9194065,2,False,1788804276.855857,
unbound,expired,test.test-expired.example,cold,5570521,2,False,1788804276.8615563,
unbound,expired,test.test-expired.example,cold,5399044,2,False,1788804276.8671155,
unbound,expired,test.test-expired.example,cold,4337828,2,False,1788804276.871555,
unbound,expired,test.test-expired.example,cold,4439396,2,False,1788804276.876079,
unbound,expired,test.test-expired.example,cold,5232307,2,False,1788804276.881402,
unbound,expired,test.test-expired.example,cold,5411713,2,False,1788804276.886897,
unbound,expired,test.test-expired.example,cold,4493144,2,False,1788804276.891478,
unbound,expired,test.test-expired.example,cold,3752494,2,False,1788804276.8952942,
unbound,expired,test.test-expired.example,cold,4084673,2,False,1788804276.8994591,
unbound,expired,test.test-expired.example,cold,3641896,2,False,1788804276.9031684,
unbound,expired,test.test-expired.example,cold,3605996,2,False,1788804276.9068644,
unbound,expired,test.test-expired.example,cold,3040886,2,False,1788804276.9099615,
unbound,expired,test.test-expired.example,cold,3322955,2,False,1788804276.9133646,
unbound,expired,test.test-expired.example,cold,3006228,2,False,1788804276.9164395,
unbound,expired,test.test-expired.example,cold,3056614,2,False,1788804276.9195757,
unbound,expired,test.test-expired.example,cold,3210891,2,False,1788804276.9228652,
unbound,expired,test.test-expired.example,cold,3287625,2,False,1788804276.9262218,
unbound,expired,test.test-expired.example,cold,3070130,2,False,1788804276.929364,
unbound,expired,test.test-expired.example,cold,4355182,2,False,1788804276.9338048,
unbound,expired,test.test-expired.example,cold,3180761,2,False,1788804276.9370701,
unbound,expired,test.test-expired.example,cold,3092998,2,False,1788804276.9402459,
unbound,expired,test.test-expired.example,cold,3053381,2,False,1788804276.943371,
unbound,expired,test.test-expired.example,cold,3273966,2,False,1788804276.9467225,
unbound,expired,test.test-expired.example,cold,3035951,2,False,1788804276.9498339,
unbound,expired,test.test-expired.example,cold,4408788,2,False,1788804276.9543047,
unbound,expired,test.test-expired.example,cold,3238443,2,False,1788804276.9576154,
unbound,expired,test.test-expired.example,cold,4444000,2,False,1788804276.9621487,
unbound,expired,test.test-expired.example,cold,3509353,2,False,1788804276.965749,
unbound,expired,test.test-expired.example,cold,3528656,2,False,1788804276.969361,
unbound,expired,test.test-expired.example,cold,3131795,2,False,1788804276.972561,
unbound,expired,test.test-expired.example,cold,3372383,2,False,1788804276.976009,
unbound,expired,test.test-expired.example,cold,4994513,2,False,1788804276.9810913,
unbound,expired,test.test-expired.example,cold,3618073,2,False,1788804276.9847918,
unbound,expired,test.test-expired.example,cold,3264223,2,False,1788804276.988136,
unbound,expired,test.test-expired.example,cold,3358597,2,False,1788804276.9915743,
unbound,expired,test.test-expired.example,cold,3137244,2,False,1788804276.9947894,
unbound,expired,test.test-expired.example,cold,3163635,2,False,1788804276.9980183,
unbound,expired,test.test-expired.example,cold,3206500,2,False,1788804277.0012882,
unbound,expired,test.test-expired.example,cold,2911331,2,False,1788804277.004265,
unbound,expired,test.test-expired.example,cold,3194139,2,False,1788804277.0075345,
unbound,expired,test.test-expired.example,cold,4103293,2,False,1788804277.0117073,
unbound,expired,test.test-expired.example,cold,3459090,2,False,1788804277.0152643,
unbound,expired,test.test-expired.example,cold,3183077,2,False,1788804277.018544,
unbound,expired,test.test-expired.example,cold,3078707,2,False,1788804277.0217052,
unbound,expired,test.test-expired.example,cold,3226917,2,False,1788804277.0250134,
unbound,expired,test.test-expired.example,cold,2946612,2,False,1788804277.0280254,
unbound,expired,test.test-expired.example,cold,3006929,2,False,1788804277.031105,
unbound,expired,test.test-expired.example,cold,3309777,2,False,1788804277.0344887,
unbound,expired,test.test-expired.example,cold,3462700,2,False,1788804277.0380268,
unbound,expired,test.test-expired.example,cold,3868913,2,False,1788804277.0419898,
unbound,expired,test.test-expired.example,cold,3952095,2,False,1788804277.0460145,
unbound,expired,test.test-expired.example,cold,3232030,2,False,1788804277.0493267,
unbound,expired,test.test-expired.example,cold,3377026,2,False,1788804277.052786,
unbound,expired,test.test-expired.example,cold,3108566,2,False,1788804277.0559926,
unbound,expired,test.test-expired.example,cold,3333984,2,False,1788804277.0594,
unbound,expired,test.test-expired.example,cold,4274271,2,False,1788804277.0637565,
unbound,expired,test.test-expired.example,cold,3063517,2,False,1788804277.0668876,
unbound,expired,test.test-expired.example,cold,3310358,2,False,1788804277.0702586,
unbound,expired,test.test-expired.example,cold,3420784,2,False,1788804277.073745,
unbound,expired,test.test-expired.example,cold,3156279,2,False,1788804277.0769818,
unbound,expired,test.test-expired.example,cold,3040269,2,False,1788804277.0800884,
unbound,expired,test.test-expired.example,cold,3026440,2,False,1788804277.08319,
unbound,expired,test.test-expired.example,cold,3257774,2,False,1788804277.0865183,
unbound,expired,test.test-expired.example,cold,3242774,2,False,1788804277.0898275,
unbound,expired,test.test-expired.example,cold,3822021,2,False,1788804277.093733,
unbound,expired,test.test-expired.example,cold,3232724,2,False,1788804277.0970285,
unbound,expired,test.test-expired.example,cold,3133690,2,False,1788804277.100253,
unbound,expired,test.test-expired.example,cold,3124523,2,False,1788804277.103461,
unbound,expired,test.test-expired.example,cold,3657806,2,False,1788804277.1072075,
unbound,expired,test.test-expired.example,cold,3268349,2,False,1788804277.1105416,
unbound,expired,test.test-expired.example,cold,2991475,2,False,1788804277.1136186,
unbound,expired,test.test-expired.example,cold,3280839,2,False,1788804277.1169765,
unbound,expired,test.test-expired.example,cold,4584486,2,False,1788804277.1216407,
unbound,expired,test.test-expired.example,cold,4160882,2,False,1788804277.1258845,
unbound,expired,test.test-expired.example,cold,3099070,2,False,1788804277.1290646,
unbound,expired,test.test-expired.example,cold,3075584,2,False,1788804277.1322167,
unbound,expired,test.test-expired.example,cold,3267620,2,False,1788804277.1355462,
unbound,expired,test.test-expired.example,cold,3169454,2,False,1788804277.138795,
unbound,expired,test.test-expired.example,cold,4276588,2,False,1788804277.143131,
unbound,expired,test.test-expired.example,cold,4914565,2,False,1788804277.1481571,
unbound,expired,test.test-expired.example,cold,5050987,2,False,1788804277.1533282,
unbound,expired,test.test-expired.example,cold,5343480,2,False,1788804277.1587586,
unbound,expired,test.test-expired.example,cold,4166765,2,False,1788804277.1630006,
unbound,expired,test.test-expired.example,cold,4894428,2,False,1788804277.1679652,
unbound,expired,test.test-expired.example,cold,6363175,2,False,1788804277.1747422,
unbound,expired,test.test-expired.example,cold,5876485,2,False,1788804277.1807284,
unbound,expired,test.test-expired.example,cold,4154558,2,False,1788804277.1849716,
unbound,expired,test.test-expired.example,cold,3604376,2,False,1788804277.1886473,
unbound,expired,test.test-expired.example,cold,3627788,2,False,1788804277.1923637,
unbound,expired,test.test-expired.example,cold,4693606,2,False,1788804277.197227,
unbound,expired,test.test-expired.example,cold,4244391,2,False,1788804277.2015586,
unbound,expired,test.test-expired.example,cold,4336398,2,False,1788804277.2060242,
unbound,expired,test.test-expired.example,cold,3521762,2,False,1788804277.2096126,
unbound,expired,test.test-expired.example,cold,4005678,2,False,1788804277.2137113,
unbound,expired,test.test-expired.example,cold,3570366,2,False,1788804277.2173793,
unbound,expired,test.test-expired.example,cold,3615294,2,False,1788804277.221092,
unbound,expired,test.test-expired.example,cold,5022585,2,False,1788804277.2262213,
unbound,expired,test.test-expired.example,cold,3403009,2,False,1788804277.2297661,
unbound,expired,test.test-expired.example,cold,5230430,2,False,1788804277.2351375,
unbound,expired,test.test-expired.example,cold,4550568,2,False,1788804277.2397835,
unbound,expired,test.test-expired.example,cold,5191776,2,False,1788804277.245074,
unbound,expired,test.test-expired.example,cold,4216939,2,False,1788804277.2493842,
unbound,expired,test.test-expired.example,cold,5115425,2,False,1788804277.2545977,
unbound,expired,test.test-expired.example,cold,5473102,2,False,1788804277.2601779,
unbound,expired,test.test-expired.example,cold,5269873,2,False,1788804277.265535,
unbound,expired,test.test-expired.example,cold,5919937,2,False,1788804277.2715368,
unbound,expired,test.test-expired.example,cold,3775850,2,False,1788804277.27542,
unbound,expired,test.test-expired.example,cold,3521902,2,False,1788804277.279022,
unbound,expired,test.test-expired.example,cold,6223369,2,False,1788804277.2853463,
unbound,expired,test.test-expired.example,cold,4099865,2,False,1788804277.2895477,
unbound,expired,test.test-expired.example,cold,5614790,2,False,1788804277.295297,
unbound,expired,test.test-expired.example,cold,4178542,2,False,1788804277.299563,
unbound,expired,test.test-expired.example,cold,5173730,2,False,1788804277.3048065,
unbound,expired,test.test-expired.example,cold,3359938,2,False,1788804277.3082447,
unbound,expired,test.test-expired.example,cold,3210902,2,False,1788804277.311526,
unbound,expired,test.test-expired.example,cold,3439496,2,False,1788804277.3150265,
unbound,expired,test.test-expired.example,cold,2994245,2,False,1788804277.3180935,
unbound,expired,test.test-expired.example,cold,3116179,2,False,1788804277.3212733,
unbound,expired,test.test-expired.example,cold,3236384,2,False,1788804277.3245862,
unbound,expired,test.test-expired.example,cold,2964663,2,False,1788804277.3276172,
unbound,expired,test.test-expired.example,cold,4191827,2,False,1788804277.3318822,
unbound,expired,test.test-expired.example,cold,3279574,2,False,1788804277.335219,
unbound,expired,test.test-expired.example,cold,3090095,2,False,1788804277.3383994,
unbound,expired,test.test-expired.example,cold,3242490,2,False,1788804277.3417032,
unbound,expired,test.test-expired.example,cold,3989862,2,False,1788804277.3457768,
unbound,expired,test.test-expired.example,cold,3606809,2,False,1788804277.3494833,
unbound,expired,test.test-expired.example,cold,3440130,2,False,1788804277.353002,
unbound,expired,test.test-expired.example,cold,3566553,2,False,1788804277.3566418,
unbound,expired,test.test-expired.example,cold,5729954,2,False,1788804277.3624468,
unbound,expired,test.test-expired.example,cold,3620485,2,False,1788804277.3661416,
unbound,expired,test.test-expired.example,cold,3257567,2,False,1788804277.369473,
unbound,expired,test.test-expired.example,cold,2965190,2,False,1788804277.3725107,
unbound,expired,test.test-expired.example,cold,3402056,2,False,1788804277.3759816,
unbound,expired,test.test-expired.example,cold,3299433,2,False,1788804277.3793547,
unbound,expired,test.test-expired.example,cold,3592948,2,False,1788804277.3830254,
unbound,expired,test.test-expired.example,cold,3529494,2,False,1788804277.386646,
unbound,expired,test.test-expired.example,cold,4671904,2,False,1788804277.3913996,
unbound,expired,test.test-expired.example,cold,3081543,2,False,1788804277.3945508,
unbound,expired,test.test-expired.example,cold,3168117,2,False,1788804277.3977983,
unbound,expired,test.test-expired.example,cold,2972841,2,False,1788804277.400842,
unbound,expired,test.test-expired.example,cold,3349931,2,False,1788804277.4042668,
unbound,expired,test.test-expired.example,cold,3177848,2,False,1788804277.4075253,
unbound,expired,test.test-expired.example,cold,3630621,2,False,1788804277.4112124,
unbound,expired,test.test-expired.example,cold,3021889,2,False,1788804277.4143138,
unbound,expired,test.test-expired.example,cold,3331351,2,False,1788804277.417725,
unbound,expired,test.test-expired.example,cold,2995215,2,False,1788804277.420795,
unbound,expired,test.test-expired.example,cold,3312319,2,False,1788804277.424176,
unbound,expired,test.test-expired.example,cold,3651139,2,False,1788804277.427887,
unbound,expired,test.test-expired.example,cold,3030640,2,False,1788804277.43101,
unbound,expired,test.test-expired.example,cold,3093272,2,False,1788804277.4341831,
unbound,expired,test.test-expired.example,cold,3812294,2,False,1788804277.4380848,
unbound,expired,test.test-expired.example,cold,3934546,2,False,1788804277.442159,
unbound,expired,test.test-expired.example,cold,4222930,2,False,1788804277.4464629,
unbound,expired,test.test-expired.example,cold,3633065,2,False,1788804277.4501686,
unbound,expired,test.test-expired.example,cold,3562665,2,False,1788804277.4538138,
unbound,expired,test.test-expired.example,cold,3627112,2,False,1788804277.4575276,
unbound,expired,test.test-expired.example,cold,3104970,2,False,1788804277.4606879,
unbound,expired,test.test-expired.example,cold,3800314,2,False,1788804277.464555,
unbound,expired,test.test-expired.example,cold,2969859,2,False,1788804277.467604,
unbound,expired,test.test-expired.example,cold,3088727,2,False,1788804277.4707658,
unbound,expired,test.test-expired.example,cold,3090254,2,False,1788804277.4739227,
unbound,expired,test.test-expired.example,cold,3195720,2,False,1788804277.4772015,
unbound,expired,test.test-expired.example,cold,2947868,2,False,1788804277.4802198,
unbound,expired,test.test-expired.example,cold,3059196,2,False,1788804277.4833598,
unbound,expired,test.test-expired.example,cold,3098807,2,False,1788804277.48653,
unbound,expired,test.test-expired.example,cold,3355661,2,False,1788804277.4899614,
unbound,expired,test.test-expired.example,cold,3669909,2,False,1788804277.4937158,
unbound,expired,test.test-expired.example,cold,2996759,2,False,1788804277.4967902,
unbound,expired,test.test-expired.example,cold,3013729,2,False,1788804277.4998775,
unbound,expired,test.test-expired.example,cold,3124470,2,False,1788804277.5030704,
unbound,expired,test.test-expired.example,cold,3009375,2,False,1788804277.5061584,
unbound,expired,test.test-expired.example,cold,3216115,2,False,1788804277.5094504,
unbound,expired,test.test-expired.example,cold,3029252,2,False,1788804277.5125544,
unbound,expired,test.test-expired.example,cold,3324359,2,False,1788804277.5159574,
unbound,expired,test.test-expired.example,cold,4361215,2,False,1788804277.5203981,
unbound,expired,test.test-expired.example,cold,4178710,2,False,1788804277.5246816,
unbound,expired,test.test-expired.example,cold,3180396,2,False,1788804277.5279205,
unbound,expired,test.test-expired.example,cold,3276237,2,False,1788804277.53126,
unbound,expired,test.test-expired.example,cold,3148240,2,False,1788804277.5344832,
unbound,expired,test.test-expired.example,cold,2904815,2,False,1788804277.5374603,
unbound,expired,test.test-expired.example,cold,3406913,2,False,1788804277.5409288,
unbound,expired,test.test-expired.example,cold,3522887,2,False,1788804277.5445223,
unbound,expired,test.test-expired.example,cold,3214179,2,False,1788804277.5478046,
unbound,expired,test.test-expired.example,cold,3170621,2,False,1788804277.551062,
unbound,expired,test.test-expired.example,cold,2997486,2,False,1788804277.554141,
unbound,expired,test.test-expired.example,cold,3071516,2,False,1788804277.55729,
unbound,expired,test.test-expired.example,cold,2932518,2,False,1788804277.5603096,
unbound,expired,test.test-expired.example,cold,3378127,2,False,1788804277.5637703,
unbound,expired,test.test-expired.example,cold,3165709,2,False,1788804277.5669985,
unbound,expired,test.test-expired.example,cold,3434423,2,False,1788804277.5705235,
unbound,expired,test.test-expired.example,cold,3704843,2,False,1788804277.5742977,
unbound,expired,test.test-expired.example,cold,3276648,2,False,1788804277.5776353,
unbound,expired,test.test-expired.example,cold,3104048,2,False,1788804277.5808,
unbound,expired,test.test-expired.example,cold,3190360,2,False,1788804277.584058,
unbound,expired,test.test-expired.example,cold,3171085,2,False,1788804277.5872862,
unbound,expired,test.test-expired.example,cold,3039310,2,False,1788804277.590406,
unbound,expired,test.test-expired.example,cold,3405962,2,False,1788804277.5938761,
unbound,expired,test.test-expired.example,cold,3350701,2,False,1788804277.5972967,
unbound,expired,test.test-expired.example,cold,4927096,2,False,1788804277.6023104,
unbound,expired,test.test-expired.example,cold,4994863,2,False,1788804277.6073918,
unbound,expired,test.test-expired.example,cold,3431483,2,False,1788804277.6108992,
unbound,expired,test.test-expired.example,cold,3684890,2,False,1788804277.6146605,
unbound,expired,test.test-expired.example,cold,3056551,2,False,1788804277.617784,
unbound,expired,test.test-expired.example,cold,3166448,2,False,1788804277.621017,
unbound,expired,test.test-expired.example,cold,5331718,2,False,1788804277.6264336,
unbound,expired,test.test-expired.example,cold,4356687,2,False,1788804277.6308842,
unbound,expired,test.test-expired.example,cold,5420046,2,False,1788804277.6363935,
unbound,expired,test.test-expired.example,cold,7626130,2,False,1788804277.6441474,
unbound,expired,test.test-expired.example,cold,3305374,2,False,1788804277.6475456,
unbound,expired,test.test-expired.example,cold,3412581,2,False,1788804277.6510303,
unbound,expired,test.test-expired.example,cold,3722582,2,False,1788804277.6548228,
unbound,expired,test.test-expired.example,cold,3243189,2,False,1788804277.6581337,
unbound,expired,test.test-expired.example,cold,3212047,2,False,1788804277.6614227,
unbound,expired,test.test-expired.example,cold,3938144,2,False,1788804277.6654396,
unbound,expired,test.test-expired.example,cold,4097786,2,False,1788804277.66962,
unbound,expired,test.test-expired.example,cold,3595383,2,False,1788804277.6732836,
unbound,expired,test.test-expired.example,cold,3520053,2,False,1788804277.6768703,
unbound,expired,test.test-expired.example,cold,4579213,2,False,1788804277.6815312,
unbound,expired,test.test-expired.example,cold,4276187,2,False,1788804277.6858962,
unbound,expired,test.test-expired.example,cold,3063457,2,False,1788804277.6890411,
unbound,expired,test.test-expired.example,cold,3065622,2,False,1788804277.692184,
unbound,expired,test.test-expired.example,cold,3210555,2,False,1788804277.6954715,
unbound,expired,test.test-expired.example,cold,2957178,2,False,1788804277.6985044,
unbound,expired,test.test-expired.example,cold,6436926,2,False,1788804277.7050197,
unbound,expired,test.test-expired.example,cold,3591076,2,False,1788804277.7086995,
unbound,expired,test.test-expired.example,cold,3126814,2,False,1788804277.7119,
unbound,expired,test.test-expired.example,cold,3592961,2,False,1788804277.7155545,
unbound,expired,test.test-expired.example,cold,4843276,2,False,1788804277.7204928,
unbound,expired,test.test-expired.example,cold,4893187,2,False,1788804277.7254834,
unbound,expired,test.test-expired.example,cold,3933245,2,False,1788804277.7294965,
unbound,expired,test.test-expired.example,cold,5024646,2,False,1788804277.7346148,
unbound,expired,test.test-expired.example,cold,4229473,2,False,1788804277.7389348,
unbound,expired,test.test-expired.example,cold,4133389,2,False,1788804277.743176,
unbound,expired,test.test-expired.example,cold,4585404,2,False,1788804277.747837,
unbound,expired,test.test-expired.example,cold,3629605,2,False,1788804277.7515786,
unbound,expired,test.test-expired.example,cold,4252360,2,False,1788804277.7559037,
unbound,expired,test.test-expired.example,cold,5225828,2,False,1788804277.7612884,
unbound,expired,test.test-expired.example,cold,4219348,2,False,1788804277.7656033,
unbound,expired,test.test-expired.example,cold,3174795,2,False,1788804277.76885,
unbound,expired,test.test-expired.example,cold,3074549,2,False,1788804277.7719963,
unbound,expired,test.test-expired.example,cold,3248285,2,False,1788804277.7753232,
unbound,expired,test.test-expired.example,cold,3007292,2,False,1788804277.7783911,
unbound,expired,test.test-expired.example,cold,3433495,2,False,1788804277.7819033,
unbound,expired,test.test-expired.example,cold,4327990,2,False,1788804277.7862968,
unbound,expired,test.test-expired.example,cold,2955882,2,False,1788804277.7893147,
unbound,expired,test.test-expired.example,cold,3124533,2,False,1788804277.7925007,
unbound,expired,test.test-expired.example,cold,4256604,2,False,1788804277.7968225,
unbound,expired,test.test-expired.example,cold,3357225,2,False,1788804277.80026,
unbound,expired,test.test-expired.example,cold,3169341,2,False,1788804277.803508,
unbound,expired,test.test-expired.example,cold,3014210,2,False,1788804277.806633,
unbound,expired,test.test-expired.example,cold,2898545,2,False,1788804277.8096,
unbound,expired,test.test-expired.example,cold,4550871,2,False,1788804277.81421,
unbound,expired,test.test-expired.example,cold,3126175,2,False,1788804277.8174121,
unbound,expired,test.test-expired.example,cold,3050784,2,False,1788804277.8205206,
unbound,expired,test.test-expired.example,cold,3080957,2,False,1788804277.8236647,
unbound,expired,test.test-expired.example,cold,3371225,2,False,1788804277.8271015,
unbound,expired,test.test-expired.example,cold,4334234,2,False,1788804277.8315268,
unbound,expired,test.test-expired.example,cold,5512307,2,False,1788804277.8371308,
unbound,expired,test.test-expired.example,cold,6459168,2,False,1788804277.8436766,
unbound,expired,test.test-expired.example,cold,4681387,2,False,1788804277.8484728,
unbound,expired,test.test-expired.example,cold,4495148,2,False,1788804277.8532264,
unbound,expired,test.test-expired.example,cold,5604339,2,False,1788804277.8590724,
unbound,expired,test.test-expired.example,cold,6279115,2,False,1788804277.8656235,
unbound,expired,test.test-expired.example,cold,4509279,2,False,1788804277.8704042,
unbound,expired,test.test-expired.example,cold,4006635,2,False,1788804277.874502,
unbound,expired,test.test-expired.example,cold,3180254,2,False,1788804277.8777566,
unbound,expired,test.test-expired.example,cold,3286659,2,False,1788804277.8811038,
unbound,expired,test.test-expired.example,cold,3012226,2,False,1788804277.8841991,
unbound,expired,test.test-expired.example,cold,3395295,2,False,1788804277.8876753,
unbound,expired,test.test-expired.example,cold,4081195,2,False,1788804277.8918426,
unbound,expired,test.test-expired.example,cold,3611085,2,False,1788804277.8955262,
unbound,expired,test.test-expired.example,cold,2997368,2,False,1788804277.8986003,
unbound,expired,test.test-expired.example,cold,3145187,2,False,1788804277.9018095,
unbound,expired,test.test-expired.example,cold,3948624,2,False,1788804277.9058394,
unbound,expired,test.test-expired.example,cold,3237670,2,False,1788804277.9091625,
unbound,expired,test.test-expired.example,cold,3051969,2,False,1788804277.912309,
unbound,expired,test.test-expired.example,cold,2899206,2,False,1788804277.9152846,
unbound,expired,test.test-expired.example,cold,3125463,2,False,1788804277.9184828,
unbound,expired,test.test-expired.example,cold,4554867,2,False,1788804277.9231155,
unbound,expired,test.test-expired.example,cold,3858130,2,False,1788804277.9270718,
unbound,expired,test.test-expired.example,cold,3179731,2,False,1788804277.9303381,
unbound,expired,test.test-expired.example,cold,3097343,2,False,1788804277.9335146,
unbound,expired,test.test-expired.example,cold,3134313,2,False,1788804277.9367292,
unbound,expired,test.test-expired.example,cold,3025224,2,False,1788804277.9398096,
unbound,expired,test.test-expired.example,cold,3440107,2,False,1788804277.9433098,
unbound,expired,test.test-expired.example,cold,3723004,2,False,1788804277.947122,
unbound,expired,test.test-expired.example,cold,2996790,2,False,1788804277.950181,
unbound,expired,test.test-expired.example,cold,3288260,2,False,1788804277.953546,
unbound,expired,test.test-expired.example,cold,3480053,2,False,1788804277.9571013,
unbound,expired,test.test-expired.example,cold,2907446,2,False,1788804277.960085,
unbound,expired,test.test-expired.example,cold,3033913,2,False,1788804277.963185,
unbound,expired,test.test-expired.example,cold,4418174,2,False,1788804277.967676,
unbound,expired,test.test-expired.example,cold,3413211,2,False,1788804277.9711888,
unbound,expired,test.test-expired.example,cold,4503455,2,False,1788804277.9757671,
unbound,expired,test.test-expired.example,cold,3749034,2,False,1788804277.979609,
unbound,expired,test.test-expired.example,cold,4048020,2,False,1788804277.9837413,
unbound,expired,test.test-expired.example,cold,4029526,2,False,1788804277.9878507,
unbound,expired,test.test-expired.example,cold,4084133,2,False,1788804277.9920928,
unbound,expired,test.test-expired.example,cold,3703607,2,False,1788804277.9959908,
unbound,expired,test.test-expired.example,cold,5024055,2,False,1788804278.0011072,
unbound,expired,test.test-expired.example,cold,4770083,2,False,1788804278.006089,
unbound,expired,test.test-expired.example,cold,4150648,2,False,1788804278.0103135,
unbound,expired,test.test-expired.example,cold,3592066,2,False,1788804278.013978,
unbound,expired,test.test-expired.example,cold,3756836,2,False,1788804278.0178022,
unbound,expired,test.test-expired.example,cold,3984755,2,False,1788804278.0218709,
unbound,expired,test.test-expired.example,cold,4931816,2,False,1788804278.0268877,
unbound,expired,test.test-expired.example,cold,4033675,2,False,1788804278.030994,
unbound,expired,test.test-expired.example,cold,3987103,2,False,1788804278.0350926,
unbound,expired,test.test-expired.example,cold,4159365,2,False,1788804278.0393257,
unbound,expired,test.test-expired.example,cold,3206085,2,False,1788804278.042648,
unbound,expired,test.test-expired.example,cold,3059318,2,False,1788804278.0457656,
unbound,expired,test.test-expired.example,cold,3103300,2,False,1788804278.0489259,
unbound,expired,test.test-expired.example,cold,3045954,2,False,1788804278.052029,
unbound,expired,test.test-expired.example,cold,3406331,2,False,1788804278.0555232,
unbound,expired,test.test-expired.example,cold,3010840,2,False,1788804278.0586174,
unbound,expired,test.test-expired.example,cold,2900505,2,False,1788804278.061573,
unbound,expired,test.test-expired.example,cold,3144573,2,False,1788804278.0647867,
unbound,expired,test.test-expired.example,cold,3100975,2,False,1788804278.0679502,
unbound,expired,test.test-expired.example,cold,3180600,2,False,1788804278.071209,
unbound,expired,test.test-expired.example,cold,2992216,2,False,1788804278.0742805,
unbound,expired,test.test-expired.example,cold,3257643,2,False,1788804278.077606,
unbound,expired,test.test-expired.example,cold,5219245,2,False,1788804278.082917,
unbound,expired,test.test-expired.example,cold,3564125,2,False,1788804278.0865636,
unbound,expired,test.test-expired.example,cold,3145017,2,False,1788804278.0897908,
unbound,expired,test.test-expired.example,cold,3479028,2,False,1788804278.0933518,
unbound,expired,test.test-expired.example,cold,4017578,2,False,1788804278.0974534,
unbound,expired,test.test-expired.example,cold,3868411,2,False,1788804278.1014013,
unbound,expired,test.test-expired.example,cold,3337791,2,False,1788804278.104803,
unbound,expired,test.test-expired.example,cold,4434123,2,False,1788804278.1093094,
unbound,expired,test.test-expired.example,cold,3406394,2,False,1788804278.1127865,
unbound,expired,test.test-expired.example,cold,3457492,2,False,1788804278.1163347,
unbound,expired,test.test-expired.example,cold,2950244,2,False,1788804278.1193902,
unbound,expired,test.test-expired.example,cold,3008801,2,False,1788804278.1224782,
unbound,expired,test.test-expired.example,cold,3217921,2,False,1788804278.1257586,
unbound,expired,test.test-expired.example,cold,3025061,2,False,1788804278.128864,
unbound,expired,test.test-expired.example,cold,3234669,2,False,1788804278.1321843,
unbound,expired,test.test-expired.example,cold,3012446,2,False,1788804278.1352704,
unbound,expired,test.test-expired.example,cold,3439906,2,False,1788804278.1387796,
unbound,expired,test.test-expired.example,cold,3412769,2,False,1788804278.1422822,
unbound,expired,test.test-expired.example,cold,2958696,2,False,1788804278.1453133,
unbound,expired,test.test-expired.example,cold,3180361,2,False,1788804278.1485662,
unbound,expired,test.test-expired.example,cold,2991981,2,False,1788804278.151621,
unbound,expired,test.test-expired.example,cold,3243260,2,False,1788804278.1549394,
unbound,expired,test.test-expired.example,cold,5139449,2,False,1788804278.1601424,
unbound,expired,test.test-expired.example,cold,3971124,2,False,1788804278.164186,
unbound,expired,test.test-expired.example,cold,3191928,2,False,1788804278.167461,
unbound,expired,test.test-expired.example,cold,5172681,2,False,1788804278.1727178,
unbound,expired,test.test-expired.example,cold,3093255,2,False,1788804278.1758795,
unbound,expired,test.test-expired.example,cold,3244643,2,False,1788804278.1792014,
unbound,expired,test.test-expired.example,cold,3138396,2,False,1788804278.1824083,
unbound,expired,test.test-expired.example,cold,3380337,2,False,1788804278.1858678,
unbound,expired,test.test-expired.example,cold,5174995,2,False,1788804278.191121,
unbound,expired,test.test-expired.example,cold,5902256,2,False,1788804278.1971169,
unbound,expired,test.test-expired.example,cold,4401160,2,False,1788804278.201604,
unbound,expired,test.test-expired.example,cold,9258941,2,False,1788804278.2109468,
unbound,expired,test.test-expired.example,cold,6685566,2,False,1788804278.2177339,
unbound,expired,test.test-expired.example,cold,4862455,2,False,1788804278.222679,
unbound,expired,test.test-expired.example,cold,4315586,2,False,1788804278.227057,
unbound,expired,test.test-expired.example,cold,3866118,2,False,1788804278.2309887,
unbound,expired,test.test-expired.example,cold,3544233,2,False,1788804278.2346113,
unbound,expired,test.test-expired.example,cold,3943878,2,False,1788804278.238631,
unbound,expired,test.test-expired.example,cold,3881668,2,False,1788804278.242617,
unbound,expired,test.test-expired.example,cold,4342095,2,False,1788804278.2470708,
unbound,expired,test.test-expired.example,cold,3124303,2,False,1788804278.2502754,
unbound,expired,test.test-expired.example,cold,2979369,2,False,1788804278.253322,
unbound,expired,test.test-expired.example,cold,3052061,2,False,1788804278.2564554,
unbound,expired,test.test-expired.example,cold,3041376,2,False,1788804278.2595837,
unbound,expired,test.test-expired.example,cold,3063553,2,False,1788804278.2627213,
unbound,expired,test.test-expired.example,cold,3395932,2,False,1788804278.266198,
unbound,expired,test.test-expired.example,cold,2938901,2,False,1788804278.2692006,
unbound,expired,test.test-expired.example,cold,3060958,2,False,1788804278.272325,
unbound,expired,test.test-expired.example,cold,4234863,2,False,1788804278.2766953,
unbound,expired,test.test-expired.example,cold,4303065,2,False,1788804278.2811887,
unbound,expired,test.test-expired.example,cold,4793698,2,False,1788804278.2860684,
unbound,expired,test.test-expired.example,cold,3162861,2,False,1788804278.2893193,
unbound,expired,test.test-expired.example,cold,3240793,2,False,1788804278.2926428,
unbound,expired,test.test-expired.example,cold,4514869,2,False,1788804278.2972739,
unbound,expired,test.test-expired.example,cold,3295678,2,False,1788804278.300644,
unbound,expired,test.test-expired.example,cold,3165725,2,False,1788804278.3039873,
unbound,expired,test.test-expired.example,cold,3062477,2,False,1788804278.3071105,
unbound,expired,test.test-expired.example,cold,3295046,2,False,1788804278.3104832,
unbound,expired,test.test-expired.example,cold,3273145,2,False,1788804278.3138266,
unbound,expired,test.test-expired.example,cold,3169792,2,False,1788804278.3170645,
unbound,expired,test.test-expired.example,cold,3404373,2,False,1788804278.320567,
unbound,expired,test.test-expired.example,cold,3944046,2,False,1788804278.3246105,
unbound,expired,test.test-expired.example,cold,3118618,2,False,1788804278.3278196,
unbound,expired,test.test-expired.example,cold,3058753,2,False,1788804278.3309379,
unbound,expired,test.test-expired.example,cold,3063087,2,False,1788804278.3340757,
unbound,expired,test.test-expired.example,cold,3358493,2,False,1788804278.3375127,
unbound,expired,test.test-expired.example,cold,3012182,2,False,1788804278.3405952,
unbound,expired,test.test-expired.example,cold,4435789,2,False,1788804278.3450904,
unbound,expired,test.test-expired.example,cold,3390244,2,False,1788804278.348563,
unbound,expired,test.test-expired.example,cold,2985172,2,False,1788804278.3516352,
unbound,expired,test.test-expired.example,cold,3246526,2,False,1788804278.3549433,
unbound,expired,test.test-expired.example,cold,3246285,2,False,1788804278.3582563,
unbound,expired,test.test-expired.example,cold,3037492,2,False,1788804278.3613615,
unbound,expired,test.test-expired.example,cold,3107540,2,False,1788804278.3645597,
unbound,expired,test.test-expired.example,cold,3327708,2,False,1788804278.367947,
unbound,expired,test.test-expired.example,cold,3067991,2,False,1788804278.3710866,
unbound,expired,test.test-expired.example,cold,4648391,2,False,1788804278.3758144,
unbound,expired,test.test-expired.example,cold,3759120,2,False,1788804278.379652,
unbound,expired,test.test-expired.example,cold,3954343,2,False,1788804278.3836784,
unbound,expired,test.test-expired.example,cold,3084926,2,False,1788804278.3868237,
unbound,expired,test.test-expired.example,cold,3091157,2,False,1788804278.3899858,
unbound,expired,test.test-expired.example,cold,2967113,2,False,1788804278.3930154,
unbound,expired,test.test-expired.example,cold,3076511,2,False,1788804278.3961654,
unbound,expired,test.test-expired.example,cold,4783752,2,False,1788804278.4011123,
unbound,expired,test.test-expired.example,cold,6285679,2,False,1788804278.4075286,
unbound,expired,test.test-expired.example,cold,4376434,2,False,1788804278.412006,
unbound,expired,test.test-expired.example,cold,4145687,2,False,1788804278.416237,
unbound,expired,test.test-expired.example,cold,3290835,2,False,1788804278.4196124,
unbound,expired,test.test-expired.example,cold,3130779,2,False,1788804278.4228277,
unbound,expired,test.test-expired.example,cold,3084408,2,False,1788804278.42599,
unbound,expired,test.test-expired.example,cold,3227789,2,False,1788804278.4292753,
unbound,expired,test.test-expired.example,cold,2894866,2,False,1788804278.4322424,
unbound,expired,test.test-expired.example,cold,3256112,2,False,1788804278.4355664,
unbound,expired,test.test-expired.example,cold,3249653,2,False,1788804278.4388773,
unbound,expired,test.test-expired.example,cold,3075767,2,False,1788804278.4420269,
unbound,expired,test.test-expired.example,cold,3129008,2,False,1788804278.4452195,
unbound,expired,test.test-expired.example,cold,3143339,2,False,1788804278.4484437,
unbound,expired,test.test-expired.example,cold,3280671,2,False,1788804278.4518037,
unbound,expired,test.test-expired.example,cold,3675087,2,False,1788804278.4555476,
unbound,expired,test.test-expired.example,cold,4886762,2,False,1788804278.4605122,
unbound,expired,test.test-expired.example,cold,3014216,2,False,1788804278.4636087,
unbound,expired,test.test-expired.example,cold,3075194,2,False,1788804278.4667487,
unbound,expired,test.test-expired.example,cold,3989043,2,False,1788804278.4707952,
unbound,expired,test.test-expired.example,cold,3168266,2,False,1788804278.474039,
unbound,expired,test.test-expired.example,cold,2978177,2,False,1788804278.4770865,
unbound,expired,test.test-expired.example,cold,5202630,2,False,1788804278.4823718,
unbound,expired,test.test-expired.example,cold,3928245,2,False,1788804278.486394,
unbound,expired,test.test-expired.example,cold,3175386,2,False,1788804278.489654,
unbound,expired,test.test-expired.example,cold,2999595,2,False,1788804278.492735,
unbound,expired,test.test-expired.example,cold,2984020,2,False,1788804278.4957993,
unbound,expired,test.test-expired.example,cold,3516838,2,False,1788804278.499395,
unbound,expired,test.test-expired.example,cold,3221222,2,False,1788804278.5026834,
unbound,expired,test.test-expired.example,cold,3662166,2,False,1788804278.506411,
unbound,expired,test.test-expired.example,cold,3021701,2,False,1788804278.509508,
unbound,expired,test.test-expired.example,cold,3023618,2,False,1788804278.5126047,
unbound,expired,test.test-expired.example,cold,3372944,2,False,1788804278.5160394,
unbound,expired,test.test-expired.example,cold,3114933,2,False,1788804278.5192158,
unbound,expired,test.test-expired.example,cold,3498301,2,False,1788804278.5227978,
unbound,expired,test.test-expired.example,cold,3000419,2,False,1788804278.5258808,
unbound,expired,test.test-expired.example,cold,2980843,2,False,1788804278.5289674,
unbound,expired,test.test-expired.example,cold,3036168,2,False,1788804278.5320706,
unbound,expired,test.test-expired.example,cold,3469711,2,False,1788804278.5356197,
unbound,expired,test.test-expired.example,cold,3316790,2,False,1788804278.5390074,
unbound,expired,test.test-expired.example,cold,3018157,2,False,1788804278.5420935,
unbound,expired,test.test-expired.example,cold,2986621,2,False,1788804278.545155,
unbound,expired,test.test-expired.example,cold,3036243,2,False,1788804278.5482569,
unbound,expired,test.test-expired.example,cold,3182164,2,False,1788804278.5515113,
unbound,expired,test.test-expired.example,cold,3058974,2,False,1788804278.554634,
unbound,expired,test.test-expired.example,cold,3065189,2,False,1788804278.5577958,
unbound,expired,test.test-expired.example,cold,4670273,2,False,1788804278.5625532,
unbound,expired,test.test-expired.example,cold,3438775,2,False,1788804278.5660813,
unbound,expired,test.test-expired.example,cold,4148819,2,False,1788804278.5703123,
unbound,expired,test.test-expired.example,cold,3311086,2,False,1788804278.5737238,
unbound,expired,test.test-expired.example,cold,3037101,2,False,1788804278.5768316,
unbound,expired,test.test-expired.example,cold,3132793,2,False,1788804278.5800347,
unbound,expired,test.test-expired.example,cold,3266801,2,False,1788804278.5833657,
unbound,expired,test.test-expired.example,cold,3058056,2,False,1788804278.586511,
unbound,expired,test.test-expired.example,cold,3046181,2,False,1788804278.5896285,
unbound,expired,test.test-expired.example,cold,3381342,2,False,1788804278.5930846,
unbound,expired,test.test-expired.example,cold,2964379,2,False,1788804278.5961576,
unbound,expired,test.test-expired.example,cold,3091822,2,False,1788804278.599315,
unbound,expired,test.test-expired.example,cold,3051519,2,False,1788804278.6024501,
unbound,expired,test.test-expired.example,cold,2985006,2,False,1788804278.6055079,
unbound,expired,test.test-expired.example,cold,3188649,2,False,1788804278.6087768,
unbound,expired,test.test-expired.example,cold,3389783,2,False,1788804278.6122422,
unbound,expired,test.test-expired.example,cold,4484449,2,False,1788804278.6167872,
unbound,expired,test.test-expired.example,cold,4849250,2,False,1788804278.6217241,
unbound,expired,test.test-expired.example,cold,3938087,2,False,1788804278.6257539,
unbound,expired,test.test-expired.example,cold,3392802,2,False,1788804278.6292353,
unbound,expired,test.test-expired.example,cold,2951216,2,False,1788804278.6322544,
unbound,expired,test.test-expired.example,cold,3093450,2,False,1788804278.6354177,
unbound,expired,test.test-expired.example,cold,3152773,2,False,1788804278.638648,
unbound,expired,test.test-expired.example,cold,3334059,2,False,1788804278.6420746,
unbound,expired,test.test-expired.example,cold,3087259,2,False,1788804278.645224,
unbound,expired,test.test-expired.example,cold,3103786,2,False,1788804278.6483958,
unbound,expired,test.test-expired.example,cold,2963235,2,False,1788804278.6514618,
unbound,expired,test.test-expired.example,cold,3159995,2,False,1788804278.654685,
unbound,expired,test.test-expired.example,cold,3134726,2,False,1788804278.657878,
unbound,expired,test.test-expired.example,cold,3334310,2,False,1788804278.661292,
unbound,expired,test.test-expired.example,cold,3820393,2,False,1788804278.6651795,
unbound,expired,test.test-expired.example,cold,4009441,2,False,1788804278.6692693,
unbound,expired,test.test-expired.example,cold,5906065,2,False,1788804278.6752374,
unbound,expired,test.test-expired.example,cold,4734293,2,False,1788804278.680056,
unbound,expired,test.test-expired.example,cold,3136103,2,False,1788804278.6832726,
unbound,expired,test.test-expired.example,cold,3932834,2,False,1788804278.6872823,
unbound,expired,test.test-expired.example,cold,4062339,2,False,1788804278.6914244,
unbound,expired,test.test-expired.example,cold,4592615,2,False,1788804278.6960943,
unbound,expired,test.test-expired.example,cold,5244137,2,False,1788804278.7014399,
unbound,expired,test.test-expired.example,cold,3092611,2,False,1788804278.7046025,
unbound,expired,test.test-expired.example,cold,3181367,2,False,1788804278.7078578,
unbound,expired,test.test-expired.example,cold,2947520,2,False,1788804278.7108815,
unbound,expired,test.test-expired.example,cold,2937526,2,False,1788804278.7138858,
unbound,expired,test.test-expired.example,cold,3114647,2,False,1788804278.717066,
unbound,expired,test.test-expired.example,cold,3313942,2,False,1788804278.7204506,
unbound,expired,test.test-expired.example,cold,4406525,2,False,1788804278.7249453,
unbound,expired,test.test-expired.example,cold,3510784,2,False,1788804278.7285285,
unbound,expired,test.test-expired.example,cold,2989997,2,False,1788804278.7316003,
unbound,expired,test.test-expired.example,cold,3077873,2,False,1788804278.7347372,
unbound,expired,test.test-expired.example,cold,3250040,2,False,1788804278.7380605,
unbound,expired,test.test-expired.example,cold,3182887,2,False,1788804278.7413113,
unbound,expired,test.test-expired.example,cold,3522127,2,False,1788804278.7449133,
unbound,expired,test.test-expired.example,cold,3582335,2,False,1788804278.7485952,
unbound,expired,test.test-expired.example,cold,4165120,2,False,1788804278.7528436,
unbound,expired,test.test-expired.example,cold,3065119,2,False,1788804278.7559733,
unbound,expired,test.test-expired.example,cold,2955932,2,False,1788804278.7590039,
unbound,expired,test.test-expired.example,cold,3177447,2,False,1788804278.7622461,
unbound,expired,test.test-expired.example,cold,3106648,2,False,1788804278.7654195,
unbound,expired,test.test-expired.example,cold,2973653,2,False,1788804278.768469,
unbound,expired,test.test-expired.example,cold,3081728,2,False,1788804278.7716205,
unbound,expired,test.test-expired.example,cold,3135432,2,False,1788804278.7748268,
unbound,expired,test.test-expired.example,cold,4019562,2,False,1788804278.7789273,
unbound,expired,test.test-expired.example,cold,3082938,2,False,1788804278.7820778,
unbound,expired,test.test-expired.example,cold,2967726,2,False,1788804278.7851083,
unbound,expired,test.test-expired.example,cold,3682914,2,False,1788804278.7888584,
unbound,expired,test.test-expired.example,cold,3433834,2,False,1788804278.7923732,
unbound,expired,test.test-expired.example,cold,3788062,2,False,1788804278.7962604,
unbound,expired,test.test-expired.example,cold,3240667,2,False,1788804278.799575,
unbound,expired,test.test-expired.example,cold,4577172,2,False,1788804278.80425,
unbound,expired,test.test-expired.example,cold,3796326,2,False,1788804278.8081794,
unbound,expired,test.test-expired.example,cold,3199736,2,False,1788804278.8114412,
unbound,expired,test.test-expired.example,cold,3220162,2,False,1788804278.8147388,
unbound,expired,test.test-expired.example,cold,3105181,2,False,1788804278.817906,
unbound,expired,test.test-expired.example,cold,3773863,2,False,1788804278.8217604,
unbound,expired,test.test-expired.example,cold,3762110,2,False,1788804278.8255985,
unbound,expired,test.test-expired.example,cold,4936634,2,False,1788804278.8306184,
unbound,expired,test.test-expired.example,cold,3098589,2,False,1788804278.8337781,
unbound,expired,test.test-expired.example,cold,3010538,2,False,1788804278.8368545,
unbound,expired,test.test-expired.example,cold,3063073,2,False,1788804278.8400078,
unbound,expired,test.test-expired.example,cold,3188966,2,False,1788804278.8432765,
unbound,expired,test.test-expired.example,cold,3272240,2,False,1788804278.8466089,
unbound,expired,test.test-expired.example,cold,3246760,2,False,1788804278.8499136,
unbound,expired,test.test-expired.example,cold,3056213,2,False,1788804278.8530684,
unbound,expired,test.test-expired.example,cold,3575348,2,False,1788804278.856722,
unbound,expired,test.test-expired.example,cold,3294991,2,False,1788804278.8600814,
unbound,expired,test.test-expired.example,cold,3103436,2,False,1788804278.8632457,
unbound,expired,test.test-expired.example,cold,3070133,2,False,1788804278.8664155,
unbound,expired,test.test-expired.example,cold,3120947,2,False,1788804278.8696063,
unbound,expired,test.test-expired.example,cold,2969804,2,False,1788804278.872645,
unbound,expired,test.test-expired.example,cold,3179358,2,False,1788804278.8758883,
unbound,expired,test.test-expired.example,cold,3023226,2,False,1788804278.8789794,
unbound,expired,test.test-expired.example,cold,4103050,2,False,1788804278.883159,
unbound,expired,test.test-expired.example,cold,3254100,2,False,1788804278.886473,
unbound,expired,test.test-expired.example,cold,2948808,2,False,1788804278.889493,
unbound,expired,test.test-expired.example,cold,2965357,2,False,1788804278.8925414,
unbound,expired,test.test-expired.example,cold,3316708,2,False,1788804278.8959353,
unbound,expired,test.test-expired.example,cold,4134342,2,False,1788804278.9001343,
unbound,expired,test.test-expired.example,cold,3405062,2,False,1788804278.9036071,
unbound,expired,test.test-expired.example,cold,4551998,2,False,1788804278.908237,
unbound,expired,test.test-expired.example,cold,7744889,2,False,1788804278.9160926,
unbound,expired,test.test-expired.example,cold,4099871,2,False,1788804278.920275,
unbound,expired,test.test-expired.example,cold,4119066,2,False,1788804278.9244852,
unbound,expired,test.test-expired.example,cold,4790027,2,False,1788804278.9293537,
unbound,expired,test.test-expired.example,cold,3764685,2,False,1788804278.933201,
unbound,expired,test.test-expired.example,cold,4295177,2,False,1788804278.9376156,
unbound,expired,test.test-expired.example,cold,2965760,2,False,1788804278.9406419,
unbound,expired,test.test-expired.example,cold,3398555,2,False,1788804278.9441106,
unbound,expired,test.test-expired.example,cold,3054030,2,False,1788804278.9472263,
unbound,expired,test.test-expired.example,cold,2975470,2,False,1788804278.9502673,
unbound,expired,test.test-expired.example,cold,3175642,2,False,1788804278.9535224,
unbound,expired,test.test-expired.example,cold,3312900,2,False,1788804278.9569268,
unbound,expired,test.test-expired.example,cold,3768221,2,False,1788804278.960799,
unbound,expired,test.test-expired.example,cold,4259380,2,False,1788804278.9651504,
unbound,expired,test.test-expired.example,cold,3817055,2,False,1788804278.9690616,
unbound,expired,test.test-expired.example,cold,3050358,2,False,1788804278.9721768,
unbound,expired,test.test-expired.example,cold,3694560,2,False,1788804278.9759476,
unbound,expired,test.test-expired.example,cold,3504983,2,False,1788804278.979533,
unbound,expired,test.test-expired.example,cold,3571816,2,False,1788804278.9831948,
unbound,expired,test.test-expired.example,cold,3454478,2,False,1788804278.9867313,
unbound,expired,test.test-expired.example,cold,3199782,2,False,1788804278.9900012,
unbound,expired,test.test-expired.example,cold,3042404,2,False,1788804278.9931214,
unbound,expired,test.test-expired.example,cold,3259913,2,False,1788804278.9964612,
unbound,expired,test.test-expired.example,cold,2947945,2,False,1788804278.9994917,
unbound,expired,test.test-expired.example,cold,3176234,2,False,1788804279.0027509,
unbound,expired,test.test-expired.example,cold,3530942,2,False,1788804279.006347,
unbound,expired,test.test-expired.example,cold,3191432,2,False,1788804279.009602,
unbound,expired,test.test-expired.example,cold,3073779,2,False,1788804279.0127385,
unbound,expired,test.test-expired.example,cold,3394685,2,False,1788804279.0162063,
unbound,expired,test.test-expired.example,cold,3571033,2,False,1788804279.0198727,
unbound,expired,test.test-expired.example,cold,3755397,2,False,1788804279.0237112,
unbound,expired,test.test-expired.example,cold,3111591,2,False,1788804279.0269017,
unbound,expired,test.test-expired.example,cold,3301226,2,False,1788804279.0302854,
unbound,expired,test.test-expired.example,cold,3117853,2,False,1788804279.0334804,
unbound,expired,test.test-expired.example,cold,3199151,2,False,1788804279.0367544,
unbound,expired,test.test-expired.example,cold,3484113,2,False,1788804279.0403152,
unbound,expired,test.test-expired.example,cold,4001481,2,False,1788804279.0444193,
unbound,expired,test.test-expired.example,cold,4260427,2,False,1788804279.0487666,
unbound,expired,test.test-expired.example,cold,3208047,2,False,1788804279.0520487,
unbound,expired,test.test-expired.example,cold,3248302,2,False,1788804279.0553648,
unbound,expired,test.test-expired.example,cold,2953172,2,False,1788804279.0583963,
unbound,expired,test.test-expired.example,cold,2948717,2,False,1788804279.0614262,
unbound,expired,test.test-expired.example,cold,3265222,2,False,1788804279.0647593,
unbound,expired,test.test-expired.example,cold,3391462,2,False,1788804279.0682373,
unbound,expired,test.test-expired.example,cold,3067957,2,False,1788804279.0713782,
unbound,expired,test.test-expired.example,cold,3187593,2,False,1788804279.0746262,
unbound,expired,test.test-expired.example,cold,3091439,2,False,1788804279.0777724,
unbound,expired,test.test-expired.example,cold,3021988,2,False,1788804279.0808692,
unbound,expired,test.test-expired.example,cold,2950591,2,False,1788804279.0838928,
unbound,expired,test.test-expired.example,cold,2971340,2,False,1788804279.0869434,
unbound,expired,test.test-expired.example,cold,3166596,2,False,1788804279.0901785,
unbound,expired,test.test-expired.example,cold,3408368,2,False,1788804279.0936573,
unbound,expired,test.test-expired.example,cold,3990075,2,False,1788804279.097708,
unbound,expired,test.test-expired.example,cold,3119341,2,False,1788804279.1008933,
unbound,expired,test.test-expired.example,cold,2954558,2,False,1788804279.1039135,
unbound,expired,test.test-expired.example,cold,3928274,2,False,1788804279.1079292,
unbound,expired,test.test-expired.example,cold,4055820,2,False,1788804279.112079,
unbound,expired,test.test-expired.example,cold,3312739,2,False,1788804279.1154604,
unbound,expired,test.test-expired.example,cold,3383149,2,False,1788804279.1189117,
unbound,expired,test.test-expired.example,cold,3196469,2,False,1788804279.122185,
unbound,expired,test.test-expired.example,cold,4118864,2,False,1788804279.1263826,
unbound,expired,test.test-expired.example,cold,3527692,2,False,1788804279.1299918,
unbound,expired,test.test-expired.example,cold,3163578,2,False,1788804279.133238,
unbound,expired,test.test-expired.example,cold,3074702,2,False,1788804279.1363983,
unbound,expired,test.test-expired.example,cold,3135817,2,False,1788804279.139636,
unbound,expired,test.test-expired.example,cold,3405669,2,False,1788804279.1431215,
unbound,expired,test.test-expired.example,cold,3251506,2,False,1788804279.146442,
unbound,expired,test.test-expired.example,cold,3677081,2,False,1788804279.1502035,
unbound,expired,test.test-expired.example,cold,3063937,2,False,1788804279.1533303,
unbound,expired,test.test-expired.example,cold,3018175,2,False,1788804279.1564283,
unbound,expired,test.test-expired.example,cold,2959851,2,False,1788804279.1594656,
unbound,expired,test.test-expired.example,cold,3528103,2,False,1788804279.1630702,
unbound,expired,test.test-expired.example,cold,3119005,2,False,1788804279.1662471,
unbound,expired,test.test-expired.example,cold,3245595,2,False,1788804279.1695483,
unbound,expired,test.test-expired.example,cold,3118157,2,False,1788804279.1727328,
unbound,expired,test.test-expired.example,cold,3390932,2,False,1788804279.17619,
unbound,expired,test.test-expired.example,cold,4665750,2,False,1788804279.180944,
unbound,expired,test.test-expired.example,cold,3307325,2,False,1788804279.184325,
unbound,expired,test.test-expired.example,cold,3213429,2,False,1788804279.1876163,
unbound,expired,test.test-expired.example,cold,3109776,2,False,1788804279.190799,
unbound,expired,test.test-expired.example,cold,3194286,2,False,1788804279.1940653,
unbound,expired,test.test-expired.example,cold,3065117,2,False,1788804279.1971898,
unbound,expired,test.test-expired.example,cold,3346625,2,False,1788804279.2006075,
unbound,expired,test.test-expired.example,cold,3931448,2,False,1788804279.2046254,
unbound,expired,test.test-expired.example,cold,4082525,2,False,1788804279.2087884,
unbound,expired,test.test-expired.example,cold,3092885,2,False,1788804279.2119622,
unbound,expired,test.test-expired.example,cold,3510596,2,False,1788804279.2155485,
unbound,expired,test.test-expired.example,cold,3462730,2,False,1788804279.2190957,
unbound,expired,test.test-expired.example,cold,3322010,2,False,1788804279.2224925,
unbound,expired,test.test-expired.example,cold,3896210,2,False,1788804279.226451,
unbound,expired,test.test-expired.example,cold,3577575,2,False,1788804279.2301226,
unbound,expired,test.test-expired.example,cold,3386306,2,False,1788804279.2335756,
unbound,expired,test.test-expired.example,cold,2988485,2,False,1788804279.2366655,
unbound,expired,test.test-expired.example,cold,3147554,2,False,1788804279.2398956,
unbound,expired,test.test-expired.example,cold,3215529,2,False,1788804279.2431793,
unbound,expired,test.test-expired.example,cold,3052329,2,False,1788804279.2463193,
unbound,expired,test.test-expired.example,cold,3221163,2,False,1788804279.2496264,
unbound,expired,test.test-expired.example,cold,3110615,2,False,1788804279.2528138,
unbound,expired,test.test-expired.example,cold,3009912,2,False,1788804279.255898,
unbound,expired,test.test-expired.example,cold,5197886,2,False,1788804279.261174,
unbound,expired,test.test-expired.example,cold,4734572,2,False,1788804279.2660017,
unbound,expired,test.test-expired.example,cold,4156547,2,False,1788804279.270351,
unbound,expired,test.test-expired.example,cold,4808459,2,False,1788804279.2754412,
unbound,expired,test.test-expired.example,cold,3478058,2,False,1788804279.2790143,
unbound,expired,test.test-expired.example,cold,4838647,2,False,1788804279.2839413,
unbound,expired,test.test-expired.example,cold,9623353,2,False,1788804279.293682,
unbound,expired,test.test-expired.example,cold,6992613,2,False,1788804279.3007784,
unbound,expired,test.test-expired.example,cold,10311668,2,False,1788804279.3113213,
unbound,expired,test.test-expired.example,cold,7418438,2,False,1788804279.318834,
unbound,expired,test.test-expired.example,cold,4860147,2,False,1788804279.323793,
unbound,expired,test.test-expired.example,cold,3761118,2,False,1788804279.3276317,
unbound,expired,test.test-expired.example,cold,4880850,2,False,1788804279.3325832,
unbound,expired,test.test-expired.example,cold,5037332,2,False,1788804279.33772,
unbound,expired,test.test-expired.example,cold,3950567,2,False,1788804279.3417852,
unbound,expired,test.test-expired.example,cold,4445875,2,False,1788804279.3463042,
unbound,expired,test.test-expired.example,cold,4725367,2,False,1788804279.351111,
unbound,expired,test.test-expired.example,cold,3783171,2,False,1788804279.354981,
unbound,expired,test.test-expired.example,cold,3761218,2,False,1788804279.3588445,
unbound,expired,test.test-expired.example,cold,5649550,2,False,1788804279.3645914,
unbound,expired,test.test-expired.example,cold,4755686,2,False,1788804279.3694515,
unbound,expired,test.test-expired.example,cold,4712696,2,False,1788804279.3742325,
unbound,expired,test.test-expired.example,cold,4832982,2,False,1788804279.3791492,
unbound,expired,test.test-expired.example,cold,4289580,2,False,1788804279.3835433,
unbound,expired,test.test-expired.example,cold,4604609,2,False,1788804279.3882372,
unbound,expired,test.test-expired.example,cold,3548903,2,False,1788804279.391877,
unbound,expired,test.test-expired.example,cold,4586135,2,False,1788804279.3965642,
unbound,expired,test.test-expired.example,cold,3976746,2,False,1788804279.4006445,
unbound,expired,test.test-expired.example,cold,6391537,2,False,1788804279.4073753,
unbound,expired,test.test-expired.example,cold,5057837,2,False,1788804279.412537,
unbound,expired,test.test-expired.example,cold,6582727,2,False,1788804279.419589,
unbound,expired,test.test-expired.example,cold,4494422,2,False,1788804279.424161,
unbound,expired,test.test-expired.example,cold,3626976,2,False,1788804279.4278836,
unbound,expired,test.test-expired.example,cold,4503344,2,False,1788804279.432572,
unbound,expired,test.test-expired.example,cold,3555879,2,False,1788804279.4362097,
unbound,expired,test.test-expired.example,cold,3947901,2,False,1788804279.4402487,
unbound,expired,test.test-expired.example,cold,5323156,2,False,1788804279.4456592,
unbound,expired,test.test-expired.example,cold,4929081,2,False,1788804279.4506862,
unbound,expired,test.test-expired.example,cold,3768881,2,False,1788804279.454531,
unbound,expired,test.test-expired.example,cold,4222080,2,False,1788804279.4588287,
unbound,expired,test.test-expired.example,cold,5145868,2,False,1788804279.4640665,
unbound,expired,test.test-expired.example,cold,4878364,2,False,1788804279.4690602,
unbound,expired,test.test-expired.example,cold,4727495,2,False,1788804279.4738684,
unbound,expired,test.test-expired.example,cold,4140864,2,False,1788804279.478086,
unbound,expired,test.test-expired.example,cold,4372331,2,False,1788804279.4825592,
unbound,expired,test.test-expired.example,cold,4007606,2,False,1788804279.4866552,
unbound,expired,test.test-expired.example,cold,4003682,2,False,1788804279.4907537,
unbound,expired,test.test-expired.example,cold,4822381,2,False,1788804279.4956548,
unbound,expired,test.test-expired.example,cold,5338143,2,False,1788804279.501086,
unbound,expired,test.test-expired.example,cold,3983681,2,False,1788804279.5051737,
unbound,expired,test.test-expired.example,cold,3895642,2,False,1788804279.509165,
unbound,expired,test.test-expired.example,cold,3607728,2,False,1788804279.512849,
unbound,expired,test.test-expired.example,cold,3925382,2,False,1788804279.5168576,
unbound,expired,test.test-expired.example,cold,4468744,2,False,1788804279.5214052,
unbound,expired,test.test-expired.example,cold,5913755,2,False,1788804279.52741,
unbound,expired,test.test-expired.example,cold,5369196,2,False,1788804279.5328631,
unbound,expired,test.test-expired.example,cold,3784794,2,False,1788804279.536729,
unbound,expired,test.test-expired.example,cold,3787297,2,False,1788804279.5406,
unbound,expired,test.test-expired.example,cold,4684559,2,False,1788804279.5453796,
unbound,expired,test.test-expired.example,cold,4535557,2,False,1788804279.5500112,
unbound,expired,test.test-expired.example,cold,4553130,2,False,1788804279.554648,
unbound,expired,test.test-expired.example,cold,5007161,2,False,1788804279.5597498,
unbound,expired,test.test-expired.example,cold,3949769,2,False,1788804279.563781,
unbound,expired,test.test-expired.example,cold,3607313,2,False,1788804279.5674696,
unbound,expired,test.test-expired.example,cold,4012633,2,False,1788804279.571576,
unbound,expired,test.test-expired.example,cold,3936375,2,False,1788804279.575601,
unbound,expired,test.test-expired.example,cold,4006658,2,False,1788804279.579694,
unbound,expired,test.test-expired.example,cold,5272486,2,False,1788804279.5850558,
unbound,expired,test.test-expired.example,cold,3547319,2,False,1788804279.588683,
unbound,expired,test.test-expired.example,cold,3462568,2,False,1788804279.59223,
unbound,expired,test.test-expired.example,cold,3935528,2,False,1788804279.5962515,
unbound,expired,test.test-expired.example,cold,3437857,2,False,1788804279.5997815,
unbound,expired,test.test-expired.example,cold,5203332,2,False,1788804279.6050837,
unbound,expired,test.test-expired.example,cold,5312913,2,False,1788804279.6105022,
unbound,expired,test.test-expired.example,cold,13207156,2,False,1788804279.623807,
unbound,expired,test.test-expired.example,cold,7039315,2,False,1788804279.6309578,
unbound,expired,test.test-expired.example,cold,5822800,2,False,1788804279.6368866,
unbound,expired,test.test-expired.example,cold,3705074,2,False,1788804279.6406887,
unbound,expired,test.test-expired.example,cold,3247946,2,False,1788804279.6440742,
unbound,expired,test.test-expired.example,cold,3689995,2,False,1788804279.6478336,
unbound,expired,test.test-expired.example,cold,3058804,2,False,1788804279.6509576,
unbound,expired,test.test-expired.example,cold,2961942,2,False,1788804279.653998,
unbound,expired,test.test-expired.example,cold,3018594,2,False,1788804279.65709,
unbound,expired,test.test-expired.example,cold,5581377,2,False,1788804279.662737,
unbound,expired,test.test-expired.example,cold,3792021,2,False,1788804279.666621,
unbound,expired,test.test-expired.example,cold,3387091,2,False,1788804279.6700768,
unbound,expired,test.test-expired.example,cold,3187109,2,False,1788804279.6733265,
unbound,expired,test.test-expired.example,cold,3758996,2,False,1788804279.677166,
unbound,expired,test.test-expired.example,cold,5516588,2,False,1788804279.6829588,
unbound,expired,test.test-expired.example,cold,4331995,2,False,1788804279.6873744,
unbound,expired,test.test-expired.example,cold,3076130,2,False,1788804279.690522,
unbound,expired,test.test-expired.example,cold,3126149,2,False,1788804279.693726,
unbound,expired,test.test-expired.example,cold,3274018,2,False,1788804279.6970677,
unbound,expired,test.test-expired.example,cold,3053575,2,False,1788804279.7001903,
unbound,expired,test.test-expired.example,cold,3243968,2,False,1788804279.7035124,
unbound,expired,test.test-expired.example,cold,3191870,2,False,1788804279.7067795,
unbound,expired,test.test-expired.example,cold,3087102,2,False,1788804279.7099335,
unbound,expired,test.test-expired.example,cold,3034134,2,False,1788804279.7130558,
unbound,expired,test.test-expired.example,cold,3179897,2,False,1788804279.7163167,
unbound,expired,test.test-expired.example,cold,3484117,2,False,1788804279.7198715,
unbound,expired,test.test-expired.example,cold,4256687,2,False,1788804279.7242022,
unbound,expired,test.test-expired.example,cold,5449016,2,False,1788804279.729744,
unbound,expired,test.test-expired.example,cold,3121598,2,False,1788804279.7329414,
unbound,expired,test.test-expired.example,cold,2990764,2,False,1788804279.7360013,
unbound,expired,test.test-expired.example,cold,3606093,2,False,1788804279.7396796,
unbound,expired,test.test-expired.example,cold,4045917,2,False,1788804279.7438078,
unbound,expired,test.test-expired.example,cold,4931707,2,False,1788804279.7488272,
unbound,expired,test.test-expired.example,cold,3817414,2,False,1788804279.7527368,
unbound,expired,test.test-expired.example,cold,3047402,2,False,1788804279.755843,
unbound,expired,test.test-expired.example,cold,3118893,2,False,1788804279.759052,
unbound,expired,test.test-expired.example,cold,4967865,2,False,1788804279.764133,
unbound,expired,test.test-expired.example,cold,3940827,2,False,1788804279.768166,
unbound,expired,test.test-expired.example,cold,3089588,2,False,1788804279.7713156,
unbound,expired,test.test-expired.example,cold,3128431,2,False,1788804279.7745018,
unbound,expired,test.test-expired.example,cold,3406015,2,False,1788804279.7779713,
unbound,expired,test.test-expired.example,cold,3068681,2,False,1788804279.7811172,
unbound,expired,test.test-expired.example,cold,3132065,2,False,1788804279.7843192,
unbound,expired,test.test-expired.example,cold,3267966,2,False,1788804279.7876544,
unbound,expired,test.test-expired.example,cold,3955014,2,False,1788804279.7916758,
unbound,expired,test.test-expired.example,cold,3669564,2,False,1788804279.7954373,
unbound,expired,test.test-expired.example,cold,3277951,2,False,1788804279.7987823,
unbound,expired,test.test-expired.example,cold,3757368,2,False,1788804279.8026085,
unbound,expired,test.test-expired.example,cold,3034738,2,False,1788804279.805708,
unbound,expired,test.test-expired.example,cold,3062237,2,False,1788804279.8088408,
unbound,expired,test.test-expired.example,cold,3132331,2,False,1788804279.8120306,
unbound,expired,test.test-expired.example,cold,3040362,2,False,1788804279.8151453,
unbound,expired,test.test-expired.example,cold,5128085,2,False,1788804279.820366,
unbound,expired,test.test-expired.example,cold,3177997,2,False,1788804279.8236375,
unbound,expired,test.test-expired.example,cold,3221920,2,False,1788804279.8269296,
unbound,expired,test.test-expired.example,cold,3045143,2,False,1788804279.8300548,
unbound,expired,test.test-expired.example,cold,3721069,2,False,1788804279.83384,
unbound,expired,test.test-expired.example,cold,3061337,2,False,1788804279.8369823,
unbound,expired,test.test-expired.example,cold,3239516,2,False,1788804279.8402832,
unbound,expired,test.test-expired.example,cold,4418219,2,False,1788804279.8447762,
unbound,expired,test.test-expired.example,cold,3788649,2,False,1788804279.8486476,
unbound,expired,test.test-expired.example,cold,3172300,2,False,1788804279.851892,
unbound,expired,test.test-expired.example,cold,3040796,2,False,1788804279.8550165,
unbound,expired,test.test-expired.example,cold,3031487,2,False,1788804279.8581138,
unbound,expired,test.test-expired.example,cold,3276083,2,False,1788804279.861452,
unbound,expired,test.test-expired.example,cold,3118592,2,False,1788804279.8646412,
unbound,expired,test.test-expired.example,cold,3117114,2,False,1788804279.8678372,
unbound,expired,test.test-expired.example,cold,3007580,2,False,1788804279.8709042,
unbound,expired,test.test-expired.example,cold,3016403,2,False,1788804279.8739974,
unbound,expired,test.test-expired.example,cold,3097894,2,False,1788804279.8771572,
unbound,expired,test.test-expired.example,cold,4708992,2,False,1788804279.8819284,
unbound,expired,test.test-expired.example,cold,3113723,2,False,1788804279.8851018,
unbound,expired,test.test-expired.example,cold,2969921,2,False,1788804279.888146,
unbound,expired,test.test-expired.example,cold,3010722,2,False,1788804279.891228,
unbound,expired,test.test-expired.example,cold,3215406,2,False,1788804279.8945205,
unbound,expired,test.test-expired.example,cold,3057042,2,False,1788804279.8976462,
unbound,expired,test.test-expired.example,cold,3563284,2,False,1788804279.901306,
unbound,expired,test.test-expired.example,cold,3299708,2,False,1788804279.9047017,
unbound,expired,test.test-expired.example,cold,2935954,2,False,1788804279.9077168,
unbound,expired,test.test-expired.example,cold,5568336,2,False,1788804279.9135609,
unbound,expired,test.test-expired.example,cold,4751367,2,False,1788804279.918627,
unbound,expired,test.test-expired.example,cold,4169458,2,False,1788804279.922889,
unbound,expired,test.test-expired.example,cold,5597355,2,False,1788804279.9285855,
unbound,expired,test.test-expired.example,cold,5507747,2,False,1788804279.9343145,
unbound,expired,test.test-expired.example,cold,3620958,2,False,1788804279.9380462,
unbound,expired,test.test-expired.example,cold,3635579,2,False,1788804279.941752,
unbound,expired,test.test-expired.example,cold,3602257,2,False,1788804279.9454303,
unbound,expired,test.test-expired.example,cold,3947079,2,False,1788804279.9494631,
unbound,expired,test.test-expired.example,cold,3827716,2,False,1788804279.9533808,
unbound,expired,test.test-expired.example,cold,3857830,2,False,1788804279.9573312,
unbound,expired,test.test-expired.example,cold,4473202,2,False,1788804279.961887,
unbound,expired,test.test-expired.example,cold,3191740,2,False,1788804279.9651513,
unbound,expired,test.test-expired.example,cold,2992248,2,False,1788804279.9682095,
unbound,expired,test.test-expired.example,cold,3234741,2,False,1788804279.9715025,
unbound,expired,test.test-expired.example,cold,3031799,2,False,1788804279.9746053,
unbound,expired,test.test-expired.example,cold,3179389,2,False,1788804279.9778554,
unbound,expired,test.test-expired.example,cold,4362587,2,False,1788804279.9823043,
unbound,expired,test.test-expired.example,cold,2983316,2,False,1788804279.9853592,
unbound,expired,test.test-expired.example,cold,3142182,2,False,1788804279.9885612,
unbound,expired,test.test-expired.example,cold,4092183,2,False,1788804279.9927127,
unbound,expired,test.test-expired.example,cold,3027975,2,False,1788804279.9958107,
unbound,expired,test.test-expired.example,cold,3115645,2,False,1788804279.9989972,
unbound,expired,test.test-expired.example,cold,3446183,2,False,1788804280.0025134,
unbound,expired,test.test-expired.example,cold,4366621,2,False,1788804280.0069742,
unbound,expired,test.test-expired.example,cold,3516422,2,False,1788804280.010554,
unbound,expired,test.test-expired.example,cold,3102837,2,False,1788804280.0137355,
unbound,expired,test.test-expired.example,cold,3135653,2,False,1788804280.0169368,
unbound,expired,test.test-expired.example,cold,2987921,2,False,1788804280.0199983,
unbound,expired,test.test-expired.example,cold,3200228,2,False,1788804280.0232782,
unbound,expired,test.test-expired.example,cold,3231632,2,False,1788804280.0265825,
unbound,expired,test.test-expired.example,cold,3308125,2,False,1788804280.0299618,
unbound,expired,test.test-expired.example,cold,4675763,2,False,1788804280.034709,
unbound,expired,test.test-expired.example,cold,4376805,2,False,1788804280.0391734,
unbound,expired,test.test-expired.example,cold,3422268,2,False,1788804280.0426786,
unbound,expired,test.test-expired.example,cold,3180651,2,False,1788804280.0459392,
unbound,expired,test.test-expired.example,cold,3195979,2,False,1788804280.0492122,
unbound,expired,test.test-expired.example,cold,3558468,2,False,1788804280.0528421,
unbound,expired,test.test-expired.example,cold,2930623,2,False,1788804280.055852,
unbound,expired,test.test-expired.example,cold,3402659,2,False,1788804280.0593219,
unbound,expired,test.test-expired.example,cold,3487112,2,False,1788804280.0628965,
unbound,expired,test.test-expired.example,cold,3076358,2,False,1788804280.0660465,
unbound,expired,test.test-expired.example,cold,3358515,2,False,1788804280.069461,
unbound,expired,test.test-expired.example,cold,2972745,2,False,1788804280.0725145,
unbound,expired,test.test-expired.example,cold,3548481,2,False,1788804280.0761487,
unbound,expired,test.test-expired.example,cold,3179705,2,False,1788804280.0794215,
unbound,expired,test.test-expired.example,cold,3615124,2,False,1788804280.0831208,
unbound,expired,test.test-expired.example,cold,4499954,2,False,1788804280.0877163,
unbound,expired,test.test-expired.example,cold,3813514,2,False,1788804280.0916195,
unbound,expired,test.test-expired.example,cold,3198720,2,False,1788804280.094898,
unbound,expired,test.test-expired.example,cold,3041717,2,False,1788804280.098003,
unbound,expired,test.test-expired.example,cold,3447535,2,False,1788804280.1015296,
unbound,expired,test.test-expired.example,cold,3154280,2,False,1788804280.1047657,
unbound,expired,test.test-expired.example,cold,3622465,2,False,1788804280.1084728,
unbound,expired,test.test-expired.example,cold,3372916,2,False,1788804280.1119406,
unbound,expired,test.test-expired.example,cold,3202407,2,False,1788804280.11522,
unbound,expired,test.test-expired.example,cold,3189189,2,False,1788804280.1184914,
unbound,expired,test.test-expired.example,cold,4307197,2,False,1788804280.1228628,
unbound,expired,test.test-expired.example,cold,3220802,2,False,1788804280.1261485,
unbound,expired,test.test-expired.example,cold,3012481,2,False,1788804280.1292286,
unbound,expired,test.test-expired.example,cold,3303108,2,False,1788804280.1325998,
unbound,expired,test.test-expired.example,cold,2934608,2,False,1788804280.135609,
unbound,expired,test.test-expired.example,cold,3055274,2,False,1788804280.1387374,
unbound,expired,test.test-expired.example,cold,2986588,2,False,1788804280.141797,
unbound,expired,test.test-expired.example,cold,3044718,2,False,1788804280.1449091,
unbound,expired,test.test-expired.example,cold,3142550,2,False,1788804280.1481192,
unbound,expired,test.test-expired.example,cold,3035989,2,False,1788804280.151224,
unbound,expired,test.test-expired.example,cold,3237799,2,False,1788804280.154537,
unbound,expired,test.test-expired.example,cold,2958029,2,False,1788804280.1575615,
unbound,expired,test.test-expired.example,cold,3111182,2,False,1788804280.1607325,
unbound,expired,test.test-expired.example,cold,4838738,2,False,1788804280.1656523,
unbound,expired,test.test-expired.example,cold,4052468,2,False,1788804280.1697855,
unbound,expired,test.test-expired.example,cold,3192970,2,False,1788804280.173049,
unbound,expired,test.test-expired.example,cold,3356113,2,False,1788804280.1764827,
unbound,expired,test.test-expired.example,cold,3277370,2,False,1788804280.1798434,
unbound,expired,test.test-expired.example,cold,4923799,2,False,1788804280.1848533,
unbound,expired,test.test-expired.example,cold,2977083,2,False,1788804280.1878967,
unbound,expired,test.test-expired.example,cold,3006151,2,False,1788804280.190969,
unbound,expired,test.test-expired.example,cold,2992502,2,False,1788804280.1940436,
unbound,expired,test.test-expired.example,cold,3073496,2,False,1788804280.197183,
unbound,expired,test.test-expired.example,cold,3368637,2,False,1788804280.2006288,
unbound,expired,test.test-expired.example,cold,4153401,2,False,1788804280.2048657,
unbound,expired,test.test-expired.example,cold,3005815,2,False,1788804280.2079585,
unbound,expired,test.test-expired.example,cold,3135906,2,False,1788804280.211175,
unbound,expired,test.test-expired.example,cold,3119538,2,False,1788804280.214377,
unbound,expired,test.test-expired.example,cold,3209121,2,False,1788804280.2176507,
unbound,expired,test.test-expired.example,cold,3928227,2,False,1788804280.2216542,
unbound,expired,test.test-expired.example,cold,3028723,2,False,1788804280.224746,
unbound,expired,test.test-expired.example,cold,3073902,2,False,1788804280.2278833,
unbound,expired,test.test-expired.example,cold,3072468,2,False,1788804280.231034,
unbound,expired,test.test-expired.example,cold,3143899,2,False,1788804280.234254,
unbound,expired,test.test-expired.example,cold,3212638,2,False,1788804280.2375386,
unbound,expired,test.test-expired.example,cold,3017296,2,False,1788804280.2406375,
unbound,expired,test.test-expired.example,cold,3573284,2,False,1788804280.2442973,
unbound,expired,test.test-expired.example,cold,4187448,2,False,1788804280.2485578,
unbound,expired,test.test-expired.example,cold,3266362,2,False,1788804280.2519002,
unbound,expired,test.test-expired.example,cold,3067644,2,False,1788804280.2550416,
unbound,expired,test.test-expired.example,cold,3077065,2,False,1788804280.2582035,
unbound,expired,test.test-expired.example,cold,3096320,2,False,1788804280.261376,
unbound,expired,test.test-expired.example,cold,3096510,2,False,1788804280.2645454,
unbound,expired,test.test-expired.example,cold,3199608,2,False,1788804280.2678294,
unbound,expired,test.test-expired.example,cold,2982844,2,False,1788804280.2708812,
unbound,expired,test.test-expired.example,cold,3530964,2,False,1788804280.2744825,
unbound,expired,test.test-expired.example,cold,3609550,2,False,1788804280.2781596,
unbound,expired,test.test-expired.example,cold,3343180,2,False,1788804280.281587,
unbound,expired,test.test-expired.example,cold,3630964,2,False,1788804280.2852962,
unbound,expired,test.test-expired.example,cold,3024226,2,False,1788804280.2883995,
unbound,expired,test.test-expired.example,cold,3085042,2,False,1788804280.2915816,
unbound,expired,test.test-expired.example,cold,3032281,2,False,1788804280.2946973,
unbound,expired,test.test-expired.example,cold,3119808,2,False,1788804280.2978802,
unbound,expired,test.test-expired.example,cold,3739336,2,False,1788804280.301701,
unbound,expired,test.test-expired.example,cold,3143431,2,False,1788804280.3049254,
unbound,expired,test.test-expired.example,cold,2948122,2,False,1788804280.307965,
unbound,expired,test.test-expired.example,cold,3112687,2,False,1788804280.311161,
unbound,expired,test.test-expired.example,cold,3005994,2,False,1788804280.314249,
unbound,expired,test.test-expired.example,cold,3038438,2,False,1788804280.3173702,
unbound,expired,test.test-expired.example,cold,3417508,2,False,1788804280.320867,
unbound,expired,test.test-expired.example,cold,3488182,2,False,1788804280.3244402,
unbound,expired,test.test-expired.example,cold,4056511,2,False,1788804280.3285904,
unbound,expired,test.test-expired.example,cold,3225455,2,False,1788804280.3319051,
unbound,expired,test.test-expired.example,cold,4128262,2,False,1788804280.336108,
unbound,expired,test.test-expired.example,cold,4123690,2,False,1788804280.340308,
unbound,expired,test.test-expired.example,cold,4288304,2,False,1788804280.3447523,
unbound,expired,test.test-expired.example,cold,2997718,2,False,1788804280.347818,
unbound,expired,test.test-expired.example,cold,3387954,2,False,1788804280.3512778,
unbound,expired,test.test-expired.example,cold,3200337,2,False,1788804280.3545473,
unbound,expired,test.test-expired.example,cold,3080521,2,False,1788804280.3576863,
unbound,expired,test.test-expired.example,cold,3428292,2,False,1788804280.3611765,
unbound,expired,test.test-expired.example,cold,2932629,2,False,1788804280.3641782,
unbound,expired,test.test-expired.example,cold,2986569,2,False,1788804280.3672302,
unbound,expired,test.test-expired.example,cold,3084873,2,False,1788804280.3703763,
unbound,expired,test.test-expired.example,cold,3160649,2,False,1788804280.3736117,
unbound,expired,test.test-expired.example,cold,3053727,2,False,1788804280.3767383,
unbound,expired,test.test-expired.example,cold,3520283,2,False,1788804280.3803272,
unbound,expired,test.test-expired.example,cold,5207524,2,False,1788804280.3856003,
unbound,expired,test.test-expired.example,cold,3255212,2,False,1788804280.388933,
unbound,expired,test.test-expired.example,cold,4879092,2,False,1788804280.393897,
unbound,expired,test.test-expired.example,cold,4811766,2,False,1788804280.3987954,
unbound,expired,test.test-expired.example,cold,4972165,2,False,1788804280.403846,
unbound,expired,test.test-expired.example,cold,4574428,2,False,1788804280.4085197,
unbound,expired,test.test-expired.example,cold,4638395,2,False,1788804280.413279,
unbound,expired,test.test-expired.example,cold,7356198,2,False,1788804280.4207418,
unbound,expired,test.test-expired.example,cold,4257549,2,False,1788804280.425173,
unbound,expired,test.test-expired.example,cold,11824515,2,False,1788804280.4371216,
unbound,expired,test.test-expired.example,cold,7086139,2,False,1788804280.4443896,
unbound,expired,test.test-expired.example,cold,11170158,2,False,1788804280.45571,
unbound,expired,test.test-expired.example,cold,5120880,2,False,1788804280.4611142,
unbound,expired,test.test-expired.example,cold,5697732,2,False,1788804280.466882,
unbound,expired,test.test-expired.example,cold,3497569,2,False,1788804280.4704635,
unbound,expired,test.test-expired.example,cold,4136384,2,False,1788804280.47467,
unbound,expired,test.test-expired.example,cold,3557931,2,False,1788804280.4783013,
unbound,expired,test.test-expired.example,cold,3820654,2,False,1788804280.482211,
unbound,expired,test.test-expired.example,cold,8662116,2,False,1788804280.4910088,
unbound,expired,test.test-expired.example,cold,5628908,2,False,1788804280.4967265,
unbound,expired,test.test-expired.example,cold,6250239,2,False,1788804280.5030963,
unbound,expired,test.test-expired.example,cold,5524520,2,False,1788804280.5090256,
unbound,expired,test.test-expired.example,cold,5081106,2,False,1788804280.5142083,
unbound,expired,test.test-expired.example,cold,6732345,2,False,1788804280.5210547,
unbound,expired,test.test-expired.example,cold,8404514,2,False,1788804280.5298297,
unbound,expired,test.test-expired.example,cold,5708773,2,False,1788804280.5361216,
unbound,expired,test.test-expired.example,cold,6852153,2,False,1788804280.5431943,
unbound,expired,test.test-expired.example,cold,10414513,2,False,1788804280.5537236,
unbound,expired,test.test-expired.example,cold,5084051,2,False,1788804280.5589416,
unbound,expired,test.test-expired.example,cold,6379443,2,False,1788804280.5654037,
unbound,expired,test.test-expired.example,cold,8595803,2,False,1788804280.574119,
unbound,expired,test.test-expired.example,cold,6723178,2,False,1788804280.5809336,
unbound,expired,test.test-expired.example,cold,5302705,2,False,1788804280.586306,
unbound,expired,test.test-expired.example,cold,4913973,2,False,1788804280.5913613,
unbound,expired,test.test-expired.example,cold,3495249,2,False,1788804280.594955,
unbound,expired,test.test-expired.example,cold,3175606,2,False,1788804280.5982182,
unbound,expired,test.test-expired.example,cold,4334627,2,False,1788804280.602633,
unbound,expired,test.test-expired.example,cold,3508098,2,False,1788804280.6062114,
unbound,expired,test.test-expired.example,cold,3123726,2,False,1788804280.6094205,
unbound,expired,test.test-expired.example,cold,3899839,2,False,1788804280.613381,
unbound,expired,test.test-expired.example,cold,3630014,2,False,1788804280.6171246,
unbound,expired,test.test-expired.example,cold,4517329,2,False,1788804280.6217225,
unbound,expired,test.test-expired.example,cold,3248521,2,False,1788804280.6250389,
unbound,expired,test.test-expired.example,cold,4610799,2,False,1788804280.6297376,
unbound,expired,test.test-expired.example,cold,3415304,2,False,1788804280.6332386,
unbound,expired,test.test-expired.example,cold,2991250,2,False,1788804280.6363118,
unbound,expired,test.test-expired.example,cold,3036442,2,False,1788804280.6394215,
unbound,expired,test.test-expired.example,cold,3282299,2,False,1788804280.642771,
unbound,expired,test.test-expired.example,cold,3155304,2,False,1788804280.6460059,
unbound,expired,test.test-expired.example,cold,3189980,2,False,1788804280.6492858,
unbound,expired,test.test-expired.example,cold,3178713,2,False,1788804280.6525366,
unbound,expired,test.test-expired.example,cold,3179890,2,False,1788804280.6559913,
unbound,expired,test.test-expired.example,cold,3023401,2,False,1788804280.6590755,
unbound,expired,test.test-expired.example,cold,3109726,2,False,1788804280.6622465,
unbound,expired,test.test-expired.example,cold,3697634,2,False,1788804280.666006,
unbound,expired,test.test-expired.example,cold,5887988,2,False,1788804280.6719837,
unbound,expired,test.test-expired.example,cold,3338510,2,False,1788804280.6754627,
unbound,expired,test.test-expired.example,cold,3678290,2,False,1788804280.6792212,
unbound,expired,test.test-expired.example,cold,4201456,2,False,1788804280.6835213,
unbound,expired,test.test-expired.example,cold,3470754,2,False,1788804280.6871328,
unbound,expired,test.test-expired.example,cold,3817080,2,False,1788804280.6910264,
unbound,expired,test.test-expired.example,cold,3175084,2,False,1788804280.6943295,
unbound,expired,test.test-expired.example,cold,3181271,2,False,1788804280.697579,
unbound,expired,test.test-expired.example,cold,3565721,2,False,1788804280.7012331,
unbound,expired,test.test-expired.example,cold,3349173,2,False,1788804280.7046545,
unbound,expired,test.test-expired.example,cold,3036593,2,False,1788804280.7077713,
unbound,expired,test.test-expired.example,cold,3339206,2,False,1788804280.7111783,
unbound,expired,test.test-expired.example,cold,3238157,2,False,1788804280.7144847,
unbound,expired,test.test-expired.example,cold,3143547,2,False,1788804280.7177136,
unbound,expired,test.test-expired.example,cold,3202891,2,False,1788804280.7209864,
unbound,expired,test.test-expired.example,cold,3262891,2,False,1788804280.7243257,
unbound,expired,test.test-expired.example,cold,3538419,2,False,1788804280.7279484,
unbound,expired,test.test-expired.example,cold,3136550,2,False,1788804280.7311656,
unbound,expired,test.test-expired.example,cold,3063814,2,False,1788804280.734303,
unbound,expired,test.test-expired.example,cold,3305980,2,False,1788804280.7376814,
unbound,expired,test.test-expired.example,cold,3098194,2,False,1788804280.7408414,
unbound,expired,test.test-expired.example,cold,3008274,2,False,1788804280.7439392,
unbound,expired,test.test-expired.example,cold,3162664,2,False,1788804280.747159,
unbound,expired,test.test-expired.example,cold,3084054,2,False,1788804280.750313,
unbound,expired,test.test-expired.example,cold,3231689,2,False,1788804280.7536054,
unbound,expired,test.test-expired.example,cold,2963792,2,False,1788804280.7566392,
unbound,expired,test.test-expired.example,cold,3000977,2,False,1788804280.7597098,
unbound,expired,test.test-expired.example,cold,3877180,2,False,1788804280.7636642,
unbound,expired,test.test-expired.example,cold,3038310,2,False,1788804280.7667844,
unbound,expired,test.test-expired.example,cold,3444856,2,False,1788804280.770292,
unbound,expired,test.test-expired.example,cold,4184636,2,False,1788804280.7745626,
unbound,expired,test.test-expired.example,cold,3257394,2,False,1788804280.7778955,
unbound,expired,test.test-expired.example,cold,3627916,2,False,1788804280.781611,
unbound,expired,test.test-expired.example,cold,3065957,2,False,1788804280.784735,
unbound,expired,test.test-expired.example,cold,2982414,2,False,1788804280.7877786,
unbound,expired,test.test-expired.example,cold,3801643,2,False,1788804280.7916627,
unbound,expired,test.test-expired.example,cold,3040043,2,False,1788804280.7947843,
unbound,expired,test.test-expired.example,cold,3147090,2,False,1788804280.7980063,
unbound,expired,test.test-expired.example,cold,3128018,2,False,1788804280.8011894,
unbound,expired,test.test-expired.example,cold,3728493,2,False,1788804280.8049774,
unbound,expired,test.test-expired.example,cold,3571791,2,False,1788804280.8086534,
unbound,expired,test.test-expired.example,cold,4046364,2,False,1788804280.812792,
unbound,expired,test.test-expired.example,cold,3202179,2,False,1788804280.816081,
unbound,expired,test.test-expired.example,cold,3439891,2,False,1788804280.8196025,
unbound,expired,test.test-expired.example,cold,4006323,2,False,1788804280.8236847,
unbound,expired,test.test-expired.example,cold,4101017,2,False,1788804280.8279665,
unbound,expired,test.test-expired.example,cold,3370433,2,False,1788804280.8314316,
unbound,expired,test.test-expired.example,cold,4108813,2,False,1788804280.8356347,
unbound,expired,test.test-expired.example,cold,4272880,2,False,1788804280.8400013,
unbound,expired,test.test-expired.example,cold,4283691,2,False,1788804280.8443723,
unbound,expired,test.test-expired.example,cold,3162741,2,False,1788804280.8477519,
unbound,expired,test.test-expired.example,cold,7602367,2,False,1788804280.8554437,
unbound,expired,test.test-expired.example,cold,5463158,2,False,1788804280.8610053,
unbound,expired,test.test-expired.example,cold,4831553,2,False,1788804280.8659222,
unbound,expired,test.test-expired.example,cold,5789727,2,False,1788804280.87181,
unbound,expired,test.test-expired.example,cold,4016309,2,False,1788804280.8760052,
unbound,expired,test.test-expired.example,cold,4294630,2,False,1788804280.8803732,
unbound,expired,test.test-expired.example,cold,3246149,2,False,1788804280.8837073,
unbound,expired,test.test-expired.example,cold,4700916,2,False,1788804280.8884869,
unbound,expired,test.test-expired.example,cold,4330846,2,False,1788804280.8929145,
unbound,expired,test.test-expired.example,cold,3257588,2,False,1788804280.8962436,
unbound,expired,test.test-expired.example,cold,3230803,2,False,1788804280.899542,
unbound,expired,test.test-expired.example,cold,3075853,2,False,1788804280.902686,
unbound,expired,test.test-expired.example,cold,3253367,2,False,1788804280.9060197,
unbound,expired,test.test-expired.example,cold,3192092,2,False,1788804280.9092886,
unbound,expired,test.test-expired.example,cold,3116324,2,False,1788804280.9124832,
unbound,expired,test.test-expired.example,cold,3024314,2,False,1788804280.9155896,
unbound,expired,test.test-expired.example,cold,3165645,2,False,1788804280.9188108,
unbound,expired,test.test-expired.example,cold,3176902,2,False,1788804280.9220598,
unbound,expired,test.test-expired.example,cold,3197333,2,False,1788804280.925325,
unbound,expired,test.test-expired.example,cold,3636873,2,False,1788804280.9290524,
unbound,expired,test.test-expired.example,cold,3208036,2,False,1788804280.9323704,
unbound,expired,test.test-expired.example,cold,2970234,2,False,1788804280.935436,
unbound,expired,test.test-expired.example,cold,3685973,2,False,1788804280.939201,
unbound,expired,test.test-expired.example,cold,4127956,2,False,1788804280.943423,
unbound,expired,test.test-expired.example,cold,3277742,2,False,1788804280.9467776,
unbound,expired,test.test-expired.example,cold,3579000,2,False,1788804280.9504364,
unbound,expired,test.test-expired.example,cold,2912577,2,False,1788804280.9534214,
unbound,expired,test.test-expired.example,cold,3031481,2,False,1788804280.9565244,
unbound,expired,test.test-expired.example,cold,3099698,2,False,1788804280.9597027,
unbound,expired,test.test-expired.example,cold,5169684,2,False,1788804280.9649608,
unbound,expired,test.test-expired.example,cold,4932445,2,False,1788804280.9699724,
unbound,expired,test.test-expired.example,cold,4256321,2,False,1788804280.974332,
unbound,expired,test.test-expired.example,cold,3440862,2,False,1788804280.9778533,
unbound,expired,test.test-expired.example,cold,3191579,2,False,1788804280.981124,
unbound,expired,test.test-expired.example,cold,3131002,2,False,1788804280.9843175,
unbound,expired,test.test-expired.example,cold,3093143,2,False,1788804280.9874897,
unbound,expired,test.test-expired.example,cold,3220864,2,False,1788804280.990788,
unbound,expired,test.test-expired.example,cold,3264994,2,False,1788804280.9941225,
unbound,expired,test.test-expired.example,cold,3102234,2,False,1788804280.9973187,
unbound,expired,test.test-expired.example,cold,3111042,2,False,1788804281.000505,
unbound,expired,test.test-expired.example,cold,2973721,2,False,1788804281.0035512,
unbound,expired,test.test-expired.example,cold,3091053,2,False,1788804281.0067165,
unbound,expired,test.test-expired.example,cold,3538083,2,False,1788804281.0103352,
unbound,expired,test.test-expired.example,cold,3103948,2,False,1788804281.013495,
unbound,expired,test.test-expired.example,cold,3147219,2,False,1788804281.0167127,
unbound,expired,test.test-expired.example,cold,3684795,2,False,1788804281.0204713,
unbound,expired,test.test-expired.example,cold,5092167,2,False,1788804281.0256574,
unbound,expired,test.test-expired.example,cold,2996354,2,False,1788804281.0287135,
unbound,expired,test.test-expired.example,cold,3091500,2,False,1788804281.0318692,
unbound,expired,test.test-expired.example,cold,3146790,2,False,1788804281.0350783,
unbound,expired,test.test-expired.example,cold,3088905,2,False,1788804281.0382488,
unbound,expired,test.test-expired.example,cold,3216176,2,False,1788804281.0415344,
unbound,expired,test.test-expired.example,cold,3014172,2,False,1788804281.0446298,
unbound,expired,test.test-expired.example,cold,5081690,2,False,1788804281.0498075,
unbound,expired,test.test-expired.example,cold,6751566,2,False,1788804281.0567155,
unbound,expired,test.test-expired.example,cold,5134968,2,False,1788804281.0619566,
unbound,expired,test.test-expired.example,cold,3302132,2,False,1788804281.0653424,
unbound,expired,test.test-expired.example,cold,3280743,2,False,1788804281.068701,
unbound,expired,test.test-expired.example,cold,3799431,2,False,1788804281.072563,
unbound,expired,test.test-expired.example,cold,3996614,2,False,1788804281.0766578,
unbound,expired,test.test-expired.example,cold,3993930,2,False,1788804281.0807467,
unbound,expired,test.test-expired.example,cold,3960793,2,False,1788804281.0848014,
unbound,expired,test.test-expired.example,cold,4846810,2,False,1788804281.0897226,
unbound,expired,test.test-expired.example,cold,3141757,2,False,1788804281.0929296,
unbound,expired,test.test-expired.example,cold,4145855,2,False,1788804281.0971637,
unbound,expired,test.test-expired.example,cold,4917739,2,False,1788804281.1021614,
unbound,expired,test.test-expired.example,cold,3356486,2,False,1788804281.1056976,
unbound,expired,test.test-expired.example,cold,3350618,2,False,1788804281.1091316,
unbound,expired,test.test-expired.example,cold,3334735,2,False,1788804281.1125236,
unbound,expired,test.test-expired.example,cold,3119034,2,False,1788804281.115719,
unbound,expired,test.test-expired.example,cold,3042070,2,False,1788804281.1188397,
unbound,expired,test.test-expired.example,cold,3116171,2,False,1788804281.1220315,
unbound,expired,test.test-expired.example,cold,3105275,2,False,1788804281.1251965,
unbound,expired,test.test-expired.example,cold,3475322,2,False,1788804281.1287696,
unbound,expired,test.test-expired.example,cold,3806106,2,False,1788804281.1328099,
unbound,expired,test.test-expired.example,cold,3195112,2,False,1788804281.1361277,
unbound,expired,test.test-expired.example,cold,3159671,2,False,1788804281.1393595,
unbound,expired,test.test-expired.example,cold,3126953,2,False,1788804281.1425698,
unbound,expired,test.test-expired.example,cold,3092489,2,False,1788804281.145736,
unbound,expired,test.test-expired.example,cold,3033153,2,False,1788804281.1488395,
unbound,expired,test.test-expired.example,cold,3114968,2,False,1788804281.1520312,
unbound,expired,test.test-expired.example,cold,3289463,2,False,1788804281.1554005,
unbound,expired,test.test-expired.example,cold,4122865,2,False,1788804281.1596117,
unbound,expired,test.test-expired.example,cold,4128951,2,False,1788804281.163837,
unbound,expired,test.test-expired.example,cold,3148903,2,False,1788804281.1670513,
unbound,expired,test.test-expired.example,cold,3699708,2,False,1788804281.1708221,
unbound,expired,test.test-expired.example,cold,3592563,2,False,1788804281.1744812,
unbound,expired,test.test-expired.example,cold,3455670,2,False,1788804281.178028,
unbound,expired,test.test-expired.example,cold,6135192,2,False,1788804281.18429,
unbound,expired,test.test-expired.example,cold,4472084,2,False,1788804281.1888602,
unbound,expired,test.test-expired.example,cold,5416589,2,False,1788804281.1943862,
unbound,expired,test.test-expired.example,cold,5834271,2,False,1788804281.2003186,
unbound,expired,test.test-expired.example,cold,6080501,2,False,1788804281.2066207,
unbound,expired,test.test-expired.example,cold,6424303,2,False,1788804281.2131367,
unbound,expired,test.test-expired.example,cold,6835594,2,False,1788804281.220058,
unbound,expired,test.test-expired.example,cold,3662887,2,False,1788804281.2241604,
unbound,expired,test.test-expired.example,cold,3244954,2,False,1788804281.2274845,
unbound,expired,test.test-expired.example,cold,3343371,2,False,1788804281.230892,
unbound,expired,test.test-expired.example,cold,3000050,2,False,1788804281.2339647,
unbound,expired,test.test-expired.example,cold,3129031,2,False,1788804281.237175,
unbound,expired,test.test-expired.example,cold,3422285,2,False,1788804281.240672,
unbound,expired,test.test-expired.example,cold,3135266,2,False,1788804281.2438967,
unbound,expired,test.test-expired.example,cold,3041951,2,False,1788804281.247002,
unbound,expired,test.test-expired.example,cold,2971428,2,False,1788804281.2500458,
unbound,expired,test.test-expired.example,cold,3046578,2,False,1788804281.2531595,
unbound,expired,test.test-expired.example,cold,3474153,2,False,1788804281.2567077,
unbound,expired,test.test-expired.example,cold,3686370,2,False,1788804281.2604723,
unbound,expired,test.test-expired.example,cold,3750081,2,False,1788804281.2643242,
unbound,expired,test.test-expired.example,cold,3330777,2,False,1788804281.2677343,
unbound,expired,test.test-expired.example,cold,3124062,2,False,1788804281.2709415,
unbound,expired,test.test-expired.example,cold,3297966,2,False,1788804281.2743225,
unbound,expired,test.test-expired.example,cold,3175875,2,False,1788804281.2775636,
unbound,expired,test.test-expired.example,cold,3200297,2,False,1788804281.2808385,
unbound,expired,test.test-expired.example,cold,2974111,2,False,1788804281.2838724,
unbound,expired,test.test-expired.example,cold,3135128,2,False,1788804281.2870743,
unbound,expired,test.test-expired.example,cold,3894709,2,False,1788804281.2910645,
unbound,expired,test.test-expired.example,cold,4446787,2,False,1788804281.2956073,
unbound,expired,test.test-expired.example,cold,3030301,2,False,1788804281.2987003,
unbound,expired,test.test-expired.example,cold,3003154,2,False,1788804281.3017647,
unbound,expired,test.test-expired.example,cold,3191554,2,False,1788804281.3050132,
unbound,expired,test.test-expired.example,cold,3312539,2,False,1788804281.3084025,
unbound,expired,test.test-expired.example,cold,3012267,2,False,1788804281.311523,
unbound,expired,test.test-expired.example,cold,2988075,2,False,1788804281.3145876,
unbound,expired,test.test-expired.example,cold,3133406,2,False,1788804281.317792,
unbound,expired,test.test-expired.example,cold,3222251,2,False,1788804281.3210828,
unbound,expired,test.test-expired.example,cold,3115753,2,False,1788804281.3242693,
unbound,expired,test.test-expired.example,cold,3066066,2,False,1788804281.3274033,
unbound,expired,test.test-expired.example,cold,3285973,2,False,1788804281.330766,
unbound,expired,test.test-expired.example,cold,3078903,2,False,1788804281.3339016,
unbound,expired,test.test-expired.example,cold,3200334,2,False,1788804281.33718,
unbound,expired,test.test-expired.example,cold,3483230,2,False,1788804281.3407292,
unbound,expired,test.test-expired.example,cold,3528767,2,False,1788804281.344351,
unbound,expired,test.test-expired.example,cold,3188331,2,False,1788804281.3476546,
unbound,expired,test.test-expired.example,cold,3238906,2,False,1788804281.3509748,
unbound,expired,test.test-expired.example,cold,3344166,2,False,1788804281.3543947,
unbound,expired,test.test-expired.example,cold,3333294,2,False,1788804281.3578122,
unbound,expired,test.test-expired.example,cold,4170515,2,False,1788804281.362069,
unbound,expired,test.test-expired.example,cold,3532584,2,False,1788804281.3656776,
unbound,expired,test.test-expired.example,cold,5412369,2,False,1788804281.3711765,
unbound,expired,test.test-expired.example,cold,4413425,2,False,1788804281.3759491,
unbound,expired,test.test-expired.example,cold,3855816,2,False,1788804281.3800106,
unbound,expired,test.test-expired.example,cold,4018309,2,False,1788804281.384094,
unbound,expired,test.test-expired.example,cold,3059856,2,False,1788804281.3872316,
unbound,expired,test.test-expired.example,cold,3361537,2,False,1788804281.390657,
unbound,expired,test.test-expired.example,cold,2925084,2,False,1788804281.393652,
unbound,expired,test.test-expired.example,cold,4136484,2,False,1788804281.3978598,
unbound,expired,test.test-expired.example,cold,2908366,2,False,1788804281.4008417,
unbound,expired,test.test-expired.example,cold,3066143,2,False,1788804281.4039812,
unbound,expired,test.test-expired.example,cold,3148281,2,False,1788804281.4072015,
unbound,expired,test.test-expired.example,cold,3232630,2,False,1788804281.4105132,
unbound,expired,test.test-expired.example,cold,3411080,2,False,1788804281.4139988,
unbound,expired,test.test-expired.example,cold,3243016,2,False,1788804281.4173172,
unbound,expired,test.test-expired.example,cold,3425706,2,False,1788804281.420816,
unbound,expired,test.test-expired.example,cold,4325241,2,False,1788804281.4252203,
unbound,expired,test.test-expired.example,cold,3320088,2,False,1788804281.4286292,
unbound,expired,test.test-expired.example,cold,3014003,2,False,1788804281.431704,
unbound,expired,test.test-expired.example,cold,3088951,2,False,1788804281.434854,
unbound,expired,test.test-expired.example,cold,3176557,2,False,1788804281.4381027,
unbound,expired,test.test-expired.example,cold,3240904,2,False,1788804281.4414246,
unbound,expired,test.test-expired.example,cold,3180462,2,False,1788804281.4446874,
unbound,expired,test.test-expired.example,cold,3179553,2,False,1788804281.4479551,
unbound,expired,test.test-expired.example,cold,4585667,2,False,1788804281.452627,
unbound,expired,test.test-expired.example,cold,3646617,2,False,1788804281.456366,
unbound,expired,test.test-expired.example,cold,3448101,2,False,1788804281.4599006,
unbound,expired,test.test-expired.example,cold,3105470,2,False,1788804281.4630764,
unbound,expired,test.test-expired.example,cold,3032103,2,False,1788804281.466191,
unbound,expired,test.test-expired.example,cold,3056481,2,False,1788804281.4693022,
unbound,expired,test.test-expired.example,cold,3118556,2,False,1788804281.4725025,
unbound,expired,test.test-expired.example,cold,3082724,2,False,1788804281.4756615,
unbound,expired,test.test-expired.example,cold,3745360,2,False,1788804281.47947,
unbound,expired,test.test-expired.example,cold,4245658,2,False,1788804281.4837961,
unbound,expired,test.test-expired.example,cold,3498222,2,False,1788804281.4873688,
unbound,expired,test.test-expired.example,cold,3067722,2,False,1788804281.4905002,
unbound,expired,test.test-expired.example,cold,3281199,2,False,1788804281.493863,
unbound,expired,test.test-expired.example,cold,2995909,2,False,1788804281.496938,
unbound,expired,test.test-expired.example,cold,3009588,2,False,1788804281.5000331,
unbound,expired,test.test-expired.example,cold,3696841,2,False,1788804281.503812,
unbound,expired,test.test-expired.example,cold,4605526,2,False,1788804281.5085056,
unbound,expired,test.test-expired.example,cold,3375088,2,False,1788804281.511964,
unbound,expired,test.test-expired.example,cold,3001718,2,False,1788804281.5150294,
unbound,expired,test.test-expired.example,cold,3309173,2,False,1788804281.5184135,
unbound,expired,test.test-expired.example,cold,3136773,2,False,1788804281.5216148,
unbound,expired,test.test-expired.example,cold,3345037,2,False,1788804281.5250332,
unbound,expired,test.test-expired.example,cold,3953084,2,False,1788804281.5290613,
unbound,expired,test.test-expired.example,cold,3428620,2,False,1788804281.532614,
unbound,expired,test.test-expired.example,cold,4246033,2,False,1788804281.5369422,
unbound,expired,test.test-expired.example,cold,3390940,2,False,1788804281.540423,
unbound,expired,test.test-expired.example,cold,3156896,2,False,1788804281.5436866,
unbound,expired,test.test-expired.example,cold,3008873,2,False,1788804281.5467732,
unbound,expired,test.test-expired.example,cold,2958551,2,False,1788804281.5498004,
unbound,expired,test.test-expired.example,cold,3213272,2,False,1788804281.553095,
unbound,expired,test.test-expired.example,cold,8283026,2,False,1788804281.5614529,
unbound,expired,test.test-expired.example,cold,12798198,2,False,1788804281.5745864,
unbound,expired,test.test-expired.example,cold,4675641,2,False,1788804281.5793579,
unbound,expired,test.test-expired.example,cold,5082301,2,False,1788804281.5845287,
unbound,expired,test.test-expired.example,cold,4372800,2,False,1788804281.589001,
unbound,expired,test.test-expired.example,cold,3756433,2,False,1788804281.5932777,
unbound,expired,test.test-expired.example,cold,3410376,2,False,1788804281.5967553,
unbound,expired,test.test-expired.example,cold,4219469,2,False,1788804281.6013834,
unbound,expired,test.test-expired.example,cold,7368681,2,False,1788804281.6089091,
unbound,expired,test.test-expired.example,cold,5374111,2,False,1788804281.6145067,
unbound,expired,test.test-expired.example,cold,4816532,2,False,1788804281.6194835,
unbound,expired,test.test-expired.example,cold,3833710,2,False,1788804281.6234722,
unbound,expired,test.test-expired.example,cold,3266983,2,False,1788804281.6268072,
unbound,expired,test.test-expired.example,cold,3248067,2,False,1788804281.6301522,
unbound,expired,test.test-expired.example,cold,3681118,2,False,1788804281.63391,
unbound,expired,test.test-expired.example,cold,4229659,2,False,1788804281.6382349,
unbound,expired,test.test-expired.example,cold,4568547,2,False,1788804281.6429317,
unbound,expired,test.test-expired.example,cold,5319484,2,False,1788804281.648782,
unbound,expired,test.test-expired.example,cold,5597518,2,False,1788804281.6545064,
unbound,expired,test.test-expired.example,cold,4649073,2,False,1788804281.6592577,
unbound,expired,test.test-expired.example,cold,6057852,2,False,1788804281.665408,
unbound,expired,test.test-expired.example,cold,11184052,2,False,1788804281.6766825,
unbound,expired,test.test-expired.example,cold,4884714,2,False,1788804281.6817615,
unbound,expired,test.test-expired.example,cold,5264900,2,False,1788804281.6872396,
unbound,expired,test.test-expired.example,cold,8049321,2,False,1788804281.6953735,
unbound,expired,test.test-expired.example,cold,3520021,2,False,1788804281.69929,
unbound,expired,test.test-expired.example,cold,4308246,2,False,1788804281.7036772,
unbound,expired,test.test-expired.example,cold,3382722,2,False,1788804281.707134,
unbound,expired,test.test-expired.example,cold,3105743,2,False,1788804281.7103155,
unbound,expired,test.test-expired.example,cold,3974223,2,False,1788804281.7143536,
unbound,expired,test.test-expired.example,cold,3166394,2,False,1788804281.7175934,
unbound,expired,test.test-expired.example,cold,3199688,2,False,1788804281.7208664,
unbound,expired,test.test-expired.example,cold,4536894,2,False,1788804281.7254913,
unbound,expired,test.test-expired.example,cold,3116000,2,False,1788804281.7286737,
unbound,expired,test.test-expired.example,cold,3235662,2,False,1788804281.7319746,
unbound,expired,test.test-expired.example,cold,3041578,2,False,1788804281.735092,
unbound,expired,test.test-expired.example,cold,3012406,2,False,1788804281.7381701,
unbound,expired,test.test-expired.example,cold,3383715,2,False,1788804281.7416239,
unbound,expired,test.test-expired.example,cold,4225656,2,False,1788804281.745938,
unbound,expired,test.test-expired.example,cold,3108374,2,False,1788804281.749117,
unbound,expired,test.test-expired.example,cold,2925501,2,False,1788804281.752119,
unbound,expired,test.test-expired.example,cold,2919476,2,False,1788804281.755116,
unbound,expired,test.test-expired.example,cold,2953262,2,False,1788804281.758132,
unbound,expired,test.test-expired.example,cold,3265928,2,False,1788804281.7614582,
unbound,expired,test.test-expired.example,cold,2964502,2,False,1788804281.7644913,
unbound,expired,test.test-expired.example,cold,3036368,2,False,1788804281.767604,
unbound,expired,test.test-expired.example,cold,3421416,2,False,1788804281.7711089,
unbound,expired,test.test-expired.example,cold,3649332,2,False,1788804281.7748394,
unbound,expired,test.test-expired.example,cold,3145615,2,False,1788804281.7780435,
unbound,expired,test.test-expired.example,cold,2934978,2,False,1788804281.781043,
unbound,expired,test.test-expired.example,cold,2909572,2,False,1788804281.7840176,
unbound,expired,test.test-expired.example,cold,3115955,2,False,1788804281.787202,
unbound,expired,test.test-expired.example,cold,3275458,2,False,1788804281.7905667,
unbound,expired,test.test-expired.example,cold,3100709,2,False,1788804281.7937262,
unbound,expired,test.test-expired.example,cold,3085421,2,False,1788804281.7968822,
unbound,expired,test.test-expired.example,cold,3159302,2,False,1788804281.8001094,
unbound,expired,test.test-expired.example,cold,3131174,2,False,1788804281.8033211,
unbound,expired,test.test-expired.example,cold,3743739,2,False,1788804281.8071434,
unbound,expired,test.test-expired.example,cold,5113783,2,False,1788804281.8123543,
unbound,expired,test.test-expired.example,cold,5559428,2,False,1788804281.8181298,
unbound,expired,test.test-expired.example,cold,5199679,2,False,1788804281.8235896,
unbound,expired,test.test-expired.example,cold,4527314,2,False,1788804281.828213,
unbound,expired,test.test-expired.example,cold,3646106,2,False,1788804281.8319473,
unbound,expired,test.test-expired.example,cold,3454406,2,False,1788804281.835476,
unbound,expired,test.test-expired.example,cold,4571232,2,False,1788804281.840112,
unbound,expired,test.test-expired.example,cold,2985284,2,False,1788804281.843179,
unbound,expired,test.test-expired.example,cold,3014188,2,False,1788804281.8462608,
unbound,expired,test.test-expired.example,cold,3437495,2,False,1788804281.849777,
unbound,expired,test.test-expired.example,cold,4179497,2,False,1788804281.8540423,
unbound,expired,test.test-expired.example,cold,3466885,2,False,1788804281.8575993,
unbound,expired,test.test-expired.example,cold,2918638,2,False,1788804281.8605926,
unbound,expired,test.test-expired.example,cold,2854733,2,False,1788804281.863515,
unbound,expired,test.test-expired.example,cold,2928209,2,False,1788804281.8665028,
unbound,expired,test.test-expired.example,cold,3110738,2,False,1788804281.869677,
unbound,expired,test.test-expired.example,cold,2986871,2,False,1788804281.8727388,
unbound,expired,test.test-expired.example,cold,2900161,2,False,1788804281.8757033,
unbound,expired,test.test-expired.example,cold,3134121,2,False,1788804281.8789093,
unbound,expired,test.test-expired.example,cold,3304711,2,False,1788804281.8822873,
unbound,expired,test.test-expired.example,cold,3070779,2,False,1788804281.8854558,
unbound,expired,test.test-expired.example,cold,3297273,2,False,1788804281.8888285,
unbound,expired,test.test-expired.example,cold,2891398,2,False,1788804281.891798,
unbound,expired,test.test-expired.example,cold,3498379,2,False,1788804281.8953762,
unbound,expired,test.test-expired.example,cold,3046210,2,False,1788804281.8984947,
unbound,expired,test.test-expired.example,cold,4189260,2,False,1788804281.9027624,
unbound,expired,test.test-expired.example,cold,4376046,2,False,1788804281.9072306,
unbound,expired,test.test-expired.example,cold,2999651,2,False,1788804281.910314,
unbound,expired,test.test-expired.example,cold,3030517,2,False,1788804281.913412,
unbound,expired,test.test-expired.example,cold,3452024,2,False,1788804281.9169238,
unbound,expired,test.test-expired.example,cold,3056641,2,False,1788804281.92006,
unbound,expired,test.test-expired.example,cold,3161801,2,False,1788804281.9232807,
unbound,expired,test.test-expired.example,cold,3044908,2,False,1788804281.9263928,
unbound,expired,test.test-expired.example,cold,3293888,2,False,1788804281.929762,
unbound,expired,test.test-expired.example,cold,4290141,2,False,1788804281.9341445,
unbound,expired,test.test-expired.example,cold,3499781,2,False,1788804281.9377236,
unbound,expired,test.test-expired.example,cold,3238554,2,False,1788804281.9410467,
unbound,expired,test.test-expired.example,cold,3085190,2,False,1788804281.944197,
unbound,expired,test.test-expired.example,cold,3092941,2,False,1788804281.9473689,
unbound,expired,test.test-expired.example,cold,3469745,2,False,1788804281.9509196,
unbound,expired,test.test-expired.example,cold,3174186,2,False,1788804281.9541717,
unbound,expired,test.test-expired.example,cold,3270008,2,False,1788804281.9574983,
unbound,expired,test.test-expired.example,cold,3042931,2,False,1788804281.9606135,
unbound,expired,test.test-expired.example,cold,3440434,2,False,1788804281.9641235,
unbound,expired,test.test-expired.example,cold,3030210,2,False,1788804281.9672198,
unbound,expired,test.test-expired.example,cold,3735972,2,False,1788804281.9710336,
unbound,expired,test.test-expired.example,cold,3745073,2,False,1788804281.9748662,
unbound,expired,test.test-expired.example,cold,5265929,2,False,1788804281.980234,
unbound,expired,test.test-expired.example,cold,3626319,2,False,1788804281.983959,
unbound,expired,test.test-expired.example,cold,3169866,2,False,1788804281.9871933,
unbound,expired,test.test-expired.example,cold,3102923,2,False,1788804281.990357,
unbound,expired,test.test-expired.example,cold,3040928,2,False,1788804281.9934828,
unbound,expired,test.test-expired.example,cold,3962648,2,False,1788804281.9975116,
unbound,expired,test.test-expired.example,cold,3464442,2,False,1788804282.0010412,
unbound,expired,test.test-expired.example,cold,3092211,2,False,1788804282.0042064,
unbound,expired,test.test-expired.example,cold,3227322,2,False,1788804282.0075219,
unbound,expired,test.test-expired.example,cold,3727138,2,False,1788804282.0113344,
unbound,expired,test.test-expired.example,cold,4299798,2,False,1788804282.0157113,
unbound,expired,test.test-expired.example,cold,3685818,2,False,1788804282.0194638,
unbound,expired,test.test-expired.example,cold,3160546,2,False,1788804282.0227144,
unbound,expired,test.test-expired.example,cold,3336007,2,False,1788804282.026131,
unbound,expired,test.test-expired.example,cold,3192278,2,False,1788804282.029402,
unbound,expired,test.test-expired.example,cold,3150814,2,False,1788804282.0326145,
unbound,expired,test.test-expired.example,cold,3098846,2,False,1788804282.0357912,
unbound,expired,test.test-expired.example,cold,3302539,2,False,1788804282.0391593,
unbound,expired,test.test-expired.example,cold,3301078,2,False,1788804282.04254,
unbound,expired,test.test-expired.example,cold,3203208,2,False,1788804282.045818,
unbound,expired,test.test-expired.example,cold,2993870,2,False,1788804282.0488856,
unbound,expired,test.test-expired.example,cold,3144173,2,False,1788804282.0521061,
unbound,expired,test.test-expired.example,cold,3019772,2,False,1788804282.0552049,
unbound,expired,test.test-expired.example,cold,3193396,2,False,1788804282.058474,
unbound,expired,test.test-expired.example,cold,3166243,2,False,1788804282.061707,
unbound,expired,test.test-expired.example,cold,4649012,2,False,1788804282.0664423,
unbound,expired,test.test-expired.example,cold,3723278,2,False,1788804282.0702505,
unbound,expired,test.test-expired.example,cold,3813587,2,False,1788804282.0741324,
unbound,expired,test.test-expired.example,cold,3053762,2,False,1788804282.0772698,
unbound,expired,test.test-expired.example,cold,3440036,2,False,1788804282.0807798,
unbound,expired,test.test-expired.example,cold,3014651,2,False,1788804282.0838563,
unbound,expired,test.test-expired.example,cold,3528142,2,False,1788804282.0874627,
unbound,expired,test.test-expired.example,cold,4099746,2,False,1788804282.0916393,
unbound,expired,test.test-expired.example,cold,3322056,2,False,1788804282.0950518,
unbound,expired,test.test-expired.example,cold,3168247,2,False,1788804282.0983014,
unbound,expired,test.test-expired.example,cold,3661083,2,False,1788804282.102026,
unbound,expired,test.test-expired.example,cold,3682679,2,False,1788804282.1058006,
unbound,expired,test.test-expired.example,cold,3444417,2,False,1788804282.109332,
unbound,expired,test.test-expired.example,cold,3106132,2,False,1788804282.1125133,
unbound,expired,test.test-expired.example,cold,2944896,2,False,1788804282.1155274,
unbound,expired,test.test-expired.example,cold,3244295,2,False,1788804282.1188447,
unbound,expired,test.test-expired.example,cold,3444931,2,False,1788804282.1223583,
unbound,expired,test.test-expired.example,cold,3275099,2,False,1788804282.125707,
unbound,expired,test.test-expired.example,cold,6534590,2,False,1788804282.132323,
unbound,expired,test.test-expired.example,cold,4400901,2,False,1788804282.1368477,
unbound,expired,test.test-expired.example,cold,2984241,2,False,1788804282.1398969,
unbound,expired,test.test-expired.example,cold,7966037,2,False,1788804282.1479475,
unbound,expired,test.test-expired.example,cold,5306346,2,False,1788804282.1533422,
unbound,expired,test.test-expired.example,cold,6949439,2,False,1788804282.1603842,
unbound,expired,test.test-expired.example,cold,4350649,2,False,1788804282.1650538,
unbound,expired,test.test-expired.example,cold,4149217,2,False,1788804282.1692808,
unbound,expired,test.test-expired.example,cold,5174237,2,False,1788804282.1745446,
unbound,expired,test.test-expired.example,cold,5073091,2,False,1788804282.1796994,
unbound,expired,test.test-expired.example,cold,4586587,2,False,1788804282.1843896,
unbound,expired,test.test-expired.example,cold,3434759,2,False,1788804282.1879895,
unbound,expired,test.test-expired.example,cold,2958211,2,False,1788804282.1910887,
unbound,expired,test.test-expired.example,cold,2975221,2,False,1788804282.1941392,
unbound,expired,test.test-expired.example,cold,3216513,2,False,1788804282.1974123,
unbound,expired,test.test-expired.example,cold,3406225,2,False,1788804282.2009065,
unbound,expired,test.test-expired.example,cold,3141115,2,False,1788804282.2041261,
unbound,expired,test.test-expired.example,cold,3213689,2,False,1788804282.207464,
unbound,expired,test.test-expired.example,cold,3152565,2,False,1788804282.2106829,
unbound,expired,test.test-expired.example,cold,3113027,2,False,1788804282.2138655,
unbound,expired,test.test-expired.example,cold,3883506,2,False,1788804282.217831,
unbound,expired,test.test-expired.example,cold,3157763,2,False,1788804282.2210653,
unbound,expired,test.test-expired.example,cold,4426586,2,False,1788804282.225562,
unbound,expired,test.test-expired.example,cold,4021208,2,False,1788804282.2296717,
unbound,expired,test.test-expired.example,cold,3161324,2,False,1788804282.2329023,
unbound,expired,test.test-expired.example,cold,3076542,2,False,1788804282.23606,
unbound,expired,test.test-expired.example,cold,3195282,2,False,1788804282.2393193,
unbound,expired,test.test-expired.example,cold,3203781,2,False,1788804282.2425907,
unbound,expired,test.test-expired.example,cold,3176759,2,False,1788804282.245854,
unbound,expired,test.test-expired.example,cold,3350150,2,False,1788804282.2492666,
unbound,expired,test.test-expired.example,cold,4482453,2,False,1788804282.253828,
unbound,expired,test.test-expired.example,cold,3501291,2,False,1788804282.257409,
unbound,expired,test.test-expired.example,cold,3228519,2,False,1788804282.260721,
unbound,expired,test.test-expired.example,cold,3074944,2,False,1788804282.2638776,
unbound,expired,test.test-expired.example,cold,2983482,2,False,1788804282.2669303,
unbound,expired,test.test-expired.example,cold,3178590,2,False,1788804282.2701743,
unbound,expired,test.test-expired.example,cold,3045106,2,False,1788804282.2732966,
unbound,expired,test.test-expired.example,cold,3609987,2,False,1788804282.2769852,
unbound,expired,test.test-expired.example,cold,3182864,2,False,1788804282.2802281,
unbound,expired,test.test-expired.example,cold,3210794,2,False,1788804282.2835026,
unbound,expired,test.test-expired.example,cold,3269145,2,False,1788804282.2868483,
unbound,expired,test.test-expired.example,cold,3264138,2,False,1788804282.290181,
unbound,expired,test.test-expired.example,cold,3601470,2,False,1788804282.2938573,
unbound,expired,test.test-expired.example,cold,3224479,2,False,1788804282.2971947,
unbound,expired,test.test-expired.example,cold,3086984,2,False,1788804282.3003619,
unbound,expired,test.test-expired.example,cold,3359419,2,False,1788804282.3038182,
unbound,expired,test.test-expired.example,cold,5566606,2,False,1788804282.3094635,
unbound,expired,test.test-expired.example,cold,3049608,2,False,1788804282.3125744,
unbound,expired,test.test-expired.example,cold,2986331,2,False,1788804282.3156304,
unbound,expired,test.test-expired.example,cold,3153673,2,False,1788804282.3188396,
unbound,expired,test.test-expired.example,cold,3242471,2,False,1788804282.322168,
unbound,expired,test.test-expired.example,cold,3050191,2,False,1788804282.3253038,
unbound,expired,test.test-expired.example,cold,3665297,2,False,1788804282.3290288,
unbound,expired,test.test-expired.example,cold,4106335,2,False,1788804282.333227,
unbound,expired,test.test-expired.example,cold,3737099,2,False,1788804282.3370442,
unbound,expired,test.test-expired.example,cold,3352170,2,False,1788804282.3404698,
unbound,expired,test.test-expired.example,cold,2899212,2,False,1788804282.3434417,
unbound,expired,test.test-expired.example,cold,3157829,2,False,1788804282.3466725,
unbound,expired,test.test-expired.example,cold,3159572,2,False,1788804282.349925,
unbound,expired,test.test-expired.example,cold,3275835,2,False,1788804282.353271,
unbound,expired,test.test-expired.example,cold,3004475,2,False,1788804282.3563504,
unbound,expired,test.test-expired.example,cold,3167855,2,False,1788804282.3596094,
unbound,expired,test.test-expired.example,cold,3202243,2,False,1788804282.3628833,
unbound,expired,test.test-expired.example,cold,3092447,2,False,1788804282.366036,
unbound,expired,test.test-expired.example,cold,3271289,2,False,1788804282.369381,
unbound,expired,test.test-expired.example,cold,3115007,2,False,1788804282.3725662,
unbound,expired,test.test-expired.example,cold,3056383,2,False,1788804282.375695,
unbound,expired,test.test-expired.example,cold,3140063,2,False,1788804282.3789067,
unbound,expired,test.test-expired.example,cold,4175542,2,False,1788804282.3831513,
unbound,expired,test.test-expired.example,cold,5157110,2,False,1788804282.3884263,
unbound,expired,test.test-expired.example,cold,7448619,2,False,1788804282.3959858,
unbound,expired,test.test-expired.example,cold,4718795,2,False,1788804282.400801,
unbound,expired,test.test-expired.example,cold,3621103,2,False,1788804282.40464,
unbound,expired,test.test-expired.example,cold,4110457,2,False,1788804282.4088461,
unbound,expired,test.test-expired.example,cold,3376746,2,False,1788804282.4123073,
unbound,expired,test.test-expired.example,cold,5569214,2,False,1788804282.4179504,
unbound,expired,test.test-expired.example,cold,4412618,2,False,1788804282.4224432,
unbound,expired,test.test-expired.example,cold,5009108,2,False,1788804282.4275498,
unbound,expired,test.test-expired.example,cold,3776372,2,False,1788804282.431509,
unbound,expired,test.test-expired.example,cold,3769112,2,False,1788804282.4353707,
unbound,expired,test.test-expired.example,cold,3167683,2,False,1788804282.4386408,
unbound,expired,test.test-expired.example,cold,3192260,2,False,1788804282.4418964,
unbound,expired,test.test-expired.example,cold,4700679,2,False,1788804282.4466677,
unbound,expired,test.test-expired.example,cold,3916734,2,False,1788804282.4506679,
unbound,expired,test.test-expired.example,cold,3510585,2,False,1788804282.4542441,
unbound,expired,test.test-expired.example,cold,3162025,2,False,1788804282.45748,
unbound,expired,test.test-expired.example,cold,3143666,2,False,1788804282.4607031,
unbound,expired,test.test-expired.example,cold,3370820,2,False,1788804282.4641457,
unbound,expired,test.test-expired.example,cold,3472599,2,False,1788804282.4677188,
unbound,expired,test.test-expired.example,cold,3844614,2,False,1788804282.4716513,
unbound,expired,test.test-expired.example,cold,3360406,2,False,1788804282.475081,
unbound,expired,test.test-expired.example,cold,3277436,2,False,1788804282.4784331,
unbound,expired,test.test-expired.example,cold,3156933,2,False,1788804282.481667,
unbound,expired,test.test-expired.example,cold,2995556,2,False,1788804282.484735,
unbound,expired,test.test-expired.example,cold,3107086,2,False,1788804282.487907,
unbound,expired,test.test-expired.example,cold,4055996,2,False,1788804282.49204,
unbound,expired,test.test-expired.example,cold,3621113,2,False,1788804282.495739,
unbound,expired,test.test-expired.example,cold,3211941,2,False,1788804282.4990232,
unbound,expired,test.test-expired.example,cold,3260441,2,False,1788804282.5023587,
unbound,expired,test.test-expired.example,cold,3133321,2,False,1788804282.5055902,
unbound,expired,test.test-expired.example,cold,3081439,2,False,1788804282.508759,
unbound,expired,test.test-expired.example,cold,3678641,2,False,1788804282.512518,
unbound,expired,test.test-expired.example,cold,3491630,2,False,1788804282.5161026,
unbound,expired,test.test-expired.example,cold,3298295,2,False,1788804282.5194836,
unbound,expired,test.test-expired.example,cold,3602212,2,False,1788804282.5231771,
unbound,expired,test.test-expired.example,cold,4395747,2,False,1788804282.5276437,
unbound,expired,test.test-expired.example,cold,3147734,2,False,1788804282.5308664,
unbound,expired,test.test-expired.example,cold,2979874,2,False,1788804282.5339344,
unbound,expired,test.test-expired.example,cold,3058041,2,False,1788804282.5370688,
unbound,expired,test.test-expired.example,cold,3158524,2,False,1788804282.5403168,
unbound,expired,test.test-expired.example,cold,3303001,2,False,1788804282.5436943,
unbound,expired,test.test-expired.example,cold,4665749,2,False,1788804282.5484517,
unbound,expired,test.test-expired.example,cold,3160394,2,False,1788804282.551691,
unbound,expired,test.test-expired.example,cold,3081192,2,False,1788804282.5548506,
unbound,expired,test.test-expired.example,cold,3464003,2,False,1788804282.5583918,
unbound,expired,test.test-expired.example,cold,3045267,2,False,1788804282.5615125,
unbound,expired,test.test-expired.example,cold,3015684,2,False,1788804282.5645971,
unbound,expired,test.test-expired.example,cold,6404356,2,False,1788804282.5710695,
unbound,expired,test.test-expired.example,cold,8646677,2,False,1788804282.5798109,
unbound,expired,test.test-expired.example,cold,7097630,2,False,1788804282.5870087,
unbound,expired,test.test-expired.example,cold,5934251,2,False,1788804282.5930986,
unbound,expired,test.test-expired.example,cold,6741535,2,False,1788804282.599933,
unbound,expired,test.test-expired.example,cold,3535805,2,False,1788804282.603556,
unbound,expired,test.test-expired.example,cold,3372255,2,False,1788804282.6070077,
unbound,expired,test.test-expired.example,cold,3083906,2,False,1788804282.6101649,
unbound,expired,test.test-expired.example,cold,3444642,2,False,1788804282.6136928,
unbound,expired,test.test-expired.example,cold,2958166,2,False,1788804282.6167152,
unbound,expired,test.test-expired.example,cold,3289621,2,False,1788804282.6200805,
unbound,expired,test.test-expired.example,cold,3138968,2,False,1788804282.6232867,
unbound,expired,test.test-expired.example,cold,5650893,2,False,1788804282.6290317,
unbound,expired,test.test-expired.example,cold,3534883,2,False,1788804282.6326306,
unbound,expired,test.test-expired.example,cold,3636185,2,False,1788804282.636347,
unbound,expired,test.test-expired.example,cold,2991130,2,False,1788804282.639434,
unbound,expired,test.test-expired.example,cold,3143374,2,False,1788804282.6426492,
unbound,expired,test.test-expired.example,cold,3112309,2,False,1788804282.6458318,
unbound,expired,test.test-expired.example,cold,3459294,2,False,1788804282.649358,
unbound,expired,test.test-expired.example,cold,3075205,2,False,1788804282.652514,
unbound,expired,test.test-expired.example,cold,2972704,2,False,1788804282.655563,
unbound,expired,test.test-expired.example,cold,3041761,2,False,1788804282.6586616,
unbound,expired,test.test-expired.example,cold,3207601,2,False,1788804282.6619291,
unbound,expired,test.test-expired.example,cold,3004528,2,False,1788804282.6650188,
unbound,expired,test.test-expired.example,cold,3121799,2,False,1788804282.6682394,
unbound,expired,test.test-expired.example,cold,2978710,2,False,1788804282.671296,
unbound,expired,test.test-expired.example,cold,3538555,2,False,1788804282.6748977,
unbound,expired,test.test-expired.example,cold,3133365,2,False,1788804282.6780903,
unbound,expired,test.test-expired.example,cold,3120813,2,False,1788804282.681283,
unbound,expired,test.test-expired.example,cold,3773310,2,False,1788804282.6851306,
unbound,expired,test.test-expired.example,cold,5948122,2,False,1788804282.6911716,
unbound,expired,test.test-expired.example,cold,4208605,2,False,1788804282.6954796,
unbound,expired,test.test-expired.example,cold,3372929,2,False,1788804282.6989212,
unbound,expired,test.test-expired.example,cold,3317471,2,False,1788804282.7023172,
unbound,expired,test.test-expired.example,cold,3989453,2,False,1788804282.7063794,
unbound,expired,test.test-expired.example,cold,3234619,2,False,1788804282.7096937,
unbound,expired,test.test-expired.example,cold,3284531,2,False,1788804282.7131474,
unbound,expired,test.test-expired.example,cold,3135076,2,False,1788804282.716355,
unbound,expired,test.test-expired.example,cold,2954048,2,False,1788804282.7193882,
unbound,expired,test.test-expired.example,cold,3722679,2,False,1788804282.723174,
unbound,expired,test.test-expired.example,cold,3526546,2,False,1788804282.7268338,
unbound,expired,test.test-expired.example,cold,5042204,2,False,1788804282.7319517,
unbound,expired,test.test-expired.example,cold,4850970,2,False,1788804282.7368934,
unbound,expired,test.test-expired.example,cold,4148179,2,False,1788804282.741131,
unbound,expired,test.test-expired.example,cold,4082228,2,False,1788804282.7452955,
unbound,expired,test.test-expired.example,cold,3211132,2,False,1788804282.7485762,
unbound,expired,test.test-expired.example,cold,3343571,2,False,1788804282.7519908,
unbound,expired,test.test-expired.example,cold,3157906,2,False,1788804282.7552042,
unbound,expired,test.test-expired.example,cold,3172125,2,False,1788804282.7584505,
unbound,expired,test.test-expired.example,cold,3360834,2,False,1788804282.7618759,
unbound,expired,test.test-expired.example,cold,3226946,2,False,1788804282.7651794,
unbound,expired,test.test-expired.example,cold,3076184,2,False,1788804282.768336,
unbound,expired,test.test-expired.example,cold,3240392,2,False,1788804282.771667,
unbound,expired,test.test-expired.example,cold,2999891,2,False,1788804282.7747476,
unbound,expired,test.test-expired.example,cold,3387200,2,False,1788804282.778202,
unbound,expired,test.test-expired.example,cold,3074969,2,False,1788804282.781351,
unbound,expired,test.test-expired.example,cold,4991992,2,False,1788804282.7864308,
unbound,expired,test.test-expired.example,cold,3958659,2,False,1788804282.7904692,
unbound,expired,test.test-expired.example,cold,3279288,2,False,1788804282.7938068,
unbound,expired,test.test-expired.example,cold,2956003,2,False,1788804282.7968185,
unbound,expired,test.test-expired.example,cold,3158869,2,False,1788804282.800034,
unbound,expired,test.test-expired.example,cold,3007440,2,False,1788804282.8031175,
unbound,expired,test.test-expired.example,cold,3116139,2,False,1788804282.8063161,
unbound,expired,test.test-expired.example,cold,3342367,2,False,1788804282.8097322,
unbound,expired,test.test-expired.example,cold,4956931,2,False,1788804282.8147707,
unbound,expired,test.test-expired.example,cold,3462369,2,False,1788804282.8183184,
unbound,expired,test.test-expired.example,cold,3082093,2,False,1788804282.8214731,
unbound,expired,test.test-expired.example,cold,3178411,2,False,1788804282.8247247,
unbound,expired,test.test-expired.example,cold,3099310,2,False,1788804282.8278997,
unbound,expired,test.test-expired.example,cold,3030033,2,False,1788804282.8310032,
unbound,expired,test.test-expired.example,cold,2988707,2,False,1788804282.8340642,
unbound,expired,test.test-expired.example,cold,3157748,2,False,1788804282.8372898,
unbound,expired,test.test-expired.example,cold,3243283,2,False,1788804282.8406026,
unbound,expired,test.test-expired.example,cold,3122308,2,False,1788804282.8438022,
unbound,expired,test.test-expired.example,cold,3199985,2,False,1788804282.8470788,
unbound,expired,test.test-expired.example,cold,3056968,2,False,1788804282.8502066,
unbound,expired,test.test-expired.example,cold,3130203,2,False,1788804282.8534176,
unbound,expired,test.test-expired.example,cold,3288213,2,False,1788804282.8567796,
unbound,expired,test.test-expired.example,cold,3050592,2,False,1788804282.8599055,
unbound,expired,test.test-expired.example,cold,3066230,2,False,1788804282.8630486,
unbound,expired,test.test-expired.example,cold,3325813,2,False,1788804282.8664439,
unbound,expired,test.test-expired.example,cold,3754276,2,False,1788804282.870513,
unbound,expired,test.test-expired.example,cold,3191183,2,False,1788804282.8737726,
unbound,expired,test.test-expired.example,cold,3035399,2,False,1788804282.8768692,
unbound,expired,test.test-expired.example,cold,3225450,2,False,1788804282.8801541,
unbound,expired,test.test-expired.example,cold,3057250,2,False,1788804282.8832695,
unbound,expired,test.test-expired.example,cold,3431623,2,False,1788804282.8867686,
unbound,expired,test.test-expired.example,cold,3580545,2,False,1788804282.8904295,
unbound,expired,test.test-expired.example,cold,4243147,2,False,1788804282.8947556,
unbound,expired,test.test-expired.example,cold,3106331,2,False,1788804282.8979414,
unbound,expired,test.test-expired.example,cold,3266374,2,False,1788804282.901279,
unbound,expired,test.test-expired.example,cold,3391835,2,False,1788804282.904742,
unbound,expired,test.test-expired.example,cold,3039464,2,False,1788804282.9078417,
unbound,expired,test.test-expired.example,cold,3224956,2,False,1788804282.9111297,
unbound,expired,test.test-expired.example,cold,3071277,2,False,1788804282.9142754,
unbound,expired,test.test-expired.example,cold,3781816,2,False,1788804282.91813,
unbound,expired,test.test-expired.example,cold,3336820,2,False,1788804282.9215417,
unbound,expired,test.test-expired.example,cold,3061613,2,False,1788804282.924678,
unbound,expired,test.test-expired.example,cold,2989037,2,False,1788804282.927739,
unbound,expired,test.test-expired.example,cold,3059088,2,False,1788804282.930853,
unbound,expired,test.test-expired.example,cold,3454512,2,False,1788804282.9343631,
unbound,expired,test.test-expired.example,cold,3109460,2,False,1788804282.9375486,
unbound,expired,test.test-expired.example,cold,3124940,2,False,1788804282.940746,
unbound,expired,test.test-expired.example,cold,4260834,2,False,1788804282.9450696,
unbound,expired,test.test-expired.example,cold,3888503,2,False,1788804282.9490378,
unbound,expired,test.test-expired.example,cold,3166971,2,False,1788804282.9522858,
unbound,expired,test.test-expired.example,cold,3327633,2,False,1788804282.9556904,
unbound,expired,test.test-expired.example,cold,3106400,2,False,1788804282.9588597,
unbound,expired,test.test-expired.example,cold,3213043,2,False,1788804282.9621482,
unbound,expired,test.test-expired.example,cold,3261465,2,False,1788804282.9654834,
unbound,expired,test.test-expired.example,cold,3250247,2,False,1788804282.9688041,
unbound,expired,test.test-expired.example,cold,4012427,2,False,1788804282.9729054,
unbound,expired,test.test-expired.example,cold,3883488,2,False,1788804282.9768822,
unbound,expired,test.test-expired.example,cold,4774992,2,False,1788804282.9820104,
unbound,expired,test.test-expired.example,cold,3798258,2,False,1788804282.9859047,
unbound,expired,test.test-expired.example,cold,3062300,2,False,1788804282.9890542,
unbound,expired,test.test-expired.example,cold,3382184,2,False,1788804282.992511,
unbound,expired,test.test-expired.example,cold,3318370,2,False,1788804282.9959083,
unbound,expired,test.test-expired.example,cold,3045630,2,False,1788804282.9990513,
unbound,expired,test.test-expired.example,cold,3239834,2,False,1788804283.002362,
unbound,expired,test.test-expired.example,cold,3239489,2,False,1788804283.005662,
unbound,expired,test.test-expired.example,cold,3357499,2,False,1788804283.0090952,
unbound,expired,test.test-expired.example,cold,3987209,2,False,1788804283.0131497,
unbound,expired,test.test-expired.example,cold,3284137,2,False,1788804283.0165248,
unbound,expired,test.test-expired.example,cold,7021499,2,False,1788804283.0236444,
unbound,expired,test.test-expired.example,cold,5181147,2,False,1788804283.0289054,
unbound,expired,test.test-expired.example,cold,4195726,2,False,1788804283.033196,
unbound,expired,test.test-expired.example,cold,3467087,2,False,1788804283.0367408,
unbound,expired,test.test-expired.example,cold,3367951,2,False,1788804283.0401914,
unbound,expired,test.test-expired.example,cold,3717149,2,False,1788804283.043982,
unbound,expired,test.test-expired.example,cold,2988097,2,False,1788804283.0470598,
unbound,expired,test.test-expired.example,cold,4046083,2,False,1788804283.0511625,
unbound,expired,test.test-expired.example,cold,3954922,2,False,1788804283.0552514,
unbound,expired,test.test-expired.example,cold,3615220,2,False,1788804283.0589812,
unbound,expired,test.test-expired.example,cold,3344426,2,False,1788804283.0624092,
unbound,expired,test.test-expired.example,cold,3179343,2,False,1788804283.0656643,
unbound,expired,test.test-expired.example,cold,3026026,2,False,1788804283.068767,
unbound,expired,test.test-expired.example,cold,3346326,2,False,1788804283.0721781,
unbound,expired,test.test-expired.example,cold,3217792,2,False,1788804283.0754926,
unbound,expired,test.test-expired.example,cold,3010514,2,False,1788804283.0785816,
unbound,expired,test.test-expired.example,cold,3164423,2,False,1788804283.0818174,
unbound,expired,test.test-expired.example,cold,2962425,2,False,1788804283.0848465,
unbound,expired,test.test-expired.example,cold,3016327,2,False,1788804283.0879247,
unbound,expired,test.test-expired.example,cold,3174312,2,False,1788804283.0911682,
unbound,expired,test.test-expired.example,cold,3299641,2,False,1788804283.0945282,
unbound,expired,test.test-expired.example,cold,3202980,2,False,1788804283.0977964,
unbound,expired,test.test-expired.example,cold,2925100,2,False,1788804283.1007934,
unbound,expired,test.test-expired.example,cold,3614378,2,False,1788804283.1044905,
unbound,expired,test.test-expired.example,cold,3665252,2,False,1788804283.10825,
unbound,expired,test.test-expired.example,cold,3777734,2,False,1788804283.1120994,
unbound,expired,test.test-expired.example,cold,3188626,2,False,1788804283.1153634,
unbound,expired,test.test-expired.example,cold,3087923,2,False,1788804283.118577,
unbound,expired,test.test-expired.example,cold,3430559,2,False,1788804283.1220849,
unbound,expired,test.test-expired.example,cold,3160326,2,False,1788804283.125306,
unbound,expired,test.test-expired.example,cold,3088370,2,False,1788804283.1284573,
unbound,expired,test.test-expired.example,cold,3750327,2,False,1788804283.1322901,
unbound,expired,test.test-expired.example,cold,4195095,2,False,1788804283.1365724,
unbound,expired,test.test-expired.example,cold,3222805,2,False,1788804283.139879,
unbound,expired,test.test-expired.example,cold,3537298,2,False,1788804283.1434958,
unbound,expired,test.test-expired.example,cold,3390476,2,False,1788804283.1469753,
unbound,expired,test.test-expired.example,cold,3123549,2,False,1788804283.1501808,
unbound,expired,test.test-expired.example,cold,3324206,2,False,1788804283.1536016,
unbound,expired,test.test-expired.example,cold,3123751,2,False,1788804283.156804,
unbound,expired,test.test-expired.example,cold,3177438,2,False,1788804283.160065,
unbound,expired,test.test-expired.example,cold,3104631,2,False,1788804283.1632576,
unbound,expired,test.test-expired.example,cold,3196036,2,False,1788804283.166515,
unbound,expired,test.test-expired.example,cold,2965094,2,False,1788804283.1695616,
unbound,expired,test.test-expired.example,cold,3247942,2,False,1788804283.1728833,
unbound,expired,test.test-expired.example,cold,3481626,2,False,1788804283.1764596,
unbound,expired,test.test-expired.example,cold,3033090,2,False,1788804283.1795661,
unbound,expired,test.test-expired.example,cold,3327449,2,False,1788804283.1829758,
unbound,expired,test.test-expired.example,cold,3808989,2,False,1788804283.1868675,
unbound,expired,test.test-expired.example,cold,3551492,2,False,1788804283.190491,
unbound,expired,test.test-expired.example,cold,3442447,2,False,1788804283.1940107,
unbound,expired,test.test-expired.example,cold,3124819,2,False,1788804283.1972334,
unbound,expired,test.test-expired.example,cold,3428912,2,False,1788804283.200756,
unbound,expired,test.test-expired.example,cold,3040638,2,False,1788804283.2038598,
unbound,expired,test.test-expired.example,cold,4049324,2,False,1788804283.208019,
unbound,expired,test.test-expired.example,cold,3702611,2,False,1788804283.2118046,
unbound,expired,test.test-expired.example,cold,4546616,2,False,1788804283.2164402,
unbound,expired,test.test-expired.example,cold,4031201,2,False,1788804283.220552,
unbound,expired,test.test-expired.example,cold,3064098,2,False,1788804283.2236984,
unbound,expired,test.test-expired.example,cold,3179918,2,False,1788804283.2269564,
unbound,expired,test.test-expired.example,cold,3491051,2,False,1788804283.2305264,
unbound,expired,test.test-expired.example,cold,3169958,2,False,1788804283.2337556,
unbound,expired,test.test-expired.example,cold,3020734,2,False,1788804283.2368376,
unbound,expired,test.test-expired.example,cold,3090034,2,False,1788804283.2399876,
unbound,expired,test.test-expired.example,cold,3497750,2,False,1788804283.2435474,
unbound,expired,test.test-expired.example,cold,3329149,2,False,1788804283.2469766,
unbound,expired,test.test-expired.example,cold,3638776,2,False,1788804283.250703,
unbound,expired,test.test-expired.example,cold,3462306,2,False,1788804283.2542424,
unbound,expired,test.test-expired.example,cold,3449349,2,False,1788804283.257777,
unbound,expired,test.test-expired.example,cold,3160780,2,False,1788804283.2610145,
unbound,expired,test.test-expired.example,cold,3873613,2,False,1788804283.2649758,
unbound,expired,test.test-expired.example,cold,3505589,2,False,1788804283.2685661,
unbound,expired,test.test-expired.example,cold,3432468,2,False,1788804283.272077,
unbound,expired,test.test-expired.example,cold,3218322,2,False,1788804283.2753608,
unbound,expired,test.test-expired.example,cold,3461864,2,False,1788804283.2789195,
unbound,expired,test.test-expired.example,cold,3071401,2,False,1788804283.2820685,
unbound,expired,test.test-expired.example,cold,3061012,2,False,1788804283.2852132,
unbound,expired,test.test-expired.example,cold,3225278,2,False,1788804283.2885063,
unbound,expired,test.test-expired.example,cold,4215764,2,False,1788804283.2928028,
unbound,expired,test.test-expired.example,cold,3277611,2,False,1788804283.2961574,
unbound,expired,test.test-expired.example,cold,3288964,2,False,1788804283.2995126,
unbound,expired,test.test-expired.example,cold,3315941,2,False,1788804283.3029087,
unbound,expired,test.test-expired.example,cold,3010321,2,False,1788804283.3059945,
unbound,expired,test.test-expired.example,cold,3161322,2,False,1788804283.3092325,
unbound,expired,test.test-expired.example,cold,2973557,2,False,1788804283.3122644,
unbound,expired,test.test-expired.example,cold,3449960,2,False,1788804283.3157907,
unbound,expired,test.test-expired.example,cold,3108787,2,False,1788804283.3189554,
unbound,expired,test.test-expired.example,cold,3141754,2,False,1788804283.3221595,
unbound,expired,test.test-expired.example,cold,3669481,2,False,1788804283.3258963,
unbound,expired,test.test-expired.example,cold,3273524,2,False,1788804283.329261,
unbound,expired,test.test-expired.example,cold,3242983,2,False,1788804283.332584,
unbound,expired,test.test-expired.example,cold,3144039,2,False,1788804283.3358018,
unbound,expired,test.test-expired.example,cold,3176990,2,False,1788804283.339069,
unbound,expired,test.test-expired.example,cold,3205636,2,False,1788804283.3423615,
unbound,expired,test.test-expired.example,cold,3556239,2,False,1788804283.345994,
unbound,expired,test.test-expired.example,cold,3214994,2,False,1788804283.3492982,
unbound,expired,test.test-expired.example,cold,4366647,2,False,1788804283.3537395,
unbound,expired,test.test-expired.example,cold,3801297,2,False,1788804283.357616,
unbound,expired,test.test-expired.example,cold,3013778,2,False,1788804283.3606892,
unbound,expired,test.test-expired.example,cold,3072508,2,False,1788804283.36384,
unbound,expired,test.test-expired.example,cold,3167941,2,False,1788804283.3670776,
unbound,expired,test.test-expired.example,cold,3315965,2,False,1788804283.3704553,
unbound,expired,test.test-expired.example,cold,3484620,2,False,1788804283.37403,
unbound,expired,test.test-expired.example,cold,3117877,2,False,1788804283.3772116,
unbound,expired,test.test-expired.example,cold,2963457,2,False,1788804283.3802373,
unbound,expired,test.test-expired.example,cold,2919967,2,False,1788804283.3832173,
unbound,expired,test.test-expired.example,cold,3028458,2,False,1788804283.3863142,
unbound,expired,test.test-expired.example,cold,3095523,2,False,1788804283.3894727,
unbound,expired,test.test-expired.example,cold,3073999,2,False,1788804283.3926044,
unbound,expired,test.test-expired.example,cold,3101631,2,False,1788804283.3957846,
unbound,expired,test.test-expired.example,cold,3076577,2,False,1788804283.3989158,
unbound,expired,test.test-expired.example,cold,3255990,2,False,1788804283.4022303,
unbound,expired,test.test-expired.example,cold,3250616,2,False,1788804283.4055603,
unbound,expired,test.test-expired.example,cold,3085939,2,False,1788804283.408731,
unbound,expired,test.test-expired.example,cold,3970258,2,False,1788804283.4127676,
unbound,expired,test.test-expired.example,cold,3137474,2,False,1788804283.415989,
unbound,expired,test.test-expired.example,cold,3144334,2,False,1788804283.419188,
unbound,expired,test.test-expired.example,cold,3128630,2,False,1788804283.4223769,
unbound,expired,test.test-expired.example,cold,3696861,2,False,1788804283.4261286,
unbound,expired,test.test-expired.example,cold,3465245,2,False,1788804283.4296675,
unbound,expired,test.test-expired.example,cold,4435005,2,False,1788804283.4341881,
unbound,expired,test.test-expired.example,cold,3290989,2,False,1788804283.437551,
unbound,expired,test.test-expired.example,cold,3100464,2,False,1788804283.4407268,
unbound,expired,test.test-expired.example,cold,3233453,2,False,1788804283.444026,
unbound,expired,test.test-expired.example,cold,3033587,2,False,1788804283.447145,
unbound,expired,test.test-expired.example,cold,3658039,2,False,1788804283.450877,
unbound,expired,test.test-expired.example,cold,3982055,2,False,1788804283.4549701,
unbound,expired,test.test-expired.example,cold,3346325,2,False,1788804283.458434,
unbound,expired,test.test-expired.example,cold,3057495,2,False,1788804283.461565,
unbound,expired,test.test-expired.example,cold,3264555,2,False,1788804283.464942,
unbound,expired,test.test-expired.example,cold,3185312,2,False,1788804283.4682093,
unbound,expired,test.test-expired.example,cold,3039958,2,False,1788804283.4713233,
unbound,expired,test.test-expired.example,cold,3091669,2,False,1788804283.4744868,
unbound,expired,test.test-expired.example,cold,3183234,2,False,1788804283.477734,
unbound,expired,test.test-expired.example,cold,3115560,2,False,1788804283.4809132,
unbound,expired,test.test-expired.example,cold,3984354,2,False,1788804283.484979,
unbound,expired,test.test-expired.example,cold,3495504,2,False,1788804283.488563,
unbound,expired,test.test-expired.example,cold,3228207,2,False,1788804283.49186,
unbound,expired,test.test-expired.example,cold,3882838,2,False,1788804283.4958384,
unbound,expired,test.test-expired.example,cold,4052742,2,False,1788804283.4999998,
unbound,expired,test.test-expired.example,cold,7264291,2,False,1788804283.5073392,
unbound,expired,test.test-expired.example,cold,4802912,2,False,1788804283.5122313,
unbound,expired,test.test-expired.example,cold,3982238,2,False,1788804283.5162985,
unbound,expired,test.test-expired.example,cold,3965229,2,False,1788804283.5203547,
unbound,expired,test.test-expired.example,cold,3733031,2,False,1788804283.52421,
unbound,expired,test.test-expired.example,cold,3986356,2,False,1788804283.5283308,
unbound,expired,test.test-expired.example,cold,5204115,2,False,1788804283.533648,
unbound,expired,test.test-expired.example,cold,5209826,2,False,1788804283.5389457,
unbound,expired,test.test-expired.example,cold,4666956,2,False,1788804283.5436826,
unbound,expired,test.test-expired.example,cold,5320650,2,False,1788804283.5490935,
unbound,expired,test.test-expired.example,cold,3972470,2,False,1788804283.553145,
unbound,expired,test.test-expired.example,cold,3184890,2,False,1788804283.556433,
unbound,expired,test.test-expired.example,cold,3860600,2,False,1788804283.5603764,
unbound,expired,test.test-expired.example,cold,2992472,2,False,1788804283.563485,
unbound,expired,test.test-expired.example,cold,3384536,2,False,1788804283.566953,
unbound,expired,test.test-expired.example,cold,3169066,2,False,1788804283.5702093,
unbound,expired,test.test-expired.example,cold,3194651,2,False,1788804283.5734673,
unbound,expired,test.test-expired.example,cold,3777503,2,False,1788804283.577323,
unbound,expired,test.test-expired.example,cold,4014186,2,False,1788804283.581415,
unbound,expired,test.test-expired.example,cold,3815441,2,False,1788804283.5853186,
unbound,expired,test.test-expired.example,cold,11985251,2,False,1788804283.5975134,
unbound,expired,test.test-expired.example,cold,5345258,2,False,1788804283.6030238,
unbound,expired,test.test-expired.example,cold,8618992,2,False,1788804283.611733,
unbound,expired,test.test-expired.example,cold,6059025,2,False,1788804283.6178827,
unbound,expired,test.test-expired.example,cold,3666529,2,False,1788804283.6216354,
unbound,expired,test.test-expired.example,cold,3125620,2,False,1788804283.62484,
unbound,expired,test.test-expired.example,cold,3213478,2,False,1788804283.628109,
unbound,expired,test.test-expired.example,cold,3158006,2,False,1788804283.6313288,
unbound,expired,test.test-expired.example,cold,3437692,2,False,1788804283.634836,
unbound,expired,test.test-expired.example,cold,3009767,2,False,1788804283.6379132,
unbound,expired,test.test-expired.example,cold,3276787,2,False,1788804283.6412563,
unbound,expired,test.test-expired.example,cold,3162749,2,False,1788804283.6445072,
unbound,expired,test.test-expired.example,cold,3146737,2,False,1788804283.6477404,
unbound,expired,test.test-expired.example,cold,3145607,2,False,1788804283.6509662,
unbound,expired,test.test-expired.example,cold,3581217,2,False,1788804283.6546166,
unbound,expired,test.test-expired.example,cold,3081600,2,False,1788804283.6577759,
unbound,expired,test.test-expired.example,cold,3142882,2,False,1788804283.6609983,
unbound,expired,test.test-expired.example,cold,3369025,2,False,1788804283.6644452,
unbound,expired,test.test-expired.example,cold,5061175,2,False,1788804283.6696012,
unbound,expired,test.test-expired.example,cold,4920632,2,False,1788804283.6746142,
unbound,expired,test.test-expired.example,cold,3213376,2,False,1788804283.677887,
unbound,expired,test.test-expired.example,cold,3183854,2,False,1788804283.681143,
unbound,expired,test.test-expired.example,cold,3420152,2,False,1788804283.6846247,
unbound,expired,test.test-expired.example,cold,3150661,2,False,1788804283.6878603,
unbound,expired,test.test-expired.example,cold,4593530,2,False,1788804283.6925287,
unbound,expired,test.test-expired.example,cold,3712133,2,False,1788804283.6963403,
unbound,expired,test.test-expired.example,cold,4079151,2,False,1788804283.700531,
unbound,expired,test.test-expired.example,cold,3171385,2,False,1788804283.7037826,
unbound,expired,test.test-expired.example,cold,3185156,2,False,1788804283.70703,
unbound,expired,test.test-expired.example,cold,3052299,2,False,1788804283.7101421,
unbound,expired,test.test-expired.example,cold,3672976,2,False,1788804283.713887,
unbound,expired,test.test-expired.example,cold,3167645,2,False,1788804283.7171307,
unbound,expired,test.test-expired.example,cold,3177173,2,False,1788804283.720384,
unbound,expired,test.test-expired.example,cold,3088787,2,False,1788804283.7235897,
unbound,expired,test.test-expired.example,cold,3016017,2,False,1788804283.7266858,
unbound,expired,test.test-expired.example,cold,3115813,2,False,1788804283.72987,
unbound,expired,test.test-expired.example,cold,3142669,2,False,1788804283.7330976,
unbound,expired,test.test-expired.example,cold,3200443,2,False,1788804283.7363787,
unbound,expired,test.test-expired.example,cold,3152742,2,False,1788804283.7396312,
unbound,expired,test.test-expired.example,cold,3236819,2,False,1788804283.7429347,
unbound,expired,test.test-expired.example,cold,4025335,2,False,1788804283.7470427,
unbound,expired,test.test-expired.example,cold,3696775,2,False,1788804283.7508273,
unbound,expired,test.test-expired.example,cold,3570028,2,False,1788804283.7544665,
unbound,expired,test.test-expired.example,cold,3131719,2,False,1788804283.757687,
unbound,expired,test.test-expired.example,cold,3239523,2,False,1788804283.7610023,
unbound,expired,test.test-expired.example,cold,3117382,2,False,1788804283.7641873,
unbound,expired,test.test-expired.example,cold,3105667,2,False,1788804283.7673695,
unbound,expired,test.test-expired.example,cold,3632180,2,False,1788804283.7710602,
unbound,expired,test.test-expired.example,cold,4674777,2,False,1788804283.77582,
unbound,expired,test.test-expired.example,cold,3464838,2,False,1788804283.7793505,
unbound,expired,test.test-expired.example,cold,3505474,2,False,1788804283.7829134,
unbound,expired,test.test-expired.example,cold,3096269,2,False,1788804283.7860725,
unbound,expired,test.test-expired.example,cold,3099893,2,False,1788804283.7892334,
unbound,expired,test.test-expired.example,cold,3443766,2,False,1788804283.7927554,
unbound,expired,test.test-expired.example,cold,2975984,2,False,1788804283.7957926,
unbound,expired,test.test-expired.example,cold,3287110,2,False,1788804283.7991576,
unbound,expired,test.test-expired.example,cold,3108617,2,False,1788804283.8023307,
unbound,expired,test.test-expired.example,cold,3135447,2,False,1788804283.8055334,
unbound,expired,test.test-expired.example,cold,3103209,2,False,1788804283.8087173,
unbound,expired,test.test-expired.example,cold,2970982,2,False,1788804283.811757,
unbound,expired,test.test-expired.example,cold,3495441,2,False,1788804283.815316,
unbound,expired,test.test-expired.example,cold,3283701,2,False,1788804283.8188665,
unbound,expired,test.test-expired.example,cold,3309325,2,False,1788804283.8222547,
unbound,expired,test.test-expired.example,cold,3853703,2,False,1788804283.8261833,
unbound,expired,test.test-expired.example,cold,3921448,2,False,1788804283.8301952,
unbound,expired,test.test-expired.example,cold,3208822,2,False,1788804283.8334768,
unbound,expired,test.test-expired.example,cold,3815814,2,False,1788804283.8373642,
unbound,expired,test.test-expired.example,cold,3279650,2,False,1788804283.840711,
unbound,expired,test.test-expired.example,cold,3031637,2,False,1788804283.8438017,
unbound,expired,test.test-expired.example,cold,3291728,2,False,1788804283.8471782,
unbound,expired,test.test-expired.example,cold,3235499,2,False,1788804283.8504844,
unbound,expired,test.test-expired.example,cold,4146070,2,False,1788804283.8547263,
unbound,expired,test.test-expired.example,cold,4073492,2,False,1788804283.8589084,
unbound,expired,test.test-expired.example,cold,3402697,2,False,1788804283.8624015,
unbound,expired,test.test-expired.example,cold,3146582,2,False,1788804283.8656163,
unbound,expired,test.test-expired.example,cold,3106702,2,False,1788804283.868803,
unbound,expired,test.test-expired.example,cold,3187446,2,False,1788804283.8720553,
unbound,expired,test.test-expired.example,cold,3112152,2,False,1788804283.8752458,
unbound,expired,test.test-expired.example,cold,3062938,2,False,1788804283.8783743,
unbound,expired,test.test-expired.example,cold,3322933,2,False,1788804283.8817747,
unbound,expired,test.test-expired.example,cold,3170483,2,False,1788804283.8850086,
unbound,expired,test.test-expired.example,cold,3000285,2,False,1788804283.8880677,
unbound,expired,test.test-expired.example,cold,4188088,2,False,1788804283.89233,
unbound,expired,test.test-expired.example,cold,3419435,2,False,1788804283.8958273,
unbound,expired,test.test-expired.example,cold,3269473,2,False,1788804283.899159,
unbound,expired,test.test-expired.example,cold,3268073,2,False,1788804283.9025047,
unbound,expired,test.test-expired.example,cold,3365073,2,False,1788804283.9059312,
unbound,expired,test.test-expired.example,cold,4092573,2,False,1788804283.9101155,
unbound,expired,test.test-expired.example,cold,6182646,2,False,1788804283.9163744,
unbound,expired,test.test-expired.example,cold,3317185,2,False,1788804283.9197934,
unbound,expired,test.test-expired.example,cold,3264853,2,False,1788804283.92312,
unbound,expired,test.test-expired.example,cold,3095570,2,False,1788804283.9262877,
unbound,expired,test.test-expired.example,cold,3320366,2,False,1788804283.9296846,
unbound,expired,test.test-expired.example,cold,5448508,2,False,1788804283.9352357,
unbound,expired,test.test-expired.example,cold,5494507,2,False,1788804283.9408805,
unbound,expired,test.test-expired.example,cold,4346894,2,False,1788804283.9453828,
unbound,expired,test.test-expired.example,cold,4634905,2,False,1788804283.9501042,
unbound,expired,test.test-expired.example,cold,5404991,2,False,1788804283.9556158,
unbound,expired,test.test-expired.example,cold,3584799,2,False,1788804283.959306,
unbound,expired,test.test-expired.example,cold,4371162,2,False,1788804283.963764,
unbound,expired,test.test-expired.example,cold,4876389,2,False,1788804283.9687223,
unbound,expired,test.test-expired.example,cold,4183158,2,False,1788804283.972995,
unbound,expired,test.test-expired.example,cold,4744878,2,False,1788804283.977828,
unbound,expired,test.test-expired.example,cold,3287769,2,False,1788804283.9811826,
unbound,expired,test.test-expired.example,cold,3199213,2,False,1788804283.9844518,
unbound,expired,test.test-expired.example,cold,3487644,2,False,1788804283.988021,
unbound,expired,test.test-expired.example,cold,3069256,2,False,1788804283.9911754,
unbound,expired,test.test-expired.example,cold,3274740,2,False,1788804283.9945161,
unbound,expired,test.test-expired.example,cold,3420205,2,False,1788804283.9980035,
unbound,expired,test.test-expired.example,cold,2990685,2,False,1788804284.0010583,
unbound,expired,test.test-expired.example,cold,3231073,2,False,1788804284.0043678,
unbound,expired,test.test-expired.example,cold,3100601,2,False,1788804284.0075772,
unbound,expired,test.test-expired.example,cold,3540970,2,False,1788804284.011177,
unbound,expired,test.test-expired.example,cold,3465751,2,False,1788804284.0147312,
unbound,expired,test.test-expired.example,cold,3991226,2,False,1788804284.0188076,
unbound,expired,test.test-expired.example,cold,3229127,2,False,1788804284.022115,
unbound,expired,test.test-expired.example,cold,3652689,2,False,1788804284.0258281,
unbound,expired,test.test-expired.example,cold,4814996,2,False,1788804284.0307178,
unbound,expired,test.test-expired.example,cold,4042394,2,False,1788804284.0348475,
unbound,expired,test.test-expired.example,cold,3142902,2,False,1788804284.038056,
unbound,expired,test.test-expired.example,cold,3312881,2,False,1788804284.0414443,
unbound,expired,test.test-expired.example,cold,3443603,2,False,1788804284.044951,
unbound,expired,test.test-expired.example,cold,3191630,2,False,1788804284.0482142,
unbound,expired,test.test-expired.example,cold,3104779,2,False,1788804284.0513773,
unbound,expired,test.test-expired.example,cold,2948507,2,False,1788804284.054405,
unbound,expired,test.test-expired.example,cold,4031049,2,False,1788804284.0585072,
unbound,expired,test.test-expired.example,cold,3718049,2,False,1788804284.062323,
unbound,expired,test.test-expired.example,cold,4150374,2,False,1788804284.066544,
unbound,expired,test.test-expired.example,cold,3708241,2,False,1788804284.0703404,
unbound,expired,test.test-expired.example,cold,3315498,2,False,1788804284.0737336,
unbound,expired,test.test-expired.example,cold,3655414,2,False,1788804284.0774536,
unbound,expired,test.test-expired.example,cold,3413445,2,False,1788804284.0809252,
unbound,expired,test.test-expired.example,cold,2957113,2,False,1788804284.0839384,
unbound,expired,test.test-expired.example,cold,3182014,2,False,1788804284.0871947,
unbound,expired,test.test-expired.example,cold,3105737,2,False,1788804284.0903764,
unbound,expired,test.test-expired.example,cold,3466101,2,False,1788804284.0938995,
unbound,expired,test.test-expired.example,cold,4169791,2,False,1788804284.0981414,
unbound,expired,test.test-expired.example,cold,3252887,2,False,1788804284.1014555,
unbound,expired,test.test-expired.example,cold,3252731,2,False,1788804284.104792,
unbound,expired,test.test-expired.example,cold,4066121,2,False,1788804284.1089513,
unbound,expired,test.test-expired.example,cold,3669722,2,False,1788804284.1127086,
unbound,expired,test.test-expired.example,cold,3093476,2,False,1788804284.1158707,
unbound,expired,test.test-expired.example,cold,3539187,2,False,1788804284.1195986,
unbound,expired,test.test-expired.example,cold,3009763,2,False,1788804284.122668,
unbound,expired,test.test-expired.example,cold,3040519,2,False,1788804284.1257713,
unbound,expired,test.test-expired.example,cold,3856839,2,False,1788804284.129696,
unbound,expired,test.test-expired.example,cold,3294451,2,False,1788804284.133063,
unbound,expired,test.test-expired.example,cold,3016584,2,False,1788804284.1361663,
unbound,expired,test.test-expired.example,cold,3155417,2,False,1788804284.1393855,
unbound,expired,test.test-expired.example,cold,3355380,2,False,1788804284.1427965,
unbound,expired,test.test-expired.example,cold,3876525,2,False,1788804284.1467369,
unbound,expired,test.test-expired.example,cold,3402751,2,False,1788804284.1502206,
unbound,expired,test.test-expired.example,cold,2974907,2,False,1788804284.1532662,
unbound,expired,test.test-expired.example,cold,3955146,2,False,1788804284.1573005,
unbound,expired,test.test-expired.example,cold,3116274,2,False,1788804284.1604912,
unbound,expired,test.test-expired.example,cold,3135203,2,False,1788804284.163703,
unbound,expired,test.test-expired.example,cold,3543517,2,False,1788804284.1673472,
unbound,expired,test.test-expired.example,cold,3174225,2,False,1788804284.1706,
unbound,expired,test.test-expired.example,cold,4879342,2,False,1788804284.1755602,
unbound,expired,test.test-expired.example,cold,4193102,2,False,1788804284.1798456,
unbound,expired,test.test-expired.example,cold,3249535,2,False,1788804284.183167,
unbound,expired,test.test-expired.example,cold,3077568,2,False,1788804284.186307,
unbound,expired,test.test-expired.example,cold,3153076,2,False,1788804284.1895537,
unbound,expired,test.test-expired.example,cold,3146344,2,False,1788804284.1927888,
unbound,expired,test.test-expired.example,cold,3162205,2,False,1788804284.1960266,
unbound,expired,test.test-expired.example,cold,3053563,2,False,1788804284.199148,
unbound,expired,test.test-expired.example,cold,3135666,2,False,1788804284.2023628,
unbound,expired,test.test-expired.example,cold,3018947,2,False,1788804284.205456,
unbound,expired,test.test-expired.example,cold,3127679,2,False,1788804284.2086468,
unbound,expired,test.test-expired.example,cold,4754155,2,False,1788804284.2134664,
unbound,expired,test.test-expired.example,cold,3036850,2,False,1788804284.2165835,
unbound,expired,test.test-expired.example,cold,3042125,2,False,1788804284.2196836,
unbound,expired,test.test-expired.example,cold,3209673,2,False,1788804284.2229626,
unbound,expired,test.test-expired.example,cold,3634625,2,False,1788804284.2266595,
unbound,expired,test.test-expired.example,cold,3820091,2,False,1788804284.2305825,
unbound,expired,test.test-expired.example,cold,3435612,2,False,1788804284.2341118,
unbound,expired,test.test-expired.example,cold,3459604,2,False,1788804284.2376542,
unbound,expired,test.test-expired.example,cold,3058089,2,False,1788804284.2407966,
unbound,expired,test.test-expired.example,cold,3150865,2,False,1788804284.2440107,
unbound,expired,test.test-expired.example,cold,3262115,2,False,1788804284.247348,
unbound,expired,test.test-expired.example,cold,3165587,2,False,1788804284.250595,
unbound,expired,test.test-expired.example,cold,4179041,2,False,1788804284.2548492,
unbound,expired,test.test-expired.example,cold,4501448,2,False,1788804284.259436,
unbound,expired,test.test-expired.example,cold,3723100,2,False,1788804284.2632532,
unbound,expired,test.test-expired.example,cold,3895440,2,False,1788804284.26722,
unbound,expired,test.test-expired.example,cold,4014977,2,False,1788804284.271318,
unbound,expired,test.test-expired.example,cold,3965646,2,False,1788804284.2753587,
unbound,expired,test.test-expired.example,cold,3976260,2,False,1788804284.2794058,
unbound,expired,test.test-expired.example,cold,3698649,2,False,1788804284.283203,
unbound,expired,test.test-expired.example,cold,3753403,2,False,1788804284.2870433,
unbound,expired,test.test-expired.example,cold,4745548,2,False,1788804284.291863,
unbound,expired,test.test-expired.example,cold,4824531,2,False,1788804284.296768,
unbound,expired,test.test-expired.example,cold,4229182,2,False,1788804284.3010833,
unbound,expired,test.test-expired.example,cold,4274678,2,False,1788804284.30545,
unbound,expired,test.test-expired.example,cold,6082675,2,False,1788804284.3116128,
unbound,expired,test.test-expired.example,cold,9934638,2,False,1788804284.3217168,
unbound,expired,test.test-expired.example,cold,7071231,2,False,1788804284.3291433,
unbound,expired,test.test-expired.example,cold,5323534,2,False,1788804284.334599,
unbound,expired,test.test-expired.example,cold,4939340,2,False,1788804284.3397095,
unbound,expired,test.test-expired.example,cold,3731977,2,False,1788804284.3435152,
unbound,expired,test.test-expired.example,cold,4882389,2,False,1788804284.3485,
unbound,expired,test.test-expired.example,cold,4033915,2,False,1788804284.3526247,
unbound,expired,test.test-expired.example,cold,5391025,2,False,1788804284.3580995,
unbound,expired,test.test-expired.example,cold,5160981,2,False,1788804284.3633666,
unbound,expired,test.test-expired.example,cold,4571965,2,False,1788804284.3680944,
unbound,expired,test.test-expired.example,cold,4007818,2,False,1788804284.3721955,
unbound,expired,test.test-expired.example,cold,3833373,2,False,1788804284.3761134,
unbound,expired,test.test-expired.example,cold,3604307,2,False,1788804284.3797867,
unbound,expired,test.test-expired.example,cold,5543924,2,False,1788804284.38542,
unbound,expired,test.test-expired.example,cold,5345239,2,False,1788804284.390956,
unbound,expired,test.test-expired.example,cold,6932979,2,False,1788804284.3979714,
unbound,expired,test.test-expired.example,cold,6565254,2,False,1788804284.4046524,
unbound,expired,test.test-expired.example,cold,4174866,2,False,1788804284.4089134,
unbound,expired,test.test-expired.example,cold,7015309,2,False,1788804284.4160185,
unbound,expired,test.test-expired.example,cold,14228272,2,False,1788804284.4303493,
unbound,expired,test.test-expired.example,cold,4377328,2,False,1788804284.4348235,
unbound,expired,test.test-expired.example,cold,3840804,2,False,1788804284.4387472,
unbound,expired,test.test-expired.example,cold,3888997,2,False,1788804284.4427197,
unbound,expired,test.test-expired.example,cold,4780110,2,False,1788804284.447584,
unbound,expired,test.test-expired.example,cold,3717092,2,False,1788804284.4513917,
unbound,expired,test.test-expired.example,cold,4517556,2,False,1788804284.455981,
unbound,expired,test.test-expired.example,cold,5297128,2,False,1788804284.4613678,
unbound,expired,test.test-expired.example,cold,4787470,2,False,1788804284.466248,
unbound,expired,test.test-expired.example,cold,5166401,2,False,1788804284.4715393,
unbound,expired,test.test-expired.example,cold,6187841,2,False,1788804284.4778597,
unbound,expired,test.test-expired.example,cold,5171147,2,False,1788804284.4831343,
unbound,expired,test.test-expired.example,cold,4161133,2,False,1788804284.4873734,
unbound,expired,test.test-expired.example,cold,5125831,2,False,1788804284.49257,
unbound,expired,test.test-expired.example,cold,4785592,2,False,1788804284.4974477,
unbound,expired,test.test-expired.example,cold,3981932,2,False,1788804284.501513,
unbound,expired,test.test-expired.example,cold,3189313,2,False,1788804284.504785,
unbound,expired,test.test-expired.example,cold,2991621,2,False,1788804284.5078595,
unbound,expired,test.test-expired.example,cold,4185074,2,False,1788804284.5121224,
unbound,expired,test.test-expired.example,cold,7937523,2,False,1788804284.5201564,
unbound,expired,test.test-expired.example,cold,4773481,2,False,1788804284.525035,
unbound,expired,test.test-expired.example,cold,4974212,2,False,1788804284.5300944,
unbound,expired,test.test-expired.example,cold,3528330,2,False,1788804284.5337014,
unbound,expired,test.test-expired.example,cold,3856668,2,False,1788804284.5376654,
unbound,expired,test.test-expired.example,cold,3856945,2,False,1788804284.5416234,
unbound,expired,test.test-expired.example,cold,4024526,2,False,1788804284.5457318,
unbound,expired,test.test-expired.example,cold,3785661,2,False,1788804284.5496054,
unbound,expired,test.test-expired.example,cold,3874447,2,False,1788804284.5535817,
unbound,expired,test.test-expired.example,cold,4810371,2,False,1788804284.5584788,
unbound,expired,test.test-expired.example,cold,3834302,2,False,1788804284.562407,
unbound,expired,test.test-expired.example,cold,3402538,2,False,1788804284.5659115,
unbound,expired,test.test-expired.example,cold,3580051,2,False,1788804284.5695543,
unbound,expired,test.test-expired.example,cold,4296375,2,False,1788804284.5739403,
unbound,expired,test.test-expired.example,cold,8982233,2,False,1788804284.5830164,
unbound,expired,test.test-expired.example,cold,4574713,2,False,1788804284.5876913,
unbound,expired,test.test-expired.example,cold,3946856,2,False,1788804284.5917246,
unbound,expired,test.test-expired.example,cold,3464614,2,False,1788804284.5952754,
unbound,expired,test.test-expired.example,cold,3737264,2,False,1788804284.599106,
unbound,expired,test.test-expired.example,cold,4912969,2,False,1788804284.6040823,
unbound,expired,test.test-expired.example,cold,4500114,2,False,1788804284.6086528,
unbound,expired,test.test-expired.example,cold,3453061,2,False,1788804284.6122165,
unbound,expired,test.test-expired.example,cold,3666274,2,False,1788804284.6159775,
unbound,expired,test.test-expired.example,cold,4926933,2,False,1788804284.6209803,
unbound,expired,test.test-expired.example,cold,7627200,2,False,1788804284.6286876,
unbound,expired,test.test-expired.example,cold,6096858,2,False,1788804284.6349022,
unbound,expired,test.test-expired.example,cold,3646071,2,False,1788804284.6387017,
unbound,expired,test.test-expired.example,cold,3869685,2,False,1788804284.6426632,
unbound,expired,test.test-expired.example,cold,3850068,2,False,1788804284.6466038,
unbound,expired,test.test-expired.example,cold,3393742,2,False,1788804284.6500874,
unbound,expired,test.test-expired.example,cold,4148161,2,False,1788804284.6543214,
unbound,expired,test.test-expired.example,cold,4621246,2,False,1788804284.6590118,
unbound,expired,test.test-expired.example,cold,4461826,2,False,1788804284.663557,
unbound,expired,test.test-expired.example,cold,4673581,2,False,1788804284.6682963,
unbound,expired,test.test-expired.example,cold,5260893,2,False,1788804284.67363,
unbound,expired,test.test-expired.example,cold,3729015,2,False,1788804284.6774461,
unbound,expired,test.test-expired.example,cold,4339770,2,False,1788804284.6818783,
unbound,expired,test.test-expired.example,cold,5369624,2,False,1788804284.68733,
unbound,expired,test.test-expired.example,cold,4567942,2,False,1788804284.691992,
unbound,expired,test.test-expired.example,cold,4150259,2,False,1788804284.6962376,
unbound,expired,test.test-expired.example,cold,4314068,2,False,1788804284.7006483,
unbound,expired,test.test-expired.example,cold,4506800,2,False,1788804284.7052681,
unbound,expired,test.test-expired.example,cold,4459145,2,False,1788804284.7099674,
unbound,expired,test.test-expired.example,cold,3938494,2,False,1788804284.7139986,
unbound,expired,test.test-expired.example,cold,4840678,2,False,1788804284.7189226,
unbound,expired,test.test-expired.example,cold,3936594,2,False,1788804284.7231922,
unbound,expired,test.test-expired.example,cold,4400335,2,False,1788804284.7276664,
unbound,expired,test.test-expired.example,cold,3800279,2,False,1788804284.73155,
unbound,expired,test.test-expired.example,cold,5380222,2,False,1788804284.7370274,
unbound,expired,test.test-expired.example,cold,6007864,2,False,1788804284.7431078,
unbound,expired,test.test-expired.example,cold,4046875,2,False,1788804284.7472315,
unbound,expired,test.test-expired.example,cold,5478588,2,False,1788804284.7527828,
unbound,expired,test.test-expired.example,cold,4857408,2,False,1788804284.757734,
unbound,expired,test.test-expired.example,cold,5156033,2,False,1788804284.7630048,
unbound,expired,test.test-expired.example,cold,4749440,2,False,1788804284.767842,
unbound,expired,test.test-expired.example,cold,4745640,2,False,1788804284.772699,
unbound,expired,test.test-expired.example,cold,4763228,2,False,1788804284.777573,
unbound,expired,test.test-expired.example,cold,4262575,2,False,1788804284.7821035,
unbound,expired,test.test-expired.example,cold,4073041,2,False,1788804284.7862608,
unbound,expired,test.test-expired.example,cold,4709467,2,False,1788804284.7910633,
unbound,expired,test.test-expired.example,cold,3976590,2,False,1788804284.7952864,
unbound,expired,test.test-expired.example,cold,6406931,2,False,1788804284.8017852,
unbound,expired,test.test-expired.example,cold,4693831,2,False,1788804284.8065655,
unbound,expired,test.test-expired.example,cold,4117692,2,False,1788804284.810775,
unbound,expired,test.test-expired.example,cold,4783800,2,False,1788804284.8156536,
unbound,expired,test.test-expired.example,cold,4781952,2,False,1788804284.8205323,
unbound,expired,test.test-expired.example,cold,4948596,2,False,1788804284.8255646,
unbound,expired,test.test-expired.example,cold,4680721,2,False,1788804284.8303895,
unbound,expired,test.test-expired.example,cold,3748043,2,False,1788804284.8342183,
unbound,expired,test.test-expired.example,cold,4091154,2,False,1788804284.8384204,
unbound,expired,test.test-expired.example,cold,3825362,2,False,1788804284.8423307,
unbound,expired,test.test-expired.example,cold,4845249,2,False,1788804284.8472612,
unbound,expired,test.test-expired.example,cold,4425244,2,False,1788804284.8517632,
unbound,expired,test.test-expired.example,cold,4916098,2,False,1788804284.856761,
unbound,expired,test.test-expired.example,cold,4294394,2,False,1788804284.8611317,
unbound,expired,test.test-expired.example,cold,3909098,2,False,1788804284.8651156,
unbound,expired,test.test-expired.example,cold,5608348,2,False,1788804284.8708158,
unbound,expired,test.test-expired.example,cold,4704766,2,False,1788804284.8756318,
unbound,expired,test.test-expired.example,cold,5170215,2,False,1788804284.8808985,
unbound,expired,test.test-expired.example,cold,4735464,2,False,1788804284.8857234,
unbound,expired,test.test-expired.example,cold,3913949,2,False,1788804284.8897336,
unbound,expired,test.test-expired.example,cold,9547867,2,False,1788804284.8993773,
unbound,expired,test.test-expired.example,cold,5284935,2,False,1788804284.9047732,
unbound,expired,test.test-expired.example,cold,3782807,2,False,1788804284.9086525,
unbound,expired,test.test-expired.example,cold,4427256,2,False,1788804284.9131458,
unbound,expired,test.test-expired.example,cold,5438761,2,False,1788804284.9186752,
unbound,expired,test.test-expired.example,cold,5708722,2,False,1788804284.9244826,
unbound,expired,test.test-expired.example,cold,3213431,2,False,1788804284.9277883,
unbound,expired,test.test-expired.example,cold,4711579,2,False,1788804284.932584,
unbound,expired,test.test-expired.example,cold,3586737,2,False,1788804284.936238,
unbound,expired,test.test-expired.example,cold,5437802,2,False,1788804284.9417515,
unbound,expired,test.test-expired.example,cold,3910303,2,False,1788804284.9457598,
unbound,expired,test.test-expired.example,cold,4681921,2,False,1788804284.950538,
unbound,expired,test.test-expired.example,cold,4707831,2,False,1788804284.955315,
unbound,expired,test.test-expired.example,cold,5437368,2,False,1788804284.9608512,
unbound,expired,test.test-expired.example,cold,5731997,2,False,1788804284.966676,
unbound,expired,test.test-expired.example,cold,5802046,2,False,1788804284.9729223,
unbound,expired,test.test-expired.example,cold,13284243,2,False,1788804284.986319,
unbound,expired,test.test-expired.example,cold,5850348,2,False,1788804284.9922857,
unbound,expired,test.test-expired.example,cold,4365754,2,False,1788804284.9967535,
unbound,expired,test.test-expired.example,cold,4126051,2,False,1788804285.0009654,
unbound,expired,test.test-expired.example,cold,3972607,2,False,1788804285.0050242,
unbound,expired,test.test-expired.example,cold,3809684,2,False,1788804285.0089233,
unbound,expired,test.test-expired.example,cold,3265723,2,False,1788804285.0122855,
unbound,expired,test.test-expired.example,cold,3961526,2,False,1788804285.0163114,
unbound,expired,test.test-expired.example,cold,3615101,2,False,1788804285.0200155,
unbound,expired,test.test-expired.example,cold,4760826,2,False,1788804285.0249255,
unbound,expired,test.test-expired.example,cold,4012900,2,False,1788804285.029002,
unbound,expired,test.test-expired.example,cold,3820250,2,False,1788804285.0329218,
unbound,expired,test.test-expired.example,cold,5120483,2,False,1788804285.0381413,
unbound,expired,test.test-expired.example,cold,4078526,2,False,1788804285.0423105,
unbound,expired,test.test-expired.example,cold,3458259,2,False,1788804285.0458417,
unbound,expired,test.test-expired.example,cold,3460987,2,False,1788804285.049409,
unbound,expired,test.test-expired.example,cold,5029077,2,False,1788804285.0545266,
unbound,expired,test.test-expired.example,cold,5717450,2,False,1788804285.0603437,
unbound,expired,test.test-expired.example,cold,4615605,2,False,1788804285.065074,
unbound,expired,test.test-expired.example,cold,3464294,2,False,1788804285.0686255,
unbound,expired,test.test-expired.example,cold,3977840,2,False,1788804285.0726683,
unbound,expired,test.test-expired.example,cold,4633380,2,False,1788804285.07737,
unbound,expired,test.test-expired.example,cold,4116625,2,False,1788804285.0815694,
unbound,expired,test.test-expired.example,cold,3481636,2,False,1788804285.0851123,
unbound,expired,test.test-expired.example,cold,5217160,2,False,1788804285.0903964,
unbound,expired,test.test-expired.example,cold,4488478,2,False,1788804285.0949795,
unbound,expired,test.test-expired.example,cold,4938315,2,False,1788804285.100026,
unbound,expired,test.test-expired.example,cold,3959962,2,False,1788804285.1041217,
unbound,expired,test.test-expired.example,cold,4939095,2,False,1788804285.109125,
unbound,expired,test.test-expired.example,cold,3801272,2,False,1788804285.1130369,
unbound,expired,test.test-expired.example,cold,4082871,2,False,1788804285.1172085,
unbound,expired,test.test-expired.example,cold,7041353,2,False,1788804285.1243343,
unbound,expired,test.test-expired.example,cold,4853161,2,False,1788804285.129312,
unbound,expired,test.test-expired.example,cold,4520478,2,False,1788804285.133901,
unbound,expired,test.test-expired.example,cold,4866692,2,False,1788804285.1388624,
unbound,expired,test.test-expired.example,cold,6417562,2,False,1788804285.1453962,
unbound,expired,test.test-expired.example,cold,5746299,2,False,1788804285.1512392,
unbound,expired,test.test-expired.example,cold,4760520,2,False,1788804285.156092,
unbound,expired,test.test-expired.example,cold,3818550,2,False,1788804285.1599746,
unbound,expired,test.test-expired.example,cold,3388746,2,False,1788804285.163458,
unbound,expired,test.test-expired.example,cold,4688794,2,False,1788804285.168274,
unbound,expired,test.test-expired.example,cold,5701819,2,False,1788804285.1740627,
unbound,expired,test.test-expired.example,cold,6546963,2,False,1788804285.180721,
unbound,expired,test.test-expired.example,cold,9921785,2,False,1788804285.1907496,
unbound,expired,test.test-expired.example,cold,10200564,2,False,1788804285.2011895,
unbound,expired,test.test-expired.example,cold,8293123,2,False,1788804285.2095878,
unbound,expired,test.test-expired.example,cold,7129180,2,False,1788804285.216927,
unbound,expired,test.test-expired.example,cold,5547050,2,False,1788804285.2226381,
unbound,expired,test.test-expired.example,cold,4672323,2,False,1788804285.2275312,
unbound,expired,test.test-expired.example,cold,3776923,2,False,1788804285.2313764,
unbound,expired,test.test-expired.example,cold,3747041,2,False,1788804285.2352028,
unbound,expired,test.test-expired.example,cold,4468049,2,False,1788804285.2397766,
unbound,expired,test.test-expired.example,cold,4839982,2,False,1788804285.2446861,
unbound,expired,test.test-expired.example,cold,3825337,2,False,1788804285.2486036,
unbound,expired,test.test-expired.example,cold,3555803,2,False,1788804285.252272,
unbound,expired,test.test-expired.example,cold,4872663,2,False,1788804285.257233,
unbound,expired,test.test-expired.example,cold,5237034,2,False,1788804285.2625403,
unbound,expired,test.test-expired.example,cold,4233310,2,False,1788804285.2668622,
unbound,expired,test.test-expired.example,cold,4643039,2,False,1788804285.2716043,
unbound,expired,test.test-expired.example,cold,3579854,2,False,1788804285.275276,
unbound,expired,test.test-expired.example,cold,3720814,2,False,1788804285.2790983,
unbound,expired,test.test-expired.example,cold,3533771,2,False,1788804285.2827547,
unbound,expired,test.test-expired.example,cold,3151914,2,False,1788804285.2859926,
unbound,expired,test.test-expired.example,cold,3142848,2,False,1788804285.289226,
unbound,expired,test.test-expired.example,cold,3266904,2,False,1788804285.2925515,
unbound,expired,test.test-expired.example,cold,3093549,2,False,1788804285.295727,
unbound,expired,test.test-expired.example,cold,3816351,2,False,1788804285.2996333,
unbound,expired,test.test-expired.example,cold,4242192,2,False,1788804285.303947,
unbound,expired,test.test-expired.example,cold,3344411,2,False,1788804285.3073804,
unbound,expired,test.test-expired.example,cold,3263739,2,False,1788804285.3107104,
unbound,expired,test.test-expired.example,cold,3197964,2,False,1788804285.3140001,
unbound,expired,test.test-expired.example,cold,3103669,2,False,1788804285.3171759,
unbound,expired,test.test-expired.example,cold,3174879,2,False,1788804285.3204353,
unbound,expired,test.test-expired.example,cold,3473950,2,False,1788804285.3239834,
unbound,expired,test.test-expired.example,cold,3190494,2,False,1788804285.327232,
unbound,expired,test.test-expired.example,cold,3081915,2,False,1788804285.3303733,
unbound,expired,test.test-expired.example,cold,3259029,2,False,1788804285.3337145,
unbound,expired,test.test-expired.example,cold,3168841,2,False,1788804285.3369448,
unbound,expired,test.test-expired.example,cold,3270144,2,False,1788804285.3402765,
unbound,expired,test.test-expired.example,cold,3829854,2,False,1788804285.3441815,
unbound,expired,test.test-expired.example,cold,5530052,2,False,1788804285.349807,
unbound,expired,test.test-expired.example,cold,3122268,2,False,1788804285.3530045,
unbound,expired,test.test-expired.example,cold,3368155,2,False,1788804285.3564458,
unbound,expired,test.test-expired.example,cold,3143058,2,False,1788804285.3596601,
unbound,expired,test.test-expired.example,cold,2982031,2,False,1788804285.3627224,
unbound,expired,test.test-expired.example,cold,3205872,2,False,1788804285.365984,
unbound,expired,test.test-expired.example,cold,3221202,2,False,1788804285.369275,
unbound,expired,test.test-expired.example,cold,3104504,2,False,1788804285.3724606,
unbound,expired,test.test-expired.example,cold,3131270,2,False,1788804285.3756611,
unbound,expired,test.test-expired.example,cold,4325390,2,False,1788804285.3800836,
unbound,expired,test.test-expired.example,cold,3720844,2,False,1788804285.3840423,
unbound,expired,test.test-expired.example,cold,3485883,2,False,1788804285.3876119,
unbound,expired,test.test-expired.example,cold,4350664,2,False,1788804285.3920474,
unbound,expired,test.test-expired.example,cold,3183556,2,False,1788804285.395304,
unbound,expired,test.test-expired.example,cold,3241517,2,False,1788804285.398605,
unbound,expired,test.test-expired.example,cold,3084577,2,False,1788804285.4017677,
unbound,expired,test.test-expired.example,cold,3461943,2,False,1788804285.4053006,
unbound,expired,test.test-expired.example,cold,3233939,2,False,1788804285.4086006,
unbound,expired,test.test-expired.example,cold,3163966,2,False,1788804285.4118433,
unbound,expired,test.test-expired.example,cold,3220484,2,False,1788804285.4151225,
unbound,expired,test.test-expired.example,cold,3328407,2,False,1788804285.4185257,
unbound,expired,test.test-expired.example,cold,3178767,2,False,1788804285.4217818,
unbound,expired,test.test-expired.example,cold,4346742,2,False,1788804285.4263692,
unbound,expired,test.test-expired.example,cold,3415829,2,False,1788804285.4300168,
unbound,expired,test.test-expired.example,cold,3422043,2,False,1788804285.4335032,
unbound,expired,test.test-expired.example,cold,3592949,2,False,1788804285.4371734,
unbound,expired,test.test-expired.example,cold,3563031,2,False,1788804285.4408276,
unbound,expired,test.test-expired.example,cold,3045303,2,False,1788804285.4439452,
unbound,expired,test.test-expired.example,cold,3407227,2,False,1788804285.4474247,
unbound,expired,test.test-expired.example,cold,3458767,2,False,1788804285.4509757,
unbound,expired,test.test-expired.example,cold,3247623,2,False,1788804285.4543056,
unbound,expired,test.test-expired.example,cold,3675019,2,False,1788804285.4580598,
unbound,expired,test.test-expired.example,cold,7066664,2,False,1788804285.4652069,
unbound,expired,test.test-expired.example,cold,3217267,2,False,1788804285.4684958,
unbound,expired,test.test-expired.example,cold,3317075,2,False,1788804285.471886,
unbound,expired,test.test-expired.example,cold,2978409,2,False,1788804285.4749458,
unbound,expired,test.test-expired.example,cold,3515500,2,False,1788804285.4785204,
unbound,expired,test.test-expired.example,cold,4845587,2,False,1788804285.4834752,
unbound,expired,test.test-expired.example,cold,3675931,2,False,1788804285.4872406,
unbound,expired,test.test-expired.example,cold,3258074,2,False,1788804285.4905913,
unbound,expired,test.test-expired.example,cold,3272043,2,False,1788804285.4939425,
unbound,expired,test.test-expired.example,cold,3381808,2,False,1788804285.497419,
unbound,expired,test.test-expired.example,cold,3167881,2,False,1788804285.5006557,
unbound,expired,test.test-expired.example,cold,3099015,2,False,1788804285.5038288,
unbound,expired,test.test-expired.example,cold,3718803,2,False,1788804285.5076296,
unbound,expired,test.test-expired.example,cold,3162135,2,False,1788804285.5108483,
unbound,expired,test.test-expired.example,cold,3185727,2,False,1788804285.514104,
unbound,expired,test.test-expired.example,cold,3559995,2,False,1788804285.51773,
unbound,expired,test.test-expired.example,cold,3392670,2,False,1788804285.5212114,
unbound,expired,test.test-expired.example,cold,3168885,2,False,1788804285.524458,
unbound,expired,test.test-expired.example,cold,3252668,2,False,1788804285.5277832,
unbound,expired,test.test-expired.example,cold,3052201,2,False,1788804285.5308921,
unbound,expired,test.test-expired.example,cold,3064533,2,False,1788804285.534041,
unbound,expired,test.test-expired.example,cold,4210958,2,False,1788804285.5383186,
unbound,expired,test.test-expired.example,cold,4001482,2,False,1788804285.5423994,
unbound,expired,test.test-expired.example,cold,3629767,2,False,1788804285.546105,
unbound,expired,test.test-expired.example,cold,3152556,2,False,1788804285.5493305,
unbound,expired,test.test-expired.example,cold,3219251,2,False,1788804285.5526414,
unbound,expired,test.test-expired.example,cold,3058767,2,False,1788804285.5557878,
unbound,expired,test.test-expired.example,cold,3536336,2,False,1788804285.5594037,
unbound,expired,test.test-expired.example,cold,3055305,2,False,1788804285.5625293,
unbound,expired,test.test-expired.example,cold,3429114,2,False,1788804285.5660233,
unbound,expired,test.test-expired.example,cold,3135003,2,False,1788804285.5692425,
unbound,expired,test.test-expired.example,cold,3493359,2,False,1788804285.5729055,
unbound,expired,test.test-expired.example,cold,3648178,2,False,1788804285.5766466,
unbound,expired,test.test-expired.example,cold,3542307,2,False,1788804285.5802686,
unbound,expired,test.test-expired.example,cold,3065645,2,False,1788804285.583415,
unbound,expired,test.test-expired.example,cold,4267288,2,False,1788804285.5877552,
unbound,expired,test.test-expired.example,cold,3397002,2,False,1788804285.591236,
unbound,expired,test.test-expired.example,cold,3047643,2,False,1788804285.5943477,
unbound,expired,test.test-expired.example,cold,3851250,2,False,1788804285.5982738,
unbound,expired,test.test-expired.example,cold,3177085,2,False,1788804285.6015291,
unbound,expired,test.test-expired.example,cold,4910188,2,False,1788804285.606504,
unbound,expired,test.test-expired.example,cold,4975505,2,False,1788804285.6115851,
unbound,expired,test.test-expired.example,cold,4560337,2,False,1788804285.6162467,
unbound,expired,test.test-expired.example,cold,5758194,2,False,1788804285.6221,
unbound,expired,test.test-expired.example,cold,4315621,2,False,1788804285.6265125,
unbound,expired,test.test-expired.example,cold,3183906,2,False,1788804285.6297715,
unbound,expired,test.test-expired.example,cold,4002485,2,False,1788804285.6338353,
unbound,expired,test.test-expired.example,cold,3287609,2,False,1788804285.6372173,
unbound,expired,test.test-expired.example,cold,3100184,2,False,1788804285.6403875,
unbound,expired,test.test-expired.example,cold,3215777,2,False,1788804285.6436942,
unbound,expired,test.test-expired.example,cold,3262685,2,False,1788804285.6470368,
unbound,expired,test.test-expired.example,cold,3106810,2,False,1788804285.6502068,
unbound,expired,test.test-expired.example,cold,3654139,2,False,1788804285.6539266,
unbound,expired,test.test-expired.example,cold,3100480,2,False,1788804285.6571057,
unbound,expired,test.test-expired.example,cold,3282951,2,False,1788804285.660457,
unbound,expired,test.test-expired.example,cold,3061218,2,False,1788804285.663608,
unbound,expired,test.test-expired.example,cold,5323558,2,False,1788804285.669003,
unbound,expired,test.test-expired.example,cold,3992913,2,False,1788804285.6730826,
unbound,expired,test.test-expired.example,cold,4359401,2,False,1788804285.6775355,
unbound,expired,test.test-expired.example,cold,3784554,2,False,1788804285.68141,
unbound,expired,test.test-expired.example,cold,3463976,2,False,1788804285.6849434,
unbound,expired,test.test-expired.example,cold,3218819,2,False,1788804285.688243,
unbound,expired,test.test-expired.example,cold,5605328,2,False,1788804285.6941135,
unbound,expired,test.test-expired.example,cold,5105372,2,False,1788804285.6993318,
unbound,expired,test.test-expired.example,cold,5377038,2,False,1788804285.704808,
unbound,expired,test.test-expired.example,cold,4540338,2,False,1788804285.7094114,
unbound,expired,test.test-expired.example,cold,206054296,2,False,1788804285.915554,
unbound,expired,test.test-expired.example,cold,6170268,2,False,1788804285.9218912,
unbound,expired,test.test-expired.example,cold,3556751,2,False,1788804285.9255447,
unbound,expired,test.test-expired.example,cold,3709213,2,False,1788804285.9293282,
unbound,expired,test.test-expired.example,cold,3312208,2,False,1788804285.9327238,
unbound,expired,test.test-expired.example,cold,3374726,2,False,1788804285.9361715,
unbound,expired,test.test-expired.example,cold,4348242,2,False,1788804285.9408693,
unbound,expired,test.test-expired.example,cold,4173845,2,False,1788804285.9451234,
unbound,expired,test.test-expired.example,cold,3212418,2,False,1788804285.9483986,
unbound,expired,test.test-expired.example,cold,3807962,2,False,1788804285.9522984,
unbound,expired,test.test-expired.example,cold,4556237,2,False,1788804285.9569268,
unbound,expired,test.test-expired.example,cold,3089839,2,False,1788804285.9600794,
unbound,expired,test.test-expired.example,cold,3741712,2,False,1788804285.963881,
unbound,expired,test.test-expired.example,cold,3216049,2,False,1788804285.9671693,
unbound,expired,test.test-expired.example,cold,3174073,2,False,1788804285.9704,
unbound,expired,test.test-expired.example,cold,3521817,2,False,1788804285.9739783,
unbound,expired,test.test-expired.example,cold,3097036,2,False,1788804285.9771435,
unbound,expired,test.test-expired.example,cold,3167579,2,False,1788804285.9803693,
unbound,expired,test.test-expired.example,cold,3440883,2,False,1788804285.9839072,
unbound,expired,test.test-expired.example,cold,3234311,2,False,1788804285.9873655,
unbound,expired,test.test-expired.example,cold,4672616,2,False,1788804285.9920964,
unbound,expired,test.test-expired.example,cold,3059328,2,False,1788804285.9952192,
unbound,expired,test.test-expired.example,cold,3227275,2,False,1788804285.9985058,
unbound,expired,test.test-expired.example,cold,3574625,2,False,1788804286.0021665,
unbound,expired,test.test-expired.example,cold,3150666,2,False,1788804286.0053759,
unbound,expired,test.test-expired.example,cold,3260994,2,False,1788804286.0086954,
unbound,expired,test.test-expired.example,cold,2921444,2,False,1788804286.011695,
unbound,expired,test.test-expired.example,cold,3321784,2,False,1788804286.0150838,
unbound,expired,test.test-expired.example,cold,3716300,2,False,1788804286.0188777,
unbound,expired,test.test-expired.example,cold,3990895,2,False,1788804286.0229497,
unbound,expired,test.test-expired.example,cold,3387072,2,False,1788804286.026399,
unbound,expired,test.test-expired.example,cold,3097047,2,False,1788804286.0295572,
unbound,expired,test.test-expired.example,cold,3431567,2,False,1788804286.03307,
unbound,expired,test.test-expired.example,cold,3256068,2,False,1788804286.0363817,
unbound,expired,test.test-expired.example,cold,3027930,2,False,1788804286.039489,
unbound,expired,test.test-expired.example,cold,3045782,2,False,1788804286.0426035,
unbound,expired,test.test-expired.example,cold,3215803,2,False,1788804286.0458782,
unbound,expired,test.test-expired.example,cold,3111755,2,False,1788804286.0490472,
unbound,expired,test.test-expired.example,cold,3136798,2,False,1788804286.0522623,
unbound,expired,test.test-expired.example,cold,3573271,2,False,1788804286.0559046,
unbound,expired,test.test-expired.example,cold,3591893,2,False,1788804286.0595717,
unbound,expired,test.test-expired.example,cold,4460907,2,False,1788804286.064143,
unbound,expired,test.test-expired.example,cold,3475174,2,False,1788804286.067703,
unbound,expired,test.test-expired.example,cold,4866480,2,False,1788804286.0726328,
unbound,expired,test.test-expired.example,cold,3372523,2,False,1788804286.0760858,
unbound,expired,test.test-expired.example,cold,4984757,2,False,1788804286.0811443,
unbound,expired,test.test-expired.example,cold,3355868,2,False,1788804286.084587,
unbound,expired,test.test-expired.example,cold,3185144,2,False,1788804286.0878317,
unbound,expired,test.test-expired.example,cold,3139127,2,False,1788804286.0910432,
unbound,expired,test.test-expired.example,cold,3216657,2,False,1788804286.0943272,
unbound,expired,test.test-expired.example,cold,3220357,2,False,1788804286.097632,
unbound,expired,test.test-expired.example,cold,5304926,2,False,1788804286.1030219,
unbound,expired,test.test-expired.example,cold,3342548,2,False,1788804286.106442,
unbound,expired,test.test-expired.example,cold,3421777,2,False,1788804286.1099427,
unbound,expired,test.test-expired.example,cold,3499751,2,False,1788804286.1135147,
unbound,expired,test.test-expired.example,cold,3642934,2,False,1788804286.117239,
unbound,expired,test.test-expired.example,cold,3148112,2,False,1788804286.1204646,
unbound,expired,test.test-expired.example,cold,3051892,2,False,1788804286.123582,
unbound,expired,test.test-expired.example,cold,4368038,2,False,1788804286.1280057,
unbound,expired,test.test-expired.example,cold,4786866,2,False,1788804286.1328607,
unbound,expired,test.test-expired.example,cold,3266215,2,False,1788804286.136218,
unbound,expired,test.test-expired.example,cold,3113515,2,False,1788804286.1394188,
unbound,expired,test.test-expired.example,cold,3139608,2,False,1788804286.1426213,
unbound,expired,test.test-expired.example,cold,3628833,2,False,1788804286.1463346,
unbound,expired,test.test-expired.example,cold,3453221,2,False,1788804286.1498442,
unbound,expired,test.test-expired.example,cold,3500012,2,False,1788804286.1534214,
unbound,expired,test.test-expired.example,cold,3102170,2,False,1788804286.156596,
unbound,expired,test.test-expired.example,cold,3322910,2,False,1788804286.1599867,
unbound,expired,test.test-expired.example,cold,3975097,2,False,1788804286.1640399,
unbound,expired,test.test-expired.example,cold,2983426,2,False,1788804286.1670876,
unbound,expired,test.test-expired.example,cold,3129488,2,False,1788804286.1702793,
unbound,expired,test.test-expired.example,cold,3709157,2,False,1788804286.1740582,
unbound,expired,test.test-expired.example,cold,5254475,2,False,1788804286.1793761,
unbound,expired,test.test-expired.example,cold,4138402,2,False,1788804286.1836035,
unbound,expired,test.test-expired.example,cold,3539521,2,False,1788804286.1872206,
unbound,expired,test.test-expired.example,cold,3398361,2,False,1788804286.1907015,
unbound,expired,test.test-expired.example,cold,3044953,2,False,1788804286.1938314,
unbound,expired,test.test-expired.example,cold,3100277,2,False,1788804286.1969929,
unbound,expired,test.test-expired.example,cold,3330369,2,False,1788804286.2003999,
unbound,expired,test.test-expired.example,cold,3243938,2,False,1788804286.203751,
unbound,expired,test.test-expired.example,cold,3181013,2,False,1788804286.2069998,
unbound,expired,test.test-expired.example,cold,3068253,2,False,1788804286.210131,
unbound,expired,test.test-expired.example,cold,2996944,2,False,1788804286.2131846,
unbound,expired,test.test-expired.example,cold,3169452,2,False,1788804286.2164443,
unbound,expired,test.test-expired.example,cold,3097214,2,False,1788804286.2196405,
unbound,expired,test.test-expired.example,cold,3304378,2,False,1788804286.223023,
unbound,expired,test.test-expired.example,cold,3218847,2,False,1788804286.2263017,
unbound,expired,test.test-expired.example,cold,3348202,2,False,1788804286.229727,
unbound,expired,test.test-expired.example,cold,3640023,2,False,1788804286.2334478,
unbound,expired,test.test-expired.example,cold,3367600,2,False,1788804286.2368858,
unbound,expired,test.test-expired.example,cold,3065512,2,False,1788804286.2400231,
unbound,expired,test.test-expired.example,cold,3492077,2,False,1788804286.2435992,
unbound,expired,test.test-expired.example,cold,3149632,2,False,1788804286.2468264,
unbound,expired,test.test-expired.example,cold,3194706,2,False,1788804286.2500927,
unbound,expired,test.test-expired.example,cold,3171794,2,False,1788804286.253328,
unbound,expired,test.test-expired.example,cold,3081457,2,False,1788804286.2564847,
unbound,expired,test.test-expired.example,cold,4787666,2,False,1788804286.2613714,
unbound,expired,test.test-expired.example,cold,5833461,2,False,1788804286.2672997,
unbound,expired,test.test-expired.example,cold,3317984,2,False,1788804286.2707033,
unbound,expired,test.test-expired.example,cold,3196928,2,False,1788804286.2739768,
unbound,expired,test.test-expired.example,cold,3044377,2,False,1788804286.277084,
unbound,expired,test.test-expired.example,cold,3418638,2,False,1788804286.2805808,
unbound,expired,test.test-expired.example,cold,3159295,2,False,1788804286.2838175,
unbound,expired,test.test-expired.example,cold,3344433,2,False,1788804286.2872357,
unbound,expired,test.test-expired.example,cold,3089223,2,False,1788804286.2903998,
unbound,expired,test.test-expired.example,cold,3178805,2,False,1788804286.2936466,
unbound,expired,test.test-expired.example,cold,2968016,2,False,1788804286.296698,
unbound,expired,test.test-expired.example,cold,3265019,2,False,1788804286.3000314,
unbound,expired,test.test-expired.example,cold,4242117,2,False,1788804286.304378,
unbound,expired,test.test-expired.example,cold,4580760,2,False,1788804286.3090992,
unbound,expired,test.test-expired.example,cold,4691510,2,False,1788804286.313881,
unbound,expired,test.test-expired.example,cold,3195600,2,False,1788804286.3171954,
unbound,expired,test.test-expired.example,cold,3847704,2,False,1788804286.3210988,
unbound,expired,test.test-expired.example,cold,3792279,2,False,1788804286.3249633,
unbound,expired,test.test-expired.example,cold,3136245,2,False,1788804286.328176,
unbound,expired,test.test-expired.example,cold,3363171,2,False,1788804286.3316011,
unbound,expired,test.test-expired.example,cold,3167876,2,False,1788804286.3348362,
unbound,expired,test.test-expired.example,cold,3175468,2,False,1788804286.3380764,
unbound,expired,test.test-expired.example,cold,3545174,2,False,1788804286.34171,
unbound,expired,test.test-expired.example,cold,3840758,2,False,1788804286.3456373,
unbound,expired,test.test-expired.example,cold,3039287,2,False,1788804286.3487544,
unbound,expired,test.test-expired.example,cold,3259124,2,False,1788804286.352091,
unbound,expired,test.test-expired.example,cold,4548793,2,False,1788804286.3567252,
unbound,expired,test.test-expired.example,cold,3191268,2,False,1788804286.3599956,
unbound,expired,test.test-expired.example,cold,3282273,2,False,1788804286.3633587,
unbound,expired,test.test-expired.example,cold,3131800,2,False,1788804286.3665624,
unbound,expired,test.test-expired.example,cold,3302788,2,False,1788804286.3699214,
unbound,expired,test.test-expired.example,cold,3339026,2,False,1788804286.3733282,
unbound,expired,test.test-expired.example,cold,3366812,2,False,1788804286.3767614,
unbound,expired,test.test-expired.example,cold,3011229,2,False,1788804286.379854,
unbound,expired,test.test-expired.example,cold,3318699,2,False,1788804286.383244,
unbound,expired,test.test-expired.example,cold,3362148,2,False,1788804286.3866804,
unbound,expired,test.test-expired.example,cold,4241881,2,False,1788804286.390993,
unbound,expired,test.test-expired.example,cold,3228660,2,False,1788804286.394293,
unbound,expired,test.test-expired.example,cold,3188978,2,False,1788804286.397545,
unbound,expired,test.test-expired.example,cold,3215220,2,False,1788804286.4008622,
unbound,expired,test.test-expired.example,cold,3564338,2,False,1788804286.4045112,
unbound,expired,test.test-expired.example,cold,3086328,2,False,1788804286.4076827,
unbound,expired,test.test-expired.example,cold,3469215,2,False,1788804286.4112117,
unbound,expired,test.test-expired.example,cold,3227563,2,False,1788804286.4145222,
unbound,expired,test.test-expired.example,cold,3125032,2,False,1788804286.4177163,
unbound,expired,test.test-expired.example,cold,4511930,2,False,1788804286.4222996,
unbound,expired,test.test-expired.example,cold,3994216,2,False,1788804286.4263911,
unbound,expired,test.test-expired.example,cold,3128606,2,False,1788804286.4296,
unbound,expired,test.test-expired.example,cold,3250286,2,False,1788804286.4329674,
unbound,expired,test.test-expired.example,cold,3146157,2,False,1788804286.4361808,
unbound,expired,test.test-expired.example,cold,3420287,2,False,1788804286.4396734,
unbound,expired,test.test-expired.example,cold,3229703,2,False,1788804286.4429753,
unbound,expired,test.test-expired.example,cold,3286117,2,False,1788804286.4463391,
unbound,expired,test.test-expired.example,cold,3204175,2,False,1788804286.449607,
unbound,expired,test.test-expired.example,cold,3076489,2,False,1788804286.452759,
unbound,expired,test.test-expired.example,cold,3182731,2,False,1788804286.4560218,
unbound,expired,test.test-expired.example,cold,3062010,2,False,1788804286.4591613,
unbound,expired,test.test-expired.example,cold,3078729,2,False,1788804286.4622993,
unbound,expired,test.test-expired.example,cold,3160950,2,False,1788804286.465536,
unbound,expired,test.test-expired.example,cold,7464305,2,False,1788804286.4730759,
unbound,expired,test.test-expired.example,cold,3082155,2,False,1788804286.4762244,
unbound,expired,test.test-expired.example,cold,3274148,2,False,1788804286.4795752,
unbound,expired,test.test-expired.example,cold,4657132,2,False,1788804286.4843156,
unbound,expired,test.test-expired.example,cold,3426395,2,False,1788804286.487827,
unbound,expired,test.test-expired.example,cold,3352625,2,False,1788804286.4912388,
unbound,expired,test.test-expired.example,cold,2998357,2,False,1788804286.494315,
unbound,expired,test.test-expired.example,cold,3375926,2,False,1788804286.497768,
unbound,expired,test.test-expired.example,cold,4190545,2,False,1788804286.5020354,
unbound,expired,test.test-expired.example,cold,3835584,2,False,1788804286.50595,
unbound,expired,test.test-expired.example,cold,3213636,2,False,1788804286.5092425,
unbound,expired,test.test-expired.example,cold,3094859,2,False,1788804286.51245,
unbound,expired,test.test-expired.example,cold,3275674,2,False,1788804286.515825,
unbound,expired,test.test-expired.example,cold,3322014,2,False,1788804286.5192232,
unbound,expired,test.test-expired.example,cold,3295886,2,False,1788804286.5225978,
unbound,expired,test.test-expired.example,cold,3013392,2,False,1788804286.5256796,
unbound,expired,test.test-expired.example,cold,3237130,2,False,1788804286.5289948,
unbound,expired,test.test-expired.example,cold,3078035,2,False,1788804286.5321858,
unbound,expired,test.test-expired.example,cold,3058915,2,False,1788804286.5353217,
unbound,expired,test.test-expired.example,cold,3172015,2,False,1788804286.5385656,
unbound,expired,test.test-expired.example,cold,3207860,2,False,1788804286.5418468,
unbound,expired,test.test-expired.example,cold,3181876,2,False,1788804286.5451107,
unbound,expired,test.test-expired.example,cold,3075582,2,False,1788804286.5482647,
unbound,expired,test.test-expired.example,cold,3556262,2,False,1788804286.5518951,
unbound,expired,test.test-expired.example,cold,4637851,2,False,1788804286.5566268,
unbound,expired,test.test-expired.example,cold,5354825,2,False,1788804286.5620759,
unbound,expired,test.test-expired.example,cold,3260187,2,False,1788804286.565425,
unbound,expired,test.test-expired.example,cold,3300570,2,False,1788804286.5688057,
unbound,expired,test.test-expired.example,cold,3710661,2,False,1788804286.5726068,
unbound,expired,test.test-expired.example,cold,3635329,2,False,1788804286.5763197,
unbound,expired,test.test-expired.example,cold,4828365,2,False,1788804286.581221,
unbound,expired,test.test-expired.example,cold,4579109,2,False,1788804286.5858994,
unbound,expired,test.test-expired.example,cold,3228654,2,False,1788804286.5892186,
unbound,expired,test.test-expired.example,cold,3125438,2,False,1788804286.5924273,
unbound,expired,test.test-expired.example,cold,3355945,2,False,1788804286.5958629,
unbound,expired,test.test-expired.example,cold,3341045,2,False,1788804286.5992596,
unbound,expired,test.test-expired.example,cold,3048486,2,False,1788804286.60238,
unbound,expired,test.test-expired.example,cold,3168503,2,False,1788804286.6056037,
unbound,expired,test.test-expired.example,cold,3033328,2,False,1788804286.6086957,
unbound,expired,test.test-expired.example,cold,5206846,2,False,1788804286.613958,
unbound,expired,test.test-expired.example,cold,3409885,2,False,1788804286.6174493,
unbound,expired,test.test-expired.example,cold,3043738,2,False,1788804286.6205614,
unbound,expired,test.test-expired.example,cold,3267772,2,False,1788804286.6239066,
unbound,expired,test.test-expired.example,cold,4876791,2,False,1788804286.6288707,
unbound,expired,test.test-expired.example,cold,3936135,2,False,1788804286.6328917,
unbound,expired,test.test-expired.example,cold,3564105,2,False,1788804286.6365511,
unbound,expired,test.test-expired.example,cold,3266227,2,False,1788804286.639908,
unbound,expired,test.test-expired.example,cold,5428325,2,False,1788804286.6454399,
unbound,expired,test.test-expired.example,cold,4700363,2,False,1788804286.650231,
unbound,expired,test.test-expired.example,cold,3413369,2,False,1788804286.6537175,
unbound,expired,test.test-expired.example,cold,2976931,2,False,1788804286.6567636,
unbound,expired,test.test-expired.example,cold,3423468,2,False,1788804286.660272,
unbound,expired,test.test-expired.example,cold,3263657,2,False,1788804286.6636071,
unbound,expired,test.test-expired.example,cold,3135106,2,False,1788804286.6668015,
unbound,expired,test.test-expired.example,cold,3094268,2,False,1788804286.669958,
unbound,expired,test.test-expired.example,cold,3306320,2,False,1788804286.6733236,
unbound,expired,test.test-expired.example,cold,3004621,2,False,1788804286.6763859,
unbound,expired,test.test-expired.example,cold,3015118,2,False,1788804286.679506,
unbound,expired,test.test-expired.example,cold,3122048,2,False,1788804286.6827087,
unbound,expired,test.test-expired.example,cold,3170646,2,False,1788804286.6859639,
unbound,expired,test.test-expired.example,cold,3431243,2,False,1788804286.689468,
unbound,expired,test.test-expired.example,cold,3397042,2,False,1788804286.69292,
unbound,expired,test.test-expired.example,cold,4060247,2,False,1788804286.6970575,
unbound,expired,test.test-expired.example,cold,4832427,2,False,1788804286.701963,
unbound,expired,test.test-expired.example,cold,3803387,2,False,1788804286.7058568,
unbound,expired,test.test-expired.example,cold,3408123,2,False,1788804286.7093356,
unbound,expired,test.test-expired.example,cold,3598839,2,False,1788804286.7130184,
unbound,expired,test.test-expired.example,cold,3178831,2,False,1788804286.7162683,
unbound,expired,test.test-expired.example,cold,3159887,2,False,1788804286.7195182,
unbound,expired,test.test-expired.example,cold,3449800,2,False,1788804286.723055,
unbound,expired,test.test-expired.example,cold,4318665,2,False,1788804286.7274637,
unbound,expired,test.test-expired.example,cold,3037951,2,False,1788804286.7305856,
unbound,expired,test.test-expired.example,cold,3102661,2,False,1788804286.7337573,
unbound,expired,test.test-expired.example,cold,3221692,2,False,1788804286.737039,
unbound,expired,test.test-expired.example,cold,7030557,2,False,1788804286.7441473,
unbound,expired,test.test-expired.example,cold,3618525,2,False,1788804286.7478564,
unbound,expired,test.test-expired.example,cold,3282023,2,False,1788804286.7512085,
unbound,expired,test.test-expired.example,cold,3296398,2,False,1788804286.7545857,
unbound,expired,test.test-expired.example,cold,3227028,2,False,1788804286.7578871,
unbound,expired,test.test-expired.example,cold,3298278,2,False,1788804286.761259,
unbound,expired,test.test-expired.example,cold,3487913,2,False,1788804286.7648141,
unbound,expired,test.test-expired.example,cold,3154531,2,False,1788804286.768048,
unbound,expired,test.test-expired.example,cold,3498791,2,False,1788804286.7716122,
unbound,expired,test.test-expired.example,cold,3239508,2,False,1788804286.774929,
unbound,expired,test.test-expired.example,cold,3170186,2,False,1788804286.7781842,
unbound,expired,test.test-expired.example,cold,3199799,2,False,1788804286.7814584,
unbound,expired,test.test-expired.example,cold,3226637,2,False,1788804286.7847617,
unbound,expired,test.test-expired.example,cold,3247570,2,False,1788804286.7880912,
unbound,expired,test.test-expired.example,cold,3441362,2,False,1788804286.7916157,
unbound,expired,test.test-expired.example,cold,3716735,2,False,1788804286.7954247,
unbound,expired,test.test-expired.example,cold,3218841,2,False,1788804286.798731,
unbound,expired,test.test-expired.example,cold,3065857,2,False,1788804286.8018785,
unbound,expired,test.test-expired.example,cold,3656034,2,False,1788804286.8056083,
unbound,expired,test.test-expired.example,cold,3483784,2,False,1788804286.8091512,
unbound,expired,test.test-expired.example,cold,3307600,2,False,1788804286.812534,
unbound,expired,test.test-expired.example,cold,3368949,2,False,1788804286.8159811,
unbound,expired,test.test-expired.example,cold,4488476,2,False,1788804286.820699,
unbound,expired,test.test-expired.example,cold,11874335,2,False,1788804286.8327138,
unbound,expired,test.test-expired.example,cold,6072897,2,False,1788804286.8389108,
unbound,expired,test.test-expired.example,cold,9821903,2,False,1788804286.8488226,
unbound,expired,test.test-expired.example,cold,3818017,2,False,1788804286.8527198,
unbound,expired,test.test-expired.example,cold,3425855,2,False,1788804286.8562374,
unbound,expired,test.test-expired.example,cold,3593458,2,False,1788804286.8599176,
unbound,expired,test.test-expired.example,cold,3380484,2,False,1788804286.8633852,
unbound,expired,test.test-expired.example,cold,3151205,2,False,1788804286.8666077,
unbound,expired,test.test-expired.example,cold,3052688,2,False,1788804286.8697495,
unbound,expired,test.test-expired.example,cold,3512968,2,False,1788804286.873333,
unbound,expired,test.test-expired.example,cold,3137267,2,False,1788804286.876562,
unbound,expired,test.test-expired.example,cold,3527988,2,False,1788804286.8801587,
unbound,expired,test.test-expired.example,cold,3164272,2,False,1788804286.883405,
unbound,expired,test.test-expired.example,cold,3953854,2,False,1788804286.8874433,
unbound,expired,test.test-expired.example,cold,3192636,2,False,1788804286.890705,
unbound,expired,test.test-expired.example,cold,3383826,2,False,1788804286.8941557,
unbound,expired,test.test-expired.example,cold,3181300,2,False,1788804286.8974054,
unbound,expired,test.test-expired.example,cold,3364601,2,False,1788804286.9008477,
unbound,expired,test.test-expired.example,cold,3882509,2,False,1788804286.904821,
unbound,expired,test.test-expired.example,cold,3201701,2,False,1788804286.9081151,
unbound,expired,test.test-expired.example,cold,3152973,2,False,1788804286.9113336,
unbound,expired,test.test-expired.example,cold,3182995,2,False,1788804286.9145882,
unbound,expired,test.test-expired.example,cold,3224803,2,False,1788804286.9178998,
unbound,expired,test.test-expired.example,cold,3030706,2,False,1788804286.9210045,
unbound,expired,test.test-expired.example,cold,3113435,2,False,1788804286.9241872,
unbound,expired,test.test-expired.example,cold,3360261,2,False,1788804286.927613,
unbound,expired,test.test-expired.example,cold,3096493,2,False,1788804286.9307888,
unbound,expired,test.test-expired.example,cold,3005906,2,False,1788804286.9338653,
unbound,expired,test.test-expired.example,cold,3202645,2,False,1788804286.9371314,
unbound,expired,test.test-expired.example,cold,3282943,2,False,1788804286.9404907,
unbound,expired,test.test-expired.example,cold,3214150,2,False,1788804286.9437842,
unbound,expired,test.test-expired.example,cold,3468386,2,False,1788804286.9473226,
unbound,expired,test.test-expired.example,cold,3253214,2,False,1788804286.9506545,
unbound,expired,test.test-expired.example,cold,4251408,2,False,1788804286.9549742,
unbound,expired,test.test-expired.example,cold,3291966,2,False,1788804286.9583278,
unbound,expired,test.test-expired.example,cold,3381834,2,False,1788804286.9617925,
unbound,expired,test.test-expired.example,cold,3348856,2,False,1788804286.9652293,
unbound,expired,test.test-expired.example,cold,2965832,2,False,1788804286.9682608,
unbound,expired,test.test-expired.example,cold,3179467,2,False,1788804286.97152,
unbound,expired,test.test-expired.example,cold,4281430,2,False,1788804286.9758701,
unbound,expired,test.test-expired.example,cold,4666131,2,False,1788804286.9806237,
unbound,expired,test.test-expired.example,cold,4026780,2,False,1788804286.984746,
unbound,expired,test.test-expired.example,cold,3193870,2,False,1788804286.9880226,
unbound,expired,test.test-expired.example,cold,3578239,2,False,1788804286.991672,
unbound,expired,test.test-expired.example,cold,3091742,2,False,1788804286.994823,
unbound,expired,test.test-expired.example,cold,3239163,2,False,1788804286.998126,
unbound,expired,test.test-expired.example,cold,3081093,2,False,1788804287.0012774,
unbound,expired,test.test-expired.example,cold,3410424,2,False,1788804287.0047932,
unbound,expired,test.test-expired.example,cold,3069690,2,False,1788804287.0079293,
unbound,expired,test.test-expired.example,cold,3337207,2,False,1788804287.0113223,
unbound,expired,test.test-expired.example,cold,3098079,2,False,1788804287.0144913,
unbound,expired,test.test-expired.example,cold,3023355,2,False,1788804287.0175755,
unbound,expired,test.test-expired.example,cold,3986194,2,False,1788804287.0216253,
unbound,expired,test.test-expired.example,cold,3228858,2,False,1788804287.0249178,
unbound,expired,test.test-expired.example,cold,3023597,2,False,1788804287.0280168,
unbound,expired,test.test-expired.example,cold,4055442,2,False,1788804287.0323238,
unbound,expired,test.test-expired.example,cold,3460575,2,False,1788804287.0359766,
unbound,expired,test.test-expired.example,cold,3207130,2,False,1788804287.0392604,
unbound,expired,test.test-expired.example,cold,3185122,2,False,1788804287.0425198,
unbound,expired,test.test-expired.example,cold,3343185,2,False,1788804287.0459325,
unbound,expired,test.test-expired.example,cold,3370434,2,False,1788804287.0493643,
unbound,expired,test.test-expired.example,cold,3289468,2,False,1788804287.0527472,
unbound,expired,test.test-expired.example,cold,3346617,2,False,1788804287.056174,
unbound,expired,test.test-expired.example,cold,3286128,2,False,1788804287.0595305,
unbound,expired,test.test-expired.example,cold,4332011,2,False,1788804287.0639422,
unbound,expired,test.test-expired.example,cold,4026992,2,False,1788804287.068069,
unbound,expired,test.test-expired.example,cold,3102323,2,False,1788804287.071298,
unbound,expired,test.test-expired.example,cold,3442343,2,False,1788804287.0748212,
unbound,expired,test.test-expired.example,cold,3210961,2,False,1788804287.0781014,
unbound,expired,test.test-expired.example,cold,3374635,2,False,1788804287.0815442,
unbound,expired,test.test-expired.example,cold,3430228,2,False,1788804287.0850475,
unbound,expired,test.test-expired.example,cold,3111128,2,False,1788804287.0882382,
unbound,expired,test.test-expired.example,cold,3086018,2,False,1788804287.0913818,
unbound,expired,test.test-expired.example,cold,3099132,2,False,1788804287.0945625,
unbound,expired,test.test-expired.example,cold,3164704,2,False,1788804287.0978093,
unbound,expired,test.test-expired.example,cold,3142364,2,False,1788804287.1010273,
unbound,expired,test.test-expired.example,cold,3154445,2,False,1788804287.1042445,
unbound,expired,test.test-expired.example,cold,3047580,2,False,1788804287.1073487,
unbound,expired,test.test-expired.example,cold,3754877,2,False,1788804287.1111877,
unbound,expired,test.test-expired.example,cold,3580398,2,False,1788804287.114856,
unbound,expired,test.test-expired.example,cold,3023214,2,False,1788804287.1179404,
unbound,expired,test.test-expired.example,cold,3143154,2,False,1788804287.1211576,
unbound,expired,test.test-expired.example,cold,3622057,2,False,1788804287.124842,
unbound,expired,test.test-expired.example,cold,4147611,2,False,1788804287.130375,
unbound,expired,test.test-expired.example,cold,5577228,2,False,1788804287.1360712,
unbound,expired,test.test-expired.example,cold,4135962,2,False,1788804287.1403255,
unbound,expired,test.test-expired.example,cold,6525393,2,False,1788804287.1469693,
unbound,expired,test.test-expired.example,cold,5786435,2,False,1788804287.1528916,
unbound,expired,test.test-expired.example,cold,3926297,2,False,1788804287.156951,
unbound,expired,test.test-expired.example,cold,4390339,2,False,1788804287.1614664,
unbound,expired,test.test-expired.example,cold,5647848,2,False,1788804287.1672287,
unbound,expired,test.test-expired.example,cold,4383770,2,False,1788804287.1717238,
unbound,expired,test.test-expired.example,cold,4140591,2,False,1788804287.1763704,
unbound,expired,test.test-expired.example,cold,4116106,2,False,1788804287.1811075,
unbound,expired,test.test-expired.example,cold,4915056,2,False,1788804287.1861064,
unbound,expired,test.test-expired.example,cold,4754767,2,False,1788804287.1909292,
unbound,expired,test.test-expired.example,cold,5414079,2,False,1788804287.1964984,
unbound,expired,test.test-expired.example,cold,4850045,2,False,1788804287.2016044,
unbound,expired,test.test-expired.example,cold,6101386,2,False,1788804287.2079873,
unbound,expired,test.test-expired.example,cold,3851062,2,False,1788804287.2119462,
unbound,expired,test.test-expired.example,cold,3166027,2,False,1788804287.2152135,
unbound,expired,test.test-expired.example,cold,3231674,2,False,1788804287.2185087,
unbound,expired,test.test-expired.example,cold,4696572,2,False,1788804287.223281,
unbound,expired,test.test-expired.example,cold,4298788,2,False,1788804287.227692,
unbound,expired,test.test-expired.example,cold,3196705,2,False,1788804287.2309747,
unbound,expired,test.test-expired.example,cold,3081595,2,False,1788804287.234132,
unbound,expired,test.test-expired.example,cold,3323021,2,False,1788804287.2375379,
unbound,expired,test.test-expired.example,cold,3271707,2,False,1788804287.240873,
unbound,expired,test.test-expired.example,cold,3170383,2,False,1788804287.2441344,
unbound,expired,test.test-expired.example,cold,3243052,2,False,1788804287.247443,
unbound,expired,test.test-expired.example,cold,3933565,2,False,1788804287.2514503,
unbound,expired,test.test-expired.example,cold,4771529,2,False,1788804287.2562914,
unbound,expired,test.test-expired.example,cold,3618827,2,False,1788804287.2599888,
unbound,expired,test.test-expired.example,cold,3115020,2,False,1788804287.2631845,
unbound,expired,test.test-expired.example,cold,3239644,2,False,1788804287.2664824,
unbound,expired,test.test-expired.example,cold,6932454,2,False,1788804287.2734845,
unbound,expired,test.test-expired.example,cold,4115500,2,False,1788804287.2776985,
unbound,expired,test.test-expired.example,cold,3518381,2,False,1788804287.281273,
unbound,expired,test.test-expired.example,cold,3633201,2,False,1788804287.2849643,
unbound,expired,test.test-expired.example,cold,3338655,2,False,1788804287.288373,
unbound,expired,test.test-expired.example,cold,3313646,2,False,1788804287.2917771,
unbound,expired,test.test-expired.example,cold,3071314,2,False,1788804287.2949202,
unbound,expired,test.test-expired.example,cold,3089881,2,False,1788804287.2980893,
unbound,expired,test.test-expired.example,cold,3386347,2,False,1788804287.301553,
unbound,expired,test.test-expired.example,cold,4253337,2,False,1788804287.3058987,
unbound,expired,test.test-expired.example,cold,3498168,2,False,1788804287.3094893,
unbound,expired,test.test-expired.example,cold,3292497,2,False,1788804287.3128672,
unbound,expired,test.test-expired.example,cold,3123503,2,False,1788804287.316063,
unbound,expired,test.test-expired.example,cold,3731643,2,False,1788804287.3198707,
unbound,expired,test.test-expired.example,cold,3859129,2,False,1788804287.3238182,
unbound,expired,test.test-expired.example,cold,3396132,2,False,1788804287.327303,
unbound,expired,test.test-expired.example,cold,3119048,2,False,1788804287.330489,
unbound,expired,test.test-expired.example,cold,3442173,2,False,1788804287.334002,
unbound,expired,test.test-expired.example,cold,3238230,2,False,1788804287.3373039,
unbound,expired,test.test-expired.example,cold,3192013,2,False,1788804287.3405726,
unbound,expired,test.test-expired.example,cold,3275465,2,False,1788804287.3439217,
unbound,expired,test.test-expired.example,cold,3169398,2,False,1788804287.3471653,
unbound,expired,test.test-expired.example,cold,3225702,2,False,1788804287.350453,
unbound,expired,test.test-expired.example,cold,3412915,2,False,1788804287.3539338,
unbound,expired,test.test-expired.example,cold,3657816,2,False,1788804287.357683,
unbound,expired,test.test-expired.example,cold,3207232,2,False,1788804287.3609571,
unbound,expired,test.test-expired.example,cold,3981539,2,False,1788804287.365026,
unbound,expired,test.test-expired.example,cold,4630780,2,False,1788804287.369947,
unbound,expired,test.test-expired.example,cold,3176676,2,False,1788804287.3732016,
unbound,expired,test.test-expired.example,cold,3083860,2,False,1788804287.3763483,
unbound,expired,test.test-expired.example,cold,3243995,2,False,1788804287.379695,
unbound,expired,test.test-expired.example,cold,3707362,2,False,1788804287.383496,
unbound,expired,test.test-expired.example,cold,4384481,2,False,1788804287.3879726,
unbound,expired,test.test-expired.example,cold,3343060,2,False,1788804287.391386,
unbound,expired,test.test-expired.example,cold,3281234,2,False,1788804287.394741,
unbound,expired,test.test-expired.example,cold,3182341,2,False,1788804287.3980055,
unbound,expired,test.test-expired.example,cold,3212606,2,False,1788804287.4012868,
unbound,expired,test.test-expired.example,cold,3137280,2,False,1788804287.4044857,
unbound,expired,test.test-expired.example,cold,3168206,2,False,1788804287.407722,
unbound,expired,test.test-expired.example,cold,3096422,2,False,1788804287.4108863,
unbound,expired,test.test-expired.example,cold,3319845,2,False,1788804287.4142694,
unbound,expired,test.test-expired.example,cold,3195952,2,False,1788804287.4175296,
unbound,expired,test.test-expired.example,cold,2981103,2,False,1788804287.420583,
unbound,expired,test.test-expired.example,cold,3032282,2,False,1788804287.423689,
unbound,expired,test.test-expired.example,cold,3096602,2,False,1788804287.4268515,
unbound,expired,test.test-expired.example,cold,3211583,2,False,1788804287.4301324,
unbound,expired,test.test-expired.example,cold,3126602,2,False,1788804287.4333262,
unbound,expired,test.test-expired.example,cold,4124815,2,False,1788804287.4375248,
unbound,expired,test.test-expired.example,cold,5712745,2,False,1788804287.4433043,
unbound,expired,test.test-expired.example,cold,5402161,2,False,1788804287.4487793,
unbound,expired,test.test-expired.example,cold,5528561,2,False,1788804287.454422,
unbound,expired,test.test-expired.example,cold,3737181,2,False,1788804287.4582226,
unbound,expired,test.test-expired.example,cold,3042769,2,False,1788804287.461338,
unbound,expired,test.test-expired.example,cold,3961526,2,False,1788804287.4654033,
unbound,expired,test.test-expired.example,cold,3623363,2,False,1788804287.469149,
unbound,expired,test.test-expired.example,cold,3052175,2,False,1788804287.472272,
unbound,expired,test.test-expired.example,cold,3821310,2,False,1788804287.4761517,
unbound,expired,test.test-expired.example,cold,3009331,2,False,1788804287.4792337,
unbound,expired,test.test-expired.example,cold,3024775,2,False,1788804287.4823303,
unbound,expired,test.test-expired.example,cold,2939668,2,False,1788804287.4853468,
unbound,expired,test.test-expired.example,cold,3202718,2,False,1788804287.4886062,
unbound,expired,test.test-expired.example,cold,3552154,2,False,1788804287.492221,
unbound,expired,test.test-expired.example,cold,3094195,2,False,1788804287.495402,
unbound,expired,test.test-expired.example,cold,3086978,2,False,1788804287.4985826,
unbound,expired,test.test-expired.example,cold,3089857,2,False,1788804287.501781,
unbound,expired,test.test-expired.example,cold,3519979,2,False,1788804287.5053716,
unbound,expired,test.test-expired.example,cold,3778312,2,False,1788804287.5092075,
unbound,expired,test.test-expired.example,cold,3248474,2,False,1788804287.5125144,
unbound,expired,test.test-expired.example,cold,3672385,2,False,1788804287.5162861,
unbound,expired,test.test-expired.example,cold,3238333,2,False,1788804287.5196254,
unbound,expired,test.test-expired.example,cold,3692848,2,False,1788804287.5234118,
unbound,expired,test.test-expired.example,cold,3637554,2,False,1788804287.527141,
unbound,expired,test.test-expired.example,cold,3319829,2,False,1788804287.5305421,
unbound,expired,test.test-expired.example,cold,3262176,2,False,1788804287.533886,
unbound,expired,test.test-expired.example,cold,2965109,2,False,1788804287.5369608,
unbound,expired,test.test-expired.example,cold,3001754,2,False,1788804287.5400245,
unbound,expired,test.test-expired.example,cold,5735187,2,False,1788804287.5458424,
unbound,expired,test.test-expired.example,cold,3680844,2,False,1788804287.5496798,
unbound,expired,test.test-expired.example,cold,3236785,2,False,1788804287.5529983,
unbound,expired,test.test-expired.example,cold,5559334,2,False,1788804287.5586221,
unbound,expired,test.test-expired.example,cold,5708045,2,False,1788804287.5644352,
unbound,expired,test.test-expired.example,cold,3421472,2,False,1788804287.5679512,
unbound,expired,test.test-expired.example,cold,3201421,2,False,1788804287.5712132,
unbound,expired,test.test-expired.example,cold,3155134,2,False,1788804287.5744455,
unbound,expired,test.test-expired.example,cold,5441624,2,False,1788804287.5799582,
unbound,expired,test.test-expired.example,cold,3200445,2,False,1788804287.5832179,
unbound,expired,test.test-expired.example,cold,3262023,2,False,1788804287.5865655,
unbound,expired,test.test-expired.example,cold,3201893,2,False,1788804287.5898468,
unbound,expired,test.test-expired.example,cold,3206386,2,False,1788804287.5931408,
unbound,expired,test.test-expired.example,cold,5775940,2,False,1788804287.599002,
unbound,expired,test.test-expired.example,cold,3354899,2,False,1788804287.6024332,
unbound,expired,test.test-expired.example,cold,3114024,2,False,1788804287.6056144,
unbound,expired,test.test-expired.example,cold,3140128,2,False,1788804287.608826,
unbound,expired,test.test-expired.example,cold,3046792,2,False,1788804287.611968,
unbound,expired,test.test-expired.example,cold,3274245,2,False,1788804287.6153142,
unbound,expired,test.test-expired.example,cold,3152163,2,False,1788804287.6185298,
unbound,expired,test.test-expired.example,cold,5469343,2,False,1788804287.624062,
unbound,expired,test.test-expired.example,cold,4440439,2,False,1788804287.6286142,
unbound,expired,test.test-expired.example,cold,3481135,2,False,1788804287.6321898,
unbound,expired,test.test-expired.example,cold,3268328,2,False,1788804287.635535,
unbound,expired,test.test-expired.example,cold,3790364,2,False,1788804287.6394043,
unbound,expired,test.test-expired.example,cold,5353678,2,False,1788804287.6448407,
unbound,expired,test.test-expired.example,cold,4955040,2,False,1788804287.6498537,
unbound,expired,test.test-expired.example,cold,3246942,2,False,1788804287.65317,
unbound,expired,test.test-expired.example,cold,3021151,2,False,1788804287.656269,
unbound,expired,test.test-expired.example,cold,3292959,2,False,1788804287.6597648,
unbound,expired,test.test-expired.example,cold,3156201,2,False,1788804287.6630042,
unbound,expired,test.test-expired.example,cold,4003317,2,False,1788804287.6670723,
unbound,expired,test.test-expired.example,cold,3609572,2,False,1788804287.6707795,
unbound,expired,test.test-expired.example,cold,3652634,2,False,1788804287.67451,
unbound,expired,test.test-expired.example,cold,3526593,2,False,1788804287.6781306,
unbound,expired,test.test-expired.example,cold,3703706,2,False,1788804287.6819162,
unbound,expired,test.test-expired.example,cold,7330147,2,False,1788804287.6893604,
unbound,expired,test.test-expired.example,cold,5250662,2,False,1788804287.6947157,
unbound,expired,test.test-expired.example,cold,3962047,2,False,1788804287.698769,
unbound,expired,test.test-expired.example,cold,3474945,2,False,1788804287.7023535,
unbound,expired,test.test-expired.example,cold,4512546,2,False,1788804287.706973,
unbound,expired,test.test-expired.example,cold,3344776,2,False,1788804287.71042,
unbound,expired,test.test-expired.example,cold,3419890,2,False,1788804287.7139125,
unbound,expired,test.test-expired.example,cold,3115947,2,False,1788804287.717116,
unbound,expired,test.test-expired.example,cold,3025971,2,False,1788804287.7202148,
unbound,expired,test.test-expired.example,cold,3338186,2,False,1788804287.7236342,
unbound,expired,test.test-expired.example,cold,3245665,2,False,1788804287.7269568,
unbound,expired,test.test-expired.example,cold,3059699,2,False,1788804287.730084,
unbound,expired,test.test-expired.example,cold,3317061,2,False,1788804287.7334688,
unbound,expired,test.test-expired.example,cold,3114296,2,False,1788804287.7366447,
unbound,expired,test.test-expired.example,cold,3283985,2,False,1788804287.739994,
unbound,expired,test.test-expired.example,cold,3129037,2,False,1788804287.7432055,
unbound,expired,test.test-expired.example,cold,3421609,2,False,1788804287.7467098,
unbound,expired,test.test-expired.example,cold,3479785,2,False,1788804287.7502656,
unbound,expired,test.test-expired.example,cold,3104656,2,False,1788804287.7534428,
unbound,expired,test.test-expired.example,cold,3417073,2,False,1788804287.756933,
unbound,expired,test.test-expired.example,cold,3450033,2,False,1788804287.7604637,
unbound,expired,test.test-expired.example,cold,3655429,2,False,1788804287.7642076,
unbound,expired,test.test-expired.example,cold,3325672,2,False,1788804287.76762,
unbound,expired,test.test-expired.example,cold,3207580,2,False,1788804287.7708874,
unbound,expired,test.test-expired.example,cold,3193485,2,False,1788804287.7741458,
unbound,expired,test.test-expired.example,cold,3198347,2,False,1788804287.7774222,
unbound,expired,test.test-expired.example,cold,3344977,2,False,1788804287.7808473,
unbound,expired,test.test-expired.example,cold,3384532,2,False,1788804287.784322,
unbound,expired,test.test-expired.example,cold,4232895,2,False,1788804287.7886612,
unbound,expired,test.test-expired.example,cold,3182764,2,False,1788804287.791906,
unbound,expired,test.test-expired.example,cold,3209491,2,False,1788804287.795171,
unbound,expired,test.test-expired.example,cold,3227156,2,False,1788804287.798467,
unbound,expired,test.test-expired.example,cold,3053652,2,False,1788804287.8015811,
unbound,expired,test.test-expired.example,cold,3114020,2,False,1788804287.80475,
unbound,expired,test.test-expired.example,cold,3019459,2,False,1788804287.8078392,
unbound,expired,test.test-expired.example,cold,3460491,2,False,1788804287.8113606,
unbound,expired,test.test-expired.example,cold,4249186,2,False,1788804287.8157074,
unbound,expired,test.test-expired.example,cold,3732880,2,False,1788804287.819531,
unbound,expired,test.test-expired.example,cold,3291412,2,False,1788804287.8228812,
unbound,expired,test.test-expired.example,cold,3166867,2,False,1788804287.8261237,
unbound,expired,test.test-expired.example,cold,3008997,2,False,1788804287.829196,
unbound,expired,test.test-expired.example,cold,2991567,2,False,1788804287.8322613,
unbound,expired,test.test-expired.example,cold,4571005,2,False,1788804287.8369079,
unbound,expired,test.test-expired.example,cold,3200178,2,False,1788804287.8401906,
unbound,expired,test.test-expired.example,cold,3548975,2,False,1788804287.843797,
unbound,expired,test.test-expired.example,cold,3131707,2,False,1788804287.847012,
unbound,expired,test.test-expired.example,cold,3069467,2,False,1788804287.850156,
unbound,expired,test.test-expired.example,cold,3225468,2,False,1788804287.8534553,
unbound,expired,test.test-expired.example,cold,3114959,2,False,1788804287.856636,
unbound,expired,test.test-expired.example,cold,3157989,2,False,1788804287.85985,
unbound,expired,test.test-expired.example,cold,4727159,2,False,1788804287.8646681,
unbound,expired,test.test-expired.example,cold,4950816,2,False,1788804287.8697174,
unbound,expired,test.test-expired.example,cold,3245986,2,False,1788804287.8730435,
unbound,expired,test.test-expired.example,cold,3153791,2,False,1788804287.8762786,
unbound,expired,test.test-expired.example,cold,3475768,2,False,1788804287.879834,
unbound,expired,test.test-expired.example,cold,3188514,2,False,1788804287.8831077,
unbound,expired,test.test-expired.example,cold,3727707,2,False,1788804287.8869085,
unbound,expired,test.test-expired.example,cold,3252254,2,False,1788804287.8902438,
unbound,expired,test.test-expired.example,cold,3200581,2,False,1788804287.8935235,
unbound,expired,test.test-expired.example,cold,3031547,2,False,1788804287.896636,
unbound,expired,test.test-expired.example,cold,3400400,2,False,1788804287.9001067,
unbound,expired,test.test-expired.example,cold,4868434,2,False,1788804287.9050608,
unbound,expired,test.test-expired.example,cold,3775000,2,False,1788804287.908901,
unbound,expired,test.test-expired.example,cold,3159473,2,False,1788804287.9121308,
unbound,expired,test.test-expired.example,cold,3551758,2,False,1788804287.9157684,
unbound,expired,test.test-expired.example,cold,3478797,2,False,1788804287.9193306,
unbound,expired,test.test-expired.example,cold,3363461,2,False,1788804287.9227781,
unbound,expired,test.test-expired.example,cold,3153579,2,False,1788804287.9260137,
unbound,expired,test.test-expired.example,cold,2990539,2,False,1788804287.9290612,
unbound,expired,test.test-expired.example,cold,4334802,2,False,1788804287.9334686,
unbound,expired,test.test-expired.example,cold,5598364,2,False,1788804287.9391656,
unbound,expired,test.test-expired.example,cold,4307204,2,False,1788804287.9435635,
unbound,expired,test.test-expired.example,cold,4412121,2,False,1788804287.9481494,
unbound,expired,test.test-expired.example,cold,3545711,2,False,1788804287.9517784,
unbound,expired,test.test-expired.example,cold,4889073,2,False,1788804287.959006,
unbound,expired,test.test-expired.example,cold,3660329,2,False,1788804287.962771,
unbound,expired,test.test-expired.example,cold,3553008,2,False,1788804287.966416,
unbound,expired,test.test-expired.example,cold,3326403,2,False,1788804287.9698176,
unbound,expired,test.test-expired.example,cold,3052710,2,False,1788804287.9729364,
unbound,expired,test.test-expired.example,cold,3227140,2,False,1788804287.9762242,
unbound,expired,test.test-expired.example,cold,3378810,2,False,1788804287.979701,
unbound,expired,test.test-expired.example,cold,3225515,2,False,1788804287.9830148,
unbound,expired,test.test-expired.example,cold,3161352,2,False,1788804287.986238,
unbound,expired,test.test-expired.example,cold,3211486,2,False,1788804287.9895358,
unbound,expired,test.test-expired.example,cold,3747791,2,False,1788804287.9933436,
unbound,expired,test.test-expired.example,cold,3379306,2,False,1788804287.99679,
unbound,expired,test.test-expired.example,cold,3151768,2,False,1788804288.0000117,
unbound,expired,test.test-expired.example,cold,3509760,2,False,1788804288.0035856,
unbound,expired,test.test-expired.example,cold,3272889,2,False,1788804288.006948,
unbound,expired,test.test-expired.example,cold,3496253,2,False,1788804288.010503,
unbound,expired,test.test-expired.example,cold,3015315,2,False,1788804288.013578,
unbound,expired,test.test-expired.example,cold,3207437,2,False,1788804288.0168679,
unbound,expired,test.test-expired.example,cold,3455126,2,False,1788804288.0203838,
unbound,expired,test.test-expired.example,cold,5238536,2,False,1788804288.0256977,
unbound,expired,test.test-expired.example,cold,5429834,2,False,1788804288.031212,
unbound,expired,test.test-expired.example,cold,3454597,2,False,1788804288.03474,
unbound,expired,test.test-expired.example,cold,3494135,2,False,1788804288.038309,
unbound,expired,test.test-expired.example,cold,5098629,2,False,1788804288.043644,
unbound,expired,test.test-expired.example,cold,3554450,2,False,1788804288.047299,
unbound,expired,test.test-expired.example,cold,3119910,2,False,1788804288.0504851,
unbound,expired,test.test-expired.example,cold,3164528,2,False,1788804288.0537062,
unbound,expired,test.test-expired.example,cold,3323126,2,False,1788804288.0571082,
unbound,expired,test.test-expired.example,cold,3145055,2,False,1788804288.0603256,
unbound,expired,test.test-expired.example,cold,3362428,2,False,1788804288.0637498,
unbound,expired,test.test-expired.example,cold,3192279,2,False,1788804288.0670044,
unbound,expired,test.test-expired.example,cold,3084157,2,False,1788804288.0701764,
unbound,expired,test.test-expired.example,cold,3596726,2,False,1788804288.0738678,
unbound,expired,test.test-expired.example,cold,3166177,2,False,1788804288.0771127,
unbound,expired,test.test-expired.example,cold,3030878,2,False,1788804288.0802264,
unbound,expired,test.test-expired.example,cold,3208471,2,False,1788804288.083513,
unbound,expired,test.test-expired.example,cold,3400592,2,False,1788804288.0870073,
unbound,expired,test.test-expired.example,cold,3291188,2,False,1788804288.0903683,
unbound,expired,test.test-expired.example,cold,3017690,2,False,1788804288.0934436,
unbound,expired,test.test-expired.example,cold,3163296,2,False,1788804288.096667,
unbound,expired,test.test-expired.example,cold,2949066,2,False,1788804288.0996916,
unbound,expired,test.test-expired.example,cold,4578652,2,False,1788804288.1043372,
unbound,expired,test.test-expired.example,cold,4342556,2,False,1788804288.1088412,
unbound,expired,test.test-expired.example,cold,3960709,2,False,1788804288.1128974,
unbound,expired,test.test-expired.example,cold,3120008,2,False,1788804288.1160908,
unbound,expired,test.test-expired.example,cold,3175296,2,False,1788804288.1193247,
unbound,expired,test.test-expired.example,cold,3467956,2,False,1788804288.122868,
unbound,expired,test.test-expired.example,cold,3080135,2,False,1788804288.1260018,
unbound,expired,test.test-expired.example,cold,3055716,2,False,1788804288.1291132,
unbound,expired,test.test-expired.example,cold,2993697,2,False,1788804288.13218,
unbound,expired,test.test-expired.example,cold,3178110,2,False,1788804288.1354215,
unbound,expired,test.test-expired.example,cold,3236900,2,False,1788804288.138719,
unbound,expired,test.test-expired.example,cold,3493175,2,False,1788804288.1422684,
unbound,expired,test.test-expired.example,cold,3301700,2,False,1788804288.14565,
unbound,expired,test.test-expired.example,cold,3105726,2,False,1788804288.148818,
unbound,expired,test.test-expired.example,cold,3525128,2,False,1788804288.1524327,
unbound,expired,test.test-expired.example,cold,3029925,2,False,1788804288.1555393,
unbound,expired,test.test-expired.example,cold,3295915,2,False,1788804288.1589098,
unbound,expired,test.test-expired.example,cold,3086754,2,False,1788804288.1620724,
unbound,expired,test.test-expired.example,cold,4744918,2,False,1788804288.1668813,
unbound,expired,test.test-expired.example,cold,3438329,2,False,1788804288.1703925,
unbound,expired,test.test-expired.example,cold,3200133,2,False,1788804288.1736538,
unbound,expired,test.test-expired.example,cold,3137299,2,False,1788804288.1768632,
unbound,expired,test.test-expired.example,cold,3001227,2,False,1788804288.179925,
unbound,expired,test.test-expired.example,cold,4637696,2,False,1788804288.1846213,
unbound,expired,test.test-expired.example,cold,4363015,2,False,1788804288.1890607,
unbound,expired,test.test-expired.example,cold,3401691,2,False,1788804288.1926477,
unbound,expired,test.test-expired.example,cold,2986658,2,False,1788804288.1957133,
unbound,expired,test.test-expired.example,cold,3944537,2,False,1788804288.1997287,
unbound,expired,test.test-expired.example,cold,4162360,2,False,1788804288.203983,
unbound,expired,test.test-expired.example,cold,5523998,2,False,1788804288.2096002,
unbound,expired,test.test-expired.example,cold,3636313,2,False,1788804288.2133024,
unbound,expired,test.test-expired.example,cold,3310872,2,False,1788804288.2166898,
unbound,expired,test.test-expired.example,cold,3019348,2,False,1788804288.2197726,
unbound,expired,test.test-expired.example,cold,5217676,2,False,1788804288.2250557,
unbound,expired,test.test-expired.example,cold,4365007,2,False,1788804288.229499,
unbound,expired,test.test-expired.example,cold,3184754,2,False,1788804288.232741,
unbound,expired,test.test-expired.example,cold,2999609,2,False,1788804288.2357967,
unbound,expired,test.test-expired.example,cold,3174123,2,False,1788804288.2390244,
unbound,expired,test.test-expired.example,cold,3261034,2,False,1788804288.242361,
unbound,expired,test.test-expired.example,cold,3255820,2,False,1788804288.245685,
unbound,expired,test.test-expired.example,cold,3208888,2,False,1788804288.248951,
unbound,expired,test.test-expired.example,cold,3204556,2,False,1788804288.2522404,
unbound,expired,test.test-expired.example,cold,3004223,2,False,1788804288.2553124,
unbound,expired,test.test-expired.example,cold,2996879,2,False,1788804288.258369,
unbound,expired,test.test-expired.example,cold,3385412,2,False,1788804288.2618105,
unbound,expired,test.test-expired.example,cold,3612592,2,False,1788804288.2655058,
unbound,expired,test.test-expired.example,cold,4207023,2,False,1788804288.2698066,
unbound,expired,test.test-expired.example,cold,3393713,2,False,1788804288.273296,
unbound,expired,test.test-expired.example,cold,3290527,2,False,1788804288.2766726,
unbound,expired,test.test-expired.example,cold,4398392,2,False,1788804288.2811472,
unbound,expired,test.test-expired.example,cold,4253515,2,False,1788804288.2854917,
unbound,expired,test.test-expired.example,cold,3246448,2,False,1788804288.2888184,
unbound,expired,test.test-expired.example,cold,3093110,2,False,1788804288.2919788,
unbound,expired,test.test-expired.example,cold,338321048,2,False,1788804288.6303704,
unbound,expired,test.test-expired.example,cold,7501711,2,False,1788804288.6382508,
unbound,expired,test.test-expired.example,cold,6745839,2,False,1788804288.6451528,
unbound,expired,test.test-expired.example,cold,3840296,2,False,1788804288.6490538,
unbound,expired,test.test-expired.example,cold,3681439,2,False,1788804288.6528053,
unbound,expired,test.test-expired.example,cold,3726257,2,False,1788804288.6565933,
unbound,expired,test.test-expired.example,cold,3132503,2,False,1788804288.6598058,
unbound,expired,test.test-expired.example,cold,3442387,2,False,1788804288.6633313,
unbound,expired,test.test-expired.example,cold,3219379,2,False,1788804288.6666276,
unbound,expired,test.test-expired.example,cold,3284630,2,False,1788804288.66997,
unbound,expired,test.test-expired.example,cold,3230471,2,False,1788804288.6732743,
unbound,expired,test.test-expired.example,cold,3034158,2,False,1788804288.6763806,
unbound,expired,test.test-expired.example,cold,3615575,2,False,1788804288.6801007,
unbound,expired,test.test-expired.example,cold,3276343,2,False,1788804288.6834602,
unbound,expired,test.test-expired.example,cold,3227955,2,False,1788804288.68675,
unbound,expired,test.test-expired.example,cold,3355594,2,False,1788804288.6901681,
unbound,expired,test.test-expired.example,cold,3108383,2,False,1788804288.6933634,
unbound,expired,test.test-expired.example,cold,3399285,2,False,1788804288.696818,
unbound,expired,test.test-expired.example,cold,3643443,2,False,1788804288.700524,
unbound,expired,test.test-expired.example,cold,5996339,2,False,1788804288.7066083,
unbound,expired,test.test-expired.example,cold,3387212,2,False,1788804288.710073,
unbound,expired,test.test-expired.example,cold,3180301,2,False,1788804288.713313,
unbound,expired,test.test-expired.example,cold,3350970,2,False,1788804288.7167218,
unbound,expired,test.test-expired.example,cold,4343606,2,False,1788804288.7211223,
unbound,expired,test.test-expired.example,cold,4546517,2,False,1788804288.725739,
unbound,expired,test.test-expired.example,cold,5875097,2,False,1788804288.7317133,
unbound,expired,test.test-expired.example,cold,4403277,2,False,1788804288.7362337,
unbound,expired,test.test-expired.example,cold,4074099,2,False,1788804288.7405334,
unbound,expired,test.test-expired.example,cold,4649918,2,False,1788804288.7453504,
unbound,expired,test.test-expired.example,cold,3994526,2,False,1788804288.7494426,
unbound,expired,test.test-expired.example,cold,3808962,2,False,1788804288.7533383,
unbound,expired,test.test-expired.example,cold,4196078,2,False,1788804288.7576249,
unbound,expired,test.test-expired.example,cold,3184896,2,False,1788804288.7609005,
unbound,expired,test.test-expired.example,cold,3254327,2,False,1788804288.764218,
unbound,expired,test.test-expired.example,cold,3159001,2,False,1788804288.7674508,
unbound,expired,test.test-expired.example,cold,3062014,2,False,1788804288.7705908,
unbound,expired,test.test-expired.example,cold,3131054,2,False,1788804288.7737775,
unbound,expired,test.test-expired.example,cold,3136466,2,False,1788804288.7769704,
unbound,expired,test.test-expired.example,cold,3443691,2,False,1788804288.7804966,
unbound,expired,test.test-expired.example,cold,4473361,2,False,1788804288.7850785,
unbound,expired,test.test-expired.example,cold,3045038,2,False,1788804288.78819,
unbound,expired,test.test-expired.example,cold,3051290,2,False,1788804288.7913032,
unbound,expired,test.test-expired.example,cold,3109045,2,False,1788804288.7944856,
unbound,expired,test.test-expired.example,cold,3202184,2,False,1788804288.797769,
unbound,expired,test.test-expired.example,cold,3153973,2,False,1788804288.8010004,
unbound,expired,test.test-expired.example,cold,3088851,2,False,1788804288.804148,
unbound,expired,test.test-expired.example,cold,4451061,2,False,1788804288.808676,
unbound,expired,test.test-expired.example,cold,3482986,2,False,1788804288.81223,
unbound,expired,test.test-expired.example,cold,3232319,2,False,1788804288.8155303,
unbound,expired,test.test-expired.example,cold,3283065,2,False,1788804288.8188941,
unbound,expired,test.test-expired.example,cold,3661882,2,False,1788804288.8226335,
unbound,expired,test.test-expired.example,cold,5301685,2,False,1788804288.828017,
unbound,expired,test.test-expired.example,cold,4251297,2,False,1788804288.832352,
unbound,expired,test.test-expired.example,cold,3123419,2,False,1788804288.8355825,
unbound,expired,test.test-expired.example,cold,3302387,2,False,1788804288.8389754,
unbound,expired,test.test-expired.example,cold,3527506,2,False,1788804288.8425748,
unbound,expired,test.test-expired.example,cold,3087041,2,False,1788804288.84574,
unbound,expired,test.test-expired.example,cold,4153324,2,False,1788804288.8499558,
unbound,expired,test.test-expired.example,cold,4036651,2,False,1788804288.8540773,
unbound,expired,test.test-expired.example,cold,4537407,2,False,1788804288.8586876,
unbound,expired,test.test-expired.example,cold,4491262,2,False,1788804288.863274,
unbound,expired,test.test-expired.example,cold,3174539,2,False,1788804288.8665133,
unbound,expired,test.test-expired.example,cold,3263077,2,False,1788804288.869953,
unbound,expired,test.test-expired.example,cold,3878961,2,False,1788804288.8739095,
unbound,expired,test.test-expired.example,cold,3153536,2,False,1788804288.8771417,
unbound,expired,test.test-expired.example,cold,3170521,2,False,1788804288.8803864,
unbound,expired,test.test-expired.example,cold,3268328,2,False,1788804288.8837683,
unbound,expired,test.test-expired.example,cold,4257892,2,False,1788804288.888084,
unbound,expired,test.test-expired.example,cold,3317585,2,False,1788804288.891466,
unbound,expired,test.test-expired.example,cold,3343163,2,False,1788804288.8948643,
unbound,expired,test.test-expired.example,cold,3511776,2,False,1788804288.8984344,
unbound,expired,test.test-expired.example,cold,3211677,2,False,1788804288.9017212,
unbound,expired,test.test-expired.example,cold,3445663,2,False,1788804288.9052286,
unbound,expired,test.test-expired.example,cold,5074102,2,False,1788804288.9103956,
unbound,expired,test.test-expired.example,cold,3691930,2,False,1788804288.9141557,
unbound,expired,test.test-expired.example,cold,3216778,2,False,1788804288.9174562,
unbound,expired,test.test-expired.example,cold,3191914,2,False,1788804288.9207137,
unbound,expired,test.test-expired.example,cold,3200617,2,False,1788804288.9239933,
unbound,expired,test.test-expired.example,cold,3516041,2,False,1788804288.927584,
unbound,expired,test.test-expired.example,cold,3009189,2,False,1788804288.9306593,
unbound,expired,test.test-expired.example,cold,3302259,2,False,1788804288.9340389,
unbound,expired,test.test-expired.example,cold,3170320,2,False,1788804288.9372776,
unbound,expired,test.test-expired.example,cold,3435476,2,False,1788804288.9407938,
unbound,expired,test.test-expired.example,cold,4763093,2,False,1788804288.9456463,
unbound,expired,test.test-expired.example,cold,3244548,2,False,1788804288.9489758,
unbound,expired,test.test-expired.example,cold,3478709,2,False,1788804288.952534,
unbound,expired,test.test-expired.example,cold,3206445,2,False,1788804288.9558253,
unbound,expired,test.test-expired.example,cold,3569289,2,False,1788804288.959465,
unbound,expired,test.test-expired.example,cold,3709069,2,False,1788804288.963288,
unbound,expired,test.test-expired.example,cold,4760491,2,False,1788804288.9681864,
unbound,expired,test.test-expired.example,cold,3417125,2,False,1788804288.971671,
unbound,expired,test.test-expired.example,cold,3038364,2,False,1788804288.9747767,
unbound,expired,test.test-expired.example,cold,3112199,2,False,1788804288.977949,
unbound,expired,test.test-expired.example,cold,3551506,2,False,1788804288.9815698,
unbound,expired,test.test-expired.example,cold,3379249,2,False,1788804288.985027,
unbound,expired,test.test-expired.example,cold,3469742,2,False,1788804288.988591,
unbound,expired,test.test-expired.example,cold,3877563,2,False,1788804288.9925432,
unbound,expired,test.test-expired.example,cold,3253575,2,False,1788804288.9958684,
unbound,expired,test.test-expired.example,cold,3450648,2,False,1788804288.9994142,
unbound,expired,test.test-expired.example,cold,3255214,2,False,1788804289.0027661,
unbound,expired,test.test-expired.example,cold,3422374,2,False,1788804289.0062466,
unbound,expired,test.test-expired.example,cold,3178619,2,False,1788804289.0094874,
unbound,expired,test.test-expired.example,cold,3190730,2,False,1788804289.0127583,
unbound,expired,test.test-expired.example,cold,3224841,2,False,1788804289.016052,
unbound,expired,test.test-expired.example,cold,3242466,2,False,1788804289.0193546,
unbound,expired,test.test-expired.example,cold,3422450,2,False,1788804289.022841,
unbound,expired,test.test-expired.example,cold,3174003,2,False,1788804289.0260792,
unbound,expired,test.test-expired.example,cold,3083139,2,False,1788804289.0292249,
unbound,expired,test.test-expired.example,cold,4015813,2,False,1788804289.0333097,
unbound,expired,test.test-expired.example,cold,3180273,2,False,1788804289.0365486,
unbound,expired,test.test-expired.example,cold,2926889,2,False,1788804289.0395436,
unbound,expired,test.test-expired.example,cold,2973773,2,False,1788804289.042595,
unbound,expired,test.test-expired.example,cold,3418516,2,False,1788804289.0461102,
unbound,expired,test.test-expired.example,cold,3394626,2,False,1788804289.049617,
unbound,expired,test.test-expired.example,cold,3057590,2,False,1788804289.0527575,
unbound,expired,test.test-expired.example,cold,3112977,2,False,1788804289.0559433,
unbound,expired,test.test-expired.example,cold,2942608,2,False,1788804289.0589437,
unbound,expired,test.test-expired.example,cold,2916177,2,False,1788804289.06193,
unbound,expired,test.test-expired.example,cold,3133788,2,False,1788804289.0651295,
unbound,expired,test.test-expired.example,cold,4757015,2,False,1788804289.0699508,
unbound,expired,test.test-expired.example,cold,3818216,2,False,1788804289.073856,
unbound,expired,test.test-expired.example,cold,3063865,2,False,1788804289.0769937,
unbound,expired,test.test-expired.example,cold,3484934,2,False,1788804289.0805411,
unbound,expired,test.test-expired.example,cold,3170244,2,False,1788804289.083786,
unbound,expired,test.test-expired.example,cold,3211726,2,False,1788804289.0870671,
unbound,expired,test.test-expired.example,cold,3034738,2,False,1788804289.09017,
unbound,expired,test.test-expired.example,cold,3071437,2,False,1788804289.0933194,
unbound,expired,test.test-expired.example,cold,3307092,2,False,1788804289.0967085,
unbound,expired,test.test-expired.example,cold,3143082,2,False,1788804289.1000283,
unbound,expired,test.test-expired.example,cold,4543169,2,False,1788804289.104658,
unbound,expired,test.test-expired.example,cold,3018134,2,False,1788804289.1077564,
unbound,expired,test.test-expired.example,cold,3304551,2,False,1788804289.1111155,
unbound,expired,test.test-expired.example,cold,3330002,2,False,1788804289.1145282,
unbound,expired,test.test-expired.example,cold,3032072,2,False,1788804289.1176226,
unbound,expired,test.test-expired.example,cold,2981764,2,False,1788804289.120683,
unbound,expired,test.test-expired.example,cold,3105734,2,False,1788804289.1238627,
unbound,expired,test.test-expired.example,cold,3710738,2,False,1788804289.1277692,
unbound,expired,test.test-expired.example,cold,4171590,2,False,1788804289.132019,
unbound,expired,test.test-expired.example,cold,3053810,2,False,1788804289.1351511,
unbound,expired,test.test-expired.example,cold,3094659,2,False,1788804289.1383076,
unbound,expired,test.test-expired.example,cold,3285296,2,False,1788804289.1416698,
unbound,expired,test.test-expired.example,cold,3113240,2,False,1788804289.1448562,
unbound,expired,test.test-expired.example,cold,7424723,2,False,1788804289.1523402,
unbound,expired,test.test-expired.example,cold,3430041,2,False,1788804289.1558938,
unbound,expired,test.test-expired.example,cold,3232938,2,False,1788804289.1591978,
unbound,expired,test.test-expired.example,cold,2964433,2,False,1788804289.1622224,
unbound,expired,test.test-expired.example,cold,3452953,2,False,1788804289.1657305,
unbound,expired,test.test-expired.example,cold,3378045,2,False,1788804289.1691852,
unbound,expired,test.test-expired.example,cold,3271906,2,False,1788804289.1725519,
unbound,expired,test.test-expired.example,cold,2978828,2,False,1788804289.1755986,
unbound,expired,test.test-expired.example,cold,3619181,2,False,1788804289.1792798,
unbound,expired,test.test-expired.example,cold,4701145,2,False,1788804289.1841078,
unbound,expired,test.test-expired.example,cold,3363629,2,False,1788804289.1875448,
unbound,expired,test.test-expired.example,cold,3322020,2,False,1788804289.1909525,
unbound,expired,test.test-expired.example,cold,3785497,2,False,1788804289.1948137,
unbound,expired,test.test-expired.example,cold,3200425,2,False,1788804289.1980908,
unbound,expired,test.test-expired.example,cold,3198140,2,False,1788804289.2013452,
unbound,expired,test.test-expired.example,cold,3415385,2,False,1788804289.2048438,
unbound,expired,test.test-expired.example,cold,3739054,2,False,1788804289.2086809,
unbound,expired,test.test-expired.example,cold,3510099,2,False,1788804289.2122817,
unbound,expired,test.test-expired.example,cold,249252695,2,False,1788804289.4616847,
unbound,expired,test.test-expired.example,cold,10891302,2,False,1788804289.4728045,
unbound,expired,test.test-expired.example,cold,8603891,2,False,1788804289.4817364,
unbound,expired,test.test-expired.example,cold,6288686,2,False,1788804289.488157,
unbound,expired,test.test-expired.example,cold,6245576,2,False,1788804289.4945178,
unbound,expired,test.test-expired.example,cold,5462032,2,False,1788804289.5000987,
unbound,expired,test.test-expired.example,cold,5540160,2,False,1788804289.5057414,
unbound,expired,test.test-expired.example,cold,4518606,2,False,1788804289.5103838,
unbound,expired,test.test-expired.example,cold,4559835,2,False,1788804289.5150442,
unbound,expired,test.test-expired.example,cold,4632732,2,False,1788804289.5197635,
unbound,expired,test.test-expired.example,cold,7548124,2,False,1788804289.5274286,
unbound,expired,test.test-expired.example,cold,4232000,2,False,1788804289.5318193,
unbound,expired,test.test-expired.example,cold,3255646,2,False,1788804289.5351455,
unbound,expired,test.test-expired.example,cold,4337172,2,False,1788804289.539548,
unbound,expired,test.test-expired.example,cold,3487791,2,False,1788804289.5431163,
unbound,expired,test.test-expired.example,cold,3124956,2,False,1788804289.5463078,
unbound,expired,test.test-expired.example,cold,3274812,2,False,1788804289.5496445,
unbound,expired,test.test-expired.example,cold,3453680,2,False,1788804289.5531561,
unbound,expired,test.test-expired.example,cold,4029841,2,False,1788804289.5572743,
unbound,expired,test.test-expired.example,cold,3983780,2,False,1788804289.5613563,
unbound,expired,test.test-expired.example,cold,3432103,2,False,1788804289.5648632,
unbound,expired,test.test-expired.example,cold,3400757,2,False,1788804289.5683267,
unbound,expired,test.test-expired.example,cold,3087419,2,False,1788804289.571479,
unbound,expired,test.test-expired.example,cold,3382869,2,False,1788804289.574921,
unbound,expired,test.test-expired.example,cold,4428709,2,False,1788804289.5794415,
unbound,expired,test.test-expired.example,cold,3815579,2,False,1788804289.5833387,
unbound,expired,test.test-expired.example,cold,3142423,2,False,1788804289.586564,
unbound,expired,test.test-expired.example,cold,3670143,2,False,1788804289.5904603,
unbound,expired,test.test-expired.example,cold,3495867,2,False,1788804289.5940423,
unbound,expired,test.test-expired.example,cold,3347989,2,False,1788804289.597472,
unbound,expired,test.test-expired.example,cold,4137347,2,False,1788804289.6017098,
unbound,expired,test.test-expired.example,cold,4308735,2,False,1788804289.6060977,
unbound,expired,test.test-expired.example,cold,3906889,2,False,1788804289.610064,
unbound,expired,test.test-expired.example,cold,3201282,2,False,1788804289.6133304,
unbound,expired,test.test-expired.example,cold,3473566,2,False,1788804289.616868,
unbound,expired,test.test-expired.example,cold,3169278,2,False,1788804289.6201253,
unbound,expired,test.test-expired.example,cold,3228076,2,False,1788804289.6234171,
unbound,expired,test.test-expired.example,cold,3276858,2,False,1788804289.626758,
unbound,expired,test.test-expired.example,cold,4282141,2,False,1788804289.6311276,
unbound,expired,test.test-expired.example,cold,5678568,2,False,1788804289.636889,
unbound,expired,test.test-expired.example,cold,5247699,2,False,1788804289.6422246,
unbound,expired,test.test-expired.example,cold,9794821,2,False,1788804289.6521368,
unbound,expired,test.test-expired.example,cold,5476951,2,False,1788804289.658131,
unbound,expired,test.test-expired.example,cold,4700507,2,False,1788804289.662929,
unbound,expired,test.test-expired.example,cold,4557506,2,False,1788804289.6675847,
unbound,expired,test.test-expired.example,cold,4826838,2,False,1788804289.672728,
unbound,expired,test.test-expired.example,cold,5546711,2,False,1788804289.6783774,
unbound,expired,test.test-expired.example,cold,4531846,2,False,1788804289.6830108,
unbound,expired,test.test-expired.example,cold,4449576,2,False,1788804289.6875596,
unbound,expired,test.test-expired.example,cold,5255229,2,False,1788804289.6929116,
unbound,expired,test.test-expired.example,cold,4806485,2,False,1788804289.6977932,
unbound,expired,test.test-expired.example,cold,4208471,2,False,1788804289.7021475,
unbound,expired,test.test-expired.example,cold,4209770,2,False,1788804289.7064414,
unbound,expired,test.test-expired.example,cold,4375840,2,False,1788804289.7108917,
unbound,expired,test.test-expired.example,cold,3512937,2,False,1788804289.7144704,
unbound,expired,test.test-expired.example,cold,4152956,2,False,1788804289.7186966,
unbound,expired,test.test-expired.example,cold,4626870,2,False,1788804289.7234097,
unbound,expired,test.test-expired.example,cold,3809496,2,False,1788804289.7272992,
unbound,expired,test.test-expired.example,cold,3882623,2,False,1788804289.731252,
unbound,expired,test.test-expired.example,cold,4188529,2,False,1788804289.7355285,
unbound,expired,test.test-expired.example,cold,4123391,2,False,1788804289.7397249,
unbound,expired,test.test-expired.example,cold,6517951,2,False,1788804289.746339,
unbound,expired,test.test-expired.example,cold,4761077,2,False,1788804289.7511969,
unbound,expired,test.test-expired.example,cold,4703044,2,False,1788804289.7559972,
unbound,expired,test.test-expired.example,cold,6116830,2,False,1788804289.7622118,
unbound,expired,test.test-expired.example,cold,5642193,2,False,1788804289.7679513,
unbound,expired,test.test-expired.example,cold,6178210,2,False,1788804289.7743168,
unbound,expired,test.test-expired.example,cold,5286586,2,False,1788804289.7797024,
unbound,expired,test.test-expired.example,cold,5846098,2,False,1788804289.7856355,
unbound,expired,test.test-expired.example,cold,3702241,2,False,1788804289.7894208,
unbound,expired,test.test-expired.example,cold,4177448,2,False,1788804289.7936687,
unbound,expired,test.test-expired.example,cold,3699748,2,False,1788804289.7974565,
unbound,expired,test.test-expired.example,cold,3868623,2,False,1788804289.8013945,
unbound,expired,test.test-expired.example,cold,3592593,2,False,1788804289.8050716,
unbound,expired,test.test-expired.example,cold,3996640,2,False,1788804289.8091462,
unbound,expired,test.test-expired.example,cold,5934553,2,False,1788804289.815187,
unbound,expired,test.test-expired.example,cold,4183228,2,False,1788804289.8194568,
unbound,expired,test.test-expired.example,cold,3919411,2,False,1788804289.8234575,
unbound,expired,test.test-expired.example,cold,4755098,2,False,1788804289.8283536,
unbound,expired,test.test-expired.example,cold,5358324,2,False,1788804289.8338263,
unbound,expired,test.test-expired.example,cold,6366729,2,False,1788804289.8402994,
unbound,expired,test.test-expired.example,cold,4828506,2,False,1788804289.8452399,
unbound,expired,test.test-expired.example,cold,5311380,2,False,1788804289.850646,
unbound,expired,test.test-expired.example,cold,4599036,2,False,1788804289.8553374,
unbound,expired,test.test-expired.example,cold,4836165,2,False,1788804289.8602471,
unbound,expired,test.test-expired.example,cold,3584100,2,False,1788804289.8639262,
unbound,expired,test.test-expired.example,cold,4987684,2,False,1788804289.8689945,
unbound,expired,test.test-expired.example,cold,3847732,2,False,1788804289.872931,
unbound,expired,test.test-expired.example,cold,3963559,2,False,1788804289.8769665,
unbound,expired,test.test-expired.example,cold,3843857,2,False,1788804289.8808877,
unbound,expired,test.test-expired.example,cold,3660703,2,False,1788804289.8846416,
unbound,expired,test.test-expired.example,cold,4101585,2,False,1788804289.888815,
unbound,expired,test.test-expired.example,cold,5261787,2,False,1788804289.894173,
unbound,expired,test.test-expired.example,cold,4915847,2,False,1788804289.8992608,
unbound,expired,test.test-expired.example,cold,4537904,2,False,1788804289.9038746,
unbound,expired,test.test-expired.example,cold,4330044,2,False,1788804289.9083822,
unbound,expired,test.test-expired.example,cold,3934841,2,False,1788804289.9125338,
unbound,expired,test.test-expired.example,cold,4106024,2,False,1788804289.916714,
unbound,expired,test.test-expired.example,cold,4545597,2,False,1788804289.92133,
unbound,expired,test.test-expired.example,cold,4536931,2,False,1788804289.9259381,
unbound,expired,test.test-expired.example,cold,5640656,2,False,1788804289.9316702,
unbound,expired,test.test-expired.example,cold,5469808,2,False,1788804289.9373088,
unbound,expired,test.test-expired.example,cold,5547378,2,False,1788804289.9429512,
unbound,expired,test.test-expired.example,cold,4941418,2,False,1788804289.9479754,
unbound,expired,test.test-expired.example,cold,3901714,2,False,1788804289.9519637,
unbound,expired,test.test-expired.example,cold,3996606,2,False,1788804289.9560452,
unbound,expired,test.test-expired.example,cold,4573587,2,False,1788804289.9607089,
unbound,expired,test.test-expired.example,cold,4209724,2,False,1788804289.965013,
unbound,expired,test.test-expired.example,cold,3529981,2,False,1788804289.968626,
unbound,expired,test.test-expired.example,cold,3943160,2,False,1788804289.9726522,
unbound,expired,test.test-expired.example,cold,4778742,2,False,1788804289.9775007,
unbound,expired,test.test-expired.example,cold,3807396,2,False,1788804289.981399,
unbound,expired,test.test-expired.example,cold,4392596,2,False,1788804289.9858768,
unbound,expired,test.test-expired.example,cold,4428247,2,False,1788804289.9903882,
unbound,expired,test.test-expired.example,cold,3942652,2,False,1788804289.9943943,
unbound,expired,test.test-expired.example,cold,3946541,2,False,1788804289.9984093,
unbound,expired,test.test-expired.example,cold,4711582,2,False,1788804290.003219,
unbound,expired,test.test-expired.example,cold,5585419,2,False,1788804290.0089192,
unbound,expired,test.test-expired.example,cold,8592788,2,False,1788804290.017642,
unbound,expired,test.test-expired.example,cold,8063964,2,False,1788804290.0258183,
unbound,expired,test.test-expired.example,cold,6078126,2,False,1788804290.0321136,
unbound,expired,test.test-expired.example,cold,5824549,2,False,1788804290.0380402,
unbound,expired,test.test-expired.example,cold,5299015,2,False,1788804290.0435162,
unbound,expired,test.test-expired.example,cold,5858596,2,False,1788804290.0494614,
unbound,expired,test.test-expired.example,cold,5212754,2,False,1788804290.054782,
unbound,expired,test.test-expired.example,cold,4263785,2,False,1788804290.0591254,
unbound,expired,test.test-expired.example,cold,4209107,2,False,1788804290.0634055,
unbound,expired,test.test-expired.example,cold,5149937,2,False,1788804290.0686297,
unbound,expired,test.test-expired.example,cold,3881236,2,False,1788804290.0725977,
unbound,expired,test.test-expired.example,cold,4242762,2,False,1788804290.0768983,
unbound,expired,test.test-expired.example,cold,5514554,2,False,1788804290.0824833,
unbound,expired,test.test-expired.example,cold,6939338,2,False,1788804290.0896666,
unbound,expired,test.test-expired.example,cold,6289858,2,False,1788804290.096269,
unbound,expired,test.test-expired.example,cold,4794957,2,False,1788804290.101172,
unbound,expired,test.test-expired.example,cold,3727140,2,False,1788804290.104984,
unbound,expired,test.test-expired.example,cold,3266007,2,False,1788804290.1083276,
unbound,expired,test.test-expired.example,cold,3424118,2,False,1788804290.111815,
unbound,expired,test.test-expired.example,cold,3421923,2,False,1788804290.1153157,
unbound,expired,test.test-expired.example,cold,3559282,2,False,1788804290.1189504,
unbound,expired,test.test-expired.example,cold,3416952,2,False,1788804290.1224434,
unbound,expired,test.test-expired.example,cold,3423252,2,False,1788804290.1259336,
unbound,expired,test.test-expired.example,cold,3923462,2,False,1788804290.1299238,
unbound,expired,test.test-expired.example,cold,4010179,2,False,1788804290.1340203,
unbound,expired,test.test-expired.example,cold,3984244,2,False,1788804290.1380773,
unbound,expired,test.test-expired.example,cold,3494609,2,False,1788804290.1416354,
unbound,expired,test.test-expired.example,cold,3548394,2,False,1788804290.1452878,
unbound,expired,test.test-expired.example,cold,3642966,2,False,1788804290.1490245,
unbound,expired,test.test-expired.example,cold,3527124,2,False,1788804290.1526232,
unbound,expired,test.test-expired.example,cold,3315844,2,False,1788804290.1560159,
unbound,expired,test.test-expired.example,cold,3781382,2,False,1788804290.1598887,
unbound,expired,test.test-expired.example,cold,4065204,2,False,1788804290.16405,
unbound,expired,test.test-expired.example,cold,5312477,2,False,1788804290.1694648,
unbound,expired,test.test-expired.example,cold,4792001,2,False,1788804290.1743393,
unbound,expired,test.test-expired.example,cold,4977163,2,False,1788804290.1794426,
unbound,expired,test.test-expired.example,cold,3989976,2,False,1788804290.1835203,
unbound,expired,test.test-expired.example,cold,3661574,2,False,1788804290.187253,
unbound,expired,test.test-expired.example,cold,3265547,2,False,1788804290.1906025,
unbound,expired,test.test-expired.example,cold,3454278,2,False,1788804290.1941514,
unbound,expired,test.test-expired.example,cold,4350995,2,False,1788804290.1985774,
unbound,expired,test.test-expired.example,cold,3621922,2,False,1788804290.202287,
unbound,expired,test.test-expired.example,cold,3334869,2,False,1788804290.2056928,
unbound,expired,test.test-expired.example,cold,3363896,2,False,1788804290.2091417,
unbound,expired,test.test-expired.example,cold,3790084,2,False,1788804290.2130122,
unbound,expired,test.test-expired.example,cold,3614994,2,False,1788804290.216697,
unbound,expired,test.test-expired.example,cold,3718709,2,False,1788804290.220498,
unbound,expired,test.test-expired.example,cold,3970400,2,False,1788804290.2245538,
unbound,expired,test.test-expired.example,cold,4269922,2,False,1788804290.2289083,
unbound,expired,test.test-expired.example,cold,4018115,2,False,1788804290.2330194,
unbound,expired,test.test-expired.example,cold,3641455,2,False,1788804290.2367501,
unbound,expired,test.test-expired.example,cold,5136011,2,False,1788804290.241981,
unbound,expired,test.test-expired.example,cold,6199733,2,False,1788804290.2482755,
unbound,expired,test.test-expired.example,cold,5480754,2,False,1788804290.2538524,
unbound,expired,test.test-expired.example,cold,5456593,2,False,1788804290.2594032,
unbound,expired,test.test-expired.example,cold,4125671,2,False,1788804290.2636287,
unbound,expired,test.test-expired.example,cold,4262019,2,False,1788804290.267982,
unbound,expired,test.test-expired.example,cold,4245154,2,False,1788804290.272301,
unbound,expired,test.test-expired.example,cold,4958569,2,False,1788804290.2773693,
unbound,expired,test.test-expired.example,cold,4486935,2,False,1788804290.2821102,
unbound,expired,test.test-expired.example,cold,3772190,2,False,1788804290.285977,
unbound,expired,test.test-expired.example,cold,3774388,2,False,1788804290.28982,
unbound,expired,test.test-expired.example,cold,4023967,2,False,1788804290.2939281,
unbound,expired,test.test-expired.example,cold,3956338,2,False,1788804290.2979681,
unbound,expired,test.test-expired.example,cold,3833362,2,False,1788804290.3018851,
unbound,expired,test.test-expired.example,cold,4718815,2,False,1788804290.306686,
unbound,expired,test.test-expired.example,cold,3683718,2,False,1788804290.310467,
unbound,expired,test.test-expired.example,cold,3776910,2,False,1788804290.3143327,
unbound,expired,test.test-expired.example,cold,3682936,2,False,1788804290.3180752,
unbound,expired,test.test-expired.example,cold,5659658,2,False,1788804290.323802,
unbound,expired,test.test-expired.example,cold,5310091,2,False,1788804290.329231,
unbound,expired,test.test-expired.example,cold,5669247,2,False,1788804290.3351562,
unbound,expired,test.test-expired.example,cold,3744316,2,False,1788804290.3389988,
unbound,expired,test.test-expired.example,cold,6080187,2,False,1788804290.3451736,
unbound,expired,test.test-expired.example,cold,5203315,2,False,1788804290.3504796,
unbound,expired,test.test-expired.example,cold,5207702,2,False,1788804290.3559842,
unbound,expired,test.test-expired.example,cold,4170926,2,False,1788804290.36023,
unbound,expired,test.test-expired.example,cold,3813517,2,False,1788804290.364117,
unbound,expired,test.test-expired.example,cold,3735360,2,False,1788804290.3679233,
unbound,expired,test.test-expired.example,cold,3477241,2,False,1788804290.3714647,
unbound,expired,test.test-expired.example,cold,3372415,2,False,1788804290.3749423,
unbound,expired,test.test-expired.example,cold,3308445,2,False,1788804290.3783498,
unbound,expired,test.test-expired.example,cold,4116799,2,False,1788804290.3825543,
unbound,expired,test.test-expired.example,cold,3753452,2,False,1788804290.3863795,
unbound,expired,test.test-expired.example,cold,4180639,2,False,1788804290.3908055,
unbound,expired,test.test-expired.example,cold,4254134,2,False,1788804290.3952427,
unbound,expired,test.test-expired.example,cold,4285964,2,False,1788804290.3996103,
unbound,expired,test.test-expired.example,cold,9040104,2,False,1788804290.408738,
unbound,expired,test.test-expired.example,cold,6061518,2,False,1788804290.4148989,
unbound,expired,test.test-expired.example,cold,6685552,2,False,1788804290.4217176,
unbound,expired,test.test-expired.example,cold,5772469,2,False,1788804290.4276752,
unbound,expired,test.test-expired.example,cold,9516342,2,False,1788804290.437287,
unbound,expired,test.test-expired.example,cold,7257819,2,False,1788804290.4446385,
unbound,expired,test.test-expired.example,cold,5026181,2,False,1788804290.4497616,
unbound,expired,test.test-expired.example,cold,5483772,2,False,1788804290.455336,
unbound,expired,test.test-expired.example,cold,5064212,2,False,1788804290.460502,
unbound,expired,test.test-expired.example,cold,6954842,2,False,1788804290.4676344,
unbound,expired,test.test-expired.example,cold,5805407,2,False,1788804290.4740212,
unbound,expired,test.test-expired.example,cold,6919662,2,False,1788804290.48106,
unbound,expired,test.test-expired.example,cold,6953884,2,False,1788804290.4881144,
unbound,expired,test.test-expired.example,cold,6192787,2,False,1788804290.4944026,
unbound,expired,test.test-expired.example,cold,6971756,2,False,1788804290.5014663,
unbound,expired,test.test-expired.example,cold,7153386,2,False,1788804290.5087771,
unbound,expired,test.test-expired.example,cold,6383351,2,False,1788804290.5152643,
unbound,expired,test.test-expired.example,cold,4855872,2,False,1788804290.5203314,
unbound,expired,test.test-expired.example,cold,5628359,2,False,1788804290.5260923,
unbound,expired,test.test-expired.example,cold,4124205,2,False,1788804290.5303037,
unbound,expired,test.test-expired.example,cold,5316600,2,False,1788804290.5357144,
unbound,expired,test.test-expired.example,cold,4100561,2,False,1788804290.5399194,
unbound,expired,test.test-expired.example,cold,6894338,2,False,1788804290.5468972,
unbound,expired,test.test-expired.example,cold,5201729,2,False,1788804290.5521908,
unbound,expired,test.test-expired.example,cold,4000898,2,False,1788804290.5562615,
unbound,expired,test.test-expired.example,cold,4151969,2,False,1788804290.5605128,
unbound,expired,test.test-expired.example,cold,4995171,2,False,1788804290.5657685,
unbound,expired,test.test-expired.example,cold,6732058,2,False,1788804290.5725951,
unbound,expired,test.test-expired.example,cold,4446018,2,False,1788804290.5771313,
unbound,expired,test.test-expired.example,cold,3887652,2,False,1788804290.5810938,
unbound,expired,test.test-expired.example,cold,4063069,2,False,1788804290.5852456,
unbound,expired,test.test-expired.example,cold,3751991,2,False,1788804290.589074,
unbound,expired,test.test-expired.example,cold,3506148,2,False,1788804290.5926583,
unbound,expired,test.test-expired.example,cold,3813267,2,False,1788804290.596554,
unbound,expired,test.test-expired.example,cold,4072245,2,False,1788804290.6007206,
unbound,expired,test.test-expired.example,cold,3952432,2,False,1788804290.6047616,
unbound,expired,test.test-expired.example,cold,4162164,2,False,1788804290.609014,
unbound,expired,test.test-expired.example,cold,3594858,2,False,1788804290.6126952,
unbound,expired,test.test-expired.example,cold,3577335,2,False,1788804290.6163437,
unbound,expired,test.test-expired.example,cold,4362086,2,False,1788804290.6207979,
unbound,expired,test.test-expired.example,cold,4003889,2,False,1788804290.6249013,
unbound,expired,test.test-expired.example,cold,4980529,2,False,1788804290.629977,
unbound,expired,test.test-expired.example,cold,4576324,2,False,1788804290.634624,
unbound,expired,test.test-expired.example,cold,3866069,2,False,1788804290.6385717,
unbound,expired,test.test-expired.example,cold,5168520,2,False,1788804290.6438193,
unbound,expired,test.test-expired.example,cold,13276620,2,False,1788804290.6572034,
unbound,expired,test.test-expired.example,cold,9780549,2,False,1788804290.6670802,
unbound,expired,test.test-expired.example,cold,5393715,2,False,1788804290.6729538,
unbound,expired,test.test-expired.example,cold,6315611,2,False,1788804290.6793582,
unbound,expired,test.test-expired.example,cold,7058154,2,False,1788804290.6865568,
unbound,expired,test.test-expired.example,cold,5518908,2,False,1788804290.6926477,
unbound,expired,test.test-expired.example,cold,5428923,2,False,1788804290.6982532,
unbound,expired,test.test-expired.example,cold,5652604,2,False,1788804290.704036,
unbound,expired,test.test-expired.example,cold,5693785,2,False,1788804290.7098243,
unbound,expired,test.test-expired.example,cold,4908832,2,False,1788804290.7148345,
unbound,expired,test.test-expired.example,cold,5063454,2,False,1788804290.7200005,
unbound,expired,test.test-expired.example,cold,10144613,2,False,1788804290.730502,
unbound,expired,test.test-expired.example,cold,5223611,2,False,1788804290.735853,
unbound,expired,test.test-expired.example,cold,6144656,2,False,1788804290.7420974,
unbound,expired,test.test-expired.example,cold,5131109,2,False,1788804290.7473204,
unbound,expired,test.test-expired.example,cold,4653107,2,False,1788804290.7520475,
unbound,expired,test.test-expired.example,cold,4563512,2,False,1788804290.7566795,
unbound,expired,test.test-expired.example,cold,6239972,2,False,1788804290.7630124,
unbound,expired,test.test-expired.example,cold,6479167,2,False,1788804290.7698972,
unbound,expired,test.test-expired.example,cold,4389226,2,False,1788804290.7743676,
unbound,expired,test.test-expired.example,cold,4700346,2,False,1788804290.7791655,
unbound,expired,test.test-expired.example,cold,5090181,2,False,1788804290.7843597,
unbound,expired,test.test-expired.example,cold,5685987,2,False,1788804290.7901723,
unbound,expired,test.test-expired.example,cold,5150268,2,False,1788804290.79542,
unbound,expired,test.test-expired.example,cold,7069239,2,False,1788804290.8025994,
unbound,expired,test.test-expired.example,cold,8348970,2,False,1788804290.8112652,
unbound,expired,test.test-expired.example,cold,6261344,2,False,1788804290.8176243,
unbound,expired,test.test-expired.example,cold,4865958,2,False,1788804290.8225927,
unbound,expired,test.test-expired.example,cold,5440741,2,False,1788804290.8281326,
unbound,expired,test.test-expired.example,cold,4589220,2,False,1788804290.8328388,
unbound,expired,test.test-expired.example,cold,4593462,2,False,1788804290.8375297,
unbound,expired,test.test-expired.example,cold,5619023,2,False,1788804290.8432457,
unbound,expired,test.test-expired.example,cold,4418943,2,False,1788804290.8477318,
unbound,expired,test.test-expired.example,cold,4803602,2,False,1788804290.8526237,
unbound,expired,test.test-expired.example,cold,4751436,2,False,1788804290.85747,
unbound,expired,test.test-expired.example,cold,5578243,2,False,1788804290.863143,
unbound,expired,test.test-expired.example,cold,4893915,2,False,1788804290.8681362,
unbound,expired,test.test-expired.example,cold,5054035,2,False,1788804290.87329,
unbound,expired,test.test-expired.example,cold,5364619,2,False,1788804290.8789332,
unbound,expired,test.test-expired.example,cold,6049339,2,False,1788804290.885075,
unbound,expired,test.test-expired.example,cold,5736668,2,False,1788804290.8909082,
unbound,expired,test.test-expired.example,cold,6824270,2,False,1788804290.8978603,
unbound,expired,test.test-expired.example,cold,4420806,2,False,1788804290.9023893,
unbound,expired,test.test-expired.example,cold,5962273,2,False,1788804290.9087672,
unbound,expired,test.test-expired.example,cold,17108444,2,False,1788804290.9260585,
unbound,expired,test.test-expired.example,cold,5966975,2,False,1788804290.932108,
unbound,expired,test.test-expired.example,cold,11631131,2,False,1788804290.9438586,
unbound,expired,test.test-expired.example,cold,10136611,2,False,1788804290.9541223,
unbound,expired,test.test-expired.example,cold,10046395,2,False,1788804290.9644265,
unbound,expired,test.test-expired.example,cold,10962740,2,False,1788804290.975517,
unbound,expired,test.test-expired.example,cold,9264947,2,False,1788804290.985033,
unbound,expired,test.test-expired.example,cold,17278371,2,False,1788804291.0024276,
unbound,expired,test.test-expired.example,cold,6335568,2,False,1788804291.0089114,
unbound,expired,test.test-expired.example,cold,6345668,2,False,1788804291.0154035,
unbound,expired,test.test-expired.example,cold,6671783,2,False,1788804291.0221994,
unbound,expired,test.test-expired.example,cold,7877261,2,False,1788804291.030225,
unbound,expired,test.test-expired.example,cold,4150641,2,False,1788804291.0346344,
unbound,expired,test.test-expired.example,cold,4541473,2,False,1788804291.0392413,
unbound,expired,test.test-expired.example,cold,5160989,2,False,1788804291.0444877,
unbound,expired,test.test-expired.example,cold,4824791,2,False,1788804291.0494032,
unbound,expired,test.test-expired.example,cold,5789100,2,False,1788804291.0554488,
unbound,expired,test.test-expired.example,cold,5870929,2,False,1788804291.0614116,
unbound,expired,test.test-expired.example,cold,4100303,2,False,1788804291.0656013,
unbound,expired,test.test-expired.example,cold,4337228,2,False,1788804291.0700188,
unbound,expired,test.test-expired.example,cold,3855264,2,False,1788804291.0739472,
unbound,expired,test.test-expired.example,cold,4208941,2,False,1788804291.0783207,
unbound,expired,test.test-expired.example,cold,3513489,2,False,1788804291.0819013,
unbound,expired,test.test-expired.example,cold,3564131,2,False,1788804291.0855277,
unbound,expired,test.test-expired.example,cold,4572618,2,False,1788804291.0901802,
unbound,expired,test.test-expired.example,cold,3942907,2,False,1788804291.0942123,
unbound,expired,test.test-expired.example,cold,4499020,2,False,1788804291.0987997,
unbound,expired,test.test-expired.example,cold,3965003,2,False,1788804291.1028278,
unbound,expired,test.test-expired.example,cold,4434336,2,False,1788804291.1073523,
unbound,expired,test.test-expired.example,cold,4012254,2,False,1788804291.1114633,
unbound,expired,test.test-expired.example,cold,4241535,2,False,1788804291.115797,
unbound,expired,test.test-expired.example,cold,3576220,2,False,1788804291.1194682,
unbound,expired,test.test-expired.example,cold,4299733,2,False,1788804291.1238518,
unbound,expired,test.test-expired.example,cold,3750994,2,False,1788804291.1276872,
unbound,expired,test.test-expired.example,cold,5758327,2,False,1788804291.1335173,
unbound,expired,test.test-expired.example,cold,4117391,2,False,1788804291.1377192,
unbound,expired,test.test-expired.example,cold,4086691,2,False,1788804291.1418905,
unbound,expired,test.test-expired.example,cold,4379378,2,False,1788804291.1463442,
unbound,expired,test.test-expired.example,cold,3525183,2,False,1788804291.1499653,
unbound,expired,test.test-expired.example,cold,4097064,2,False,1788804291.154158,
unbound,expired,test.test-expired.example,cold,4913228,2,False,1788804291.1591604,
unbound,expired,test.test-expired.example,cold,5712786,2,False,1788804291.1649668,
unbound,expired,test.test-expired.example,cold,4898105,2,False,1788804291.1699562,
unbound,expired,test.test-expired.example,cold,6768232,2,False,1788804291.176851,
unbound,expired,test.test-expired.example,cold,5509322,2,False,1788804291.1824827,
unbound,expired,test.test-expired.example,cold,4077123,2,False,1788804291.1867683,
unbound,expired,test.test-expired.example,cold,7369439,2,False,1788804291.1942263,
unbound,expired,test.test-expired.example,cold,5960240,2,False,1788804291.2003121,
unbound,expired,test.test-expired.example,cold,5356651,2,False,1788804291.2058036,
unbound,expired,test.test-expired.example,cold,9316747,2,False,1788804291.2152188,
unbound,expired,test.test-expired.example,cold,6086953,2,False,1788804291.2214003,
unbound,expired,test.test-expired.example,cold,5268295,2,False,1788804291.2267516,
unbound,expired,test.test-expired.example,cold,4505149,2,False,1788804291.2313402,
unbound,expired,test.test-expired.example,cold,4209894,2,False,1788804291.2356384,
unbound,expired,test.test-expired.example,cold,4569963,2,False,1788804291.2402873,
unbound,expired,test.test-expired.example,cold,4744525,2,False,1788804291.2452486,
unbound,expired,test.test-expired.example,cold,4521836,2,False,1788804291.2499335,
unbound,expired,test.test-expired.example,cold,5747257,2,False,1788804291.2557673,
unbound,expired,test.test-expired.example,cold,5471239,2,False,1788804291.2613397,
unbound,expired,test.test-expired.example,cold,4820572,2,False,1788804291.266259,
unbound,expired,test.test-expired.example,cold,4943583,2,False,1788804291.2713125,
unbound,expired,test.test-expired.example,cold,3916545,2,False,1788804291.275328,
unbound,expired,test.test-expired.example,cold,6651640,2,False,1788804291.28208,
unbound,expired,test.test-expired.example,cold,4809016,2,False,1788804291.286989,
unbound,expired,test.test-expired.example,cold,4828224,2,False,1788804291.2919114,
unbound,expired,test.test-expired.example,cold,4925522,2,False,1788804291.2969282,
unbound,expired,test.test-expired.example,cold,3743741,2,False,1788804291.3007643,
unbound,expired,test.test-expired.example,cold,5978658,2,False,1788804291.3068137,
unbound,expired,test.test-expired.example,cold,5176423,2,False,1788804291.3122792,
unbound,expired,test.test-expired.example,cold,4644850,2,False,1788804291.3170178,
unbound,expired,test.test-expired.example,cold,4221471,2,False,1788804291.3213475,
unbound,expired,test.test-expired.example,cold,3651481,2,False,1788804291.325138,
unbound,expired,test.test-expired.example,cold,4017273,2,False,1788804291.3293626,
unbound,expired,test.test-expired.example,cold,4114229,2,False,1788804291.3335526,
unbound,expired,test.test-expired.example,cold,3733554,2,False,1788804291.3375041,
unbound,expired,test.test-expired.example,cold,4108906,2,False,1788804291.341826,
unbound,expired,test.test-expired.example,cold,3777037,2,False,1788804291.3456762,
unbound,expired,test.test-expired.example,cold,4269040,2,False,1788804291.3500233,
unbound,expired,test.test-expired.example,cold,4061619,2,False,1788804291.3541675,
unbound,expired,test.test-expired.example,cold,4132304,2,False,1788804291.3583858,
unbound,expired,test.test-expired.example,cold,4713702,2,False,1788804291.3631816,
unbound,expired,test.test-expired.example,cold,4100432,2,False,1788804291.3673682,
unbound,expired,test.test-expired.example,cold,5052415,2,False,1788804291.3725066,
unbound,expired,test.test-expired.example,cold,4943231,2,False,1788804291.3775284,
unbound,expired,test.test-expired.example,cold,4545056,2,False,1788804291.382163,
unbound,expired,test.test-expired.example,cold,3774926,2,False,1788804291.386028,
unbound,expired,test.test-expired.example,cold,3904948,2,False,1788804291.3900073,
unbound,expired,test.test-expired.example,cold,5595967,2,False,1788804291.3956964,
unbound,expired,test.test-expired.example,cold,3672833,2,False,1788804291.3994465,
unbound,expired,test.test-expired.example,cold,4045364,2,False,1788804291.4035957,
unbound,expired,test.test-expired.example,cold,3806087,2,False,1788804291.407523,
unbound,expired,test.test-expired.example,cold,3948729,2,False,1788804291.4115798,
unbound,expired,test.test-expired.example,cold,3718704,2,False,1788804291.4153786,
unbound,expired,test.test-expired.example,cold,3816212,2,False,1788804291.419281,
unbound,expired,test.test-expired.example,cold,3746522,2,False,1788804291.4231224,
unbound,expired,test.test-expired.example,cold,4019221,2,False,1788804291.4272308,
unbound,expired,test.test-expired.example,cold,3714438,2,False,1788804291.431028,
unbound,expired,test.test-expired.example,cold,3673809,2,False,1788804291.4348032,
unbound,expired,test.test-expired.example,cold,4762865,2,False,1788804291.439719,
unbound,expired,test.test-expired.example,cold,4523301,2,False,1788804291.4443214,
unbound,expired,test.test-expired.example,cold,4209426,2,False,1788804291.4486632,
unbound,expired,test.test-expired.example,cold,5238466,2,False,1788804291.4540029,
unbound,expired,test.test-expired.example,cold,3975118,2,False,1788804291.4580877,
unbound,expired,test.test-expired.example,cold,4372817,2,False,1788804291.4625628,
unbound,expired,test.test-expired.example,cold,3785828,2,False,1788804291.466434,
unbound,expired,test.test-expired.example,cold,5238240,2,False,1788804291.4717422,
unbound,expired,test.test-expired.example,cold,6303322,2,False,1788804291.4781468,
unbound,expired,test.test-expired.example,cold,5317660,2,False,1788804291.483545,
unbound,expired,test.test-expired.example,cold,4198077,2,False,1788804291.487824,
unbound,expired,test.test-expired.example,cold,3844766,2,False,1788804291.4917424,
unbound,expired,test.test-expired.example,cold,5682628,2,False,1788804291.4975104,
unbound,expired,test.test-expired.example,cold,7125826,2,False,1788804291.5047326,
unbound,expired,test.test-expired.example,cold,4303731,2,False,1788804291.509347,
unbound,expired,test.test-expired.example,cold,4509446,2,False,1788804291.513948,
unbound,expired,test.test-expired.example,cold,5044986,2,False,1788804291.5197513,
unbound,expired,test.test-expired.example,cold,5134847,2,False,1788804291.5250216,
unbound,expired,test.test-expired.example,cold,8036431,2,False,1788804291.5331585,
unbound,expired,test.test-expired.example,cold,4511863,2,False,1788804291.5377693,
unbound,expired,test.test-expired.example,cold,4066398,2,False,1788804291.5419102,
unbound,expired,test.test-expired.example,cold,3730194,2,False,1788804291.5457132,
unbound,expired,test.test-expired.example,cold,3829525,2,False,1788804291.549617,
unbound,expired,test.test-expired.example,cold,9022902,2,False,1788804291.5587177,
unbound,expired,test.test-expired.example,cold,5824801,2,False,1788804291.564641,
unbound,expired,test.test-expired.example,cold,6823099,2,False,1788804291.5717237,
unbound,expired,test.test-expired.example,cold,13658440,2,False,1788804291.5855806,
unbound,expired,test.test-expired.example,cold,5269526,2,False,1788804291.5909605,
unbound,expired,test.test-expired.example,cold,6339396,2,False,1788804291.5980017,
unbound,expired,test.test-expired.example,cold,7356713,2,False,1788804291.6054683,
unbound,expired,test.test-expired.example,cold,6570932,2,False,1788804291.6121523,
unbound,expired,test.test-expired.example,cold,9027228,2,False,1788804291.6212912,
unbound,expired,test.test-expired.example,cold,6773805,2,False,1788804291.628169,
unbound,expired,test.test-expired.example,cold,9705432,2,False,1788804291.6380553,
unbound,expired,test.test-expired.example,cold,7090912,2,False,1788804291.6452537,
unbound,expired,test.test-expired.example,cold,5718803,2,False,1788804291.6510675,
unbound,expired,test.test-expired.example,cold,7552247,2,False,1788804291.6588793,
unbound,expired,test.test-expired.example,cold,10247395,2,False,1788804291.669251,
unbound,expired,test.test-expired.example,cold,16172853,2,False,1788804291.6855297,
unbound,expired,test.test-expired.example,cold,6376297,2,False,1788804291.6920264,
unbound,expired,test.test-expired.example,cold,10162040,2,False,1788804291.702289,
unbound,expired,test.test-expired.example,cold,5497799,2,False,1788804291.7079115,
unbound,expired,test.test-expired.example,cold,7243509,2,False,1788804291.7152574,
unbound,expired,test.test-expired.example,cold,6265036,2,False,1788804291.7216272,
unbound,expired,test.test-expired.example,cold,4386856,2,False,1788804291.726104,
unbound,expired,test.test-expired.example,cold,5706502,2,False,1788804291.7319102,
unbound,expired,test.test-expired.example,cold,4930444,2,False,1788804291.736925,
unbound,expired,test.test-expired.example,cold,3762415,2,False,1788804291.7408092,
unbound,expired,test.test-expired.example,cold,4533148,2,False,1788804291.745428,
unbound,expired,test.test-expired.example,cold,4394039,2,False,1788804291.7498941,
unbound,expired,test.test-expired.example,cold,3955413,2,False,1788804291.7539341,
unbound,expired,test.test-expired.example,cold,3610160,2,False,1788804291.7576253,
unbound,expired,test.test-expired.example,cold,4687907,2,False,1788804291.7623916,
unbound,expired,test.test-expired.example,cold,4969538,2,False,1788804291.7674623,
unbound,expired,test.test-expired.example,cold,4598170,2,False,1788804291.7722902,
unbound,expired,test.test-expired.example,cold,4607285,2,False,1788804291.7769973,
unbound,expired,test.test-expired.example,cold,5521286,2,False,1788804291.7826092,
unbound,expired,test.test-expired.example,cold,4625730,2,False,1788804291.7873192,
unbound,expired,test.test-expired.example,cold,3779813,2,False,1788804291.7911656,
unbound,expired,test.test-expired.example,cold,5315917,2,False,1788804291.7965832,
unbound,expired,test.test-expired.example,cold,4103363,2,False,1788804291.8007805,
unbound,expired,test.test-expired.example,cold,3567206,2,False,1788804291.8044405,
unbound,expired,test.test-expired.example,cold,4345864,2,False,1788804291.8088799,
unbound,expired,test.test-expired.example,cold,4535116,2,False,1788804291.8135164,
unbound,expired,test.test-expired.example,cold,5791302,2,False,1788804291.8194184,
unbound,expired,test.test-expired.example,cold,4042094,2,False,1788804291.8235493,
unbound,expired,test.test-expired.example,cold,5075149,2,False,1788804291.82871,
unbound,expired,test.test-expired.example,cold,4220394,2,False,1788804291.8330195,
unbound,expired,test.test-expired.example,cold,4010158,2,False,1788804291.8371217,
unbound,expired,test.test-expired.example,cold,4006289,2,False,1788804291.8412142,
unbound,expired,test.test-expired.example,cold,4925408,2,False,1788804291.846231,
unbound,expired,test.test-expired.example,cold,13419336,2,False,1788804291.859742,
unbound,expired,test.test-expired.example,cold,14792853,2,False,1788804291.8746588,
unbound,expired,test.test-expired.example,cold,11980495,2,False,1788804291.8869205,
unbound,expired,test.test-expired.example,cold,6129765,2,False,1788804291.8931432,
unbound,expired,test.test-expired.example,cold,5766360,2,False,1788804291.899146,
unbound,expired,test.test-expired.example,cold,4779910,2,False,1788804291.9040136,
unbound,expired,test.test-expired.example,cold,6324405,2,False,1788804291.9104512,
unbound,expired,test.test-expired.example,cold,4426761,2,False,1788804291.9149675,
unbound,expired,test.test-expired.example,cold,4045453,2,False,1788804291.919119,
unbound,expired,test.test-expired.example,cold,6633997,2,False,1788804291.9258485,
unbound,expired,test.test-expired.example,cold,4243038,2,False,1788804291.9301946,
unbound,expired,test.test-expired.example,cold,3560989,2,False,1788804291.9338348,
unbound,expired,test.test-expired.example,cold,3768174,2,False,1788804291.9376993,
unbound,expired,test.test-expired.example,cold,4370387,2,False,1788804291.9421616,
unbound,expired,test.test-expired.example,cold,6455079,2,False,1788804291.9487147,
unbound,expired,test.test-expired.example,cold,4219237,2,False,1788804291.9530742,
unbound,expired,test.test-expired.example,cold,5292502,2,False,1788804291.9585447,
unbound,expired,test.test-expired.example,cold,4272772,2,False,1788804291.9629202,
unbound,expired,test.test-expired.example,cold,3629250,2,False,1788804291.9666207,
unbound,expired,test.test-expired.example,cold,3704306,2,False,1788804291.970401,
unbound,expired,test.test-expired.example,cold,3821215,2,False,1788804291.974299,
unbound,expired,test.test-expired.example,cold,3610723,2,False,1788804291.9779963,
unbound,expired,test.test-expired.example,cold,3458439,2,False,1788804291.9815264,
unbound,expired,test.test-expired.example,cold,3787968,2,False,1788804291.9854138,
unbound,expired,test.test-expired.example,cold,4470890,2,False,1788804291.9899817,
unbound,expired,test.test-expired.example,cold,3838154,2,False,1788804291.993902,
unbound,expired,test.test-expired.example,cold,3975520,2,False,1788804291.9979508,
unbound,expired,test.test-expired.example,cold,4087513,2,False,1788804292.0021603,
unbound,expired,test.test-expired.example,cold,5708340,2,False,1788804292.0079756,
unbound,expired,test.test-expired.example,cold,5135173,2,False,1788804292.013215,
unbound,expired,test.test-expired.example,cold,4430601,2,False,1788804292.017742,
unbound,expired,test.test-expired.example,cold,5287303,2,False,1788804292.0231342,
unbound,expired,test.test-expired.example,cold,4444493,2,False,1788804292.0276797,
unbound,expired,test.test-expired.example,cold,4006036,2,False,1788804292.0317836,
unbound,expired,test.test-expired.example,cold,4264404,2,False,1788804292.0361426,
unbound,expired,test.test-expired.example,cold,4498093,2,False,1788804292.0407393,
unbound,expired,test.test-expired.example,cold,3719139,2,False,1788804292.0445518,
unbound,expired,test.test-expired.example,cold,3646830,2,False,1788804292.048272,
unbound,expired,test.test-expired.example,cold,3746544,2,False,1788804292.052088,
unbound,expired,test.test-expired.example,cold,3810980,2,False,1788804292.055991,
unbound,expired,test.test-expired.example,cold,3592140,2,False,1788804292.0596828,
unbound,expired,test.test-expired.example,cold,3765282,2,False,1788804292.0635414,
unbound,expired,test.test-expired.example,cold,4604546,2,False,1788804292.0682385,
unbound,expired,test.test-expired.example,cold,3636370,2,False,1788804292.0719712,
unbound,expired,test.test-expired.example,cold,3488719,2,False,1788804292.075559,
unbound,expired,test.test-expired.example,cold,3590536,2,False,1788804292.0792391,
unbound,expired,test.test-expired.example,cold,4201195,2,False,1788804292.0835338,
unbound,expired,test.test-expired.example,cold,5054430,2,False,1788804292.0886729,
unbound,expired,test.test-expired.example,cold,4806077,2,False,1788804292.0935497,
unbound,expired,test.test-expired.example,cold,4538005,2,False,1788804292.098193,
unbound,expired,test.test-expired.example,cold,4525577,2,False,1788804292.10281,
unbound,expired,test.test-expired.example,cold,4694883,2,False,1788804292.1075952,
unbound,expired,test.test-expired.example,cold,5577630,2,False,1788804292.1132495,
unbound,expired,test.test-expired.example,cold,8312326,2,False,1788804292.1216545,
unbound,expired,test.test-expired.example,cold,5481448,2,False,1788804292.1272295,
unbound,expired,test.test-expired.example,cold,4963294,2,False,1788804292.1322937,
unbound,expired,test.test-expired.example,cold,5404965,2,False,1788804292.1377943,
unbound,expired,test.test-expired.example,cold,5784317,2,False,1788804292.1436641,
unbound,expired,test.test-expired.example,cold,4949405,2,False,1788804292.1487055,
unbound,expired,test.test-expired.example,cold,4244374,2,False,1788804292.1531894,
unbound,expired,test.test-expired.example,cold,6536067,2,False,1788804292.1598732,
unbound,expired,test.test-expired.example,cold,4634914,2,False,1788804292.1645863,
unbound,expired,test.test-expired.example,cold,4251834,2,False,1788804292.1689298,
unbound,expired,test.test-expired.example,cold,4421594,2,False,1788804292.1734736,
unbound,expired,test.test-expired.example,cold,3453133,2,False,1788804292.1769955,
unbound,expired,test.test-expired.example,cold,4355295,2,False,1788804292.1814237,
unbound,expired,test.test-expired.example,cold,6294632,2,False,1788804292.18781,
unbound,expired,test.test-expired.example,cold,4265562,2,False,1788804292.1921747,
unbound,expired,test.test-expired.example,cold,4590752,2,False,1788804292.196985,
unbound,expired,test.test-expired.example,cold,3773800,2,False,1788804292.2008796,
unbound,expired,test.test-expired.example,cold,3976537,2,False,1788804292.2049227,
unbound,expired,test.test-expired.example,cold,5143459,2,False,1788804292.2101438,
unbound,expired,test.test-expired.example,cold,3832157,2,False,1788804292.2140625,
unbound,expired,test.test-expired.example,cold,4188372,2,False,1788804292.2183163,
unbound,expired,test.test-expired.example,cold,3826650,2,False,1788804292.2222037,
unbound,expired,test.test-expired.example,cold,3402338,2,False,1788804292.2256835,
unbound,expired,test.test-expired.example,cold,3305608,2,False,1788804292.2290716,
unbound,expired,test.test-expired.example,cold,2951394,2,False,1788804292.232091,
unbound,expired,test.test-expired.example,cold,3298814,2,False,1788804292.2354708,
unbound,expired,test.test-expired.example,cold,3664761,2,False,1788804292.2392266,
unbound,expired,test.test-expired.example,cold,3764255,2,False,1788804292.243055,
unbound,expired,test.test-expired.example,cold,3938563,2,False,1788804292.2470796,
unbound,expired,test.test-expired.example,cold,4240659,2,False,1788804292.251421,
unbound,expired,test.test-expired.example,cold,3891596,2,False,1788804292.2554097,
unbound,expired,test.test-expired.example,cold,3960601,2,False,1788804292.2594612,
unbound,expired,test.test-expired.example,cold,4204727,2,False,1788804292.2637503,
unbound,expired,test.test-expired.example,cold,4969293,2,False,1788804292.2689152,
unbound,expired,test.test-expired.example,cold,4198157,2,False,1788804292.2733803,
unbound,expired,test.test-expired.example,cold,4160225,2,False,1788804292.2776244,
unbound,expired,test.test-expired.example,cold,3847834,2,False,1788804292.2815373,
unbound,expired,test.test-expired.example,cold,3631319,2,False,1788804292.2852557,
unbound,expired,test.test-expired.example,cold,4158611,2,False,1788804292.2895007,
unbound,expired,test.test-expired.example,cold,3924781,2,False,1788804292.2935073,
unbound,expired,test.test-expired.example,cold,3826424,2,False,1788804292.2974162,
unbound,expired,test.test-expired.example,cold,3726788,2,False,1788804292.3012135,
unbound,expired,test.test-expired.example,cold,3776781,2,False,1788804292.3050532,
unbound,expired,test.test-expired.example,cold,4555725,2,False,1788804292.309689,
unbound,expired,test.test-expired.example,cold,3935207,2,False,1788804292.313709,
unbound,expired,test.test-expired.example,cold,4161629,2,False,1788804292.317947,
unbound,expired,test.test-expired.example,cold,3731352,2,False,1788804292.3217614,
unbound,expired,test.test-expired.example,cold,3529247,2,False,1788804292.325393,
unbound,expired,test.test-expired.example,cold,5036525,2,False,1788804292.330533,
unbound,expired,test.test-expired.example,cold,5043695,2,False,1788804292.3356671,
unbound,expired,test.test-expired.example,cold,5289717,2,False,1788804292.3410568,
unbound,expired,test.test-expired.example,cold,5748457,2,False,1788804292.3471386,
unbound,expired,test.test-expired.example,cold,4637056,2,False,1788804292.3518572,
unbound,expired,test.test-expired.example,cold,4550625,2,False,1788804292.3564978,
unbound,expired,test.test-expired.example,cold,4133975,2,False,1788804292.3607213,
unbound,expired,test.test-expired.example,cold,3754898,2,False,1788804292.3645625,
unbound,expired,test.test-expired.example,cold,4230638,2,False,1788804292.3688889,
unbound,expired,test.test-expired.example,cold,3790629,2,False,1788804292.3727698,
unbound,expired,test.test-expired.example,cold,4104358,2,False,1788804292.37695,
unbound,expired,test.test-expired.example,cold,3971549,2,False,1788804292.3810034,
unbound,expired,test.test-expired.example,cold,3816284,2,False,1788804292.384962,
unbound,expired,test.test-expired.example,cold,3794763,2,False,1788804292.3888373,
unbound,expired,test.test-expired.example,cold,3868975,2,False,1788804292.3927908,
unbound,expired,test.test-expired.example,cold,3898892,2,False,1788804292.396765,
unbound,expired,test.test-expired.example,cold,4689131,2,False,1788804292.4015474,
unbound,expired,test.test-expired.example,cold,6621332,2,False,1788804292.4082453,
unbound,expired,test.test-expired.example,cold,5031655,2,False,1788804292.4133577,
unbound,expired,test.test-expired.example,cold,6725084,2,False,1788804292.4201763,
unbound,expired,test.test-expired.example,cold,12845276,2,False,1788804292.4331362,
unbound,expired,test.test-expired.example,cold,7737578,2,False,1788804292.4409766,
unbound,expired,test.test-expired.example,cold,5756305,2,False,1788804292.4471316,
unbound,expired,test.test-expired.example,cold,6130543,2,False,1788804292.453364,
unbound,expired,test.test-expired.example,cold,5260465,2,False,1788804292.4587264,
unbound,expired,test.test-expired.example,cold,4632473,2,False,1788804292.4634569,
unbound,expired,test.test-expired.example,cold,7168895,2,False,1788804292.4707832,
unbound,expired,test.test-expired.example,cold,5033489,2,False,1788804292.4759533,
unbound,expired,test.test-expired.example,cold,4804098,2,False,1788804292.4808834,
unbound,expired,test.test-expired.example,cold,4811374,2,False,1788804292.4859083,
unbound,expired,test.test-expired.example,cold,5205126,2,False,1788804292.4912095,
unbound,expired,test.test-expired.example,cold,4268126,2,False,1788804292.4955695,
unbound,expired,test.test-expired.example,cold,13135398,2,False,1788804292.508852,
unbound,expired,test.test-expired.example,cold,13213767,2,False,1788804292.5224423,
unbound,expired,test.test-expired.example,cold,6435884,2,False,1788804292.5290492,
unbound,expired,test.test-expired.example,cold,5218151,2,False,1788804292.534399,
unbound,expired,test.test-expired.example,cold,4259946,2,False,1788804292.5388484,
unbound,expired,test.test-expired.example,cold,4254137,2,False,1788804292.5431757,
unbound,expired,test.test-expired.example,cold,4380078,2,False,1788804292.547651,
unbound,expired,test.test-expired.example,cold,3766843,2,False,1788804292.5515206,
unbound,expired,test.test-expired.example,cold,3966311,2,False,1788804292.5555658,
unbound,expired,test.test-expired.example,cold,4122839,2,False,1788804292.5597837,
unbound,expired,test.test-expired.example,cold,4172774,2,False,1788804292.5640519,
unbound,expired,test.test-expired.example,cold,4753383,2,False,1788804292.5688927,
unbound,expired,test.test-expired.example,cold,3538865,2,False,1788804292.5725095,
unbound,expired,test.test-expired.example,cold,3769584,2,False,1788804292.5763724,
unbound,expired,test.test-expired.example,cold,6911434,2,False,1788804292.5834005,
unbound,expired,test.test-expired.example,cold,5527730,2,False,1788804292.5890272,
unbound,expired,test.test-expired.example,cold,5059705,2,False,1788804292.5941756,
unbound,expired,test.test-expired.example,cold,5071043,2,False,1788804292.5993333,
unbound,expired,test.test-expired.example,cold,4192550,2,False,1788804292.6036465,
unbound,expired,test.test-expired.example,cold,4746734,2,False,1788804292.6085067,
unbound,expired,test.test-expired.example,cold,4099867,2,False,1788804292.6127055,
unbound,expired,test.test-expired.example,cold,3757519,2,False,1788804292.616545,
unbound,expired,test.test-expired.example,cold,3998656,2,False,1788804292.620624,
unbound,expired,test.test-expired.example,cold,3867841,2,False,1788804292.6245713,
unbound,expired,test.test-expired.example,cold,4761264,2,False,1788804292.6294284,
unbound,expired,test.test-expired.example,cold,4062893,2,False,1788804292.6335964,
unbound,expired,test.test-expired.example,cold,3799319,2,False,1788804292.637487,
unbound,expired,test.test-expired.example,cold,3545834,2,False,1788804292.6411145,
unbound,expired,test.test-expired.example,cold,3617051,2,False,1788804292.644818,
unbound,expired,test.test-expired.example,cold,4242995,2,False,1788804292.649158,
unbound,expired,test.test-expired.example,cold,3835643,2,False,1788804292.6530797,
unbound,expired,test.test-expired.example,cold,3997164,2,False,1788804292.6571684,
unbound,expired,test.test-expired.example,cold,4148779,2,False,1788804292.6614146,
unbound,expired,test.test-expired.example,cold,4963434,2,False,1788804292.6664755,
unbound,expired,test.test-expired.example,cold,4165334,2,False,1788804292.670807,
unbound,expired,test.test-expired.example,cold,6947022,2,False,1788804292.677856,
unbound,expired,test.test-expired.example,cold,6629248,2,False,1788804292.684593,
unbound,expired,test.test-expired.example,cold,5494835,2,False,1788804292.690188,
unbound,expired,test.test-expired.example,cold,4813964,2,False,1788804292.6950805,
unbound,expired,test.test-expired.example,cold,6639080,2,False,1788804292.7018218,
unbound,expired,test.test-expired.example,cold,4228506,2,False,1788804292.7061498,
unbound,expired,test.test-expired.example,cold,4088826,2,False,1788804292.7103186,
unbound,expired,test.test-expired.example,cold,3930260,2,False,1788804292.7143312,
unbound,expired,test.test-expired.example,cold,4022845,2,False,1788804292.718424,
unbound,expired,test.test-expired.example,cold,4640137,2,False,1788804292.7231522,
unbound,expired,test.test-expired.example,cold,5253411,2,False,1788804292.7285051,
unbound,expired,test.test-expired.example,cold,4791107,2,False,1788804292.7333937,
unbound,expired,test.test-expired.example,cold,5558646,2,False,1788804292.7390478,
unbound,expired,test.test-expired.example,cold,7555761,2,False,1788804292.7468276,
unbound,expired,test.test-expired.example,cold,7113106,2,False,1788804292.754056,
unbound,expired,test.test-expired.example,cold,7995447,2,False,1788804292.7621787,
unbound,expired,test.test-expired.example,cold,5539481,2,False,1788804292.7679842,
unbound,expired,test.test-expired.example,cold,5096273,2,False,1788804292.7733648,
unbound,expired,test.test-expired.example,cold,4716315,2,False,1788804292.7781682,
unbound,expired,test.test-expired.example,cold,4035420,2,False,1788804292.7822838,
unbound,expired,test.test-expired.example,cold,4537433,2,False,1788804292.7871466,
unbound,expired,test.test-expired.example,cold,5282393,2,False,1788804292.792544,
unbound,expired,test.test-expired.example,cold,6815191,2,False,1788804292.7994604,
unbound,expired,test.test-expired.example,cold,4710320,2,False,1788804292.8042743,
unbound,expired,test.test-expired.example,cold,4751185,2,False,1788804292.809623,
unbound,expired,test.test-expired.example,cold,4092400,2,False,1788804292.8137908,
unbound,expired,test.test-expired.example,cold,4002776,2,False,1788804292.8178842,
unbound,expired,test.test-expired.example,cold,6156813,2,False,1788804292.824141,
unbound,expired,test.test-expired.example,cold,4395235,2,False,1788804292.8286328,
unbound,expired,test.test-expired.example,cold,4233898,2,False,1788804292.8329597,
unbound,expired,test.test-expired.example,cold,6036296,2,False,1788804292.8391023,
unbound,expired,test.test-expired.example,cold,6571011,2,False,1788804292.8457615,
unbound,expired,test.test-expired.example,cold,4062433,2,False,1788804292.8498964,
unbound,expired,test.test-expired.example,cold,4950951,2,False,1788804292.8549304,
unbound,expired,test.test-expired.example,cold,4283291,2,False,1788804292.8593006,
unbound,expired,test.test-expired.example,cold,4151956,2,False,1788804292.8635468,
unbound,expired,test.test-expired.example,cold,4007985,2,False,1788804292.8676658,
unbound,expired,test.test-expired.example,cold,5101911,2,False,1788804292.8728535,
unbound,expired,test.test-expired.example,cold,4046976,2,False,1788804292.8769846,
unbound,expired,test.test-expired.example,cold,4117387,2,False,1788804292.8811638,
unbound,expired,test.test-expired.example,cold,3939069,2,False,1788804292.8851943,
unbound,expired,test.test-expired.example,cold,4381429,2,False,1788804292.8896792,
unbound,expired,test.test-expired.example,cold,3970921,2,False,1788804292.8937645,
unbound,expired,test.test-expired.example,cold,3976252,2,False,1788804292.8978298,
unbound,expired,test.test-expired.example,cold,4989084,2,False,1788804292.902917,
unbound,expired,test.test-expired.example,cold,5989540,2,False,1788804292.9090114,
unbound,expired,test.test-expired.example,cold,5466782,2,False,1788804292.914574,
unbound,expired,test.test-expired.example,cold,4030448,2,False,1788804292.9186974,
unbound,expired,test.test-expired.example,cold,6653671,2,False,1788804292.9254546,
unbound,expired,test.test-expired.example,cold,4282460,2,False,1788804292.9298334,
unbound,expired,test.test-expired.example,cold,4487363,2,False,1788804292.9344087,
unbound,expired,test.test-expired.example,cold,5964265,2,False,1788804292.940496,
unbound,expired,test.test-expired.example,cold,11537964,2,False,1788804292.9521642,
unbound,expired,test.test-expired.example,cold,5348500,2,False,1788804292.9576187,
unbound,expired,test.test-expired.example,cold,5179048,2,False,1788804292.9628775,
unbound,expired,test.test-expired.example,cold,4000433,2,False,1788804292.9669716,
unbound,expired,test.test-expired.example,cold,3661817,2,False,1788804292.9707341,
unbound,expired,test.test-expired.example,cold,4564763,2,False,1788804292.9753864,
unbound,expired,test.test-expired.example,cold,5148637,2,False,1788804292.9806318,
unbound,expired,test.test-expired.example,cold,4960807,2,False,1788804292.9857066,
unbound,expired,test.test-expired.example,cold,4136416,2,False,1788804292.9899178,
unbound,expired,test.test-expired.example,cold,5234993,2,False,1788804292.99524,
unbound,expired,test.test-expired.example,cold,6688160,2,False,1788804293.0020463,
unbound,expired,test.test-expired.example,cold,4059429,2,False,1788804293.0062084,
unbound,expired,test.test-expired.example,cold,5311740,2,False,1788804293.0116122,
unbound,expired,test.test-expired.example,cold,3817287,2,False,1788804293.0155187,
unbound,expired,test.test-expired.example,cold,4248438,2,False,1788804293.0198443,
unbound,expired,test.test-expired.example,cold,3736651,2,False,1788804293.0236588,
unbound,expired,test.test-expired.example,cold,4917862,2,False,1788804293.0286522,
unbound,expired,test.test-expired.example,cold,3838650,2,False,1788804293.032564,
unbound,expired,test.test-expired.example,cold,3744744,2,False,1788804293.0363848,
unbound,expired,test.test-expired.example,cold,4113786,2,False,1788804293.0405805,
unbound,expired,test.test-expired.example,cold,4641459,2,False,1788804293.045314,
unbound,expired,test.test-expired.example,cold,5721797,2,False,1788804293.051128,
unbound,expired,test.test-expired.example,cold,4419483,2,False,1788804293.0556993,
unbound,expired,test.test-expired.example,cold,4683464,2,False,1788804293.0604758,
unbound,expired,test.test-expired.example,cold,5253926,2,False,1788804293.0658305,
unbound,expired,test.test-expired.example,cold,3784744,2,False,1788804293.0697095,
unbound,expired,test.test-expired.example,cold,5511824,2,False,1788804293.075297,
unbound,expired,test.test-expired.example,cold,6673230,2,False,1788804293.0820704,
unbound,expired,test.test-expired.example,cold,5990968,2,False,1788804293.088171,
unbound,expired,test.test-expired.example,cold,9561753,2,False,1788804293.097884,
unbound,expired,test.test-expired.example,cold,5590568,2,False,1788804293.1035836,
unbound,expired,test.test-expired.example,cold,6803779,2,False,1788804293.11048,
unbound,expired,test.test-expired.example,cold,4027435,2,False,1788804293.1145873,
unbound,expired,test.test-expired.example,cold,4797511,2,False,1788804293.1194732,
unbound,expired,test.test-expired.example,cold,5209184,2,False,1788804293.1247551,
unbound,expired,test.test-expired.example,cold,4511839,2,False,1788804293.129348,
unbound,expired,test.test-expired.example,cold,4275150,2,False,1788804293.1337101,
unbound,expired,test.test-expired.example,cold,7731392,2,False,1788804293.141538,
unbound,expired,test.test-expired.example,cold,6151181,2,False,1788804293.1477928,
unbound,expired,test.test-expired.example,cold,6230892,2,False,1788804293.1541245,
unbound,expired,test.test-expired.example,cold,7252799,2,False,1788804293.1615152,
unbound,expired,test.test-expired.example,cold,5351696,2,False,1788804293.1672275,
unbound,expired,test.test-expired.example,cold,6121960,2,False,1788804293.1734343,
unbound,expired,test.test-expired.example,cold,5672551,2,False,1788804293.1793246,
unbound,expired,test.test-expired.example,cold,4790496,2,False,1788804293.1842039,
unbound,expired,test.test-expired.example,cold,5166988,2,False,1788804293.1894774,
unbound,expired,test.test-expired.example,cold,5944984,2,False,1788804293.1956,
unbound,expired,test.test-expired.example,cold,5180427,2,False,1788804293.20147,
unbound,expired,test.test-expired.example,cold,5219021,2,False,1788804293.2068174,
unbound,expired,test.test-expired.example,cold,4962550,2,False,1788804293.2118945,
unbound,expired,test.test-expired.example,cold,5825220,2,False,1788804293.2178724,
unbound,expired,test.test-expired.example,cold,7125007,2,False,1788804293.2251184,
unbound,expired,test.test-expired.example,cold,6895231,2,False,1788804293.232121,
unbound,expired,test.test-expired.example,cold,8916259,2,False,1788804293.2412317,
unbound,expired,test.test-expired.example,cold,8296056,2,False,1788804293.2497165,
unbound,expired,test.test-expired.example,cold,8561144,2,False,1788804293.2583668,
unbound,expired,test.test-expired.example,cold,6807852,2,False,1788804293.26528,
unbound,expired,test.test-expired.example,cold,5869670,2,False,1788804293.2713926,
unbound,expired,test.test-expired.example,cold,5007796,2,False,1788804293.2764988,
unbound,expired,test.test-expired.example,cold,5352612,2,False,1788804293.2819583,
unbound,expired,test.test-expired.example,cold,5096390,2,False,1788804293.287172,
unbound,expired,test.test-expired.example,cold,4803744,2,False,1788804293.2920706,
unbound,expired,test.test-expired.example,cold,8770845,2,False,1788804293.301052,
unbound,expired,test.test-expired.example,cold,6177138,2,False,1788804293.3073397,
unbound,expired,test.test-expired.example,cold,6790713,2,False,1788804293.3142118,
unbound,expired,test.test-expired.example,cold,6533225,2,False,1788804293.3208377,
unbound,expired,test.test-expired.example,cold,5013219,2,False,1788804293.3259382,
unbound,expired,test.test-expired.example,cold,4524569,2,False,1788804293.3305545,
unbound,expired,test.test-expired.example,cold,6445342,2,False,1788804293.337096,
unbound,expired,test.test-expired.example,cold,4744252,2,False,1788804293.3419259,
unbound,expired,test.test-expired.example,cold,5003874,2,False,1788804293.3470273,
unbound,expired,test.test-expired.example,cold,5522533,2,False,1788804293.3526413,
unbound,expired,test.test-expired.example,cold,5024537,2,False,1788804293.3578317,
unbound,expired,test.test-expired.example,cold,5706192,2,False,1788804293.363638,
unbound,expired,test.test-expired.example,cold,7965436,2,False,1788804293.3717194,
unbound,expired,test.test-expired.example,cold,4398512,2,False,1788804293.3762221,
unbound,expired,test.test-expired.example,cold,5651264,2,False,1788804293.3820348,
unbound,expired,test.test-expired.example,cold,11504839,2,False,1788804293.3936777,
unbound,expired,test.test-expired.example,cold,5977033,2,False,1788804293.3998327,
unbound,expired,test.test-expired.example,cold,5164889,2,False,1788804293.4052587,
unbound,expired,test.test-expired.example,cold,7461917,2,False,1788804293.4128153,
unbound,expired,test.test-expired.example,cold,4642714,2,False,1788804293.4175527,
unbound,expired,test.test-expired.example,cold,5154545,2,False,1788804293.422802,
unbound,expired,test.test-expired.example,cold,5552071,2,False,1788804293.4284434,
unbound,expired,test.test-expired.example,cold,5628691,2,False,1788804293.4341953,
unbound,expired,test.test-expired.example,cold,5502221,2,False,1788804293.4398026,
unbound,expired,test.test-expired.example,cold,5285008,2,False,1788804293.4451873,
unbound,expired,test.test-expired.example,cold,4571861,2,False,1788804293.4498327,
unbound,expired,test.test-expired.example,cold,4628903,2,False,1788804293.4545593,
unbound,expired,test.test-expired.example,cold,6220669,2,False,1788804293.460886,
unbound,expired,test.test-expired.example,cold,6803294,2,False,1788804293.4678051,
unbound,expired,test.test-expired.example,cold,8530776,2,False,1788804293.476479,
unbound,expired,test.test-expired.example,cold,4949390,2,False,1788804293.4815497,
unbound,expired,test.test-expired.example,cold,4866867,2,False,1788804293.4865441,
unbound,expired,test.test-expired.example,cold,5269217,2,False,1788804293.4919178,
unbound,expired,test.test-expired.example,cold,4234441,2,False,1788804293.4963107,
unbound,expired,test.test-expired.example,cold,4682579,2,False,1788804293.501094,
unbound,expired,test.test-expired.example,cold,3233900,2,False,1788804293.504394,
unbound,expired,test.test-expired.example,cold,3150504,2,False,1788804293.5076118,
unbound,expired,test.test-expired.example,cold,5520824,2,False,1788804293.5132306,
unbound,expired,test.test-expired.example,cold,4648548,2,False,1788804293.5179896,
unbound,expired,test.test-expired.example,cold,4483663,2,False,1788804293.5226424,
unbound,expired,test.test-expired.example,cold,5002191,2,False,1788804293.527762,
unbound,expired,test.test-expired.example,cold,6423513,2,False,1788804293.5342855,
unbound,expired,test.test-expired.example,cold,6340980,2,False,1788804293.5407338,
unbound,expired,test.test-expired.example,cold,9266952,2,False,1788804293.5502026,
unbound,expired,test.test-expired.example,cold,6971264,2,False,1788804293.557304,
unbound,expired,test.test-expired.example,cold,5367418,2,False,1788804293.562782,
unbound,expired,test.test-expired.example,cold,5633480,2,False,1788804293.5685315,
unbound,expired,test.test-expired.example,cold,6378287,2,False,1788804293.5750191,
unbound,expired,test.test-expired.example,cold,5654942,2,False,1788804293.5807724,
unbound,expired,test.test-expired.example,cold,6176565,2,False,1788804293.587328,
unbound,expired,test.test-expired.example,cold,4718741,2,False,1788804293.5921729,
unbound,expired,test.test-expired.example,cold,4807501,2,False,1788804293.5974226,
unbound,expired,test.test-expired.example,cold,4294968,2,False,1788804293.6018171,
unbound,expired,test.test-expired.example,cold,4081102,2,False,1788804293.6059926,
unbound,expired,test.test-expired.example,cold,4476879,2,False,1788804293.610559,
unbound,expired,test.test-expired.example,cold,5053776,2,False,1788804293.615719,
unbound,expired,test.test-expired.example,cold,6474484,2,False,1788804293.62232,
unbound,expired,test.test-expired.example,cold,5303895,2,False,1788804293.6280544,
unbound,expired,test.test-expired.example,cold,7605738,2,False,1788804293.6358597,
unbound,expired,test.test-expired.example,cold,5313406,2,False,1788804293.6412752,
unbound,expired,test.test-expired.example,cold,6092326,2,False,1788804293.6474667,
unbound,expired,test.test-expired.example,cold,5592969,2,False,1788804293.6531608,
unbound,expired,test.test-expired.example,cold,4643391,2,False,1788804293.6579049,
unbound,expired,test.test-expired.example,cold,5121925,2,False,1788804293.6631362,
unbound,expired,test.test-expired.example,cold,4807548,2,False,1788804293.6680372,
unbound,expired,test.test-expired.example,cold,6222417,2,False,1788804293.674366,
unbound,expired,test.test-expired.example,cold,7561653,2,False,1788804293.6820383,
unbound,expired,test.test-expired.example,cold,6763512,2,False,1788804293.68893,
unbound,expired,test.test-expired.example,cold,9187729,2,False,1788804293.698237,
unbound,expired,test.test-expired.example,cold,6566682,2,False,1788804293.7048886,
unbound,expired,test.test-expired.example,cold,13518511,2,False,1788804293.718505,
unbound,expired,test.test-expired.example,cold,10502545,2,False,1788804293.7291317,
unbound,expired,test.test-expired.example,cold,4858193,2,False,1788804293.7341032,
unbound,expired,test.test-expired.example,cold,13015039,2,False,1788804293.7472203,
unbound,expired,test.test-expired.example,cold,6150760,2,False,1788804293.7534704,
unbound,expired,test.test-expired.example,cold,4764346,2,False,1788804293.758339,
unbound,expired,test.test-expired.example,cold,4787442,2,False,1788804293.7632413,
unbound,expired,test.test-expired.example,cold,4178954,2,False,1788804293.7675016,
unbound,expired,test.test-expired.example,cold,4236667,2,False,1788804293.7718172,
unbound,expired,test.test-expired.example,cold,5087623,2,False,1788804293.7769935,
unbound,expired,test.test-expired.example,cold,4543071,2,False,1788804293.7819097,
unbound,expired,test.test-expired.example,cold,6077863,2,False,1788804293.7882724,
unbound,expired,test.test-expired.example,cold,4793222,2,False,1788804293.7931955,
unbound,expired,test.test-expired.example,cold,4560970,2,False,1788804293.7978404,
unbound,expired,test.test-expired.example,cold,5674072,2,False,1788804293.8036346,
unbound,expired,test.test-expired.example,cold,5323787,2,False,1788804293.809064,
unbound,expired,test.test-expired.example,cold,5010304,2,False,1788804293.814192,
unbound,expired,test.test-expired.example,cold,5251296,2,False,1788804293.8195372,
unbound,expired,test.test-expired.example,cold,5940263,2,False,1788804293.8256695,
unbound,expired,test.test-expired.example,cold,5939718,2,False,1788804293.8316944,
unbound,expired,test.test-expired.example,cold,5591853,2,False,1788804293.8373704,
unbound,expired,test.test-expired.example,cold,5029778,2,False,1788804293.8425996,
unbound,expired,test.test-expired.example,cold,4783716,2,False,1788804293.8474898,
unbound,expired,test.test-expired.example,cold,4363130,2,False,1788804293.8519528,
unbound,expired,test.test-expired.example,cold,4961354,2,False,1788804293.857014,
unbound,expired,test.test-expired.example,cold,5754311,2,False,1788804293.8628724,
unbound,expired,test.test-expired.example,cold,6447710,2,False,1788804293.86943,
unbound,expired,test.test-expired.example,cold,6838671,2,False,1788804293.876367,
unbound,expired,test.test-expired.example,cold,5369359,2,False,1788804293.8818648,
unbound,expired,test.test-expired.example,cold,4825640,2,False,1788804293.8867683,
unbound,expired,test.test-expired.example,cold,3731048,2,False,1788804293.8905826,
unbound,expired,test.test-expired.example,cold,4496213,2,False,1788804293.8951943,
unbound,expired,test.test-expired.example,cold,4003693,2,False,1788804293.899293,
unbound,expired,test.test-expired.example,cold,5320464,2,False,1788804293.9046996,
unbound,expired,test.test-expired.example,cold,4971745,2,False,1788804293.909768,
unbound,expired,test.test-expired.example,cold,5394278,2,False,1788804293.9152505,
unbound,expired,test.test-expired.example,cold,4716895,2,False,1788804293.9200506,
unbound,expired,test.test-expired.example,cold,5942367,2,False,1788804293.9260879,
unbound,expired,test.test-expired.example,cold,5611440,2,False,1788804293.9317994,
unbound,expired,test.test-expired.example,cold,3883947,2,False,1788804293.9358351,
unbound,expired,test.test-expired.example,cold,4416558,2,False,1788804293.9403439,
unbound,expired,test.test-expired.example,cold,6471977,2,False,1788804293.9470613,
unbound,expired,test.test-expired.example,cold,4720601,2,False,1788804293.9521422,
unbound,expired,test.test-expired.example,cold,4361426,2,False,1788804293.956636,
unbound,expired,test.test-expired.example,cold,4250010,2,False,1788804293.9609659,
unbound,expired,test.test-expired.example,cold,4783428,2,False,1788804293.9658458,
unbound,expired,test.test-expired.example,cold,4275849,2,False,1788804293.9702132,
unbound,expired,test.test-expired.example,cold,4009594,2,False,1788804293.974288,
unbound,expired,test.test-expired.example,cold,3812548,2,False,1788804293.9781806,
unbound,expired,test.test-expired.example,cold,4551640,2,False,1788804293.982818,
unbound,expired,test.test-expired.example,cold,3585678,2,False,1788804293.9864888,
unbound,expired,test.test-expired.example,cold,3970816,2,False,1788804293.9905326,
unbound,expired,test.test-expired.example,cold,4124314,2,False,1788804293.9947498,
unbound,expired,test.test-expired.example,cold,3956211,2,False,1788804293.998771,
unbound,expired,test.test-expired.example,cold,4833736,2,False,1788804294.0036974,
unbound,expired,test.test-expired.example,cold,4213059,2,False,1788804294.0080135,
unbound,expired,test.test-expired.example,cold,3972201,2,False,1788804294.01208,
unbound,expired,test.test-expired.example,cold,4253626,2,False,1788804294.0164201,
unbound,expired,test.test-expired.example,cold,4679173,2,False,1788804294.021202,
unbound,expired,test.test-expired.example,cold,4820710,2,False,1788804294.0261092,
unbound,expired,test.test-expired.example,cold,5118965,2,False,1788804294.0314083,
unbound,expired,test.test-expired.example,cold,4482370,2,False,1788804294.0359774,
unbound,expired,test.test-expired.example,cold,3769649,2,False,1788804294.0398302,
unbound,expired,test.test-expired.example,cold,4213120,2,False,1788804294.0441296,
unbound,expired,test.test-expired.example,cold,6712358,2,False,1788804294.0509384,
unbound,expired,test.test-expired.example,cold,5147483,2,False,1788804294.0561802,
unbound,expired,test.test-expired.example,cold,5259981,2,False,1788804294.0615234,
unbound,expired,test.test-expired.example,cold,4113788,2,False,1788804294.0657048,
unbound,expired,test.test-expired.example,cold,4297615,2,False,1788804294.0700912,
unbound,expired,test.test-expired.example,cold,4609097,2,False,1788804294.074801,
unbound,expired,test.test-expired.example,cold,4585024,2,False,1788804294.0794754,
unbound,expired,test.test-expired.example,cold,4500561,2,False,1788804294.0840633,
unbound,expired,test.test-expired.example,cold,4108162,2,False,1788804294.08841,
unbound,expired,test.test-expired.example,cold,5052087,2,False,1788804294.0935767,
unbound,expired,test.test-expired.example,cold,4695158,2,False,1788804294.0983698,
unbound,expired,test.test-expired.example,cold,6619029,2,False,1788804294.1050842,
unbound,expired,test.test-expired.example,cold,4972699,2,False,1788804294.110156,
unbound,expired,test.test-expired.example,cold,5032107,2,False,1788804294.1152747,
unbound,expired,test.test-expired.example,cold,4025473,2,False,1788804294.1193843,
unbound,expired,test.test-expired.example,cold,4179233,2,False,1788804294.123645,
unbound,expired,test.test-expired.example,cold,4857349,2,False,1788804294.1285994,
unbound,expired,test.test-expired.example,cold,4130114,2,False,1788804294.1328266,
unbound,expired,test.test-expired.example,cold,3883813,2,False,1788804294.1367924,
unbound,expired,test.test-expired.example,cold,4089358,2,False,1788804294.140963,
unbound,expired,test.test-expired.example,cold,4302345,2,False,1788804294.145354,
unbound,expired,test.test-expired.example,cold,4737293,2,False,1788804294.1503403,
unbound,expired,test.test-expired.example,cold,3885791,2,False,1788804294.1543136,
unbound,expired,test.test-expired.example,cold,3932150,2,False,1788804294.1583116,
unbound,expired,test.test-expired.example,cold,4223752,2,False,1788804294.162614,
unbound,expired,test.test-expired.example,cold,4144179,2,False,1788804294.166862,
unbound,expired,test.test-expired.example,cold,3816238,2,False,1788804294.1707532,
unbound,expired,test.test-expired.example,cold,4351507,2,False,1788804294.1751761,
unbound,expired,test.test-expired.example,cold,4458220,2,False,1788804294.1797464,
unbound,expired,test.test-expired.example,cold,5536157,2,False,1788804294.185384,
unbound,expired,test.test-expired.example,cold,5211574,2,False,1788804294.1906927,
unbound,expired,test.test-expired.example,cold,4946038,2,False,1788804294.1957276,
unbound,expired,test.test-expired.example,cold,5888422,2,False,1788804294.2017164,
unbound,expired,test.test-expired.example,cold,4673657,2,False,1788804294.206637,
unbound,expired,test.test-expired.example,cold,4553776,2,False,1788804294.2112844,
unbound,expired,test.test-expired.example,cold,6188517,2,False,1788804294.217566,
unbound,expired,test.test-expired.example,cold,4009134,2,False,1788804294.2216494,
unbound,expired,test.test-expired.example,cold,3638629,2,False,1788804294.225365,
unbound,expired,test.test-expired.example,cold,3492078,2,False,1788804294.2289293,
unbound,expired,test.test-expired.example,cold,3614380,2,False,1788804294.2326164,
unbound,expired,test.test-expired.example,cold,4671619,2,False,1788804294.23735,
unbound,expired,test.test-expired.example,cold,4074969,2,False,1788804294.2415137,
unbound,expired,test.test-expired.example,cold,4309123,2,False,1788804294.245917,
unbound,expired,test.test-expired.example,cold,3410770,2,False,1788804294.2494113,
unbound,expired,test.test-expired.example,cold,4754901,2,False,1788804294.2542548,
unbound,expired,test.test-expired.example,cold,4040974,2,False,1788804294.2585137,
unbound,expired,test.test-expired.example,cold,6318907,2,False,1788804294.2649016,
unbound,expired,test.test-expired.example,cold,5103010,2,False,1788804294.2700846,
unbound,expired,test.test-expired.example,cold,5637865,2,False,1788804294.2758048,
unbound,expired,test.test-expired.example,cold,5639366,2,False,1788804294.281543,
unbound,expired,test.test-expired.example,cold,4800987,2,False,1788804294.2864976,
unbound,expired,test.test-expired.example,cold,5167945,2,False,1788804294.2917776,
unbound,expired,test.test-expired.example,cold,5731310,2,False,1788804294.2976227,
unbound,expired,test.test-expired.example,cold,5262147,2,False,1788804294.3029842,
unbound,expired,test.test-expired.example,cold,5639898,2,False,1788804294.3087797,
unbound,expired,test.test-expired.example,cold,6121474,2,False,1788804294.3151088,
unbound,expired,test.test-expired.example,cold,6666865,2,False,1788804294.3219082,
unbound,expired,test.test-expired.example,cold,7413418,2,False,1788804294.3294284,
unbound,expired,test.test-expired.example,cold,5817767,2,False,1788804294.3353608,
unbound,expired,test.test-expired.example,cold,4876357,2,False,1788804294.3403277,
unbound,expired,test.test-expired.example,cold,5967409,2,False,1788804294.3463862,
unbound,expired,test.test-expired.example,cold,5633963,2,False,1788804294.3522296,
unbound,expired,test.test-expired.example,cold,5089567,2,False,1788804294.3573892,
unbound,expired,test.test-expired.example,cold,7292479,2,False,1788804294.3647833,
unbound,expired,test.test-expired.example,cold,4437810,2,False,1788804294.3693042,
unbound,expired,test.test-expired.example,cold,6267541,2,False,1788804294.3756516,
unbound,expired,test.test-expired.example,cold,4888110,2,False,1788804294.3806348,
unbound,expired,test.test-expired.example,cold,3716924,2,False,1788804294.384438,
unbound,expired,test.test-expired.example,cold,4039105,2,False,1788804294.3885849,
unbound,expired,test.test-expired.example,cold,4702700,2,False,1788804294.3933694,
unbound,expired,test.test-expired.example,cold,4670967,2,False,1788804294.3981323,
unbound,expired,test.test-expired.example,cold,4019532,2,False,1788804294.4022362,
unbound,expired,test.test-expired.example,cold,4626347,2,False,1788804294.4069555,
unbound,expired,test.test-expired.example,cold,6125192,2,False,1788804294.41317,
unbound,expired,test.test-expired.example,cold,4182173,2,False,1788804294.417457,
unbound,expired,test.test-expired.example,cold,3818335,2,False,1788804294.4214022,
unbound,expired,test.test-expired.example,cold,7621251,2,False,1788804294.4291532,
unbound,expired,test.test-expired.example,cold,6509009,2,False,1788804294.43579,
unbound,expired,test.test-expired.example,cold,4380691,2,False,1788804294.4402673,
unbound,expired,test.test-expired.example,cold,5126628,2,False,1788804294.4454923,
unbound,expired,test.test-expired.example,cold,5538373,2,False,1788804294.4513314,
unbound,expired,test.test-expired.example,cold,5180144,2,False,1788804294.4566226,
unbound,expired,test.test-expired.example,cold,5092703,2,False,1788804294.461806,
unbound,expired,test.test-expired.example,cold,4302180,2,False,1788804294.466195,
unbound,expired,test.test-expired.example,cold,3620244,2,False,1788804294.4698837,
unbound,expired,test.test-expired.example,cold,3845033,2,False,1788804294.4738352,
unbound,expired,test.test-expired.example,cold,4359543,2,False,1788804294.4782965,
unbound,expired,test.test-expired.example,cold,4339515,2,False,1788804294.4827225,
unbound,expired,test.test-expired.example,cold,5769710,2,False,1788804294.4885843,
unbound,expired,test.test-expired.example,cold,7571459,2,False,1788804294.4962404,
unbound,expired,test.test-expired.example,cold,6453925,2,False,1788804294.5027962,
unbound,expired,test.test-expired.example,cold,5922395,2,False,1788804294.5088875,
unbound,expired,test.test-expired.example,cold,5733138,2,False,1788804294.51477,
unbound,expired,test.test-expired.example,cold,5736836,2,False,1788804294.5206192,
unbound,expired,test.test-expired.example,cold,5217659,2,False,1788804294.5259333,
unbound,expired,test.test-expired.example,cold,4602093,2,False,1788804294.530627,
unbound,expired,test.test-expired.example,cold,3979348,2,False,1788804294.5346901,
unbound,expired,test.test-expired.example,cold,4534384,2,False,1788804294.5393505,
unbound,expired,test.test-expired.example,cold,4345645,2,False,1788804294.5438142,
unbound,expired,test.test-expired.example,cold,4134657,2,False,1788804294.5480306,
unbound,expired,test.test-expired.example,cold,3910868,2,False,1788804294.5520244,
unbound,expired,test.test-expired.example,cold,4182641,2,False,1788804294.5563433,
unbound,expired,test.test-expired.example,cold,4359247,2,False,1788804294.5609317,
unbound,expired,test.test-expired.example,cold,4907969,2,False,1788804294.5659518,
unbound,expired,test.test-expired.example,cold,4198334,2,False,1788804294.5702689,
unbound,expired,test.test-expired.example,cold,5001339,2,False,1788804294.5753572,
unbound,expired,test.test-expired.example,cold,4739687,2,False,1788804294.5801895,
unbound,expired,test.test-expired.example,cold,4100834,2,False,1788804294.5844097,
unbound,expired,test.test-expired.example,cold,8124244,2,False,1788804294.5926576,
unbound,expired,test.test-expired.example,cold,4702121,2,False,1788804294.597461,
unbound,expired,test.test-expired.example,cold,3681577,2,False,1788804294.6012235,
unbound,expired,test.test-expired.example,cold,4440250,2,False,1788804294.6057541,
unbound,expired,test.test-expired.example,cold,4042779,2,False,1788804294.609909,
unbound,expired,test.test-expired.example,cold,5084207,2,False,1788804294.6150842,
unbound,expired,test.test-expired.example,cold,4451469,2,False,1788804294.6196284,
unbound,expired,test.test-expired.example,cold,3610449,2,False,1788804294.623301,
unbound,expired,test.test-expired.example,cold,6120555,2,False,1788804294.629503,
unbound,expired,test.test-expired.example,cold,4341471,2,False,1788804294.6339135,
unbound,expired,test.test-expired.example,cold,4808760,2,False,1788804294.6388154,
unbound,expired,test.test-expired.example,cold,5111282,2,False,1788804294.6440444,
unbound,expired,test.test-expired.example,cold,4583316,2,False,1788804294.6487234,
unbound,expired,test.test-expired.example,cold,5262186,2,False,1788804294.6542706,
unbound,expired,test.test-expired.example,cold,4699019,2,False,1788804294.659226,
unbound,expired,test.test-expired.example,cold,7344504,2,False,1788804294.666962,
unbound,expired,test.test-expired.example,cold,5480483,2,False,1788804294.6729012,
unbound,expired,test.test-expired.example,cold,6375740,2,False,1788804294.6794286,
unbound,expired,test.test-expired.example,cold,3693029,2,False,1788804294.6831973,
unbound,expired,test.test-expired.example,cold,3602843,2,False,1788804294.6869173,
unbound,expired,test.test-expired.example,cold,3391661,2,False,1788804294.6905015,
unbound,expired,test.test-expired.example,cold,3842517,2,False,1788804294.6944437,
unbound,expired,test.test-expired.example,cold,10886545,2,False,1788804294.7054036,
unbound,expired,test.test-expired.example,cold,4788297,2,False,1788804294.7103305,
unbound,expired,test.test-expired.example,cold,4237174,2,False,1788804294.7146516,
unbound,expired,test.test-expired.example,cold,6278227,2,False,1788804294.721024,
unbound,expired,test.test-expired.example,cold,5810188,2,False,1788804294.72693,
unbound,expired,test.test-expired.example,cold,5054862,2,False,1788804294.732077,
unbound,expired,test.test-expired.example,cold,3654465,2,False,1788804294.7358127,
unbound,expired,test.test-expired.example,cold,3629542,2,False,1788804294.7395213,
unbound,expired,test.test-expired.example,cold,4765403,2,False,1788804294.744373,
unbound,expired,test.test-expired.example,cold,6020235,2,False,1788804294.7505214,
unbound,expired,test.test-expired.example,cold,11118836,2,False,1788804294.761739,
unbound,expired,test.test-expired.example,cold,6272455,2,False,1788804294.7681127,
unbound,expired,test.test-expired.example,cold,5512596,2,False,1788804294.7737136,
unbound,expired,test.test-expired.example,cold,4841690,2,False,1788804294.7786477,
unbound,expired,test.test-expired.example,cold,3901145,2,False,1788804294.782622,
unbound,expired,test.test-expired.example,cold,4243871,2,False,1788804294.7869537,
unbound,expired,test.test-expired.example,cold,4654542,2,False,1788804294.7917056,
unbound,expired,test.test-expired.example,cold,4049282,2,False,1788804294.795843,
unbound,expired,test.test-expired.example,cold,3966535,2,False,1788804294.7998958,
unbound,expired,test.test-expired.example,cold,5159809,2,False,1788804294.8051388,
unbound,expired,test.test-expired.example,cold,4399196,2,False,1788804294.8096569,
unbound,expired,test.test-expired.example,cold,9317603,2,False,1788804294.8190935,
unbound,expired,test.test-expired.example,cold,5421942,2,False,1788804294.8246155,
unbound,expired,test.test-expired.example,cold,9635056,2,False,1788804294.8343468,
unbound,expired,test.test-expired.example,cold,5091121,2,False,1788804294.839536,
unbound,expired,test.test-expired.example,cold,4463059,2,False,1788804294.8440804,
unbound,expired,test.test-expired.example,cold,4238475,2,False,1788804294.8484046,
unbound,expired,test.test-expired.example,cold,3836056,2,False,1788804294.8523443,
unbound,expired,test.test-expired.example,cold,5892696,2,False,1788804294.8583224,
unbound,expired,test.test-expired.example,cold,4783474,2,False,1788804294.8632197,
unbound,expired,test.test-expired.example,cold,4718029,2,False,1788804294.8680282,
unbound,expired,test.test-expired.example,cold,5296783,2,False,1788804294.8736033,
unbound,expired,test.test-expired.example,cold,4064678,2,False,1788804294.877765,
unbound,expired,test.test-expired.example,cold,4383858,2,False,1788804294.8822343,
unbound,expired,test.test-expired.example,cold,4906067,2,False,1788804294.887225,
unbound,expired,test.test-expired.example,cold,4556773,2,False,1788804294.8918722,
unbound,expired,test.test-expired.example,cold,4022753,2,False,1788804294.8959823,
unbound,expired,test.test-expired.example,cold,5353733,2,False,1788804294.90145,
unbound,expired,test.test-expired.example,cold,8782577,2,False,1788804294.9103503,
unbound,expired,test.test-expired.example,cold,7389443,2,False,1788804294.9179935,
unbound,expired,test.test-expired.example,cold,5040027,2,False,1788804294.923108,
unbound,expired,test.test-expired.example,cold,4440636,2,False,1788804294.9277008,
unbound,expired,test.test-expired.example,cold,4467972,2,False,1788804294.9322503,
unbound,expired,test.test-expired.example,cold,4467390,2,False,1788804294.936793,
unbound,expired,test.test-expired.example,cold,4035891,2,False,1788804294.94092,
unbound,expired,test.test-expired.example,cold,3354305,2,False,1788804294.944369,
unbound,expired,test.test-expired.example,cold,4432013,2,False,1788804294.948893,
unbound,expired,test.test-expired.example,cold,5867600,2,False,1788804294.9548545,
unbound,expired,test.test-expired.example,cold,4512978,2,False,1788804294.9594872,
unbound,expired,test.test-expired.example,cold,4671528,2,False,1788804294.964334,
unbound,expired,test.test-expired.example,cold,5032522,2,False,1788804294.9694881,
unbound,expired,test.test-expired.example,cold,5079259,2,False,1788804294.9746556,
unbound,expired,test.test-expired.example,cold,4579301,2,False,1788804294.9793372,
unbound,expired,test.test-expired.example,cold,3811736,2,False,1788804294.9832277,
unbound,expired,test.test-expired.example,cold,5834028,2,False,1788804294.9891376,
unbound,expired,test.test-expired.example,cold,5430834,2,False,1788804294.9946504,
unbound,expired,test.test-expired.example,cold,3653458,2,False,1788804294.998372,
unbound,expired,test.test-expired.example,cold,4010480,2,False,1788804295.0024567,
unbound,expired,test.test-expired.example,cold,3380149,2,False,1788804295.005916,
unbound,expired,test.test-expired.example,cold,3661310,2,False,1788804295.0096538,
unbound,expired,test.test-expired.example,cold,3666226,2,False,1788804295.0133991,
unbound,expired,test.test-expired.example,cold,4303404,2,False,1788804295.0177953,
unbound,expired,test.test-expired.example,cold,5476359,2,False,1788804295.0233648,
unbound,expired,test.test-expired.example,cold,4304018,2,False,1788804295.027745,
unbound,expired,test.test-expired.example,cold,4140606,2,False,1788804295.0320358,
unbound,expired,test.test-expired.example,cold,3748639,2,False,1788804295.035851,
unbound,expired,test.test-expired.example,cold,4923565,2,False,1788804295.040864,
unbound,expired,test.test-expired.example,cold,5795479,2,False,1788804295.0467527,
unbound,expired,test.test-expired.example,cold,3655253,2,False,1788804295.0504904,
unbound,expired,test.test-expired.example,cold,3914016,2,False,1788804295.0544841,
unbound,expired,test.test-expired.example,cold,4864012,2,False,1788804295.0594504,
unbound,expired,test.test-expired.example,cold,5091482,2,False,1788804295.0646276,
unbound,expired,test.test-expired.example,cold,5330606,2,False,1788804295.0700428,
unbound,expired,test.test-expired.example,cold,5707184,2,False,1788804295.075863,
unbound,expired,test.test-expired.example,cold,6960122,2,False,1788804295.082922,
unbound,expired,test.test-expired.example,cold,5092101,2,False,1788804295.0881565,
unbound,expired,test.test-expired.example,cold,4383309,2,False,1788804295.0929043,
unbound,expired,test.test-expired.example,cold,6937679,2,False,1788804295.0999355,
unbound,expired,test.test-expired.example,cold,5440600,2,False,1788804295.1054633,
unbound,expired,test.test-expired.example,cold,4795878,2,False,1788804295.1103332,
unbound,expired,test.test-expired.example,cold,3867551,2,False,1788804295.1142914,
unbound,expired,test.test-expired.example,cold,4933259,2,False,1788804295.1193213,
unbound,expired,test.test-expired.example,cold,4630015,2,False,1788804295.1240432,
unbound,expired,test.test-expired.example,cold,4942202,2,False,1788804295.1290898,
unbound,expired,test.test-expired.example,cold,4979270,2,False,1788804295.134152,
unbound,expired,test.test-expired.example,cold,4092444,2,False,1788804295.1383603,
unbound,expired,test.test-expired.example,cold,4703102,2,False,1788804295.1431675,
unbound,expired,test.test-expired.example,cold,4399953,2,False,1788804295.1476617,
unbound,expired,test.test-expired.example,cold,4978126,2,False,1788804295.1527321,
unbound,expired,test.test-expired.example,cold,5286781,2,False,1788804295.1581159,
unbound,expired,test.test-expired.example,cold,3885393,2,False,1788804295.1624215,
unbound,expired,test.test-expired.example,cold,4341485,2,False,1788804295.1668487,
unbound,expired,test.test-expired.example,cold,3697534,2,False,1788804295.170648,
unbound,expired,test.test-expired.example,cold,4254405,2,False,1788804295.1749735,
unbound,expired,test.test-expired.example,cold,4692526,2,False,1788804295.1797595,
unbound,expired,test.test-expired.example,cold,6110978,2,False,1788804295.1860163,
unbound,expired,test.test-expired.example,cold,4828591,2,False,1788804295.1911075,
unbound,expired,test.test-expired.example,cold,4155912,2,False,1788804295.1953635,
unbound,expired,test.test-expired.example,cold,4140869,2,False,1788804295.199578,
unbound,expired,test.test-expired.example,cold,4910785,2,False,1788804295.2045782,
unbound,expired,test.test-expired.example,cold,4162015,2,False,1788804295.208833,
unbound,expired,test.test-expired.example,cold,3642549,2,False,1788804295.2125509,
unbound,expired,test.test-expired.example,cold,3998340,2,False,1788804295.216648,
unbound,expired,test.test-expired.example,cold,4049401,2,False,1788804295.2207682,
unbound,expired,test.test-expired.example,cold,3807941,2,False,1788804295.2246785,
unbound,expired,test.test-expired.example,cold,6112861,2,False,1788804295.23088,
unbound,expired,test.test-expired.example,cold,5307563,2,False,1788804295.2363138,
unbound,expired,test.test-expired.example,cold,3763245,2,False,1788804295.24014,
unbound,expired,test.test-expired.example,cold,3626390,2,False,1788804295.2438333,
unbound,expired,test.test-expired.example,cold,3570989,2,False,1788804295.2474685,
unbound,expired,test.test-expired.example,cold,4378307,2,False,1788804295.2519333,
unbound,expired,test.test-expired.example,cold,3943094,2,False,1788804295.255975,
unbound,expired,test.test-expired.example,cold,4484702,2,False,1788804295.260549,
unbound,expired,test.test-expired.example,cold,4286436,2,False,1788804295.2649212,
unbound,expired,test.test-expired.example,cold,4153618,2,False,1788804295.2692435,
unbound,expired,test.test-expired.example,cold,3850411,2,False,1788804295.2731807,
unbound,expired,test.test-expired.example,cold,4000146,2,False,1788804295.2772477,
unbound,expired,test.test-expired.example,cold,3960231,2,False,1788804295.2812808,
unbound,expired,test.test-expired.example,cold,5389780,2,False,1788804295.2867556,
unbound,expired,test.test-expired.example,cold,5021206,2,False,1788804295.2918556,
unbound,expired,test.test-expired.example,cold,4416214,2,False,1788804295.2964444,
unbound,expired,test.test-expired.example,cold,5134922,2,False,1788804295.3016891,
unbound,expired,test.test-expired.example,cold,3785120,2,False,1788804295.305568,
unbound,expired,test.test-expired.example,cold,5236942,2,False,1788804295.3109024,
unbound,expired,test.test-expired.example,cold,5497362,2,False,1788804295.3165967,
unbound,expired,test.test-expired.example,cold,5447663,2,False,1788804295.3221347,
unbound,expired,test.test-expired.example,cold,3910839,2,False,1788804295.3261354,
unbound,expired,test.test-expired.example,cold,3945040,2,False,1788804295.3301668,
unbound,expired,test.test-expired.example,cold,5093695,2,False,1788804295.3353372,
unbound,expired,test.test-expired.example,cold,4969689,2,False,1788804295.3404016,
unbound,expired,test.test-expired.example,cold,4975173,2,False,1788804295.3454852,
unbound,expired,test.test-expired.example,cold,4119505,2,False,1788804295.3496773,
unbound,expired,test.test-expired.example,cold,4080198,2,False,1788804295.353849,
unbound,expired,test.test-expired.example,cold,4919082,2,False,1788804295.3588572,
unbound,expired,test.test-expired.example,cold,3904662,2,False,1788804295.362862,
unbound,expired,test.test-expired.example,cold,4897857,2,False,1788804295.367848,
unbound,expired,test.test-expired.example,cold,3862199,2,False,1788804295.3717988,
unbound,expired,test.test-expired.example,cold,5554592,2,False,1788804295.3775454,
unbound,expired,test.test-expired.example,cold,4121958,2,False,1788804295.3817549,
unbound,expired,test.test-expired.example,cold,4072684,2,False,1788804295.385917,
unbound,expired,test.test-expired.example,cold,4450337,2,False,1788804295.3904443,
unbound,expired,test.test-expired.example,cold,4898454,2,False,1788804295.395443,
unbound,expired,test.test-expired.example,cold,4827537,2,False,1788804295.4003563,
unbound,expired,test.test-expired.example,cold,4193443,2,False,1788804295.4046721,
unbound,expired,test.test-expired.example,cold,4335319,2,False,1788804295.4090946,
unbound,expired,test.test-expired.example,cold,3593390,2,False,1788804295.4127913,
unbound,expired,test.test-expired.example,cold,5313895,2,False,1788804295.4181933,
unbound,expired,test.test-expired.example,cold,5072394,2,False,1788804295.4233537,
unbound,expired,test.test-expired.example,cold,4136185,2,False,1788804295.4275677,
unbound,expired,test.test-expired.example,cold,4100746,2,False,1788804295.4317532,
unbound,expired,test.test-expired.example,cold,5101858,2,False,1788804295.436936,
unbound,expired,test.test-expired.example,cold,4180584,2,False,1788804295.4411972,
unbound,expired,test.test-expired.example,cold,4259668,2,False,1788804295.4455369,
unbound,expired,test.test-expired.example,cold,5454056,2,False,1788804295.4510813,
unbound,expired,test.test-expired.example,cold,4286671,2,False,1788804295.4555166,
unbound,expired,test.test-expired.example,cold,5187507,2,False,1788804295.4608555,
unbound,expired,test.test-expired.example,cold,4837811,2,False,1788804295.4657664,
unbound,expired,test.test-expired.example,cold,6744936,2,False,1788804295.4726014,
unbound,expired,test.test-expired.example,cold,6371881,2,False,1788804295.4790545,
unbound,expired,test.test-expired.example,cold,4872317,2,False,1788804295.4841018,
unbound,expired,test.test-expired.example,cold,4572320,2,False,1788804295.4889438,
unbound,expired,test.test-expired.example,cold,5243820,2,False,1788804295.4942791,
unbound,expired,test.test-expired.example,cold,3924502,2,False,1788804295.4982939,
unbound,expired,test.test-expired.example,cold,4531091,2,False,1788804295.5029197,
unbound,expired,test.test-expired.example,cold,3889703,2,False,1788804295.5068989,
unbound,expired,test.test-expired.example,cold,4188070,2,False,1788804295.5111763,
unbound,expired,test.test-expired.example,cold,4507659,2,False,1788804295.5157552,
unbound,expired,test.test-expired.example,cold,4088102,2,False,1788804295.5199134,
unbound,expired,test.test-expired.example,cold,4873214,2,False,1788804295.5248644,
unbound,expired,test.test-expired.example,cold,4350533,2,False,1788804295.5293045,
unbound,expired,test.test-expired.example,cold,4998609,2,False,1788804295.5343802,
unbound,expired,test.test-expired.example,cold,5044385,2,False,1788804295.5395367,
unbound,expired,test.test-expired.example,cold,5107972,2,False,1788804295.5447857,
unbound,expired,test.test-expired.example,cold,4602657,2,False,1788804295.5494885,
unbound,expired,test.test-expired.example,cold,5384233,2,False,1788804295.554975,
unbound,expired,test.test-expired.example,cold,4084679,2,False,1788804295.559153,
unbound,expired,test.test-expired.example,cold,4157526,2,False,1788804295.5633967,
unbound,expired,test.test-expired.example,cold,4112529,2,False,1788804295.5675855,
unbound,expired,test.test-expired.example,cold,5373287,2,False,1788804295.5730507,
unbound,expired,test.test-expired.example,cold,3927268,2,False,1788804295.5770674,
unbound,expired,test.test-expired.example,cold,4550034,2,False,1788804295.5817046,
unbound,expired,test.test-expired.example,cold,5433051,2,False,1788804295.5878172,
unbound,expired,test.test-expired.example,cold,5077101,2,False,1788804295.592975,
unbound,expired,test.test-expired.example,cold,4025277,2,False,1788804295.5972958,
unbound,expired,test.test-expired.example,cold,4471538,2,False,1788804295.6018488,
unbound,expired,test.test-expired.example,cold,5298359,2,False,1788804295.607222,
unbound,expired,test.test-expired.example,cold,4790137,2,False,1788804295.6120975,
unbound,expired,test.test-expired.example,cold,4218811,2,False,1788804295.6163907,
unbound,expired,test.test-expired.example,cold,3257518,2,False,1788804295.619757,
unbound,expired,test.test-expired.example,cold,3356572,2,False,1788804295.6231935,
unbound,expired,test.test-expired.example,cold,4272741,2,False,1788804295.627553,
unbound,expired,test.test-expired.example,cold,6208164,2,False,1788804295.633867,
unbound,expired,test.test-expired.example,cold,4957171,2,False,1788804295.6389108,
unbound,expired,test.test-expired.example,cold,5170433,2,False,1788804295.64416,
unbound,expired,test.test-expired.example,cold,3974932,2,False,1788804295.648222,
unbound,expired,test.test-expired.example,cold,5118786,2,False,1788804295.6536992,
unbound,expired,test.test-expired.example,cold,3813872,2,False,1788804295.657606,
unbound,expired,test.test-expired.example,cold,4315916,2,False,1788804295.6620212,
unbound,expired,test.test-expired.example,cold,5084181,2,False,1788804295.6672053,
unbound,expired,test.test-expired.example,cold,6652948,2,False,1788804295.6739764,
unbound,expired,test.test-expired.example,cold,5001189,2,False,1788804295.6791773,
unbound,expired,test.test-expired.example,cold,5367931,2,False,1788804295.6846383,
unbound,expired,test.test-expired.example,cold,4385647,2,False,1788804295.689115,
unbound,expired,test.test-expired.example,cold,3983035,2,False,1788804295.6931968,
unbound,expired,test.test-expired.example,cold,3933475,2,False,1788804295.6972275,
unbound,expired,test.test-expired.example,cold,3577827,2,False,1788804295.7009034,
unbound,expired,test.test-expired.example,cold,4292350,2,False,1788804295.7052858,
unbound,expired,test.test-expired.example,cold,5622006,2,False,1788804295.7110128,
unbound,expired,test.test-expired.example,cold,5814022,2,False,1788804295.7169387,
unbound,expired,test.test-expired.example,cold,5096035,2,False,1788804295.7221448,
unbound,expired,test.test-expired.example,cold,3470900,2,False,1788804295.7256894,
unbound,expired,test.test-expired.example,cold,3674366,2,False,1788804295.7294512,
unbound,expired,test.test-expired.example,cold,4578416,2,False,1788804295.7341228,
unbound,expired,test.test-expired.example,cold,4228206,2,False,1788804295.738449,
unbound,expired,test.test-expired.example,cold,4432542,2,False,1788804295.7429738,
unbound,expired,test.test-expired.example,cold,4140914,2,False,1788804295.7472134,
unbound,expired,test.test-expired.example,cold,3979518,2,False,1788804295.7512715,
unbound,expired,test.test-expired.example,cold,3717675,2,False,1788804295.7550867,
unbound,expired,test.test-expired.example,cold,5274475,2,False,1788804295.760458,
unbound,expired,test.test-expired.example,cold,7967509,2,False,1788804295.7685285,
unbound,expired,test.test-expired.example,cold,5820065,2,False,1788804295.7745252,
unbound,expired,test.test-expired.example,cold,3650805,2,False,1788804295.7784777,
unbound,expired,test.test-expired.example,cold,4316165,2,False,1788804295.783001,
unbound,expired,test.test-expired.example,cold,3760285,2,False,1788804295.786856,
unbound,expired,test.test-expired.example,cold,4747622,2,False,1788804295.79171,
unbound,expired,test.test-expired.example,cold,4826523,2,False,1788804295.796631,
unbound,expired,test.test-expired.example,cold,4649463,2,False,1788804295.8013666,
unbound,expired,test.test-expired.example,cold,5732363,2,False,1788804295.8071933,
unbound,expired,test.test-expired.example,cold,5888374,2,False,1788804295.813263,
unbound,expired,test.test-expired.example,cold,5278364,2,False,1788804295.818676,
unbound,expired,test.test-expired.example,cold,4343782,2,False,1788804295.8231227,
unbound,expired,test.test-expired.example,cold,5296055,2,False,1788804295.8284843,
unbound,expired,test.test-expired.example,cold,5658390,2,False,1788804295.8343265,
unbound,expired,test.test-expired.example,cold,5040401,2,False,1788804295.8397636,
unbound,expired,test.test-expired.example,cold,5286202,2,False,1788804295.8451414,
unbound,expired,test.test-expired.example,cold,6155225,2,False,1788804295.8514147,
unbound,expired,test.test-expired.example,cold,6150039,2,False,1788804295.8576605,
unbound,expired,test.test-expired.example,cold,7256825,2,False,1788804295.865058,
unbound,expired,test.test-expired.example,cold,6750870,2,False,1788804295.8719442,
unbound,expired,test.test-expired.example,cold,7650561,2,False,1788804295.8797035,
unbound,expired,test.test-expired.example,cold,5042087,2,False,1788804295.8848534,
unbound,expired,test.test-expired.example,cold,6206617,2,False,1788804295.891151,
unbound,expired,test.test-expired.example,cold,4508353,2,False,1788804295.8957496,
unbound,expired,test.test-expired.example,cold,5475271,2,False,1788804295.9013171,
unbound,expired,test.test-expired.example,cold,5377080,2,False,1788804295.906784,
unbound,expired,test.test-expired.example,cold,5459423,2,False,1788804295.91232,
unbound,expired,test.test-expired.example,cold,5083567,2,False,1788804295.9174747,
unbound,expired,test.test-expired.example,cold,4243328,2,False,1788804295.921812,
unbound,expired,test.test-expired.example,cold,7407902,2,False,1788804295.9292948,
unbound,expired,test.test-expired.example,cold,4513065,2,False,1788804295.9338923,
unbound,expired,test.test-expired.example,cold,5915936,2,False,1788804295.9398947,
unbound,expired,test.test-expired.example,cold,5675433,2,False,1788804295.9456768,
unbound,expired,test.test-expired.example,cold,4853241,2,False,1788804295.9506056,
unbound,expired,test.test-expired.example,cold,5316645,2,False,1788804295.956011,
unbound,expired,test.test-expired.example,cold,4060327,2,False,1788804295.960153,
unbound,expired,test.test-expired.example,cold,3718810,2,False,1788804295.9639466,
unbound,expired,test.test-expired.example,cold,4184214,2,False,1788804295.9682171,
unbound,expired,test.test-expired.example,cold,4409469,2,False,1788804295.9727206,
unbound,expired,test.test-expired.example,cold,3885453,2,False,1788804295.9766982,
unbound,expired,test.test-expired.example,cold,4557749,2,False,1788804295.981346,
unbound,expired,test.test-expired.example,cold,5268365,2,False,1788804295.9867063,
unbound,expired,test.test-expired.example,cold,6538642,2,False,1788804295.9934402,
unbound,expired,test.test-expired.example,cold,4317712,2,False,1788804295.9978442,
unbound,expired,test.test-expired.example,cold,4109077,2,False,1788804296.0020392,
unbound,expired,test.test-expired.example,cold,4106084,2,False,1788804296.0062442,
unbound,expired,test.test-expired.example,cold,5456506,2,False,1788804296.0117905,
unbound,expired,test.test-expired.example,cold,4127945,2,False,1788804296.016002,
unbound,expired,test.test-expired.example,cold,4652009,2,False,1788804296.0207994,
unbound,expired,test.test-expired.example,cold,4162082,2,False,1788804296.0250452,
unbound,expired,test.test-expired.example,cold,8068528,2,False,1788804296.0331945,
unbound,expired,test.test-expired.example,cold,4889756,2,False,1788804296.03818,
unbound,expired,test.test-expired.example,cold,4253229,2,False,1788804296.0425096,
unbound,expired,test.test-expired.example,cold,4752070,2,False,1788804296.047346,
unbound,expired,test.test-expired.example,cold,4601442,2,False,1788804296.0520298,
unbound,expired,test.test-expired.example,cold,4824648,2,False,1788804296.0569522,
unbound,expired,test.test-expired.example,cold,3630380,2,False,1788804296.0606704,
unbound,expired,test.test-expired.example,cold,4740143,2,False,1788804296.0654871,
unbound,expired,test.test-expired.example,cold,4970089,2,False,1788804296.0705552,
unbound,expired,test.test-expired.example,cold,3971837,2,False,1788804296.0746126,
unbound,expired,test.test-expired.example,cold,4131134,2,False,1788804296.078821,
unbound,expired,test.test-expired.example,cold,4852584,2,False,1788804296.0837562,
unbound,expired,test.test-expired.example,cold,5699662,2,False,1788804296.0895393,
unbound,expired,test.test-expired.example,cold,4232227,2,False,1788804296.0938914,
unbound,expired,test.test-expired.example,cold,4041439,2,False,1788804296.0980334,
unbound,expired,test.test-expired.example,cold,4040061,2,False,1788804296.1021655,
unbound,expired,test.test-expired.example,cold,4382437,2,False,1788804296.1066213,
unbound,expired,test.test-expired.example,cold,6069355,2,False,1788804296.11299,
unbound,expired,test.test-expired.example,cold,5709420,2,False,1788804296.118784,
unbound,expired,test.test-expired.example,cold,4327043,2,False,1788804296.1232023,
unbound,expired,test.test-expired.example,cold,4833311,2,False,1788804296.1281247,
unbound,expired,test.test-expired.example,cold,4093753,2,False,1788804296.1323113,
unbound,expired,test.test-expired.example,cold,4090270,2,False,1788804296.136507,
unbound,expired,test.test-expired.example,cold,5292894,2,False,1788804296.14192,
unbound,expired,test.test-expired.example,cold,4464526,2,False,1788804296.1464725,
unbound,expired,test.test-expired.example,cold,3983098,2,False,1788804296.1505516,
unbound,expired,test.test-expired.example,cold,4270961,2,False,1788804296.1549008,
unbound,expired,test.test-expired.example,cold,4062879,2,False,1788804296.1590428,
unbound,expired,test.test-expired.example,cold,5145160,2,False,1788804296.1642866,
unbound,expired,test.test-expired.example,cold,5218466,2,False,1788804296.1695821,
unbound,expired,test.test-expired.example,cold,4058351,2,False,1788804296.1737332,
unbound,expired,test.test-expired.example,cold,4018818,2,False,1788804296.1778274,
unbound,expired,test.test-expired.example,cold,4744863,2,False,1788804296.1826527,
unbound,expired,test.test-expired.example,cold,10631579,2,False,1788804296.1933722,
unbound,expired,test.test-expired.example,cold,14854330,2,False,1788804296.208332,
unbound,expired,test.test-expired.example,cold,15273671,2,False,1788804296.2237449,
unbound,expired,test.test-expired.example,cold,7498683,2,False,1788804296.231374,
unbound,expired,test.test-expired.example,cold,8423938,2,False,1788804296.2402406,
unbound,expired,test.test-expired.example,cold,11229541,2,False,1788804296.2515666,
unbound,expired,test.test-expired.example,cold,7050264,2,False,1788804296.2587602,
unbound,expired,test.test-expired.example,cold,5783218,2,False,1788804296.2646623,
unbound,expired,test.test-expired.example,cold,6367968,2,False,1788804296.2711263,
unbound,expired,test.test-expired.example,cold,5465228,2,False,1788804296.2766902,
unbound,expired,test.test-expired.example,cold,5486365,2,False,1788804296.282276,
unbound,expired,test.test-expired.example,cold,4041759,2,False,1788804296.2864,
unbound,expired,test.test-expired.example,cold,4515311,2,False,1788804296.2909956,
unbound,expired,test.test-expired.example,cold,4289869,2,False,1788804296.295346,
unbound,expired,test.test-expired.example,cold,4803420,2,False,1788804296.3002396,
unbound,expired,test.test-expired.example,cold,3614414,2,False,1788804296.3039496,
unbound,expired,test.test-expired.example,cold,3883908,2,False,1788804296.3079095,
unbound,expired,test.test-expired.example,cold,3696251,2,False,1788804296.311678,
unbound,expired,test.test-expired.example,cold,3962269,2,False,1788804296.315723,
unbound,expired,test.test-expired.example,cold,4665512,2,False,1788804296.3204775,
unbound,expired,test.test-expired.example,cold,5210174,2,False,1788804296.325777,
unbound,expired,test.test-expired.example,cold,4868442,2,False,1788804296.3307188,
unbound,expired,test.test-expired.example,cold,5064106,2,False,1788804296.3359153,
unbound,expired,test.test-expired.example,cold,6040817,2,False,1788804296.3420422,
unbound,expired,test.test-expired.example,cold,3879894,2,False,1788804296.3460817,
unbound,expired,test.test-expired.example,cold,6697237,2,False,1788804296.352861,
unbound,expired,test.test-expired.example,cold,4697167,2,False,1788804296.3576605,
unbound,expired,test.test-expired.example,cold,4223409,2,False,1788804296.3619766,
unbound,expired,test.test-expired.example,cold,3790517,2,False,1788804296.3658419,
unbound,expired,test.test-expired.example,cold,3639379,2,False,1788804296.369553,
unbound,expired,test.test-expired.example,cold,4129745,2,False,1788804296.373747,
unbound,expired,test.test-expired.example,cold,4066740,2,False,1788804296.3779013,
unbound,expired,test.test-expired.example,cold,5085718,2,False,1788804296.3830912,
unbound,expired,test.test-expired.example,cold,4828834,2,False,1788804296.388034,
unbound,expired,test.test-expired.example,cold,3967283,2,False,1788804296.392101,
unbound,expired,test.test-expired.example,cold,5577659,2,False,1788804296.3977685,
unbound,expired,test.test-expired.example,cold,3663629,2,False,1788804296.401509,
unbound,expired,test.test-expired.example,cold,3597475,2,False,1788804296.4051814,
unbound,expired,test.test-expired.example,cold,5655907,2,False,1788804296.410927,
unbound,expired,test.test-expired.example,cold,4782951,2,False,1788804296.4158018,
unbound,expired,test.test-expired.example,cold,3725622,2,False,1788804296.41962,
unbound,expired,test.test-expired.example,cold,4477524,2,False,1788804296.4241831,
unbound,expired,test.test-expired.example,cold,4330216,2,False,1788804296.428586,
unbound,expired,test.test-expired.example,cold,6153248,2,False,1788804296.4348357,
unbound,expired,test.test-expired.example,cold,5581966,2,False,1788804296.4405155,
unbound,expired,test.test-expired.example,cold,4700666,2,False,1788804296.4453166,
unbound,expired,test.test-expired.example,cold,4927220,2,False,1788804296.4503598,
unbound,expired,test.test-expired.example,cold,4127675,2,False,1788804296.4545774,
unbound,expired,test.test-expired.example,cold,4681564,2,False,1788804296.459347,
unbound,expired,test.test-expired.example,cold,4221100,2,False,1788804296.4638665,
unbound,expired,test.test-expired.example,cold,4768510,2,False,1788804296.4687252,
unbound,expired,test.test-expired.example,cold,3878901,2,False,1788804296.472697,
unbound,expired,test.test-expired.example,cold,5458397,2,False,1788804296.4782422,
unbound,expired,test.test-expired.example,cold,5472602,2,False,1788804296.483814,
