resolver,outcome,domain,cache_state,query_time_ns,response_rcode,ad_flag,timestamp,error
bind,nsec3,nonexistent.test-nsec3.example,cold,1519700,3,True,1788708306.8708742,
bind,nsec3,nonexistent.test-nsec3.example,cold,1903800,3,True,1788708306.8708742,
bind,nsec3,nonexistent.test-nsec3.example,cold,1887000,3,True,1788708306.8748236,
bind,nsec3,nonexistent.test-nsec3.example,cold,1952100,3,True,1788708306.8748236,
bind,nsec3,nonexistent.test-nsec3.example,cold,1845000,3,True,1788708306.8784997,
bind,nsec3,nonexistent.test-nsec3.example,cold,2647800,3,True,1788708306.8806212,
bind,nsec3,nonexistent.test-nsec3.example,cold,2422400,3,True,1788708306.8830733,
bind,nsec3,nonexistent.test-nsec3.example,cold,1805600,3,True,1788708306.8857858,
bind,nsec3,nonexistent.test-nsec3.example,cold,1839600,3,True,1788708306.8878758,
bind,nsec3,nonexistent.test-nsec3.example,cold,2239400,3,True,1788708306.8898513,
bind,nsec3,nonexistent.test-nsec3.example,cold,1565600,3,True,1788708306.8914926,
bind,nsec3,nonexistent.test-nsec3.example,cold,1612800,3,True,1788708306.8935823,
bind,nsec3,nonexistent.test-nsec3.example,cold,1554200,3,True,1788708306.895257,
bind,nsec3,nonexistent.test-nsec3.example,cold,1534100,3,True,1788708306.89682,
bind,nsec3,nonexistent.test-nsec3.example,cold,1512000,3,True,1788708306.8983772,
bind,nsec3,nonexistent.test-nsec3.example,cold,1396400,3,True,1788708306.8994215,
bind,nsec3,nonexistent.test-nsec3.example,cold,1519000,3,True,1788708306.9010465,
bind,nsec3,nonexistent.test-nsec3.example,cold,1473900,3,True,1788708306.9025893,
bind,nsec3,nonexistent.test-nsec3.example,cold,1428600,3,True,1788708306.904158,
bind,nsec3,nonexistent.test-nsec3.example,cold,1481300,3,True,1788708306.905706,
bind,nsec3,nonexistent.test-nsec3.example,cold,1457300,3,True,1788708306.9072623,
bind,nsec3,nonexistent.test-nsec3.example,cold,1508700,3,True,1788708306.9088256,
bind,nsec3,nonexistent.test-nsec3.example,cold,1693200,3,True,1788708306.9107122,
bind,nsec3,nonexistent.test-nsec3.example,cold,1748900,3,True,1788708306.912821,
bind,nsec3,nonexistent.test-nsec3.example,cold,1690900,3,True,1788708306.914452,
bind,nsec3,nonexistent.test-nsec3.example,cold,1610700,3,True,1788708306.916108,
bind,nsec3,nonexistent.test-nsec3.example,cold,1590500,3,True,1788708306.9177823,
bind,nsec3,nonexistent.test-nsec3.example,cold,1466500,3,True,1788708306.9193616,
bind,nsec3,nonexistent.test-nsec3.example,cold,1455100,3,True,1788708306.9209404,
bind,nsec3,nonexistent.test-nsec3.example,cold,1516100,3,True,1788708306.9225183,
bind,nsec3,nonexistent.test-nsec3.example,cold,1404600,3,True,1788708306.9240818,
bind,nsec3,nonexistent.test-nsec3.example,cold,1726600,3,True,1788708306.925496,
bind,nsec3,nonexistent.test-nsec3.example,cold,1414000,3,True,1788708306.927061,
bind,nsec3,nonexistent.test-nsec3.example,cold,1561100,3,True,1788708306.9286258,
bind,nsec3,nonexistent.test-nsec3.example,cold,1489700,3,True,1788708306.9301925,
bind,nsec3,nonexistent.test-nsec3.example,cold,1393900,3,True,1788708306.9317653,
bind,nsec3,nonexistent.test-nsec3.example,cold,1575500,3,True,1788708306.9333842,
bind,nsec3,nonexistent.test-nsec3.example,cold,1659600,3,True,1788708306.9349778,
bind,nsec3,nonexistent.test-nsec3.example,cold,1532400,3,True,1788708306.9365585,
bind,nsec3,nonexistent.test-nsec3.example,cold,1401800,3,True,1788708306.9381409,
bind,nsec3,nonexistent.test-nsec3.example,cold,1609700,3,True,1788708306.9397135,
bind,nsec3,nonexistent.test-nsec3.example,cold,1891500,3,True,1788708306.9417198,
bind,nsec3,nonexistent.test-nsec3.example,cold,1824300,3,True,1788708306.943893,
bind,nsec3,nonexistent.test-nsec3.example,cold,1836600,3,True,1788708306.9455366,
bind,nsec3,nonexistent.test-nsec3.example,cold,1790900,3,True,1788708306.947697,
bind,nsec3,nonexistent.test-nsec3.example,cold,1770600,3,True,1788708306.949295,
bind,nsec3,nonexistent.test-nsec3.example,cold,1587400,3,True,1788708306.9509044,
bind,nsec3,nonexistent.test-nsec3.example,cold,1506700,3,True,1788708306.9525125,
bind,nsec3,nonexistent.test-nsec3.example,cold,1672700,3,True,1788708306.9542243,
bind,nsec3,nonexistent.test-nsec3.example,cold,2756800,3,True,1788708306.957359,
bind,nsec3,nonexistent.test-nsec3.example,cold,2213800,3,True,1788708306.9597461,
bind,nsec3,nonexistent.test-nsec3.example,cold,1757700,3,True,1788708306.9614415,
bind,nsec3,nonexistent.test-nsec3.example,cold,1837500,3,True,1788708306.9636116,
bind,nsec3,nonexistent.test-nsec3.example,cold,1738500,3,True,1788708306.9652402,
bind,nsec3,nonexistent.test-nsec3.example,cold,1970800,3,True,1788708306.967526,
bind,nsec3,nonexistent.test-nsec3.example,cold,2510800,3,True,1788708306.9696617,
bind,nsec3,nonexistent.test-nsec3.example,cold,2658200,3,True,1788708306.9727209,
bind,nsec3,nonexistent.test-nsec3.example,cold,2606300,3,True,1788708306.97563,
bind,nsec3,nonexistent.test-nsec3.example,cold,2309000,3,True,1788708306.9777293,
bind,nsec3,nonexistent.test-nsec3.example,cold,2295900,3,True,1788708306.9802372,
bind,nsec3,nonexistent.test-nsec3.example,cold,2685700,3,True,1788708306.9829981,
bind,nsec3,nonexistent.test-nsec3.example,cold,2849900,3,True,1788708306.9856176,
bind,nsec3,nonexistent.test-nsec3.example,cold,3907700,3,True,1788708306.9901288,
bind,nsec3,nonexistent.test-nsec3.example,cold,2813100,3,True,1788708306.9928281,
bind,nsec3,nonexistent.test-nsec3.example,cold,2504000,3,True,1788708306.9955084,
bind,nsec3,nonexistent.test-nsec3.example,cold,2597500,3,True,1788708306.9983108,
bind,nsec3,nonexistent.test-nsec3.example,cold,2809400,3,True,1788708307.0009964,
bind,nsec3,nonexistent.test-nsec3.example,cold,2682200,3,True,1788708307.0039864,
bind,nsec3,nonexistent.test-nsec3.example,cold,4723500,3,True,1788708307.0088778,
bind,nsec3,nonexistent.test-nsec3.example,cold,2685900,3,True,1788708307.0113683,
bind,nsec3,nonexistent.test-nsec3.example,cold,1874900,3,True,1788708307.013476,
bind,nsec3,nonexistent.test-nsec3.example,cold,2069100,3,True,1788708307.0156147,
bind,nsec3,nonexistent.test-nsec3.example,cold,2672400,3,True,1788708307.018154,
bind,nsec3,nonexistent.test-nsec3.example,cold,2697800,3,True,1788708307.0213556,
bind,nsec3,nonexistent.test-nsec3.example,cold,2697200,3,True,1788708307.023844,
bind,nsec3,nonexistent.test-nsec3.example,cold,2445500,3,True,1788708307.0263724,
bind,nsec3,nonexistent.test-nsec3.example,cold,2074700,3,True,1788708307.0289035,
bind,nsec3,nonexistent.test-nsec3.example,cold,2170000,3,True,1788708307.0311112,
bind,nsec3,nonexistent.test-nsec3.example,cold,2370100,3,True,1788708307.033093,
bind,nsec3,nonexistent.test-nsec3.example,cold,2123500,3,True,1788708307.0357997,
bind,nsec3,nonexistent.test-nsec3.example,cold,1935900,3,True,1788708307.0376067,
bind,nsec3,nonexistent.test-nsec3.example,cold,1824900,3,True,1788708307.0396805,
bind,nsec3,nonexistent.test-nsec3.example,cold,1703300,3,True,1788708307.0413036,
bind,nsec3,nonexistent.test-nsec3.example,cold,1431800,3,True,1788708307.0420055,
bind,nsec3,nonexistent.test-nsec3.example,cold,1863600,3,True,1788708307.0434017,
bind,nsec3,nonexistent.test-nsec3.example,cold,1807800,3,True,1788708307.0468688,
bind,nsec3,nonexistent.test-nsec3.example,cold,1937300,3,True,1788708307.0484962,
bind,nsec3,nonexistent.test-nsec3.example,cold,2343800,3,True,1788708307.0510564,
bind,nsec3,nonexistent.test-nsec3.example,cold,2073800,3,True,1788708307.0531776,
bind,nsec3,nonexistent.test-nsec3.example,cold,1957000,3,True,1788708307.0556533,
bind,nsec3,nonexistent.test-nsec3.example,cold,1878600,3,True,1788708307.0572386,
bind,nsec3,nonexistent.test-nsec3.example,cold,1538800,3,True,1788708307.0588765,
bind,nsec3,nonexistent.test-nsec3.example,cold,1631800,3,True,1788708307.060556,
bind,nsec3,nonexistent.test-nsec3.example,cold,1843600,3,True,1788708307.0628028,
bind,nsec3,nonexistent.test-nsec3.example,cold,2049300,3,True,1788708307.0646324,
bind,nsec3,nonexistent.test-nsec3.example,cold,2265600,3,True,1788708307.0669363,
bind,nsec3,nonexistent.test-nsec3.example,cold,2003200,3,True,1788708307.0690553,
bind,nsec3,nonexistent.test-nsec3.example,cold,1707200,3,True,1788708307.0711992,
bind,nsec3,nonexistent.test-nsec3.example,cold,1681800,3,True,1788708307.072994,
bind,nsec3,nonexistent.test-nsec3.example,cold,1801400,3,True,1788708307.0746002,
bind,nsec3,nonexistent.test-nsec3.example,cold,1746000,3,True,1788708307.076737,
bind,nsec3,nonexistent.test-nsec3.example,cold,1773500,3,True,1788708307.0783052,
bind,nsec3,nonexistent.test-nsec3.example,cold,2478900,3,True,1788708307.0810878,
bind,nsec3,nonexistent.test-nsec3.example,cold,2030500,3,True,1788708307.0832958,
bind,nsec3,nonexistent.test-nsec3.example,cold,1971200,3,True,1788708307.085002,
bind,nsec3,nonexistent.test-nsec3.example,cold,1897300,3,True,1788708307.0870116,
bind,nsec3,nonexistent.test-nsec3.example,cold,2495900,3,True,1788708307.0898752,
bind,nsec3,nonexistent.test-nsec3.example,cold,2525100,3,True,1788708307.0922382,
bind,nsec3,nonexistent.test-nsec3.example,cold,2093900,3,True,1788708307.0943735,
bind,nsec3,nonexistent.test-nsec3.example,cold,1752700,3,True,1788708307.0963283,
bind,nsec3,nonexistent.test-nsec3.example,cold,1802000,3,True,1788708307.0981023,
bind,nsec3,nonexistent.test-nsec3.example,cold,2078200,3,True,1788708307.1002393,
bind,nsec3,nonexistent.test-nsec3.example,cold,1892700,3,True,1788708307.102341,
bind,nsec3,nonexistent.test-nsec3.example,cold,1904200,3,True,1788708307.1044466,
bind,nsec3,nonexistent.test-nsec3.example,cold,1884000,3,True,1788708307.1061378,
bind,nsec3,nonexistent.test-nsec3.example,cold,1952500,3,True,1788708307.1082191,
bind,nsec3,nonexistent.test-nsec3.example,cold,1721700,3,True,1788708307.1098692,
bind,nsec3,nonexistent.test-nsec3.example,cold,3396200,3,True,1788708307.1133864,
bind,nsec3,nonexistent.test-nsec3.example,cold,3327000,3,True,1788708307.117116,
bind,nsec3,nonexistent.test-nsec3.example,cold,2647000,3,True,1788708307.119795,
bind,nsec3,nonexistent.test-nsec3.example,cold,2781000,3,True,1788708307.1226742,
bind,nsec3,nonexistent.test-nsec3.example,cold,2487200,3,True,1788708307.1252022,
bind,nsec3,nonexistent.test-nsec3.example,cold,2414600,3,True,1788708307.1278703,
bind,nsec3,nonexistent.test-nsec3.example,cold,2620200,3,True,1788708307.1300333,
bind,nsec3,nonexistent.test-nsec3.example,cold,2254200,3,True,1788708307.1325932,
bind,nsec3,nonexistent.test-nsec3.example,cold,2153000,3,True,1788708307.1348336,
bind,nsec3,nonexistent.test-nsec3.example,cold,2135200,3,True,1788708307.1373374,
bind,nsec3,nonexistent.test-nsec3.example,cold,1969300,3,True,1788708307.1394482,
bind,nsec3,nonexistent.test-nsec3.example,cold,2277400,3,True,1788708307.141876,
bind,nsec3,nonexistent.test-nsec3.example,cold,3574800,3,True,1788708307.1453855,
bind,nsec3,nonexistent.test-nsec3.example,cold,2744100,3,True,1788708307.1483917,
bind,nsec3,nonexistent.test-nsec3.example,cold,2953900,3,True,1788708307.1512995,
bind,nsec3,nonexistent.test-nsec3.example,cold,2349700,3,True,1788708307.153832,
bind,nsec3,nonexistent.test-nsec3.example,cold,4473500,3,True,1788708307.158293,
bind,nsec3,nonexistent.test-nsec3.example,cold,3141400,3,True,1788708307.1617186,
bind,nsec3,nonexistent.test-nsec3.example,cold,1698900,3,True,1788708307.1630049,
bind,nsec3,nonexistent.test-nsec3.example,cold,1778100,3,True,1788708307.1651187,
bind,nsec3,nonexistent.test-nsec3.example,cold,2015400,3,True,1788708307.167463,
bind,nsec3,nonexistent.test-nsec3.example,cold,1889700,3,True,1788708307.169025,
bind,nsec3,nonexistent.test-nsec3.example,cold,1841200,3,True,1788708307.1711886,
bind,nsec3,nonexistent.test-nsec3.example,cold,1802100,3,True,1788708307.17297,
bind,nsec3,nonexistent.test-nsec3.example,cold,1951400,3,True,1788708307.1751857,
bind,nsec3,nonexistent.test-nsec3.example,cold,1731100,3,True,1788708307.1768181,
bind,nsec3,nonexistent.test-nsec3.example,cold,1924400,3,True,1788708307.1789033,
bind,nsec3,nonexistent.test-nsec3.example,cold,1767500,3,True,1788708307.1805596,
bind,nsec3,nonexistent.test-nsec3.example,cold,1776800,3,True,1788708307.1827404,
bind,nsec3,nonexistent.test-nsec3.example,cold,1657700,3,True,1788708307.1843512,
bind,nsec3,nonexistent.test-nsec3.example,cold,1545300,3,True,1788708307.1860402,
bind,nsec3,nonexistent.test-nsec3.example,cold,1910700,3,True,1788708307.188276,
bind,nsec3,nonexistent.test-nsec3.example,cold,2297300,3,True,1788708307.1905541,
bind,nsec3,nonexistent.test-nsec3.example,cold,2099600,3,True,1788708307.1925688,
bind,nsec3,nonexistent.test-nsec3.example,cold,2191500,3,True,1788708307.1946776,
bind,nsec3,nonexistent.test-nsec3.example,cold,2402500,3,True,1788708307.197201,
bind,nsec3,nonexistent.test-nsec3.example,cold,2313500,3,True,1788708307.199987,
bind,nsec3,nonexistent.test-nsec3.example,cold,2149000,3,True,1788708307.202229,
bind,nsec3,nonexistent.test-nsec3.example,cold,2034200,3,True,1788708307.204014,
bind,nsec3,nonexistent.test-nsec3.example,cold,1724800,3,True,1788708307.2056592,
bind,nsec3,nonexistent.test-nsec3.example,cold,1724900,3,True,1788708307.2078722,
bind,nsec3,nonexistent.test-nsec3.example,cold,1907600,3,True,1788708307.2094944,
bind,nsec3,nonexistent.test-nsec3.example,cold,2151700,3,True,1788708307.2119982,
bind,nsec3,nonexistent.test-nsec3.example,cold,1704700,3,True,1788708307.2136476,
bind,nsec3,nonexistent.test-nsec3.example,cold,1791500,3,True,1788708307.2153826,
bind,nsec3,nonexistent.test-nsec3.example,cold,2051000,3,True,1788708307.2175658,
bind,nsec3,nonexistent.test-nsec3.example,cold,2204800,3,True,1788708307.2201183,
bind,nsec3,nonexistent.test-nsec3.example,cold,2583000,3,True,1788708307.2228224,
bind,nsec3,nonexistent.test-nsec3.example,cold,2727200,3,True,1788708307.2256424,
bind,nsec3,nonexistent.test-nsec3.example,cold,2569500,3,True,1788708307.2283974,
bind,nsec3,nonexistent.test-nsec3.example,cold,2198300,3,True,1788708307.2305553,
bind,nsec3,nonexistent.test-nsec3.example,cold,1906300,3,True,1788708307.2324593,
bind,nsec3,nonexistent.test-nsec3.example,cold,1710300,3,True,1788708307.23404,
bind,nsec3,nonexistent.test-nsec3.example,cold,1472700,3,True,1788708307.2356088,
bind,nsec3,nonexistent.test-nsec3.example,cold,1521800,3,True,1788708307.2371767,
bind,nsec3,nonexistent.test-nsec3.example,cold,1506600,3,True,1788708307.238717,
bind,nsec3,nonexistent.test-nsec3.example,cold,1486400,3,True,1788708307.2402997,
bind,nsec3,nonexistent.test-nsec3.example,cold,1507800,3,True,1788708307.2418613,
bind,nsec3,nonexistent.test-nsec3.example,cold,1504000,3,True,1788708307.2434225,
bind,nsec3,nonexistent.test-nsec3.example,cold,1496400,3,True,1788708307.2449994,
bind,nsec3,nonexistent.test-nsec3.example,cold,1451500,3,True,1788708307.246617,
bind,nsec3,nonexistent.test-nsec3.example,cold,1553600,3,True,1788708307.248199,
bind,nsec3,nonexistent.test-nsec3.example,cold,2117700,3,True,1788708307.2507908,
bind,nsec3,nonexistent.test-nsec3.example,cold,1868000,3,True,1788708307.2524755,
bind,nsec3,nonexistent.test-nsec3.example,cold,1788500,3,True,1788708307.2545996,
bind,nsec3,nonexistent.test-nsec3.example,cold,1771600,3,True,1788708307.2561958,
bind,nsec3,nonexistent.test-nsec3.example,cold,1705800,3,True,1788708307.2577648,
bind,nsec3,nonexistent.test-nsec3.example,cold,1789100,3,True,1788708307.2599626,
bind,nsec3,nonexistent.test-nsec3.example,cold,1662800,3,True,1788708307.2615623,
bind,nsec3,nonexistent.test-nsec3.example,cold,1446400,3,True,1788708307.2631738,
bind,nsec3,nonexistent.test-nsec3.example,cold,1544700,3,True,1788708307.2647614,
bind,nsec3,nonexistent.test-nsec3.example,cold,1598900,3,True,1788708307.2663605,
bind,nsec3,nonexistent.test-nsec3.example,cold,15039700,3,True,1788708307.281364,
bind,nsec3,nonexistent.test-nsec3.example,cold,1690700,3,True,1788708307.283446,
bind,nsec3,nonexistent.test-nsec3.example,cold,1646700,3,True,1788708307.2850313,
bind,nsec3,nonexistent.test-nsec3.example,cold,1570700,3,True,1788708307.286613,
bind,nsec3,nonexistent.test-nsec3.example,cold,1528100,3,True,1788708307.288218,
bind,nsec3,nonexistent.test-nsec3.example,cold,1599000,3,True,1788708307.289803,
bind,nsec3,nonexistent.test-nsec3.example,cold,1525800,3,True,1788708307.2913616,
bind,nsec3,nonexistent.test-nsec3.example,cold,1469900,3,True,1788708307.2929292,
bind,nsec3,nonexistent.test-nsec3.example,cold,1459900,3,True,1788708307.2944798,
bind,nsec3,nonexistent.test-nsec3.example,cold,1614700,3,True,1788708307.2960403,
bind,nsec3,nonexistent.test-nsec3.example,cold,1881200,3,True,1788708307.2980185,
bind,nsec3,nonexistent.test-nsec3.example,cold,2060700,3,True,1788708307.3002732,
bind,nsec3,nonexistent.test-nsec3.example,cold,1781000,3,True,1788708307.3024414,
bind,nsec3,nonexistent.test-nsec3.example,cold,1748400,3,True,1788708307.304118,
bind,nsec3,nonexistent.test-nsec3.example,cold,1828900,3,True,1788708307.3058832,
bind,nsec3,nonexistent.test-nsec3.example,cold,1805000,3,True,1788708307.3079734,
bind,nsec3,nonexistent.test-nsec3.example,cold,1496900,3,True,1788708307.309573,
bind,nsec3,nonexistent.test-nsec3.example,cold,1530500,3,True,1788708307.311153,
bind,nsec3,nonexistent.test-nsec3.example,cold,1592000,3,True,1788708307.3124845,
bind,nsec3,nonexistent.test-nsec3.example,cold,1502600,3,True,1788708307.3140535,
bind,nsec3,nonexistent.test-nsec3.example,cold,1473000,3,True,1788708307.3156354,
bind,nsec3,nonexistent.test-nsec3.example,cold,3805600,3,True,1788708307.3197453,
bind,nsec3,nonexistent.test-nsec3.example,cold,4539400,3,True,1788708307.3241904,
bind,nsec3,nonexistent.test-nsec3.example,cold,2666700,3,True,1788708307.32682,
bind,nsec3,nonexistent.test-nsec3.example,cold,2377900,3,True,1788708307.3293874,
bind,nsec3,nonexistent.test-nsec3.example,cold,1803500,3,True,1788708307.3315084,
bind,nsec3,nonexistent.test-nsec3.example,cold,1647400,3,True,1788708307.3330755,
bind,nsec3,nonexistent.test-nsec3.example,cold,1474800,3,True,1788708307.334662,
bind,nsec3,nonexistent.test-nsec3.example,cold,1543000,3,True,1788708307.3363118,
bind,nsec3,nonexistent.test-nsec3.example,cold,1431000,3,True,1788708307.33789,
bind,nsec3,nonexistent.test-nsec3.example,cold,1539100,3,True,1788708307.3394918,
bind,nsec3,nonexistent.test-nsec3.example,cold,1548900,3,True,1788708307.3410792,
bind,nsec3,nonexistent.test-nsec3.example,cold,1660600,3,True,1788708307.3427386,
bind,nsec3,nonexistent.test-nsec3.example,cold,1527700,3,True,1788708307.3443246,
bind,nsec3,nonexistent.test-nsec3.example,cold,1494600,3,True,1788708307.3458982,
bind,nsec3,nonexistent.test-nsec3.example,cold,1546800,3,True,1788708307.3475027,
bind,nsec3,nonexistent.test-nsec3.example,cold,1494700,3,True,1788708307.3490767,
bind,nsec3,nonexistent.test-nsec3.example,cold,1547200,3,True,1788708307.3507028,
bind,nsec3,nonexistent.test-nsec3.example,cold,1589800,3,True,1788708307.3522816,
bind,nsec3,nonexistent.test-nsec3.example,cold,1428800,3,True,1788708307.3538516,
bind,nsec3,nonexistent.test-nsec3.example,cold,1615000,3,True,1788708307.3554478,
bind,nsec3,nonexistent.test-nsec3.example,cold,1553200,3,True,1788708307.357059,
bind,nsec3,nonexistent.test-nsec3.example,cold,2844500,3,True,1788708307.3599033,
bind,nsec3,nonexistent.test-nsec3.example,cold,1853900,3,True,1788708307.362082,
bind,nsec3,nonexistent.test-nsec3.example,cold,1802800,3,True,1788708307.3636892,
bind,nsec3,nonexistent.test-nsec3.example,cold,1740700,3,True,1788708307.3657985,
bind,nsec3,nonexistent.test-nsec3.example,cold,1909500,3,True,1788708307.3674836,
bind,nsec3,nonexistent.test-nsec3.example,cold,1889300,3,True,1788708307.3696156,
bind,nsec3,nonexistent.test-nsec3.example,cold,1585300,3,True,1788708307.3711805,
bind,nsec3,nonexistent.test-nsec3.example,cold,1633200,3,True,1788708307.3727367,
bind,nsec3,nonexistent.test-nsec3.example,cold,1554000,3,True,1788708307.3743727,
bind,nsec3,nonexistent.test-nsec3.example,cold,1636800,3,True,1788708307.3764553,
bind,nsec3,nonexistent.test-nsec3.example,cold,1560100,3,True,1788708307.3780978,
bind,nsec3,nonexistent.test-nsec3.example,cold,1491300,3,True,1788708307.3796637,
bind,nsec3,nonexistent.test-nsec3.example,cold,1313600,3,True,1788708307.380863,
bind,nsec3,nonexistent.test-nsec3.example,cold,1468600,3,True,1788708307.3824937,
bind,nsec3,nonexistent.test-nsec3.example,cold,1635200,3,True,1788708307.3841078,
bind,nsec3,nonexistent.test-nsec3.example,cold,1504900,3,True,1788708307.3856878,
bind,nsec3,nonexistent.test-nsec3.example,cold,1603000,3,True,1788708307.3872716,
bind,nsec3,nonexistent.test-nsec3.example,cold,1606400,3,True,1788708307.3889856,
bind,nsec3,nonexistent.test-nsec3.example,cold,1405900,3,True,1788708307.3905616,
bind,nsec3,nonexistent.test-nsec3.example,cold,1469200,3,True,1788708307.3922062,
bind,nsec3,nonexistent.test-nsec3.example,cold,1528400,3,True,1788708307.3938556,
bind,nsec3,nonexistent.test-nsec3.example,cold,1525700,3,True,1788708307.394991,
bind,nsec3,nonexistent.test-nsec3.example,cold,1656600,3,True,1788708307.3971145,
bind,nsec3,nonexistent.test-nsec3.example,cold,1343600,3,True,1788708307.3981638,
bind,nsec3,nonexistent.test-nsec3.example,cold,1575900,3,True,1788708307.4002542,
bind,nsec3,nonexistent.test-nsec3.example,cold,1570700,3,True,1788708307.401853,
bind,nsec3,nonexistent.test-nsec3.example,cold,1579000,3,True,1788708307.4034188,
bind,nsec3,nonexistent.test-nsec3.example,cold,2215100,3,True,1788708307.4057527,
bind,nsec3,nonexistent.test-nsec3.example,cold,1687300,3,True,1788708307.407505,
bind,nsec3,nonexistent.test-nsec3.example,cold,2051000,3,True,1788708307.409274,
bind,nsec3,nonexistent.test-nsec3.example,cold,1997800,3,True,1788708307.411398,
bind,nsec3,nonexistent.test-nsec3.example,cold,1982500,3,True,1788708307.4139197,
bind,nsec3,nonexistent.test-nsec3.example,cold,2270900,3,True,1788708307.4158087,
bind,nsec3,nonexistent.test-nsec3.example,cold,1730300,3,True,1788708307.4180567,
bind,nsec3,nonexistent.test-nsec3.example,cold,1993900,3,True,1788708307.4198132,
bind,nsec3,nonexistent.test-nsec3.example,cold,1903100,3,True,1788708307.4220052,
bind,nsec3,nonexistent.test-nsec3.example,cold,1636600,3,True,1788708307.4236095,
bind,nsec3,nonexistent.test-nsec3.example,cold,1530000,3,True,1788708307.4251816,
bind,nsec3,nonexistent.test-nsec3.example,cold,1569500,3,True,1788708307.4267771,
bind,nsec3,nonexistent.test-nsec3.example,cold,1598100,3,True,1788708307.428332,
bind,nsec3,nonexistent.test-nsec3.example,cold,1443900,3,True,1788708307.4299119,
bind,nsec3,nonexistent.test-nsec3.example,cold,1502300,3,True,1788708307.4314702,
bind,nsec3,nonexistent.test-nsec3.example,cold,1722200,3,True,1788708307.4335644,
bind,nsec3,nonexistent.test-nsec3.example,cold,1720600,3,True,1788708307.4351451,
bind,nsec3,nonexistent.test-nsec3.example,cold,1863500,3,True,1788708307.437361,
bind,nsec3,nonexistent.test-nsec3.example,cold,1796300,3,True,1788708307.4386787,
bind,nsec3,nonexistent.test-nsec3.example,cold,1824800,3,True,1788708307.4410954,
bind,nsec3,nonexistent.test-nsec3.example,cold,1627500,3,True,1788708307.4410954,
bind,nsec3,nonexistent.test-nsec3.example,cold,1608800,3,True,1788708307.4442825,
bind,nsec3,nonexistent.test-nsec3.example,cold,1822200,3,True,1788708307.4461746,
bind,nsec3,nonexistent.test-nsec3.example,cold,1668300,3,True,1788708307.447798,
bind,nsec3,nonexistent.test-nsec3.example,cold,1617600,3,True,1788708307.4493804,
bind,nsec3,nonexistent.test-nsec3.example,cold,1960100,3,True,1788708307.451688,
bind,nsec3,nonexistent.test-nsec3.example,cold,2009500,3,True,1788708307.453851,
bind,nsec3,nonexistent.test-nsec3.example,cold,2229500,3,True,1788708307.4562829,
bind,nsec3,nonexistent.test-nsec3.example,cold,1684800,3,True,1788708307.4579647,
bind,nsec3,nonexistent.test-nsec3.example,cold,1750000,3,True,1788708307.4597058,
bind,nsec3,nonexistent.test-nsec3.example,cold,1599400,3,True,1788708307.4612813,
bind,nsec3,nonexistent.test-nsec3.example,cold,1499200,3,True,1788708307.462862,
bind,nsec3,nonexistent.test-nsec3.example,cold,1441400,3,True,1788708307.4644392,
bind,nsec3,nonexistent.test-nsec3.example,cold,2131500,3,True,1788708307.4668407,
bind,nsec3,nonexistent.test-nsec3.example,cold,1776600,3,True,1788708307.4684854,
bind,nsec3,nonexistent.test-nsec3.example,cold,1833000,3,True,1788708307.470591,
bind,nsec3,nonexistent.test-nsec3.example,cold,1828700,3,True,1788708307.4722636,
bind,nsec3,nonexistent.test-nsec3.example,cold,1678100,3,True,1788708307.4738855,
bind,nsec3,nonexistent.test-nsec3.example,cold,1958700,3,True,1788708307.4760828,
bind,nsec3,nonexistent.test-nsec3.example,cold,1604100,3,True,1788708307.4776905,
bind,nsec3,nonexistent.test-nsec3.example,cold,1505000,3,True,1788708307.4792628,
bind,nsec3,nonexistent.test-nsec3.example,cold,1565400,3,True,1788708307.4808295,
bind,nsec3,nonexistent.test-nsec3.example,cold,1499900,3,True,1788708307.4828045,
bind,nsec3,nonexistent.test-nsec3.example,cold,1530400,3,True,1788708307.4843776,
bind,nsec3,nonexistent.test-nsec3.example,cold,1572700,3,True,1788708307.4859664,
bind,nsec3,nonexistent.test-nsec3.example,cold,1512300,3,True,1788708307.487527,
bind,nsec3,nonexistent.test-nsec3.example,cold,1635800,3,True,1788708307.489106,
bind,nsec3,nonexistent.test-nsec3.example,cold,1468300,3,True,1788708307.4906855,
bind,nsec3,nonexistent.test-nsec3.example,cold,1505400,3,True,1788708307.492282,
bind,nsec3,nonexistent.test-nsec3.example,cold,1616500,3,True,1788708307.493847,
bind,nsec3,nonexistent.test-nsec3.example,cold,1564400,3,True,1788708307.495436,
bind,nsec3,nonexistent.test-nsec3.example,cold,1511100,3,True,1788708307.4970424,
bind,nsec3,nonexistent.test-nsec3.example,cold,1503800,3,True,1788708307.4985995,
bind,nsec3,nonexistent.test-nsec3.example,cold,1553100,3,True,1788708307.5002842,
bind,nsec3,nonexistent.test-nsec3.example,cold,1502000,3,True,1788708307.5018525,
bind,nsec3,nonexistent.test-nsec3.example,cold,1651200,3,True,1788708307.5036166,
bind,nsec3,nonexistent.test-nsec3.example,cold,1424000,3,True,1788708307.5052547,
bind,nsec3,nonexistent.test-nsec3.example,cold,1593500,3,True,1788708307.5068324,
bind,nsec3,nonexistent.test-nsec3.example,cold,1738300,3,True,1788708307.5084178,
bind,nsec3,nonexistent.test-nsec3.example,cold,1589400,3,True,1788708307.5099921,
bind,nsec3,nonexistent.test-nsec3.example,cold,1533300,3,True,1788708307.5121026,
bind,nsec3,nonexistent.test-nsec3.example,cold,2282300,3,True,1788708307.513984,
bind,nsec3,nonexistent.test-nsec3.example,cold,2235100,3,True,1788708307.5167463,
bind,nsec3,nonexistent.test-nsec3.example,cold,2009800,3,True,1788708307.5188575,
bind,nsec3,nonexistent.test-nsec3.example,cold,1929700,3,True,1788708307.5205243,
bind,nsec3,nonexistent.test-nsec3.example,cold,3473200,3,True,1788708307.5242934,
bind,nsec3,nonexistent.test-nsec3.example,cold,1703500,3,True,1788708307.525861,
bind,nsec3,nonexistent.test-nsec3.example,cold,1786100,3,True,1788708307.5280101,
bind,nsec3,nonexistent.test-nsec3.example,cold,1838500,3,True,1788708307.5296342,
bind,nsec3,nonexistent.test-nsec3.example,cold,1973200,3,True,1788708307.5318482,
bind,nsec3,nonexistent.test-nsec3.example,cold,2070300,3,True,1788708307.533939,
bind,nsec3,nonexistent.test-nsec3.example,cold,1985200,3,True,1788708307.5361774,
bind,nsec3,nonexistent.test-nsec3.example,cold,1607100,3,True,1788708307.5377505,
bind,nsec3,nonexistent.test-nsec3.example,cold,1682500,3,True,1788708307.5393255,
bind,nsec3,nonexistent.test-nsec3.example,cold,1483500,3,True,1788708307.540895,
bind,nsec3,nonexistent.test-nsec3.example,cold,1666000,3,True,1788708307.5429807,
bind,nsec3,nonexistent.test-nsec3.example,cold,1914900,3,True,1788708307.5444636,
bind,nsec3,nonexistent.test-nsec3.example,cold,2683200,3,True,1788708307.547596,
bind,nsec3,nonexistent.test-nsec3.example,cold,2682400,3,True,1788708307.5502257,
bind,nsec3,nonexistent.test-nsec3.example,cold,2066100,3,True,1788708307.552211,
bind,nsec3,nonexistent.test-nsec3.example,cold,1618300,3,True,1788708307.5538793,
bind,nsec3,nonexistent.test-nsec3.example,cold,1619300,3,True,1788708307.5559719,
bind,nsec3,nonexistent.test-nsec3.example,cold,1501600,3,True,1788708307.557546,
bind,nsec3,nonexistent.test-nsec3.example,cold,1704300,3,True,1788708307.5592043,
bind,nsec3,nonexistent.test-nsec3.example,cold,1569200,3,True,1788708307.560784,
bind,nsec3,nonexistent.test-nsec3.example,cold,1543300,3,True,1788708307.5623524,
bind,nsec3,nonexistent.test-nsec3.example,cold,1407900,3,True,1788708307.563944,
bind,nsec3,nonexistent.test-nsec3.example,cold,1449600,3,True,1788708307.5655565,
bind,nsec3,nonexistent.test-nsec3.example,cold,1560600,3,True,1788708307.567235,
bind,nsec3,nonexistent.test-nsec3.example,cold,1521300,3,True,1788708307.5688095,
bind,nsec3,nonexistent.test-nsec3.example,cold,1634900,3,True,1788708307.5704355,
bind,nsec3,nonexistent.test-nsec3.example,cold,1555400,3,True,1788708307.5720546,
bind,nsec3,nonexistent.test-nsec3.example,cold,1572600,3,True,1788708307.573621,
bind,nsec3,nonexistent.test-nsec3.example,cold,2141800,3,True,1788708307.5759854,
bind,nsec3,nonexistent.test-nsec3.example,cold,1818100,3,True,1788708307.5776558,
bind,nsec3,nonexistent.test-nsec3.example,cold,2112300,3,True,1788708307.5797732,
bind,nsec3,nonexistent.test-nsec3.example,cold,1820200,3,True,1788708307.581987,
bind,nsec3,nonexistent.test-nsec3.example,cold,2037600,3,True,1788708307.5836618,
bind,nsec3,nonexistent.test-nsec3.example,cold,1826200,3,True,1788708307.585795,
bind,nsec3,nonexistent.test-nsec3.example,cold,2098600,3,True,1788708307.5878918,
bind,nsec3,nonexistent.test-nsec3.example,cold,1927300,3,True,1788708307.5899982,
bind,nsec3,nonexistent.test-nsec3.example,cold,1762000,3,True,1788708307.5915806,
bind,nsec3,nonexistent.test-nsec3.example,cold,1793200,3,True,1788708307.5936873,
bind,nsec3,nonexistent.test-nsec3.example,cold,1643700,3,True,1788708307.5952773,
bind,nsec3,nonexistent.test-nsec3.example,cold,1751200,3,True,1788708307.5973608,
bind,nsec3,nonexistent.test-nsec3.example,cold,2026700,3,True,1788708307.5994537,
bind,nsec3,nonexistent.test-nsec3.example,cold,1628400,3,True,1788708307.6010287,
bind,nsec3,nonexistent.test-nsec3.example,cold,1568000,3,True,1788708307.6026,
bind,nsec3,nonexistent.test-nsec3.example,cold,1523000,3,True,1788708307.6041715,
bind,nsec3,nonexistent.test-nsec3.example,cold,2230600,3,True,1788708307.6065261,
bind,nsec3,nonexistent.test-nsec3.example,cold,12245900,3,True,1788708307.6191077,
bind,nsec3,nonexistent.test-nsec3.example,cold,2332400,3,True,1788708307.6211827,
bind,nsec3,nonexistent.test-nsec3.example,cold,2222300,3,True,1788708307.623727,
bind,nsec3,nonexistent.test-nsec3.example,cold,1995200,3,True,1788708307.6254802,
bind,nsec3,nonexistent.test-nsec3.example,cold,1771200,3,True,1788708307.6276283,
bind,nsec3,nonexistent.test-nsec3.example,cold,1802800,3,True,1788708307.6292348,
bind,nsec3,nonexistent.test-nsec3.example,cold,2098200,3,True,1788708307.6313689,
bind,nsec3,nonexistent.test-nsec3.example,cold,1745200,3,True,1788708307.6335325,
bind,nsec3,nonexistent.test-nsec3.example,cold,1747500,3,True,1788708307.6350877,
bind,nsec3,nonexistent.test-nsec3.example,cold,1639900,3,True,1788708307.6372645,
bind,nsec3,nonexistent.test-nsec3.example,cold,1678100,3,True,1788708307.6388187,
bind,nsec3,nonexistent.test-nsec3.example,cold,1530300,3,True,1788708307.6403952,
bind,nsec3,nonexistent.test-nsec3.example,cold,1621100,3,True,1788708307.6419938,
bind,nsec3,nonexistent.test-nsec3.example,cold,1490300,3,True,1788708307.643568,
bind,nsec3,nonexistent.test-nsec3.example,cold,1502400,3,True,1788708307.6451354,
bind,nsec3,nonexistent.test-nsec3.example,cold,1413400,3,True,1788708307.6467037,
bind,nsec3,nonexistent.test-nsec3.example,cold,1541400,3,True,1788708307.6483026,
bind,nsec3,nonexistent.test-nsec3.example,cold,1589000,3,True,1788708307.649901,
bind,nsec3,nonexistent.test-nsec3.example,cold,1647400,3,True,1788708307.651476,
bind,nsec3,nonexistent.test-nsec3.example,cold,2004200,3,True,1788708307.653771,
bind,nsec3,nonexistent.test-nsec3.example,cold,1767900,3,True,1788708307.6553588,
bind,nsec3,nonexistent.test-nsec3.example,cold,1609200,3,True,1788708307.6574726,
bind,nsec3,nonexistent.test-nsec3.example,cold,1525300,3,True,1788708307.6590436,
bind,nsec3,nonexistent.test-nsec3.example,cold,1576300,3,True,1788708307.6606214,
bind,nsec3,nonexistent.test-nsec3.example,cold,1474900,3,True,1788708307.6622229,
bind,nsec3,nonexistent.test-nsec3.example,cold,1629900,3,True,1788708307.6638196,
bind,nsec3,nonexistent.test-nsec3.example,cold,1843900,3,True,1788708307.665529,
bind,nsec3,nonexistent.test-nsec3.example,cold,1919600,3,True,1788708307.6676955,
bind,nsec3,nonexistent.test-nsec3.example,cold,1633100,3,True,1788708307.6693716,
bind,nsec3,nonexistent.test-nsec3.example,cold,1533200,3,True,1788708307.670965,
bind,nsec3,nonexistent.test-nsec3.example,cold,1532500,3,True,1788708307.6725478,
bind,nsec3,nonexistent.test-nsec3.example,cold,1567900,3,True,1788708307.6741185,
bind,nsec3,nonexistent.test-nsec3.example,cold,1493000,3,True,1788708307.6756904,
bind,nsec3,nonexistent.test-nsec3.example,cold,1340800,3,True,1788708307.6772583,
bind,nsec3,nonexistent.test-nsec3.example,cold,1537800,3,True,1788708307.6788135,
bind,nsec3,nonexistent.test-nsec3.example,cold,1528200,3,True,1788708307.6803849,
bind,nsec3,nonexistent.test-nsec3.example,cold,1608100,3,True,1788708307.6820972,
bind,nsec3,nonexistent.test-nsec3.example,cold,2343200,3,True,1788708307.6845558,
bind,nsec3,nonexistent.test-nsec3.example,cold,1819400,3,True,1788708307.6862397,
bind,nsec3,nonexistent.test-nsec3.example,cold,1687100,3,True,1788708307.6883836,
bind,nsec3,nonexistent.test-nsec3.example,cold,1909100,3,True,1788708307.690047,
bind,nsec3,nonexistent.test-nsec3.example,cold,1682500,3,True,1788708307.6916864,
bind,nsec3,nonexistent.test-nsec3.example,cold,1523400,3,True,1788708307.6932569,
bind,nsec3,nonexistent.test-nsec3.example,cold,1602000,3,True,1788708307.695349,
bind,nsec3,nonexistent.test-nsec3.example,cold,1472100,3,True,1788708307.6969492,
bind,nsec3,nonexistent.test-nsec3.example,cold,1595800,3,True,1788708307.698117,
bind,nsec3,nonexistent.test-nsec3.example,cold,1563100,3,True,1788708307.7002172,
bind,nsec3,nonexistent.test-nsec3.example,cold,1697500,3,True,1788708307.7017822,
bind,nsec3,nonexistent.test-nsec3.example,cold,1648300,3,True,1788708307.7033653,
bind,nsec3,nonexistent.test-nsec3.example,cold,1494100,3,True,1788708307.7049403,
bind,nsec3,nonexistent.test-nsec3.example,cold,1517500,3,True,1788708307.7065058,
bind,nsec3,nonexistent.test-nsec3.example,cold,1419300,3,True,1788708307.70808,
bind,nsec3,nonexistent.test-nsec3.example,cold,1373100,3,True,1788708307.709655,
bind,nsec3,nonexistent.test-nsec3.example,cold,1376800,3,True,1788708307.7112603,
bind,nsec3,nonexistent.test-nsec3.example,cold,1630600,3,True,1788708307.71273,
bind,nsec3,nonexistent.test-nsec3.example,cold,1430400,3,True,1788708307.71273,
bind,nsec3,nonexistent.test-nsec3.example,cold,1488600,3,True,1788708307.7154784,
bind,nsec3,nonexistent.test-nsec3.example,cold,1515000,3,True,1788708307.7154784,
bind,nsec3,nonexistent.test-nsec3.example,cold,1486200,3,True,1788708307.7154784,
bind,nsec3,nonexistent.test-nsec3.example,cold,1487800,3,True,1788708307.7154784,
bind,nsec3,nonexistent.test-nsec3.example,cold,1508700,3,True,1788708307.7218204,
bind,nsec3,nonexistent.test-nsec3.example,cold,1517500,3,True,1788708307.7234108,
bind,nsec3,nonexistent.test-nsec3.example,cold,1527400,3,True,1788708307.724993,
bind,nsec3,nonexistent.test-nsec3.example,cold,1446200,3,True,1788708307.7265677,
bind,nsec3,nonexistent.test-nsec3.example,cold,1541100,3,True,1788708307.728159,
bind,nsec3,nonexistent.test-nsec3.example,cold,1782200,3,True,1788708307.7301304,
bind,nsec3,nonexistent.test-nsec3.example,cold,1715200,3,True,1788708307.7319188,
bind,nsec3,nonexistent.test-nsec3.example,cold,1591600,3,True,1788708307.7334836,
bind,nsec3,nonexistent.test-nsec3.example,cold,1565900,3,True,1788708307.7350552,
bind,nsec3,nonexistent.test-nsec3.example,cold,1748400,3,True,1788708307.7372074,
bind,nsec3,nonexistent.test-nsec3.example,cold,2051800,3,True,1788708307.739468,
bind,nsec3,nonexistent.test-nsec3.example,cold,1614700,3,True,1788708307.7410789,
bind,nsec3,nonexistent.test-nsec3.example,cold,1433700,3,True,1788708307.742653,
bind,nsec3,nonexistent.test-nsec3.example,cold,1446000,3,True,1788708307.7437265,
bind,nsec3,nonexistent.test-nsec3.example,cold,1468900,3,True,1788708307.7453244,
bind,nsec3,nonexistent.test-nsec3.example,cold,1401300,3,True,1788708307.74688,
bind,nsec3,nonexistent.test-nsec3.example,cold,1392300,3,True,1788708307.7484531,
bind,nsec3,nonexistent.test-nsec3.example,cold,1527300,3,True,1788708307.7500238,
bind,nsec3,nonexistent.test-nsec3.example,cold,1649500,3,True,1788708307.751599,
bind,nsec3,nonexistent.test-nsec3.example,cold,1555000,3,True,1788708307.7531955,
bind,nsec3,nonexistent.test-nsec3.example,cold,1439500,3,True,1788708307.7547636,
bind,nsec3,nonexistent.test-nsec3.example,cold,1453700,3,True,1788708307.7564003,
bind,nsec3,nonexistent.test-nsec3.example,cold,1463800,3,True,1788708307.7579634,
bind,nsec3,nonexistent.test-nsec3.example,cold,1532700,3,True,1788708307.7596204,
bind,nsec3,nonexistent.test-nsec3.example,cold,1828400,3,True,1788708307.761323,
bind,nsec3,nonexistent.test-nsec3.example,cold,1573900,3,True,1788708307.7629032,
bind,nsec3,nonexistent.test-nsec3.example,cold,1476000,3,True,1788708307.7644646,
bind,nsec3,nonexistent.test-nsec3.example,cold,1608900,3,True,1788708307.766005,
bind,nsec3,nonexistent.test-nsec3.example,cold,1499300,3,True,1788708307.767588,
bind,nsec3,nonexistent.test-nsec3.example,cold,1441400,3,True,1788708307.769159,
bind,nsec3,nonexistent.test-nsec3.example,cold,1466600,3,True,1788708307.770204,
bind,nsec3,nonexistent.test-nsec3.example,cold,1546700,3,True,1788708307.7726698,
bind,nsec3,nonexistent.test-nsec3.example,cold,1327000,3,True,1788708307.7726698,
bind,nsec3,nonexistent.test-nsec3.example,cold,1648300,3,True,1788708307.7756333,
bind,nsec3,nonexistent.test-nsec3.example,cold,1602800,3,True,1788708307.77735,
bind,nsec3,nonexistent.test-nsec3.example,cold,1513000,3,True,1788708307.778908,
bind,nsec3,nonexistent.test-nsec3.example,cold,1410600,3,True,1788708307.7804778,
bind,nsec3,nonexistent.test-nsec3.example,cold,1408800,3,True,1788708307.7815936,
bind,nsec3,nonexistent.test-nsec3.example,cold,1656400,3,True,1788708307.7836874,
bind,nsec3,nonexistent.test-nsec3.example,cold,1569100,3,True,1788708307.7853668,
bind,nsec3,nonexistent.test-nsec3.example,cold,1500300,3,True,1788708307.786934,
bind,nsec3,nonexistent.test-nsec3.example,cold,1630800,3,True,1788708307.7885077,
bind,nsec3,nonexistent.test-nsec3.example,cold,1442000,3,True,1788708307.7900906,
bind,nsec3,nonexistent.test-nsec3.example,cold,2393600,3,True,1788708307.792235,
bind,nsec3,nonexistent.test-nsec3.example,cold,2453500,3,True,1788708307.7952003,
bind,nsec3,nonexistent.test-nsec3.example,cold,1670700,3,True,1788708307.7968276,
bind,nsec3,nonexistent.test-nsec3.example,cold,1616700,3,True,1788708307.7984543,
bind,nsec3,nonexistent.test-nsec3.example,cold,1726300,3,True,1788708307.8000624,
bind,nsec3,nonexistent.test-nsec3.example,cold,1664500,3,True,1788708307.8017101,
bind,nsec3,nonexistent.test-nsec3.example,cold,1718000,3,True,1788708307.803812,
bind,nsec3,nonexistent.test-nsec3.example,cold,1581300,3,True,1788708307.8054261,
bind,nsec3,nonexistent.test-nsec3.example,cold,2051600,3,True,1788708307.8072493,
bind,nsec3,nonexistent.test-nsec3.example,cold,2066000,3,True,1788708307.809672,
bind,nsec3,nonexistent.test-nsec3.example,cold,1765100,3,True,1788708307.8117678,
bind,nsec3,nonexistent.test-nsec3.example,cold,1623300,3,True,1788708307.8133786,
bind,nsec3,nonexistent.test-nsec3.example,cold,1522300,3,True,1788708307.8150103,
bind,nsec3,nonexistent.test-nsec3.example,cold,1593300,3,True,1788708307.8165932,
bind,nsec3,nonexistent.test-nsec3.example,cold,1544300,3,True,1788708307.8182414,
bind,nsec3,nonexistent.test-nsec3.example,cold,1563800,3,True,1788708307.8197935,
bind,nsec3,nonexistent.test-nsec3.example,cold,1613200,3,True,1788708307.8213131,
bind,nsec3,nonexistent.test-nsec3.example,cold,1653200,3,True,1788708307.8213131,
bind,nsec3,nonexistent.test-nsec3.example,cold,1984800,3,True,1788708307.8241997,
bind,nsec3,nonexistent.test-nsec3.example,cold,1575400,3,True,1788708307.8241997,
bind,nsec3,nonexistent.test-nsec3.example,cold,1403600,3,True,1788708307.8241997,
bind,nsec3,nonexistent.test-nsec3.example,cold,1515900,3,True,1788708307.829818,
bind,nsec3,nonexistent.test-nsec3.example,cold,1652600,3,True,1788708307.8314,
bind,nsec3,nonexistent.test-nsec3.example,cold,1598700,3,True,1788708307.8330982,
bind,nsec3,nonexistent.test-nsec3.example,cold,1585000,3,True,1788708307.835216,
bind,nsec3,nonexistent.test-nsec3.example,cold,1670800,3,True,1788708307.8367712,
bind,nsec3,nonexistent.test-nsec3.example,cold,1514200,3,True,1788708307.8383684,
bind,nsec3,nonexistent.test-nsec3.example,cold,1421100,3,True,1788708307.83992,
bind,nsec3,nonexistent.test-nsec3.example,cold,1463000,3,True,1788708307.8414886,
bind,nsec3,nonexistent.test-nsec3.example,cold,1443700,3,True,1788708307.8430605,
bind,nsec3,nonexistent.test-nsec3.example,cold,1584800,3,True,1788708307.8446758,
bind,nsec3,nonexistent.test-nsec3.example,cold,1515500,3,True,1788708307.8462684,
bind,nsec3,nonexistent.test-nsec3.example,cold,1522100,3,True,1788708307.847845,
bind,nsec3,nonexistent.test-nsec3.example,cold,1519800,3,True,1788708307.8494241,
bind,nsec3,nonexistent.test-nsec3.example,cold,1550500,3,True,1788708307.8510478,
bind,nsec3,nonexistent.test-nsec3.example,cold,1779400,3,True,1788708307.852727,
bind,nsec3,nonexistent.test-nsec3.example,cold,1738900,3,True,1788708307.8543286,
bind,nsec3,nonexistent.test-nsec3.example,cold,2026500,3,True,1788708307.856423,
bind,nsec3,nonexistent.test-nsec3.example,cold,1825400,3,True,1788708307.8586516,
bind,nsec3,nonexistent.test-nsec3.example,cold,1972800,3,True,1788708307.8607557,
bind,nsec3,nonexistent.test-nsec3.example,cold,1891500,3,True,1788708307.8623533,
bind,nsec3,nonexistent.test-nsec3.example,cold,1636900,3,True,1788708307.8644838,
bind,nsec3,nonexistent.test-nsec3.example,cold,1584800,3,True,1788708307.8660498,
bind,nsec3,nonexistent.test-nsec3.example,cold,1947400,3,True,1788708307.8682635,
bind,nsec3,nonexistent.test-nsec3.example,cold,1734100,3,True,1788708307.8697774,
bind,nsec3,nonexistent.test-nsec3.example,cold,1648500,3,True,1788708307.871361,
bind,nsec3,nonexistent.test-nsec3.example,cold,1553500,3,True,1788708307.8730574,
bind,nsec3,nonexistent.test-nsec3.example,cold,1577000,3,True,1788708307.874625,
bind,nsec3,nonexistent.test-nsec3.example,cold,1541100,3,True,1788708307.8762088,
bind,nsec3,nonexistent.test-nsec3.example,cold,1556200,3,True,1788708307.878303,
bind,nsec3,nonexistent.test-nsec3.example,cold,1519600,3,True,1788708307.8798976,
bind,nsec3,nonexistent.test-nsec3.example,cold,1363100,3,True,1788708307.88098,
bind,nsec3,nonexistent.test-nsec3.example,cold,1404800,3,True,1788708307.8825336,
bind,nsec3,nonexistent.test-nsec3.example,cold,1909800,3,True,1788708307.884379,
bind,nsec3,nonexistent.test-nsec3.example,cold,1939100,3,True,1788708307.8864915,
bind,nsec3,nonexistent.test-nsec3.example,cold,1709800,3,True,1788708307.8881037,
bind,nsec3,nonexistent.test-nsec3.example,cold,1823600,3,True,1788708307.8902194,
bind,nsec3,nonexistent.test-nsec3.example,cold,1910700,3,True,1788708307.891975,
bind,nsec3,nonexistent.test-nsec3.example,cold,1594900,3,True,1788708307.8940685,
bind,nsec3,nonexistent.test-nsec3.example,cold,1476600,3,True,1788708307.895636,
bind,nsec3,nonexistent.test-nsec3.example,cold,1505000,3,True,1788708307.8972175,
bind,nsec3,nonexistent.test-nsec3.example,cold,1538300,3,True,1788708307.8989024,
bind,nsec3,nonexistent.test-nsec3.example,cold,1684600,3,True,1788708307.9004726,
bind,nsec3,nonexistent.test-nsec3.example,cold,1353900,3,True,1788708307.902038,
bind,nsec3,nonexistent.test-nsec3.example,cold,1638000,3,True,1788708307.9036033,
bind,nsec3,nonexistent.test-nsec3.example,cold,1634300,3,True,1788708307.9052079,
bind,nsec3,nonexistent.test-nsec3.example,cold,1464400,3,True,1788708307.9068162,
bind,nsec3,nonexistent.test-nsec3.example,cold,1428100,3,True,1788708307.9083927,
bind,nsec3,nonexistent.test-nsec3.example,cold,1477800,3,True,1788708307.9100015,
bind,nsec3,nonexistent.test-nsec3.example,cold,1489600,3,True,1788708307.9115684,
bind,nsec3,nonexistent.test-nsec3.example,cold,1305400,3,True,1788708307.9127183,
bind,nsec3,nonexistent.test-nsec3.example,cold,1509900,3,True,1788708307.9143143,
bind,nsec3,nonexistent.test-nsec3.example,cold,1531900,3,True,1788708307.9159527,
bind,nsec3,nonexistent.test-nsec3.example,cold,1444600,3,True,1788708307.917528,
bind,nsec3,nonexistent.test-nsec3.example,cold,1497700,3,True,1788708307.9191685,
bind,nsec3,nonexistent.test-nsec3.example,cold,1432800,3,True,1788708307.9207277,
bind,nsec3,nonexistent.test-nsec3.example,cold,1393100,3,True,1788708307.9217787,
bind,nsec3,nonexistent.test-nsec3.example,cold,1577000,3,True,1788708307.923359,
bind,nsec3,nonexistent.test-nsec3.example,cold,1543900,3,True,1788708307.9254365,
bind,nsec3,nonexistent.test-nsec3.example,cold,1341800,3,True,1788708307.9264731,
bind,nsec3,nonexistent.test-nsec3.example,cold,1486400,3,True,1788708307.9280322,
bind,nsec3,nonexistent.test-nsec3.example,cold,2102500,3,True,1788708307.930014,
bind,nsec3,nonexistent.test-nsec3.example,cold,1972600,3,True,1788708307.932163,
bind,nsec3,nonexistent.test-nsec3.example,cold,1885200,3,True,1788708307.9343567,
bind,nsec3,nonexistent.test-nsec3.example,cold,1845200,3,True,1788708307.9365158,
bind,nsec3,nonexistent.test-nsec3.example,cold,1776000,3,True,1788708307.938097,
bind,nsec3,nonexistent.test-nsec3.example,cold,1712500,3,True,1788708307.9397259,
bind,nsec3,nonexistent.test-nsec3.example,cold,1814000,3,True,1788708307.9418533,
bind,nsec3,nonexistent.test-nsec3.example,cold,1568500,3,True,1788708307.9434543,
bind,nsec3,nonexistent.test-nsec3.example,cold,1583100,3,True,1788708307.945139,
bind,nsec3,nonexistent.test-nsec3.example,cold,1464200,3,True,1788708307.9467232,
bind,nsec3,nonexistent.test-nsec3.example,cold,1456200,3,True,1788708307.9483185,
bind,nsec3,nonexistent.test-nsec3.example,cold,1607300,3,True,1788708307.9498842,
bind,nsec3,nonexistent.test-nsec3.example,cold,1580800,3,True,1788708307.9514482,
bind,nsec3,nonexistent.test-nsec3.example,cold,1493500,3,True,1788708307.9530287,
bind,nsec3,nonexistent.test-nsec3.example,cold,1477500,3,True,1788708307.9546711,
bind,nsec3,nonexistent.test-nsec3.example,cold,1633200,3,True,1788708307.956245,
bind,nsec3,nonexistent.test-nsec3.example,cold,1497700,3,True,1788708307.957865,
bind,nsec3,nonexistent.test-nsec3.example,cold,1648700,3,True,1788708307.959455,
bind,nsec3,nonexistent.test-nsec3.example,cold,2257400,3,True,1788708307.9620864,
bind,nsec3,nonexistent.test-nsec3.example,cold,1903500,3,True,1788708307.9636667,
bind,nsec3,nonexistent.test-nsec3.example,cold,1458800,3,True,1788708307.9651947,
bind,nsec3,nonexistent.test-nsec3.example,cold,1368400,3,True,1788708307.9651947,
bind,nsec3,nonexistent.test-nsec3.example,cold,1370100,3,True,1788708307.968089,
bind,nsec3,nonexistent.test-nsec3.example,cold,1494600,3,True,1788708307.968089,
bind,nsec3,nonexistent.test-nsec3.example,cold,1448800,3,True,1788708307.968089,
bind,nsec3,nonexistent.test-nsec3.example,cold,1341200,3,True,1788708307.968089,
bind,nsec3,nonexistent.test-nsec3.example,cold,1377100,3,True,1788708307.9734175,
bind,nsec3,nonexistent.test-nsec3.example,cold,1662400,3,True,1788708307.9758573,
bind,nsec3,nonexistent.test-nsec3.example,cold,1512500,3,True,1788708307.9758573,
bind,nsec3,nonexistent.test-nsec3.example,cold,1527900,3,True,1788708307.9758573,
bind,nsec3,nonexistent.test-nsec3.example,cold,1530300,3,True,1788708307.9758573,
bind,nsec3,nonexistent.test-nsec3.example,cold,1533300,3,True,1788708307.9758573,
bind,nsec3,nonexistent.test-nsec3.example,cold,1682200,3,True,1788708307.9839911,
bind,nsec3,nonexistent.test-nsec3.example,cold,1672100,3,True,1788708307.9855647,
bind,nsec3,nonexistent.test-nsec3.example,cold,1619800,3,True,1788708307.9876971,
bind,nsec3,nonexistent.test-nsec3.example,cold,1484300,3,True,1788708307.989266,
bind,nsec3,nonexistent.test-nsec3.example,cold,1513200,3,True,1788708307.9908752,
bind,nsec3,nonexistent.test-nsec3.example,cold,1767900,3,True,1788708307.992166,
bind,nsec3,nonexistent.test-nsec3.example,cold,1814500,3,True,1788708307.994556,
bind,nsec3,nonexistent.test-nsec3.example,cold,1824200,3,True,1788708307.9962096,
bind,nsec3,nonexistent.test-nsec3.example,cold,1901900,3,True,1788708307.998422,
bind,nsec3,nonexistent.test-nsec3.example,cold,1760600,3,True,1788708307.99999,
bind,nsec3,nonexistent.test-nsec3.example,cold,1816200,3,True,1788708308.0017607,
bind,nsec3,nonexistent.test-nsec3.example,cold,5119400,3,True,1788708308.0071163,
bind,nsec3,nonexistent.test-nsec3.example,cold,1860900,3,True,1788708308.0092416,
bind,nsec3,nonexistent.test-nsec3.example,cold,1573800,3,True,1788708308.0108187,
bind,nsec3,nonexistent.test-nsec3.example,cold,1760600,3,True,1788708308.0128994,
bind,nsec3,nonexistent.test-nsec3.example,cold,1478200,3,True,1788708308.0144672,
bind,nsec3,nonexistent.test-nsec3.example,cold,1454100,3,True,1788708308.01601,
bind,nsec3,nonexistent.test-nsec3.example,cold,1662100,3,True,1788708308.0175824,
bind,nsec3,nonexistent.test-nsec3.example,cold,1481900,3,True,1788708308.0191603,
bind,nsec3,nonexistent.test-nsec3.example,cold,1549800,3,True,1788708308.0208094,
bind,nsec3,nonexistent.test-nsec3.example,cold,1502800,3,True,1788708308.0223777,
bind,nsec3,nonexistent.test-nsec3.example,cold,1564800,3,True,1788708308.0239844,
bind,nsec3,nonexistent.test-nsec3.example,cold,1612300,3,True,1788708308.0255947,
bind,nsec3,nonexistent.test-nsec3.example,cold,1482000,3,True,1788708308.027178,
bind,nsec3,nonexistent.test-nsec3.example,cold,1548100,3,True,1788708308.0287704,
bind,nsec3,nonexistent.test-nsec3.example,cold,1454900,3,True,1788708308.0303388,
bind,nsec3,nonexistent.test-nsec3.example,cold,1512100,3,True,1788708308.0319324,
bind,nsec3,nonexistent.test-nsec3.example,cold,1595900,3,True,1788708308.0335155,
bind,nsec3,nonexistent.test-nsec3.example,cold,1626700,3,True,1788708308.03511,
bind,nsec3,nonexistent.test-nsec3.example,cold,1440100,3,True,1788708308.0366452,
bind,nsec3,nonexistent.test-nsec3.example,cold,1610200,3,True,1788708308.0381713,
bind,nsec3,nonexistent.test-nsec3.example,cold,2118000,3,True,1788708308.03971,
bind,nsec3,nonexistent.test-nsec3.example,cold,1907800,3,True,1788708308.0414305,
bind,nsec3,nonexistent.test-nsec3.example,cold,1971200,3,True,1788708308.0414305,
bind,nsec3,nonexistent.test-nsec3.example,cold,1956300,3,True,1788708308.0464334,
bind,nsec3,nonexistent.test-nsec3.example,cold,1773400,3,True,1788708308.0485284,
bind,nsec3,nonexistent.test-nsec3.example,cold,1925400,3,True,1788708308.0506423,
bind,nsec3,nonexistent.test-nsec3.example,cold,1645800,3,True,1788708308.0522048,
bind,nsec3,nonexistent.test-nsec3.example,cold,1566100,3,True,1788708308.0537696,
bind,nsec3,nonexistent.test-nsec3.example,cold,1623200,3,True,1788708308.0553677,
bind,nsec3,nonexistent.test-nsec3.example,cold,1424600,3,True,1788708308.056944,
bind,nsec3,nonexistent.test-nsec3.example,cold,1517600,3,True,1788708308.0585055,
bind,nsec3,nonexistent.test-nsec3.example,cold,1517600,3,True,1788708308.060068,
bind,nsec3,nonexistent.test-nsec3.example,cold,1478600,3,True,1788708308.0617473,
bind,nsec3,nonexistent.test-nsec3.example,cold,1663500,3,True,1788708308.0633373,
bind,nsec3,nonexistent.test-nsec3.example,cold,1594800,3,True,1788708308.0654266,
bind,nsec3,nonexistent.test-nsec3.example,cold,1562200,3,True,1788708308.0665584,
bind,nsec3,nonexistent.test-nsec3.example,cold,1430500,3,True,1788708308.0682669,
bind,nsec3,nonexistent.test-nsec3.example,cold,1615700,3,True,1788708308.0701516,
bind,nsec3,nonexistent.test-nsec3.example,cold,2528900,3,True,1788708308.0726,
bind,nsec3,nonexistent.test-nsec3.example,cold,1623600,3,True,1788708308.074282,
bind,nsec3,nonexistent.test-nsec3.example,cold,1439900,3,True,1788708308.0758505,
bind,nsec3,nonexistent.test-nsec3.example,cold,1479800,3,True,1788708308.077511,
bind,nsec3,nonexistent.test-nsec3.example,cold,1372100,3,True,1788708308.078559,
bind,nsec3,nonexistent.test-nsec3.example,cold,1489400,3,True,1788708308.0801468,
bind,nsec3,nonexistent.test-nsec3.example,cold,1566300,3,True,1788708308.0822403,
bind,nsec3,nonexistent.test-nsec3.example,cold,1577100,3,True,1788708308.083862,
bind,nsec3,nonexistent.test-nsec3.example,cold,1618400,3,True,1788708308.0854597,
bind,nsec3,nonexistent.test-nsec3.example,cold,1611100,3,True,1788708308.0870209,
bind,nsec3,nonexistent.test-nsec3.example,cold,1494700,3,True,1788708308.0886261,
bind,nsec3,nonexistent.test-nsec3.example,cold,1657000,3,True,1788708308.0902226,
bind,nsec3,nonexistent.test-nsec3.example,cold,1480900,3,True,1788708308.091789,
bind,nsec3,nonexistent.test-nsec3.example,cold,1467500,3,True,1788708308.09341,
bind,nsec3,nonexistent.test-nsec3.example,cold,1483400,3,True,1788708308.0949802,
bind,nsec3,nonexistent.test-nsec3.example,cold,1728200,3,True,1788708308.0966554,
bind,nsec3,nonexistent.test-nsec3.example,cold,1496200,3,True,1788708308.0982697,
bind,nsec3,nonexistent.test-nsec3.example,cold,1730700,3,True,1788708308.100352,
bind,nsec3,nonexistent.test-nsec3.example,cold,1815100,3,True,1788708308.1022167,
bind,nsec3,nonexistent.test-nsec3.example,cold,2138100,3,True,1788708308.1044173,
bind,nsec3,nonexistent.test-nsec3.example,cold,1929900,3,True,1788708308.1059976,
bind,nsec3,nonexistent.test-nsec3.example,cold,1796800,3,True,1788708308.1081696,
bind,nsec3,nonexistent.test-nsec3.example,cold,1600300,3,True,1788708308.1098902,
bind,nsec3,nonexistent.test-nsec3.example,cold,1917800,3,True,1788708308.1120343,
bind,nsec3,nonexistent.test-nsec3.example,cold,1636200,3,True,1788708308.1136053,
bind,nsec3,nonexistent.test-nsec3.example,cold,1543400,3,True,1788708308.1151657,
bind,nsec3,nonexistent.test-nsec3.example,cold,1879600,3,True,1788708308.1168153,
bind,nsec3,nonexistent.test-nsec3.example,cold,1583000,3,True,1788708308.1188595,
bind,nsec3,nonexistent.test-nsec3.example,cold,1581900,3,True,1788708308.1204243,
bind,nsec3,nonexistent.test-nsec3.example,cold,1533400,3,True,1788708308.1220243,
bind,nsec3,nonexistent.test-nsec3.example,cold,1579400,3,True,1788708308.1236355,
bind,nsec3,nonexistent.test-nsec3.example,cold,1550500,3,True,1788708308.125202,
bind,nsec3,nonexistent.test-nsec3.example,cold,1510100,3,True,1788708308.1268096,
bind,nsec3,nonexistent.test-nsec3.example,cold,1606400,3,True,1788708308.1283991,
bind,nsec3,nonexistent.test-nsec3.example,cold,2104300,3,True,1788708308.1307626,
bind,nsec3,nonexistent.test-nsec3.example,cold,2052200,3,True,1788708308.1329572,
bind,nsec3,nonexistent.test-nsec3.example,cold,1810700,3,True,1788708308.1345232,
bind,nsec3,nonexistent.test-nsec3.example,cold,1650600,3,True,1788708308.1366792,
bind,nsec3,nonexistent.test-nsec3.example,cold,1826200,3,True,1788708308.1383176,
bind,nsec3,nonexistent.test-nsec3.example,cold,1938300,3,True,1788708308.1404445,
bind,nsec3,nonexistent.test-nsec3.example,cold,1889900,3,True,1788708308.1426187,
bind,nsec3,nonexistent.test-nsec3.example,cold,1924400,3,True,1788708308.1444485,
bind,nsec3,nonexistent.test-nsec3.example,cold,1937200,3,True,1788708308.1465743,
bind,nsec3,nonexistent.test-nsec3.example,cold,2693200,3,True,1788708308.1490102,
bind,nsec3,nonexistent.test-nsec3.example,cold,2186000,3,True,1788708308.151223,
bind,nsec3,nonexistent.test-nsec3.example,cold,2097600,3,True,1788708308.153686,
bind,nsec3,nonexistent.test-nsec3.example,cold,1980500,3,True,1788708308.1556053,
bind,nsec3,nonexistent.test-nsec3.example,cold,2105600,3,True,1788708308.1579227,
bind,nsec3,nonexistent.test-nsec3.example,cold,1989800,3,True,1788708308.1598296,
bind,nsec3,nonexistent.test-nsec3.example,cold,2523700,3,True,1788708308.1626666,
bind,nsec3,nonexistent.test-nsec3.example,cold,2098800,3,True,1788708308.164588,
bind,nsec3,nonexistent.test-nsec3.example,cold,2137100,3,True,1788708308.1668382,
bind,nsec3,nonexistent.test-nsec3.example,cold,1607000,3,True,1788708308.1684053,
bind,nsec3,nonexistent.test-nsec3.example,cold,1540500,3,True,1788708308.1700287,
bind,nsec3,nonexistent.test-nsec3.example,cold,1552100,3,True,1788708308.1721294,
bind,nsec3,nonexistent.test-nsec3.example,cold,1439500,3,True,1788708308.1731794,
bind,nsec3,nonexistent.test-nsec3.example,cold,1469600,3,True,1788708308.1747627,
bind,nsec3,nonexistent.test-nsec3.example,cold,1436600,3,True,1788708308.176336,
bind,nsec3,nonexistent.test-nsec3.example,cold,1593600,3,True,1788708308.1779284,
bind,nsec3,nonexistent.test-nsec3.example,cold,1479800,3,True,1788708308.1794894,
bind,nsec3,nonexistent.test-nsec3.example,cold,1569700,3,True,1788708308.1810746,
bind,nsec3,nonexistent.test-nsec3.example,cold,1472900,3,True,1788708308.1826487,
bind,nsec3,nonexistent.test-nsec3.example,cold,1577000,3,True,1788708308.1847422,
bind,nsec3,nonexistent.test-nsec3.example,cold,1598700,3,True,1788708308.1863296,
bind,nsec3,nonexistent.test-nsec3.example,cold,1565900,3,True,1788708308.187887,
bind,nsec3,nonexistent.test-nsec3.example,cold,1419400,3,True,1788708308.1894588,
bind,nsec3,nonexistent.test-nsec3.example,cold,1471900,3,True,1788708308.1910286,
bind,nsec3,nonexistent.test-nsec3.example,cold,1673500,3,True,1788708308.1925893,
bind,nsec3,nonexistent.test-nsec3.example,cold,1653500,3,True,1788708308.1942253,
bind,nsec3,nonexistent.test-nsec3.example,cold,1481000,3,True,1788708308.1957939,
bind,nsec3,nonexistent.test-nsec3.example,cold,1506200,3,True,1788708308.1974015,
bind,nsec3,nonexistent.test-nsec3.example,cold,1663300,3,True,1788708308.199029,
bind,nsec3,nonexistent.test-nsec3.example,cold,1557400,3,True,1788708308.2006428,
bind,nsec3,nonexistent.test-nsec3.example,cold,1534600,3,True,1788708308.20221,
bind,nsec3,nonexistent.test-nsec3.example,cold,1613300,3,True,1788708308.2043033,
bind,nsec3,nonexistent.test-nsec3.example,cold,1526600,3,True,1788708308.205867,
bind,nsec3,nonexistent.test-nsec3.example,cold,1553200,3,True,1788708308.207433,
bind,nsec3,nonexistent.test-nsec3.example,cold,2415500,3,True,1788708308.2096167,
bind,nsec3,nonexistent.test-nsec3.example,cold,2353200,3,True,1788708308.21247,
bind,nsec3,nonexistent.test-nsec3.example,cold,1910100,3,True,1788708308.2139888,
bind,nsec3,nonexistent.test-nsec3.example,cold,1711600,3,True,1788708308.2139888,
bind,nsec3,nonexistent.test-nsec3.example,cold,2014000,3,True,1788708308.218296,
bind,nsec3,nonexistent.test-nsec3.example,cold,1862600,3,True,1788708308.2199652,
bind,nsec3,nonexistent.test-nsec3.example,cold,1519300,3,True,1788708308.2215388,
bind,nsec3,nonexistent.test-nsec3.example,cold,1818600,3,True,1788708308.2232127,
bind,nsec3,nonexistent.test-nsec3.example,cold,1594000,3,True,1788708308.2249975,
bind,nsec3,nonexistent.test-nsec3.example,cold,1370300,3,True,1788708308.226589,
bind,nsec3,nonexistent.test-nsec3.example,cold,1539200,3,True,1788708308.228155,
bind,nsec3,nonexistent.test-nsec3.example,cold,1478900,3,True,1788708308.22973,
bind,nsec3,nonexistent.test-nsec3.example,cold,1556700,3,True,1788708308.2312956,
bind,nsec3,nonexistent.test-nsec3.example,cold,1545100,3,True,1788708308.232924,
bind,nsec3,nonexistent.test-nsec3.example,cold,1492100,3,True,1788708308.2345247,
bind,nsec3,nonexistent.test-nsec3.example,cold,1528900,3,True,1788708308.2360933,
bind,nsec3,nonexistent.test-nsec3.example,cold,1571800,3,True,1788708308.2376604,
bind,nsec3,nonexistent.test-nsec3.example,cold,1913400,3,True,1788708308.2398443,
bind,nsec3,nonexistent.test-nsec3.example,cold,1623500,3,True,1788708308.241523,
bind,nsec3,nonexistent.test-nsec3.example,cold,1890600,3,True,1788708308.2436361,
bind,nsec3,nonexistent.test-nsec3.example,cold,1894300,3,True,1788708308.2452235,
bind,nsec3,nonexistent.test-nsec3.example,cold,2064300,3,True,1788708308.2474666,
bind,nsec3,nonexistent.test-nsec3.example,cold,1958800,3,True,1788708308.2491927,
bind,nsec3,nonexistent.test-nsec3.example,cold,1491600,3,True,1788708308.2504997,
bind,nsec3,nonexistent.test-nsec3.example,cold,1388900,3,True,1788708308.2516496,
bind,nsec3,nonexistent.test-nsec3.example,cold,1589800,3,True,1788708308.2544737,
bind,nsec3,nonexistent.test-nsec3.example,cold,1588400,3,True,1788708308.2561073,
bind,nsec3,nonexistent.test-nsec3.example,cold,1541300,3,True,1788708308.256622,
bind,nsec3,nonexistent.test-nsec3.example,cold,1403800,3,True,1788708308.2584527,
bind,nsec3,nonexistent.test-nsec3.example,cold,1498200,3,True,1788708308.2584527,
bind,nsec3,nonexistent.test-nsec3.example,cold,1342700,3,True,1788708308.2584527,
bind,nsec3,nonexistent.test-nsec3.example,cold,1428500,3,True,1788708308.2584527,
bind,nsec3,nonexistent.test-nsec3.example,cold,1453800,3,True,1788708308.2584527,
bind,nsec3,nonexistent.test-nsec3.example,cold,1515500,3,True,1788708308.2584527,
bind,nsec3,nonexistent.test-nsec3.example,cold,1584100,3,True,1788708308.2685397,
bind,nsec3,nonexistent.test-nsec3.example,cold,1422800,3,True,1788708308.2695925,
bind,nsec3,nonexistent.test-nsec3.example,cold,2189900,3,True,1788708308.271996,
bind,nsec3,nonexistent.test-nsec3.example,cold,1984800,3,True,1788708308.2743022,
bind,nsec3,nonexistent.test-nsec3.example,cold,2002400,3,True,1788708308.276162,
bind,nsec3,nonexistent.test-nsec3.example,cold,1764900,3,True,1788708308.2783513,
bind,nsec3,nonexistent.test-nsec3.example,cold,1835000,3,True,1788708308.279935,
bind,nsec3,nonexistent.test-nsec3.example,cold,1856400,3,True,1788708308.2820284,
bind,nsec3,nonexistent.test-nsec3.example,cold,1862200,3,True,1788708308.2837148,
bind,nsec3,nonexistent.test-nsec3.example,cold,1694800,3,True,1788708308.2858338,
bind,nsec3,nonexistent.test-nsec3.example,cold,1518200,3,True,1788708308.2873952,
bind,nsec3,nonexistent.test-nsec3.example,cold,1625700,3,True,1788708308.2889686,
bind,nsec3,nonexistent.test-nsec3.example,cold,1509100,3,True,1788708308.290539,
bind,nsec3,nonexistent.test-nsec3.example,cold,1507800,3,True,1788708308.2921228,
bind,nsec3,nonexistent.test-nsec3.example,cold,1405200,3,True,1788708308.293691,
bind,nsec3,nonexistent.test-nsec3.example,cold,1372700,3,True,1788708308.2952719,
bind,nsec3,nonexistent.test-nsec3.example,cold,1553500,3,True,1788708308.2968771,
bind,nsec3,nonexistent.test-nsec3.example,cold,1649700,3,True,1788708308.2984412,
bind,nsec3,nonexistent.test-nsec3.example,cold,1686500,3,True,1788708308.3001602,
bind,nsec3,nonexistent.test-nsec3.example,cold,1811400,3,True,1788708308.3020132,
bind,nsec3,nonexistent.test-nsec3.example,cold,1496400,3,True,1788708308.3035798,
bind,nsec3,nonexistent.test-nsec3.example,cold,1623700,3,True,1788708308.305165,
bind,nsec3,nonexistent.test-nsec3.example,cold,1495800,3,True,1788708308.3067968,
bind,nsec3,nonexistent.test-nsec3.example,cold,1423800,3,True,1788708308.308395,
bind,nsec3,nonexistent.test-nsec3.example,cold,1544200,3,True,1788708308.3099446,
bind,nsec3,nonexistent.test-nsec3.example,cold,1519000,3,True,1788708308.3112798,
bind,nsec3,nonexistent.test-nsec3.example,cold,1342000,3,True,1788708308.3112798,
bind,nsec3,nonexistent.test-nsec3.example,cold,1451400,3,True,1788708308.3140125,
bind,nsec3,nonexistent.test-nsec3.example,cold,1606200,3,True,1788708308.3163943,
bind,nsec3,nonexistent.test-nsec3.example,cold,2044300,3,True,1788708308.3175843,
bind,nsec3,nonexistent.test-nsec3.example,cold,1890800,3,True,1788708308.3193355,
bind,nsec3,nonexistent.test-nsec3.example,cold,1592200,3,True,1788708308.3193355,
bind,nsec3,nonexistent.test-nsec3.example,cold,1751400,3,True,1788708308.3193355,
bind,nsec3,nonexistent.test-nsec3.example,cold,2098000,3,True,1788708308.3193355,
bind,nsec3,nonexistent.test-nsec3.example,cold,2031500,3,True,1788708308.3193355,
bind,nsec3,nonexistent.test-nsec3.example,cold,1556400,3,True,1788708308.329789,
bind,nsec3,nonexistent.test-nsec3.example,cold,1598500,3,True,1788708308.331508,
bind,nsec3,nonexistent.test-nsec3.example,cold,1716500,3,True,1788708308.3331723,
bind,nsec3,nonexistent.test-nsec3.example,cold,1625000,3,True,1788708308.3347347,
bind,nsec3,nonexistent.test-nsec3.example,cold,1506900,3,True,1788708308.336308,
bind,nsec3,nonexistent.test-nsec3.example,cold,1547900,3,True,1788708308.3378875,
bind,nsec3,nonexistent.test-nsec3.example,cold,1746100,3,True,1788708308.339971,
bind,nsec3,nonexistent.test-nsec3.example,cold,1438100,3,True,1788708308.341544,
bind,nsec3,nonexistent.test-nsec3.example,cold,1467700,3,True,1788708308.3431292,
bind,nsec3,nonexistent.test-nsec3.example,cold,1497700,3,True,1788708308.3447492,
bind,nsec3,nonexistent.test-nsec3.example,cold,1430900,3,True,1788708308.345797,
bind,nsec3,nonexistent.test-nsec3.example,cold,1770600,3,True,1788708308.3481314,
bind,nsec3,nonexistent.test-nsec3.example,cold,1829000,3,True,1788708308.349717,
bind,nsec3,nonexistent.test-nsec3.example,cold,1828200,3,True,1788708308.3518655,
bind,nsec3,nonexistent.test-nsec3.example,cold,1629400,3,True,1788708308.3534982,
bind,nsec3,nonexistent.test-nsec3.example,cold,1668100,3,True,1788708308.3550813,
bind,nsec3,nonexistent.test-nsec3.example,cold,1590900,3,True,1788708308.3566587,
bind,nsec3,nonexistent.test-nsec3.example,cold,1395600,3,True,1788708308.358213,
bind,nsec3,nonexistent.test-nsec3.example,cold,1505900,3,True,1788708308.3597958,
bind,nsec3,nonexistent.test-nsec3.example,cold,1352200,3,True,1788708308.361381,
bind,nsec3,nonexistent.test-nsec3.example,cold,1377700,3,True,1788708308.362948,
bind,nsec3,nonexistent.test-nsec3.example,cold,1575000,3,True,1788708308.3645005,
bind,nsec3,nonexistent.test-nsec3.example,cold,1638900,3,True,1788708308.366133,
bind,nsec3,nonexistent.test-nsec3.example,cold,1480700,3,True,1788708308.367699,
bind,nsec3,nonexistent.test-nsec3.example,cold,1433600,3,True,1788708308.3692663,
bind,nsec3,nonexistent.test-nsec3.example,cold,2943700,3,True,1788708308.3724482,
bind,nsec3,nonexistent.test-nsec3.example,cold,5448200,3,True,1788708308.377841,
bind,nsec3,nonexistent.test-nsec3.example,cold,3067800,3,True,1788708308.3809257,
bind,nsec3,nonexistent.test-nsec3.example,cold,2501200,3,True,1788708308.3836918,
bind,nsec3,nonexistent.test-nsec3.example,cold,1732400,3,True,1788708308.3853645,
bind,nsec3,nonexistent.test-nsec3.example,cold,1600100,3,True,1788708308.386976,
bind,nsec3,nonexistent.test-nsec3.example,cold,1711500,3,True,1788708308.3886576,
bind,nsec3,nonexistent.test-nsec3.example,cold,2003800,3,True,1788708308.3908706,
bind,nsec3,nonexistent.test-nsec3.example,cold,1527500,3,True,1788708308.3924437,
bind,nsec3,nonexistent.test-nsec3.example,cold,1744500,3,True,1788708308.3942027,
bind,nsec3,nonexistent.test-nsec3.example,cold,1552800,3,True,1788708308.3957832,
bind,nsec3,nonexistent.test-nsec3.example,cold,1580800,3,True,1788708308.397346,
bind,nsec3,nonexistent.test-nsec3.example,cold,1373900,3,True,1788708308.3989117,
bind,nsec3,nonexistent.test-nsec3.example,cold,1666100,3,True,1788708308.400831,
bind,nsec3,nonexistent.test-nsec3.example,cold,1436900,3,True,1788708308.4023848,
bind,nsec3,nonexistent.test-nsec3.example,cold,1461400,3,True,1788708308.4039536,
bind,nsec3,nonexistent.test-nsec3.example,cold,1635300,3,True,1788708308.4055285,
bind,nsec3,nonexistent.test-nsec3.example,cold,1583900,3,True,1788708308.407104,
bind,nsec3,nonexistent.test-nsec3.example,cold,1801200,3,True,1788708308.4087944,
bind,nsec3,nonexistent.test-nsec3.example,cold,1656000,3,True,1788708308.4104583,
bind,nsec3,nonexistent.test-nsec3.example,cold,3007500,3,True,1788708308.4135988,
bind,nsec3,nonexistent.test-nsec3.example,cold,1566700,3,True,1788708308.4151988,
bind,nsec3,nonexistent.test-nsec3.example,cold,1542500,3,True,1788708308.4167874,
bind,nsec3,nonexistent.test-nsec3.example,cold,1548300,3,True,1788708308.41887,
bind,nsec3,nonexistent.test-nsec3.example,cold,1499300,3,True,1788708308.4204335,
bind,nsec3,nonexistent.test-nsec3.example,cold,1630900,3,True,1788708308.4220054,
bind,nsec3,nonexistent.test-nsec3.example,cold,1589600,3,True,1788708308.4235823,
bind,nsec3,nonexistent.test-nsec3.example,cold,2628600,3,True,1788708308.426044,
bind,nsec3,nonexistent.test-nsec3.example,cold,2531700,3,True,1788708308.4286406,
bind,nsec3,nonexistent.test-nsec3.example,cold,2077100,3,True,1788708308.43101,
bind,nsec3,nonexistent.test-nsec3.example,cold,2179500,3,True,1788708308.4335425,
bind,nsec3,nonexistent.test-nsec3.example,cold,2630900,3,True,1788708308.4358134,
bind,nsec3,nonexistent.test-nsec3.example,cold,1727100,3,True,1788708308.4379559,
bind,nsec3,nonexistent.test-nsec3.example,cold,1664300,3,True,1788708308.4395366,
bind,nsec3,nonexistent.test-nsec3.example,cold,1557100,3,True,1788708308.441098,
bind,nsec3,nonexistent.test-nsec3.example,cold,1541000,3,True,1788708308.442664,
bind,nsec3,nonexistent.test-nsec3.example,cold,1544900,3,True,1788708308.4442427,
bind,nsec3,nonexistent.test-nsec3.example,cold,1472200,3,True,1788708308.4458098,
bind,nsec3,nonexistent.test-nsec3.example,cold,1566500,3,True,1788708308.447389,
bind,nsec3,nonexistent.test-nsec3.example,cold,1516500,3,True,1788708308.4489946,
bind,nsec3,nonexistent.test-nsec3.example,cold,1655500,3,True,1788708308.4511347,
bind,nsec3,nonexistent.test-nsec3.example,cold,1562900,3,True,1788708308.4527323,
bind,nsec3,nonexistent.test-nsec3.example,cold,1562500,3,True,1788708308.4542987,
bind,nsec3,nonexistent.test-nsec3.example,cold,1919800,3,True,1788708308.4559796,
bind,nsec3,nonexistent.test-nsec3.example,cold,1998200,3,True,1788708308.4581804,
bind,nsec3,nonexistent.test-nsec3.example,cold,1620600,3,True,1788708308.4597719,
bind,nsec3,nonexistent.test-nsec3.example,cold,1424800,3,True,1788708308.4614253,
bind,nsec3,nonexistent.test-nsec3.example,cold,1448500,3,True,1788708308.4630148,
bind,nsec3,nonexistent.test-nsec3.example,cold,1554600,3,True,1788708308.4645958,
bind,nsec3,nonexistent.test-nsec3.example,cold,1703000,3,True,1788708308.466203,
bind,nsec3,nonexistent.test-nsec3.example,cold,1633200,3,True,1788708308.4683192,
bind,nsec3,nonexistent.test-nsec3.example,cold,1414000,3,True,1788708308.4693625,
bind,nsec3,nonexistent.test-nsec3.example,cold,2674600,3,True,1788708308.4725587,
bind,nsec3,nonexistent.test-nsec3.example,cold,1659600,3,True,1788708308.4741614,
bind,nsec3,nonexistent.test-nsec3.example,cold,1480800,3,True,1788708308.4757192,
bind,nsec3,nonexistent.test-nsec3.example,cold,1546800,3,True,1788708308.4772818,
bind,nsec3,nonexistent.test-nsec3.example,cold,1425300,3,True,1788708308.4788635,
bind,nsec3,nonexistent.test-nsec3.example,cold,1541900,3,True,1788708308.480449,
bind,nsec3,nonexistent.test-nsec3.example,cold,1462000,3,True,1788708308.4820256,
bind,nsec3,nonexistent.test-nsec3.example,cold,1551700,3,True,1788708308.4836133,
bind,nsec3,nonexistent.test-nsec3.example,cold,1657400,3,True,1788708308.4852388,
bind,nsec3,nonexistent.test-nsec3.example,cold,2589600,3,True,1788708308.488104,
bind,nsec3,nonexistent.test-nsec3.example,cold,2175200,3,True,1788708308.4899385,
bind,nsec3,nonexistent.test-nsec3.example,cold,1835600,3,True,1788708308.492185,
bind,nsec3,nonexistent.test-nsec3.example,cold,1890000,3,True,1788708308.4937847,
bind,nsec3,nonexistent.test-nsec3.example,cold,1730600,3,True,1788708308.4959552,
bind,nsec3,nonexistent.test-nsec3.example,cold,1650200,3,True,1788708308.4975615,
bind,nsec3,nonexistent.test-nsec3.example,cold,1340000,3,True,1788708308.4991179,
bind,nsec3,nonexistent.test-nsec3.example,cold,1567900,3,True,1788708308.50069,
bind,nsec3,nonexistent.test-nsec3.example,cold,1528200,3,True,1788708308.5023086,
bind,nsec3,nonexistent.test-nsec3.example,cold,1553300,3,True,1788708308.5033462,
bind,nsec3,nonexistent.test-nsec3.example,cold,1651900,3,True,1788708308.505716,
bind,nsec3,nonexistent.test-nsec3.example,cold,1586900,3,True,1788708308.505716,
bind,nsec3,nonexistent.test-nsec3.example,cold,1499500,3,True,1788708308.5083034,
bind,nsec3,nonexistent.test-nsec3.example,cold,1488400,3,True,1788708308.5083034,
bind,nsec3,nonexistent.test-nsec3.example,cold,1495700,3,True,1788708308.5083034,
bind,nsec3,nonexistent.test-nsec3.example,cold,1490100,3,True,1788708308.5134866,
bind,nsec3,nonexistent.test-nsec3.example,cold,1587800,3,True,1788708308.5151808,
bind,nsec3,nonexistent.test-nsec3.example,cold,1737600,3,True,1788708308.5167668,
bind,nsec3,nonexistent.test-nsec3.example,cold,2147500,3,True,1788708308.5189886,
bind,nsec3,nonexistent.test-nsec3.example,cold,2234000,3,True,1788708308.5212753,
bind,nsec3,nonexistent.test-nsec3.example,cold,1872300,3,True,1788708308.5234122,
bind,nsec3,nonexistent.test-nsec3.example,cold,1808800,3,True,1788708308.5255256,
bind,nsec3,nonexistent.test-nsec3.example,cold,1621400,3,True,1788708308.5271301,
bind,nsec3,nonexistent.test-nsec3.example,cold,1371100,3,True,1788708308.5286853,
bind,nsec3,nonexistent.test-nsec3.example,cold,1516400,3,True,1788708308.5302465,
bind,nsec3,nonexistent.test-nsec3.example,cold,1544300,3,True,1788708308.531838,
bind,nsec3,nonexistent.test-nsec3.example,cold,1696900,3,True,1788708308.5335274,
bind,nsec3,nonexistent.test-nsec3.example,cold,1578900,3,True,1788708308.5350978,
bind,nsec3,nonexistent.test-nsec3.example,cold,1598500,3,True,1788708308.5366828,
bind,nsec3,nonexistent.test-nsec3.example,cold,1642000,3,True,1788708308.538265,
bind,nsec3,nonexistent.test-nsec3.example,cold,1483900,3,True,1788708308.5398722,
bind,nsec3,nonexistent.test-nsec3.example,cold,1471600,3,True,1788708308.5414748,
bind,nsec3,nonexistent.test-nsec3.example,cold,1520300,3,True,1788708308.543116,
bind,nsec3,nonexistent.test-nsec3.example,cold,1526800,3,True,1788708308.5441396,
bind,nsec3,nonexistent.test-nsec3.example,cold,1454700,3,True,1788708308.5456681,
bind,nsec3,nonexistent.test-nsec3.example,cold,1662200,3,True,1788708308.5456681,
bind,nsec3,nonexistent.test-nsec3.example,cold,2376100,3,True,1788708308.5506322,
bind,nsec3,nonexistent.test-nsec3.example,cold,2393900,3,True,1788708308.5521545,
bind,nsec3,nonexistent.test-nsec3.example,cold,2056600,3,True,1788708308.5548983,
bind,nsec3,nonexistent.test-nsec3.example,cold,1848800,3,True,1788708308.55703,
bind,nsec3,nonexistent.test-nsec3.example,cold,1758400,3,True,1788708308.5586865,
bind,nsec3,nonexistent.test-nsec3.example,cold,1494600,3,True,1788708308.560271,
bind,nsec3,nonexistent.test-nsec3.example,cold,1587300,3,True,1788708308.5618439,
bind,nsec3,nonexistent.test-nsec3.example,cold,1458300,3,True,1788708308.563403,
bind,nsec3,nonexistent.test-nsec3.example,cold,1929600,3,True,1788708308.5656333,
bind,nsec3,nonexistent.test-nsec3.example,cold,1636600,3,True,1788708308.5672035,
bind,nsec3,nonexistent.test-nsec3.example,cold,1542000,3,True,1788708308.5688052,
bind,nsec3,nonexistent.test-nsec3.example,cold,1485200,3,True,1788708308.5703945,
bind,nsec3,nonexistent.test-nsec3.example,cold,1493700,3,True,1788708308.5719638,
bind,nsec3,nonexistent.test-nsec3.example,cold,1636400,3,True,1788708308.5736153,
bind,nsec3,nonexistent.test-nsec3.example,cold,1517400,3,True,1788708308.5751882,
bind,nsec3,nonexistent.test-nsec3.example,cold,1701800,3,True,1788708308.576978,
bind,nsec3,nonexistent.test-nsec3.example,cold,1467200,3,True,1788708308.578568,
bind,nsec3,nonexistent.test-nsec3.example,cold,2362700,3,True,1788708308.5810041,
bind,nsec3,nonexistent.test-nsec3.example,cold,1975200,3,True,1788708308.5827496,
bind,nsec3,nonexistent.test-nsec3.example,cold,2210900,3,True,1788708308.5855212,
bind,nsec3,nonexistent.test-nsec3.example,cold,1880700,3,True,1788708308.5871115,
bind,nsec3,nonexistent.test-nsec3.example,cold,1826900,3,True,1788708308.5892224,
bind,nsec3,nonexistent.test-nsec3.example,cold,1880400,3,True,1788708308.591329,
bind,nsec3,nonexistent.test-nsec3.example,cold,1778400,3,True,1788708308.592981,
bind,nsec3,nonexistent.test-nsec3.example,cold,1858200,3,True,1788708308.5950682,
bind,nsec3,nonexistent.test-nsec3.example,cold,1507200,3,True,1788708308.5966344,
bind,nsec3,nonexistent.test-nsec3.example,cold,1616300,3,True,1788708308.59829,
bind,nsec3,nonexistent.test-nsec3.example,cold,1773600,3,True,1788708308.6003911,
bind,nsec3,nonexistent.test-nsec3.example,cold,2939900,3,True,1788708308.6030104,
bind,nsec3,nonexistent.test-nsec3.example,cold,1699300,3,True,1788708308.6051865,
bind,nsec3,nonexistent.test-nsec3.example,cold,1360400,3,True,1788708308.606228,
bind,nsec3,nonexistent.test-nsec3.example,cold,1624700,3,True,1788708308.608322,
bind,nsec3,nonexistent.test-nsec3.example,cold,1649200,3,True,1788708308.609961,
bind,nsec3,nonexistent.test-nsec3.example,cold,1622600,3,True,1788708308.6115596,
bind,nsec3,nonexistent.test-nsec3.example,cold,1427300,3,True,1788708308.613151,
bind,nsec3,nonexistent.test-nsec3.example,cold,1552200,3,True,1788708308.6147323,
bind,nsec3,nonexistent.test-nsec3.example,cold,1645700,3,True,1788708308.6162915,
bind,nsec3,nonexistent.test-nsec3.example,cold,1874200,3,True,1788708308.618402,
bind,nsec3,nonexistent.test-nsec3.example,cold,1402300,3,True,1788708308.6199603,
bind,nsec3,nonexistent.test-nsec3.example,cold,1471400,3,True,1788708308.6211054,
bind,nsec3,nonexistent.test-nsec3.example,cold,1590800,3,True,1788708308.6231809,
bind,nsec3,nonexistent.test-nsec3.example,cold,1590400,3,True,1788708308.6247451,
bind,nsec3,nonexistent.test-nsec3.example,cold,5627400,3,True,1788708308.6304471,
bind,nsec3,nonexistent.test-nsec3.example,cold,3813600,3,True,1788708308.6343,
bind,nsec3,nonexistent.test-nsec3.example,cold,3711900,3,True,1788708308.6378725,
bind,nsec3,nonexistent.test-nsec3.example,cold,2304900,3,True,1788708308.6403732,
bind,nsec3,nonexistent.test-nsec3.example,cold,3228600,3,True,1788708308.643844,
bind,nsec3,nonexistent.test-nsec3.example,cold,2200900,3,True,1788708308.6460655,
bind,nsec3,nonexistent.test-nsec3.example,cold,1555100,3,True,1788708308.6476436,
bind,nsec3,nonexistent.test-nsec3.example,cold,1743000,3,True,1788708308.6493104,
bind,nsec3,nonexistent.test-nsec3.example,cold,1526900,3,True,1788708308.6508782,
bind,nsec3,nonexistent.test-nsec3.example,cold,1617300,3,True,1788708308.6529577,
bind,nsec3,nonexistent.test-nsec3.example,cold,1525600,3,True,1788708308.6545167,
bind,nsec3,nonexistent.test-nsec3.example,cold,1667800,3,True,1788708308.6562107,
bind,nsec3,nonexistent.test-nsec3.example,cold,1506200,3,True,1788708308.657761,
bind,nsec3,nonexistent.test-nsec3.example,cold,1533400,3,True,1788708308.6593735,
bind,nsec3,nonexistent.test-nsec3.example,cold,1524900,3,True,1788708308.6609805,
bind,nsec3,nonexistent.test-nsec3.example,cold,1459500,3,True,1788708308.662569,
bind,nsec3,nonexistent.test-nsec3.example,cold,1809300,3,True,1788708308.6642673,
bind,nsec3,nonexistent.test-nsec3.example,cold,1554800,3,True,1788708308.665836,
bind,nsec3,nonexistent.test-nsec3.example,cold,1593600,3,True,1788708308.6668532,
bind,nsec3,nonexistent.test-nsec3.example,cold,1453200,3,True,1788708308.6684504,
bind,nsec3,nonexistent.test-nsec3.example,cold,1658200,3,True,1788708308.6684504,
bind,nsec3,nonexistent.test-nsec3.example,cold,1903600,3,True,1788708308.671257,
bind,nsec3,nonexistent.test-nsec3.example,cold,1904400,3,True,1788708308.6746087,
bind,nsec3,nonexistent.test-nsec3.example,cold,1838400,3,True,1788708308.6746087,
bind,nsec3,nonexistent.test-nsec3.example,cold,1514600,3,True,1788708308.6770308,
bind,nsec3,nonexistent.test-nsec3.example,cold,1539000,3,True,1788708308.6770308,
bind,nsec3,nonexistent.test-nsec3.example,cold,1524200,3,True,1788708308.6770308,
bind,nsec3,nonexistent.test-nsec3.example,cold,1595200,3,True,1788708308.6770308,
bind,nsec3,nonexistent.test-nsec3.example,cold,1542300,3,True,1788708308.6770308,
bind,nsec3,nonexistent.test-nsec3.example,cold,1408900,3,True,1788708308.6770308,
bind,nsec3,nonexistent.test-nsec3.example,cold,1525800,3,True,1788708308.687928,
bind,nsec3,nonexistent.test-nsec3.example,cold,1521700,3,True,1788708308.689522,
bind,nsec3,nonexistent.test-nsec3.example,cold,1534000,3,True,1788708308.691089,
bind,nsec3,nonexistent.test-nsec3.example,cold,1640500,3,True,1788708308.6927497,
bind,nsec3,nonexistent.test-nsec3.example,cold,1645400,3,True,1788708308.6943152,
bind,nsec3,nonexistent.test-nsec3.example,cold,1557300,3,True,1788708308.6959243,
bind,nsec3,nonexistent.test-nsec3.example,cold,1663100,3,True,1788708308.697494,
bind,nsec3,nonexistent.test-nsec3.example,cold,1790500,3,True,1788708308.6996245,
bind,nsec3,nonexistent.test-nsec3.example,cold,1474800,3,True,1788708308.7012396,
bind,nsec3,nonexistent.test-nsec3.example,cold,1638500,3,True,1788708308.7028298,
bind,nsec3,nonexistent.test-nsec3.example,cold,1952600,3,True,1788708308.7050278,
bind,nsec3,nonexistent.test-nsec3.example,cold,1436200,3,True,1788708308.7060964,
bind,nsec3,nonexistent.test-nsec3.example,cold,1515600,3,True,1788708308.7081783,
bind,nsec3,nonexistent.test-nsec3.example,cold,1482600,3,True,1788708308.7097452,
bind,nsec3,nonexistent.test-nsec3.example,cold,1802800,3,True,1788708308.7113235,
bind,nsec3,nonexistent.test-nsec3.example,cold,1529900,3,True,1788708308.712888,
bind,nsec3,nonexistent.test-nsec3.example,cold,1574500,3,True,1788708308.7144413,
bind,nsec3,nonexistent.test-nsec3.example,cold,1687500,3,True,1788708308.7165697,
bind,nsec3,nonexistent.test-nsec3.example,cold,1491200,3,True,1788708308.7181373,
bind,nsec3,nonexistent.test-nsec3.example,cold,1918900,3,True,1788708308.719764,
bind,nsec3,nonexistent.test-nsec3.example,cold,2130000,3,True,1788708308.7222118,
bind,nsec3,nonexistent.test-nsec3.example,cold,1898300,3,True,1788708308.7243853,
bind,nsec3,nonexistent.test-nsec3.example,cold,1938200,3,True,1788708308.7260659,
bind,nsec3,nonexistent.test-nsec3.example,cold,2031500,3,True,1788708308.728342,
bind,nsec3,nonexistent.test-nsec3.example,cold,1789100,3,True,1788708308.730113,
bind,nsec3,nonexistent.test-nsec3.example,cold,1584900,3,True,1788708308.7316902,
bind,nsec3,nonexistent.test-nsec3.example,cold,1923900,3,True,1788708308.733632,
bind,nsec3,nonexistent.test-nsec3.example,cold,2125500,3,True,1788708308.7360046,
bind,nsec3,nonexistent.test-nsec3.example,cold,2103400,3,True,1788708308.738213,
bind,nsec3,nonexistent.test-nsec3.example,cold,1790000,3,True,1788708308.739976,
bind,nsec3,nonexistent.test-nsec3.example,cold,1777000,3,True,1788708308.742158,
bind,nsec3,nonexistent.test-nsec3.example,cold,14068700,3,True,1788708308.7559752,
bind,nsec3,nonexistent.test-nsec3.example,cold,1812100,3,True,1788708308.758064,
bind,nsec3,nonexistent.test-nsec3.example,cold,1544000,3,True,1788708308.7596889,
bind,nsec3,nonexistent.test-nsec3.example,cold,1460500,3,True,1788708308.761235,
bind,nsec3,nonexistent.test-nsec3.example,cold,1422600,3,True,1788708308.7628095,
bind,nsec3,nonexistent.test-nsec3.example,cold,1648000,3,True,1788708308.764395,
bind,nsec3,nonexistent.test-nsec3.example,cold,2227600,3,True,1788708308.7664957,
bind,nsec3,nonexistent.test-nsec3.example,cold,2255800,3,True,1788708308.7690449,
bind,nsec3,nonexistent.test-nsec3.example,cold,1934200,3,True,1788708308.7712412,
bind,nsec3,nonexistent.test-nsec3.example,cold,1983500,3,True,1788708308.7733529,
bind,nsec3,nonexistent.test-nsec3.example,cold,1891200,3,True,1788708308.7749195,
bind,nsec3,nonexistent.test-nsec3.example,cold,1725400,3,True,1788708308.7770433,
bind,nsec3,nonexistent.test-nsec3.example,cold,1627300,3,True,1788708308.778626,
bind,nsec3,nonexistent.test-nsec3.example,cold,1595600,3,True,1788708308.7802172,
bind,nsec3,nonexistent.test-nsec3.example,cold,1741000,3,True,1788708308.7823112,
bind,nsec3,nonexistent.test-nsec3.example,cold,1763500,3,True,1788708308.7838979,
bind,nsec3,nonexistent.test-nsec3.example,cold,1510800,3,True,1788708308.7854846,
bind,nsec3,nonexistent.test-nsec3.example,cold,1418700,3,True,1788708308.786504,
bind,nsec3,nonexistent.test-nsec3.example,cold,1529600,3,True,1788708308.788109,
bind,nsec3,nonexistent.test-nsec3.example,cold,1478800,3,True,1788708308.788109,
bind,nsec3,nonexistent.test-nsec3.example,cold,1514700,3,True,1788708308.7907395,
bind,nsec3,nonexistent.test-nsec3.example,cold,1430100,3,True,1788708308.7907395,
bind,nsec3,nonexistent.test-nsec3.example,cold,1462800,3,True,1788708308.7907395,
bind,nsec3,nonexistent.test-nsec3.example,cold,1731700,3,True,1788708308.7966201,
bind,nsec3,nonexistent.test-nsec3.example,cold,1527000,3,True,1788708308.7982144,
bind,nsec3,nonexistent.test-nsec3.example,cold,1499100,3,True,1788708308.7997916,
bind,nsec3,nonexistent.test-nsec3.example,cold,1533000,3,True,1788708308.8013604,
bind,nsec3,nonexistent.test-nsec3.example,cold,1584400,3,True,1788708308.8029912,
bind,nsec3,nonexistent.test-nsec3.example,cold,1708600,3,True,1788708308.8045707,
bind,nsec3,nonexistent.test-nsec3.example,cold,1821200,3,True,1788708308.8067615,
bind,nsec3,nonexistent.test-nsec3.example,cold,1599600,3,True,1788708308.8083274,
bind,nsec3,nonexistent.test-nsec3.example,cold,1537200,3,True,1788708308.8099046,
bind,nsec3,nonexistent.test-nsec3.example,cold,4048400,3,True,1788708308.8137605,
bind,nsec3,nonexistent.test-nsec3.example,cold,3492900,3,True,1788708308.817757,
bind,nsec3,nonexistent.test-nsec3.example,cold,2376100,3,True,1788708308.8201523,
bind,nsec3,nonexistent.test-nsec3.example,cold,1726600,3,True,1788708308.821725,
bind,nsec3,nonexistent.test-nsec3.example,cold,1895300,3,True,1788708308.8239226,
bind,nsec3,nonexistent.test-nsec3.example,cold,1833200,3,True,1788708308.825512,
bind,nsec3,nonexistent.test-nsec3.example,cold,1728200,3,True,1788708308.8276923,
bind,nsec3,nonexistent.test-nsec3.example,cold,1497400,3,True,1788708308.829261,
bind,nsec3,nonexistent.test-nsec3.example,cold,1464000,3,True,1788708308.830844,
bind,nsec3,nonexistent.test-nsec3.example,cold,1506900,3,True,1788708308.8324103,
bind,nsec3,nonexistent.test-nsec3.example,cold,1735300,3,True,1788708308.8340414,
bind,nsec3,nonexistent.test-nsec3.example,cold,1623200,3,True,1788708308.8356185,
bind,nsec3,nonexistent.test-nsec3.example,cold,1702000,3,True,1788708308.837693,
bind,nsec3,nonexistent.test-nsec3.example,cold,1500900,3,True,1788708308.8392816,
bind,nsec3,nonexistent.test-nsec3.example,cold,1465400,3,True,1788708308.8403413,
bind,nsec3,nonexistent.test-nsec3.example,cold,1594500,3,True,1788708308.842487,
bind,nsec3,nonexistent.test-nsec3.example,cold,1497100,3,True,1788708308.844059,
bind,nsec3,nonexistent.test-nsec3.example,cold,1491300,3,True,1788708308.8451722,
bind,nsec3,nonexistent.test-nsec3.example,cold,1522500,3,True,1788708308.8467386,
bind,nsec3,nonexistent.test-nsec3.example,cold,1445500,3,True,1788708308.848329,
bind,nsec3,nonexistent.test-nsec3.example,cold,1653600,3,True,1788708308.8499591,
bind,nsec3,nonexistent.test-nsec3.example,cold,2109200,3,True,1788708308.8525593,
bind,nsec3,nonexistent.test-nsec3.example,cold,1553100,3,True,1788708308.8541236,
bind,nsec3,nonexistent.test-nsec3.example,cold,1580100,3,True,1788708308.8556907,
bind,nsec3,nonexistent.test-nsec3.example,cold,1484600,3,True,1788708308.8572593,
bind,nsec3,nonexistent.test-nsec3.example,cold,2122300,3,True,1788708308.8591957,
bind,nsec3,nonexistent.test-nsec3.example,cold,1984200,3,True,1788708308.8613207,
bind,nsec3,nonexistent.test-nsec3.example,cold,2017100,3,True,1788708308.863487,
bind,nsec3,nonexistent.test-nsec3.example,cold,1886600,3,True,1788708308.8656828,
bind,nsec3,nonexistent.test-nsec3.example,cold,1817800,3,True,1788708308.867281,
bind,nsec3,nonexistent.test-nsec3.example,cold,1786800,3,True,1788708308.8694284,
bind,nsec3,nonexistent.test-nsec3.example,cold,1594900,3,True,1788708308.8710473,
bind,nsec3,nonexistent.test-nsec3.example,cold,1594300,3,True,1788708308.8726633,
bind,nsec3,nonexistent.test-nsec3.example,cold,1576000,3,True,1788708308.8743289,
bind,nsec3,nonexistent.test-nsec3.example,cold,1448400,3,True,1788708308.8759024,
bind,nsec3,nonexistent.test-nsec3.example,cold,1454400,3,True,1788708308.8774688,
bind,nsec3,nonexistent.test-nsec3.example,cold,1491900,3,True,1788708308.8784893,
bind,nsec3,nonexistent.test-nsec3.example,cold,1533300,3,True,1788708308.8800182,
bind,nsec3,nonexistent.test-nsec3.example,cold,1496500,3,True,1788708308.8800182,
bind,nsec3,nonexistent.test-nsec3.example,cold,1636300,3,True,1788708308.882651,
bind,nsec3,nonexistent.test-nsec3.example,cold,1369100,3,True,1788708308.882651,
bind,nsec3,nonexistent.test-nsec3.example,cold,1639500,3,True,1788708308.882651,
bind,nsec3,nonexistent.test-nsec3.example,cold,1644500,3,True,1788708308.888271,
bind,nsec3,nonexistent.test-nsec3.example,cold,1685600,3,True,1788708308.888271,
bind,nsec3,nonexistent.test-nsec3.example,cold,1625700,3,True,1788708308.888271,
bind,nsec3,nonexistent.test-nsec3.example,cold,1501000,3,True,1788708308.888271,
bind,nsec3,nonexistent.test-nsec3.example,cold,1527800,3,True,1788708308.888271,
bind,nsec3,nonexistent.test-nsec3.example,cold,1359000,3,True,1788708308.888271,
bind,nsec3,nonexistent.test-nsec3.example,cold,1522800,3,True,1788708308.8983548,
bind,nsec3,nonexistent.test-nsec3.example,cold,1538600,3,True,1788708308.8999937,
bind,nsec3,nonexistent.test-nsec3.example,cold,1514700,3,True,1788708308.901616,
bind,nsec3,nonexistent.test-nsec3.example,cold,1428800,3,True,1788708308.9031765,
bind,nsec3,nonexistent.test-nsec3.example,cold,1921100,3,True,1788708308.9052227,
bind,nsec3,nonexistent.test-nsec3.example,cold,1781200,3,True,1788708308.9070709,
bind,nsec3,nonexistent.test-nsec3.example,cold,1751100,3,True,1788708308.90864,
bind,nsec3,nonexistent.test-nsec3.example,cold,1882400,3,True,1788708308.9107969,
bind,nsec3,nonexistent.test-nsec3.example,cold,1796900,3,True,1788708308.912412,
bind,nsec3,nonexistent.test-nsec3.example,cold,3653400,3,True,1788708308.9163315,
bind,nsec3,nonexistent.test-nsec3.example,cold,1709100,3,True,1788708308.917945,
bind,nsec3,nonexistent.test-nsec3.example,cold,1540900,3,True,1788708308.9195788,
bind,nsec3,nonexistent.test-nsec3.example,cold,1699000,3,True,1788708308.9216688,
bind,nsec3,nonexistent.test-nsec3.example,cold,14177600,3,True,1788708308.9354799,
bind,nsec3,nonexistent.test-nsec3.example,cold,1576900,3,True,1788708308.9371667,
bind,nsec3,nonexistent.test-nsec3.example,cold,1449700,3,True,1788708308.938748,
bind,nsec3,nonexistent.test-nsec3.example,cold,1488200,3,True,1788708308.9403167,
bind,nsec3,nonexistent.test-nsec3.example,cold,1494300,3,True,1788708308.941926,
bind,nsec3,nonexistent.test-nsec3.example,cold,1540300,3,True,1788708308.9436195,
bind,nsec3,nonexistent.test-nsec3.example,cold,1602200,3,True,1788708308.9451833,
bind,nsec3,nonexistent.test-nsec3.example,cold,1564500,3,True,1788708308.946783,
bind,nsec3,nonexistent.test-nsec3.example,cold,1386500,3,True,1788708308.9483473,
bind,nsec3,nonexistent.test-nsec3.example,cold,1596600,3,True,1788708308.949924,
bind,nsec3,nonexistent.test-nsec3.example,cold,2145000,3,True,1788708308.9519713,
bind,nsec3,nonexistent.test-nsec3.example,cold,1969800,3,True,1788708308.9540834,
bind,nsec3,nonexistent.test-nsec3.example,cold,2460100,3,True,1788708308.957046,
bind,nsec3,nonexistent.test-nsec3.example,cold,1722500,3,True,1788708308.9587135,
bind,nsec3,nonexistent.test-nsec3.example,cold,1906300,3,True,1788708308.9608612,
bind,nsec3,nonexistent.test-nsec3.example,cold,2105200,3,True,1788708308.9627664,
bind,nsec3,nonexistent.test-nsec3.example,cold,2562800,3,True,1788708308.9653816,
bind,nsec3,nonexistent.test-nsec3.example,cold,2898100,3,True,1788708308.9688218,
bind,nsec3,nonexistent.test-nsec3.example,cold,1896400,3,True,1788708308.9704056,
bind,nsec3,nonexistent.test-nsec3.example,cold,2098100,3,True,1788708308.9725165,
bind,nsec3,nonexistent.test-nsec3.example,cold,2117100,3,True,1788708308.9748092,
bind,nsec3,nonexistent.test-nsec3.example,cold,1845900,3,True,1788708308.9769652,
bind,nsec3,nonexistent.test-nsec3.example,cold,1793800,3,True,1788708308.9785879,
bind,nsec3,nonexistent.test-nsec3.example,cold,1875700,3,True,1788708308.9806674,
bind,nsec3,nonexistent.test-nsec3.example,cold,1724700,3,True,1788708308.9825172,
bind,nsec3,nonexistent.test-nsec3.example,cold,2168900,3,True,1788708308.9848928,
bind,nsec3,nonexistent.test-nsec3.example,cold,2391900,3,True,1788708308.986214,
bind,nsec3,nonexistent.test-nsec3.example,cold,2213400,3,True,1788708308.9879405,
bind,nsec3,nonexistent.test-nsec3.example,cold,2329900,3,True,1788708308.991803,
bind,nsec3,nonexistent.test-nsec3.example,cold,2002000,3,True,1788708308.9938893,
bind,nsec3,nonexistent.test-nsec3.example,cold,1859900,3,True,1788708308.9961662,
bind,nsec3,nonexistent.test-nsec3.example,cold,2026300,3,True,1788708308.9979374,
bind,nsec3,nonexistent.test-nsec3.example,cold,1977600,3,True,1788708309.0001388,
bind,nsec3,nonexistent.test-nsec3.example,cold,1793200,3,True,1788708309.0023627,
bind,nsec3,nonexistent.test-nsec3.example,cold,7344000,3,True,1788708309.0096543,
bind,nsec3,nonexistent.test-nsec3.example,cold,1799300,3,True,1788708309.0112493,
bind,nsec3,nonexistent.test-nsec3.example,cold,1895500,3,True,1788708309.0135221,
bind,nsec3,nonexistent.test-nsec3.example,cold,1574200,3,True,1788708309.0150766,
bind,nsec3,nonexistent.test-nsec3.example,cold,1576100,3,True,1788708309.0166483,
bind,nsec3,nonexistent.test-nsec3.example,cold,1843700,3,True,1788708309.0187538,
bind,nsec3,nonexistent.test-nsec3.example,cold,1548400,3,True,1788708309.0203607,
bind,nsec3,nonexistent.test-nsec3.example,cold,1665900,3,True,1788708309.0219395,
bind,nsec3,nonexistent.test-nsec3.example,cold,1657900,3,True,1788708309.023572,
bind,nsec3,nonexistent.test-nsec3.example,cold,1333700,3,True,1788708309.0251834,
bind,nsec3,nonexistent.test-nsec3.example,cold,1444600,3,True,1788708309.0268,
bind,nsec3,nonexistent.test-nsec3.example,cold,1783200,3,True,1788708309.0284665,
bind,nsec3,nonexistent.test-nsec3.example,cold,1496400,3,True,1788708309.0300333,
bind,nsec3,nonexistent.test-nsec3.example,cold,1552900,3,True,1788708309.0316095,
bind,nsec3,nonexistent.test-nsec3.example,cold,1538800,3,True,1788708309.0331714,
bind,nsec3,nonexistent.test-nsec3.example,cold,1396700,3,True,1788708309.034742,
bind,nsec3,nonexistent.test-nsec3.example,cold,1412400,3,True,1788708309.0363164,
bind,nsec3,nonexistent.test-nsec3.example,cold,1460200,3,True,1788708309.0378606,
bind,nsec3,nonexistent.test-nsec3.example,cold,1363300,3,True,1788708309.0389066,
bind,nsec3,nonexistent.test-nsec3.example,cold,1485100,3,True,1788708309.0405173,
bind,nsec3,nonexistent.test-nsec3.example,cold,1486300,3,True,1788708309.0415423,
bind,nsec3,nonexistent.test-nsec3.example,cold,1955400,3,True,1788708309.044487,
bind,nsec3,nonexistent.test-nsec3.example,cold,2065000,3,True,1788708309.046355,
bind,nsec3,nonexistent.test-nsec3.example,cold,1918100,3,True,1788708309.0486012,
bind,nsec3,nonexistent.test-nsec3.example,cold,1910400,3,True,1788708309.0502098,
bind,nsec3,nonexistent.test-nsec3.example,cold,1676200,3,True,1788708309.052178,
bind,nsec3,nonexistent.test-nsec3.example,cold,1800000,3,True,1788708309.0543346,
bind,nsec3,nonexistent.test-nsec3.example,cold,1774200,3,True,1788708309.0559406,
bind,nsec3,nonexistent.test-nsec3.example,cold,1548200,3,True,1788708309.0574892,
bind,nsec3,nonexistent.test-nsec3.example,cold,1684400,3,True,1788708309.059125,
bind,nsec3,nonexistent.test-nsec3.example,cold,1389000,3,True,1788708309.0607455,
bind,nsec3,nonexistent.test-nsec3.example,cold,1438100,3,True,1788708309.0623076,
bind,nsec3,nonexistent.test-nsec3.example,cold,1464800,3,True,1788708309.0638595,
bind,nsec3,nonexistent.test-nsec3.example,cold,1513500,3,True,1788708309.0654483,
bind,nsec3,nonexistent.test-nsec3.example,cold,1605400,3,True,1788708309.0670245,
bind,nsec3,nonexistent.test-nsec3.example,cold,1594900,3,True,1788708309.068596,
bind,nsec3,nonexistent.test-nsec3.example,cold,1394900,3,True,1788708309.0701883,
bind,nsec3,nonexistent.test-nsec3.example,cold,1705100,3,True,1788708309.071837,
bind,nsec3,nonexistent.test-nsec3.example,cold,1804100,3,True,1788708309.0739796,
bind,nsec3,nonexistent.test-nsec3.example,cold,2118200,3,True,1788708309.0755985,
bind,nsec3,nonexistent.test-nsec3.example,cold,1755800,3,True,1788708309.0776548,
bind,nsec3,nonexistent.test-nsec3.example,cold,1481700,3,True,1788708309.079222,
bind,nsec3,nonexistent.test-nsec3.example,cold,1572900,3,True,1788708309.0813315,
bind,nsec3,nonexistent.test-nsec3.example,cold,1469400,3,True,1788708309.0823767,
bind,nsec3,nonexistent.test-nsec3.example,cold,1708700,3,True,1788708309.0844922,
bind,nsec3,nonexistent.test-nsec3.example,cold,1587800,3,True,1788708309.0860662,
bind,nsec3,nonexistent.test-nsec3.example,cold,1532300,3,True,1788708309.0877235,
bind,nsec3,nonexistent.test-nsec3.example,cold,1662700,3,True,1788708309.0895984,
bind,nsec3,nonexistent.test-nsec3.example,cold,1995900,3,True,1788708309.0917382,
bind,nsec3,nonexistent.test-nsec3.example,cold,1920700,3,True,1788708309.0933812,
bind,nsec3,nonexistent.test-nsec3.example,cold,1887300,3,True,1788708309.0955267,
bind,nsec3,nonexistent.test-nsec3.example,cold,1869100,3,True,1788708309.0976663,
bind,nsec3,nonexistent.test-nsec3.example,cold,2212200,3,True,1788708309.099757,
bind,nsec3,nonexistent.test-nsec3.example,cold,1676800,3,True,1788708309.1013317,
bind,nsec3,nonexistent.test-nsec3.example,cold,1531800,3,True,1788708309.1029668,
bind,nsec3,nonexistent.test-nsec3.example,cold,2252600,3,True,1788708309.1055925,
bind,nsec3,nonexistent.test-nsec3.example,cold,1550100,3,True,1788708309.1071985,
bind,nsec3,nonexistent.test-nsec3.example,cold,1515600,3,True,1788708309.1087685,
bind,nsec3,nonexistent.test-nsec3.example,cold,1519300,3,True,1788708309.11032,
bind,nsec3,nonexistent.test-nsec3.example,cold,1558900,3,True,1788708309.1119707,
bind,nsec3,nonexistent.test-nsec3.example,cold,1440300,3,True,1788708309.1135516,
bind,nsec3,nonexistent.test-nsec3.example,cold,1544300,3,True,1788708309.1151197,
bind,nsec3,nonexistent.test-nsec3.example,cold,1594400,3,True,1788708309.1167254,
bind,nsec3,nonexistent.test-nsec3.example,cold,1542300,3,True,1788708309.1183052,
bind,nsec3,nonexistent.test-nsec3.example,cold,1577800,3,True,1788708309.1199605,
bind,nsec3,nonexistent.test-nsec3.example,cold,1406000,3,True,1788708309.121532,
bind,nsec3,nonexistent.test-nsec3.example,cold,1452300,3,True,1788708309.1226106,
bind,nsec3,nonexistent.test-nsec3.example,cold,1843600,3,True,1788708309.1246884,
bind,nsec3,nonexistent.test-nsec3.example,cold,1815800,3,True,1788708309.1268003,
bind,nsec3,nonexistent.test-nsec3.example,cold,1775000,3,True,1788708309.1283672,
bind,nsec3,nonexistent.test-nsec3.example,cold,1881100,3,True,1788708309.130544,
bind,nsec3,nonexistent.test-nsec3.example,cold,1716400,3,True,1788708309.1322343,
bind,nsec3,nonexistent.test-nsec3.example,cold,1818000,3,True,1788708309.1341183,
bind,nsec3,nonexistent.test-nsec3.example,cold,2068400,3,True,1788708309.1361115,
bind,nsec3,nonexistent.test-nsec3.example,cold,2186900,3,True,1788708309.138434,
bind,nsec3,nonexistent.test-nsec3.example,cold,2050500,3,True,1788708309.140513,
bind,nsec3,nonexistent.test-nsec3.example,cold,1865800,3,True,1788708309.1425226,
bind,nsec3,nonexistent.test-nsec3.example,cold,2172500,3,True,1788708309.1446702,
bind,nsec3,nonexistent.test-nsec3.example,cold,2156700,3,True,1788708309.1468594,
bind,nsec3,nonexistent.test-nsec3.example,cold,2270900,3,True,1788708309.1492305,
bind,nsec3,nonexistent.test-nsec3.example,cold,2109900,3,True,1788708309.151493,
bind,nsec3,nonexistent.test-nsec3.example,cold,1585300,3,True,1788708309.15363,
bind,nsec3,nonexistent.test-nsec3.example,cold,1484100,3,True,1788708309.1551979,
bind,nsec3,nonexistent.test-nsec3.example,cold,1569700,3,True,1788708309.1567714,
bind,nsec3,nonexistent.test-nsec3.example,cold,1516400,3,True,1788708309.1583514,
bind,nsec3,nonexistent.test-nsec3.example,cold,1854900,3,True,1788708309.1599324,
bind,nsec3,nonexistent.test-nsec3.example,cold,1572400,3,True,1788708309.1615455,
bind,nsec3,nonexistent.test-nsec3.example,cold,1439900,3,True,1788708309.1632183,
bind,nsec3,nonexistent.test-nsec3.example,cold,1411000,3,True,1788708309.1647801,
bind,nsec3,nonexistent.test-nsec3.example,cold,1823000,3,True,1788708309.166719,
bind,nsec3,nonexistent.test-nsec3.example,cold,1809500,3,True,1788708309.1683125,
bind,nsec3,nonexistent.test-nsec3.example,cold,1461000,3,True,1788708309.1698787,
bind,nsec3,nonexistent.test-nsec3.example,cold,1527300,3,True,1788708309.1714983,
bind,nsec3,nonexistent.test-nsec3.example,cold,1417800,3,True,1788708309.1730638,
bind,nsec3,nonexistent.test-nsec3.example,cold,1447800,3,True,1788708309.174639,
bind,nsec3,nonexistent.test-nsec3.example,cold,1565000,3,True,1788708309.1762276,
bind,nsec3,nonexistent.test-nsec3.example,cold,1495900,3,True,1788708309.1778288,
bind,nsec3,nonexistent.test-nsec3.example,cold,1695100,3,True,1788708309.1794279,
bind,nsec3,nonexistent.test-nsec3.example,cold,2831700,3,True,1788708309.1824982,
bind,nsec3,nonexistent.test-nsec3.example,cold,1902500,3,True,1788708309.1843052,
bind,nsec3,nonexistent.test-nsec3.example,cold,2020000,3,True,1788708309.1864276,
bind,nsec3,nonexistent.test-nsec3.example,cold,1873700,3,True,1788708309.1885347,
bind,nsec3,nonexistent.test-nsec3.example,cold,1882400,3,True,1788708309.1906564,
bind,nsec3,nonexistent.test-nsec3.example,cold,1687800,3,True,1788708309.1922934,
bind,nsec3,nonexistent.test-nsec3.example,cold,1374800,3,True,1788708309.1938808,
bind,nsec3,nonexistent.test-nsec3.example,cold,1313600,3,True,1788708309.1949253,
bind,nsec3,nonexistent.test-nsec3.example,cold,1491800,3,True,1788708309.1967666,
bind,nsec3,nonexistent.test-nsec3.example,cold,1474900,3,True,1788708309.1983724,
bind,nsec3,nonexistent.test-nsec3.example,cold,1671600,3,True,1788708309.1999488,
bind,nsec3,nonexistent.test-nsec3.example,cold,1576000,3,True,1788708309.2015417,
bind,nsec3,nonexistent.test-nsec3.example,cold,1472700,3,True,1788708309.2033088,
bind,nsec3,nonexistent.test-nsec3.example,cold,1633600,3,True,1788708309.2048616,
bind,nsec3,nonexistent.test-nsec3.example,cold,1594800,3,True,1788708309.2064245,
bind,nsec3,nonexistent.test-nsec3.example,cold,1751200,3,True,1788708309.2085218,
bind,nsec3,nonexistent.test-nsec3.example,cold,1733700,3,True,1788708309.210099,
bind,nsec3,nonexistent.test-nsec3.example,cold,2051800,3,True,1788708309.2124586,
bind,nsec3,nonexistent.test-nsec3.example,cold,1495800,3,True,1788708309.2140403,
bind,nsec3,nonexistent.test-nsec3.example,cold,1470600,3,True,1788708309.215595,
bind,nsec3,nonexistent.test-nsec3.example,cold,1472000,3,True,1788708309.2171545,
bind,nsec3,nonexistent.test-nsec3.example,cold,1416500,3,True,1788708309.2181983,
bind,nsec3,nonexistent.test-nsec3.example,cold,1506000,3,True,1788708309.2197824,
bind,nsec3,nonexistent.test-nsec3.example,cold,1575200,3,True,1788708309.2218668,
bind,nsec3,nonexistent.test-nsec3.example,cold,1896700,3,True,1788708309.223641,
bind,nsec3,nonexistent.test-nsec3.example,cold,1540400,3,True,1788708309.225254,
bind,nsec3,nonexistent.test-nsec3.example,cold,1972900,3,True,1788708309.226901,
bind,nsec3,nonexistent.test-nsec3.example,cold,2002500,3,True,1788708309.229222,
bind,nsec3,nonexistent.test-nsec3.example,cold,1972000,3,True,1788708309.231413,
bind,nsec3,nonexistent.test-nsec3.example,cold,2088000,3,True,1788708309.2335522,
bind,nsec3,nonexistent.test-nsec3.example,cold,2059200,3,True,1788708309.235765,
bind,nsec3,nonexistent.test-nsec3.example,cold,2184800,3,True,1788708309.2378135,
bind,nsec3,nonexistent.test-nsec3.example,cold,1794500,3,True,1788708309.2399135,
bind,nsec3,nonexistent.test-nsec3.example,cold,1690500,3,True,1788708309.241496,
bind,nsec3,nonexistent.test-nsec3.example,cold,1601000,3,True,1788708309.24316,
bind,nsec3,nonexistent.test-nsec3.example,cold,1405100,3,True,1788708309.2447813,
bind,nsec3,nonexistent.test-nsec3.example,cold,1486700,3,True,1788708309.2465029,
bind,nsec3,nonexistent.test-nsec3.example,cold,1471000,3,True,1788708309.2480812,
bind,nsec3,nonexistent.test-nsec3.example,cold,1573200,3,True,1788708309.2496612,
bind,nsec3,nonexistent.test-nsec3.example,cold,1462600,3,True,1788708309.2512512,
bind,nsec3,nonexistent.test-nsec3.example,cold,1582200,3,True,1788708309.2525215,
bind,nsec3,nonexistent.test-nsec3.example,cold,1355100,3,True,1788708309.254123,
bind,nsec3,nonexistent.test-nsec3.example,cold,1621800,3,True,1788708309.2556689,
bind,nsec3,nonexistent.test-nsec3.example,cold,1745000,3,True,1788708309.2578595,
bind,nsec3,nonexistent.test-nsec3.example,cold,1762100,3,True,1788708309.2594938,
bind,nsec3,nonexistent.test-nsec3.example,cold,1635200,3,True,1788708309.261081,
bind,nsec3,nonexistent.test-nsec3.example,cold,1582000,3,True,1788708309.2626562,
bind,nsec3,nonexistent.test-nsec3.example,cold,1546200,3,True,1788708309.264236,
bind,nsec3,nonexistent.test-nsec3.example,cold,1673000,3,True,1788708309.2663584,
bind,nsec3,nonexistent.test-nsec3.example,cold,1603800,3,True,1788708309.2679276,
bind,nsec3,nonexistent.test-nsec3.example,cold,1468800,3,True,1788708309.269555,
bind,nsec3,nonexistent.test-nsec3.example,cold,1499500,3,True,1788708309.2711542,
bind,nsec3,nonexistent.test-nsec3.example,cold,1791800,3,True,1788708309.2727911,
bind,nsec3,nonexistent.test-nsec3.example,cold,1955900,3,True,1788708309.2749104,
bind,nsec3,nonexistent.test-nsec3.example,cold,1919300,3,True,1788708309.2770185,
bind,nsec3,nonexistent.test-nsec3.example,cold,1866900,3,True,1788708309.2785847,
bind,nsec3,nonexistent.test-nsec3.example,cold,1801200,3,True,1788708309.2807317,
bind,nsec3,nonexistent.test-nsec3.example,cold,2132300,3,True,1788708309.282906,
bind,nsec3,nonexistent.test-nsec3.example,cold,1717200,3,True,1788708309.2844913,
bind,nsec3,nonexistent.test-nsec3.example,cold,1543600,3,True,1788708309.2855167,
bind,nsec3,nonexistent.test-nsec3.example,cold,1693300,3,True,1788708309.2880528,
bind,nsec3,nonexistent.test-nsec3.example,cold,1602900,3,True,1788708309.2895594,
bind,nsec3,nonexistent.test-nsec3.example,cold,1329000,3,True,1788708309.2895594,
bind,nsec3,nonexistent.test-nsec3.example,cold,1561200,3,True,1788708309.2895594,
bind,nsec3,nonexistent.test-nsec3.example,cold,1558000,3,True,1788708309.2895594,
bind,nsec3,nonexistent.test-nsec3.example,cold,1399700,3,True,1788708309.2960753,
bind,nsec3,nonexistent.test-nsec3.example,cold,1422700,3,True,1788708309.297145,
bind,nsec3,nonexistent.test-nsec3.example,cold,1411900,3,True,1788708309.29873,
bind,nsec3,nonexistent.test-nsec3.example,cold,1676700,3,True,1788708309.300804,
bind,nsec3,nonexistent.test-nsec3.example,cold,1592300,3,True,1788708309.3024163,
bind,nsec3,nonexistent.test-nsec3.example,cold,1489100,3,True,1788708309.3034527,
bind,nsec3,nonexistent.test-nsec3.example,cold,1516400,3,True,1788708309.305141,
bind,nsec3,nonexistent.test-nsec3.example,cold,1472800,3,True,1788708309.306726,
bind,nsec3,nonexistent.test-nsec3.example,cold,1491900,3,True,1788708309.308272,
bind,nsec3,nonexistent.test-nsec3.example,cold,1532400,3,True,1788708309.3098824,
bind,nsec3,nonexistent.test-nsec3.example,cold,1885200,3,True,1788708309.312517,
bind,nsec3,nonexistent.test-nsec3.example,cold,1599600,3,True,1788708309.3141215,
bind,nsec3,nonexistent.test-nsec3.example,cold,1433800,3,True,1788708309.3157346,
bind,nsec3,nonexistent.test-nsec3.example,cold,1751000,3,True,1788708309.3173072,
bind,nsec3,nonexistent.test-nsec3.example,cold,2035000,3,True,1788708309.3197117,
bind,nsec3,nonexistent.test-nsec3.example,cold,1992800,3,True,1788708309.3215227,
bind,nsec3,nonexistent.test-nsec3.example,cold,1865200,3,True,1788708309.3236268,
bind,nsec3,nonexistent.test-nsec3.example,cold,1984700,3,True,1788708309.3257308,
bind,nsec3,nonexistent.test-nsec3.example,cold,1816200,3,True,1788708309.3267653,
bind,nsec3,nonexistent.test-nsec3.example,cold,1745000,3,True,1788708309.3283067,
bind,nsec3,nonexistent.test-nsec3.example,cold,1698500,3,True,1788708309.3311956,
bind,nsec3,nonexistent.test-nsec3.example,cold,1571200,3,True,1788708309.3311956,
bind,nsec3,nonexistent.test-nsec3.example,cold,1491000,3,True,1788708309.3311956,
bind,nsec3,nonexistent.test-nsec3.example,cold,1679600,3,True,1788708309.3346376,
bind,nsec3,nonexistent.test-nsec3.example,cold,1381800,3,True,1788708309.3373122,
bind,nsec3,nonexistent.test-nsec3.example,cold,1551200,3,True,1788708309.3389022,
bind,nsec3,nonexistent.test-nsec3.example,cold,1743300,3,True,1788708309.3409915,
bind,nsec3,nonexistent.test-nsec3.example,cold,1617900,3,True,1788708309.3426476,
bind,nsec3,nonexistent.test-nsec3.example,cold,1480400,3,True,1788708309.3442276,
bind,nsec3,nonexistent.test-nsec3.example,cold,1430300,3,True,1788708309.345795,
bind,nsec3,nonexistent.test-nsec3.example,cold,1446900,3,True,1788708309.3469422,
bind,nsec3,nonexistent.test-nsec3.example,cold,1584000,3,True,1788708309.348523,
bind,nsec3,nonexistent.test-nsec3.example,cold,1766700,3,True,1788708309.3507352,
bind,nsec3,nonexistent.test-nsec3.example,cold,1539900,3,True,1788708309.3523417,
bind,nsec3,nonexistent.test-nsec3.example,cold,1648900,3,True,1788708309.353909,
bind,nsec3,nonexistent.test-nsec3.example,cold,1463900,3,True,1788708309.355505,
bind,nsec3,nonexistent.test-nsec3.example,cold,1440000,3,True,1788708309.3571196,
bind,nsec3,nonexistent.test-nsec3.example,cold,1379900,3,True,1788708309.3581612,
bind,nsec3,nonexistent.test-nsec3.example,cold,1445800,3,True,1788708309.3597226,
bind,nsec3,nonexistent.test-nsec3.example,cold,1530900,3,True,1788708309.3612921,
bind,nsec3,nonexistent.test-nsec3.example,cold,1543800,3,True,1788708309.3628652,
bind,nsec3,nonexistent.test-nsec3.example,cold,1563100,3,True,1788708309.3645017,
bind,nsec3,nonexistent.test-nsec3.example,cold,2090000,3,True,1788708309.3667,
bind,nsec3,nonexistent.test-nsec3.example,cold,1974000,3,True,1788708309.3689475,
bind,nsec3,nonexistent.test-nsec3.example,cold,1894000,3,True,1788708309.3710968,
bind,nsec3,nonexistent.test-nsec3.example,cold,1873400,3,True,1788708309.372701,
bind,nsec3,nonexistent.test-nsec3.example,cold,2060000,3,True,1788708309.3749342,
bind,nsec3,nonexistent.test-nsec3.example,cold,1827400,3,True,1788708309.3770397,
bind,nsec3,nonexistent.test-nsec3.example,cold,1474400,3,True,1788708309.378621,
bind,nsec3,nonexistent.test-nsec3.example,cold,1534100,3,True,1788708309.3801897,
bind,nsec3,nonexistent.test-nsec3.example,cold,1677000,3,True,1788708309.381821,
bind,nsec3,nonexistent.test-nsec3.example,cold,1647600,3,True,1788708309.38349,
bind,nsec3,nonexistent.test-nsec3.example,cold,1505100,3,True,1788708309.3850749,
bind,nsec3,nonexistent.test-nsec3.example,cold,1512900,3,True,1788708309.3866396,
bind,nsec3,nonexistent.test-nsec3.example,cold,1496600,3,True,1788708309.3882458,
bind,nsec3,nonexistent.test-nsec3.example,cold,1420700,3,True,1788708309.3898196,
bind,nsec3,nonexistent.test-nsec3.example,cold,1568400,3,True,1788708309.3914306,
bind,nsec3,nonexistent.test-nsec3.example,cold,1377200,3,True,1788708309.3929958,
bind,nsec3,nonexistent.test-nsec3.example,cold,1493100,3,True,1788708309.3945615,
bind,nsec3,nonexistent.test-nsec3.example,cold,1435300,3,True,1788708309.3956225,
bind,nsec3,nonexistent.test-nsec3.example,cold,1561200,3,True,1788708309.397245,
bind,nsec3,nonexistent.test-nsec3.example,cold,1500500,3,True,1788708309.398805,
bind,nsec3,nonexistent.test-nsec3.example,cold,1775200,3,True,1788708309.4009347,
bind,nsec3,nonexistent.test-nsec3.example,cold,1544800,3,True,1788708309.402542,
bind,nsec3,nonexistent.test-nsec3.example,cold,1653900,3,True,1788708309.4041197,
bind,nsec3,nonexistent.test-nsec3.example,cold,1487500,3,True,1788708309.4056818,
bind,nsec3,nonexistent.test-nsec3.example,cold,1452200,3,True,1788708309.407227,
bind,nsec3,nonexistent.test-nsec3.example,cold,1392100,3,True,1788708309.408566,
bind,nsec3,nonexistent.test-nsec3.example,cold,1529700,3,True,1788708309.408566,
bind,nsec3,nonexistent.test-nsec3.example,cold,1876000,3,True,1788708309.4124172,
bind,nsec3,nonexistent.test-nsec3.example,cold,18927300,3,True,1788708309.4314575,
bind,nsec3,nonexistent.test-nsec3.example,cold,2901300,3,True,1788708309.4341447,
bind,nsec3,nonexistent.test-nsec3.example,cold,1648800,3,True,1788708309.4362376,
bind,nsec3,nonexistent.test-nsec3.example,cold,5250600,3,True,1788708309.4414332,
bind,nsec3,nonexistent.test-nsec3.example,cold,6521000,3,True,1788708309.4479556,
bind,nsec3,nonexistent.test-nsec3.example,cold,2179000,3,True,1788708309.4500375,
bind,nsec3,nonexistent.test-nsec3.example,cold,1865900,3,True,1788708309.4522672,
bind,nsec3,nonexistent.test-nsec3.example,cold,1550600,3,True,1788708309.4538596,
bind,nsec3,nonexistent.test-nsec3.example,cold,1593900,3,True,1788708309.4554343,
bind,nsec3,nonexistent.test-nsec3.example,cold,1527400,3,True,1788708309.4570107,
bind,nsec3,nonexistent.test-nsec3.example,cold,2021300,3,True,1788708309.459354,
bind,nsec3,nonexistent.test-nsec3.example,cold,2040900,3,True,1788708309.461493,
bind,nsec3,nonexistent.test-nsec3.example,cold,1956500,3,True,1788708309.4631534,
bind,nsec3,nonexistent.test-nsec3.example,cold,1577500,3,True,1788708309.4648356,
bind,nsec3,nonexistent.test-nsec3.example,cold,1894000,3,True,1788708309.467,
bind,nsec3,nonexistent.test-nsec3.example,cold,2021200,3,True,1788708309.469141,
bind,nsec3,nonexistent.test-nsec3.example,cold,1738200,3,True,1788708309.4707031,
bind,nsec3,nonexistent.test-nsec3.example,cold,1495300,3,True,1788708309.4723418,
bind,nsec3,nonexistent.test-nsec3.example,cold,1614900,3,True,1788708309.4738834,
bind,nsec3,nonexistent.test-nsec3.example,cold,1594000,3,True,1788708309.4757173,
bind,nsec3,nonexistent.test-nsec3.example,cold,1494100,3,True,1788708309.4757173,
bind,nsec3,nonexistent.test-nsec3.example,cold,1540200,3,True,1788708309.4785054,
bind,nsec3,nonexistent.test-nsec3.example,cold,1547700,3,True,1788708309.4785054,
bind,nsec3,nonexistent.test-nsec3.example,cold,1524600,3,True,1788708309.4785054,
bind,nsec3,nonexistent.test-nsec3.example,cold,1695700,3,True,1788708309.4842048,
bind,nsec3,nonexistent.test-nsec3.example,cold,1619200,3,True,1788708309.4842048,
bind,nsec3,nonexistent.test-nsec3.example,cold,1559900,3,True,1788708309.4842048,
bind,nsec3,nonexistent.test-nsec3.example,cold,1383800,3,True,1788708309.4842048,
bind,nsec3,nonexistent.test-nsec3.example,cold,1845100,3,True,1788708309.489997,
bind,nsec3,nonexistent.test-nsec3.example,cold,1776500,3,True,1788708309.4910722,
bind,nsec3,nonexistent.test-nsec3.example,cold,1906900,3,True,1788708309.494289,
bind,nsec3,nonexistent.test-nsec3.example,cold,1967400,3,True,1788708309.4964807,
bind,nsec3,nonexistent.test-nsec3.example,cold,1839300,3,True,1788708309.4986157,
bind,nsec3,nonexistent.test-nsec3.example,cold,1822700,3,True,1788708309.5002534,
bind,nsec3,nonexistent.test-nsec3.example,cold,1716700,3,True,1788708309.502468,
bind,nsec3,nonexistent.test-nsec3.example,cold,1713100,3,True,1788708309.5040624,
bind,nsec3,nonexistent.test-nsec3.example,cold,1697700,3,True,1788708309.5056343,
bind,nsec3,nonexistent.test-nsec3.example,cold,2071600,3,True,1788708309.5079818,
bind,nsec3,nonexistent.test-nsec3.example,cold,2055100,3,True,1788708309.5103009,
bind,nsec3,nonexistent.test-nsec3.example,cold,2174300,3,True,1788708309.5124226,
bind,nsec3,nonexistent.test-nsec3.example,cold,2255300,3,True,1788708309.5146472,
bind,nsec3,nonexistent.test-nsec3.example,cold,2056600,3,True,1788708309.5167267,
bind,nsec3,nonexistent.test-nsec3.example,cold,1853300,3,True,1788708309.5188258,
bind,nsec3,nonexistent.test-nsec3.example,cold,1555700,3,True,1788708309.5204003,
bind,nsec3,nonexistent.test-nsec3.example,cold,1731300,3,True,1788708309.5221963,
bind,nsec3,nonexistent.test-nsec3.example,cold,1630000,3,True,1788708309.5237834,
bind,nsec3,nonexistent.test-nsec3.example,cold,1510200,3,True,1788708309.5253456,
bind,nsec3,nonexistent.test-nsec3.example,cold,1560500,3,True,1788708309.5263634,
bind,nsec3,nonexistent.test-nsec3.example,cold,1471400,3,True,1788708309.5278883,
bind,nsec3,nonexistent.test-nsec3.example,cold,1791400,3,True,1788708309.53073,
bind,nsec3,nonexistent.test-nsec3.example,cold,1395500,3,True,1788708309.531786,
bind,nsec3,nonexistent.test-nsec3.example,cold,1653100,3,True,1788708309.533443,
bind,nsec3,nonexistent.test-nsec3.example,cold,1668200,3,True,1788708309.5355618,
bind,nsec3,nonexistent.test-nsec3.example,cold,1853100,3,True,1788708309.5375543,
bind,nsec3,nonexistent.test-nsec3.example,cold,1610100,3,True,1788708309.5392463,
bind,nsec3,nonexistent.test-nsec3.example,cold,2058500,3,True,1788708309.5413465,
bind,nsec3,nonexistent.test-nsec3.example,cold,1601500,3,True,1788708309.5429542,
bind,nsec3,nonexistent.test-nsec3.example,cold,1578700,3,True,1788708309.5445573,
bind,nsec3,nonexistent.test-nsec3.example,cold,1479800,3,True,1788708309.5461252,
bind,nsec3,nonexistent.test-nsec3.example,cold,1611900,3,True,1788708309.5477445,
bind,nsec3,nonexistent.test-nsec3.example,cold,1603800,3,True,1788708309.5493243,
bind,nsec3,nonexistent.test-nsec3.example,cold,1510900,3,True,1788708309.550889,
bind,nsec3,nonexistent.test-nsec3.example,cold,2706400,3,True,1788708309.5539098,
bind,nsec3,nonexistent.test-nsec3.example,cold,2419200,3,True,1788708309.5562856,
bind,nsec3,nonexistent.test-nsec3.example,cold,1978500,3,True,1788708309.558094,
bind,nsec3,nonexistent.test-nsec3.example,cold,2138100,3,True,1788708309.5607624,
bind,nsec3,nonexistent.test-nsec3.example,cold,2170000,3,True,1788708309.5626001,
bind,nsec3,nonexistent.test-nsec3.example,cold,1977200,3,True,1788708309.5647144,
bind,nsec3,nonexistent.test-nsec3.example,cold,1689000,3,True,1788708309.5668104,
bind,nsec3,nonexistent.test-nsec3.example,cold,1709600,3,True,1788708309.5684776,
bind,nsec3,nonexistent.test-nsec3.example,cold,1524500,3,True,1788708309.570077,
bind,nsec3,nonexistent.test-nsec3.example,cold,1583400,3,True,1788708309.5716488,
bind,nsec3,nonexistent.test-nsec3.example,cold,1557400,3,True,1788708309.5732162,
bind,nsec3,nonexistent.test-nsec3.example,cold,1604500,3,True,1788708309.5748475,
bind,nsec3,nonexistent.test-nsec3.example,cold,1430500,3,True,1788708309.5764077,
bind,nsec3,nonexistent.test-nsec3.example,cold,1526100,3,True,1788708309.5780494,
bind,nsec3,nonexistent.test-nsec3.example,cold,1539300,3,True,1788708309.5796335,
bind,nsec3,nonexistent.test-nsec3.example,cold,1573500,3,True,1788708309.581199,
bind,nsec3,nonexistent.test-nsec3.example,cold,2120200,3,True,1788708309.583492,
bind,nsec3,nonexistent.test-nsec3.example,cold,1701800,3,True,1788708309.5851712,
bind,nsec3,nonexistent.test-nsec3.example,cold,1402800,3,True,1788708309.5867448,
bind,nsec3,nonexistent.test-nsec3.example,cold,1561200,3,True,1788708309.5883603,
bind,nsec3,nonexistent.test-nsec3.example,cold,1344300,3,True,1788708309.5899613,
bind,nsec3,nonexistent.test-nsec3.example,cold,1706600,3,True,1788708309.5915897,
bind,nsec3,nonexistent.test-nsec3.example,cold,1634800,3,True,1788708309.592616,
bind,nsec3,nonexistent.test-nsec3.example,cold,1638200,3,True,1788708309.594357,
bind,nsec3,nonexistent.test-nsec3.example,cold,1567800,3,True,1788708309.594357,
bind,nsec3,nonexistent.test-nsec3.example,cold,1660300,3,True,1788708309.598208,
bind,nsec3,nonexistent.test-nsec3.example,cold,1942600,3,True,1788708309.6003175,
bind,nsec3,nonexistent.test-nsec3.example,cold,2081300,3,True,1788708309.6024563,
bind,nsec3,nonexistent.test-nsec3.example,cold,1697400,3,True,1788708309.6024563,
bind,nsec3,nonexistent.test-nsec3.example,cold,1933800,3,True,1788708309.605439,
bind,nsec3,nonexistent.test-nsec3.example,cold,1794900,3,True,1788708309.605439,
bind,nsec3,nonexistent.test-nsec3.example,cold,1782600,3,True,1788708309.609291,
bind,nsec3,nonexistent.test-nsec3.example,cold,1665400,3,True,1788708309.609291,
bind,nsec3,nonexistent.test-nsec3.example,cold,1586000,3,True,1788708309.613228,
bind,nsec3,nonexistent.test-nsec3.example,cold,1654900,3,True,1788708309.6153922,
bind,nsec3,nonexistent.test-nsec3.example,cold,1804000,3,True,1788708309.617092,
bind,nsec3,nonexistent.test-nsec3.example,cold,1503200,3,True,1788708309.6186743,
bind,nsec3,nonexistent.test-nsec3.example,cold,1496600,3,True,1788708309.6202369,
bind,nsec3,nonexistent.test-nsec3.example,cold,1572100,3,True,1788708309.6218166,
bind,nsec3,nonexistent.test-nsec3.example,cold,1556500,3,True,1788708309.6233866,
bind,nsec3,nonexistent.test-nsec3.example,cold,1424000,3,True,1788708309.6250021,
bind,nsec3,nonexistent.test-nsec3.example,cold,1490400,3,True,1788708309.6265848,
bind,nsec3,nonexistent.test-nsec3.example,cold,1551400,3,True,1788708309.6281934,
bind,nsec3,nonexistent.test-nsec3.example,cold,1693700,3,True,1788708309.6298199,
bind,nsec3,nonexistent.test-nsec3.example,cold,1561400,3,True,1788708309.6314151,
bind,nsec3,nonexistent.test-nsec3.example,cold,1730300,3,True,1788708309.633083,
bind,nsec3,nonexistent.test-nsec3.example,cold,1544300,3,True,1788708309.6346858,
bind,nsec3,nonexistent.test-nsec3.example,cold,1628400,3,True,1788708309.63633,
bind,nsec3,nonexistent.test-nsec3.example,cold,1563400,3,True,1788708309.638006,
bind,nsec3,nonexistent.test-nsec3.example,cold,1513700,3,True,1788708309.6395679,
bind,nsec3,nonexistent.test-nsec3.example,cold,1623000,3,True,1788708309.641681,
bind,nsec3,nonexistent.test-nsec3.example,cold,1495500,3,True,1788708309.6432579,
bind,nsec3,nonexistent.test-nsec3.example,cold,1723300,3,True,1788708309.644758,
bind,nsec3,nonexistent.test-nsec3.example,cold,3472200,3,True,1788708309.64843,
bind,nsec3,nonexistent.test-nsec3.example,cold,2142900,3,True,1788708309.6489615,
bind,nsec3,nonexistent.test-nsec3.example,cold,2101100,3,True,1788708309.652305,
bind,nsec3,nonexistent.test-nsec3.example,cold,1835200,3,True,1788708309.6549454,
bind,nsec3,nonexistent.test-nsec3.example,cold,1785100,3,True,1788708309.656554,
bind,nsec3,nonexistent.test-nsec3.example,cold,1892000,3,True,1788708309.658632,
bind,nsec3,nonexistent.test-nsec3.example,cold,2098700,3,True,1788708309.6608691,
bind,nsec3,nonexistent.test-nsec3.example,cold,1632700,3,True,1788708309.6625,
bind,nsec3,nonexistent.test-nsec3.example,cold,1538400,3,True,1788708309.6640909,
bind,nsec3,nonexistent.test-nsec3.example,cold,1874400,3,True,1788708309.6661909,
bind,nsec3,nonexistent.test-nsec3.example,cold,1730600,3,True,1788708309.667801,
bind,nsec3,nonexistent.test-nsec3.example,cold,1645700,3,True,1788708309.669374,
bind,nsec3,nonexistent.test-nsec3.example,cold,1474200,3,True,1788708309.6709943,
bind,nsec3,nonexistent.test-nsec3.example,cold,1487500,3,True,1788708309.6725643,
bind,nsec3,nonexistent.test-nsec3.example,cold,1509100,3,True,1788708309.674245,
bind,nsec3,nonexistent.test-nsec3.example,cold,1621500,3,True,1788708309.6758282,
bind,nsec3,nonexistent.test-nsec3.example,cold,1565100,3,True,1788708309.6774652,
bind,nsec3,nonexistent.test-nsec3.example,cold,1585800,3,True,1788708309.6790266,
bind,nsec3,nonexistent.test-nsec3.example,cold,1552400,3,True,1788708309.680644,
bind,nsec3,nonexistent.test-nsec3.example,cold,1501100,3,True,1788708309.6822045,
bind,nsec3,nonexistent.test-nsec3.example,cold,1587100,3,True,1788708309.6842897,
bind,nsec3,nonexistent.test-nsec3.example,cold,1485200,3,True,1788708309.6842897,
bind,nsec3,nonexistent.test-nsec3.example,cold,1462400,3,True,1788708309.686009,
bind,nsec3,nonexistent.test-nsec3.example,cold,1413500,3,True,1788708309.6888542,
bind,nsec3,nonexistent.test-nsec3.example,cold,1566400,3,True,1788708309.6904204,
bind,nsec3,nonexistent.test-nsec3.example,cold,1854500,3,True,1788708309.6920676,
bind,nsec3,nonexistent.test-nsec3.example,cold,1891700,3,True,1788708309.6943378,
bind,nsec3,nonexistent.test-nsec3.example,cold,1916700,3,True,1788708309.6964662,
bind,nsec3,nonexistent.test-nsec3.example,cold,1816400,3,True,1788708309.698037,
bind,nsec3,nonexistent.test-nsec3.example,cold,1929300,3,True,1788708309.7002442,
bind,nsec3,nonexistent.test-nsec3.example,cold,2003000,3,True,1788708309.7024605,
bind,nsec3,nonexistent.test-nsec3.example,cold,1728600,3,True,1788708309.7040327,
bind,nsec3,nonexistent.test-nsec3.example,cold,1461700,3,True,1788708309.7055936,
bind,nsec3,nonexistent.test-nsec3.example,cold,1904300,3,True,1788708309.7077465,
bind,nsec3,nonexistent.test-nsec3.example,cold,1972000,3,True,1788708309.7094095,
bind,nsec3,nonexistent.test-nsec3.example,cold,1716600,3,True,1788708309.7115376,
bind,nsec3,nonexistent.test-nsec3.example,cold,1680800,3,True,1788708309.713108,
bind,nsec3,nonexistent.test-nsec3.example,cold,1434300,3,True,1788708309.7146797,
bind,nsec3,nonexistent.test-nsec3.example,cold,1657900,3,True,1788708309.7162476,
bind,nsec3,nonexistent.test-nsec3.example,cold,1638100,3,True,1788708309.7178934,
bind,nsec3,nonexistent.test-nsec3.example,cold,1432000,3,True,1788708309.7194822,
bind,nsec3,nonexistent.test-nsec3.example,cold,1458700,3,True,1788708309.7210548,
bind,nsec3,nonexistent.test-nsec3.example,cold,1616900,3,True,1788708309.7227044,
bind,nsec3,nonexistent.test-nsec3.example,cold,1634500,3,True,1788708309.7242901,
bind,nsec3,nonexistent.test-nsec3.example,cold,1512100,3,True,1788708309.7259018,
bind,nsec3,nonexistent.test-nsec3.example,cold,1573600,3,True,1788708309.7275085,
bind,nsec3,nonexistent.test-nsec3.example,cold,1384400,3,True,1788708309.7291124,
bind,nsec3,nonexistent.test-nsec3.example,cold,1417500,3,True,1788708309.7306736,
bind,nsec3,nonexistent.test-nsec3.example,cold,1790200,3,True,1788708309.7323456,
bind,nsec3,nonexistent.test-nsec3.example,cold,1676800,3,True,1788708309.7344704,
bind,nsec3,nonexistent.test-nsec3.example,cold,1745000,3,True,1788708309.7362163,
bind,nsec3,nonexistent.test-nsec3.example,cold,1891300,3,True,1788708309.7379503,
bind,nsec3,nonexistent.test-nsec3.example,cold,2094100,3,True,1788708309.7401175,
bind,nsec3,nonexistent.test-nsec3.example,cold,1648800,3,True,1788708309.7421966,
bind,nsec3,nonexistent.test-nsec3.example,cold,1838600,3,True,1788708309.7437778,
bind,nsec3,nonexistent.test-nsec3.example,cold,1908900,3,True,1788708309.7458577,
bind,nsec3,nonexistent.test-nsec3.example,cold,1570700,3,True,1788708309.7474117,
bind,nsec3,nonexistent.test-nsec3.example,cold,1749000,3,True,1788708309.749537,
bind,nsec3,nonexistent.test-nsec3.example,cold,1545900,3,True,1788708309.7511137,
bind,nsec3,nonexistent.test-nsec3.example,cold,2091300,3,True,1788708309.7533596,
bind,nsec3,nonexistent.test-nsec3.example,cold,2942300,3,True,1788708309.756366,
bind,nsec3,nonexistent.test-nsec3.example,cold,2290300,3,True,1788708309.758461,
bind,nsec3,nonexistent.test-nsec3.example,cold,2263600,3,True,1788708309.7610655,
bind,nsec3,nonexistent.test-nsec3.example,cold,2349700,3,True,1788708309.7631674,
bind,nsec3,nonexistent.test-nsec3.example,cold,1940300,3,True,1788708309.7652307,
bind,nsec3,nonexistent.test-nsec3.example,cold,1717500,3,True,1788708309.767315,
bind,nsec3,nonexistent.test-nsec3.example,cold,1776800,3,True,1788708309.7689075,
bind,nsec3,nonexistent.test-nsec3.example,cold,1639000,3,True,1788708309.7707086,
bind,nsec3,nonexistent.test-nsec3.example,cold,1778100,3,True,1788708309.772799,
bind,nsec3,nonexistent.test-nsec3.example,cold,1593400,3,True,1788708309.7743828,
bind,nsec3,nonexistent.test-nsec3.example,cold,1584300,3,True,1788708309.775952,
bind,nsec3,nonexistent.test-nsec3.example,cold,1660100,3,True,1788708309.7775078,
bind,nsec3,nonexistent.test-nsec3.example,cold,1523500,3,True,1788708309.7790837,
bind,nsec3,nonexistent.test-nsec3.example,cold,1695800,3,True,1788708309.7811596,
bind,nsec3,nonexistent.test-nsec3.example,cold,1781500,3,True,1788708309.7828608,
bind,nsec3,nonexistent.test-nsec3.example,cold,2481800,3,True,1788708309.7852027,
bind,nsec3,nonexistent.test-nsec3.example,cold,1810200,3,True,1788708309.787304,
bind,nsec3,nonexistent.test-nsec3.example,cold,1557000,3,True,1788708309.7889428,
bind,nsec3,nonexistent.test-nsec3.example,cold,1608500,3,True,1788708309.790507,
bind,nsec3,nonexistent.test-nsec3.example,cold,1688300,3,True,1788708309.7926078,
bind,nsec3,nonexistent.test-nsec3.example,cold,1917700,3,True,1788708309.794178,
bind,nsec3,nonexistent.test-nsec3.example,cold,1678200,3,True,1788708309.7962575,
bind,nsec3,nonexistent.test-nsec3.example,cold,1583000,3,True,1788708309.7978783,
bind,nsec3,nonexistent.test-nsec3.example,cold,2152300,3,True,1788708309.8001099,
bind,nsec3,nonexistent.test-nsec3.example,cold,1676800,3,True,1788708309.8016717,
bind,nsec3,nonexistent.test-nsec3.example,cold,1765000,3,True,1788708309.8037598,
bind,nsec3,nonexistent.test-nsec3.example,cold,1582500,3,True,1788708309.8053238,
bind,nsec3,nonexistent.test-nsec3.example,cold,1777200,3,True,1788708309.8068974,
bind,nsec3,nonexistent.test-nsec3.example,cold,1579000,3,True,1788708309.808986,
bind,nsec3,nonexistent.test-nsec3.example,cold,1639500,3,True,1788708309.8105805,
bind,nsec3,nonexistent.test-nsec3.example,cold,1804900,3,True,1788708309.812143,
bind,nsec3,nonexistent.test-nsec3.example,cold,1886900,3,True,1788708309.814227,
bind,nsec3,nonexistent.test-nsec3.example,cold,3292200,3,True,1788708309.8179207,
bind,nsec3,nonexistent.test-nsec3.example,cold,2190400,3,True,1788708309.820029,
bind,nsec3,nonexistent.test-nsec3.example,cold,2102600,3,True,1788708309.82219,
bind,nsec3,nonexistent.test-nsec3.example,cold,2137600,3,True,1788708309.824277,
bind,nsec3,nonexistent.test-nsec3.example,cold,1690700,3,True,1788708309.826353,
bind,nsec3,nonexistent.test-nsec3.example,cold,1592900,3,True,1788708309.827919,
bind,nsec3,nonexistent.test-nsec3.example,cold,1703600,3,True,1788708309.8299038,
bind,nsec3,nonexistent.test-nsec3.example,cold,2742600,3,True,1788708309.8325958,
bind,nsec3,nonexistent.test-nsec3.example,cold,2239800,3,True,1788708309.8346832,
bind,nsec3,nonexistent.test-nsec3.example,cold,2431800,3,True,1788708309.8372986,
bind,nsec3,nonexistent.test-nsec3.example,cold,1774800,3,True,1788708309.8393545,
bind,nsec3,nonexistent.test-nsec3.example,cold,1659900,3,True,1788708309.8409095,
bind,nsec3,nonexistent.test-nsec3.example,cold,1671400,3,True,1788708309.8424592,
bind,nsec3,nonexistent.test-nsec3.example,cold,1756400,3,True,1788708309.84455,
bind,nsec3,nonexistent.test-nsec3.example,cold,1967800,3,True,1788708309.8464441,
bind,nsec3,nonexistent.test-nsec3.example,cold,1663300,3,True,1788708309.8485155,
bind,nsec3,nonexistent.test-nsec3.example,cold,1967000,3,True,1788708309.8501182,
bind,nsec3,nonexistent.test-nsec3.example,cold,1641700,3,True,1788708309.8521993,
bind,nsec3,nonexistent.test-nsec3.example,cold,1594900,3,True,1788708309.8537655,
bind,nsec3,nonexistent.test-nsec3.example,cold,1718700,3,True,1788708309.855341,
bind,nsec3,nonexistent.test-nsec3.example,cold,1781100,3,True,1788708309.8574445,
bind,nsec3,nonexistent.test-nsec3.example,cold,1548200,3,True,1788708309.8589997,
bind,nsec3,nonexistent.test-nsec3.example,cold,2240200,3,True,1788708309.861292,
bind,nsec3,nonexistent.test-nsec3.example,cold,2657900,3,True,1788708309.8640087,
bind,nsec3,nonexistent.test-nsec3.example,cold,2504800,3,True,1788708309.866603,
bind,nsec3,nonexistent.test-nsec3.example,cold,2369100,3,True,1788708309.8692029,
bind,nsec3,nonexistent.test-nsec3.example,cold,1832600,3,True,1788708309.8707867,
bind,nsec3,nonexistent.test-nsec3.example,cold,1632000,3,True,1788708309.8728657,
bind,nsec3,nonexistent.test-nsec3.example,cold,1739300,3,True,1788708309.8744416,
bind,nsec3,nonexistent.test-nsec3.example,cold,1740300,3,True,1788708309.8760674,
bind,nsec3,nonexistent.test-nsec3.example,cold,1658200,3,True,1788708309.8781435,
bind,nsec3,nonexistent.test-nsec3.example,cold,1540300,3,True,1788708309.8797472,
bind,nsec3,nonexistent.test-nsec3.example,cold,2639300,3,True,1788708309.8822923,
bind,nsec3,nonexistent.test-nsec3.example,cold,2038700,3,True,1788708309.8843644,
bind,nsec3,nonexistent.test-nsec3.example,cold,1876400,3,True,1788708309.8864508,
bind,nsec3,nonexistent.test-nsec3.example,cold,1590300,3,True,1788708309.888023,
bind,nsec3,nonexistent.test-nsec3.example,cold,1560700,3,True,1788708309.889612,
bind,nsec3,nonexistent.test-nsec3.example,cold,2517500,3,True,1788708309.8922775,
bind,nsec3,nonexistent.test-nsec3.example,cold,2337500,3,True,1788708309.8948848,
bind,nsec3,nonexistent.test-nsec3.example,cold,1985500,3,True,1788708309.89699,
bind,nsec3,nonexistent.test-nsec3.example,cold,2112300,3,True,1788708309.8990886,
bind,nsec3,nonexistent.test-nsec3.example,cold,1746900,3,True,1788708309.901052,
bind,nsec3,nonexistent.test-nsec3.example,cold,1509000,3,True,1788708309.9026117,
bind,nsec3,nonexistent.test-nsec3.example,cold,1662700,3,True,1788708309.9041765,
bind,nsec3,nonexistent.test-nsec3.example,cold,1621800,3,True,1788708309.9057481,
bind,nsec3,nonexistent.test-nsec3.example,cold,1799300,3,True,1788708309.907861,
bind,nsec3,nonexistent.test-nsec3.example,cold,1780100,3,True,1788708309.909416,
bind,nsec3,nonexistent.test-nsec3.example,cold,1660700,3,True,1788708309.91153,
bind,nsec3,nonexistent.test-nsec3.example,cold,1918900,3,True,1788708309.9131334,
bind,nsec3,nonexistent.test-nsec3.example,cold,1910500,3,True,1788708309.9152946,
bind,nsec3,nonexistent.test-nsec3.example,cold,1769600,3,True,1788708309.9173741,
bind,nsec3,nonexistent.test-nsec3.example,cold,1471300,3,True,1788708309.918952,
bind,nsec3,nonexistent.test-nsec3.example,cold,1639500,3,True,1788708309.9205952,
bind,nsec3,nonexistent.test-nsec3.example,cold,2783500,3,True,1788708309.9234767,
bind,nsec3,nonexistent.test-nsec3.example,cold,2965100,3,True,1788708309.926155,
bind,nsec3,nonexistent.test-nsec3.example,cold,2323200,3,True,1788708309.928756,
bind,nsec3,nonexistent.test-nsec3.example,cold,2079400,3,True,1788708309.9302974,
bind,nsec3,nonexistent.test-nsec3.example,cold,2268300,3,True,1788708309.931302,
bind,nsec3,nonexistent.test-nsec3.example,cold,1807700,3,True,1788708309.935354,
bind,nsec3,nonexistent.test-nsec3.example,cold,1701800,3,True,1788708309.9369175,
bind,nsec3,nonexistent.test-nsec3.example,cold,1776400,3,True,1788708309.9390604,
bind,nsec3,nonexistent.test-nsec3.example,cold,1632400,3,True,1788708309.9406297,
bind,nsec3,nonexistent.test-nsec3.example,cold,3765200,3,True,1788708309.9442973,
bind,nsec3,nonexistent.test-nsec3.example,cold,2877600,3,True,1788708309.9474566,
bind,nsec3,nonexistent.test-nsec3.example,cold,11286600,3,True,1788708309.9587862,
bind,nsec3,nonexistent.test-nsec3.example,cold,1928900,3,True,1788708309.9608672,
bind,nsec3,nonexistent.test-nsec3.example,cold,1718900,3,True,1788708309.962428,
bind,nsec3,nonexistent.test-nsec3.example,cold,1830700,3,True,1788708309.964515,
bind,nsec3,nonexistent.test-nsec3.example,cold,1665800,3,True,1788708309.9660926,
bind,nsec3,nonexistent.test-nsec3.example,cold,1651900,3,True,1788708309.9676597,
bind,nsec3,nonexistent.test-nsec3.example,cold,4287600,3,True,1788708309.9723554,
bind,nsec3,nonexistent.test-nsec3.example,cold,2037600,3,True,1788708309.9744427,
bind,nsec3,nonexistent.test-nsec3.example,cold,2114900,3,True,1788708309.9765282,
bind,nsec3,nonexistent.test-nsec3.example,cold,2092800,3,True,1788708309.9786055,
bind,nsec3,nonexistent.test-nsec3.example,cold,2007900,3,True,1788708309.9810948,
bind,nsec3,nonexistent.test-nsec3.example,cold,1839300,3,True,1788708309.9826694,
bind,nsec3,nonexistent.test-nsec3.example,cold,1979200,3,True,1788708309.9848173,
bind,nsec3,nonexistent.test-nsec3.example,cold,1916700,3,True,1788708309.986877,
bind,nsec3,nonexistent.test-nsec3.example,cold,1692500,3,True,1788708309.9884539,
bind,nsec3,nonexistent.test-nsec3.example,cold,1872000,3,True,1788708309.9906013,
bind,nsec3,nonexistent.test-nsec3.example,cold,1629700,3,True,1788708309.992167,
bind,nsec3,nonexistent.test-nsec3.example,cold,1629400,3,True,1788708309.9937375,
bind,nsec3,nonexistent.test-nsec3.example,cold,1486700,3,True,1788708309.9953182,
bind,nsec3,nonexistent.test-nsec3.example,cold,1660300,3,True,1788708309.9974532,
bind,nsec3,nonexistent.test-nsec3.example,cold,1743000,3,True,1788708309.9991717,
bind,nsec3,nonexistent.test-nsec3.example,cold,2024400,3,True,1788708310.0013266,
bind,nsec3,nonexistent.test-nsec3.example,cold,1972300,3,True,1788708310.003456,
bind,nsec3,nonexistent.test-nsec3.example,cold,3553700,3,True,1788708310.0066376,
bind,nsec3,nonexistent.test-nsec3.example,cold,1659500,3,True,1788708310.0087295,
bind,nsec3,nonexistent.test-nsec3.example,cold,1689200,3,True,1788708310.0103173,
bind,nsec3,nonexistent.test-nsec3.example,cold,1666100,3,True,1788708310.0124,
bind,nsec3,nonexistent.test-nsec3.example,cold,1590500,3,True,1788708310.01401,
bind,nsec3,nonexistent.test-nsec3.example,cold,1900400,3,True,1788708310.0157065,
bind,nsec3,nonexistent.test-nsec3.example,cold,1742400,3,True,1788708310.01781,
bind,nsec3,nonexistent.test-nsec3.example,cold,1759500,3,True,1788708310.019438,
bind,nsec3,nonexistent.test-nsec3.example,cold,1602100,3,True,1788708310.0210433,
bind,nsec3,nonexistent.test-nsec3.example,cold,1702100,3,True,1788708310.0231373,
bind,nsec3,nonexistent.test-nsec3.example,cold,1679100,3,True,1788708310.024703,
bind,nsec3,nonexistent.test-nsec3.example,cold,2209200,3,True,1788708310.0268004,
bind,nsec3,nonexistent.test-nsec3.example,cold,2759300,3,True,1788708310.029561,
bind,nsec3,nonexistent.test-nsec3.example,cold,4055200,3,True,1788708310.0340233,
bind,nsec3,nonexistent.test-nsec3.example,cold,3149200,3,True,1788708310.0376897,
bind,nsec3,nonexistent.test-nsec3.example,cold,3215500,3,True,1788708310.040936,
bind,nsec3,nonexistent.test-nsec3.example,cold,2941700,3,True,1788708310.0441635,
bind,nsec3,nonexistent.test-nsec3.example,cold,2793200,3,True,1788708310.0468361,
bind,nsec3,nonexistent.test-nsec3.example,cold,2275900,3,True,1788708310.0490997,
bind,nsec3,nonexistent.test-nsec3.example,cold,2449600,3,True,1788708310.051725,
bind,nsec3,nonexistent.test-nsec3.example,cold,2025800,3,True,1788708310.0538132,
bind,nsec3,nonexistent.test-nsec3.example,cold,24759100,3,True,1788708310.078916,
bind,nsec3,nonexistent.test-nsec3.example,cold,2289000,3,True,1788708310.0809243,
bind,nsec3,nonexistent.test-nsec3.example,cold,2198900,3,True,1788708310.0831375,
bind,nsec3,nonexistent.test-nsec3.example,cold,1989100,3,True,1788708310.0852637,
bind,nsec3,nonexistent.test-nsec3.example,cold,2015600,3,True,1788708310.0874186,
bind,nsec3,nonexistent.test-nsec3.example,cold,1945400,3,True,1788708310.0897396,
bind,nsec3,nonexistent.test-nsec3.example,cold,1547300,3,True,1788708310.0913134,
bind,nsec3,nonexistent.test-nsec3.example,cold,1735900,3,True,1788708310.0929084,
bind,nsec3,nonexistent.test-nsec3.example,cold,16156500,3,True,1788708310.1088696,
bind,nsec3,nonexistent.test-nsec3.example,cold,2109800,3,True,1788708310.1116707,
bind,nsec3,nonexistent.test-nsec3.example,cold,1779700,3,True,1788708310.1132288,
bind,nsec3,nonexistent.test-nsec3.example,cold,1838500,3,True,1788708310.115309,
bind,nsec3,nonexistent.test-nsec3.example,cold,2002600,3,True,1788708310.1174262,
bind,nsec3,nonexistent.test-nsec3.example,cold,1778200,3,True,1788708310.1189866,
bind,nsec3,nonexistent.test-nsec3.example,cold,1706300,3,True,1788708310.1210692,
bind,nsec3,nonexistent.test-nsec3.example,cold,1547400,3,True,1788708310.1226482,
bind,nsec3,nonexistent.test-nsec3.example,cold,1633700,3,True,1788708310.124326,
bind,nsec3,nonexistent.test-nsec3.example,cold,1437900,3,True,1788708310.1258893,
bind,nsec3,nonexistent.test-nsec3.example,cold,1618400,3,True,1788708310.127481,
bind,nsec3,nonexistent.test-nsec3.example,cold,1639800,3,True,1788708310.1291142,
bind,nsec3,nonexistent.test-nsec3.example,cold,1532000,3,True,1788708310.1308928,
bind,nsec3,nonexistent.test-nsec3.example,cold,1728700,3,True,1788708310.1325953,
bind,nsec3,nonexistent.test-nsec3.example,cold,1760200,3,True,1788708310.1342673,
bind,nsec3,nonexistent.test-nsec3.example,cold,1664500,3,True,1788708310.1364667,
bind,nsec3,nonexistent.test-nsec3.example,cold,1695600,3,True,1788708310.13806,
bind,nsec3,nonexistent.test-nsec3.example,cold,2190500,3,True,1788708310.1401522,
bind,nsec3,nonexistent.test-nsec3.example,cold,2405200,3,True,1788708310.1429226,
bind,nsec3,nonexistent.test-nsec3.example,cold,2693000,3,True,1788708310.1455448,
bind,nsec3,nonexistent.test-nsec3.example,cold,1908900,3,True,1788708310.147289,
bind,nsec3,nonexistent.test-nsec3.example,cold,2169600,3,True,1788708310.149602,
bind,nsec3,nonexistent.test-nsec3.example,cold,2202200,3,True,1788708310.1522145,
bind,nsec3,nonexistent.test-nsec3.example,cold,2142100,3,True,1788708310.1542284,
bind,nsec3,nonexistent.test-nsec3.example,cold,1668500,3,True,1788708310.1558785,
bind,nsec3,nonexistent.test-nsec3.example,cold,1650900,3,True,1788708310.1577978,
bind,nsec3,nonexistent.test-nsec3.example,cold,1781800,3,True,1788708310.1596158,
bind,nsec3,nonexistent.test-nsec3.example,cold,1562200,3,True,1788708310.1612747,
bind,nsec3,nonexistent.test-nsec3.example,cold,2215900,3,True,1788708310.1634111,
bind,nsec3,nonexistent.test-nsec3.example,cold,3507900,3,True,1788708310.1671293,
bind,nsec3,nonexistent.test-nsec3.example,cold,2380200,3,True,1788708310.1697674,
bind,nsec3,nonexistent.test-nsec3.example,cold,2555700,3,True,1788708310.172562,
bind,nsec3,nonexistent.test-nsec3.example,cold,1944400,3,True,1788708310.1745903,
bind,nsec3,nonexistent.test-nsec3.example,cold,2553500,3,True,1788708310.1777868,
bind,nsec3,nonexistent.test-nsec3.example,cold,1962300,3,True,1788708310.1793911,
bind,nsec3,nonexistent.test-nsec3.example,cold,1848700,3,True,1788708310.18151,
bind,nsec3,nonexistent.test-nsec3.example,cold,1917300,3,True,1788708310.1835878,
bind,nsec3,nonexistent.test-nsec3.example,cold,1824000,3,True,1788708310.1851606,
bind,nsec3,nonexistent.test-nsec3.example,cold,2128400,3,True,1788708310.1875496,
bind,nsec3,nonexistent.test-nsec3.example,cold,2414000,3,True,1788708310.1903415,
bind,nsec3,nonexistent.test-nsec3.example,cold,27633200,3,True,1788708310.2180793,
bind,nsec3,nonexistent.test-nsec3.example,cold,2464900,3,True,1788708310.220278,
bind,nsec3,nonexistent.test-nsec3.example,cold,1931600,3,True,1788708310.222375,
bind,nsec3,nonexistent.test-nsec3.example,cold,1920100,3,True,1788708310.2245705,
bind,nsec3,nonexistent.test-nsec3.example,cold,1807400,3,True,1788708310.226208,
bind,nsec3,nonexistent.test-nsec3.example,cold,1999400,3,True,1788708310.2282832,
bind,nsec3,nonexistent.test-nsec3.example,cold,1866900,3,True,1788708310.2303712,
bind,nsec3,nonexistent.test-nsec3.example,cold,2016800,3,True,1788708310.2324996,
bind,nsec3,nonexistent.test-nsec3.example,cold,2043600,3,True,1788708310.2346237,
bind,nsec3,nonexistent.test-nsec3.example,cold,1913900,3,True,1788708310.2366984,
bind,nsec3,nonexistent.test-nsec3.example,cold,1898600,3,True,1788708310.2387872,
bind,nsec3,nonexistent.test-nsec3.example,cold,1890300,3,True,1788708310.240353,
bind,nsec3,nonexistent.test-nsec3.example,cold,2037900,3,True,1788708310.2425356,
bind,nsec3,nonexistent.test-nsec3.example,cold,1836500,3,True,1788708310.2446644,
bind,nsec3,nonexistent.test-nsec3.example,cold,2116400,3,True,1788708310.2467628,
bind,nsec3,nonexistent.test-nsec3.example,cold,2412400,3,True,1788708310.2493777,
bind,nsec3,nonexistent.test-nsec3.example,cold,2700300,3,True,1788708310.252198,
bind,nsec3,nonexistent.test-nsec3.example,cold,2630900,3,True,1788708310.2545955,
bind,nsec3,nonexistent.test-nsec3.example,cold,1927100,3,True,1788708310.2567825,
bind,nsec3,nonexistent.test-nsec3.example,cold,1921100,3,True,1788708310.2589512,
bind,nsec3,nonexistent.test-nsec3.example,cold,2411700,3,True,1788708310.2614763,
bind,nsec3,nonexistent.test-nsec3.example,cold,2215500,3,True,1788708310.2636533,
bind,nsec3,nonexistent.test-nsec3.example,cold,1857900,3,True,1788708310.2657351,
bind,nsec3,nonexistent.test-nsec3.example,cold,2181400,3,True,1788708310.2678287,
bind,nsec3,nonexistent.test-nsec3.example,cold,2061400,3,True,1788708310.2699285,
bind,nsec3,nonexistent.test-nsec3.example,cold,2078100,3,True,1788708310.2721188,
bind,nsec3,nonexistent.test-nsec3.example,cold,1882400,3,True,1788708310.2741861,
bind,nsec3,nonexistent.test-nsec3.example,cold,1559600,3,True,1788708310.2757638,
bind,nsec3,nonexistent.test-nsec3.example,cold,1786900,3,True,1788708310.2778568,
bind,nsec3,nonexistent.test-nsec3.example,cold,1842600,3,True,1788708310.279639,
bind,nsec3,nonexistent.test-nsec3.example,cold,1804400,3,True,1788708310.2817268,
bind,nsec3,nonexistent.test-nsec3.example,cold,1838900,3,True,1788708310.2832894,
bind,nsec3,nonexistent.test-nsec3.example,cold,2024900,3,True,1788708310.2853725,
bind,nsec3,nonexistent.test-nsec3.example,cold,2141400,3,True,1788708310.2880006,
bind,nsec3,nonexistent.test-nsec3.example,cold,2005000,3,True,1788708310.2901275,
bind,nsec3,nonexistent.test-nsec3.example,cold,1768300,3,True,1788708310.2917645,
bind,nsec3,nonexistent.test-nsec3.example,cold,2196900,3,True,1788708310.29373,
bind,nsec3,nonexistent.test-nsec3.example,cold,2099600,3,True,1788708310.2963824,
bind,nsec3,nonexistent.test-nsec3.example,cold,2324100,3,True,1788708310.298474,
bind,nsec3,nonexistent.test-nsec3.example,cold,2139100,3,True,1788708310.3007424,
bind,nsec3,nonexistent.test-nsec3.example,cold,1889500,3,True,1788708310.302847,
bind,nsec3,nonexistent.test-nsec3.example,cold,2196800,3,True,1788708310.3051713,
bind,nsec3,nonexistent.test-nsec3.example,cold,1955000,3,True,1788708310.3072891,
bind,nsec3,nonexistent.test-nsec3.example,cold,1947200,3,True,1788708310.3090463,
bind,nsec3,nonexistent.test-nsec3.example,cold,2058900,3,True,1788708310.31166,
bind,nsec3,nonexistent.test-nsec3.example,cold,1755600,3,True,1788708310.3132179,
bind,nsec3,nonexistent.test-nsec3.example,cold,2053900,3,True,1788708310.315304,
bind,nsec3,nonexistent.test-nsec3.example,cold,2061400,3,True,1788708310.3173873,
bind,nsec3,nonexistent.test-nsec3.example,cold,1828800,3,True,1788708310.3194685,
bind,nsec3,nonexistent.test-nsec3.example,cold,2218400,3,True,1788708310.3216608,
bind,nsec3,nonexistent.test-nsec3.example,cold,1956300,3,True,1788708310.3226333,
bind,nsec3,nonexistent.test-nsec3.example,cold,2119000,3,True,1788708310.3262475,
bind,nsec3,nonexistent.test-nsec3.example,cold,1927200,3,True,1788708310.3279011,
bind,nsec3,nonexistent.test-nsec3.example,cold,1685700,3,True,1788708310.329614,
bind,nsec3,nonexistent.test-nsec3.example,cold,1830800,3,True,1788708310.330827,
bind,nsec3,nonexistent.test-nsec3.example,cold,2301800,3,True,1788708310.334358,
bind,nsec3,nonexistent.test-nsec3.example,cold,1997100,3,True,1788708310.3366556,
bind,nsec3,nonexistent.test-nsec3.example,cold,1845700,3,True,1788708310.3382287,
bind,nsec3,nonexistent.test-nsec3.example,cold,5031000,3,True,1788708310.3434162,
bind,nsec3,nonexistent.test-nsec3.example,cold,2311800,3,True,1788708310.346078,
bind,nsec3,nonexistent.test-nsec3.example,cold,2362200,3,True,1788708310.3481572,
bind,nsec3,nonexistent.test-nsec3.example,cold,4179800,3,True,1788708310.3523095,
bind,nsec3,nonexistent.test-nsec3.example,cold,1932600,3,True,1788708310.3544056,
bind,nsec3,nonexistent.test-nsec3.example,cold,6787700,3,True,1788708310.3614106,
bind,nsec3,nonexistent.test-nsec3.example,cold,2476100,3,True,1788708310.364049,
bind,nsec3,nonexistent.test-nsec3.example,cold,2452800,3,True,1788708310.3666484,
bind,nsec3,nonexistent.test-nsec3.example,cold,4015100,3,True,1788708310.3708432,
bind,nsec3,nonexistent.test-nsec3.example,cold,1964600,3,True,1788708310.3729436,
bind,nsec3,nonexistent.test-nsec3.example,cold,2198500,3,True,1788708310.3750622,
bind,nsec3,nonexistent.test-nsec3.example,cold,4042900,3,True,1788708310.3792279,
bind,nsec3,nonexistent.test-nsec3.example,cold,2000400,3,True,1788708310.3813212,
bind,nsec3,nonexistent.test-nsec3.example,cold,5544400,3,True,1788708310.387158,
bind,nsec3,nonexistent.test-nsec3.example,cold,5189500,3,True,1788708310.3924155,
bind,nsec3,nonexistent.test-nsec3.example,cold,2453000,3,True,1788708310.394498,
bind,nsec3,nonexistent.test-nsec3.example,cold,3986800,3,True,1788708310.3986652,
bind,nsec3,nonexistent.test-nsec3.example,cold,5862400,3,True,1788708310.4046834,
bind,nsec3,nonexistent.test-nsec3.example,cold,2796600,3,True,1788708310.4074292,
bind,nsec3,nonexistent.test-nsec3.example,cold,2468700,3,True,1788708310.4101276,
bind,nsec3,nonexistent.test-nsec3.example,cold,4340900,3,True,1788708310.4149108,
bind,nsec3,nonexistent.test-nsec3.example,cold,5110900,3,True,1788708310.4196274,
bind,nsec3,nonexistent.test-nsec3.example,cold,2479400,3,True,1788708310.4222207,
bind,nsec3,nonexistent.test-nsec3.example,cold,1962700,3,True,1788708310.424301,
bind,nsec3,nonexistent.test-nsec3.example,cold,1993800,3,True,1788708310.4264047,
bind,nsec3,nonexistent.test-nsec3.example,cold,1938400,3,True,1788708310.428516,
bind,nsec3,nonexistent.test-nsec3.example,cold,1895300,3,True,1788708310.4306195,
bind,nsec3,nonexistent.test-nsec3.example,cold,2880300,3,True,1788708310.4336402,
bind,nsec3,nonexistent.test-nsec3.example,cold,2293100,3,True,1788708310.4358163,
bind,nsec3,nonexistent.test-nsec3.example,cold,1821100,3,True,1788708310.4379072,
bind,nsec3,nonexistent.test-nsec3.example,cold,1768100,3,True,1788708310.4394753,
bind,nsec3,nonexistent.test-nsec3.example,cold,3231400,3,True,1788708310.4427788,
bind,nsec3,nonexistent.test-nsec3.example,cold,1507200,3,True,1788708310.444341,
bind,nsec3,nonexistent.test-nsec3.example,cold,1551500,3,True,1788708310.4464192,
bind,nsec3,nonexistent.test-nsec3.example,cold,1845800,3,True,1788708310.4479895,
bind,nsec3,nonexistent.test-nsec3.example,cold,1988900,3,True,1788708310.450192,
bind,nsec3,nonexistent.test-nsec3.example,cold,1886600,3,True,1788708310.4519672,
bind,nsec3,nonexistent.test-nsec3.example,cold,1622600,3,True,1788708310.453542,
bind,nsec3,nonexistent.test-nsec3.example,cold,1557800,3,True,1788708310.4556482,
bind,nsec3,nonexistent.test-nsec3.example,cold,1595200,3,True,1788708310.4572318,
bind,nsec3,nonexistent.test-nsec3.example,cold,1399900,3,True,1788708310.4588125,
bind,nsec3,nonexistent.test-nsec3.example,cold,1422400,3,True,1788708310.459841,
bind,nsec3,nonexistent.test-nsec3.example,cold,1504200,3,True,1788708310.4614332,
bind,nsec3,nonexistent.test-nsec3.example,cold,17087700,3,True,1788708310.4785733,
bind,nsec3,nonexistent.test-nsec3.example,cold,1784000,3,True,1788708310.4806795,
bind,nsec3,nonexistent.test-nsec3.example,cold,1558400,3,True,1788708310.4822335,
bind,nsec3,nonexistent.test-nsec3.example,cold,1637200,3,True,1788708310.4838545,
bind,nsec3,nonexistent.test-nsec3.example,cold,1560100,3,True,1788708310.485426,
bind,nsec3,nonexistent.test-nsec3.example,cold,1435500,3,True,1788708310.4870012,
bind,nsec3,nonexistent.test-nsec3.example,cold,1588600,3,True,1788708310.488649,
bind,nsec3,nonexistent.test-nsec3.example,cold,1562100,3,True,1788708310.490245,
bind,nsec3,nonexistent.test-nsec3.example,cold,1812400,3,True,1788708310.4923878,
bind,nsec3,nonexistent.test-nsec3.example,cold,1686700,3,True,1788708310.4941163,
bind,nsec3,nonexistent.test-nsec3.example,cold,1673500,3,True,1788708310.4956818,
bind,nsec3,nonexistent.test-nsec3.example,cold,1506800,3,True,1788708310.497284,
bind,nsec3,nonexistent.test-nsec3.example,cold,1615700,3,True,1788708310.498867,
bind,nsec3,nonexistent.test-nsec3.example,cold,1668400,3,True,1788708310.5009897,
bind,nsec3,nonexistent.test-nsec3.example,cold,1483900,3,True,1788708310.5025668,
bind,nsec3,nonexistent.test-nsec3.example,cold,1436500,3,True,1788708310.5041373,
bind,nsec3,nonexistent.test-nsec3.example,cold,1476000,3,True,1788708310.5051894,
bind,nsec3,nonexistent.test-nsec3.example,cold,1588800,3,True,1788708310.506783,
bind,nsec3,nonexistent.test-nsec3.example,cold,1689800,3,True,1788708310.5089195,
bind,nsec3,nonexistent.test-nsec3.example,cold,1827200,3,True,1788708310.5105486,
bind,nsec3,nonexistent.test-nsec3.example,cold,2177400,3,True,1788708310.5132296,
bind,nsec3,nonexistent.test-nsec3.example,cold,2275200,3,True,1788708310.515359,
bind,nsec3,nonexistent.test-nsec3.example,cold,2080100,3,True,1788708310.5175292,
bind,nsec3,nonexistent.test-nsec3.example,cold,1983100,3,True,1788708310.5196757,
bind,nsec3,nonexistent.test-nsec3.example,cold,2039800,3,True,1788708310.5219347,
bind,nsec3,nonexistent.test-nsec3.example,cold,2104100,3,True,1788708310.523538,
bind,nsec3,nonexistent.test-nsec3.example,cold,1749300,3,True,1788708310.5259793,
bind,nsec3,nonexistent.test-nsec3.example,cold,1590800,3,True,1788708310.527538,
bind,nsec3,nonexistent.test-nsec3.example,cold,1468200,3,True,1788708310.5291548,
bind,nsec3,nonexistent.test-nsec3.example,cold,1652700,3,True,1788708310.5307097,
bind,nsec3,nonexistent.test-nsec3.example,cold,1576800,3,True,1788708310.5322793,
bind,nsec3,nonexistent.test-nsec3.example,cold,1902300,3,True,1788708310.5343833,
bind,nsec3,nonexistent.test-nsec3.example,cold,1563400,3,True,1788708310.535977,
bind,nsec3,nonexistent.test-nsec3.example,cold,1467000,3,True,1788708310.5375435,
bind,nsec3,nonexistent.test-nsec3.example,cold,1737500,3,True,1788708310.5391188,
bind,nsec3,nonexistent.test-nsec3.example,cold,1960500,3,True,1788708310.5414274,
bind,nsec3,nonexistent.test-nsec3.example,cold,2038000,3,True,1788708310.5432596,
bind,nsec3,nonexistent.test-nsec3.example,cold,1869300,3,True,1788708310.5454042,
bind,nsec3,nonexistent.test-nsec3.example,cold,1725000,3,True,1788708310.5472243,
bind,nsec3,nonexistent.test-nsec3.example,cold,1948100,3,True,1788708310.5494492,
bind,nsec3,nonexistent.test-nsec3.example,cold,2024400,3,True,1788708310.5516214,
bind,nsec3,nonexistent.test-nsec3.example,cold,1564900,3,True,1788708310.5531971,
bind,nsec3,nonexistent.test-nsec3.example,cold,1529300,3,True,1788708310.5549016,
bind,nsec3,nonexistent.test-nsec3.example,cold,1651600,3,True,1788708310.556482,
bind,nsec3,nonexistent.test-nsec3.example,cold,1532300,3,True,1788708310.558064,
bind,nsec3,nonexistent.test-nsec3.example,cold,1663000,3,True,1788708310.5596237,
bind,nsec3,nonexistent.test-nsec3.example,cold,1571900,3,True,1788708310.5612452,
bind,nsec3,nonexistent.test-nsec3.example,cold,1685700,3,True,1788708310.5633395,
bind,nsec3,nonexistent.test-nsec3.example,cold,1579100,3,True,1788708310.564913,
bind,nsec3,nonexistent.test-nsec3.example,cold,1631900,3,True,1788708310.566514,
bind,nsec3,nonexistent.test-nsec3.example,cold,1545600,3,True,1788708310.5681214,
bind,nsec3,nonexistent.test-nsec3.example,cold,2169500,3,True,1788708310.5705066,
bind,nsec3,nonexistent.test-nsec3.example,cold,3829600,3,True,1788708310.5742924,
bind,nsec3,nonexistent.test-nsec3.example,cold,2310200,3,True,1788708310.5761492,
bind,nsec3,nonexistent.test-nsec3.example,cold,2173800,3,True,1788708310.577155,
bind,nsec3,nonexistent.test-nsec3.example,cold,1779300,3,True,1788708310.5809617,
bind,nsec3,nonexistent.test-nsec3.example,cold,1641000,3,True,1788708310.5825806,
bind,nsec3,nonexistent.test-nsec3.example,cold,1850600,3,True,1788708310.5847483,
bind,nsec3,nonexistent.test-nsec3.example,cold,1660500,3,True,1788708310.586401,
bind,nsec3,nonexistent.test-nsec3.example,cold,1643700,3,True,1788708310.5879736,
bind,nsec3,nonexistent.test-nsec3.example,cold,1574000,3,True,1788708310.5895488,
bind,nsec3,nonexistent.test-nsec3.example,cold,1637400,3,True,1788708310.591118,
bind,nsec3,nonexistent.test-nsec3.example,cold,1502300,3,True,1788708310.592677,
bind,nsec3,nonexistent.test-nsec3.example,cold,1398600,3,True,1788708310.5943377,
bind,nsec3,nonexistent.test-nsec3.example,cold,1546700,3,True,1788708310.595914,
bind,nsec3,nonexistent.test-nsec3.example,cold,1531900,3,True,1788708310.5977027,
bind,nsec3,nonexistent.test-nsec3.example,cold,1581000,3,True,1788708310.5992875,
bind,nsec3,nonexistent.test-nsec3.example,cold,1788100,3,True,1788708310.600861,
bind,nsec3,nonexistent.test-nsec3.example,cold,1623800,3,True,1788708310.6030514,
bind,nsec3,nonexistent.test-nsec3.example,cold,1665900,3,True,1788708310.604622,
bind,nsec3,nonexistent.test-nsec3.example,cold,1594500,3,True,1788708310.6062012,
bind,nsec3,nonexistent.test-nsec3.example,cold,1664900,3,True,1788708310.6077812,
bind,nsec3,nonexistent.test-nsec3.example,cold,1581200,3,True,1788708310.6094038,
bind,nsec3,nonexistent.test-nsec3.example,cold,1683000,3,True,1788708310.6115365,
bind,nsec3,nonexistent.test-nsec3.example,cold,1492800,3,True,1788708310.6131172,
bind,nsec3,nonexistent.test-nsec3.example,cold,1462100,3,True,1788708310.6141632,
bind,nsec3,nonexistent.test-nsec3.example,cold,1722200,3,True,1788708310.6162663,
bind,nsec3,nonexistent.test-nsec3.example,cold,2054600,3,True,1788708310.6185887,
bind,nsec3,nonexistent.test-nsec3.example,cold,1983500,3,True,1788708310.620324,
bind,nsec3,nonexistent.test-nsec3.example,cold,1743000,3,True,1788708310.6220293,
bind,nsec3,nonexistent.test-nsec3.example,cold,1754800,3,True,1788708310.623815,
bind,nsec3,nonexistent.test-nsec3.example,cold,1962200,3,True,1788708310.6259322,
bind,nsec3,nonexistent.test-nsec3.example,cold,1797000,3,True,1788708310.6281087,
bind,nsec3,nonexistent.test-nsec3.example,cold,2084000,3,True,1788708310.6303196,
bind,nsec3,nonexistent.test-nsec3.example,cold,1896100,3,True,1788708310.6318905,
bind,nsec3,nonexistent.test-nsec3.example,cold,3652400,3,True,1788708310.6361465,
bind,nsec3,nonexistent.test-nsec3.example,cold,2470300,3,True,1788708310.6384976,
bind,nsec3,nonexistent.test-nsec3.example,cold,2718900,3,True,1788708310.6411238,
bind,nsec3,nonexistent.test-nsec3.example,cold,3005900,3,True,1788708310.6445067,
bind,nsec3,nonexistent.test-nsec3.example,cold,2190700,3,True,1788708310.6466823,
bind,nsec3,nonexistent.test-nsec3.example,cold,4118300,3,True,1788708310.651164,
bind,nsec3,nonexistent.test-nsec3.example,cold,1869700,3,True,1788708310.6528761,
bind,nsec3,nonexistent.test-nsec3.example,cold,2257300,3,True,1788708310.6549926,
bind,nsec3,nonexistent.test-nsec3.example,cold,1835400,3,True,1788708310.6570914,
bind,nsec3,nonexistent.test-nsec3.example,cold,13479000,3,True,1788708310.670466,
bind,nsec3,nonexistent.test-nsec3.example,cold,3201200,3,True,1788708310.6742036,
bind,nsec3,nonexistent.test-nsec3.example,cold,1923500,3,True,1788708310.67612,
bind,nsec3,nonexistent.test-nsec3.example,cold,2099100,3,True,1788708310.6784408,
bind,nsec3,nonexistent.test-nsec3.example,cold,2221900,3,True,1788708310.680252,
bind,nsec3,nonexistent.test-nsec3.example,cold,1844600,3,True,1788708310.6824121,
bind,nsec3,nonexistent.test-nsec3.example,cold,1944700,3,True,1788708310.6846051,
bind,nsec3,nonexistent.test-nsec3.example,cold,1799500,3,True,1788708310.6862228,
bind,nsec3,nonexistent.test-nsec3.example,cold,1758500,3,True,1788708310.6883752,
bind,nsec3,nonexistent.test-nsec3.example,cold,1680200,3,True,1788708310.6899693,
bind,nsec3,nonexistent.test-nsec3.example,cold,1499600,3,True,1788708310.6916223,
bind,nsec3,nonexistent.test-nsec3.example,cold,1497300,3,True,1788708310.6931734,
bind,nsec3,nonexistent.test-nsec3.example,cold,1653900,3,True,1788708310.694831,
bind,nsec3,nonexistent.test-nsec3.example,cold,1614500,3,True,1788708310.6964037,
bind,nsec3,nonexistent.test-nsec3.example,cold,1543600,3,True,1788708310.69797,
bind,nsec3,nonexistent.test-nsec3.example,cold,1741300,3,True,1788708310.7000692,
bind,nsec3,nonexistent.test-nsec3.example,cold,1621500,3,True,1788708310.7016332,
bind,nsec3,nonexistent.test-nsec3.example,cold,1731100,3,True,1788708310.703193,
bind,nsec3,nonexistent.test-nsec3.example,cold,1543100,3,True,1788708310.7047193,
bind,nsec3,nonexistent.test-nsec3.example,cold,1509200,3,True,1788708310.7047193,
bind,nsec3,nonexistent.test-nsec3.example,cold,1625600,3,True,1788708310.7080388,
bind,nsec3,nonexistent.test-nsec3.example,cold,2389800,3,True,1788708310.7105775,
bind,nsec3,nonexistent.test-nsec3.example,cold,2036700,3,True,1788708310.7130482,
bind,nsec3,nonexistent.test-nsec3.example,cold,1776900,3,True,1788708310.7146988,
bind,nsec3,nonexistent.test-nsec3.example,cold,1879600,3,True,1788708310.7168968,
bind,nsec3,nonexistent.test-nsec3.example,cold,1800400,3,True,1788708310.7185292,
bind,nsec3,nonexistent.test-nsec3.example,cold,1815500,3,True,1788708310.720638,
bind,nsec3,nonexistent.test-nsec3.example,cold,1636900,3,True,1788708310.7222295,
bind,nsec3,nonexistent.test-nsec3.example,cold,1544800,3,True,1788708310.7238324,
bind,nsec3,nonexistent.test-nsec3.example,cold,1803000,3,True,1788708310.725943,
bind,nsec3,nonexistent.test-nsec3.example,cold,1656700,3,True,1788708310.7275383,
bind,nsec3,nonexistent.test-nsec3.example,cold,1507200,3,True,1788708310.7291043,
bind,nsec3,nonexistent.test-nsec3.example,cold,1518100,3,True,1788708310.7306924,
bind,nsec3,nonexistent.test-nsec3.example,cold,1537600,3,True,1788708310.7322748,
bind,nsec3,nonexistent.test-nsec3.example,cold,1686100,3,True,1788708310.7338862,
bind,nsec3,nonexistent.test-nsec3.example,cold,1512900,3,True,1788708310.735455,
bind,nsec3,nonexistent.test-nsec3.example,cold,1528500,3,True,1788708310.7372792,
bind,nsec3,nonexistent.test-nsec3.example,cold,1543600,3,True,1788708310.738854,
bind,nsec3,nonexistent.test-nsec3.example,cold,2123100,3,True,1788708310.7410152,
bind,nsec3,nonexistent.test-nsec3.example,cold,2065500,3,True,1788708310.7433238,
bind,nsec3,nonexistent.test-nsec3.example,cold,1855000,3,True,1788708310.7449255,
bind,nsec3,nonexistent.test-nsec3.example,cold,2097800,3,True,1788708310.7470868,
bind,nsec3,nonexistent.test-nsec3.example,cold,1764600,3,True,1788708310.749211,
bind,nsec3,nonexistent.test-nsec3.example,cold,1601300,3,True,1788708310.75087,
bind,nsec3,nonexistent.test-nsec3.example,cold,1551100,3,True,1788708310.7524986,
bind,nsec3,nonexistent.test-nsec3.example,cold,1434600,3,True,1788708310.7540689,
bind,nsec3,nonexistent.test-nsec3.example,cold,1635300,3,True,1788708310.7557478,
bind,nsec3,nonexistent.test-nsec3.example,cold,1616200,3,True,1788708310.7573533,
bind,nsec3,nonexistent.test-nsec3.example,cold,1963600,3,True,1788708310.7591794,
bind,nsec3,nonexistent.test-nsec3.example,cold,1568700,3,True,1788708310.7607508,
bind,nsec3,nonexistent.test-nsec3.example,cold,1462100,3,True,1788708310.7623856,
bind,nsec3,nonexistent.test-nsec3.example,cold,1631800,3,True,1788708310.7644863,
bind,nsec3,nonexistent.test-nsec3.example,cold,1609000,3,True,1788708310.7660232,
bind,nsec3,nonexistent.test-nsec3.example,cold,1511700,3,True,1788708310.7675931,
bind,nsec3,nonexistent.test-nsec3.example,cold,1572300,3,True,1788708310.7691684,
bind,nsec3,nonexistent.test-nsec3.example,cold,2164300,3,True,1788708310.7713168,
bind,nsec3,nonexistent.test-nsec3.example,cold,2214100,3,True,1788708310.7734838,
bind,nsec3,nonexistent.test-nsec3.example,cold,1731800,3,True,1788708310.7755873,
bind,nsec3,nonexistent.test-nsec3.example,cold,1757400,3,True,1788708310.7771518,
bind,nsec3,nonexistent.test-nsec3.example,cold,1943300,3,True,1788708310.7792466,
bind,nsec3,nonexistent.test-nsec3.example,cold,1577800,3,True,1788708310.7808113,
bind,nsec3,nonexistent.test-nsec3.example,cold,1490600,3,True,1788708310.7823853,
bind,nsec3,nonexistent.test-nsec3.example,cold,1596600,3,True,1788708310.7839773,
bind,nsec3,nonexistent.test-nsec3.example,cold,1631100,3,True,1788708310.7861419,
bind,nsec3,nonexistent.test-nsec3.example,cold,1646900,3,True,1788708310.7877364,
bind,nsec3,nonexistent.test-nsec3.example,cold,1582200,3,True,1788708310.7893412,
bind,nsec3,nonexistent.test-nsec3.example,cold,1627500,3,True,1788708310.7909672,
bind,nsec3,nonexistent.test-nsec3.example,cold,1514000,3,True,1788708310.7925313,
bind,nsec3,nonexistent.test-nsec3.example,cold,1448800,3,True,1788708310.7941115,
bind,nsec3,nonexistent.test-nsec3.example,cold,1460600,3,True,1788708310.7956877,
bind,nsec3,nonexistent.test-nsec3.example,cold,1463800,3,True,1788708310.7972462,
bind,nsec3,nonexistent.test-nsec3.example,cold,1427300,3,True,1788708310.79881,
bind,nsec3,nonexistent.test-nsec3.example,cold,1831900,3,True,1788708310.8003757,
bind,nsec3,nonexistent.test-nsec3.example,cold,1692500,3,True,1788708310.802641,
bind,nsec3,nonexistent.test-nsec3.example,cold,1647900,3,True,1788708310.8042514,
bind,nsec3,nonexistent.test-nsec3.example,cold,1595400,3,True,1788708310.8058321,
bind,nsec3,nonexistent.test-nsec3.example,cold,1571500,3,True,1788708310.8074121,
bind,nsec3,nonexistent.test-nsec3.example,cold,1484600,3,True,1788708310.8090158,
bind,nsec3,nonexistent.test-nsec3.example,cold,1917800,3,True,1788708310.8111837,
bind,nsec3,nonexistent.test-nsec3.example,cold,2049600,3,True,1788708310.8133614,
bind,nsec3,nonexistent.test-nsec3.example,cold,2635400,3,True,1788708310.8160934,
bind,nsec3,nonexistent.test-nsec3.example,cold,2276100,3,True,1788708310.818071,
bind,nsec3,nonexistent.test-nsec3.example,cold,2038300,3,True,1788708310.8203242,
bind,nsec3,nonexistent.test-nsec3.example,cold,2327900,3,True,1788708310.8226116,
bind,nsec3,nonexistent.test-nsec3.example,cold,1884100,3,True,1788708310.8247886,
bind,nsec3,nonexistent.test-nsec3.example,cold,1932600,3,True,1788708310.8269641,
bind,nsec3,nonexistent.test-nsec3.example,cold,1425900,3,True,1788708310.8280213,
bind,nsec3,nonexistent.test-nsec3.example,cold,1406200,3,True,1788708310.8296561,
bind,nsec3,nonexistent.test-nsec3.example,cold,1404900,3,True,1788708310.8314373,
bind,nsec3,nonexistent.test-nsec3.example,cold,2815500,3,True,1788708310.8343248,
bind,nsec3,nonexistent.test-nsec3.example,cold,1926700,3,True,1788708310.8359919,
bind,nsec3,nonexistent.test-nsec3.example,cold,2072300,3,True,1788708310.8381312,
bind,nsec3,nonexistent.test-nsec3.example,cold,2119600,3,True,1788708310.8403485,
bind,nsec3,nonexistent.test-nsec3.example,cold,1981100,3,True,1788708310.8425596,
bind,nsec3,nonexistent.test-nsec3.example,cold,1728200,3,True,1788708310.844199,
bind,nsec3,nonexistent.test-nsec3.example,cold,1536500,3,True,1788708310.845803,
bind,nsec3,nonexistent.test-nsec3.example,cold,2224200,3,True,1788708310.848345,
bind,nsec3,nonexistent.test-nsec3.example,cold,3024200,3,True,1788708310.8513443,
bind,nsec3,nonexistent.test-nsec3.example,cold,1830500,3,True,1788708310.8534558,
bind,nsec3,nonexistent.test-nsec3.example,cold,1829000,3,True,1788708310.855044,
bind,nsec3,nonexistent.test-nsec3.example,cold,1632600,3,True,1788708310.8571715,
bind,nsec3,nonexistent.test-nsec3.example,cold,1538700,3,True,1788708310.8587427,
bind,nsec3,nonexistent.test-nsec3.example,cold,1589800,3,True,1788708310.8602934,
bind,nsec3,nonexistent.test-nsec3.example,cold,1505300,3,True,1788708310.861844,
bind,nsec3,nonexistent.test-nsec3.example,cold,1728800,3,True,1788708310.8633704,
bind,nsec3,nonexistent.test-nsec3.example,cold,1561900,3,True,1788708310.8654842,
bind,nsec3,nonexistent.test-nsec3.example,cold,1862600,3,True,1788708310.8671472,
bind,nsec3,nonexistent.test-nsec3.example,cold,1650800,3,True,1788708310.868727,
bind,nsec3,nonexistent.test-nsec3.example,cold,1656800,3,True,1788708310.870841,
bind,nsec3,nonexistent.test-nsec3.example,cold,1659900,3,True,1788708310.8723998,
bind,nsec3,nonexistent.test-nsec3.example,cold,1479800,3,True,1788708310.8739598,
bind,nsec3,nonexistent.test-nsec3.example,cold,1528300,3,True,1788708310.8755422,
bind,nsec3,nonexistent.test-nsec3.example,cold,1545600,3,True,1788708310.877139,
bind,nsec3,nonexistent.test-nsec3.example,cold,1772900,3,True,1788708310.8787487,
bind,nsec3,nonexistent.test-nsec3.example,cold,1801400,3,True,1788708310.8808882,
bind,nsec3,nonexistent.test-nsec3.example,cold,1978500,3,True,1788708310.8829985,
bind,nsec3,nonexistent.test-nsec3.example,cold,1637400,3,True,1788708310.8846176,
bind,nsec3,nonexistent.test-nsec3.example,cold,1569900,3,True,1788708310.8862057,
bind,nsec3,nonexistent.test-nsec3.example,cold,1519500,3,True,1788708310.8877864,
bind,nsec3,nonexistent.test-nsec3.example,cold,1554900,3,True,1788708310.8893728,
bind,nsec3,nonexistent.test-nsec3.example,cold,1586700,3,True,1788708310.8909585,
bind,nsec3,nonexistent.test-nsec3.example,cold,1717300,3,True,1788708310.8930502,
bind,nsec3,nonexistent.test-nsec3.example,cold,2252100,3,True,1788708310.8953538,
bind,nsec3,nonexistent.test-nsec3.example,cold,1527700,3,True,1788708310.896942,
bind,nsec3,nonexistent.test-nsec3.example,cold,1479000,3,True,1788708310.8985074,
bind,nsec3,nonexistent.test-nsec3.example,cold,1600800,3,True,1788708310.900124,
bind,nsec3,nonexistent.test-nsec3.example,cold,1602300,3,True,1788708310.901689,
bind,nsec3,nonexistent.test-nsec3.example,cold,1578200,3,True,1788708310.9032693,
bind,nsec3,nonexistent.test-nsec3.example,cold,1609200,3,True,1788708310.9049125,
bind,nsec3,nonexistent.test-nsec3.example,cold,1407100,3,True,1788708310.9065568,
bind,nsec3,nonexistent.test-nsec3.example,cold,1590100,3,True,1788708310.908113,
bind,nsec3,nonexistent.test-nsec3.example,cold,1528900,3,True,1788708310.9097817,
bind,nsec3,nonexistent.test-nsec3.example,cold,1556300,3,True,1788708310.9114645,
bind,nsec3,nonexistent.test-nsec3.example,cold,1509200,3,True,1788708310.9130514,
bind,nsec3,nonexistent.test-nsec3.example,cold,1511900,3,True,1788708310.9146235,
bind,nsec3,nonexistent.test-nsec3.example,cold,1839400,3,True,1788708310.916736,
bind,nsec3,nonexistent.test-nsec3.example,cold,1691000,3,True,1788708310.9183857,
bind,nsec3,nonexistent.test-nsec3.example,cold,1524600,3,True,1788708310.9199588,
bind,nsec3,nonexistent.test-nsec3.example,cold,1627200,3,True,1788708310.9215577,
bind,nsec3,nonexistent.test-nsec3.example,cold,1578200,3,True,1788708310.92314,
bind,nsec3,nonexistent.test-nsec3.example,cold,1827800,3,True,1788708310.9253788,
bind,nsec3,nonexistent.test-nsec3.example,cold,2235300,3,True,1788708310.927308,
bind,nsec3,nonexistent.test-nsec3.example,cold,2062100,3,True,1788708310.9298058,
bind,nsec3,nonexistent.test-nsec3.example,cold,1981100,3,True,1788708310.931923,
bind,nsec3,nonexistent.test-nsec3.example,cold,1934600,3,True,1788708310.9335191,
bind,nsec3,nonexistent.test-nsec3.example,cold,1915100,3,True,1788708310.935675,
bind,nsec3,nonexistent.test-nsec3.example,cold,1820200,3,True,1788708310.9378207,
bind,nsec3,nonexistent.test-nsec3.example,cold,1454100,3,True,1788708310.938857,
bind,nsec3,nonexistent.test-nsec3.example,cold,1766300,3,True,1788708310.9408832,
bind,nsec3,nonexistent.test-nsec3.example,cold,1839500,3,True,1788708310.9431064,
bind,nsec3,nonexistent.test-nsec3.example,cold,1535200,3,True,1788708310.9446976,
bind,nsec3,nonexistent.test-nsec3.example,cold,1726900,3,True,1788708310.9462497,
bind,nsec3,nonexistent.test-nsec3.example,cold,1580100,3,True,1788708310.9478183,
bind,nsec3,nonexistent.test-nsec3.example,cold,2033600,3,True,1788708310.9501295,
bind,nsec3,nonexistent.test-nsec3.example,cold,1647100,3,True,1788708310.951705,
bind,nsec3,nonexistent.test-nsec3.example,cold,1533500,3,True,1788708310.9534733,
bind,nsec3,nonexistent.test-nsec3.example,cold,1478900,3,True,1788708310.9550533,
bind,nsec3,nonexistent.test-nsec3.example,cold,1926800,3,True,1788708310.9571762,
bind,nsec3,nonexistent.test-nsec3.example,cold,1664600,3,True,1788708310.9588232,
bind,nsec3,nonexistent.test-nsec3.example,cold,1680000,3,True,1788708310.9603834,
bind,nsec3,nonexistent.test-nsec3.example,cold,1496400,3,True,1788708310.9621205,
bind,nsec3,nonexistent.test-nsec3.example,cold,1646600,3,True,1788708310.9638498,
bind,nsec3,nonexistent.test-nsec3.example,cold,1590300,3,True,1788708310.9654188,
bind,nsec3,nonexistent.test-nsec3.example,cold,1630500,3,True,1788708310.9669993,
bind,nsec3,nonexistent.test-nsec3.example,cold,1601500,3,True,1788708310.9685705,
bind,nsec3,nonexistent.test-nsec3.example,cold,1422400,3,True,1788708310.9701457,
bind,nsec3,nonexistent.test-nsec3.example,cold,2299700,3,True,1788708310.9726517,
bind,nsec3,nonexistent.test-nsec3.example,cold,1961900,3,True,1788708310.974648,
bind,nsec3,nonexistent.test-nsec3.example,cold,1885500,3,True,1788708310.9763763,
bind,nsec3,nonexistent.test-nsec3.example,cold,1871600,3,True,1788708310.9763763,
bind,nsec3,nonexistent.test-nsec3.example,cold,1987500,3,True,1788708310.9805963,
bind,nsec3,nonexistent.test-nsec3.example,cold,2045200,3,True,1788708310.9805963,
bind,nsec3,nonexistent.test-nsec3.example,cold,1794800,3,True,1788708310.9846675,
bind,nsec3,nonexistent.test-nsec3.example,cold,19105000,3,True,1788708311.003644,
bind,nsec3,nonexistent.test-nsec3.example,cold,5969900,3,True,1788708311.009965,
bind,nsec3,nonexistent.test-nsec3.example,cold,1903400,3,True,1788708311.0120845,
bind,nsec3,nonexistent.test-nsec3.example,cold,1778300,3,True,1788708311.0136683,
bind,nsec3,nonexistent.test-nsec3.example,cold,1809500,3,True,1788708311.015805,
bind,nsec3,nonexistent.test-nsec3.example,cold,1770000,3,True,1788708311.0173986,
bind,nsec3,nonexistent.test-nsec3.example,cold,2052100,3,True,1788708311.0197809,
bind,nsec3,nonexistent.test-nsec3.example,cold,2097800,3,True,1788708311.0217369,
bind,nsec3,nonexistent.test-nsec3.example,cold,1947200,3,True,1788708311.023837,
bind,nsec3,nonexistent.test-nsec3.example,cold,2069800,3,True,1788708311.026156,
bind,nsec3,nonexistent.test-nsec3.example,cold,1837100,3,True,1788708311.0278733,
bind,nsec3,nonexistent.test-nsec3.example,cold,1983100,3,True,1788708311.0300684,
bind,nsec3,nonexistent.test-nsec3.example,cold,1756800,3,True,1788708311.0316758,
bind,nsec3,nonexistent.test-nsec3.example,cold,1812800,3,True,1788708311.033364,
bind,nsec3,nonexistent.test-nsec3.example,cold,1585700,3,True,1788708311.0344274,
bind,nsec3,nonexistent.test-nsec3.example,cold,1518300,3,True,1788708311.035821,
bind,nsec3,nonexistent.test-nsec3.example,cold,1497600,3,True,1788708311.0384898,
bind,nsec3,nonexistent.test-nsec3.example,cold,1488900,3,True,1788708311.0384898,
bind,nsec3,nonexistent.test-nsec3.example,cold,1433700,3,True,1788708311.0417426,
bind,nsec3,nonexistent.test-nsec3.example,cold,1600800,3,True,1788708311.0417426,
bind,nsec3,nonexistent.test-nsec3.example,cold,1625000,3,True,1788708311.04411,
bind,nsec3,nonexistent.test-nsec3.example,cold,1517300,3,True,1788708311.04411,
bind,nsec3,nonexistent.test-nsec3.example,cold,1776900,3,True,1788708311.04411,
bind,nsec3,nonexistent.test-nsec3.example,cold,1981200,3,True,1788708311.0491877,
bind,nsec3,nonexistent.test-nsec3.example,cold,1673200,3,True,1788708311.0491877,
bind,nsec3,nonexistent.test-nsec3.example,cold,1599100,3,True,1788708311.0528488,
bind,nsec3,nonexistent.test-nsec3.example,cold,1526300,3,True,1788708311.055396,
bind,nsec3,nonexistent.test-nsec3.example,cold,1865800,3,True,1788708311.0575147,
bind,nsec3,nonexistent.test-nsec3.example,cold,1731800,3,True,1788708311.0590837,
bind,nsec3,nonexistent.test-nsec3.example,cold,1576000,3,True,1788708311.0611463,
bind,nsec3,nonexistent.test-nsec3.example,cold,1541600,3,True,1788708311.062722,
bind,nsec3,nonexistent.test-nsec3.example,cold,1733200,3,True,1788708311.0643263,
bind,nsec3,nonexistent.test-nsec3.example,cold,2946400,3,True,1788708311.0672798,
bind,nsec3,nonexistent.test-nsec3.example,cold,2096400,3,True,1788708311.069427,
bind,nsec3,nonexistent.test-nsec3.example,cold,1927800,3,True,1788708311.0715835,
bind,nsec3,nonexistent.test-nsec3.example,cold,2178900,3,True,1788708311.073909,
bind,nsec3,nonexistent.test-nsec3.example,cold,2050600,3,True,1788708311.0761724,
bind,nsec3,nonexistent.test-nsec3.example,cold,2273400,3,True,1788708311.078406,
bind,nsec3,nonexistent.test-nsec3.example,cold,2089000,3,True,1788708311.0806217,
bind,nsec3,nonexistent.test-nsec3.example,cold,1668900,3,True,1788708311.0822034,
bind,nsec3,nonexistent.test-nsec3.example,cold,1883700,3,True,1788708311.0843024,
bind,nsec3,nonexistent.test-nsec3.example,cold,1582200,3,True,1788708311.0858698,
bind,nsec3,nonexistent.test-nsec3.example,cold,1598200,3,True,1788708311.0874398,
bind,nsec3,nonexistent.test-nsec3.example,cold,1626200,3,True,1788708311.089014,
bind,nsec3,nonexistent.test-nsec3.example,cold,1627100,3,True,1788708311.0911076,
bind,nsec3,nonexistent.test-nsec3.example,cold,1547300,3,True,1788708311.0926957,
bind,nsec3,nonexistent.test-nsec3.example,cold,1445900,3,True,1788708311.0942442,
bind,nsec3,nonexistent.test-nsec3.example,cold,1896400,3,True,1788708311.09599,
bind,nsec3,nonexistent.test-nsec3.example,cold,1647600,3,True,1788708311.0975792,
bind,nsec3,nonexistent.test-nsec3.example,cold,1738300,3,True,1788708311.0997279,
bind,nsec3,nonexistent.test-nsec3.example,cold,1518800,3,True,1788708311.1014032,
bind,nsec3,nonexistent.test-nsec3.example,cold,1769100,3,True,1788708311.1029577,
bind,nsec3,nonexistent.test-nsec3.example,cold,1504200,3,True,1788708311.10454,
bind,nsec3,nonexistent.test-nsec3.example,cold,1566500,3,True,1788708311.1061118,
bind,nsec3,nonexistent.test-nsec3.example,cold,1530700,3,True,1788708311.1076806,
bind,nsec3,nonexistent.test-nsec3.example,cold,1503600,3,True,1788708311.109274,
bind,nsec3,nonexistent.test-nsec3.example,cold,2147400,3,True,1788708311.1116772,
bind,nsec3,nonexistent.test-nsec3.example,cold,1910100,3,True,1788708311.1132672,
bind,nsec3,nonexistent.test-nsec3.example,cold,1865100,3,True,1788708311.1154566,
bind,nsec3,nonexistent.test-nsec3.example,cold,1966800,3,True,1788708311.117584,
bind,nsec3,nonexistent.test-nsec3.example,cold,1659400,3,True,1788708311.119248,
bind,nsec3,nonexistent.test-nsec3.example,cold,1890800,3,True,1788708311.1214423,
bind,nsec3,nonexistent.test-nsec3.example,cold,1775400,3,True,1788708311.1230133,
bind,nsec3,nonexistent.test-nsec3.example,cold,1663300,3,True,1788708311.1251054,
bind,nsec3,nonexistent.test-nsec3.example,cold,1653500,3,True,1788708311.1267457,
bind,nsec3,nonexistent.test-nsec3.example,cold,1788400,3,True,1788708311.128601,
bind,nsec3,nonexistent.test-nsec3.example,cold,1982800,3,True,1788708311.1304033,
bind,nsec3,nonexistent.test-nsec3.example,cold,1892400,3,True,1788708311.1324904,
bind,nsec3,nonexistent.test-nsec3.example,cold,1652900,3,True,1788708311.1340852,
bind,nsec3,nonexistent.test-nsec3.example,cold,1670800,3,True,1788708311.1361797,
bind,nsec3,nonexistent.test-nsec3.example,cold,21647900,3,True,1788708311.1573882,
bind,nsec3,nonexistent.test-nsec3.example,cold,2464700,3,True,1788708311.1602926,
bind,nsec3,nonexistent.test-nsec3.example,cold,2219400,3,True,1788708311.1624627,
bind,nsec3,nonexistent.test-nsec3.example,cold,27592000,3,True,1788708311.1901014,
bind,nsec3,nonexistent.test-nsec3.example,cold,3731200,3,True,1788708311.194104,
bind,nsec3,nonexistent.test-nsec3.example,cold,3269700,3,True,1788708311.1979327,
bind,nsec3,nonexistent.test-nsec3.example,cold,2844700,3,True,1788708311.200828,
bind,nsec3,nonexistent.test-nsec3.example,cold,2801900,3,True,1788708311.2036314,
bind,nsec3,nonexistent.test-nsec3.example,cold,2839000,3,True,1788708311.2065516,
bind,nsec3,nonexistent.test-nsec3.example,cold,2801800,3,True,1788708311.2094254,
bind,nsec3,nonexistent.test-nsec3.example,cold,2209700,3,True,1788708311.212199,
bind,nsec3,nonexistent.test-nsec3.example,cold,2019400,3,True,1788708311.2143638,
bind,nsec3,nonexistent.test-nsec3.example,cold,2206900,3,True,1788708311.2164812,
bind,nsec3,nonexistent.test-nsec3.example,cold,1902800,3,True,1788708311.218658,
bind,nsec3,nonexistent.test-nsec3.example,cold,2035500,3,True,1788708311.2203243,
bind,nsec3,nonexistent.test-nsec3.example,cold,1842500,3,True,1788708311.2224548,
bind,nsec3,nonexistent.test-nsec3.example,cold,1726900,3,True,1788708311.224031,
bind,nsec3,nonexistent.test-nsec3.example,cold,1814700,3,True,1788708311.2261138,
bind,nsec3,nonexistent.test-nsec3.example,cold,1918400,3,True,1788708311.228206,
bind,nsec3,nonexistent.test-nsec3.example,cold,1717700,3,True,1788708311.229828,
bind,nsec3,nonexistent.test-nsec3.example,cold,1700600,3,True,1788708311.2316895,
bind,nsec3,nonexistent.test-nsec3.example,cold,1699100,3,True,1788708311.2332451,
bind,nsec3,nonexistent.test-nsec3.example,cold,1891600,3,True,1788708311.2354321,
bind,nsec3,nonexistent.test-nsec3.example,cold,2093300,3,True,1788708311.2377927,
bind,nsec3,nonexistent.test-nsec3.example,cold,1905600,3,True,1788708311.2394314,
bind,nsec3,nonexistent.test-nsec3.example,cold,2017500,3,True,1788708311.2415516,
bind,nsec3,nonexistent.test-nsec3.example,cold,1737800,3,True,1788708311.2436674,
bind,nsec3,nonexistent.test-nsec3.example,cold,1732900,3,True,1788708311.245219,
bind,nsec3,nonexistent.test-nsec3.example,cold,1826300,3,True,1788708311.2473047,
bind,nsec3,nonexistent.test-nsec3.example,cold,1720400,3,True,1788708311.248881,
bind,nsec3,nonexistent.test-nsec3.example,cold,1783500,3,True,1788708311.2505302,
bind,nsec3,nonexistent.test-nsec3.example,cold,1842500,3,True,1788708311.252787,
bind,nsec3,nonexistent.test-nsec3.example,cold,1687600,3,True,1788708311.2543511,
bind,nsec3,nonexistent.test-nsec3.example,cold,1765600,3,True,1788708311.2564392,
bind,nsec3,nonexistent.test-nsec3.example,cold,1630900,3,True,1788708311.2580485,
bind,nsec3,nonexistent.test-nsec3.example,cold,1760300,3,True,1788708311.2596216,
bind,nsec3,nonexistent.test-nsec3.example,cold,1727600,3,True,1788708311.2606308,
bind,nsec3,nonexistent.test-nsec3.example,cold,1737300,3,True,1788708311.262403,
bind,nsec3,nonexistent.test-nsec3.example,cold,1463100,3,True,1788708311.265207,
bind,nsec3,nonexistent.test-nsec3.example,cold,1640100,3,True,1788708311.2667987,
bind,nsec3,nonexistent.test-nsec3.example,cold,1560900,3,True,1788708311.2683733,
bind,nsec3,nonexistent.test-nsec3.example,cold,1515700,3,True,1788708311.269974,
bind,nsec3,nonexistent.test-nsec3.example,cold,1606600,3,True,1788708311.2721686,
bind,nsec3,nonexistent.test-nsec3.example,cold,1573500,3,True,1788708311.2737832,
bind,nsec3,nonexistent.test-nsec3.example,cold,1651600,3,True,1788708311.2753947,
bind,nsec3,nonexistent.test-nsec3.example,cold,1616100,3,True,1788708311.276982,
bind,nsec3,nonexistent.test-nsec3.example,cold,1547300,3,True,1788708311.2785552,
bind,nsec3,nonexistent.test-nsec3.example,cold,1577700,3,True,1788708311.2803512,
bind,nsec3,nonexistent.test-nsec3.example,cold,2151300,3,True,1788708311.282568,
bind,nsec3,nonexistent.test-nsec3.example,cold,2287500,3,True,1788708311.2849333,
bind,nsec3,nonexistent.test-nsec3.example,cold,2039500,3,True,1788708311.2870739,
bind,nsec3,nonexistent.test-nsec3.example,cold,2240400,3,True,1788708311.2892907,
bind,nsec3,nonexistent.test-nsec3.example,cold,2024200,3,True,1788708311.2914348,
bind,nsec3,nonexistent.test-nsec3.example,cold,1920400,3,True,1788708311.2935174,
bind,nsec3,nonexistent.test-nsec3.example,cold,1402100,3,True,1788708311.295114,
bind,nsec3,nonexistent.test-nsec3.example,cold,1441300,3,True,1788708311.2961595,
bind,nsec3,nonexistent.test-nsec3.example,cold,1533600,3,True,1788708311.29789,
bind,nsec3,nonexistent.test-nsec3.example,cold,1631600,3,True,1788708311.2995214,
bind,nsec3,nonexistent.test-nsec3.example,cold,1554700,3,True,1788708311.3016155,
bind,nsec3,nonexistent.test-nsec3.example,cold,1620300,3,True,1788708311.3031857,
bind,nsec3,nonexistent.test-nsec3.example,cold,1559800,3,True,1788708311.3047643,
bind,nsec3,nonexistent.test-nsec3.example,cold,1545100,3,True,1788708311.3063302,
bind,nsec3,nonexistent.test-nsec3.example,cold,1471900,3,True,1788708311.3079283,
bind,nsec3,nonexistent.test-nsec3.example,cold,1510800,3,True,1788708311.309511,
bind,nsec3,nonexistent.test-nsec3.example,cold,1572300,3,True,1788708311.3110952,
bind,nsec3,nonexistent.test-nsec3.example,cold,1865400,3,True,1788708311.312919,
bind,nsec3,nonexistent.test-nsec3.example,cold,2202100,3,True,1788708311.3152142,
bind,nsec3,nonexistent.test-nsec3.example,cold,1730600,3,True,1788708311.3173578,
bind,nsec3,nonexistent.test-nsec3.example,cold,1627600,3,True,1788708311.3189406,
bind,nsec3,nonexistent.test-nsec3.example,cold,1574800,3,True,1788708311.3205912,
bind,nsec3,nonexistent.test-nsec3.example,cold,1634300,3,True,1788708311.3221529,
bind,nsec3,nonexistent.test-nsec3.example,cold,1588400,3,True,1788708311.3237555,
bind,nsec3,nonexistent.test-nsec3.example,cold,1507700,3,True,1788708311.325311,
bind,nsec3,nonexistent.test-nsec3.example,cold,1497900,3,True,1788708311.3268828,
bind,nsec3,nonexistent.test-nsec3.example,cold,1634000,3,True,1788708311.3284817,
bind,nsec3,nonexistent.test-nsec3.example,cold,1630200,3,True,1788708311.3306012,
bind,nsec3,nonexistent.test-nsec3.example,cold,1507100,3,True,1788708311.332175,
bind,nsec3,nonexistent.test-nsec3.example,cold,1769400,3,True,1788708311.3338637,
bind,nsec3,nonexistent.test-nsec3.example,cold,1600600,3,True,1788708311.3354416,
bind,nsec3,nonexistent.test-nsec3.example,cold,1453900,3,True,1788708311.337014,
bind,nsec3,nonexistent.test-nsec3.example,cold,1675100,3,True,1788708311.3385997,
bind,nsec3,nonexistent.test-nsec3.example,cold,1424800,3,True,1788708311.3402383,
bind,nsec3,nonexistent.test-nsec3.example,cold,1529400,3,True,1788708311.3418047,
bind,nsec3,nonexistent.test-nsec3.example,cold,2505800,3,True,1788708311.344667,
bind,nsec3,nonexistent.test-nsec3.example,cold,3404100,3,True,1788708311.3480499,
bind,nsec3,nonexistent.test-nsec3.example,cold,2006800,3,True,1788708311.350123,
bind,nsec3,nonexistent.test-nsec3.example,cold,1927000,3,True,1788708311.3516436,
bind,nsec3,nonexistent.test-nsec3.example,cold,1882000,3,True,1788708311.353159,
bind,nsec3,nonexistent.test-nsec3.example,cold,1747500,3,True,1788708311.354369,
bind,nsec3,nonexistent.test-nsec3.example,cold,1571900,3,True,1788708311.354369,
bind,nsec3,nonexistent.test-nsec3.example,cold,1957300,3,True,1788708311.3595397,
bind,nsec3,nonexistent.test-nsec3.example,cold,1633700,3,True,1788708311.3611526,
bind,nsec3,nonexistent.test-nsec3.example,cold,1588500,3,True,1788708311.3627295,
bind,nsec3,nonexistent.test-nsec3.example,cold,1661300,3,True,1788708311.3643098,
bind,nsec3,nonexistent.test-nsec3.example,cold,1690700,3,True,1788708311.3664212,
bind,nsec3,nonexistent.test-nsec3.example,cold,1609800,3,True,1788708311.3679821,
bind,nsec3,nonexistent.test-nsec3.example,cold,8131500,3,True,1788708311.37631,
bind,nsec3,nonexistent.test-nsec3.example,cold,2463600,3,True,1788708311.3789787,
bind,nsec3,nonexistent.test-nsec3.example,cold,7009300,3,True,1788708311.3858607,
bind,nsec3,nonexistent.test-nsec3.example,cold,1909000,3,True,1788708311.3879735,
bind,nsec3,nonexistent.test-nsec3.example,cold,2817400,3,True,1788708311.3906522,
bind,nsec3,nonexistent.test-nsec3.example,cold,2193000,3,True,1788708311.3927412,
bind,nsec3,nonexistent.test-nsec3.example,cold,1847400,3,True,1788708311.3948338,
bind,nsec3,nonexistent.test-nsec3.example,cold,1843400,3,True,1788708311.3969405,
bind,nsec3,nonexistent.test-nsec3.example,cold,1984400,3,True,1788708311.3990314,
bind,nsec3,nonexistent.test-nsec3.example,cold,1583100,3,True,1788708311.4006138,
bind,nsec3,nonexistent.test-nsec3.example,cold,1515200,3,True,1788708311.40219,
bind,nsec3,nonexistent.test-nsec3.example,cold,1411000,3,True,1788708311.403782,
bind,nsec3,nonexistent.test-nsec3.example,cold,1624000,3,True,1788708311.4053962,
bind,nsec3,nonexistent.test-nsec3.example,cold,1695000,3,True,1788708311.4069796,
bind,nsec3,nonexistent.test-nsec3.example,cold,1699500,3,True,1788708311.4090636,
bind,nsec3,nonexistent.test-nsec3.example,cold,1575800,3,True,1788708311.4107053,
bind,nsec3,nonexistent.test-nsec3.example,cold,1609400,3,True,1788708311.4122744,
bind,nsec3,nonexistent.test-nsec3.example,cold,1588800,3,True,1788708311.4138708,
bind,nsec3,nonexistent.test-nsec3.example,cold,1476700,3,True,1788708311.4154298,
bind,nsec3,nonexistent.test-nsec3.example,cold,1719100,3,True,1788708311.4170458,
bind,nsec3,nonexistent.test-nsec3.example,cold,1501700,3,True,1788708311.4186933,
bind,nsec3,nonexistent.test-nsec3.example,cold,1657600,3,True,1788708311.420321,
bind,nsec3,nonexistent.test-nsec3.example,cold,2048700,3,True,1788708311.422439,
bind,nsec3,nonexistent.test-nsec3.example,cold,1927300,3,True,1788708311.4245293,
bind,nsec3,nonexistent.test-nsec3.example,cold,1998600,3,True,1788708311.4267,
bind,nsec3,nonexistent.test-nsec3.example,cold,1902400,3,True,1788708311.428889,
bind,nsec3,nonexistent.test-nsec3.example,cold,2137600,3,True,1788708311.430956,
bind,nsec3,nonexistent.test-nsec3.example,cold,2166000,3,True,1788708311.4330995,
bind,nsec3,nonexistent.test-nsec3.example,cold,1708100,3,True,1788708311.435193,
bind,nsec3,nonexistent.test-nsec3.example,cold,1794500,3,True,1788708311.4369986,
bind,nsec3,nonexistent.test-nsec3.example,cold,1599800,3,True,1788708311.4385695,
bind,nsec3,nonexistent.test-nsec3.example,cold,1489700,3,True,1788708311.4401536,
bind,nsec3,nonexistent.test-nsec3.example,cold,1500700,3,True,1788708311.4417417,
bind,nsec3,nonexistent.test-nsec3.example,cold,1669300,3,True,1788708311.4433038,
bind,nsec3,nonexistent.test-nsec3.example,cold,1503200,3,True,1788708311.4448566,
bind,nsec3,nonexistent.test-nsec3.example,cold,1594600,3,True,1788708311.4464796,
bind,nsec3,nonexistent.test-nsec3.example,cold,1667500,3,True,1788708311.4486048,
bind,nsec3,nonexistent.test-nsec3.example,cold,1746300,3,True,1788708311.450214,
bind,nsec3,nonexistent.test-nsec3.example,cold,2082000,3,True,1788708311.4525304,
bind,nsec3,nonexistent.test-nsec3.example,cold,2274900,3,True,1788708311.4546647,
bind,nsec3,nonexistent.test-nsec3.example,cold,2016400,3,True,1788708311.4567993,
bind,nsec3,nonexistent.test-nsec3.example,cold,1871600,3,True,1788708311.4589963,
bind,nsec3,nonexistent.test-nsec3.example,cold,1986300,3,True,1788708311.4610903,
bind,nsec3,nonexistent.test-nsec3.example,cold,1927400,3,True,1788708311.4626837,
bind,nsec3,nonexistent.test-nsec3.example,cold,1580500,3,True,1788708311.464751,
bind,nsec3,nonexistent.test-nsec3.example,cold,1666800,3,True,1788708311.466307,
bind,nsec3,nonexistent.test-nsec3.example,cold,1557600,3,True,1788708311.467962,
bind,nsec3,nonexistent.test-nsec3.example,cold,1559900,3,True,1788708311.4695373,
bind,nsec3,nonexistent.test-nsec3.example,cold,1514200,3,True,1788708311.4712439,
bind,nsec3,nonexistent.test-nsec3.example,cold,1659700,3,True,1788708311.4728281,
bind,nsec3,nonexistent.test-nsec3.example,cold,1507800,3,True,1788708311.4744923,
bind,nsec3,nonexistent.test-nsec3.example,cold,24969800,3,True,1788708311.4994328,
bind,nsec3,nonexistent.test-nsec3.example,cold,2899200,3,True,1788708311.502644,
bind,nsec3,nonexistent.test-nsec3.example,cold,2223000,3,True,1788708311.5047839,
bind,nsec3,nonexistent.test-nsec3.example,cold,2106600,3,True,1788708311.5070417,
bind,nsec3,nonexistent.test-nsec3.example,cold,2033100,3,True,1788708311.509232,
bind,nsec3,nonexistent.test-nsec3.example,cold,1674900,3,True,1788708311.5108392,
bind,nsec3,nonexistent.test-nsec3.example,cold,1508700,3,True,1788708311.5124407,
bind,nsec3,nonexistent.test-nsec3.example,cold,1683900,3,True,1788708311.5140815,
bind,nsec3,nonexistent.test-nsec3.example,cold,1614200,3,True,1788708311.5161548,
bind,nsec3,nonexistent.test-nsec3.example,cold,1535200,3,True,1788708311.5177226,
bind,nsec3,nonexistent.test-nsec3.example,cold,1598100,3,True,1788708311.5192888,
bind,nsec3,nonexistent.test-nsec3.example,cold,1564700,3,True,1788708311.5209334,
bind,nsec3,nonexistent.test-nsec3.example,cold,1518700,3,True,1788708311.5225,
bind,nsec3,nonexistent.test-nsec3.example,cold,1497900,3,True,1788708311.5240674,
bind,nsec3,nonexistent.test-nsec3.example,cold,1478400,3,True,1788708311.525647,
bind,nsec3,nonexistent.test-nsec3.example,cold,1568100,3,True,1788708311.5272274,
bind,nsec3,nonexistent.test-nsec3.example,cold,1873700,3,True,1788708311.5289419,
bind,nsec3,nonexistent.test-nsec3.example,cold,2226500,3,True,1788708311.5316117,
bind,nsec3,nonexistent.test-nsec3.example,cold,1705800,3,True,1788708311.5332315,
bind,nsec3,nonexistent.test-nsec3.example,cold,1730000,3,True,1788708311.5353243,
bind,nsec3,nonexistent.test-nsec3.example,cold,1593300,3,True,1788708311.5369773,
bind,nsec3,nonexistent.test-nsec3.example,cold,1587200,3,True,1788708311.5385373,
bind,nsec3,nonexistent.test-nsec3.example,cold,1464600,3,True,1788708311.5401096,
bind,nsec3,nonexistent.test-nsec3.example,cold,1550700,3,True,1788708311.5416837,
bind,nsec3,nonexistent.test-nsec3.example,cold,1747200,3,True,1788708311.5432642,
bind,nsec3,nonexistent.test-nsec3.example,cold,1490900,3,True,1788708311.544932,
bind,nsec3,nonexistent.test-nsec3.example,cold,1699600,3,True,1788708311.5470674,
bind,nsec3,nonexistent.test-nsec3.example,cold,1608600,3,True,1788708311.5486157,
bind,nsec3,nonexistent.test-nsec3.example,cold,1665700,3,True,1788708311.5501387,
bind,nsec3,nonexistent.test-nsec3.example,cold,1545400,3,True,1788708311.5501387,
bind,nsec3,nonexistent.test-nsec3.example,cold,1576200,3,True,1788708311.5529792,
bind,nsec3,nonexistent.test-nsec3.example,cold,1442300,3,True,1788708311.5529792,
bind,nsec3,nonexistent.test-nsec3.example,cold,1586500,3,True,1788708311.5529792,
bind,nsec3,nonexistent.test-nsec3.example,cold,1557700,3,True,1788708311.558294,
bind,nsec3,nonexistent.test-nsec3.example,cold,1644300,3,True,1788708311.5598197,
bind,nsec3,nonexistent.test-nsec3.example,cold,2044300,3,True,1788708311.561205,
bind,nsec3,nonexistent.test-nsec3.example,cold,2134600,3,True,1788708311.561205,
bind,nsec3,nonexistent.test-nsec3.example,cold,2007000,3,True,1788708311.5652807,
bind,nsec3,nonexistent.test-nsec3.example,cold,1889300,3,True,1788708311.568637,
bind,nsec3,nonexistent.test-nsec3.example,cold,2021200,3,True,1788708311.5707498,
bind,nsec3,nonexistent.test-nsec3.example,cold,1731600,3,True,1788708311.5723252,
bind,nsec3,nonexistent.test-nsec3.example,cold,1675200,3,True,1788708311.5739145,
bind,nsec3,nonexistent.test-nsec3.example,cold,1772300,3,True,1788708311.576123,
bind,nsec3,nonexistent.test-nsec3.example,cold,1998700,3,True,1788708311.577813,
bind,nsec3,nonexistent.test-nsec3.example,cold,1665700,3,True,1788708311.579956,
bind,nsec3,nonexistent.test-nsec3.example,cold,1617400,3,True,1788708311.5815268,
bind,nsec3,nonexistent.test-nsec3.example,cold,1820100,3,True,1788708311.583101,
bind,nsec3,nonexistent.test-nsec3.example,cold,1631800,3,True,1788708311.585207,
bind,nsec3,nonexistent.test-nsec3.example,cold,1626800,3,True,1788708311.58678,
bind,nsec3,nonexistent.test-nsec3.example,cold,1646500,3,True,1788708311.58835,
bind,nsec3,nonexistent.test-nsec3.example,cold,1799900,3,True,1788708311.5904424,
bind,nsec3,nonexistent.test-nsec3.example,cold,2217000,3,True,1788708311.5926952,
bind,nsec3,nonexistent.test-nsec3.example,cold,2455100,3,True,1788708311.5952594,
bind,nsec3,nonexistent.test-nsec3.example,cold,2429000,3,True,1788708311.5977454,
bind,nsec3,nonexistent.test-nsec3.example,cold,2479700,3,True,1788708311.6005404,
bind,nsec3,nonexistent.test-nsec3.example,cold,2462500,3,True,1788708311.6029427,
bind,nsec3,nonexistent.test-nsec3.example,cold,1738400,3,True,1788708311.604534,
bind,nsec3,nonexistent.test-nsec3.example,cold,1908300,3,True,1788708311.606909,
bind,nsec3,nonexistent.test-nsec3.example,cold,2153800,3,True,1788708311.608703,
bind,nsec3,nonexistent.test-nsec3.example,cold,2245200,3,True,1788708311.6114075,
bind,nsec3,nonexistent.test-nsec3.example,cold,2089500,3,True,1788708311.6136935,
bind,nsec3,nonexistent.test-nsec3.example,cold,1937300,3,True,1788708311.6152976,
bind,nsec3,nonexistent.test-nsec3.example,cold,1913700,3,True,1788708311.6175468,
bind,nsec3,nonexistent.test-nsec3.example,cold,2007400,3,True,1788708311.6197138,
bind,nsec3,nonexistent.test-nsec3.example,cold,1601700,3,True,1788708311.621289,
bind,nsec3,nonexistent.test-nsec3.example,cold,1520600,3,True,1788708311.6228635,
bind,nsec3,nonexistent.test-nsec3.example,cold,1513200,3,True,1788708311.624474,
bind,nsec3,nonexistent.test-nsec3.example,cold,1547700,3,True,1788708311.6260457,
bind,nsec3,nonexistent.test-nsec3.example,cold,1583300,3,True,1788708311.6277146,
bind,nsec3,nonexistent.test-nsec3.example,cold,1617200,3,True,1788708311.6292841,
bind,nsec3,nonexistent.test-nsec3.example,cold,1623600,3,True,1788708311.6308463,
bind,nsec3,nonexistent.test-nsec3.example,cold,1614300,3,True,1788708311.6325135,
bind,nsec3,nonexistent.test-nsec3.example,cold,1555100,3,True,1788708311.6341157,
bind,nsec3,nonexistent.test-nsec3.example,cold,1578800,3,True,1788708311.6362212,
bind,nsec3,nonexistent.test-nsec3.example,cold,2005100,3,True,1788708311.6379514,
bind,nsec3,nonexistent.test-nsec3.example,cold,1808300,3,True,1788708311.640059,
bind,nsec3,nonexistent.test-nsec3.example,cold,1745400,3,True,1788708311.641632,
bind,nsec3,nonexistent.test-nsec3.example,cold,1779300,3,True,1788708311.6437125,
bind,nsec3,nonexistent.test-nsec3.example,cold,1737800,3,True,1788708311.6452773,
bind,nsec3,nonexistent.test-nsec3.example,cold,1626800,3,True,1788708311.6473448,
bind,nsec3,nonexistent.test-nsec3.example,cold,1691900,3,True,1788708311.6489096,
bind,nsec3,nonexistent.test-nsec3.example,cold,1690200,3,True,1788708311.6505046,
bind,nsec3,nonexistent.test-nsec3.example,cold,1731800,3,True,1788708311.6526754,
bind,nsec3,nonexistent.test-nsec3.example,cold,1557600,3,True,1788708311.654274,
bind,nsec3,nonexistent.test-nsec3.example,cold,1582400,3,True,1788708311.6558971,
bind,nsec3,nonexistent.test-nsec3.example,cold,1561000,3,True,1788708311.6574702,
bind,nsec3,nonexistent.test-nsec3.example,cold,1567500,3,True,1788708311.6590848,
bind,nsec3,nonexistent.test-nsec3.example,cold,1592600,3,True,1788708311.660652,
bind,nsec3,nonexistent.test-nsec3.example,cold,1665400,3,True,1788708311.6627781,
bind,nsec3,nonexistent.test-nsec3.example,cold,1700000,3,True,1788708311.6644077,
bind,nsec3,nonexistent.test-nsec3.example,cold,1633800,3,True,1788708311.665984,
bind,nsec3,nonexistent.test-nsec3.example,cold,2199400,3,True,1788708311.6684358,
bind,nsec3,nonexistent.test-nsec3.example,cold,2348600,3,True,1788708311.670553,
bind,nsec3,nonexistent.test-nsec3.example,cold,1757500,3,True,1788708311.672687,
bind,nsec3,nonexistent.test-nsec3.example,cold,1742000,3,True,1788708311.674327,
bind,nsec3,nonexistent.test-nsec3.example,cold,1722000,3,True,1788708311.6759927,
bind,nsec3,nonexistent.test-nsec3.example,cold,2031400,3,True,1788708311.6775427,
bind,nsec3,nonexistent.test-nsec3.example,cold,2043400,3,True,1788708311.6792417,
bind,nsec3,nonexistent.test-nsec3.example,cold,1676900,3,True,1788708311.682171,
bind,nsec3,nonexistent.test-nsec3.example,cold,1665800,3,True,1788708311.682171,
bind,nsec3,nonexistent.test-nsec3.example,cold,1501500,3,True,1788708311.682171,
bind,nsec3,nonexistent.test-nsec3.example,cold,1535800,3,True,1788708311.682171,
bind,nsec3,nonexistent.test-nsec3.example,cold,1540400,3,True,1788708311.6885762,
bind,nsec3,nonexistent.test-nsec3.example,cold,1608500,3,True,1788708311.6901517,
bind,nsec3,nonexistent.test-nsec3.example,cold,1526500,3,True,1788708311.692238,
bind,nsec3,nonexistent.test-nsec3.example,cold,1754900,3,True,1788708311.6938603,
bind,nsec3,nonexistent.test-nsec3.example,cold,1628800,3,True,1788708311.6954231,
bind,nsec3,nonexistent.test-nsec3.example,cold,1603000,3,True,1788708311.6969972,
bind,nsec3,nonexistent.test-nsec3.example,cold,1705500,3,True,1788708311.6989846,
bind,nsec3,nonexistent.test-nsec3.example,cold,1662300,3,True,1788708311.7005575,
bind,nsec3,nonexistent.test-nsec3.example,cold,1691700,3,True,1788708311.7026944,
bind,nsec3,nonexistent.test-nsec3.example,cold,1475200,3,True,1788708311.7037683,
bind,nsec3,nonexistent.test-nsec3.example,cold,1551100,3,True,1788708311.7058568,
bind,nsec3,nonexistent.test-nsec3.example,cold,1679300,3,True,1788708311.7074542,
bind,nsec3,nonexistent.test-nsec3.example,cold,1471800,3,True,1788708311.7090292,
bind,nsec3,nonexistent.test-nsec3.example,cold,1534100,3,True,1788708311.7105775,
bind,nsec3,nonexistent.test-nsec3.example,cold,1492600,3,True,1788708311.7121372,
bind,nsec3,nonexistent.test-nsec3.example,cold,2007300,3,True,1788708311.7138877,
bind,nsec3,nonexistent.test-nsec3.example,cold,2142100,3,True,1788708311.7162664,
bind,nsec3,nonexistent.test-nsec3.example,cold,2056200,3,True,1788708311.7184477,
bind,nsec3,nonexistent.test-nsec3.example,cold,2072100,3,True,1788708311.7206187,
bind,nsec3,nonexistent.test-nsec3.example,cold,2055400,3,True,1788708311.7228096,
bind,nsec3,nonexistent.test-nsec3.example,cold,1967300,3,True,1788708311.724968,
bind,nsec3,nonexistent.test-nsec3.example,cold,1570800,3,True,1788708311.7265406,
bind,nsec3,nonexistent.test-nsec3.example,cold,1683500,3,True,1788708311.7281067,
bind,nsec3,nonexistent.test-nsec3.example,cold,1512800,3,True,1788708311.729684,
bind,nsec3,nonexistent.test-nsec3.example,cold,1532200,3,True,1788708311.731251,
bind,nsec3,nonexistent.test-nsec3.example,cold,1671600,3,True,1788708311.7333832,
bind,nsec3,nonexistent.test-nsec3.example,cold,1634800,3,True,1788708311.734978,
bind,nsec3,nonexistent.test-nsec3.example,cold,1594100,3,True,1788708311.7365386,
bind,nsec3,nonexistent.test-nsec3.example,cold,1477500,3,True,1788708311.7380908,
bind,nsec3,nonexistent.test-nsec3.example,cold,1601500,3,True,1788708311.7396562,
bind,nsec3,nonexistent.test-nsec3.example,cold,1551400,3,True,1788708311.7412703,
bind,nsec3,nonexistent.test-nsec3.example,cold,1560200,3,True,1788708311.7429166,
bind,nsec3,nonexistent.test-nsec3.example,cold,1850100,3,True,1788708311.7450976,
bind,nsec3,nonexistent.test-nsec3.example,cold,1743000,3,True,1788708311.7466948,
bind,nsec3,nonexistent.test-nsec3.example,cold,1610200,3,True,1788708311.7488565,
bind,nsec3,nonexistent.test-nsec3.example,cold,1859500,3,True,1788708311.7505999,
bind,nsec3,nonexistent.test-nsec3.example,cold,1611200,3,True,1788708311.7521667,
bind,nsec3,nonexistent.test-nsec3.example,cold,1427500,3,True,1788708311.7537239,
bind,nsec3,nonexistent.test-nsec3.example,cold,1582200,3,True,1788708311.7553077,
bind,nsec3,nonexistent.test-nsec3.example,cold,1556200,3,True,1788708311.7569013,
bind,nsec3,nonexistent.test-nsec3.example,cold,1556500,3,True,1788708311.7584827,
bind,nsec3,nonexistent.test-nsec3.example,cold,1527500,3,True,1788708311.7603154,
bind,nsec3,nonexistent.test-nsec3.example,cold,1561800,3,True,1788708311.7619448,
bind,nsec3,nonexistent.test-nsec3.example,cold,1511500,3,True,1788708311.7635026,
bind,nsec3,nonexistent.test-nsec3.example,cold,1505100,3,True,1788708311.7650652,
bind,nsec3,nonexistent.test-nsec3.example,cold,1657200,3,True,1788708311.7666383,
bind,nsec3,nonexistent.test-nsec3.example,cold,1600600,3,True,1788708311.768197,
bind,nsec3,nonexistent.test-nsec3.example,cold,1567600,3,True,1788708311.7698271,
bind,nsec3,nonexistent.test-nsec3.example,cold,1645000,3,True,1788708311.771928,
bind,nsec3,nonexistent.test-nsec3.example,cold,1692300,3,True,1788708311.773551,
bind,nsec3,nonexistent.test-nsec3.example,cold,1906800,3,True,1788708311.775737,
bind,nsec3,nonexistent.test-nsec3.example,cold,1910600,3,True,1788708311.77735,
bind,nsec3,nonexistent.test-nsec3.example,cold,2028300,3,True,1788708311.7791207,
bind,nsec3,nonexistent.test-nsec3.example,cold,2037500,3,True,1788708311.7819097,
bind,nsec3,nonexistent.test-nsec3.example,cold,1914500,3,True,1788708311.7819097,
bind,nsec3,nonexistent.test-nsec3.example,cold,2118800,3,True,1788708311.7846477,
bind,nsec3,nonexistent.test-nsec3.example,cold,1752700,3,True,1788708311.7846477,
bind,nsec3,nonexistent.test-nsec3.example,cold,1528400,3,True,1788708311.7846477,
bind,nsec3,nonexistent.test-nsec3.example,cold,1792500,3,True,1788708311.7902646,
bind,nsec3,nonexistent.test-nsec3.example,cold,1577100,3,True,1788708311.7902646,
bind,nsec3,nonexistent.test-nsec3.example,cold,1666100,3,True,1788708311.7902646,
bind,nsec3,nonexistent.test-nsec3.example,cold,1616500,3,True,1788708311.7902646,
bind,nsec3,nonexistent.test-nsec3.example,cold,1592300,3,True,1788708311.7902646,
bind,nsec3,nonexistent.test-nsec3.example,cold,1610900,3,True,1788708311.7902646,
bind,nsec3,nonexistent.test-nsec3.example,cold,1643400,3,True,1788708311.8013768,
bind,nsec3,nonexistent.test-nsec3.example,cold,1538500,3,True,1788708311.8029473,
bind,nsec3,nonexistent.test-nsec3.example,cold,1590600,3,True,1788708311.8046346,
bind,nsec3,nonexistent.test-nsec3.example,cold,1815700,3,True,1788708311.8063343,
bind,nsec3,nonexistent.test-nsec3.example,cold,6796700,3,True,1788708311.8135087,
bind,nsec3,nonexistent.test-nsec3.example,cold,3412400,3,True,1788708311.8169706,
bind,nsec3,nonexistent.test-nsec3.example,cold,1842100,3,True,1788708311.8186793,
bind,nsec3,nonexistent.test-nsec3.example,cold,1594800,3,True,1788708311.8203347,
bind,nsec3,nonexistent.test-nsec3.example,cold,1821300,3,True,1788708311.8220892,
bind,nsec3,nonexistent.test-nsec3.example,cold,1973900,3,True,1788708311.824476,
bind,nsec3,nonexistent.test-nsec3.example,cold,1941300,3,True,1788708311.8266,
bind,nsec3,nonexistent.test-nsec3.example,cold,1979500,3,True,1788708311.8287108,
bind,nsec3,nonexistent.test-nsec3.example,cold,1900900,3,True,1788708311.8303068,
bind,nsec3,nonexistent.test-nsec3.example,cold,1615200,3,True,1788708311.8319075,
bind,nsec3,nonexistent.test-nsec3.example,cold,1620200,3,True,1788708311.8340182,
bind,nsec3,nonexistent.test-nsec3.example,cold,1455500,3,True,1788708311.8355968,
bind,nsec3,nonexistent.test-nsec3.example,cold,1651400,3,True,1788708311.8372056,
bind,nsec3,nonexistent.test-nsec3.example,cold,1538700,3,True,1788708311.8387704,
bind,nsec3,nonexistent.test-nsec3.example,cold,1543200,3,True,1788708311.8403418,
bind,nsec3,nonexistent.test-nsec3.example,cold,1581400,3,True,1788708311.841919,
bind,nsec3,nonexistent.test-nsec3.example,cold,1681700,3,True,1788708311.8435566,
bind,nsec3,nonexistent.test-nsec3.example,cold,1492000,3,True,1788708311.8454163,
bind,nsec3,nonexistent.test-nsec3.example,cold,1466400,3,True,1788708311.8469849,
bind,nsec3,nonexistent.test-nsec3.example,cold,1532800,3,True,1788708311.8486047,
bind,nsec3,nonexistent.test-nsec3.example,cold,1578800,3,True,1788708311.850227,
bind,nsec3,nonexistent.test-nsec3.example,cold,1700200,3,True,1788708311.851913,
bind,nsec3,nonexistent.test-nsec3.example,cold,1997400,3,True,1788708311.8541162,
bind,nsec3,nonexistent.test-nsec3.example,cold,1965200,3,True,1788708311.8557303,
bind,nsec3,nonexistent.test-nsec3.example,cold,1578600,3,True,1788708311.8578572,
bind,nsec3,nonexistent.test-nsec3.example,cold,1668100,3,True,1788708311.8594635,
bind,nsec3,nonexistent.test-nsec3.example,cold,1488700,3,True,1788708311.861034,
bind,nsec3,nonexistent.test-nsec3.example,cold,1570000,3,True,1788708311.8626084,
bind,nsec3,nonexistent.test-nsec3.example,cold,1613500,3,True,1788708311.8641975,
bind,nsec3,nonexistent.test-nsec3.example,cold,1602000,3,True,1788708311.8659077,
bind,nsec3,nonexistent.test-nsec3.example,cold,3093000,3,True,1788708311.8692982,
bind,nsec3,nonexistent.test-nsec3.example,cold,2309400,3,True,1788708311.8714242,
bind,nsec3,nonexistent.test-nsec3.example,cold,2035500,3,True,1788708311.8735597,
bind,nsec3,nonexistent.test-nsec3.example,cold,1717300,3,True,1788708311.875255,
bind,nsec3,nonexistent.test-nsec3.example,cold,1565300,3,True,1788708311.8768833,
bind,nsec3,nonexistent.test-nsec3.example,cold,1502400,3,True,1788708311.8784547,
bind,nsec3,nonexistent.test-nsec3.example,cold,1662600,3,True,1788708311.8800943,
bind,nsec3,nonexistent.test-nsec3.example,cold,1604300,3,True,1788708311.881678,
bind,nsec3,nonexistent.test-nsec3.example,cold,2194800,3,True,1788708311.8844485,
bind,nsec3,nonexistent.test-nsec3.example,cold,2195400,3,True,1788708311.8867016,
bind,nsec3,nonexistent.test-nsec3.example,cold,1838500,3,True,1788708311.8883088,
bind,nsec3,nonexistent.test-nsec3.example,cold,1907900,3,True,1788708311.8904295,
bind,nsec3,nonexistent.test-nsec3.example,cold,1974400,3,True,1788708311.8926184,
bind,nsec3,nonexistent.test-nsec3.example,cold,1620800,3,True,1788708311.8942003,
bind,nsec3,nonexistent.test-nsec3.example,cold,1591700,3,True,1788708311.8958654,
bind,nsec3,nonexistent.test-nsec3.example,cold,1689300,3,True,1788708311.8976047,
bind,nsec3,nonexistent.test-nsec3.example,cold,1726600,3,True,1788708311.8992822,
bind,nsec3,nonexistent.test-nsec3.example,cold,1721200,3,True,1788708311.9014373,
bind,nsec3,nonexistent.test-nsec3.example,cold,1584000,3,True,1788708311.9030392,
bind,nsec3,nonexistent.test-nsec3.example,cold,1573800,3,True,1788708311.9046075,
bind,nsec3,nonexistent.test-nsec3.example,cold,1616700,3,True,1788708311.906182,
bind,nsec3,nonexistent.test-nsec3.example,cold,1634800,3,True,1788708311.9077609,
bind,nsec3,nonexistent.test-nsec3.example,cold,1583600,3,True,1788708311.9093463,
bind,nsec3,nonexistent.test-nsec3.example,cold,1427000,3,True,1788708311.9109917,
bind,nsec3,nonexistent.test-nsec3.example,cold,1708400,3,True,1788708311.9126475,
bind,nsec3,nonexistent.test-nsec3.example,cold,1579100,3,True,1788708311.914732,
bind,nsec3,nonexistent.test-nsec3.example,cold,1742600,3,True,1788708311.916379,
bind,nsec3,nonexistent.test-nsec3.example,cold,1639600,3,True,1788708311.9180062,
bind,nsec3,nonexistent.test-nsec3.example,cold,1565300,3,True,1788708311.9195786,
bind,nsec3,nonexistent.test-nsec3.example,cold,1595200,3,True,1788708311.9211717,
bind,nsec3,nonexistent.test-nsec3.example,cold,1491000,3,True,1788708311.9227502,
bind,nsec3,nonexistent.test-nsec3.example,cold,1779700,3,True,1788708311.9248347,
bind,nsec3,nonexistent.test-nsec3.example,cold,1608800,3,True,1788708311.9264238,
bind,nsec3,nonexistent.test-nsec3.example,cold,1898200,3,True,1788708311.9281151,
bind,nsec3,nonexistent.test-nsec3.example,cold,2011700,3,True,1788708311.9297972,
bind,nsec3,nonexistent.test-nsec3.example,cold,2101400,3,True,1788708311.932174,
bind,nsec3,nonexistent.test-nsec3.example,cold,1955800,3,True,1788708311.9335496,
bind,nsec3,nonexistent.test-nsec3.example,cold,1893200,3,True,1788708311.9349802,
bind,nsec3,nonexistent.test-nsec3.example,cold,1832100,3,True,1788708311.9349802,
bind,nsec3,nonexistent.test-nsec3.example,cold,1819200,3,True,1788708311.9402363,
bind,nsec3,nonexistent.test-nsec3.example,cold,1928800,3,True,1788708311.9424314,
bind,nsec3,nonexistent.test-nsec3.example,cold,1737500,3,True,1788708311.9442286,
bind,nsec3,nonexistent.test-nsec3.example,cold,1704600,3,True,1788708311.945797,
bind,nsec3,nonexistent.test-nsec3.example,cold,1645700,3,True,1788708311.9478958,
bind,nsec3,nonexistent.test-nsec3.example,cold,1764400,3,True,1788708311.949467,
bind,nsec3,nonexistent.test-nsec3.example,cold,1802300,3,True,1788708311.9515464,
bind,nsec3,nonexistent.test-nsec3.example,cold,1630700,3,True,1788708311.9531193,
bind,nsec3,nonexistent.test-nsec3.example,cold,1635600,3,True,1788708311.9546864,
bind,nsec3,nonexistent.test-nsec3.example,cold,1614500,3,True,1788708311.9563117,
bind,nsec3,nonexistent.test-nsec3.example,cold,1475200,3,True,1788708311.9579003,
bind,nsec3,nonexistent.test-nsec3.example,cold,1782100,3,True,1788708311.960193,
bind,nsec3,nonexistent.test-nsec3.example,cold,2125500,3,True,1788708311.9622912,
bind,nsec3,nonexistent.test-nsec3.example,cold,1622900,3,True,1788708311.9638832,
bind,nsec3,nonexistent.test-nsec3.example,cold,1500200,3,True,1788708311.9654627,
bind,nsec3,nonexistent.test-nsec3.example,cold,1860200,3,True,1788708311.967205,
bind,nsec3,nonexistent.test-nsec3.example,cold,1662500,3,True,1788708311.9692945,
bind,nsec3,nonexistent.test-nsec3.example,cold,1485800,3,True,1788708311.9708662,
bind,nsec3,nonexistent.test-nsec3.example,cold,1587000,3,True,1788708311.9724503,
bind,nsec3,nonexistent.test-nsec3.example,cold,1787900,3,True,1788708311.9740555,
bind,nsec3,nonexistent.test-nsec3.example,cold,2600400,3,True,1788708311.977055,
bind,nsec3,nonexistent.test-nsec3.example,cold,8386700,3,True,1788708311.9854383,
bind,nsec3,nonexistent.test-nsec3.example,cold,9792200,3,True,1788708311.99532,
bind,nsec3,nonexistent.test-nsec3.example,cold,15307900,3,True,1788708312.0104444,
bind,nsec3,nonexistent.test-nsec3.example,cold,12967300,3,True,1788708312.0237665,
bind,nsec3,nonexistent.test-nsec3.example,cold,8731900,3,True,1788708312.032612,
bind,nsec3,nonexistent.test-nsec3.example,cold,9653700,3,True,1788708312.0424364,
bind,nsec3,nonexistent.test-nsec3.example,cold,7517400,3,True,1788708312.0498369,
bind,nsec3,nonexistent.test-nsec3.example,cold,2763600,3,True,1788708312.0529022,
bind,nsec3,nonexistent.test-nsec3.example,cold,2662400,3,True,1788708312.0556011,
bind,nsec3,nonexistent.test-nsec3.example,cold,2133100,3,True,1788708312.0582922,
bind,nsec3,nonexistent.test-nsec3.example,cold,2960200,3,True,1788708312.0608997,
bind,nsec3,nonexistent.test-nsec3.example,cold,2310000,3,True,1788708312.0637069,
bind,nsec3,nonexistent.test-nsec3.example,cold,2755900,3,True,1788708312.067045,
bind,nsec3,nonexistent.test-nsec3.example,cold,4769700,3,True,1788708312.0715222,
bind,nsec3,nonexistent.test-nsec3.example,cold,2769200,3,True,1788708312.0745893,
bind,nsec3,nonexistent.test-nsec3.example,cold,2363300,3,True,1788708312.0767758,
bind,nsec3,nonexistent.test-nsec3.example,cold,2375700,3,True,1788708312.0794168,
bind,nsec3,nonexistent.test-nsec3.example,cold,2380700,3,True,1788708312.082181,
bind,nsec3,nonexistent.test-nsec3.example,cold,2591200,3,True,1788708312.0844128,
bind,nsec3,nonexistent.test-nsec3.example,cold,1478000,3,True,1788708312.0859873,
bind,nsec3,nonexistent.test-nsec3.example,cold,1494900,3,True,1788708312.0875812,
bind,nsec3,nonexistent.test-nsec3.example,cold,1632100,3,True,1788708312.0896866,
bind,nsec3,nonexistent.test-nsec3.example,cold,1607200,3,True,1788708312.091253,
bind,nsec3,nonexistent.test-nsec3.example,cold,1607700,3,True,1788708312.0928345,
bind,nsec3,nonexistent.test-nsec3.example,cold,1560500,3,True,1788708312.0944092,
bind,nsec3,nonexistent.test-nsec3.example,cold,1585500,3,True,1788708312.095985,
bind,nsec3,nonexistent.test-nsec3.example,cold,1533500,3,True,1788708312.097604,
bind,nsec3,nonexistent.test-nsec3.example,cold,1952500,3,True,1788708312.0992823,
bind,nsec3,nonexistent.test-nsec3.example,cold,1803100,3,True,1788708312.1017077,
bind,nsec3,nonexistent.test-nsec3.example,cold,1893400,3,True,1788708312.1033716,
bind,nsec3,nonexistent.test-nsec3.example,cold,2102500,3,True,1788708312.106016,
bind,nsec3,nonexistent.test-nsec3.example,cold,1823000,3,True,1788708312.1075678,
bind,nsec3,nonexistent.test-nsec3.example,cold,1998300,3,True,1788708312.1097453,
bind,nsec3,nonexistent.test-nsec3.example,cold,1727100,3,True,1788708312.1113477,
bind,nsec3,nonexistent.test-nsec3.example,cold,1688200,3,True,1788708312.1134334,
bind,nsec3,nonexistent.test-nsec3.example,cold,1684300,3,True,1788708312.1150398,
bind,nsec3,nonexistent.test-nsec3.example,cold,1825700,3,True,1788708312.1167905,
bind,nsec3,nonexistent.test-nsec3.example,cold,1634000,3,True,1788708312.1188624,
bind,nsec3,nonexistent.test-nsec3.example,cold,1456100,3,True,1788708312.1204524,
bind,nsec3,nonexistent.test-nsec3.example,cold,1458000,3,True,1788708312.121517,
bind,nsec3,nonexistent.test-nsec3.example,cold,1602600,3,True,1788708312.1235871,
bind,nsec3,nonexistent.test-nsec3.example,cold,1494500,3,True,1788708312.1251671,
bind,nsec3,nonexistent.test-nsec3.example,cold,1569600,3,True,1788708312.1268125,
bind,nsec3,nonexistent.test-nsec3.example,cold,1699300,3,True,1788708312.128381,
bind,nsec3,nonexistent.test-nsec3.example,cold,2547800,3,True,1788708312.1307771,
bind,nsec3,nonexistent.test-nsec3.example,cold,1927800,3,True,1788708312.132973,
bind,nsec3,nonexistent.test-nsec3.example,cold,1689800,3,True,1788708312.1350656,
bind,nsec3,nonexistent.test-nsec3.example,cold,1607300,3,True,1788708312.136618,
bind,nsec3,nonexistent.test-nsec3.example,cold,1554400,3,True,1788708312.1381836,
bind,nsec3,nonexistent.test-nsec3.example,cold,1622900,3,True,1788708312.1397557,
bind,nsec3,nonexistent.test-nsec3.example,cold,1677600,3,True,1788708312.1413302,
bind,nsec3,nonexistent.test-nsec3.example,cold,1631400,3,True,1788708312.1434119,
bind,nsec3,nonexistent.test-nsec3.example,cold,1502500,3,True,1788708312.1449826,
bind,nsec3,nonexistent.test-nsec3.example,cold,1542200,3,True,1788708312.146571,
bind,nsec3,nonexistent.test-nsec3.example,cold,1708800,3,True,1788708312.148258,
bind,nsec3,nonexistent.test-nsec3.example,cold,1598900,3,True,1788708312.1498587,
bind,nsec3,nonexistent.test-nsec3.example,cold,1653300,3,True,1788708312.151447,
bind,nsec3,nonexistent.test-nsec3.example,cold,1714900,3,True,1788708312.1536233,
bind,nsec3,nonexistent.test-nsec3.example,cold,1587200,3,True,1788708312.1552086,
bind,nsec3,nonexistent.test-nsec3.example,cold,1558400,3,True,1788708312.1568048,
bind,nsec3,nonexistent.test-nsec3.example,cold,1667400,3,True,1788708312.1584265,
bind,nsec3,nonexistent.test-nsec3.example,cold,1539900,3,True,1788708312.1599827,
bind,nsec3,nonexistent.test-nsec3.example,cold,1977600,3,True,1788708312.1618507,
bind,nsec3,nonexistent.test-nsec3.example,cold,2176600,3,True,1788708312.1642537,
bind,nsec3,nonexistent.test-nsec3.example,cold,2199200,3,True,1788708312.166449,
bind,nsec3,nonexistent.test-nsec3.example,cold,1856000,3,True,1788708312.1686413,
bind,nsec3,nonexistent.test-nsec3.example,cold,1864200,3,True,1788708312.1703515,
bind,nsec3,nonexistent.test-nsec3.example,cold,1907800,3,True,1788708312.1726468,
bind,nsec3,nonexistent.test-nsec3.example,cold,1643900,3,True,1788708312.1742358,
bind,nsec3,nonexistent.test-nsec3.example,cold,1694200,3,True,1788708312.1759238,
bind,nsec3,nonexistent.test-nsec3.example,cold,2000200,3,True,1788708312.178254,
bind,nsec3,nonexistent.test-nsec3.example,cold,1581300,3,True,1788708312.1798728,
bind,nsec3,nonexistent.test-nsec3.example,cold,1714800,3,True,1788708312.181521,
bind,nsec3,nonexistent.test-nsec3.example,cold,1800900,3,True,1788708312.1836421,
bind,nsec3,nonexistent.test-nsec3.example,cold,1694700,3,True,1788708312.185316,
bind,nsec3,nonexistent.test-nsec3.example,cold,1567200,3,True,1788708312.1868794,
bind,nsec3,nonexistent.test-nsec3.example,cold,1528600,3,True,1788708312.1884649,
bind,nsec3,nonexistent.test-nsec3.example,cold,1476200,3,True,1788708312.1900432,
bind,nsec3,nonexistent.test-nsec3.example,cold,1751300,3,True,1788708312.1916592,
bind,nsec3,nonexistent.test-nsec3.example,cold,1646700,3,True,1788708312.193281,
bind,nsec3,nonexistent.test-nsec3.example,cold,1731100,3,True,1788708312.1953666,
bind,nsec3,nonexistent.test-nsec3.example,cold,1619700,3,True,1788708312.196938,
bind,nsec3,nonexistent.test-nsec3.example,cold,1632600,3,True,1788708312.1987677,
bind,nsec3,nonexistent.test-nsec3.example,cold,1751400,3,True,1788708312.200484,
bind,nsec3,nonexistent.test-nsec3.example,cold,1560600,3,True,1788708312.2020614,
bind,nsec3,nonexistent.test-nsec3.example,cold,1639300,3,True,1788708312.2036574,
bind,nsec3,nonexistent.test-nsec3.example,cold,1571700,3,True,1788708312.205326,
bind,nsec3,nonexistent.test-nsec3.example,cold,1984500,3,True,1788708312.2076898,
bind,nsec3,nonexistent.test-nsec3.example,cold,1993500,3,True,1788708312.2098846,
bind,nsec3,nonexistent.test-nsec3.example,cold,2018000,3,True,1788708312.2115188,
bind,nsec3,nonexistent.test-nsec3.example,cold,1779500,3,True,1788708312.2136936,
bind,nsec3,nonexistent.test-nsec3.example,cold,1921500,3,True,1788708312.2158356,
bind,nsec3,nonexistent.test-nsec3.example,cold,1864800,3,True,1788708312.2174811,
bind,nsec3,nonexistent.test-nsec3.example,cold,1699400,3,True,1788708312.2193449,
bind,nsec3,nonexistent.test-nsec3.example,cold,1607400,3,True,1788708312.2209148,
bind,nsec3,nonexistent.test-nsec3.example,cold,1670600,3,True,1788708312.2226338,
bind,nsec3,nonexistent.test-nsec3.example,cold,1666400,3,True,1788708312.2247589,
bind,nsec3,nonexistent.test-nsec3.example,cold,1574900,3,True,1788708312.226361,
bind,nsec3,nonexistent.test-nsec3.example,cold,1649100,3,True,1788708312.2279305,
bind,nsec3,nonexistent.test-nsec3.example,cold,1565800,3,True,1788708312.2295094,
bind,nsec3,nonexistent.test-nsec3.example,cold,1611900,3,True,1788708312.2310793,
bind,nsec3,nonexistent.test-nsec3.example,cold,1555700,3,True,1788708312.2327144,
bind,nsec3,nonexistent.test-nsec3.example,cold,1753400,3,True,1788708312.234828,
bind,nsec3,nonexistent.test-nsec3.example,cold,1578300,3,True,1788708312.2363994,
bind,nsec3,nonexistent.test-nsec3.example,cold,1679800,3,True,1788708312.2380884,
bind,nsec3,nonexistent.test-nsec3.example,cold,1561800,3,True,1788708312.2396677,
bind,nsec3,nonexistent.test-nsec3.example,cold,1590800,3,True,1788708312.2412403,
bind,nsec3,nonexistent.test-nsec3.example,cold,1466900,3,True,1788708312.2428217,
bind,nsec3,nonexistent.test-nsec3.example,cold,1517000,3,True,1788708312.2443824,
bind,nsec3,nonexistent.test-nsec3.example,cold,1599100,3,True,1788708312.2459555,
bind,nsec3,nonexistent.test-nsec3.example,cold,1638200,3,True,1788708312.2480931,
bind,nsec3,nonexistent.test-nsec3.example,cold,1545300,3,True,1788708312.2496715,
bind,nsec3,nonexistent.test-nsec3.example,cold,1673800,3,True,1788708312.2512398,
bind,nsec3,nonexistent.test-nsec3.example,cold,1625700,3,True,1788708312.2528276,
bind,nsec3,nonexistent.test-nsec3.example,cold,2406200,3,True,1788708312.255331,
bind,nsec3,nonexistent.test-nsec3.example,cold,1922600,3,True,1788708312.257642,
bind,nsec3,nonexistent.test-nsec3.example,cold,2137000,3,True,1788708312.259737,
bind,nsec3,nonexistent.test-nsec3.example,cold,1937700,3,True,1788708312.261893,
bind,nsec3,nonexistent.test-nsec3.example,cold,1923500,3,True,1788708312.263465,
bind,nsec3,nonexistent.test-nsec3.example,cold,1792800,3,True,1788708312.265558,
bind,nsec3,nonexistent.test-nsec3.example,cold,1788500,3,True,1788708312.2671342,
bind,nsec3,nonexistent.test-nsec3.example,cold,1680100,3,True,1788708312.2692487,
bind,nsec3,nonexistent.test-nsec3.example,cold,1667700,3,True,1788708312.270922,
bind,nsec3,nonexistent.test-nsec3.example,cold,1557500,3,True,1788708312.272477,
bind,nsec3,nonexistent.test-nsec3.example,cold,1671300,3,True,1788708312.274154,
bind,nsec3,nonexistent.test-nsec3.example,cold,1579900,3,True,1788708312.2757275,
bind,nsec3,nonexistent.test-nsec3.example,cold,1644100,3,True,1788708312.2774801,
bind,nsec3,nonexistent.test-nsec3.example,cold,1557800,3,True,1788708312.2791007,
bind,nsec3,nonexistent.test-nsec3.example,cold,1542300,3,True,1788708312.280678,
bind,nsec3,nonexistent.test-nsec3.example,cold,1662600,3,True,1788708312.2828054,
bind,nsec3,nonexistent.test-nsec3.example,cold,1818400,3,True,1788708312.2845204,
bind,nsec3,nonexistent.test-nsec3.example,cold,1629500,3,True,1788708312.2861292,
bind,nsec3,nonexistent.test-nsec3.example,cold,1499800,3,True,1788708312.2877028,
bind,nsec3,nonexistent.test-nsec3.example,cold,1619300,3,True,1788708312.28927,
bind,nsec3,nonexistent.test-nsec3.example,cold,1552900,3,True,1788708312.2908764,
bind,nsec3,nonexistent.test-nsec3.example,cold,1606500,3,True,1788708312.292972,
bind,nsec3,nonexistent.test-nsec3.example,cold,1485300,3,True,1788708312.294051,
bind,nsec3,nonexistent.test-nsec3.example,cold,1628900,3,True,1788708312.295779,
bind,nsec3,nonexistent.test-nsec3.example,cold,1572700,3,True,1788708312.2973773,
bind,nsec3,nonexistent.test-nsec3.example,cold,2012200,3,True,1788708312.2989924,
bind,nsec3,nonexistent.test-nsec3.example,cold,2311300,3,True,1788708312.3021982,
bind,nsec3,nonexistent.test-nsec3.example,cold,2026300,3,True,1788708312.3043716,
bind,nsec3,nonexistent.test-nsec3.example,cold,1805500,3,True,1788708312.3059351,
bind,nsec3,nonexistent.test-nsec3.example,cold,1891900,3,True,1788708312.3080533,
bind,nsec3,nonexistent.test-nsec3.example,cold,2021200,3,True,1788708312.3101823,
bind,nsec3,nonexistent.test-nsec3.example,cold,1905600,3,True,1788708312.3123085,
bind,nsec3,nonexistent.test-nsec3.example,cold,1630300,3,True,1788708312.313897,
bind,nsec3,nonexistent.test-nsec3.example,cold,1557900,3,True,1788708312.315567,
bind,nsec3,nonexistent.test-nsec3.example,cold,1657000,3,True,1788708312.3171504,
bind,nsec3,nonexistent.test-nsec3.example,cold,1395300,3,True,1788708312.3188918,
bind,nsec3,nonexistent.test-nsec3.example,cold,1574000,3,True,1788708312.3204603,
bind,nsec3,nonexistent.test-nsec3.example,cold,1618400,3,True,1788708312.3220408,
bind,nsec3,nonexistent.test-nsec3.example,cold,1566000,3,True,1788708312.32361,
bind,nsec3,nonexistent.test-nsec3.example,cold,1641800,3,True,1788708312.3251894,
bind,nsec3,nonexistent.test-nsec3.example,cold,1604300,3,True,1788708312.3267872,
bind,nsec3,nonexistent.test-nsec3.example,cold,1675100,3,True,1788708312.3289084,
bind,nsec3,nonexistent.test-nsec3.example,cold,1682200,3,True,1788708312.330619,
bind,nsec3,nonexistent.test-nsec3.example,cold,1605700,3,True,1788708312.3321881,
bind,nsec3,nonexistent.test-nsec3.example,cold,1741700,3,True,1788708312.3342865,
bind,nsec3,nonexistent.test-nsec3.example,cold,1624100,3,True,1788708312.3358855,
bind,nsec3,nonexistent.test-nsec3.example,cold,1483300,3,True,1788708312.3374474,
bind,nsec3,nonexistent.test-nsec3.example,cold,1564300,3,True,1788708312.339012,
bind,nsec3,nonexistent.test-nsec3.example,cold,1591600,3,True,1788708312.340582,
bind,nsec3,nonexistent.test-nsec3.example,cold,1479200,3,True,1788708312.3421538,
bind,nsec3,nonexistent.test-nsec3.example,cold,1528800,3,True,1788708312.343718,
bind,nsec3,nonexistent.test-nsec3.example,cold,1596700,3,True,1788708312.3452723,
bind,nsec3,nonexistent.test-nsec3.example,cold,2023400,3,True,1788708312.3475096,
bind,nsec3,nonexistent.test-nsec3.example,cold,1960300,3,True,1788708312.3498187,
bind,nsec3,nonexistent.test-nsec3.example,cold,2143500,3,True,1788708312.352008,
bind,nsec3,nonexistent.test-nsec3.example,cold,2034100,3,True,1788708312.3540926,
bind,nsec3,nonexistent.test-nsec3.example,cold,1766400,3,True,1788708312.3558102,
bind,nsec3,nonexistent.test-nsec3.example,cold,1936600,3,True,1788708312.357931,
bind,nsec3,nonexistent.test-nsec3.example,cold,1706800,3,True,1788708312.3594995,
bind,nsec3,nonexistent.test-nsec3.example,cold,1768200,3,True,1788708312.3616483,
bind,nsec3,nonexistent.test-nsec3.example,cold,2159400,3,True,1788708312.363467,
bind,nsec3,nonexistent.test-nsec3.example,cold,2504300,3,True,1788708312.3663423,
bind,nsec3,nonexistent.test-nsec3.example,cold,1952100,3,True,1788708312.368502,
bind,nsec3,nonexistent.test-nsec3.example,cold,1656700,3,True,1788708312.370083,
bind,nsec3,nonexistent.test-nsec3.example,cold,1658800,3,True,1788708312.3716607,
bind,nsec3,nonexistent.test-nsec3.example,cold,1497200,3,True,1788708312.3732529,
bind,nsec3,nonexistent.test-nsec3.example,cold,1591000,3,True,1788708312.3748252,
bind,nsec3,nonexistent.test-nsec3.example,cold,2300500,3,True,1788708312.3774023,
bind,nsec3,nonexistent.test-nsec3.example,cold,1728400,3,True,1788708312.3790023,
bind,nsec3,nonexistent.test-nsec3.example,cold,1586800,3,True,1788708312.3807135,
bind,nsec3,nonexistent.test-nsec3.example,cold,1592800,3,True,1788708312.3822923,
bind,nsec3,nonexistent.test-nsec3.example,cold,1549900,3,True,1788708312.3838887,
bind,nsec3,nonexistent.test-nsec3.example,cold,1519100,3,True,1788708312.3855333,
bind,nsec3,nonexistent.test-nsec3.example,cold,1606300,3,True,1788708312.3871164,
bind,nsec3,nonexistent.test-nsec3.example,cold,1534000,3,True,1788708312.3892114,
bind,nsec3,nonexistent.test-nsec3.example,cold,1633200,3,True,1788708312.3908074,
bind,nsec3,nonexistent.test-nsec3.example,cold,2249000,3,True,1788708312.392754,
bind,nsec3,nonexistent.test-nsec3.example,cold,2123700,3,True,1788708312.3943393,
bind,nsec3,nonexistent.test-nsec3.example,cold,2193300,3,True,1788708312.3956916,
bind,nsec3,nonexistent.test-nsec3.example,cold,1870100,3,True,1788708312.3983436,
bind,nsec3,nonexistent.test-nsec3.example,cold,1871300,3,True,1788708312.4006417,
bind,nsec3,nonexistent.test-nsec3.example,cold,1505000,3,True,1788708312.4006417,
bind,nsec3,nonexistent.test-nsec3.example,cold,1546200,3,True,1788708312.404486,
bind,nsec3,nonexistent.test-nsec3.example,cold,1446300,3,True,1788708312.4061384,
bind,nsec3,nonexistent.test-nsec3.example,cold,1825000,3,True,1788708312.4081452,
bind,nsec3,nonexistent.test-nsec3.example,cold,1615200,3,True,1788708312.409704,
bind,nsec3,nonexistent.test-nsec3.example,cold,1612700,3,True,1788708312.4114726,
bind,nsec3,nonexistent.test-nsec3.example,cold,1611900,3,True,1788708312.4131174,
bind,nsec3,nonexistent.test-nsec3.example,cold,1657000,3,True,1788708312.4147978,
bind,nsec3,nonexistent.test-nsec3.example,cold,1772300,3,True,1788708312.416508,
bind,nsec3,nonexistent.test-nsec3.example,cold,1688500,3,True,1788708312.4185874,
bind,nsec3,nonexistent.test-nsec3.example,cold,1631300,3,True,1788708312.4201493,
bind,nsec3,nonexistent.test-nsec3.example,cold,1598100,3,True,1788708312.4218638,
bind,nsec3,nonexistent.test-nsec3.example,cold,1571800,3,True,1788708312.423509,
bind,nsec3,nonexistent.test-nsec3.example,cold,1579500,3,True,1788708312.4251502,
bind,nsec3,nonexistent.test-nsec3.example,cold,1572600,3,True,1788708312.4268355,
bind,nsec3,nonexistent.test-nsec3.example,cold,1579000,3,True,1788708312.4284,
bind,nsec3,nonexistent.test-nsec3.example,cold,1604900,3,True,1788708312.430065,
bind,nsec3,nonexistent.test-nsec3.example,cold,1604800,3,True,1788708312.4316363,
bind,nsec3,nonexistent.test-nsec3.example,cold,1656700,3,True,1788708312.4337444,
bind,nsec3,nonexistent.test-nsec3.example,cold,1664700,3,True,1788708312.4353073,
bind,nsec3,nonexistent.test-nsec3.example,cold,1527300,3,True,1788708312.4368844,
bind,nsec3,nonexistent.test-nsec3.example,cold,2780000,3,True,1788708312.4397836,
bind,nsec3,nonexistent.test-nsec3.example,cold,4503100,3,True,1788708312.4443135,
bind,nsec3,nonexistent.test-nsec3.example,cold,10413200,3,True,1788708312.4545307,
bind,nsec3,nonexistent.test-nsec3.example,cold,6670200,3,True,1788708312.4615428,
bind,nsec3,nonexistent.test-nsec3.example,cold,5020500,3,True,1788708312.4668398,
bind,nsec3,nonexistent.test-nsec3.example,cold,8654100,3,True,1788708312.4756038,
bind,nsec3,nonexistent.test-nsec3.example,cold,3834900,3,True,1788708312.4792008,
bind,nsec3,nonexistent.test-nsec3.example,cold,4388300,3,True,1788708312.4835649,
bind,nsec3,nonexistent.test-nsec3.example,cold,5173900,3,True,1788708312.4887605,
bind,nsec3,nonexistent.test-nsec3.example,cold,3795900,3,True,1788708312.4925294,
bind,nsec3,nonexistent.test-nsec3.example,cold,3261600,3,True,1788708312.49639,
bind,nsec3,nonexistent.test-nsec3.example,cold,5034100,3,True,1788708312.5010853,
bind,nsec3,nonexistent.test-nsec3.example,cold,4264100,3,True,1788708312.5059204,
bind,nsec3,nonexistent.test-nsec3.example,cold,4453700,3,True,1788708312.5105002,
bind,nsec3,nonexistent.test-nsec3.example,cold,3923000,3,True,1788708312.5141559,
bind,nsec3,nonexistent.test-nsec3.example,cold,4544900,3,True,1788708312.5187967,
bind,nsec3,nonexistent.test-nsec3.example,cold,9853100,3,True,1788708312.5289195,
bind,nsec3,nonexistent.test-nsec3.example,cold,4895900,3,True,1788708312.5335815,
bind,nsec3,nonexistent.test-nsec3.example,cold,4314700,3,True,1788708312.5385225,
bind,nsec3,nonexistent.test-nsec3.example,cold,3121200,3,True,1788708312.5415974,
bind,nsec3,nonexistent.test-nsec3.example,cold,5464600,3,True,1788708312.5470605,
bind,nsec3,nonexistent.test-nsec3.example,cold,4990200,3,True,1788708312.5523574,
bind,nsec3,nonexistent.test-nsec3.example,cold,3701700,3,True,1788708312.5556946,
bind,nsec3,nonexistent.test-nsec3.example,cold,3132100,3,True,1788708312.5591524,
bind,nsec3,nonexistent.test-nsec3.example,cold,3076100,3,True,1788708312.5623918,
bind,nsec3,nonexistent.test-nsec3.example,cold,3671400,3,True,1788708312.566241,
bind,nsec3,nonexistent.test-nsec3.example,cold,2253200,3,True,1788708312.568353,
bind,nsec3,nonexistent.test-nsec3.example,cold,3178800,3,True,1788708312.5715451,
bind,nsec3,nonexistent.test-nsec3.example,cold,3268300,3,True,1788708312.5752628,
bind,nsec3,nonexistent.test-nsec3.example,cold,5295100,3,True,1788708312.5807354,
bind,nsec3,nonexistent.test-nsec3.example,cold,2688000,3,True,1788708312.5833285,
bind,nsec3,nonexistent.test-nsec3.example,cold,3453500,3,True,1788708312.587022,
bind,nsec3,nonexistent.test-nsec3.example,cold,2680800,3,True,1788708312.5896668,
bind,nsec3,nonexistent.test-nsec3.example,cold,2965600,3,True,1788708312.5928264,
bind,nsec3,nonexistent.test-nsec3.example,cold,3048400,3,True,1788708312.595545,
bind,nsec3,nonexistent.test-nsec3.example,cold,3480800,3,True,1788708312.5995808,
bind,nsec3,nonexistent.test-nsec3.example,cold,3884200,3,True,1788708312.6035109,
bind,nsec3,nonexistent.test-nsec3.example,cold,2180800,3,True,1788708312.6057467,
bind,nsec3,nonexistent.test-nsec3.example,cold,2347600,3,True,1788708312.6079018,
bind,nsec3,nonexistent.test-nsec3.example,cold,2224800,3,True,1788708312.6105316,
bind,nsec3,nonexistent.test-nsec3.example,cold,2315500,3,True,1788708312.611548,
bind,nsec3,nonexistent.test-nsec3.example,cold,2238200,3,True,1788708312.6146536,
bind,nsec3,nonexistent.test-nsec3.example,cold,2825300,3,True,1788708312.6182742,
bind,nsec3,nonexistent.test-nsec3.example,cold,2134300,3,True,1788708312.6203556,
bind,nsec3,nonexistent.test-nsec3.example,cold,12779200,3,True,1788708312.6328619,
bind,nsec3,nonexistent.test-nsec3.example,cold,8123900,3,True,1788708312.641522,
bind,nsec3,nonexistent.test-nsec3.example,cold,3499500,3,True,1788708312.6447415,
bind,nsec3,nonexistent.test-nsec3.example,cold,2690100,3,True,1788708312.6479664,
bind,nsec3,nonexistent.test-nsec3.example,cold,3196600,3,True,1788708312.6511028,
bind,nsec3,nonexistent.test-nsec3.example,cold,1951200,3,True,1788708312.653209,
bind,nsec3,nonexistent.test-nsec3.example,cold,1717300,3,True,1788708312.6549273,
bind,nsec3,nonexistent.test-nsec3.example,cold,2309800,3,True,1788708312.6575494,
bind,nsec3,nonexistent.test-nsec3.example,cold,2691100,3,True,1788708312.6598766,
bind,nsec3,nonexistent.test-nsec3.example,cold,1956000,3,True,1788708312.662085,
bind,nsec3,nonexistent.test-nsec3.example,cold,1744600,3,True,1788708312.664187,
bind,nsec3,nonexistent.test-nsec3.example,cold,1915000,3,True,1788708312.6657515,
bind,nsec3,nonexistent.test-nsec3.example,cold,2644600,3,True,1788708312.6689384,
bind,nsec3,nonexistent.test-nsec3.example,cold,3153800,3,True,1788708312.6714377,
bind,nsec3,nonexistent.test-nsec3.example,cold,2357300,3,True,1788708312.674673,
bind,nsec3,nonexistent.test-nsec3.example,cold,2168600,3,True,1788708312.6768086,
bind,nsec3,nonexistent.test-nsec3.example,cold,1960200,3,True,1788708312.678498,
bind,nsec3,nonexistent.test-nsec3.example,cold,2102000,3,True,1788708312.681225,
bind,nsec3,nonexistent.test-nsec3.example,cold,1913000,3,True,1788708312.6827946,
bind,nsec3,nonexistent.test-nsec3.example,cold,1986000,3,True,1788708312.6849792,
bind,nsec3,nonexistent.test-nsec3.example,cold,1903600,3,True,1788708312.6870935,
bind,nsec3,nonexistent.test-nsec3.example,cold,1804600,3,True,1788708312.6892226,
bind,nsec3,nonexistent.test-nsec3.example,cold,1509200,3,True,1788708312.6902945,
bind,nsec3,nonexistent.test-nsec3.example,cold,1554000,3,True,1788708312.6924279,
bind,nsec3,nonexistent.test-nsec3.example,cold,1672200,3,True,1788708312.6940708,
bind,nsec3,nonexistent.test-nsec3.example,cold,1622700,3,True,1788708312.695634,
bind,nsec3,nonexistent.test-nsec3.example,cold,1599200,3,True,1788708312.6971886,
bind,nsec3,nonexistent.test-nsec3.example,cold,1747800,3,True,1788708312.6992888,
bind,nsec3,nonexistent.test-nsec3.example,cold,1742800,3,True,1788708312.7010107,
bind,nsec3,nonexistent.test-nsec3.example,cold,1494500,3,True,1788708312.7025805,
bind,nsec3,nonexistent.test-nsec3.example,cold,1899200,3,True,1788708312.704679,
bind,nsec3,nonexistent.test-nsec3.example,cold,1599200,3,True,1788708312.7062528,
bind,nsec3,nonexistent.test-nsec3.example,cold,1647700,3,True,1788708312.7078457,
bind,nsec3,nonexistent.test-nsec3.example,cold,14393600,3,True,1788708312.7225275,
bind,nsec3,nonexistent.test-nsec3.example,cold,2510600,3,True,1788708312.7251656,
bind,nsec3,nonexistent.test-nsec3.example,cold,2254300,3,True,1788708312.727283,
bind,nsec3,nonexistent.test-nsec3.example,cold,1663500,3,True,1788708312.728843,
bind,nsec3,nonexistent.test-nsec3.example,cold,1678800,3,True,1788708312.7309508,
bind,nsec3,nonexistent.test-nsec3.example,cold,1689600,3,True,1788708312.7325854,
bind,nsec3,nonexistent.test-nsec3.example,cold,1618000,3,True,1788708312.7341595,
bind,nsec3,nonexistent.test-nsec3.example,cold,1517500,3,True,1788708312.7357347,
bind,nsec3,nonexistent.test-nsec3.example,cold,1533200,3,True,1788708312.7373013,
bind,nsec3,nonexistent.test-nsec3.example,cold,1688100,3,True,1788708312.7394059,
bind,nsec3,nonexistent.test-nsec3.example,cold,1626800,3,True,1788708312.7409785,
bind,nsec3,nonexistent.test-nsec3.example,cold,1593800,3,True,1788708312.7425861,
bind,nsec3,nonexistent.test-nsec3.example,cold,1595700,3,True,1788708312.744157,
bind,nsec3,nonexistent.test-nsec3.example,cold,1648500,3,True,1788708312.7459273,
bind,nsec3,nonexistent.test-nsec3.example,cold,1655800,3,True,1788708312.7476723,
bind,nsec3,nonexistent.test-nsec3.example,cold,1715200,3,True,1788708312.7492473,
bind,nsec3,nonexistent.test-nsec3.example,cold,1651400,3,True,1788708312.7513292,
bind,nsec3,nonexistent.test-nsec3.example,cold,1561100,3,True,1788708312.7529082,
bind,nsec3,nonexistent.test-nsec3.example,cold,1676500,3,True,1788708312.7545288,
bind,nsec3,nonexistent.test-nsec3.example,cold,1630400,3,True,1788708312.7561748,
bind,nsec3,nonexistent.test-nsec3.example,cold,1616600,3,True,1788708312.7577245,
bind,nsec3,nonexistent.test-nsec3.example,cold,1628900,3,True,1788708312.7597928,
bind,nsec3,nonexistent.test-nsec3.example,cold,1423700,3,True,1788708312.7608914,
bind,nsec3,nonexistent.test-nsec3.example,cold,1844700,3,True,1788708312.7628183,
bind,nsec3,nonexistent.test-nsec3.example,cold,1979200,3,True,1788708312.7649398,
bind,nsec3,nonexistent.test-nsec3.example,cold,2014300,3,True,1788708312.767047,
bind,nsec3,nonexistent.test-nsec3.example,cold,1974500,3,True,1788708312.7691722,
bind,nsec3,nonexistent.test-nsec3.example,cold,1728200,3,True,1788708312.7708528,
bind,nsec3,nonexistent.test-nsec3.example,cold,1865800,3,True,1788708312.7729566,
bind,nsec3,nonexistent.test-nsec3.example,cold,1626000,3,True,1788708312.7745824,
bind,nsec3,nonexistent.test-nsec3.example,cold,1613700,3,True,1788708312.7761862,
bind,nsec3,nonexistent.test-nsec3.example,cold,1784800,3,True,1788708312.7783356,
bind,nsec3,nonexistent.test-nsec3.example,cold,1617100,3,True,1788708312.7798998,
bind,nsec3,nonexistent.test-nsec3.example,cold,1453900,3,True,1788708312.7814937,
bind,nsec3,nonexistent.test-nsec3.example,cold,1681900,3,True,1788708312.7830768,
bind,nsec3,nonexistent.test-nsec3.example,cold,1687500,3,True,1788708312.785175,
bind,nsec3,nonexistent.test-nsec3.example,cold,1594500,3,True,1788708312.786743,
bind,nsec3,nonexistent.test-nsec3.example,cold,1584200,3,True,1788708312.7883527,
bind,nsec3,nonexistent.test-nsec3.example,cold,1540900,3,True,1788708312.7899208,
bind,nsec3,nonexistent.test-nsec3.example,cold,1453200,3,True,1788708312.7914915,
bind,nsec3,nonexistent.test-nsec3.example,cold,1613100,3,True,1788708312.793085,
bind,nsec3,nonexistent.test-nsec3.example,cold,1470300,3,True,1788708312.7941313,
bind,nsec3,nonexistent.test-nsec3.example,cold,1578600,3,True,1788708312.7964678,
bind,nsec3,nonexistent.test-nsec3.example,cold,1585300,3,True,1788708312.7980533,
bind,nsec3,nonexistent.test-nsec3.example,cold,1659900,3,True,1788708312.799659,
bind,nsec3,nonexistent.test-nsec3.example,cold,1668300,3,True,1788708312.801229,
bind,nsec3,nonexistent.test-nsec3.example,cold,1559200,3,True,1788708312.803322,
bind,nsec3,nonexistent.test-nsec3.example,cold,1567000,3,True,1788708312.804891,
bind,nsec3,nonexistent.test-nsec3.example,cold,1567900,3,True,1788708312.8064969,
bind,nsec3,nonexistent.test-nsec3.example,cold,1593900,3,True,1788708312.8081017,
bind,nsec3,nonexistent.test-nsec3.example,cold,2012100,3,True,1788708312.8098998,
bind,nsec3,nonexistent.test-nsec3.example,cold,2042200,3,True,1788708312.8120725,
bind,nsec3,nonexistent.test-nsec3.example,cold,2187400,3,True,1788708312.8147428,
bind,nsec3,nonexistent.test-nsec3.example,cold,1919000,3,True,1788708312.8163962,
bind,nsec3,nonexistent.test-nsec3.example,cold,2168700,3,True,1788708312.818622,
bind,nsec3,nonexistent.test-nsec3.example,cold,1890200,3,True,1788708312.8207622,
bind,nsec3,nonexistent.test-nsec3.example,cold,1550300,3,True,1788708312.8223364,
bind,nsec3,nonexistent.test-nsec3.example,cold,1725900,3,True,1788708312.8240175,
bind,nsec3,nonexistent.test-nsec3.example,cold,1695100,3,True,1788708312.8261206,
bind,nsec3,nonexistent.test-nsec3.example,cold,1572900,3,True,1788708312.8277051,
bind,nsec3,nonexistent.test-nsec3.example,cold,1421000,3,True,1788708312.829269,
bind,nsec3,nonexistent.test-nsec3.example,cold,1562300,3,True,1788708312.8308399,
bind,nsec3,nonexistent.test-nsec3.example,cold,1601000,3,True,1788708312.8324113,
bind,nsec3,nonexistent.test-nsec3.example,cold,1544400,3,True,1788708312.8339717,
bind,nsec3,nonexistent.test-nsec3.example,cold,1587900,3,True,1788708312.8355448,
bind,nsec3,nonexistent.test-nsec3.example,cold,1551900,3,True,1788708312.837287,
bind,nsec3,nonexistent.test-nsec3.example,cold,1565000,3,True,1788708312.8388436,
bind,nsec3,nonexistent.test-nsec3.example,cold,1747900,3,True,1788708312.8404608,
bind,nsec3,nonexistent.test-nsec3.example,cold,1702000,3,True,1788708312.8425436,
bind,nsec3,nonexistent.test-nsec3.example,cold,2063500,3,True,1788708312.8446329,
bind,nsec3,nonexistent.test-nsec3.example,cold,1811600,3,True,1788708312.8462625,
bind,nsec3,nonexistent.test-nsec3.example,cold,1750500,3,True,1788708312.8473635,
bind,nsec3,nonexistent.test-nsec3.example,cold,1456900,3,True,1788708312.8496616,
bind,nsec3,nonexistent.test-nsec3.example,cold,1515200,3,True,1788708312.8506882,
bind,nsec3,nonexistent.test-nsec3.example,cold,1502000,3,True,1788708312.853164,
bind,nsec3,nonexistent.test-nsec3.example,cold,1502800,3,True,1788708312.8547285,
bind,nsec3,nonexistent.test-nsec3.example,cold,1991500,3,True,1788708312.8563647,
bind,nsec3,nonexistent.test-nsec3.example,cold,1886200,3,True,1788708312.8585126,
bind,nsec3,nonexistent.test-nsec3.example,cold,1833900,3,True,1788708312.8606942,
bind,nsec3,nonexistent.test-nsec3.example,cold,2052800,3,True,1788708312.8628144,
bind,nsec3,nonexistent.test-nsec3.example,cold,2007700,3,True,1788708312.8648992,
bind,nsec3,nonexistent.test-nsec3.example,cold,2186000,3,True,1788708312.8671627,
bind,nsec3,nonexistent.test-nsec3.example,cold,1699800,3,True,1788708312.8687363,
bind,nsec3,nonexistent.test-nsec3.example,cold,1709800,3,True,1788708312.8703082,
bind,nsec3,nonexistent.test-nsec3.example,cold,1655100,3,True,1788708312.8719962,
bind,nsec3,nonexistent.test-nsec3.example,cold,1650600,3,True,1788708312.8741102,
bind,nsec3,nonexistent.test-nsec3.example,cold,1554300,3,True,1788708312.8756757,
bind,nsec3,nonexistent.test-nsec3.example,cold,1638300,3,True,1788708312.8772507,
bind,nsec3,nonexistent.test-nsec3.example,cold,1743900,3,True,1788708312.8793962,
bind,nsec3,nonexistent.test-nsec3.example,cold,1617100,3,True,1788708312.8809786,
bind,nsec3,nonexistent.test-nsec3.example,cold,1515600,3,True,1788708312.8825772,
bind,nsec3,nonexistent.test-nsec3.example,cold,1676300,3,True,1788708312.8841507,
bind,nsec3,nonexistent.test-nsec3.example,cold,1589400,3,True,1788708312.8857198,
bind,nsec3,nonexistent.test-nsec3.example,cold,2448900,3,True,1788708312.8882933,
bind,nsec3,nonexistent.test-nsec3.example,cold,1966300,3,True,1788708312.8904994,
bind,nsec3,nonexistent.test-nsec3.example,cold,1826100,3,True,1788708312.8921092,
bind,nsec3,nonexistent.test-nsec3.example,cold,2232300,3,True,1788708312.894736,
bind,nsec3,nonexistent.test-nsec3.example,cold,2167700,3,True,1788708312.897013,
bind,nsec3,nonexistent.test-nsec3.example,cold,1897800,3,True,1788708312.898656,
bind,nsec3,nonexistent.test-nsec3.example,cold,1855600,3,True,1788708312.9007764,
bind,nsec3,nonexistent.test-nsec3.example,cold,1969100,3,True,1788708312.903129,
bind,nsec3,nonexistent.test-nsec3.example,cold,1779300,3,True,1788708312.9047205,
bind,nsec3,nonexistent.test-nsec3.example,cold,1594600,3,True,1788708312.906296,
bind,nsec3,nonexistent.test-nsec3.example,cold,1690500,3,True,1788708312.908419,
bind,nsec3,nonexistent.test-nsec3.example,cold,25920100,3,True,1788708312.9343812,
bind,nsec3,nonexistent.test-nsec3.example,cold,2724000,3,True,1788708312.9371054,
bind,nsec3,nonexistent.test-nsec3.example,cold,2595100,3,True,1788708312.93983,
bind,nsec3,nonexistent.test-nsec3.example,cold,2024000,3,True,1788708312.9419935,
bind,nsec3,nonexistent.test-nsec3.example,cold,1986700,3,True,1788708312.9441214,
bind,nsec3,nonexistent.test-nsec3.example,cold,1961000,3,True,1788708312.9462671,
bind,nsec3,nonexistent.test-nsec3.example,cold,2017700,3,True,1788708312.9478695,
bind,nsec3,nonexistent.test-nsec3.example,cold,1950900,3,True,1788708312.9501054,
bind,nsec3,nonexistent.test-nsec3.example,cold,1870200,3,True,1788708312.9522188,
bind,nsec3,nonexistent.test-nsec3.example,cold,1666000,3,True,1788708312.9537995,
bind,nsec3,nonexistent.test-nsec3.example,cold,1624500,3,True,1788708312.9554045,
bind,nsec3,nonexistent.test-nsec3.example,cold,1532600,3,True,1788708312.9569764,
bind,nsec3,nonexistent.test-nsec3.example,cold,1629500,3,True,1788708312.9590812,
bind,nsec3,nonexistent.test-nsec3.example,cold,1750000,3,True,1788708312.960775,
bind,nsec3,nonexistent.test-nsec3.example,cold,1607900,3,True,1788708312.9623585,
bind,nsec3,nonexistent.test-nsec3.example,cold,2890800,3,True,1788708312.965649,
bind,nsec3,nonexistent.test-nsec3.example,cold,2479700,3,True,1788708312.967833,
bind,nsec3,nonexistent.test-nsec3.example,cold,5399000,3,True,1788708312.9735348,
bind,nsec3,nonexistent.test-nsec3.example,cold,6218500,3,True,1788708312.9800348,
bind,nsec3,nonexistent.test-nsec3.example,cold,2393800,3,True,1788708312.9824064,
bind,nsec3,nonexistent.test-nsec3.example,cold,1796000,3,True,1788708312.984597,
bind,nsec3,nonexistent.test-nsec3.example,cold,1769700,3,True,1788708312.9861925,
bind,nsec3,nonexistent.test-nsec3.example,cold,1730200,3,True,1788708312.9877841,
bind,nsec3,nonexistent.test-nsec3.example,cold,1874300,3,True,1788708312.989874,
bind,nsec3,nonexistent.test-nsec3.example,cold,2002300,3,True,1788708312.9919884,
bind,nsec3,nonexistent.test-nsec3.example,cold,1929900,3,True,1788708312.9941044,
bind,nsec3,nonexistent.test-nsec3.example,cold,1853000,3,True,1788708312.995807,
bind,nsec3,nonexistent.test-nsec3.example,cold,1896200,3,True,1788708312.9979231,
bind,nsec3,nonexistent.test-nsec3.example,cold,1985300,3,True,1788708313.0000262,
bind,nsec3,nonexistent.test-nsec3.example,cold,1867800,3,True,1788708313.0018444,
bind,nsec3,nonexistent.test-nsec3.example,cold,5481300,3,True,1788708313.007467,
bind,nsec3,nonexistent.test-nsec3.example,cold,2412500,3,True,1788708313.009863,
bind,nsec3,nonexistent.test-nsec3.example,cold,3125000,3,True,1788708313.0133324,
bind,nsec3,nonexistent.test-nsec3.example,cold,2248000,3,True,1788708313.0155835,
bind,nsec3,nonexistent.test-nsec3.example,cold,2076600,3,True,1788708313.0177097,
bind,nsec3,nonexistent.test-nsec3.example,cold,2000700,3,True,1788708313.0198424,
bind,nsec3,nonexistent.test-nsec3.example,cold,2090200,3,True,1788708313.0220644,
bind,nsec3,nonexistent.test-nsec3.example,cold,1979300,3,True,1788708313.0243468,
bind,nsec3,nonexistent.test-nsec3.example,cold,1767000,3,True,1788708313.0260124,
bind,nsec3,nonexistent.test-nsec3.example,cold,1624000,3,True,1788708313.02765,
bind,nsec3,nonexistent.test-nsec3.example,cold,1629100,3,True,1788708313.0292172,
bind,nsec3,nonexistent.test-nsec3.example,cold,1501800,3,True,1788708313.0308018,
bind,nsec3,nonexistent.test-nsec3.example,cold,1632800,3,True,1788708313.0324008,
bind,nsec3,nonexistent.test-nsec3.example,cold,1668100,3,True,1788708313.0344965,
bind,nsec3,nonexistent.test-nsec3.example,cold,1606100,3,True,1788708313.0361032,
bind,nsec3,nonexistent.test-nsec3.example,cold,1563600,3,True,1788708313.037674,
bind,nsec3,nonexistent.test-nsec3.example,cold,1638300,3,True,1788708313.0392509,
bind,nsec3,nonexistent.test-nsec3.example,cold,1839300,3,True,1788708313.0414572,
bind,nsec3,nonexistent.test-nsec3.example,cold,2114500,3,True,1788708313.0432234,
bind,nsec3,nonexistent.test-nsec3.example,cold,1945500,3,True,1788708313.0452847,
bind,nsec3,nonexistent.test-nsec3.example,cold,1813600,3,True,1788708313.047489,
bind,nsec3,nonexistent.test-nsec3.example,cold,1934700,3,True,1788708313.0496552,
bind,nsec3,nonexistent.test-nsec3.example,cold,1865000,3,True,1788708313.0507195,
bind,nsec3,nonexistent.test-nsec3.example,cold,1781500,3,True,1788708313.0530567,
bind,nsec3,nonexistent.test-nsec3.example,cold,1614600,3,True,1788708313.0530567,
bind,nsec3,nonexistent.test-nsec3.example,cold,1662000,3,True,1788708313.0568285,
bind,nsec3,nonexistent.test-nsec3.example,cold,1661300,3,True,1788708313.0584238,
bind,nsec3,nonexistent.test-nsec3.example,cold,1475300,3,True,1788708313.060006,
bind,nsec3,nonexistent.test-nsec3.example,cold,1716200,3,True,1788708313.0616071,
bind,nsec3,nonexistent.test-nsec3.example,cold,1781900,3,True,1788708313.0636864,
bind,nsec3,nonexistent.test-nsec3.example,cold,1619700,3,True,1788708313.0652714,
bind,nsec3,nonexistent.test-nsec3.example,cold,1620800,3,True,1788708313.0668974,
bind,nsec3,nonexistent.test-nsec3.example,cold,1564900,3,True,1788708313.0684743,
bind,nsec3,nonexistent.test-nsec3.example,cold,1603400,3,True,1788708313.0700903,
bind,nsec3,nonexistent.test-nsec3.example,cold,1890900,3,True,1788708313.0722404,
bind,nsec3,nonexistent.test-nsec3.example,cold,1867700,3,True,1788708313.0739877,
bind,nsec3,nonexistent.test-nsec3.example,cold,2072200,3,True,1788708313.0762024,
bind,nsec3,nonexistent.test-nsec3.example,cold,2037000,3,True,1788708313.07866,
bind,nsec3,nonexistent.test-nsec3.example,cold,2151000,3,True,1788708313.080932,
bind,nsec3,nonexistent.test-nsec3.example,cold,2560900,3,True,1788708313.083319,
bind,nsec3,nonexistent.test-nsec3.example,cold,1643600,3,True,1788708313.0848835,
bind,nsec3,nonexistent.test-nsec3.example,cold,1819800,3,True,1788708313.0870743,
bind,nsec3,nonexistent.test-nsec3.example,cold,1734000,3,True,1788708313.0886874,
bind,nsec3,nonexistent.test-nsec3.example,cold,1584800,3,True,1788708313.0902734,
bind,nsec3,nonexistent.test-nsec3.example,cold,1796700,3,True,1788708313.0923903,
bind,nsec3,nonexistent.test-nsec3.example,cold,1622800,3,True,1788708313.0939515,
bind,nsec3,nonexistent.test-nsec3.example,cold,1487200,3,True,1788708313.0955334,
bind,nsec3,nonexistent.test-nsec3.example,cold,1575900,3,True,1788708313.0971074,
bind,nsec3,nonexistent.test-nsec3.example,cold,1522400,3,True,1788708313.098888,
bind,nsec3,nonexistent.test-nsec3.example,cold,1688500,3,True,1788708313.1005044,
bind,nsec3,nonexistent.test-nsec3.example,cold,1518100,3,True,1788708313.102088,
bind,nsec3,nonexistent.test-nsec3.example,cold,2004600,3,True,1788708313.1040518,
bind,nsec3,nonexistent.test-nsec3.example,cold,2101000,3,True,1788708313.106227,
bind,nsec3,nonexistent.test-nsec3.example,cold,2161700,3,True,1788708313.1088815,
bind,nsec3,nonexistent.test-nsec3.example,cold,1933000,3,True,1788708313.110507,
bind,nsec3,nonexistent.test-nsec3.example,cold,1918200,3,True,1788708313.1125948,
bind,nsec3,nonexistent.test-nsec3.example,cold,2137300,3,True,1788708313.1148539,
bind,nsec3,nonexistent.test-nsec3.example,cold,2030600,3,True,1788708313.1169994,
bind,nsec3,nonexistent.test-nsec3.example,cold,1795700,3,True,1788708313.1186304,
bind,nsec3,nonexistent.test-nsec3.example,cold,1672200,3,True,1788708313.1207154,
bind,nsec3,nonexistent.test-nsec3.example,cold,1625700,3,True,1788708313.1222863,
bind,nsec3,nonexistent.test-nsec3.example,cold,1639800,3,True,1788708313.1238527,
bind,nsec3,nonexistent.test-nsec3.example,cold,1537900,3,True,1788708313.1254706,
bind,nsec3,nonexistent.test-nsec3.example,cold,1609000,3,True,1788708313.1270494,
bind,nsec3,nonexistent.test-nsec3.example,cold,1741000,3,True,1788708313.1291363,
bind,nsec3,nonexistent.test-nsec3.example,cold,1662900,3,True,1788708313.130741,
bind,nsec3,nonexistent.test-nsec3.example,cold,1976100,3,True,1788708313.132881,
bind,nsec3,nonexistent.test-nsec3.example,cold,17603100,3,True,1788708313.150098,
bind,nsec3,nonexistent.test-nsec3.example,cold,1863500,3,True,1788708313.152498,
bind,nsec3,nonexistent.test-nsec3.example,cold,1616000,3,True,1788708313.1540565,
bind,nsec3,nonexistent.test-nsec3.example,cold,1652400,3,True,1788708313.1561327,
bind,nsec3,nonexistent.test-nsec3.example,cold,1656100,3,True,1788708313.1577206,
bind,nsec3,nonexistent.test-nsec3.example,cold,1635700,3,True,1788708313.1593208,
bind,nsec3,nonexistent.test-nsec3.example,cold,1574900,3,True,1788708313.1610074,
bind,nsec3,nonexistent.test-nsec3.example,cold,1539900,3,True,1788708313.1625695,
bind,nsec3,nonexistent.test-nsec3.example,cold,1540900,3,True,1788708313.1641328,
bind,nsec3,nonexistent.test-nsec3.example,cold,1641800,3,True,1788708313.1657357,
bind,nsec3,nonexistent.test-nsec3.example,cold,1649200,3,True,1788708313.1678243,
bind,nsec3,nonexistent.test-nsec3.example,cold,1654900,3,True,1788708313.1694922,
bind,nsec3,nonexistent.test-nsec3.example,cold,1581800,3,True,1788708313.1710627,
bind,nsec3,nonexistent.test-nsec3.example,cold,1635500,3,True,1788708313.1726525,
bind,nsec3,nonexistent.test-nsec3.example,cold,1644200,3,True,1788708313.1742373,
bind,nsec3,nonexistent.test-nsec3.example,cold,1731000,3,True,1788708313.1763167,
bind,nsec3,nonexistent.test-nsec3.example,cold,1712900,3,True,1788708313.1779327,
bind,nsec3,nonexistent.test-nsec3.example,cold,1689600,3,True,1788708313.1795533,
bind,nsec3,nonexistent.test-nsec3.example,cold,2899400,3,True,1788708313.182921,
bind,nsec3,nonexistent.test-nsec3.example,cold,2211000,3,True,1788708313.1852777,
bind,nsec3,nonexistent.test-nsec3.example,cold,1810500,3,True,1788708313.1868722,
bind,nsec3,nonexistent.test-nsec3.example,cold,1838200,3,True,1788708313.1891785,
bind,nsec3,nonexistent.test-nsec3.example,cold,1990100,3,True,1788708313.191296,
bind,nsec3,nonexistent.test-nsec3.example,cold,1851500,3,True,1788708313.1929457,
bind,nsec3,nonexistent.test-nsec3.example,cold,1822500,3,True,1788708313.1946142,
bind,nsec3,nonexistent.test-nsec3.example,cold,1868800,3,True,1788708313.1969178,
bind,nsec3,nonexistent.test-nsec3.example,cold,1570100,3,True,1788708313.1984837,
bind,nsec3,nonexistent.test-nsec3.example,cold,1596100,3,True,1788708313.2000673,
bind,nsec3,nonexistent.test-nsec3.example,cold,1616800,3,True,1788708313.2016296,
bind,nsec3,nonexistent.test-nsec3.example,cold,1772700,3,True,1788708313.2037323,
bind,nsec3,nonexistent.test-nsec3.example,cold,1696700,3,True,1788708313.205303,
bind,nsec3,nonexistent.test-nsec3.example,cold,1638900,3,True,1788708313.2073932,
bind,nsec3,nonexistent.test-nsec3.example,cold,1553000,3,True,1788708313.208976,
bind,nsec3,nonexistent.test-nsec3.example,cold,1509200,3,True,1788708313.2106044,
bind,nsec3,nonexistent.test-nsec3.example,cold,1698300,3,True,1788708313.2121882,
bind,nsec3,nonexistent.test-nsec3.example,cold,2033200,3,True,1788708313.2144978,
bind,nsec3,nonexistent.test-nsec3.example,cold,1823300,3,True,1788708313.2160854,
bind,nsec3,nonexistent.test-nsec3.example,cold,1509900,3,True,1788708313.2176785,
bind,nsec3,nonexistent.test-nsec3.example,cold,1675400,3,True,1788708313.2192636,
bind,nsec3,nonexistent.test-nsec3.example,cold,1618100,3,True,1788708313.2213607,
bind,nsec3,nonexistent.test-nsec3.example,cold,1462400,3,True,1788708313.222462,
bind,nsec3,nonexistent.test-nsec3.example,cold,1590800,3,True,1788708313.2245524,
bind,nsec3,nonexistent.test-nsec3.example,cold,1475900,3,True,1788708313.2256086,
bind,nsec3,nonexistent.test-nsec3.example,cold,1830400,3,True,1788708313.227939,
bind,nsec3,nonexistent.test-nsec3.example,cold,1510100,3,True,1788708313.2295117,
bind,nsec3,nonexistent.test-nsec3.example,cold,1733500,3,True,1788708313.2311032,
bind,nsec3,nonexistent.test-nsec3.example,cold,1840100,3,True,1788708313.2332346,
bind,nsec3,nonexistent.test-nsec3.example,cold,1555000,3,True,1788708313.234847,
bind,nsec3,nonexistent.test-nsec3.example,cold,1586100,3,True,1788708313.2364116,
bind,nsec3,nonexistent.test-nsec3.example,cold,1653800,3,True,1788708313.2379913,
bind,nsec3,nonexistent.test-nsec3.example,cold,1517200,3,True,1788708313.239565,
bind,nsec3,nonexistent.test-nsec3.example,cold,1553100,3,True,1788708313.241161,
bind,nsec3,nonexistent.test-nsec3.example,cold,2005100,3,True,1788708313.2427182,
bind,nsec3,nonexistent.test-nsec3.example,cold,2046400,3,True,1788708313.2456765,
bind,nsec3,nonexistent.test-nsec3.example,cold,2475700,3,True,1788708313.247787,
bind,nsec3,nonexistent.test-nsec3.example,cold,2388100,3,True,1788708313.2486033,
bind,nsec3,nonexistent.test-nsec3.example,cold,2002400,3,True,1788708313.2528255,
bind,nsec3,nonexistent.test-nsec3.example,cold,1857300,3,True,1788708313.2547703,
bind,nsec3,nonexistent.test-nsec3.example,cold,1802200,3,True,1788708313.256889,
bind,nsec3,nonexistent.test-nsec3.example,cold,1799000,3,True,1788708313.2585526,
bind,nsec3,nonexistent.test-nsec3.example,cold,1980500,3,True,1788708313.2607157,
bind,nsec3,nonexistent.test-nsec3.example,cold,1720100,3,True,1788708313.2622817,
bind,nsec3,nonexistent.test-nsec3.example,cold,1712000,3,True,1788708313.2643576,
bind,nsec3,nonexistent.test-nsec3.example,cold,1735900,3,True,1788708313.2659106,
bind,nsec3,nonexistent.test-nsec3.example,cold,1651000,3,True,1788708313.2675276,
bind,nsec3,nonexistent.test-nsec3.example,cold,1696400,3,True,1788708313.2696414,
bind,nsec3,nonexistent.test-nsec3.example,cold,1659400,3,True,1788708313.2712276,
bind,nsec3,nonexistent.test-nsec3.example,cold,19421000,3,True,1788708313.2907853,
bind,nsec3,nonexistent.test-nsec3.example,cold,2909800,3,True,1788708313.2939517,
bind,nsec3,nonexistent.test-nsec3.example,cold,2817100,3,True,1788708313.2965531,
bind,nsec3,nonexistent.test-nsec3.example,cold,2010000,3,True,1788708313.2986603,
bind,nsec3,nonexistent.test-nsec3.example,cold,2581800,3,True,1788708313.301329,
bind,nsec3,nonexistent.test-nsec3.example,cold,1988800,3,True,1788708313.3034356,
bind,nsec3,nonexistent.test-nsec3.example,cold,1634400,3,True,1788708313.305138,
bind,nsec3,nonexistent.test-nsec3.example,cold,1491000,3,True,1788708313.3067336,
bind,nsec3,nonexistent.test-nsec3.example,cold,1639200,3,True,1788708313.3083081,
bind,nsec3,nonexistent.test-nsec3.example,cold,1661600,3,True,1788708313.310406,
bind,nsec3,nonexistent.test-nsec3.example,cold,2311900,3,True,1788708313.3126955,
bind,nsec3,nonexistent.test-nsec3.example,cold,1677700,3,True,1788708313.314292,
bind,nsec3,nonexistent.test-nsec3.example,cold,1890300,3,True,1788708313.3164034,
bind,nsec3,nonexistent.test-nsec3.example,cold,1686500,3,True,1788708313.3179748,
bind,nsec3,nonexistent.test-nsec3.example,cold,2019300,3,True,1788708313.3202114,
bind,nsec3,nonexistent.test-nsec3.example,cold,2158600,3,True,1788708313.3225217,
bind,nsec3,nonexistent.test-nsec3.example,cold,2015200,3,True,1788708313.3243706,
bind,nsec3,nonexistent.test-nsec3.example,cold,1835700,3,True,1788708313.326534,
bind,nsec3,nonexistent.test-nsec3.example,cold,1518500,3,True,1788708313.3281012,
bind,nsec3,nonexistent.test-nsec3.example,cold,1666400,3,True,1788708313.32968,
bind,nsec3,nonexistent.test-nsec3.example,cold,1667200,3,True,1788708313.3312733,
bind,nsec3,nonexistent.test-nsec3.example,cold,1708100,3,True,1788708313.333371,
bind,nsec3,nonexistent.test-nsec3.example,cold,1732700,3,True,1788708313.3349607,
bind,nsec3,nonexistent.test-nsec3.example,cold,1448200,3,True,1788708313.336606,
bind,nsec3,nonexistent.test-nsec3.example,cold,2142400,3,True,1788708313.33877,
bind,nsec3,nonexistent.test-nsec3.example,cold,1773300,3,True,1788708313.340482,
bind,nsec3,nonexistent.test-nsec3.example,cold,1491500,3,True,1788708313.3415077,
bind,nsec3,nonexistent.test-nsec3.example,cold,1699900,3,True,1788708313.344006,
bind,nsec3,nonexistent.test-nsec3.example,cold,1754700,3,True,1788708313.3455734,
bind,nsec3,nonexistent.test-nsec3.example,cold,1630600,3,True,1788708313.347668,
bind,nsec3,nonexistent.test-nsec3.example,cold,1810300,3,True,1788708313.3492467,
bind,nsec3,nonexistent.test-nsec3.example,cold,2073400,3,True,1788708313.3515735,
bind,nsec3,nonexistent.test-nsec3.example,cold,2184500,3,True,1788708313.3537636,
bind,nsec3,nonexistent.test-nsec3.example,cold,1906900,3,True,1788708313.3560526,
bind,nsec3,nonexistent.test-nsec3.example,cold,2079100,3,True,1788708313.358198,
bind,nsec3,nonexistent.test-nsec3.example,cold,1816900,3,True,1788708313.359796,
bind,nsec3,nonexistent.test-nsec3.example,cold,1835800,3,True,1788708313.3619285,
bind,nsec3,nonexistent.test-nsec3.example,cold,1584100,3,True,1788708313.3635018,
bind,nsec3,nonexistent.test-nsec3.example,cold,1616800,3,True,1788708313.3650975,
bind,nsec3,nonexistent.test-nsec3.example,cold,2032100,3,True,1788708313.3672783,
bind,nsec3,nonexistent.test-nsec3.example,cold,1727400,3,True,1788708313.3689613,
bind,nsec3,nonexistent.test-nsec3.example,cold,1767200,3,True,1788708313.3710868,
bind,nsec3,nonexistent.test-nsec3.example,cold,1715000,3,True,1788708313.3726835,
bind,nsec3,nonexistent.test-nsec3.example,cold,1719400,3,True,1788708313.373707,
bind,nsec3,nonexistent.test-nsec3.example,cold,1591500,3,True,1788708313.3750162,
bind,nsec3,nonexistent.test-nsec3.example,cold,1657100,3,True,1788708313.3779173,
bind,nsec3,nonexistent.test-nsec3.example,cold,1648600,3,True,1788708313.3795996,
bind,nsec3,nonexistent.test-nsec3.example,cold,1585500,3,True,1788708313.3811917,
bind,nsec3,nonexistent.test-nsec3.example,cold,1899400,3,True,1788708313.3834393,
bind,nsec3,nonexistent.test-nsec3.example,cold,1672000,3,True,1788708313.385022,
bind,nsec3,nonexistent.test-nsec3.example,cold,1510600,3,True,1788708313.3866017,
bind,nsec3,nonexistent.test-nsec3.example,cold,1603900,3,True,1788708313.3881688,
bind,nsec3,nonexistent.test-nsec3.example,cold,1535900,3,True,1788708313.3897843,
bind,nsec3,nonexistent.test-nsec3.example,cold,1519300,3,True,1788708313.3913648,
bind,nsec3,nonexistent.test-nsec3.example,cold,1627100,3,True,1788708313.3929458,
bind,nsec3,nonexistent.test-nsec3.example,cold,1611800,3,True,1788708313.3945506,
bind,nsec3,nonexistent.test-nsec3.example,cold,1469200,3,True,1788708313.3962228,
bind,nsec3,nonexistent.test-nsec3.example,cold,2219200,3,True,1788708313.3985605,
bind,nsec3,nonexistent.test-nsec3.example,cold,2173600,3,True,1788708313.40072,
bind,nsec3,nonexistent.test-nsec3.example,cold,2188200,3,True,1788708313.4029236,
bind,nsec3,nonexistent.test-nsec3.example,cold,1945300,3,True,1788708313.405016,
bind,nsec3,nonexistent.test-nsec3.example,cold,1967100,3,True,1788708313.4071133,
bind,nsec3,nonexistent.test-nsec3.example,cold,1921000,3,True,1788708313.4093943,
bind,nsec3,nonexistent.test-nsec3.example,cold,1466900,3,True,1788708313.41096,
bind,nsec3,nonexistent.test-nsec3.example,cold,1732100,3,True,1788708313.4123867,
bind,nsec3,nonexistent.test-nsec3.example,cold,1772900,3,True,1788708313.41446,
bind,nsec3,nonexistent.test-nsec3.example,cold,1861800,3,True,1788708313.4165647,
bind,nsec3,nonexistent.test-nsec3.example,cold,1498900,3,True,1788708313.4181168,
bind,nsec3,nonexistent.test-nsec3.example,cold,1687100,3,True,1788708313.4197276,
bind,nsec3,nonexistent.test-nsec3.example,cold,1919100,3,True,1788708313.4215264,
bind,nsec3,nonexistent.test-nsec3.example,cold,1528800,3,True,1788708313.4231615,
bind,nsec3,nonexistent.test-nsec3.example,cold,1627200,3,True,1788708313.4249008,
bind,nsec3,nonexistent.test-nsec3.example,cold,1621800,3,True,1788708313.42647,
bind,nsec3,nonexistent.test-nsec3.example,cold,1779800,3,True,1788708313.428658,
bind,nsec3,nonexistent.test-nsec3.example,cold,2022200,3,True,1788708313.430759,
bind,nsec3,nonexistent.test-nsec3.example,cold,1708800,3,True,1788708313.4323237,
bind,nsec3,nonexistent.test-nsec3.example,cold,1477700,3,True,1788708313.4338999,
bind,nsec3,nonexistent.test-nsec3.example,cold,1638400,3,True,1788708313.4354458,
bind,nsec3,nonexistent.test-nsec3.example,cold,1615900,3,True,1788708313.4369729,
bind,nsec3,nonexistent.test-nsec3.example,cold,1607400,3,True,1788708313.4369729,
bind,nsec3,nonexistent.test-nsec3.example,cold,1710500,3,True,1788708313.4400077,
bind,nsec3,nonexistent.test-nsec3.example,cold,1620700,3,True,1788708313.4400077,
bind,nsec3,nonexistent.test-nsec3.example,cold,1840000,3,True,1788708313.443525,
bind,nsec3,nonexistent.test-nsec3.example,cold,1593900,3,True,1788708313.4458237,
bind,nsec3,nonexistent.test-nsec3.example,cold,1579300,3,True,1788708313.447889,
bind,nsec3,nonexistent.test-nsec3.example,cold,1767400,3,True,1788708313.4494555,
bind,nsec3,nonexistent.test-nsec3.example,cold,1679400,3,True,1788708313.451032,
bind,nsec3,nonexistent.test-nsec3.example,cold,1541900,3,True,1788708313.4531515,
bind,nsec3,nonexistent.test-nsec3.example,cold,1626200,3,True,1788708313.454717,
bind,nsec3,nonexistent.test-nsec3.example,cold,1530200,3,True,1788708313.4562893,
bind,nsec3,nonexistent.test-nsec3.example,cold,1476500,3,True,1788708313.4578648,
bind,nsec3,nonexistent.test-nsec3.example,cold,2110400,3,True,1788708313.4601429,
bind,nsec3,nonexistent.test-nsec3.example,cold,2117300,3,True,1788708313.4620247,
bind,nsec3,nonexistent.test-nsec3.example,cold,2304700,3,True,1788708313.4643142,
bind,nsec3,nonexistent.test-nsec3.example,cold,2063100,3,True,1788708313.4664345,
bind,nsec3,nonexistent.test-nsec3.example,cold,1858800,3,True,1788708313.468528,
bind,nsec3,nonexistent.test-nsec3.example,cold,2035000,3,True,1788708313.4706352,
bind,nsec3,nonexistent.test-nsec3.example,cold,1619400,3,True,1788708313.4722044,
bind,nsec3,nonexistent.test-nsec3.example,cold,1577500,3,True,1788708313.4738765,
bind,nsec3,nonexistent.test-nsec3.example,cold,1652300,3,True,1788708313.4755533,
bind,nsec3,nonexistent.test-nsec3.example,cold,1650500,3,True,1788708313.4776454,
bind,nsec3,nonexistent.test-nsec3.example,cold,1688400,3,True,1788708313.479226,
bind,nsec3,nonexistent.test-nsec3.example,cold,1649300,3,True,1788708313.48082,
bind,nsec3,nonexistent.test-nsec3.example,cold,1637900,3,True,1788708313.4824097,
bind,nsec3,nonexistent.test-nsec3.example,cold,1657900,3,True,1788708313.4845104,
bind,nsec3,nonexistent.test-nsec3.example,cold,1566600,3,True,1788708313.4860835,
bind,nsec3,nonexistent.test-nsec3.example,cold,1588200,3,True,1788708313.487674,
bind,nsec3,nonexistent.test-nsec3.example,cold,1682600,3,True,1788708313.4892213,
bind,nsec3,nonexistent.test-nsec3.example,cold,1813200,3,True,1788708313.4914362,
bind,nsec3,nonexistent.test-nsec3.example,cold,1585300,3,True,1788708313.493006,
bind,nsec3,nonexistent.test-nsec3.example,cold,1586500,3,True,1788708313.494588,
bind,nsec3,nonexistent.test-nsec3.example,cold,1588600,3,True,1788708313.4962268,
bind,nsec3,nonexistent.test-nsec3.example,cold,1576300,3,True,1788708313.4978,
bind,nsec3,nonexistent.test-nsec3.example,cold,1702800,3,True,1788708313.4998808,
bind,nsec3,nonexistent.test-nsec3.example,cold,1982900,3,True,1788708313.5016263,
bind,nsec3,nonexistent.test-nsec3.example,cold,1659100,3,True,1788708313.5037956,
bind,nsec3,nonexistent.test-nsec3.example,cold,1616300,3,True,1788708313.5053935,
bind,nsec3,nonexistent.test-nsec3.example,cold,2271700,3,True,1788708313.5076334,
bind,nsec3,nonexistent.test-nsec3.example,cold,1959900,3,True,1788708313.509415,
bind,nsec3,nonexistent.test-nsec3.example,cold,1846800,3,True,1788708313.511581,
bind,nsec3,nonexistent.test-nsec3.example,cold,2128000,3,True,1788708313.5137856,
bind,nsec3,nonexistent.test-nsec3.example,cold,2306700,3,True,1788708313.5161147,
bind,nsec3,nonexistent.test-nsec3.example,cold,1973500,3,True,1788708313.518245,
bind,nsec3,nonexistent.test-nsec3.example,cold,1721100,3,True,1788708313.519839,
bind,nsec3,nonexistent.test-nsec3.example,cold,2144900,3,True,1788708313.5222259,
bind,nsec3,nonexistent.test-nsec3.example,cold,2416500,3,True,1788708313.5245008,
bind,nsec3,nonexistent.test-nsec3.example,cold,1979500,3,True,1788708313.52659,
bind,nsec3,nonexistent.test-nsec3.example,cold,2123200,3,True,1788708313.5292742,
bind,nsec3,nonexistent.test-nsec3.example,cold,1927800,3,True,1788708313.530882,
bind,nsec3,nonexistent.test-nsec3.example,cold,1764900,3,True,1788708313.530882,
bind,nsec3,nonexistent.test-nsec3.example,cold,1658600,3,True,1788708313.5347114,
bind,nsec3,nonexistent.test-nsec3.example,cold,1950300,3,True,1788708313.5364268,
bind,nsec3,nonexistent.test-nsec3.example,cold,2104100,3,True,1788708313.5386512,
bind,nsec3,nonexistent.test-nsec3.example,cold,1898900,3,True,1788708313.5407517,
bind,nsec3,nonexistent.test-nsec3.example,cold,1743800,3,True,1788708313.542397,
bind,nsec3,nonexistent.test-nsec3.example,cold,1566600,3,True,1788708313.5444815,
bind,nsec3,nonexistent.test-nsec3.example,cold,1584700,3,True,1788708313.5460699,
bind,nsec3,nonexistent.test-nsec3.example,cold,1575800,3,True,1788708313.54764,
bind,nsec3,nonexistent.test-nsec3.example,cold,1662500,3,True,1788708313.5492275,
bind,nsec3,nonexistent.test-nsec3.example,cold,1695200,3,True,1788708313.5508373,
bind,nsec3,nonexistent.test-nsec3.example,cold,1701500,3,True,1788708313.553,
bind,nsec3,nonexistent.test-nsec3.example,cold,1574000,3,True,1788708313.5546093,
bind,nsec3,nonexistent.test-nsec3.example,cold,1675800,3,True,1788708313.556164,
bind,nsec3,nonexistent.test-nsec3.example,cold,1928600,3,True,1788708313.557966,
bind,nsec3,nonexistent.test-nsec3.example,cold,1702200,3,True,1788708313.5600705,
bind,nsec3,nonexistent.test-nsec3.example,cold,1630600,3,True,1788708313.5616248,
bind,nsec3,nonexistent.test-nsec3.example,cold,1755200,3,True,1788708313.5637772,
bind,nsec3,nonexistent.test-nsec3.example,cold,1706800,3,True,1788708313.5653129,
bind,nsec3,nonexistent.test-nsec3.example,cold,1820900,3,True,1788708313.566836,
bind,nsec3,nonexistent.test-nsec3.example,cold,2044200,3,True,1788708313.569233,
bind,nsec3,nonexistent.test-nsec3.example,cold,1976400,3,True,1788708313.5697403,
bind,nsec3,nonexistent.test-nsec3.example,cold,1882300,3,True,1788708313.5697403,
bind,nsec3,nonexistent.test-nsec3.example,cold,1826500,3,True,1788708313.5754926,
bind,nsec3,nonexistent.test-nsec3.example,cold,1783300,3,True,1788708313.5771208,
bind,nsec3,nonexistent.test-nsec3.example,cold,1930700,3,True,1788708313.5792837,
bind,nsec3,nonexistent.test-nsec3.example,cold,1614000,3,True,1788708313.5808694,
bind,nsec3,nonexistent.test-nsec3.example,cold,1733000,3,True,1788708313.5824518,
bind,nsec3,nonexistent.test-nsec3.example,cold,1840500,3,True,1788708313.584647,
bind,nsec3,nonexistent.test-nsec3.example,cold,1618900,3,True,1788708313.5862129,
bind,nsec3,nonexistent.test-nsec3.example,cold,1636700,3,True,1788708313.5877843,
bind,nsec3,nonexistent.test-nsec3.example,cold,1661100,3,True,1788708313.589871,
bind,nsec3,nonexistent.test-nsec3.example,cold,1623500,3,True,1788708313.591439,
bind,nsec3,nonexistent.test-nsec3.example,cold,1803600,3,True,1788708313.5931098,
bind,nsec3,nonexistent.test-nsec3.example,cold,1536700,3,True,1788708313.594757,
bind,nsec3,nonexistent.test-nsec3.example,cold,1659400,3,True,1788708313.5968602,
bind,nsec3,nonexistent.test-nsec3.example,cold,1616500,3,True,1788708313.5984552,
bind,nsec3,nonexistent.test-nsec3.example,cold,1922600,3,True,1788708313.6000743,
bind,nsec3,nonexistent.test-nsec3.example,cold,1981800,3,True,1788708313.6023488,
bind,nsec3,nonexistent.test-nsec3.example,cold,1667200,3,True,1788708313.6039348,
bind,nsec3,nonexistent.test-nsec3.example,cold,1724600,3,True,1788708313.6060264,
bind,nsec3,nonexistent.test-nsec3.example,cold,1591300,3,True,1788708313.607598,
bind,nsec3,nonexistent.test-nsec3.example,cold,1641200,3,True,1788708313.6091893,
bind,nsec3,nonexistent.test-nsec3.example,cold,1627800,3,True,1788708313.6107736,
bind,nsec3,nonexistent.test-nsec3.example,cold,1970200,3,True,1788708313.6129308,
bind,nsec3,nonexistent.test-nsec3.example,cold,1970800,3,True,1788708313.6151164,
bind,nsec3,nonexistent.test-nsec3.example,cold,2213900,3,True,1788708313.6173918,
bind,nsec3,nonexistent.test-nsec3.example,cold,2082900,3,True,1788708313.6197975,
bind,nsec3,nonexistent.test-nsec3.example,cold,1836400,3,True,1788708313.6214292,
bind,nsec3,nonexistent.test-nsec3.example,cold,1901200,3,True,1788708313.6235478,
bind,nsec3,nonexistent.test-nsec3.example,cold,1992100,3,True,1788708313.6257958,
bind,nsec3,nonexistent.test-nsec3.example,cold,1794700,3,True,1788708313.6273658,
bind,nsec3,nonexistent.test-nsec3.example,cold,1480500,3,True,1788708313.6289253,
bind,nsec3,nonexistent.test-nsec3.example,cold,1946700,3,True,1788708313.6312222,
bind,nsec3,nonexistent.test-nsec3.example,cold,1790100,3,True,1788708313.6328394,
bind,nsec3,nonexistent.test-nsec3.example,cold,1718500,3,True,1788708313.6344218,
bind,nsec3,nonexistent.test-nsec3.example,cold,1595400,3,True,1788708313.6365242,
bind,nsec3,nonexistent.test-nsec3.example,cold,1671600,3,True,1788708313.6380944,
bind,nsec3,nonexistent.test-nsec3.example,cold,1714800,3,True,1788708313.639814,
bind,nsec3,nonexistent.test-nsec3.example,cold,2911200,3,True,1788708313.6428084,
bind,nsec3,nonexistent.test-nsec3.example,cold,2133900,3,True,1788708313.644922,
bind,nsec3,nonexistent.test-nsec3.example,cold,4921600,3,True,1788708313.6500893,
bind,nsec3,nonexistent.test-nsec3.example,cold,5074900,3,True,1788708313.655443,
bind,nsec3,nonexistent.test-nsec3.example,cold,1968700,3,True,1788708313.6574728,
bind,nsec3,nonexistent.test-nsec3.example,cold,1854300,3,True,1788708313.6590474,
bind,nsec3,nonexistent.test-nsec3.example,cold,2675800,3,True,1788708313.6621778,
bind,nsec3,nonexistent.test-nsec3.example,cold,2139500,3,True,1788708313.6643257,
bind,nsec3,nonexistent.test-nsec3.example,cold,1658700,3,True,1788708313.6659164,
bind,nsec3,nonexistent.test-nsec3.example,cold,1879200,3,True,1788708313.6680367,
bind,nsec3,nonexistent.test-nsec3.example,cold,1708300,3,True,1788708313.6695926,
bind,nsec3,nonexistent.test-nsec3.example,cold,1650500,3,True,1788708313.671213,
bind,nsec3,nonexistent.test-nsec3.example,cold,1556700,3,True,1788708313.6728163,
bind,nsec3,nonexistent.test-nsec3.example,cold,1982700,3,True,1788708313.6749675,
bind,nsec3,nonexistent.test-nsec3.example,cold,1747800,3,True,1788708313.6767435,
bind,nsec3,nonexistent.test-nsec3.example,cold,2174300,3,True,1788708313.67937,
bind,nsec3,nonexistent.test-nsec3.example,cold,1951100,3,True,1788708313.6810355,
bind,nsec3,nonexistent.test-nsec3.example,cold,2047400,3,True,1788708313.6834447,
bind,nsec3,nonexistent.test-nsec3.example,cold,1893800,3,True,1788708313.685534,
bind,nsec3,nonexistent.test-nsec3.example,cold,1997600,3,True,1788708313.6871684,
bind,nsec3,nonexistent.test-nsec3.example,cold,1885900,3,True,1788708313.689348,
bind,nsec3,nonexistent.test-nsec3.example,cold,2044200,3,True,1788708313.6917014,
bind,nsec3,nonexistent.test-nsec3.example,cold,2945900,3,True,1788708313.6945584,
bind,nsec3,nonexistent.test-nsec3.example,cold,3109100,3,True,1788708313.6977637,
bind,nsec3,nonexistent.test-nsec3.example,cold,2852500,3,True,1788708313.7011292,
bind,nsec3,nonexistent.test-nsec3.example,cold,2077300,3,True,1788708313.7030418,
bind,nsec3,nonexistent.test-nsec3.example,cold,1572700,3,True,1788708313.7051384,
bind,nsec3,nonexistent.test-nsec3.example,cold,1684900,3,True,1788708313.706743,
bind,nsec3,nonexistent.test-nsec3.example,cold,1963700,3,True,1788708313.7088394,
bind,nsec3,nonexistent.test-nsec3.example,cold,4556300,3,True,1788708313.7132704,
bind,nsec3,nonexistent.test-nsec3.example,cold,1674200,3,True,1788708313.7153716,
bind,nsec3,nonexistent.test-nsec3.example,cold,2091000,3,True,1788708313.7173126,
bind,nsec3,nonexistent.test-nsec3.example,cold,1741900,3,True,1788708313.718892,
bind,nsec3,nonexistent.test-nsec3.example,cold,1684600,3,True,1788708313.7209547,
bind,nsec3,nonexistent.test-nsec3.example,cold,1930800,3,True,1788708313.7231004,
bind,nsec3,nonexistent.test-nsec3.example,cold,1891100,3,True,1788708313.724724,
bind,nsec3,nonexistent.test-nsec3.example,cold,2205100,3,True,1788708313.727155,
bind,nsec3,nonexistent.test-nsec3.example,cold,2771500,3,True,1788708313.7303042,
bind,nsec3,nonexistent.test-nsec3.example,cold,2128600,3,True,1788708313.732438,
bind,nsec3,nonexistent.test-nsec3.example,cold,2051900,3,True,1788708313.7346084,
bind,nsec3,nonexistent.test-nsec3.example,cold,2179900,3,True,1788708313.736621,
bind,nsec3,nonexistent.test-nsec3.example,cold,1947300,3,True,1788708313.738701,
bind,nsec3,nonexistent.test-nsec3.example,cold,1791500,3,True,1788708313.7404835,
bind,nsec3,nonexistent.test-nsec3.example,cold,2145800,3,True,1788708313.7431128,
bind,nsec3,nonexistent.test-nsec3.example,cold,1686600,3,True,1788708313.7447085,
bind,nsec3,nonexistent.test-nsec3.example,cold,1556700,3,True,1788708313.7463727,
bind,nsec3,nonexistent.test-nsec3.example,cold,1785800,3,True,1788708313.7485783,
bind,nsec3,nonexistent.test-nsec3.example,cold,2366500,3,True,1788708313.750774,
bind,nsec3,nonexistent.test-nsec3.example,cold,1804700,3,True,1788708313.7528982,
bind,nsec3,nonexistent.test-nsec3.example,cold,1594300,3,True,1788708313.7544808,
bind,nsec3,nonexistent.test-nsec3.example,cold,1945500,3,True,1788708313.7560675,
bind,nsec3,nonexistent.test-nsec3.example,cold,1759200,3,True,1788708313.758155,
bind,nsec3,nonexistent.test-nsec3.example,cold,1650300,3,True,1788708313.7597537,
bind,nsec3,nonexistent.test-nsec3.example,cold,1718200,3,True,1788708313.7618682,
bind,nsec3,nonexistent.test-nsec3.example,cold,2330700,3,True,1788708313.7639046,
bind,nsec3,nonexistent.test-nsec3.example,cold,2185100,3,True,1788708313.7665513,
bind,nsec3,nonexistent.test-nsec3.example,cold,1978800,3,True,1788708313.7681346,
bind,nsec3,nonexistent.test-nsec3.example,cold,2079400,3,True,1788708313.770766,
bind,nsec3,nonexistent.test-nsec3.example,cold,1953700,3,True,1788708313.7723234,
bind,nsec3,nonexistent.test-nsec3.example,cold,1669900,3,True,1788708313.7744029,
bind,nsec3,nonexistent.test-nsec3.example,cold,1808400,3,True,1788708313.7760131,
bind,nsec3,nonexistent.test-nsec3.example,cold,2094000,3,True,1788708313.7782645,
bind,nsec3,nonexistent.test-nsec3.example,cold,2225600,3,True,1788708313.7804236,
bind,nsec3,nonexistent.test-nsec3.example,cold,1722700,3,True,1788708313.7825215,
bind,nsec3,nonexistent.test-nsec3.example,cold,2054200,3,True,1788708313.784707,
bind,nsec3,nonexistent.test-nsec3.example,cold,1642500,3,True,1788708313.7862732,
bind,nsec3,nonexistent.test-nsec3.example,cold,1515500,3,True,1788708313.7878463,
bind,nsec3,nonexistent.test-nsec3.example,cold,1646500,3,True,1788708313.789411,
bind,nsec3,nonexistent.test-nsec3.example,cold,2221200,3,True,1788708313.7918017,
bind,nsec3,nonexistent.test-nsec3.example,cold,1770200,3,True,1788708313.793929,
bind,nsec3,nonexistent.test-nsec3.example,cold,2408600,3,True,1788708313.7964242,
bind,nsec3,nonexistent.test-nsec3.example,cold,2658700,3,True,1788708313.7991586,
bind,nsec3,nonexistent.test-nsec3.example,cold,2027200,3,True,1788708313.801167,
bind,nsec3,nonexistent.test-nsec3.example,cold,2056600,3,True,1788708313.8032484,
bind,nsec3,nonexistent.test-nsec3.example,cold,19858500,3,True,1788708313.8232856,
bind,nsec3,nonexistent.test-nsec3.example,cold,4367500,3,True,1788708313.828413,
bind,nsec3,nonexistent.test-nsec3.example,cold,1730300,3,True,1788708313.8300147,
bind,nsec3,nonexistent.test-nsec3.example,cold,2430000,3,True,1788708313.8323338,
bind,nsec3,nonexistent.test-nsec3.example,cold,2184300,3,True,1788708313.8351233,
bind,nsec3,nonexistent.test-nsec3.example,cold,1466300,3,True,1788708313.836688,
bind,nsec3,nonexistent.test-nsec3.example,cold,2660400,3,True,1788708313.839123,
bind,nsec3,nonexistent.test-nsec3.example,cold,2534900,3,True,1788708313.841804,
bind,nsec3,nonexistent.test-nsec3.example,cold,2077100,3,True,1788708313.8439891,
bind,nsec3,nonexistent.test-nsec3.example,cold,2401400,3,True,1788708313.846736,
bind,nsec3,nonexistent.test-nsec3.example,cold,1979800,3,True,1788708313.8488214,
bind,nsec3,nonexistent.test-nsec3.example,cold,2013800,3,True,1788708313.850938,
bind,nsec3,nonexistent.test-nsec3.example,cold,2128900,3,True,1788708313.8526385,
bind,nsec3,nonexistent.test-nsec3.example,cold,1656700,3,True,1788708313.8548665,
bind,nsec3,nonexistent.test-nsec3.example,cold,1670000,3,True,1788708313.856458,
bind,nsec3,nonexistent.test-nsec3.example,cold,1563800,3,True,1788708313.8580277,
bind,nsec3,nonexistent.test-nsec3.example,cold,2200700,3,True,1788708313.8605778,
bind,nsec3,nonexistent.test-nsec3.example,cold,1571000,3,True,1788708313.8622003,
bind,nsec3,nonexistent.test-nsec3.example,cold,1649700,3,True,1788708313.863766,
bind,nsec3,nonexistent.test-nsec3.example,cold,2246000,3,True,1788708313.8658829,
bind,nsec3,nonexistent.test-nsec3.example,cold,1949400,3,True,1788708313.867864,
bind,nsec3,nonexistent.test-nsec3.example,cold,1934600,3,True,1788708313.8700476,
bind,nsec3,nonexistent.test-nsec3.example,cold,2066500,3,True,1788708313.8722854,
bind,nsec3,nonexistent.test-nsec3.example,cold,1858100,3,True,1788708313.8744152,
bind,nsec3,nonexistent.test-nsec3.example,cold,2095200,3,True,1788708313.8764992,
bind,nsec3,nonexistent.test-nsec3.example,cold,1817600,3,True,1788708313.8781679,
bind,nsec3,nonexistent.test-nsec3.example,cold,1543800,3,True,1788708313.8797493,
bind,nsec3,nonexistent.test-nsec3.example,cold,1856200,3,True,1788708313.8818705,
bind,nsec3,nonexistent.test-nsec3.example,cold,1771300,3,True,1788708313.883611,
bind,nsec3,nonexistent.test-nsec3.example,cold,1745400,3,True,1788708313.8856983,
bind,nsec3,nonexistent.test-nsec3.example,cold,1645700,3,True,1788708313.8872995,
bind,nsec3,nonexistent.test-nsec3.example,cold,1697800,3,True,1788708313.8884382,
bind,nsec3,nonexistent.test-nsec3.example,cold,1631800,3,True,1788708313.8908033,
bind,nsec3,nonexistent.test-nsec3.example,cold,1596300,3,True,1788708313.8908033,
bind,nsec3,nonexistent.test-nsec3.example,cold,1729400,3,True,1788708313.893507,
bind,nsec3,nonexistent.test-nsec3.example,cold,1622300,3,True,1788708313.893507,
bind,nsec3,nonexistent.test-nsec3.example,cold,2608300,3,True,1788708313.897297,
bind,nsec3,nonexistent.test-nsec3.example,cold,2602700,3,True,1788708313.9009075,
bind,nsec3,nonexistent.test-nsec3.example,cold,1835500,3,True,1788708313.9030383,
bind,nsec3,nonexistent.test-nsec3.example,cold,1845500,3,True,1788708313.9030383,
bind,nsec3,nonexistent.test-nsec3.example,cold,3777000,3,True,1788708313.9081829,
bind,nsec3,nonexistent.test-nsec3.example,cold,1700400,3,True,1788708313.9107723,
bind,nsec3,nonexistent.test-nsec3.example,cold,1755800,3,True,1788708313.912344,
bind,nsec3,nonexistent.test-nsec3.example,cold,2793400,3,True,1788708313.9151547,
bind,nsec3,nonexistent.test-nsec3.example,cold,2392100,3,True,1788708313.917803,
bind,nsec3,nonexistent.test-nsec3.example,cold,1982200,3,True,1788708313.919899,
bind,nsec3,nonexistent.test-nsec3.example,cold,1651600,3,True,1788708313.921471,
bind,nsec3,nonexistent.test-nsec3.example,cold,1581100,3,True,1788708313.9235737,
bind,nsec3,nonexistent.test-nsec3.example,cold,1624900,3,True,1788708313.9251406,
bind,nsec3,nonexistent.test-nsec3.example,cold,1573900,3,True,1788708313.9267123,
bind,nsec3,nonexistent.test-nsec3.example,cold,1607300,3,True,1788708313.9282691,
bind,nsec3,nonexistent.test-nsec3.example,cold,1630400,3,True,1788708313.9299326,
bind,nsec3,nonexistent.test-nsec3.example,cold,1658000,3,True,1788708313.9320028,
bind,nsec3,nonexistent.test-nsec3.example,cold,2067500,3,True,1788708313.9337754,
bind,nsec3,nonexistent.test-nsec3.example,cold,1783400,3,True,1788708313.9358594,
bind,nsec3,nonexistent.test-nsec3.example,cold,1657500,3,True,1788708313.9374237,
bind,nsec3,nonexistent.test-nsec3.example,cold,1757200,3,True,1788708313.939523,
bind,nsec3,nonexistent.test-nsec3.example,cold,1706900,3,True,1788708313.9410899,
bind,nsec3,nonexistent.test-nsec3.example,cold,1650700,3,True,1788708313.9426606,
bind,nsec3,nonexistent.test-nsec3.example,cold,2188000,3,True,1788708313.9449866,
bind,nsec3,nonexistent.test-nsec3.example,cold,2362300,3,True,1788708313.9473162,
bind,nsec3,nonexistent.test-nsec3.example,cold,2003800,3,True,1788708313.9494588,
bind,nsec3,nonexistent.test-nsec3.example,cold,1953500,3,True,1788708313.9516082,
bind,nsec3,nonexistent.test-nsec3.example,cold,1860300,3,True,1788708313.9537053,
bind,nsec3,nonexistent.test-nsec3.example,cold,1922400,3,True,1788708313.9558542,
bind,nsec3,nonexistent.test-nsec3.example,cold,1603600,3,True,1788708313.957488,
bind,nsec3,nonexistent.test-nsec3.example,cold,1837200,3,True,1788708313.9593706,
bind,nsec3,nonexistent.test-nsec3.example,cold,1681000,3,True,1788708313.9610076,
bind,nsec3,nonexistent.test-nsec3.example,cold,1529800,3,True,1788708313.9625964,
bind,nsec3,nonexistent.test-nsec3.example,cold,1457800,3,True,1788708313.9641526,
bind,nsec3,nonexistent.test-nsec3.example,cold,1622500,3,True,1788708313.9657178,
bind,nsec3,nonexistent.test-nsec3.example,cold,1590800,3,True,1788708313.9673195,
bind,nsec3,nonexistent.test-nsec3.example,cold,1624700,3,True,1788708313.9689422,
bind,nsec3,nonexistent.test-nsec3.example,cold,1710700,3,True,1788708313.9710388,
bind,nsec3,nonexistent.test-nsec3.example,cold,1656900,3,True,1788708313.9727538,
bind,nsec3,nonexistent.test-nsec3.example,cold,1837100,3,True,1788708313.9743183,
bind,nsec3,nonexistent.test-nsec3.example,cold,2369200,3,True,1788708313.9775386,
bind,nsec3,nonexistent.test-nsec3.example,cold,2052400,3,True,1788708313.9797778,
bind,nsec3,nonexistent.test-nsec3.example,cold,2077900,3,True,1788708313.981879,
bind,nsec3,nonexistent.test-nsec3.example,cold,2432600,3,True,1788708313.9841287,
bind,nsec3,nonexistent.test-nsec3.example,cold,1942400,3,True,1788708313.9862804,
bind,nsec3,nonexistent.test-nsec3.example,cold,1597100,3,True,1788708313.9878411,
bind,nsec3,nonexistent.test-nsec3.example,cold,1636300,3,True,1788708313.9894047,
bind,nsec3,nonexistent.test-nsec3.example,cold,2522200,3,True,1788708313.991982,
bind,nsec3,nonexistent.test-nsec3.example,cold,1976400,3,True,1788708313.9941444,
bind,nsec3,nonexistent.test-nsec3.example,cold,1824900,3,True,1788708313.9962606,
bind,nsec3,nonexistent.test-nsec3.example,cold,1652000,3,True,1788708313.997838,
bind,nsec3,nonexistent.test-nsec3.example,cold,1802900,3,True,1788708313.9999385,
bind,nsec3,nonexistent.test-nsec3.example,cold,1693900,3,True,1788708314.0015109,
bind,nsec3,nonexistent.test-nsec3.example,cold,1686500,3,True,1788708314.003576,
bind,nsec3,nonexistent.test-nsec3.example,cold,4031800,3,True,1788708314.0069678,
bind,nsec3,nonexistent.test-nsec3.example,cold,2032200,3,True,1788708314.0090373,
bind,nsec3,nonexistent.test-nsec3.example,cold,2135100,3,True,1788708314.0090373,
bind,nsec3,nonexistent.test-nsec3.example,cold,2472300,3,True,1788708314.0145438,
bind,nsec3,nonexistent.test-nsec3.example,cold,2378800,3,True,1788708314.0166876,
bind,nsec3,nonexistent.test-nsec3.example,cold,1739600,3,True,1788708314.0187733,
bind,nsec3,nonexistent.test-nsec3.example,cold,1683500,3,True,1788708314.0203846,
bind,nsec3,nonexistent.test-nsec3.example,cold,2003700,3,True,1788708314.0225952,
bind,nsec3,nonexistent.test-nsec3.example,cold,1692100,3,True,1788708314.0241618,
bind,nsec3,nonexistent.test-nsec3.example,cold,1622700,3,True,1788708314.0257783,
bind,nsec3,nonexistent.test-nsec3.example,cold,1594500,3,True,1788708314.0273345,
bind,nsec3,nonexistent.test-nsec3.example,cold,1667200,3,True,1788708314.0294323,
bind,nsec3,nonexistent.test-nsec3.example,cold,1696500,3,True,1788708314.031,
bind,nsec3,nonexistent.test-nsec3.example,cold,1803800,3,True,1788708314.0331042,
bind,nsec3,nonexistent.test-nsec3.example,cold,1585300,3,True,1788708314.034765,
bind,nsec3,nonexistent.test-nsec3.example,cold,1753600,3,True,1788708314.0363328,
bind,nsec3,nonexistent.test-nsec3.example,cold,13472000,3,True,1788708314.0500574,
bind,nsec3,nonexistent.test-nsec3.example,cold,2541900,3,True,1788708314.0526855,
bind,nsec3,nonexistent.test-nsec3.example,cold,2237500,3,True,1788708314.0553153,
bind,nsec3,nonexistent.test-nsec3.example,cold,2139600,3,True,1788708314.0575097,
bind,nsec3,nonexistent.test-nsec3.example,cold,1930600,3,True,1788708314.0595984,
bind,nsec3,nonexistent.test-nsec3.example,cold,1714100,3,True,1788708314.061174,
bind,nsec3,nonexistent.test-nsec3.example,cold,1657700,3,True,1788708314.0627427,
bind,nsec3,nonexistent.test-nsec3.example,cold,1789500,3,True,1788708314.064841,
bind,nsec3,nonexistent.test-nsec3.example,cold,1695600,3,True,1788708314.066423,
bind,nsec3,nonexistent.test-nsec3.example,cold,1715300,3,True,1788708314.0681448,
bind,nsec3,nonexistent.test-nsec3.example,cold,1736000,3,True,1788708314.0702403,
bind,nsec3,nonexistent.test-nsec3.example,cold,1685400,3,True,1788708314.0719004,
bind,nsec3,nonexistent.test-nsec3.example,cold,1591700,3,True,1788708314.0734744,
bind,nsec3,nonexistent.test-nsec3.example,cold,1651600,3,True,1788708314.0755842,
bind,nsec3,nonexistent.test-nsec3.example,cold,1722200,3,True,1788708314.0771751,
bind,nsec3,nonexistent.test-nsec3.example,cold,1627600,3,True,1788708314.0787537,
bind,nsec3,nonexistent.test-nsec3.example,cold,1532000,3,True,1788708314.0803301,
bind,nsec3,nonexistent.test-nsec3.example,cold,1629000,3,True,1788708314.0819979,
bind,nsec3,nonexistent.test-nsec3.example,cold,2708700,3,True,1788708314.0846255,
bind,nsec3,nonexistent.test-nsec3.example,cold,2041000,3,True,1788708314.0872848,
bind,nsec3,nonexistent.test-nsec3.example,cold,1882600,3,True,1788708314.088872,
bind,nsec3,nonexistent.test-nsec3.example,cold,1999300,3,True,1788708314.0909724,
bind,nsec3,nonexistent.test-nsec3.example,cold,1782900,3,True,1788708314.0930681,
bind,nsec3,nonexistent.test-nsec3.example,cold,1716500,3,True,1788708314.0946267,
bind,nsec3,nonexistent.test-nsec3.example,cold,1642800,3,True,1788708314.096205,
bind,nsec3,nonexistent.test-nsec3.example,cold,1743400,3,True,1788708314.0983453,
bind,nsec3,nonexistent.test-nsec3.example,cold,1674400,3,True,1788708314.0998952,
bind,nsec3,nonexistent.test-nsec3.example,cold,1664800,3,True,1788708314.1015291,
bind,nsec3,nonexistent.test-nsec3.example,cold,1734500,3,True,1788708314.1035922,
bind,nsec3,nonexistent.test-nsec3.example,cold,1653300,3,True,1788708314.1051803,
bind,nsec3,nonexistent.test-nsec3.example,cold,1682200,3,True,1788708314.1067414,
bind,nsec3,nonexistent.test-nsec3.example,cold,1629300,3,True,1788708314.1088514,
bind,nsec3,nonexistent.test-nsec3.example,cold,1545800,3,True,1788708314.1104157,
bind,nsec3,nonexistent.test-nsec3.example,cold,1572000,3,True,1788708314.111985,
bind,nsec3,nonexistent.test-nsec3.example,cold,2715200,3,True,1788708314.115023,
bind,nsec3,nonexistent.test-nsec3.example,cold,2240500,3,True,1788708314.116027,
bind,nsec3,nonexistent.test-nsec3.example,cold,2188300,3,True,1788708314.1188166,
bind,nsec3,nonexistent.test-nsec3.example,cold,1882300,3,True,1788708314.1197133,
bind,nsec3,nonexistent.test-nsec3.example,cold,1846200,3,True,1788708314.1197133,
bind,nsec3,nonexistent.test-nsec3.example,cold,1930600,3,True,1788708314.1253202,
bind,nsec3,nonexistent.test-nsec3.example,cold,1539400,3,True,1788708314.1269302,
bind,nsec3,nonexistent.test-nsec3.example,cold,1584500,3,True,1788708314.1284873,
bind,nsec3,nonexistent.test-nsec3.example,cold,1921300,3,True,1788708314.130811,
bind,nsec3,nonexistent.test-nsec3.example,cold,1885500,3,True,1788708314.13243,
bind,nsec3,nonexistent.test-nsec3.example,cold,1816700,3,True,1788708314.134569,
bind,nsec3,nonexistent.test-nsec3.example,cold,1945100,3,True,1788708314.1361978,
bind,nsec3,nonexistent.test-nsec3.example,cold,24378500,3,True,1788708314.1610227,
bind,nsec3,nonexistent.test-nsec3.example,cold,2850100,3,True,1788708314.1638882,
bind,nsec3,nonexistent.test-nsec3.example,cold,2558300,3,True,1788708314.1667016,
bind,nsec3,nonexistent.test-nsec3.example,cold,2243800,3,True,1788708314.169035,
bind,nsec3,nonexistent.test-nsec3.example,cold,1826700,3,True,1788708314.1706235,
bind,nsec3,nonexistent.test-nsec3.example,cold,2098000,3,True,1788708314.1728113,
bind,nsec3,nonexistent.test-nsec3.example,cold,1632600,3,True,1788708314.1749022,
bind,nsec3,nonexistent.test-nsec3.example,cold,1826600,3,True,1788708314.1767063,
bind,nsec3,nonexistent.test-nsec3.example,cold,1598400,3,True,1788708314.178306,
bind,nsec3,nonexistent.test-nsec3.example,cold,1723300,3,True,1788708314.1799626,
bind,nsec3,nonexistent.test-nsec3.example,cold,4535000,3,True,1788708314.1848147,
bind,nsec3,nonexistent.test-nsec3.example,cold,5182900,3,True,1788708314.1899433,
bind,nsec3,nonexistent.test-nsec3.example,cold,3483900,3,True,1788708314.1937542,
bind,nsec3,nonexistent.test-nsec3.example,cold,2000500,3,True,1788708314.1955721,
bind,nsec3,nonexistent.test-nsec3.example,cold,1605200,3,True,1788708314.1971507,
bind,nsec3,nonexistent.test-nsec3.example,cold,1840200,3,True,1788708314.1992588,
bind,nsec3,nonexistent.test-nsec3.example,cold,1761300,3,True,1788708314.2013674,
bind,nsec3,nonexistent.test-nsec3.example,cold,1636800,3,True,1788708314.2029321,
bind,nsec3,nonexistent.test-nsec3.example,cold,1769500,3,True,1788708314.2046304,
bind,nsec3,nonexistent.test-nsec3.example,cold,1599600,3,True,1788708314.2062716,
bind,nsec3,nonexistent.test-nsec3.example,cold,1654500,3,True,1788708314.2078788,
bind,nsec3,nonexistent.test-nsec3.example,cold,1660100,3,True,1788708314.2099617,
bind,nsec3,nonexistent.test-nsec3.example,cold,1651900,3,True,1788708314.2115474,
bind,nsec3,nonexistent.test-nsec3.example,cold,1508900,3,True,1788708314.2130988,
bind,nsec3,nonexistent.test-nsec3.example,cold,1627800,3,True,1788708314.2146626,
bind,nsec3,nonexistent.test-nsec3.example,cold,1589900,3,True,1788708314.2163103,
bind,nsec3,nonexistent.test-nsec3.example,cold,1680000,3,True,1788708314.21841,
bind,nsec3,nonexistent.test-nsec3.example,cold,1631100,3,True,1788708314.219978,
bind,nsec3,nonexistent.test-nsec3.example,cold,1822200,3,True,1788708314.2215993,
bind,nsec3,nonexistent.test-nsec3.example,cold,2283000,3,True,1788708314.2240794,
bind,nsec3,nonexistent.test-nsec3.example,cold,2218100,3,True,1788708314.2263136,
bind,nsec3,nonexistent.test-nsec3.example,cold,2023300,3,True,1788708314.2285428,
bind,nsec3,nonexistent.test-nsec3.example,cold,2008500,3,True,1788708314.2307868,
bind,nsec3,nonexistent.test-nsec3.example,cold,1945100,3,True,1788708314.2324195,
bind,nsec3,nonexistent.test-nsec3.example,cold,1581700,3,True,1788708314.2345216,
bind,nsec3,nonexistent.test-nsec3.example,cold,1762300,3,True,1788708314.236066,
bind,nsec3,nonexistent.test-nsec3.example,cold,1914200,3,True,1788708314.2374592,
bind,nsec3,nonexistent.test-nsec3.example,cold,2049400,3,True,1788708314.2399871,
bind,nsec3,nonexistent.test-nsec3.example,cold,1996800,3,True,1788708314.2426124,
bind,nsec3,nonexistent.test-nsec3.example,cold,1717600,3,True,1788708314.244271,
bind,nsec3,nonexistent.test-nsec3.example,cold,1668800,3,True,1788708314.2460399,
bind,nsec3,nonexistent.test-nsec3.example,cold,1662900,3,True,1788708314.2476304,
bind,nsec3,nonexistent.test-nsec3.example,cold,1754500,3,True,1788708314.2497103,
bind,nsec3,nonexistent.test-nsec3.example,cold,1647400,3,True,1788708314.2513013,
bind,nsec3,nonexistent.test-nsec3.example,cold,2561600,3,True,1788708314.25395,
bind,nsec3,nonexistent.test-nsec3.example,cold,1956900,3,True,1788708314.2560558,
bind,nsec3,nonexistent.test-nsec3.example,cold,12667700,3,True,1788708314.2683692,
bind,nsec3,nonexistent.test-nsec3.example,cold,2160400,3,True,1788708314.2707238,
bind,nsec3,nonexistent.test-nsec3.example,cold,1978900,3,True,1788708314.2728214,
bind,nsec3,nonexistent.test-nsec3.example,cold,2009000,3,True,1788708314.2749243,
bind,nsec3,nonexistent.test-nsec3.example,cold,2038200,3,True,1788708314.2770467,
bind,nsec3,nonexistent.test-nsec3.example,cold,1886300,3,True,1788708314.2791286,
bind,nsec3,nonexistent.test-nsec3.example,cold,1649600,3,True,1788708314.2812178,
bind,nsec3,nonexistent.test-nsec3.example,cold,1821100,3,True,1788708314.2827868,
bind,nsec3,nonexistent.test-nsec3.example,cold,1744800,3,True,1788708314.2845063,
bind,nsec3,nonexistent.test-nsec3.example,cold,1811600,3,True,1788708314.2866101,
bind,nsec3,nonexistent.test-nsec3.example,cold,1649500,3,True,1788708314.2882347,
bind,nsec3,nonexistent.test-nsec3.example,cold,1499800,3,True,1788708314.289832,
bind,nsec3,nonexistent.test-nsec3.example,cold,1718200,3,True,1788708314.291417,
bind,nsec3,nonexistent.test-nsec3.example,cold,1719100,3,True,1788708314.293528,
bind,nsec3,nonexistent.test-nsec3.example,cold,1678500,3,True,1788708314.2951028,
bind,nsec3,nonexistent.test-nsec3.example,cold,1553900,3,True,1788708314.2966652,
bind,nsec3,nonexistent.test-nsec3.example,cold,1487200,3,True,1788708314.2983263,
bind,nsec3,nonexistent.test-nsec3.example,cold,2154800,3,True,1788708314.3007421,
bind,nsec3,nonexistent.test-nsec3.example,cold,2029200,3,True,1788708314.3028362,
bind,nsec3,nonexistent.test-nsec3.example,cold,1726600,3,True,1788708314.3044055,
bind,nsec3,nonexistent.test-nsec3.example,cold,1687100,3,True,1788708314.3059995,
bind,nsec3,nonexistent.test-nsec3.example,cold,1681700,3,True,1788708314.3080935,
bind,nsec3,nonexistent.test-nsec3.example,cold,1723000,3,True,1788708314.3096614,
bind,nsec3,nonexistent.test-nsec3.example,cold,1706900,3,True,1788708314.3117743,
bind,nsec3,nonexistent.test-nsec3.example,cold,1712600,3,True,1788708314.3133535,
bind,nsec3,nonexistent.test-nsec3.example,cold,1820200,3,True,1788708314.3151846,
bind,nsec3,nonexistent.test-nsec3.example,cold,1832200,3,True,1788708314.3173046,
bind,nsec3,nonexistent.test-nsec3.example,cold,1649100,3,True,1788708314.3188865,
bind,nsec3,nonexistent.test-nsec3.example,cold,1565600,3,True,1788708314.3204663,
bind,nsec3,nonexistent.test-nsec3.example,cold,1653300,3,True,1788708314.32205,
bind,nsec3,nonexistent.test-nsec3.example,cold,1575300,3,True,1788708314.3241398,
bind,nsec3,nonexistent.test-nsec3.example,cold,1680200,3,True,1788708314.3257785,
bind,nsec3,nonexistent.test-nsec3.example,cold,1644900,3,True,1788708314.3273385,
bind,nsec3,nonexistent.test-nsec3.example,cold,1589800,3,True,1788708314.3289044,
bind,nsec3,nonexistent.test-nsec3.example,cold,1970700,3,True,1788708314.3310637,
bind,nsec3,nonexistent.test-nsec3.example,cold,2973500,3,True,1788708314.3341694,
bind,nsec3,nonexistent.test-nsec3.example,cold,2194200,3,True,1788708314.3366315,
bind,nsec3,nonexistent.test-nsec3.example,cold,1948000,3,True,1788708314.3382502,
bind,nsec3,nonexistent.test-nsec3.example,cold,2069000,3,True,1788708314.3403995,
bind,nsec3,nonexistent.test-nsec3.example,cold,2108900,3,True,1788708314.342556,
bind,nsec3,nonexistent.test-nsec3.example,cold,1747700,3,True,1788708314.3446403,
bind,nsec3,nonexistent.test-nsec3.example,cold,2000000,3,True,1788708314.346841,
bind,nsec3,nonexistent.test-nsec3.example,cold,2603900,3,True,1788708314.3491855,
bind,nsec3,nonexistent.test-nsec3.example,cold,2636700,3,True,1788708314.352509,
bind,nsec3,nonexistent.test-nsec3.example,cold,2179100,3,True,1788708314.3549132,
bind,nsec3,nonexistent.test-nsec3.example,cold,1714700,3,True,1788708314.3570096,
bind,nsec3,nonexistent.test-nsec3.example,cold,1571900,3,True,1788708314.3580632,
bind,nsec3,nonexistent.test-nsec3.example,cold,1624300,3,True,1788708314.3602734,
bind,nsec3,nonexistent.test-nsec3.example,cold,1789900,3,True,1788708314.362096,
bind,nsec3,nonexistent.test-nsec3.example,cold,1649100,3,True,1788708314.3637512,
bind,nsec3,nonexistent.test-nsec3.example,cold,1656400,3,True,1788708314.3653193,
bind,nsec3,nonexistent.test-nsec3.example,cold,2154700,3,True,1788708314.367738,
bind,nsec3,nonexistent.test-nsec3.example,cold,2205400,3,True,1788708314.3700094,
bind,nsec3,nonexistent.test-nsec3.example,cold,2136900,3,True,1788708314.3722765,
bind,nsec3,nonexistent.test-nsec3.example,cold,2289000,3,True,1788708314.3747373,
bind,nsec3,nonexistent.test-nsec3.example,cold,4254900,3,True,1788708314.3787496,
bind,nsec3,nonexistent.test-nsec3.example,cold,2087500,3,True,1788708314.381301,
bind,nsec3,nonexistent.test-nsec3.example,cold,2173100,3,True,1788708314.3834093,
bind,nsec3,nonexistent.test-nsec3.example,cold,1994800,3,True,1788708314.3855298,
bind,nsec3,nonexistent.test-nsec3.example,cold,1673900,3,True,1788708314.3871086,
bind,nsec3,nonexistent.test-nsec3.example,cold,1676700,3,True,1788708314.3886793,
bind,nsec3,nonexistent.test-nsec3.example,cold,1741600,3,True,1788708314.3907568,
bind,nsec3,nonexistent.test-nsec3.example,cold,1766000,3,True,1788708314.3923862,
bind,nsec3,nonexistent.test-nsec3.example,cold,1720500,3,True,1788708314.3944714,
bind,nsec3,nonexistent.test-nsec3.example,cold,1652600,3,True,1788708314.3960416,
bind,nsec3,nonexistent.test-nsec3.example,cold,1620400,3,True,1788708314.3976026,
bind,nsec3,nonexistent.test-nsec3.example,cold,1783600,3,True,1788708314.3998032,
bind,nsec3,nonexistent.test-nsec3.example,cold,1784600,3,True,1788708314.4014478,
bind,nsec3,nonexistent.test-nsec3.example,cold,1731700,3,True,1788708314.403031,
bind,nsec3,nonexistent.test-nsec3.example,cold,1666700,3,True,1788708314.405118,
bind,nsec3,nonexistent.test-nsec3.example,cold,1492800,3,True,1788708314.4066954,
bind,nsec3,nonexistent.test-nsec3.example,cold,1646100,3,True,1788708314.4082806,
bind,nsec3,nonexistent.test-nsec3.example,cold,1515400,3,True,1788708314.4098446,
bind,nsec3,nonexistent.test-nsec3.example,cold,1683700,3,True,1788708314.4114256,
bind,nsec3,nonexistent.test-nsec3.example,cold,1642100,3,True,1788708314.4134994,
bind,nsec3,nonexistent.test-nsec3.example,cold,2661100,3,True,1788708314.416277,
bind,nsec3,nonexistent.test-nsec3.example,cold,1943000,3,True,1788708314.4178958,
bind,nsec3,nonexistent.test-nsec3.example,cold,1561200,3,True,1788708314.4194884,
bind,nsec3,nonexistent.test-nsec3.example,cold,1577900,3,True,1788708314.4215703,
bind,nsec3,nonexistent.test-nsec3.example,cold,1725800,3,True,1788708314.4231415,
bind,nsec3,nonexistent.test-nsec3.example,cold,1689600,3,True,1788708314.424705,
bind,nsec3,nonexistent.test-nsec3.example,cold,1616100,3,True,1788708314.42679,
bind,nsec3,nonexistent.test-nsec3.example,cold,1649600,3,True,1788708314.4283817,
bind,nsec3,nonexistent.test-nsec3.example,cold,2101900,3,True,1788708314.4302528,
bind,nsec3,nonexistent.test-nsec3.example,cold,1590100,3,True,1788708314.432373,
bind,nsec3,nonexistent.test-nsec3.example,cold,1760200,3,True,1788708314.4339788,
bind,nsec3,nonexistent.test-nsec3.example,cold,1657900,3,True,1788708314.4356008,
bind,nsec3,nonexistent.test-nsec3.example,cold,1768500,3,True,1788708314.4376786,
bind,nsec3,nonexistent.test-nsec3.example,cold,1769600,3,True,1788708314.4393384,
bind,nsec3,nonexistent.test-nsec3.example,cold,1741900,3,True,1788708314.4414349,
bind,nsec3,nonexistent.test-nsec3.example,cold,1753200,3,True,1788708314.4430144,
bind,nsec3,nonexistent.test-nsec3.example,cold,2120800,3,True,1788708314.4451709,
bind,nsec3,nonexistent.test-nsec3.example,cold,2145000,3,True,1788708314.4472876,
bind,nsec3,nonexistent.test-nsec3.example,cold,2018000,3,True,1788708314.449399,
bind,nsec3,nonexistent.test-nsec3.example,cold,2138300,3,True,1788708314.4510899,
bind,nsec3,nonexistent.test-nsec3.example,cold,1759300,3,True,1788708314.4535952,
bind,nsec3,nonexistent.test-nsec3.example,cold,2019200,3,True,1788708314.4535952,
bind,nsec3,nonexistent.test-nsec3.example,cold,1606600,3,True,1788708314.457256,
bind,nsec3,nonexistent.test-nsec3.example,cold,1559300,3,True,1788708314.457256,
bind,nsec3,nonexistent.test-nsec3.example,cold,1608400,3,True,1788708314.4597225,
bind,nsec3,nonexistent.test-nsec3.example,cold,1714300,3,True,1788708314.4621954,
bind,nsec3,nonexistent.test-nsec3.example,cold,1713900,3,True,1788708314.4621954,
bind,nsec3,nonexistent.test-nsec3.example,cold,1674700,3,True,1788708314.465976,
bind,nsec3,nonexistent.test-nsec3.example,cold,1680100,3,True,1788708314.465976,
bind,nsec3,nonexistent.test-nsec3.example,cold,1784400,3,True,1788708314.4685638,
bind,nsec3,nonexistent.test-nsec3.example,cold,1630000,3,True,1788708314.4685638,
bind,nsec3,nonexistent.test-nsec3.example,cold,1549800,3,True,1788708314.4729528,
bind,nsec3,nonexistent.test-nsec3.example,cold,1614200,3,True,1788708314.4746947,
bind,nsec3,nonexistent.test-nsec3.example,cold,2380200,3,True,1788708314.4770648,
bind,nsec3,nonexistent.test-nsec3.example,cold,1679000,3,True,1788708314.4786572,
bind,nsec3,nonexistent.test-nsec3.example,cold,1649500,3,True,1788708314.4807475,
bind,nsec3,nonexistent.test-nsec3.example,cold,1670100,3,True,1788708314.4823256,
bind,nsec3,nonexistent.test-nsec3.example,cold,1750100,3,True,1788708314.4839902,
bind,nsec3,nonexistent.test-nsec3.example,cold,1591400,3,True,1788708314.4860783,
bind,nsec3,nonexistent.test-nsec3.example,cold,1537700,3,True,1788708314.4876907,
bind,nsec3,nonexistent.test-nsec3.example,cold,1689900,3,True,1788708314.4892864,
bind,nsec3,nonexistent.test-nsec3.example,cold,1888100,3,True,1788708314.4912405,
bind,nsec3,nonexistent.test-nsec3.example,cold,2399200,3,True,1788708314.4936118,
bind,nsec3,nonexistent.test-nsec3.example,cold,2719600,3,True,1788708314.4964685,
bind,nsec3,nonexistent.test-nsec3.example,cold,2098300,3,True,1788708314.4986403,
bind,nsec3,nonexistent.test-nsec3.example,cold,2232000,3,True,1788708314.5010207,
bind,nsec3,nonexistent.test-nsec3.example,cold,2243900,3,True,1788708314.5033383,
bind,nsec3,nonexistent.test-nsec3.example,cold,2054700,3,True,1788708314.505697,
bind,nsec3,nonexistent.test-nsec3.example,cold,1997000,3,True,1788708314.507655,
bind,nsec3,nonexistent.test-nsec3.example,cold,1990700,3,True,1788708314.5098088,
bind,nsec3,nonexistent.test-nsec3.example,cold,1935000,3,True,1788708314.5113864,
bind,nsec3,nonexistent.test-nsec3.example,cold,1926900,3,True,1788708314.5135393,
bind,nsec3,nonexistent.test-nsec3.example,cold,1939300,3,True,1788708314.5155077,
bind,nsec3,nonexistent.test-nsec3.example,cold,2062500,3,True,1788708314.5176804,
bind,nsec3,nonexistent.test-nsec3.example,cold,1831800,3,True,1788708314.5197787,
bind,nsec3,nonexistent.test-nsec3.example,cold,1787400,3,True,1788708314.5213428,
bind,nsec3,nonexistent.test-nsec3.example,cold,2038900,3,True,1788708314.5236974,
bind,nsec3,nonexistent.test-nsec3.example,cold,1715000,3,True,1788708314.5253172,
bind,nsec3,nonexistent.test-nsec3.example,cold,1717300,3,True,1788708314.5274093,
bind,nsec3,nonexistent.test-nsec3.example,cold,1611200,3,True,1788708314.5290294,
bind,nsec3,nonexistent.test-nsec3.example,cold,1535300,3,True,1788708314.530605,
bind,nsec3,nonexistent.test-nsec3.example,cold,1710600,3,True,1788708314.532187,
bind,nsec3,nonexistent.test-nsec3.example,cold,1862800,3,True,1788708314.5342934,
bind,nsec3,nonexistent.test-nsec3.example,cold,1699900,3,True,1788708314.5359044,
bind,nsec3,nonexistent.test-nsec3.example,cold,2614800,3,True,1788708314.538506,
bind,nsec3,nonexistent.test-nsec3.example,cold,2107700,3,True,1788708314.5407722,
bind,nsec3,nonexistent.test-nsec3.example,cold,2136200,3,True,1788708314.5433555,
bind,nsec3,nonexistent.test-nsec3.example,cold,1863600,3,True,1788708314.544367,
bind,nsec3,nonexistent.test-nsec3.example,cold,1863300,3,True,1788708314.5462487,
bind,nsec3,nonexistent.test-nsec3.example,cold,1913700,3,True,1788708314.5483084,
bind,nsec3,nonexistent.test-nsec3.example,cold,1849500,3,True,1788708314.5511231,
bind,nsec3,nonexistent.test-nsec3.example,cold,2029000,3,True,1788708314.5533044,
bind,nsec3,nonexistent.test-nsec3.example,cold,2145100,3,True,1788708314.5553672,
bind,nsec3,nonexistent.test-nsec3.example,cold,2027900,3,True,1788708314.557522,
bind,nsec3,nonexistent.test-nsec3.example,cold,1985600,3,True,1788708314.5596342,
bind,nsec3,nonexistent.test-nsec3.example,cold,1930000,3,True,1788708314.561724,
bind,nsec3,nonexistent.test-nsec3.example,cold,1821700,3,True,1788708314.5633202,
bind,nsec3,nonexistent.test-nsec3.example,cold,1672400,3,True,1788708314.5653954,
bind,nsec3,nonexistent.test-nsec3.example,cold,1924000,3,True,1788708314.5669777,
bind,nsec3,nonexistent.test-nsec3.example,cold,1752200,3,True,1788708314.5691257,
bind,nsec3,nonexistent.test-nsec3.example,cold,1702200,3,True,1788708314.5706885,
bind,nsec3,nonexistent.test-nsec3.example,cold,1824200,3,True,1788708314.5727935,
bind,nsec3,nonexistent.test-nsec3.example,cold,1674300,3,True,1788708314.5743651,
bind,nsec3,nonexistent.test-nsec3.example,cold,1702800,3,True,1788708314.5761137,
bind,nsec3,nonexistent.test-nsec3.example,cold,1649600,3,True,1788708314.5777361,
bind,nsec3,nonexistent.test-nsec3.example,cold,1688900,3,True,1788708314.5793114,
bind,nsec3,nonexistent.test-nsec3.example,cold,1682600,3,True,1788708314.5803356,
bind,nsec3,nonexistent.test-nsec3.example,cold,2566700,3,True,1788708314.5836544,
bind,nsec3,nonexistent.test-nsec3.example,cold,2806800,3,True,1788708314.5871665,
bind,nsec3,nonexistent.test-nsec3.example,cold,1774200,3,True,1788708314.5887656,
bind,nsec3,nonexistent.test-nsec3.example,cold,1559300,3,True,1788708314.5903656,
bind,nsec3,nonexistent.test-nsec3.example,cold,25246400,3,True,1788708314.6156158,
bind,nsec3,nonexistent.test-nsec3.example,cold,1996400,3,True,1788708314.6176925,
bind,nsec3,nonexistent.test-nsec3.example,cold,1789200,3,True,1788708314.619818,
bind,nsec3,nonexistent.test-nsec3.example,cold,1870900,3,True,1788708314.6215777,
bind,nsec3,nonexistent.test-nsec3.example,cold,1804100,3,True,1788708314.6237142,
bind,nsec3,nonexistent.test-nsec3.example,cold,1798200,3,True,1788708314.6252992,
bind,nsec3,nonexistent.test-nsec3.example,cold,1825700,3,True,1788708314.6274996,
bind,nsec3,nonexistent.test-nsec3.example,cold,1804500,3,True,1788708314.6290686,
bind,nsec3,nonexistent.test-nsec3.example,cold,2095600,3,True,1788708314.6313095,
bind,nsec3,nonexistent.test-nsec3.example,cold,2238200,3,True,1788708314.634147,
bind,nsec3,nonexistent.test-nsec3.example,cold,1760900,3,True,1788708314.635722,
bind,nsec3,nonexistent.test-nsec3.example,cold,1768400,3,True,1788708314.6378248,
bind,nsec3,nonexistent.test-nsec3.example,cold,1851000,3,True,1788708314.639497,
bind,nsec3,nonexistent.test-nsec3.example,cold,1807600,3,True,1788708314.6411538,
bind,nsec3,nonexistent.test-nsec3.example,cold,1869700,3,True,1788708314.6433353,
bind,nsec3,nonexistent.test-nsec3.example,cold,2405500,3,True,1788708314.64605,
bind,nsec3,nonexistent.test-nsec3.example,cold,2260200,3,True,1788708314.647787,
bind,nsec3,nonexistent.test-nsec3.example,cold,2204100,3,True,1788708314.6492996,
bind,nsec3,nonexistent.test-nsec3.example,cold,2317600,3,True,1788708314.6528144,
bind,nsec3,nonexistent.test-nsec3.example,cold,1747600,3,True,1788708314.6544523,
bind,nsec3,nonexistent.test-nsec3.example,cold,2165700,3,True,1788708314.6571023,
bind,nsec3,nonexistent.test-nsec3.example,cold,2371100,3,True,1788708314.6595318,
bind,nsec3,nonexistent.test-nsec3.example,cold,7081500,3,True,1788708314.6663995,
bind,nsec3,nonexistent.test-nsec3.example,cold,10601100,3,True,1788708314.6773329,
bind,nsec3,nonexistent.test-nsec3.example,cold,9696000,3,True,1788708314.6868107,
bind,nsec3,nonexistent.test-nsec3.example,cold,4637900,3,True,1788708314.6918762,
bind,nsec3,nonexistent.test-nsec3.example,cold,2090400,3,True,1788708314.6939764,
bind,nsec3,nonexistent.test-nsec3.example,cold,2121300,3,True,1788708314.6960475,
bind,nsec3,nonexistent.test-nsec3.example,cold,4243300,3,True,1788708314.7004795,
bind,nsec3,nonexistent.test-nsec3.example,cold,2256400,3,True,1788708314.7026763,
bind,nsec3,nonexistent.test-nsec3.example,cold,2026700,3,True,1788708314.704818,
bind,nsec3,nonexistent.test-nsec3.example,cold,11082500,3,True,1788708314.7158828,
bind,nsec3,nonexistent.test-nsec3.example,cold,2392200,3,True,1788708314.718506,
bind,nsec3,nonexistent.test-nsec3.example,cold,2015500,3,True,1788708314.7206209,
bind,nsec3,nonexistent.test-nsec3.example,cold,2742100,3,True,1788708314.7235932,
bind,nsec3,nonexistent.test-nsec3.example,cold,2319300,3,True,1788708314.7257216,
bind,nsec3,nonexistent.test-nsec3.example,cold,2135100,3,True,1788708314.7283294,
bind,nsec3,nonexistent.test-nsec3.example,cold,1772900,3,True,1788708314.729904,
bind,nsec3,nonexistent.test-nsec3.example,cold,1844600,3,True,1788708314.731827,
bind,nsec3,nonexistent.test-nsec3.example,cold,2315400,3,True,1788708314.734544,
bind,nsec3,nonexistent.test-nsec3.example,cold,1963200,3,True,1788708314.7361274,
bind,nsec3,nonexistent.test-nsec3.example,cold,3408900,3,True,1788708314.7399855,
bind,nsec3,nonexistent.test-nsec3.example,cold,2470500,3,True,1788708314.7426295,
bind,nsec3,nonexistent.test-nsec3.example,cold,2464100,3,True,1788708314.7447205,
bind,nsec3,nonexistent.test-nsec3.example,cold,2661500,3,True,1788708314.7478573,
bind,nsec3,nonexistent.test-nsec3.example,cold,2893300,3,True,1788708314.7508247,
bind,nsec3,nonexistent.test-nsec3.example,cold,2625800,3,True,1788708314.7536712,
bind,nsec3,nonexistent.test-nsec3.example,cold,2221600,3,True,1788708314.7557564,
bind,nsec3,nonexistent.test-nsec3.example,cold,1911900,3,True,1788708314.75783,
bind,nsec3,nonexistent.test-nsec3.example,cold,2077800,3,True,1788708314.7599187,
bind,nsec3,nonexistent.test-nsec3.example,cold,2126300,3,True,1788708314.7620456,
bind,nsec3,nonexistent.test-nsec3.example,cold,2256900,3,True,1788708314.7642236,
bind,nsec3,nonexistent.test-nsec3.example,cold,2344200,3,True,1788708314.7668571,
bind,nsec3,nonexistent.test-nsec3.example,cold,4034300,3,True,1788708314.7712197,
bind,nsec3,nonexistent.test-nsec3.example,cold,2627500,3,True,1788708314.7736387,
bind,nsec3,nonexistent.test-nsec3.example,cold,2462200,3,True,1788708314.776306,
bind,nsec3,nonexistent.test-nsec3.example,cold,2229900,3,True,1788708314.7784,
bind,nsec3,nonexistent.test-nsec3.example,cold,1818900,3,True,1788708314.780461,
bind,nsec3,nonexistent.test-nsec3.example,cold,2057100,3,True,1788708314.7825527,
bind,nsec3,nonexistent.test-nsec3.example,cold,2226500,3,True,1788708314.784706,
bind,nsec3,nonexistent.test-nsec3.example,cold,1810700,3,True,1788708314.7867935,
bind,nsec3,nonexistent.test-nsec3.example,cold,2083800,3,True,1788708314.788882,
bind,nsec3,nonexistent.test-nsec3.example,cold,2071600,3,True,1788708314.7909777,
bind,nsec3,nonexistent.test-nsec3.example,cold,2010100,3,True,1788708314.7930784,
bind,nsec3,nonexistent.test-nsec3.example,cold,2116300,3,True,1788708314.7951775,
bind,nsec3,nonexistent.test-nsec3.example,cold,1993800,3,True,1788708314.797267,
bind,nsec3,nonexistent.test-nsec3.example,cold,2797500,3,True,1788708314.8005047,
bind,nsec3,nonexistent.test-nsec3.example,cold,2122500,3,True,1788708314.8026192,
bind,nsec3,nonexistent.test-nsec3.example,cold,2180100,3,True,1788708314.8046944,
bind,nsec3,nonexistent.test-nsec3.example,cold,2082300,3,True,1788708314.8067894,
bind,nsec3,nonexistent.test-nsec3.example,cold,2065100,3,True,1788708314.8094592,
bind,nsec3,nonexistent.test-nsec3.example,cold,1989100,3,True,1788708314.811539,
bind,nsec3,nonexistent.test-nsec3.example,cold,2084600,3,True,1788708314.8136897,
bind,nsec3,nonexistent.test-nsec3.example,cold,3377400,3,True,1788708314.8170893,
bind,nsec3,nonexistent.test-nsec3.example,cold,2398900,3,True,1788708314.8191907,
bind,nsec3,nonexistent.test-nsec3.example,cold,2018600,3,True,1788708314.8212934,
bind,nsec3,nonexistent.test-nsec3.example,cold,2611100,3,True,1788708314.8244154,
bind,nsec3,nonexistent.test-nsec3.example,cold,2025500,3,True,1788708314.825981,
bind,nsec3,nonexistent.test-nsec3.example,cold,2058800,3,True,1788708314.8284826,
bind,nsec3,nonexistent.test-nsec3.example,cold,2131700,3,True,1788708314.830607,
bind,nsec3,nonexistent.test-nsec3.example,cold,2082000,3,True,1788708314.8326821,
bind,nsec3,nonexistent.test-nsec3.example,cold,1990800,3,True,1788708314.8347578,
bind,nsec3,nonexistent.test-nsec3.example,cold,2049900,3,True,1788708314.836853,
bind,nsec3,nonexistent.test-nsec3.example,cold,2121600,3,True,1788708314.8394616,
bind,nsec3,nonexistent.test-nsec3.example,cold,2060600,3,True,1788708314.8417094,
bind,nsec3,nonexistent.test-nsec3.example,cold,1950100,3,True,1788708314.8432782,
bind,nsec3,nonexistent.test-nsec3.example,cold,3103700,3,True,1788708314.8467464,
bind,nsec3,nonexistent.test-nsec3.example,cold,2032500,3,True,1788708314.8488374,
bind,nsec3,nonexistent.test-nsec3.example,cold,2123400,3,True,1788708314.8509197,
bind,nsec3,nonexistent.test-nsec3.example,cold,1956700,3,True,1788708314.8530378,
bind,nsec3,nonexistent.test-nsec3.example,cold,2708000,3,True,1788708314.8556533,
bind,nsec3,nonexistent.test-nsec3.example,cold,2097500,3,True,1788708314.8582606,
bind,nsec3,nonexistent.test-nsec3.example,cold,2119200,3,True,1788708314.8598444,
bind,nsec3,nonexistent.test-nsec3.example,cold,1921700,3,True,1788708314.862156,
bind,nsec3,nonexistent.test-nsec3.example,cold,2116100,3,True,1788708314.8646715,
bind,nsec3,nonexistent.test-nsec3.example,cold,1849400,3,True,1788708314.8662431,
bind,nsec3,nonexistent.test-nsec3.example,cold,2029500,3,True,1788708314.8683662,
bind,nsec3,nonexistent.test-nsec3.example,cold,2061500,3,True,1788708314.8709898,
bind,nsec3,nonexistent.test-nsec3.example,cold,2010100,3,True,1788708314.872578,
bind,nsec3,nonexistent.test-nsec3.example,cold,1880600,3,True,1788708314.8746812,
bind,nsec3,nonexistent.test-nsec3.example,cold,2261200,3,True,1788708314.8771632,
bind,nsec3,nonexistent.test-nsec3.example,cold,2075300,3,True,1788708314.8791707,
bind,nsec3,nonexistent.test-nsec3.example,cold,2087100,3,True,1788708314.8813927,
bind,nsec3,nonexistent.test-nsec3.example,cold,2404100,3,True,1788708314.8841362,
bind,nsec3,nonexistent.test-nsec3.example,cold,2419900,3,True,1788708314.8862793,
bind,nsec3,nonexistent.test-nsec3.example,cold,2268300,3,True,1788708314.8889647,
bind,nsec3,nonexistent.test-nsec3.example,cold,2104200,3,True,1788708314.8910477,
bind,nsec3,nonexistent.test-nsec3.example,cold,2199400,3,True,1788708314.8926337,
bind,nsec3,nonexistent.test-nsec3.example,cold,1946400,3,True,1788708314.8951678,
bind,nsec3,nonexistent.test-nsec3.example,cold,2043700,3,True,1788708314.8973758,
bind,nsec3,nonexistent.test-nsec3.example,cold,1948800,3,True,1788708314.8996964,
bind,nsec3,nonexistent.test-nsec3.example,cold,2149500,3,True,1788708314.901792,
bind,nsec3,nonexistent.test-nsec3.example,cold,2116400,3,True,1788708314.903904,
bind,nsec3,nonexistent.test-nsec3.example,cold,2120900,3,True,1788708314.9060133,
bind,nsec3,nonexistent.test-nsec3.example,cold,2061500,3,True,1788708314.908265,
bind,nsec3,nonexistent.test-nsec3.example,cold,1884600,3,True,1788708314.9103825,
bind,nsec3,nonexistent.test-nsec3.example,cold,1868800,3,True,1788708314.9120264,
bind,nsec3,nonexistent.test-nsec3.example,cold,2219700,3,True,1788708314.914662,
bind,nsec3,nonexistent.test-nsec3.example,cold,2233000,3,True,1788708314.916912,
bind,nsec3,nonexistent.test-nsec3.example,cold,2290300,3,True,1788708314.9193685,
bind,nsec3,nonexistent.test-nsec3.example,cold,1912000,3,True,1788708314.921466,
bind,nsec3,nonexistent.test-nsec3.example,cold,3406200,3,True,1788708314.9248252,
bind,nsec3,nonexistent.test-nsec3.example,cold,2195700,3,True,1788708314.9271748,
bind,nsec3,nonexistent.test-nsec3.example,cold,2144300,3,True,1788708314.9293818,
bind,nsec3,nonexistent.test-nsec3.example,cold,2162400,3,True,1788708314.9315662,
bind,nsec3,nonexistent.test-nsec3.example,cold,2517500,3,True,1788708314.9337983,
bind,nsec3,nonexistent.test-nsec3.example,cold,1974400,3,True,1788708314.9359589,
bind,nsec3,nonexistent.test-nsec3.example,cold,2511800,3,True,1788708314.9389203,
bind,nsec3,nonexistent.test-nsec3.example,cold,1747200,3,True,1788708314.9405491,
bind,nsec3,nonexistent.test-nsec3.example,cold,1809900,3,True,1788708314.9421902,
bind,nsec3,nonexistent.test-nsec3.example,cold,2087500,3,True,1788708314.9448245,
bind,nsec3,nonexistent.test-nsec3.example,cold,2112900,3,True,1788708314.946927,
bind,nsec3,nonexistent.test-nsec3.example,cold,2146100,3,True,1788708314.9490304,
bind,nsec3,nonexistent.test-nsec3.example,cold,2216400,3,True,1788708314.9516716,
bind,nsec3,nonexistent.test-nsec3.example,cold,2524000,3,True,1788708314.9538183,
bind,nsec3,nonexistent.test-nsec3.example,cold,2180300,3,True,1788708314.9564576,
bind,nsec3,nonexistent.test-nsec3.example,cold,1744700,3,True,1788708314.9581475,
bind,nsec3,nonexistent.test-nsec3.example,cold,1896000,3,True,1788708314.9598715,
bind,nsec3,nonexistent.test-nsec3.example,cold,1877600,3,True,1788708314.9619904,
bind,nsec3,nonexistent.test-nsec3.example,cold,1951100,3,True,1788708314.964083,
bind,nsec3,nonexistent.test-nsec3.example,cold,2009000,3,True,1788708314.9662042,
bind,nsec3,nonexistent.test-nsec3.example,cold,2003000,3,True,1788708314.968132,
bind,nsec3,nonexistent.test-nsec3.example,cold,2040400,3,True,1788708314.9702556,
bind,nsec3,nonexistent.test-nsec3.example,cold,1840400,3,True,1788708314.972346,
bind,nsec3,nonexistent.test-nsec3.example,cold,2071200,3,True,1788708314.9744637,
bind,nsec3,nonexistent.test-nsec3.example,cold,2113600,3,True,1788708314.9765985,
bind,nsec3,nonexistent.test-nsec3.example,cold,1966400,3,True,1788708314.9786968,
bind,nsec3,nonexistent.test-nsec3.example,cold,2776400,3,True,1788708314.9816866,
bind,nsec3,nonexistent.test-nsec3.example,cold,2110000,3,True,1788708314.983974,
bind,nsec3,nonexistent.test-nsec3.example,cold,2085800,3,True,1788708314.9857624,
bind,nsec3,nonexistent.test-nsec3.example,cold,2086200,3,True,1788708314.9879577,
bind,nsec3,nonexistent.test-nsec3.example,cold,1835800,3,True,1788708314.9902055,
bind,nsec3,nonexistent.test-nsec3.example,cold,1960800,3,True,1788708314.9918027,
bind,nsec3,nonexistent.test-nsec3.example,cold,2230900,3,True,1788708314.994459,
bind,nsec3,nonexistent.test-nsec3.example,cold,1767100,3,True,1788708314.9960809,
bind,nsec3,nonexistent.test-nsec3.example,cold,1811100,3,True,1788708314.998183,
bind,nsec3,nonexistent.test-nsec3.example,cold,2801800,3,True,1788708315.0012655,
bind,nsec3,nonexistent.test-nsec3.example,cold,6060100,3,True,1788708315.0074193,
bind,nsec3,nonexistent.test-nsec3.example,cold,2737700,3,True,1788708315.0103142,
bind,nsec3,nonexistent.test-nsec3.example,cold,2728900,3,True,1788708315.0127385,
bind,nsec3,nonexistent.test-nsec3.example,cold,2111100,3,True,1788708315.0149558,
bind,nsec3,nonexistent.test-nsec3.example,cold,2485100,3,True,1788708315.0178764,
bind,nsec3,nonexistent.test-nsec3.example,cold,1880400,3,True,1788708315.0194788,
bind,nsec3,nonexistent.test-nsec3.example,cold,1807000,3,True,1788708315.0215912,
bind,nsec3,nonexistent.test-nsec3.example,cold,1954600,3,True,1788708315.023688,
bind,nsec3,nonexistent.test-nsec3.example,cold,1976000,3,True,1788708315.0257876,
bind,nsec3,nonexistent.test-nsec3.example,cold,1774100,3,True,1788708315.027365,
bind,nsec3,nonexistent.test-nsec3.example,cold,2203400,3,True,1788708315.0295272,
bind,nsec3,nonexistent.test-nsec3.example,cold,2440600,3,True,1788708315.0323803,
bind,nsec3,nonexistent.test-nsec3.example,cold,2185500,3,True,1788708315.0345738,
bind,nsec3,nonexistent.test-nsec3.example,cold,1955600,3,True,1788708315.0363364,
bind,nsec3,nonexistent.test-nsec3.example,cold,1973700,3,True,1788708315.0384254,
bind,nsec3,nonexistent.test-nsec3.example,cold,2028200,3,True,1788708315.0406127,
bind,nsec3,nonexistent.test-nsec3.example,cold,2035400,3,True,1788708315.04273,
bind,nsec3,nonexistent.test-nsec3.example,cold,2152900,3,True,1788708315.04499,
bind,nsec3,nonexistent.test-nsec3.example,cold,2163900,3,True,1788708315.0475898,
bind,nsec3,nonexistent.test-nsec3.example,cold,2041700,3,True,1788708315.0496924,
bind,nsec3,nonexistent.test-nsec3.example,cold,2104600,3,True,1788708315.0518796,
bind,nsec3,nonexistent.test-nsec3.example,cold,1944100,3,True,1788708315.053674,
bind,nsec3,nonexistent.test-nsec3.example,cold,2066900,3,True,1788708315.0558205,
bind,nsec3,nonexistent.test-nsec3.example,cold,1937800,3,True,1788708315.0579162,
bind,nsec3,nonexistent.test-nsec3.example,cold,2469300,3,True,1788708315.0606835,
bind,nsec3,nonexistent.test-nsec3.example,cold,2400700,3,True,1788708315.0627801,
bind,nsec3,nonexistent.test-nsec3.example,cold,2092200,3,True,1788708315.065386,
bind,nsec3,nonexistent.test-nsec3.example,cold,2294400,3,True,1788708315.067498,
bind,nsec3,nonexistent.test-nsec3.example,cold,2214700,3,True,1788708315.0696309,
bind,nsec3,nonexistent.test-nsec3.example,cold,2222700,3,True,1788708315.072276,
bind,nsec3,nonexistent.test-nsec3.example,cold,1979100,3,True,1788708315.0743823,
bind,nsec3,nonexistent.test-nsec3.example,cold,1851700,3,True,1788708315.0759494,
bind,nsec3,nonexistent.test-nsec3.example,cold,1876900,3,True,1788708315.0780535,
bind,nsec3,nonexistent.test-nsec3.example,cold,2184500,3,True,1788708315.0806334,
bind,nsec3,nonexistent.test-nsec3.example,cold,2647600,3,True,1788708315.0832808,
bind,nsec3,nonexistent.test-nsec3.example,cold,2020000,3,True,1788708315.0853357,
bind,nsec3,nonexistent.test-nsec3.example,cold,1981300,3,True,1788708315.0874567,
bind,nsec3,nonexistent.test-nsec3.example,cold,2151300,3,True,1788708315.0895357,
bind,nsec3,nonexistent.test-nsec3.example,cold,1849400,3,True,1788708315.090551,
bind,nsec3,nonexistent.test-nsec3.example,cold,1782500,3,True,1788708315.0930007,
bind,nsec3,nonexistent.test-nsec3.example,cold,1883800,3,True,1788708315.0950606,
bind,nsec3,nonexistent.test-nsec3.example,cold,1694400,3,True,1788708315.0950606,
bind,nsec3,nonexistent.test-nsec3.example,cold,1691800,3,True,1788708315.0950606,
bind,nsec3,nonexistent.test-nsec3.example,cold,1730700,3,True,1788708315.0950606,
bind,nsec3,nonexistent.test-nsec3.example,cold,1646400,3,True,1788708315.0950606,
bind,nsec3,nonexistent.test-nsec3.example,cold,1690800,3,True,1788708315.103155,
bind,nsec3,nonexistent.test-nsec3.example,cold,1652900,3,True,1788708315.103155,
bind,nsec3,nonexistent.test-nsec3.example,cold,1546500,3,True,1788708315.103155,
bind,nsec3,nonexistent.test-nsec3.example,cold,1647900,3,True,1788708315.103155,
bind,nsec3,nonexistent.test-nsec3.example,cold,1802800,3,True,1788708315.1106,
bind,nsec3,nonexistent.test-nsec3.example,cold,1674500,3,True,1788708315.1106,
bind,nsec3,nonexistent.test-nsec3.example,cold,1643300,3,True,1788708315.1137285,
bind,nsec3,nonexistent.test-nsec3.example,cold,1598600,3,True,1788708315.1137285,
bind,nsec3,nonexistent.test-nsec3.example,cold,1713000,3,True,1788708315.1137285,
bind,nsec3,nonexistent.test-nsec3.example,cold,1748600,3,True,1788708315.1137285,
bind,nsec3,nonexistent.test-nsec3.example,cold,1709200,3,True,1788708315.1137285,
bind,nsec3,nonexistent.test-nsec3.example,cold,1661000,3,True,1788708315.1137285,
bind,nsec3,nonexistent.test-nsec3.example,cold,1759700,3,True,1788708315.1249757,
bind,nsec3,nonexistent.test-nsec3.example,cold,1925500,3,True,1788708315.127187,
bind,nsec3,nonexistent.test-nsec3.example,cold,2670200,3,True,1788708315.1300611,
bind,nsec3,nonexistent.test-nsec3.example,cold,2552200,3,True,1788708315.1323175,
bind,nsec3,nonexistent.test-nsec3.example,cold,2015800,3,True,1788708315.1344624,
bind,nsec3,nonexistent.test-nsec3.example,cold,2010600,3,True,1788708315.1365259,
bind,nsec3,nonexistent.test-nsec3.example,cold,2195900,3,True,1788708315.1391773,
bind,nsec3,nonexistent.test-nsec3.example,cold,1735900,3,True,1788708315.1407921,
bind,nsec3,nonexistent.test-nsec3.example,cold,1715000,3,True,1788708315.1424057,
bind,nsec3,nonexistent.test-nsec3.example,cold,1587200,3,True,1788708315.144508,
bind,nsec3,nonexistent.test-nsec3.example,cold,1709200,3,True,1788708315.1461604,
bind,nsec3,nonexistent.test-nsec3.example,cold,1655200,3,True,1788708315.14785,
bind,nsec3,nonexistent.test-nsec3.example,cold,1757600,3,True,1788708315.149514,
bind,nsec3,nonexistent.test-nsec3.example,cold,1612300,3,True,1788708315.151142,
bind,nsec3,nonexistent.test-nsec3.example,cold,1586600,3,True,1788708315.1527138,
bind,nsec3,nonexistent.test-nsec3.example,cold,1557900,3,True,1788708315.154289,
bind,nsec3,nonexistent.test-nsec3.example,cold,1543700,3,True,1788708315.1559038,
bind,nsec3,nonexistent.test-nsec3.example,cold,2201600,3,True,1788708315.1585996,
bind,nsec3,nonexistent.test-nsec3.example,cold,1989900,3,True,1788708315.1607013,
bind,nsec3,nonexistent.test-nsec3.example,cold,1900000,3,True,1788708315.1624885,
bind,nsec3,nonexistent.test-nsec3.example,cold,1530200,3,True,1788708315.164067,
bind,nsec3,nonexistent.test-nsec3.example,cold,1712100,3,True,1788708315.1656783,
bind,nsec3,nonexistent.test-nsec3.example,cold,1751200,3,True,1788708315.1677747,
bind,nsec3,nonexistent.test-nsec3.example,cold,1794200,3,True,1788708315.169342,
bind,nsec3,nonexistent.test-nsec3.example,cold,1818200,3,True,1788708315.1714368,
bind,nsec3,nonexistent.test-nsec3.example,cold,2363000,3,True,1788708315.1741147,
bind,nsec3,nonexistent.test-nsec3.example,cold,1848800,3,True,1788708315.1757002,
bind,nsec3,nonexistent.test-nsec3.example,cold,1862500,3,True,1788708315.177828,
bind,nsec3,nonexistent.test-nsec3.example,cold,2177300,3,True,1788708315.1800036,
bind,nsec3,nonexistent.test-nsec3.example,cold,2122700,3,True,1788708315.182408,
bind,nsec3,nonexistent.test-nsec3.example,cold,2338800,3,True,1788708315.1844392,
bind,nsec3,nonexistent.test-nsec3.example,cold,1946100,3,True,1788708315.1865592,
bind,nsec3,nonexistent.test-nsec3.example,cold,2251400,3,True,1788708315.1889548,
bind,nsec3,nonexistent.test-nsec3.example,cold,2696900,3,True,1788708315.191594,
bind,nsec3,nonexistent.test-nsec3.example,cold,2055200,3,True,1788708315.1941853,
bind,nsec3,nonexistent.test-nsec3.example,cold,2698700,3,True,1788708315.1970394,
bind,nsec3,nonexistent.test-nsec3.example,cold,4420500,3,True,1788708315.2014017,
bind,nsec3,nonexistent.test-nsec3.example,cold,1855200,3,True,1788708315.2031405,
bind,nsec3,nonexistent.test-nsec3.example,cold,1657400,3,True,1788708315.2047172,
bind,nsec3,nonexistent.test-nsec3.example,cold,1752100,3,True,1788708315.2068884,
bind,nsec3,nonexistent.test-nsec3.example,cold,1669900,3,True,1788708315.2086105,
bind,nsec3,nonexistent.test-nsec3.example,cold,1721900,3,True,1788708315.2101853,
bind,nsec3,nonexistent.test-nsec3.example,cold,1892000,3,True,1788708315.2123313,
bind,nsec3,nonexistent.test-nsec3.example,cold,1824300,3,True,1788708315.214475,
bind,nsec3,nonexistent.test-nsec3.example,cold,1679900,3,True,1788708315.2160718,
bind,nsec3,nonexistent.test-nsec3.example,cold,1721100,3,True,1788708315.217649,
bind,nsec3,nonexistent.test-nsec3.example,cold,1798400,3,True,1788708315.2198331,
bind,nsec3,nonexistent.test-nsec3.example,cold,1680800,3,True,1788708315.2214026,
bind,nsec3,nonexistent.test-nsec3.example,cold,1649000,3,True,1788708315.2229605,
bind,nsec3,nonexistent.test-nsec3.example,cold,1648200,3,True,1788708315.2250526,
bind,nsec3,nonexistent.test-nsec3.example,cold,1666100,3,True,1788708315.226618,
bind,nsec3,nonexistent.test-nsec3.example,cold,1638000,3,True,1788708315.228218,
bind,nsec3,nonexistent.test-nsec3.example,cold,1649500,3,True,1788708315.229793,
bind,nsec3,nonexistent.test-nsec3.example,cold,1558300,3,True,1788708315.2318847,
bind,nsec3,nonexistent.test-nsec3.example,cold,2050700,3,True,1788708315.2335134,
bind,nsec3,nonexistent.test-nsec3.example,cold,2620900,3,True,1788708315.2364664,
bind,nsec3,nonexistent.test-nsec3.example,cold,2174900,3,True,1788708315.2386534,
bind,nsec3,nonexistent.test-nsec3.example,cold,2132400,3,True,1788708315.2407541,
bind,nsec3,nonexistent.test-nsec3.example,cold,2098700,3,True,1788708315.243379,
bind,nsec3,nonexistent.test-nsec3.example,cold,1845900,3,True,1788708315.2449412,
bind,nsec3,nonexistent.test-nsec3.example,cold,1723300,3,True,1788708315.2470567,
bind,nsec3,nonexistent.test-nsec3.example,cold,1663700,3,True,1788708315.2486415,
bind,nsec3,nonexistent.test-nsec3.example,cold,1857600,3,True,1788708315.250368,
bind,nsec3,nonexistent.test-nsec3.example,cold,1700700,3,True,1788708315.2524557,
bind,nsec3,nonexistent.test-nsec3.example,cold,1710200,3,True,1788708315.2540565,
bind,nsec3,nonexistent.test-nsec3.example,cold,27598100,3,True,1788708315.2819939,
bind,nsec3,nonexistent.test-nsec3.example,cold,3088600,3,True,1788708315.2849119,
bind,nsec3,nonexistent.test-nsec3.example,cold,2162800,3,True,1788708315.2875955,
bind,nsec3,nonexistent.test-nsec3.example,cold,2054600,3,True,1788708315.289352,
bind,nsec3,nonexistent.test-nsec3.example,cold,1762500,3,True,1788708315.2915375,
bind,nsec3,nonexistent.test-nsec3.example,cold,1757900,3,True,1788708315.2931013,
bind,nsec3,nonexistent.test-nsec3.example,cold,1985800,3,True,1788708315.295192,
bind,nsec3,nonexistent.test-nsec3.example,cold,2639800,3,True,1788708315.2981105,
bind,nsec3,nonexistent.test-nsec3.example,cold,2775400,3,True,1788708315.300984,
bind,nsec3,nonexistent.test-nsec3.example,cold,2607400,3,True,1788708315.3036757,
bind,nsec3,nonexistent.test-nsec3.example,cold,2703000,3,True,1788708315.306456,
bind,nsec3,nonexistent.test-nsec3.example,cold,2108100,3,True,1788708315.3086572,
bind,nsec3,nonexistent.test-nsec3.example,cold,2601200,3,True,1788708315.3111901,
bind,nsec3,nonexistent.test-nsec3.example,cold,2102100,3,True,1788708315.3135,
bind,nsec3,nonexistent.test-nsec3.example,cold,1900500,3,True,1788708315.3151932,
bind,nsec3,nonexistent.test-nsec3.example,cold,2204400,3,True,1788708315.3176215,
bind,nsec3,nonexistent.test-nsec3.example,cold,2008200,3,True,1788708315.3197572,
bind,nsec3,nonexistent.test-nsec3.example,cold,1983000,3,True,1788708315.3219104,
bind,nsec3,nonexistent.test-nsec3.example,cold,2031500,3,True,1788708315.3237464,
bind,nsec3,nonexistent.test-nsec3.example,cold,2428500,3,True,1788708315.3262916,
bind,nsec3,nonexistent.test-nsec3.example,cold,2088100,3,True,1788708315.3285089,
bind,nsec3,nonexistent.test-nsec3.example,cold,1736200,3,True,1788708315.3306222,
bind,nsec3,nonexistent.test-nsec3.example,cold,6071000,3,True,1788708315.3367562,
bind,nsec3,nonexistent.test-nsec3.example,cold,3551100,3,True,1788708315.340026,
bind,nsec3,nonexistent.test-nsec3.example,cold,2585900,3,True,1788708315.3428473,
bind,nsec3,nonexistent.test-nsec3.example,cold,2484900,3,True,1788708315.3456042,
bind,nsec3,nonexistent.test-nsec3.example,cold,2199500,3,True,1788708315.3477032,
bind,nsec3,nonexistent.test-nsec3.example,cold,2017200,3,True,1788708315.3498123,
bind,nsec3,nonexistent.test-nsec3.example,cold,2004400,3,True,1788708315.3519766,
bind,nsec3,nonexistent.test-nsec3.example,cold,1986000,3,True,1788708315.3541856,
bind,nsec3,nonexistent.test-nsec3.example,cold,1808100,3,True,1788708315.355748,
bind,nsec3,nonexistent.test-nsec3.example,cold,1538700,3,True,1788708315.3573163,
bind,nsec3,nonexistent.test-nsec3.example,cold,2168200,3,True,1788708315.3595254,
bind,nsec3,nonexistent.test-nsec3.example,cold,1793000,3,True,1788708315.3616521,
bind,nsec3,nonexistent.test-nsec3.example,cold,1672800,3,True,1788708315.3632317,
bind,nsec3,nonexistent.test-nsec3.example,cold,1683400,3,True,1788708315.365332,
bind,nsec3,nonexistent.test-nsec3.example,cold,2185200,3,True,1788708315.3676047,
bind,nsec3,nonexistent.test-nsec3.example,cold,1746800,3,True,1788708315.3691645,
bind,nsec3,nonexistent.test-nsec3.example,cold,1731400,3,True,1788708315.3707426,
bind,nsec3,nonexistent.test-nsec3.example,cold,1681700,3,True,1788708315.3728426,
bind,nsec3,nonexistent.test-nsec3.example,cold,2803900,3,True,1788708315.3758085,
bind,nsec3,nonexistent.test-nsec3.example,cold,2117600,3,True,1788708315.3779964,
bind,nsec3,nonexistent.test-nsec3.example,cold,1613600,3,True,1788708315.379571,
bind,nsec3,nonexistent.test-nsec3.example,cold,1588000,3,True,1788708315.381172,
bind,nsec3,nonexistent.test-nsec3.example,cold,1675500,3,True,1788708315.3827496,
bind,nsec3,nonexistent.test-nsec3.example,cold,1637700,3,True,1788708315.3848367,
bind,nsec3,nonexistent.test-nsec3.example,cold,1681000,3,True,1788708315.3864088,
bind,nsec3,nonexistent.test-nsec3.example,cold,1618200,3,True,1788708315.3880036,
bind,nsec3,nonexistent.test-nsec3.example,cold,1909400,3,True,1788708315.3901455,
bind,nsec3,nonexistent.test-nsec3.example,cold,1730500,3,True,1788708315.3917298,
bind,nsec3,nonexistent.test-nsec3.example,cold,1826000,3,True,1788708315.3938735,
bind,nsec3,nonexistent.test-nsec3.example,cold,1677700,3,True,1788708315.3954756,
bind,nsec3,nonexistent.test-nsec3.example,cold,1675300,3,True,1788708315.3970687,
bind,nsec3,nonexistent.test-nsec3.example,cold,1834800,3,True,1788708315.399161,
bind,nsec3,nonexistent.test-nsec3.example,cold,1669100,3,True,1788708315.4007607,
bind,nsec3,nonexistent.test-nsec3.example,cold,1714000,3,True,1788708315.4028804,
bind,nsec3,nonexistent.test-nsec3.example,cold,1788100,3,True,1788708315.40447,
bind,nsec3,nonexistent.test-nsec3.example,cold,2193600,3,True,1788708315.4070024,
bind,nsec3,nonexistent.test-nsec3.example,cold,2003100,3,True,1788708315.4091747,
bind,nsec3,nonexistent.test-nsec3.example,cold,2100200,3,True,1788708315.411266,
bind,nsec3,nonexistent.test-nsec3.example,cold,1979800,3,True,1788708315.413382,
bind,nsec3,nonexistent.test-nsec3.example,cold,1923100,3,True,1788708315.414963,
bind,nsec3,nonexistent.test-nsec3.example,cold,1891400,3,True,1788708315.4170501,
bind,nsec3,nonexistent.test-nsec3.example,cold,1894000,3,True,1788708315.41915,
bind,nsec3,nonexistent.test-nsec3.example,cold,1844100,3,True,1788708315.4208043,
bind,nsec3,nonexistent.test-nsec3.example,cold,1750600,3,True,1788708315.4229455,
bind,nsec3,nonexistent.test-nsec3.example,cold,1722100,3,True,1788708315.4245188,
bind,nsec3,nonexistent.test-nsec3.example,cold,1608800,3,True,1788708315.4260993,
bind,nsec3,nonexistent.test-nsec3.example,cold,1717500,3,True,1788708315.4282098,
bind,nsec3,nonexistent.test-nsec3.example,cold,1586400,3,True,1788708315.429774,
bind,nsec3,nonexistent.test-nsec3.example,cold,1539000,3,True,1788708315.4313397,
bind,nsec3,nonexistent.test-nsec3.example,cold,1681000,3,True,1788708315.4329545,
bind,nsec3,nonexistent.test-nsec3.example,cold,2459700,3,True,1788708315.4357512,
bind,nsec3,nonexistent.test-nsec3.example,cold,1728200,3,True,1788708315.4373198,
bind,nsec3,nonexistent.test-nsec3.example,cold,1668200,3,True,1788708315.439411,
bind,nsec3,nonexistent.test-nsec3.example,cold,1586000,3,True,1788708315.4410417,
bind,nsec3,nonexistent.test-nsec3.example,cold,1687300,3,True,1788708315.4426389,
bind,nsec3,nonexistent.test-nsec3.example,cold,1709600,3,True,1788708315.444219,
bind,nsec3,nonexistent.test-nsec3.example,cold,1742400,3,True,1788708315.4463181,
bind,nsec3,nonexistent.test-nsec3.example,cold,1570600,3,True,1788708315.4478836,
bind,nsec3,nonexistent.test-nsec3.example,cold,1851600,3,True,1788708315.4499547,
bind,nsec3,nonexistent.test-nsec3.example,cold,2143400,3,True,1788708315.4522247,
bind,nsec3,nonexistent.test-nsec3.example,cold,2285200,3,True,1788708315.4544134,
bind,nsec3,nonexistent.test-nsec3.example,cold,5924300,3,True,1788708315.4600472,
bind,nsec3,nonexistent.test-nsec3.example,cold,11591400,3,True,1788708315.4722733,
bind,nsec3,nonexistent.test-nsec3.example,cold,2140900,3,True,1788708315.4745693,
bind,nsec3,nonexistent.test-nsec3.example,cold,1603300,3,True,1788708315.4761531,
bind,nsec3,nonexistent.test-nsec3.example,cold,1681600,3,True,1788708315.4777184,
bind,nsec3,nonexistent.test-nsec3.example,cold,1576400,3,True,1788708315.4792852,
bind,nsec3,nonexistent.test-nsec3.example,cold,2185400,3,True,1788708315.4815462,
bind,nsec3,nonexistent.test-nsec3.example,cold,2571400,3,True,1788708315.4841192,
bind,nsec3,nonexistent.test-nsec3.example,cold,1994800,3,True,1788708315.4862676,
bind,nsec3,nonexistent.test-nsec3.example,cold,2135600,3,True,1788708315.488882,
bind,nsec3,nonexistent.test-nsec3.example,cold,2053800,3,True,1788708315.4910054,
bind,nsec3,nonexistent.test-nsec3.example,cold,1680200,3,True,1788708315.4925678,
bind,nsec3,nonexistent.test-nsec3.example,cold,1570300,3,True,1788708315.4941323,
bind,nsec3,nonexistent.test-nsec3.example,cold,1628700,3,True,1788708315.4957588,
bind,nsec3,nonexistent.test-nsec3.example,cold,1770200,3,True,1788708315.4980295,
bind,nsec3,nonexistent.test-nsec3.example,cold,1893900,3,True,1788708315.499674,
bind,nsec3,nonexistent.test-nsec3.example,cold,1836400,3,True,1788708315.5017655,
bind,nsec3,nonexistent.test-nsec3.example,cold,1732500,3,True,1788708315.503318,
bind,nsec3,nonexistent.test-nsec3.example,cold,1693500,3,True,1788708315.505409,
bind,nsec3,nonexistent.test-nsec3.example,cold,1649400,3,True,1788708315.506984,
bind,nsec3,nonexistent.test-nsec3.example,cold,1826100,3,True,1788708315.5090742,
bind,nsec3,nonexistent.test-nsec3.example,cold,1745700,3,True,1788708315.5106459,
bind,nsec3,nonexistent.test-nsec3.example,cold,2303000,3,True,1788708315.5129275,
bind,nsec3,nonexistent.test-nsec3.example,cold,2170900,3,True,1788708315.5150757,
bind,nsec3,nonexistent.test-nsec3.example,cold,2128000,3,True,1788708315.5176806,
bind,nsec3,nonexistent.test-nsec3.example,cold,1990500,3,True,1788708315.51937,
bind,nsec3,nonexistent.test-nsec3.example,cold,1919200,3,True,1788708315.5214744,
bind,nsec3,nonexistent.test-nsec3.example,cold,1954200,3,True,1788708315.523647,
bind,nsec3,nonexistent.test-nsec3.example,cold,1533100,3,True,1788708315.5252244,
bind,nsec3,nonexistent.test-nsec3.example,cold,1548300,3,True,1788708315.5269582,
bind,nsec3,nonexistent.test-nsec3.example,cold,1670300,3,True,1788708315.5286736,
bind,nsec3,nonexistent.test-nsec3.example,cold,1744300,3,True,1788708315.530265,
bind,nsec3,nonexistent.test-nsec3.example,cold,1653000,3,True,1788708315.5323694,
bind,nsec3,nonexistent.test-nsec3.example,cold,1786900,3,True,1788708315.533943,
bind,nsec3,nonexistent.test-nsec3.example,cold,1764500,3,True,1788708315.536021,
bind,nsec3,nonexistent.test-nsec3.example,cold,1650400,3,True,1788708315.5375843,
bind,nsec3,nonexistent.test-nsec3.example,cold,1719200,3,True,1788708315.5391572,
bind,nsec3,nonexistent.test-nsec3.example,cold,1638900,3,True,1788708315.541292,
bind,nsec3,nonexistent.test-nsec3.example,cold,1856000,3,True,1788708315.5429964,
bind,nsec3,nonexistent.test-nsec3.example,cold,1661100,3,True,1788708315.5446618,
bind,nsec3,nonexistent.test-nsec3.example,cold,1770900,3,True,1788708315.546737,
bind,nsec3,nonexistent.test-nsec3.example,cold,1679400,3,True,1788708315.548307,
bind,nsec3,nonexistent.test-nsec3.example,cold,1770800,3,True,1788708315.5504339,
bind,nsec3,nonexistent.test-nsec3.example,cold,1666000,3,True,1788708315.5520444,
bind,nsec3,nonexistent.test-nsec3.example,cold,1610600,3,True,1788708315.5536158,
bind,nsec3,nonexistent.test-nsec3.example,cold,1599400,3,True,1788708315.554661,
bind,nsec3,nonexistent.test-nsec3.example,cold,1771200,3,True,1788708315.557166,
bind,nsec3,nonexistent.test-nsec3.example,cold,1961200,3,True,1788708315.5586784,
bind,nsec3,nonexistent.test-nsec3.example,cold,2069800,3,True,1788708315.5599637,
bind,nsec3,nonexistent.test-nsec3.example,cold,2133600,3,True,1788708315.5599637,
bind,nsec3,nonexistent.test-nsec3.example,cold,2284000,3,True,1788708315.5657902,
bind,nsec3,nonexistent.test-nsec3.example,cold,2011900,3,True,1788708315.5677128,
bind,nsec3,nonexistent.test-nsec3.example,cold,2357000,3,True,1788708315.5703743,
bind,nsec3,nonexistent.test-nsec3.example,cold,2207200,3,True,1788708315.5726492,
bind,nsec3,nonexistent.test-nsec3.example,cold,2133700,3,True,1788708315.574957,
bind,nsec3,nonexistent.test-nsec3.example,cold,2076600,3,True,1788708315.57719,
bind,nsec3,nonexistent.test-nsec3.example,cold,1931900,3,True,1788708315.5793023,
bind,nsec3,nonexistent.test-nsec3.example,cold,1646000,3,True,1788708315.5808885,
bind,nsec3,nonexistent.test-nsec3.example,cold,1840500,3,True,1788708315.5829875,
bind,nsec3,nonexistent.test-nsec3.example,cold,1678600,3,True,1788708315.584565,
bind,nsec3,nonexistent.test-nsec3.example,cold,1693200,3,True,1788708315.5861413,
bind,nsec3,nonexistent.test-nsec3.example,cold,1564400,3,True,1788708315.5882273,
bind,nsec3,nonexistent.test-nsec3.example,cold,1949800,3,True,1788708315.5899608,
bind,nsec3,nonexistent.test-nsec3.example,cold,2194800,3,True,1788708315.5921812,
bind,nsec3,nonexistent.test-nsec3.example,cold,2003900,3,True,1788708315.594453,
bind,nsec3,nonexistent.test-nsec3.example,cold,1732600,3,True,1788708315.5960145,
bind,nsec3,nonexistent.test-nsec3.example,cold,1705100,3,True,1788708315.598102,
bind,nsec3,nonexistent.test-nsec3.example,cold,1784300,3,True,1788708315.5996852,
bind,nsec3,nonexistent.test-nsec3.example,cold,1735100,3,True,1788708315.6013143,
bind,nsec3,nonexistent.test-nsec3.example,cold,1829600,3,True,1788708315.6034806,
bind,nsec3,nonexistent.test-nsec3.example,cold,1840400,3,True,1788708315.6051328,
bind,nsec3,nonexistent.test-nsec3.example,cold,1736100,3,True,1788708315.6073165,
bind,nsec3,nonexistent.test-nsec3.example,cold,1621700,3,True,1788708315.608879,
bind,nsec3,nonexistent.test-nsec3.example,cold,1638700,3,True,1788708315.6104772,
bind,nsec3,nonexistent.test-nsec3.example,cold,1619200,3,True,1788708315.6121485,
bind,nsec3,nonexistent.test-nsec3.example,cold,1736700,3,True,1788708315.6142876,
bind,nsec3,nonexistent.test-nsec3.example,cold,1773400,3,True,1788708315.6158564,
bind,nsec3,nonexistent.test-nsec3.example,cold,1773300,3,True,1788708315.6179655,
bind,nsec3,nonexistent.test-nsec3.example,cold,1677200,3,True,1788708315.6194856,
bind,nsec3,nonexistent.test-nsec3.example,cold,1984300,3,True,1788708315.6210225,
bind,nsec3,nonexistent.test-nsec3.example,cold,2068400,3,True,1788708315.6224942,
bind,nsec3,nonexistent.test-nsec3.example,cold,2103000,3,True,1788708315.6241996,
bind,nsec3,nonexistent.test-nsec3.example,cold,2051000,3,True,1788708315.6279423,
bind,nsec3,nonexistent.test-nsec3.example,cold,1990900,3,True,1788708315.6279423,
bind,nsec3,nonexistent.test-nsec3.example,cold,2307000,3,True,1788708315.630973,
bind,nsec3,nonexistent.test-nsec3.example,cold,1871000,3,True,1788708315.630973,
bind,nsec3,nonexistent.test-nsec3.example,cold,2006600,3,True,1788708315.636393,
bind,nsec3,nonexistent.test-nsec3.example,cold,2169900,3,True,1788708315.6390965,
bind,nsec3,nonexistent.test-nsec3.example,cold,1969900,3,True,1788708315.6412213,
bind,nsec3,nonexistent.test-nsec3.example,cold,1923900,3,True,1788708315.6428006,
bind,nsec3,nonexistent.test-nsec3.example,cold,1774700,3,True,1788708315.6448925,
bind,nsec3,nonexistent.test-nsec3.example,cold,1876800,3,True,1788708315.6469963,
bind,nsec3,nonexistent.test-nsec3.example,cold,1629100,3,True,1788708315.64855,
bind,nsec3,nonexistent.test-nsec3.example,cold,1739300,3,True,1788708315.6501226,
bind,nsec3,nonexistent.test-nsec3.example,cold,1746900,3,True,1788708315.6523314,
bind,nsec3,nonexistent.test-nsec3.example,cold,1670200,3,True,1788708315.6539054,
bind,nsec3,nonexistent.test-nsec3.example,cold,1635900,3,True,1788708315.6555026,
bind,nsec3,nonexistent.test-nsec3.example,cold,1603200,3,True,1788708315.657069,
bind,nsec3,nonexistent.test-nsec3.example,cold,1746500,3,True,1788708315.6591754,
bind,nsec3,nonexistent.test-nsec3.example,cold,1689600,3,True,1788708315.6608658,
bind,nsec3,nonexistent.test-nsec3.example,cold,1605000,3,True,1788708315.6624398,
bind,nsec3,nonexistent.test-nsec3.example,cold,1632400,3,True,1788708315.6645138,
bind,nsec3,nonexistent.test-nsec3.example,cold,1635100,3,True,1788708315.6660845,
bind,nsec3,nonexistent.test-nsec3.example,cold,2927900,3,True,1788708315.668687,
bind,nsec3,nonexistent.test-nsec3.example,cold,2329800,3,True,1788708315.671461,
bind,nsec3,nonexistent.test-nsec3.example,cold,2115800,3,True,1788708315.6736417,
bind,nsec3,nonexistent.test-nsec3.example,cold,2083700,3,True,1788708315.6758132,
bind,nsec3,nonexistent.test-nsec3.example,cold,1997200,3,True,1788708315.6776829,
bind,nsec3,nonexistent.test-nsec3.example,cold,1877200,3,True,1788708315.67976,
bind,nsec3,nonexistent.test-nsec3.example,cold,1603600,3,True,1788708315.6813748,
bind,nsec3,nonexistent.test-nsec3.example,cold,2258200,3,True,1788708315.6837015,
bind,nsec3,nonexistent.test-nsec3.example,cold,2151400,3,True,1788708315.6859314,
bind,nsec3,nonexistent.test-nsec3.example,cold,1922100,3,True,1788708315.6880589,
bind,nsec3,nonexistent.test-nsec3.example,cold,1951000,3,True,1788708315.689078,
bind,nsec3,nonexistent.test-nsec3.example,cold,1893800,3,True,1788708315.690553,
bind,nsec3,nonexistent.test-nsec3.example,cold,1646800,3,True,1788708315.6933174,
bind,nsec3,nonexistent.test-nsec3.example,cold,1608400,3,True,1788708315.6933174,
bind,nsec3,nonexistent.test-nsec3.example,cold,1859200,3,True,1788708315.6933174,
bind,nsec3,nonexistent.test-nsec3.example,cold,1989400,3,True,1788708315.6994483,
bind,nsec3,nonexistent.test-nsec3.example,cold,2051000,3,True,1788708315.6994483,
bind,nsec3,nonexistent.test-nsec3.example,cold,1739900,3,True,1788708315.6994483,
bind,nsec3,nonexistent.test-nsec3.example,cold,1722700,3,True,1788708315.7040682,
bind,nsec3,nonexistent.test-nsec3.example,cold,1570800,3,True,1788708315.7040682,
bind,nsec3,nonexistent.test-nsec3.example,cold,1539600,3,True,1788708315.7040682,
bind,nsec3,nonexistent.test-nsec3.example,cold,1689500,3,True,1788708315.7099853,
bind,nsec3,nonexistent.test-nsec3.example,cold,1633200,3,True,1788708315.7121055,
bind,nsec3,nonexistent.test-nsec3.example,cold,1696100,3,True,1788708315.713689,
bind,nsec3,nonexistent.test-nsec3.example,cold,2036000,3,True,1788708315.7160401,
bind,nsec3,nonexistent.test-nsec3.example,cold,1770500,3,True,1788708315.7176058,
bind,nsec3,nonexistent.test-nsec3.example,cold,1775300,3,True,1788708315.7197213,
bind,nsec3,nonexistent.test-nsec3.example,cold,1588800,3,True,1788708315.721274,
bind,nsec3,nonexistent.test-nsec3.example,cold,1937200,3,True,1788708315.7233613,
bind,nsec3,nonexistent.test-nsec3.example,cold,1758900,3,True,1788708315.724933,
bind,nsec3,nonexistent.test-nsec3.example,cold,1725400,3,True,1788708315.7265513,
bind,nsec3,nonexistent.test-nsec3.example,cold,1621700,3,True,1788708315.728682,
bind,nsec3,nonexistent.test-nsec3.example,cold,1899900,3,True,1788708315.7305079,
bind,nsec3,nonexistent.test-nsec3.example,cold,2598300,3,True,1788708315.7332873,
bind,nsec3,nonexistent.test-nsec3.example,cold,2079800,3,True,1788708315.7352662,
bind,nsec3,nonexistent.test-nsec3.example,cold,1996900,3,True,1788708315.7373536,
bind,nsec3,nonexistent.test-nsec3.example,cold,2004400,3,True,1788708315.739544,
bind,nsec3,nonexistent.test-nsec3.example,cold,2107400,3,True,1788708315.741655,
bind,nsec3,nonexistent.test-nsec3.example,cold,1659500,3,True,1788708315.7432196,
bind,nsec3,nonexistent.test-nsec3.example,cold,1752100,3,True,1788708315.745312,
bind,nsec3,nonexistent.test-nsec3.example,cold,1764600,3,True,1788708315.7469668,
bind,nsec3,nonexistent.test-nsec3.example,cold,1633100,3,True,1788708315.748611,
bind,nsec3,nonexistent.test-nsec3.example,cold,1846900,3,True,1788708315.7507753,
bind,nsec3,nonexistent.test-nsec3.example,cold,1757800,3,True,1788708315.75235,
bind,nsec3,nonexistent.test-nsec3.example,cold,1548500,3,True,1788708315.7539184,
bind,nsec3,nonexistent.test-nsec3.example,cold,1699500,3,True,1788708315.7560146,
bind,nsec3,nonexistent.test-nsec3.example,cold,1729000,3,True,1788708315.7575758,
bind,nsec3,nonexistent.test-nsec3.example,cold,1747800,3,True,1788708315.7596548,
bind,nsec3,nonexistent.test-nsec3.example,cold,2433600,3,True,1788708315.7620125,
bind,nsec3,nonexistent.test-nsec3.example,cold,1817400,3,True,1788708315.764149,
bind,nsec3,nonexistent.test-nsec3.example,cold,13304500,3,True,1788708315.7768183,
bind,nsec3,nonexistent.test-nsec3.example,cold,2474100,3,True,1788708315.779902,
bind,nsec3,nonexistent.test-nsec3.example,cold,2060000,3,True,1788708315.7820313,
bind,nsec3,nonexistent.test-nsec3.example,cold,2127800,3,True,1788708315.7842658,
bind,nsec3,nonexistent.test-nsec3.example,cold,2108000,3,True,1788708315.7864358,
bind,nsec3,nonexistent.test-nsec3.example,cold,1997000,3,True,1788708315.788539,
bind,nsec3,nonexistent.test-nsec3.example,cold,1588400,3,True,1788708315.7901394,
bind,nsec3,nonexistent.test-nsec3.example,cold,1721900,3,True,1788708315.7917154,
bind,nsec3,nonexistent.test-nsec3.example,cold,2073200,3,True,1788708315.7940485,
bind,nsec3,nonexistent.test-nsec3.example,cold,1765700,3,True,1788708315.7958899,
bind,nsec3,nonexistent.test-nsec3.example,cold,1680800,3,True,1788708315.7974524,
bind,nsec3,nonexistent.test-nsec3.example,cold,1921200,3,True,1788708315.7995539,
bind,nsec3,nonexistent.test-nsec3.example,cold,1672100,3,True,1788708315.8016346,
bind,nsec3,nonexistent.test-nsec3.example,cold,1782000,3,True,1788708315.8032346,
bind,nsec3,nonexistent.test-nsec3.example,cold,1739200,3,True,1788708315.8048546,
bind,nsec3,nonexistent.test-nsec3.example,cold,1939200,3,True,1788708315.806974,
bind,nsec3,nonexistent.test-nsec3.example,cold,2075300,3,True,1788708315.809171,
bind,nsec3,nonexistent.test-nsec3.example,cold,2267300,3,True,1788708315.811666,
bind,nsec3,nonexistent.test-nsec3.example,cold,1894300,3,True,1788708315.8133912,
bind,nsec3,nonexistent.test-nsec3.example,cold,1745900,3,True,1788708315.8154814,
bind,nsec3,nonexistent.test-nsec3.example,cold,1723600,3,True,1788708315.8170607,
bind,nsec3,nonexistent.test-nsec3.example,cold,1823300,3,True,1788708315.8191447,
bind,nsec3,nonexistent.test-nsec3.example,cold,1616400,3,True,1788708315.8207226,
bind,nsec3,nonexistent.test-nsec3.example,cold,1748300,3,True,1788708315.8222995,
bind,nsec3,nonexistent.test-nsec3.example,cold,1774700,3,True,1788708315.8244498,
bind,nsec3,nonexistent.test-nsec3.example,cold,1663200,3,True,1788708315.8260303,
bind,nsec3,nonexistent.test-nsec3.example,cold,1803700,3,True,1788708315.8281286,
bind,nsec3,nonexistent.test-nsec3.example,cold,1740900,3,True,1788708315.8296957,
bind,nsec3,nonexistent.test-nsec3.example,cold,1766200,3,True,1788708315.8317735,
bind,nsec3,nonexistent.test-nsec3.example,cold,1773200,3,True,1788708315.8334584,
bind,nsec3,nonexistent.test-nsec3.example,cold,1708700,3,True,1788708315.8355508,
bind,nsec3,nonexistent.test-nsec3.example,cold,1598200,3,True,1788708315.8371315,
bind,nsec3,nonexistent.test-nsec3.example,cold,2262600,3,True,1788708315.8394294,
bind,nsec3,nonexistent.test-nsec3.example,cold,2126400,3,True,1788708315.8413754,
bind,nsec3,nonexistent.test-nsec3.example,cold,2076900,3,True,1788708315.8434668,
bind,nsec3,nonexistent.test-nsec3.example,cold,2039800,3,True,1788708315.8455703,
bind,nsec3,nonexistent.test-nsec3.example,cold,2057100,3,True,1788708315.8482296,
bind,nsec3,nonexistent.test-nsec3.example,cold,1839100,3,True,1788708315.84979,
bind,nsec3,nonexistent.test-nsec3.example,cold,1632600,3,True,1788708315.8513477,
bind,nsec3,nonexistent.test-nsec3.example,cold,1814100,3,True,1788708315.8535895,
bind,nsec3,nonexistent.test-nsec3.example,cold,1877700,3,True,1788708315.855686,
bind,nsec3,nonexistent.test-nsec3.example,cold,1687400,3,True,1788708315.8572562,
bind,nsec3,nonexistent.test-nsec3.example,cold,1813500,3,True,1788708315.859345,
bind,nsec3,nonexistent.test-nsec3.example,cold,1639000,3,True,1788708315.860933,
bind,nsec3,nonexistent.test-nsec3.example,cold,1737000,3,True,1788708315.862515,
bind,nsec3,nonexistent.test-nsec3.example,cold,1706500,3,True,1788708315.8646176,
bind,nsec3,nonexistent.test-nsec3.example,cold,1807800,3,True,1788708315.866229,
bind,nsec3,nonexistent.test-nsec3.example,cold,1843800,3,True,1788708315.868303,
bind,nsec3,nonexistent.test-nsec3.example,cold,1828000,3,True,1788708315.8699791,
bind,nsec3,nonexistent.test-nsec3.example,cold,1651500,3,True,1788708315.8716102,
bind,nsec3,nonexistent.test-nsec3.example,cold,1686400,3,True,1788708315.8737009,
bind,nsec3,nonexistent.test-nsec3.example,cold,1622700,3,True,1788708315.8752735,
bind,nsec3,nonexistent.test-nsec3.example,cold,1600700,3,True,1788708315.8768349,
bind,nsec3,nonexistent.test-nsec3.example,cold,2038700,3,True,1788708315.8790543,
bind,nsec3,nonexistent.test-nsec3.example,cold,1687100,3,True,1788708315.880662,
bind,nsec3,nonexistent.test-nsec3.example,cold,1907000,3,True,1788708315.882813,
bind,nsec3,nonexistent.test-nsec3.example,cold,2163800,3,True,1788708315.884984,
bind,nsec3,nonexistent.test-nsec3.example,cold,2053500,3,True,1788708315.8871462,
bind,nsec3,nonexistent.test-nsec3.example,cold,2036300,3,True,1788708315.889417,
bind,nsec3,nonexistent.test-nsec3.example,cold,1875900,3,True,1788708315.8911493,
bind,nsec3,nonexistent.test-nsec3.example,cold,1926600,3,True,1788708315.8933015,
bind,nsec3,nonexistent.test-nsec3.example,cold,2187400,3,True,1788708315.8957496,
bind,nsec3,nonexistent.test-nsec3.example,cold,1674100,3,True,1788708315.8973918,
bind,nsec3,nonexistent.test-nsec3.example,cold,1793100,3,True,1788708315.8989573,
bind,nsec3,nonexistent.test-nsec3.example,cold,1801900,3,True,1788708315.9011679,
bind,nsec3,nonexistent.test-nsec3.example,cold,1738500,3,True,1788708315.902781,
bind,nsec3,nonexistent.test-nsec3.example,cold,1713700,3,True,1788708315.904421,
bind,nsec3,nonexistent.test-nsec3.example,cold,1654200,3,True,1788708315.9065087,
bind,nsec3,nonexistent.test-nsec3.example,cold,1701800,3,True,1788708315.9080899,
bind,nsec3,nonexistent.test-nsec3.example,cold,1738600,3,True,1788708315.9098513,
bind,nsec3,nonexistent.test-nsec3.example,cold,1625900,3,True,1788708315.9114473,
bind,nsec3,nonexistent.test-nsec3.example,cold,1763300,3,True,1788708315.9135418,
bind,nsec3,nonexistent.test-nsec3.example,cold,1721600,3,True,1788708315.915099,
bind,nsec3,nonexistent.test-nsec3.example,cold,2081300,3,True,1788708315.91743,
bind,nsec3,nonexistent.test-nsec3.example,cold,1875800,3,True,1788708315.9195373,
bind,nsec3,nonexistent.test-nsec3.example,cold,1698000,3,True,1788708315.921112,
bind,nsec3,nonexistent.test-nsec3.example,cold,1604100,3,True,1788708315.9229221,
bind,nsec3,nonexistent.test-nsec3.example,cold,1620300,3,True,1788708315.9246366,
bind,nsec3,nonexistent.test-nsec3.example,cold,1651800,3,True,1788708315.926225,
bind,nsec3,nonexistent.test-nsec3.example,cold,1706500,3,True,1788708315.9277954,
bind,nsec3,nonexistent.test-nsec3.example,cold,1761600,3,True,1788708315.9299102,
bind,nsec3,nonexistent.test-nsec3.example,cold,1628400,3,True,1788708315.9315991,
bind,nsec3,nonexistent.test-nsec3.example,cold,1755200,3,True,1788708315.9332445,
bind,nsec3,nonexistent.test-nsec3.example,cold,1801000,3,True,1788708315.9353838,
bind,nsec3,nonexistent.test-nsec3.example,cold,1732000,3,True,1788708315.9369404,
bind,nsec3,nonexistent.test-nsec3.example,cold,1750900,3,True,1788708315.9390314,
bind,nsec3,nonexistent.test-nsec3.example,cold,1561900,3,True,1788708315.9406214,
bind,nsec3,nonexistent.test-nsec3.example,cold,1710300,3,True,1788708315.9422007,
bind,nsec3,nonexistent.test-nsec3.example,cold,1791800,3,True,1788708315.9442897,
bind,nsec3,nonexistent.test-nsec3.example,cold,1774900,3,True,1788708315.9458754,
bind,nsec3,nonexistent.test-nsec3.example,cold,4850100,3,True,1788708315.9507496,
bind,nsec3,nonexistent.test-nsec3.example,cold,2348600,3,True,1788708315.9534903,
bind,nsec3,nonexistent.test-nsec3.example,cold,2118200,3,True,1788708315.955644,
bind,nsec3,nonexistent.test-nsec3.example,cold,3725500,3,True,1788708315.959509,
bind,nsec3,nonexistent.test-nsec3.example,cold,2322100,3,True,1788708315.9616365,
bind,nsec3,nonexistent.test-nsec3.example,cold,2027100,3,True,1788708315.9637153,
bind,nsec3,nonexistent.test-nsec3.example,cold,1715400,3,True,1788708315.965798,
bind,nsec3,nonexistent.test-nsec3.example,cold,1880700,3,True,1788708315.9678853,
bind,nsec3,nonexistent.test-nsec3.example,cold,1757000,3,True,1788708315.969455,
bind,nsec3,nonexistent.test-nsec3.example,cold,1731500,3,True,1788708315.9715605,
bind,nsec3,nonexistent.test-nsec3.example,cold,1755300,3,True,1788708315.9731445,
bind,nsec3,nonexistent.test-nsec3.example,cold,1827800,3,True,1788708315.9749203,
bind,nsec3,nonexistent.test-nsec3.example,cold,1912000,3,True,1788708315.9770722,
bind,nsec3,nonexistent.test-nsec3.example,cold,1845000,3,True,1788708315.979168,
bind,nsec3,nonexistent.test-nsec3.example,cold,1833300,3,True,1788708315.980793,
bind,nsec3,nonexistent.test-nsec3.example,cold,1666200,3,True,1788708315.9824011,
bind,nsec3,nonexistent.test-nsec3.example,cold,1787900,3,True,1788708315.9845173,
bind,nsec3,nonexistent.test-nsec3.example,cold,1580300,3,True,1788708315.9860752,
bind,nsec3,nonexistent.test-nsec3.example,cold,1577800,3,True,1788708315.9876244,
bind,nsec3,nonexistent.test-nsec3.example,cold,1581800,3,True,1788708315.9891474,
bind,nsec3,nonexistent.test-nsec3.example,cold,1569000,3,True,1788708315.9891474,
bind,nsec3,nonexistent.test-nsec3.example,cold,2079900,3,True,1788708315.9929426,
bind,nsec3,nonexistent.test-nsec3.example,cold,2203500,3,True,1788708315.9945261,
bind,nsec3,nonexistent.test-nsec3.example,cold,2005600,3,True,1788708315.9974875,
bind,nsec3,nonexistent.test-nsec3.example,cold,2148600,3,True,1788708315.9998417,
bind,nsec3,nonexistent.test-nsec3.example,cold,2239400,3,True,1788708316.0020425,
bind,nsec3,nonexistent.test-nsec3.example,cold,3721300,3,True,1788708316.005748,
bind,nsec3,nonexistent.test-nsec3.example,cold,2628700,3,True,1788708316.0085096,
bind,nsec3,nonexistent.test-nsec3.example,cold,2027400,3,True,1788708316.0106654,
bind,nsec3,nonexistent.test-nsec3.example,cold,1957100,3,True,1788708316.0127516,
bind,nsec3,nonexistent.test-nsec3.example,cold,1784800,3,True,1788708316.0143137,
bind,nsec3,nonexistent.test-nsec3.example,cold,2126300,3,True,1788708316.0166276,
bind,nsec3,nonexistent.test-nsec3.example,cold,1811400,3,True,1788708316.0187607,
bind,nsec3,nonexistent.test-nsec3.example,cold,1796700,3,True,1788708316.020513,
bind,nsec3,nonexistent.test-nsec3.example,cold,1757300,3,True,1788708316.02261,
bind,nsec3,nonexistent.test-nsec3.example,cold,2103200,3,True,1788708316.0248215,
bind,nsec3,nonexistent.test-nsec3.example,cold,2544900,3,True,1788708316.0275185,
bind,nsec3,nonexistent.test-nsec3.example,cold,2093600,3,True,1788708316.0297177,
bind,nsec3,nonexistent.test-nsec3.example,cold,2132900,3,True,1788708316.0318313,
bind,nsec3,nonexistent.test-nsec3.example,cold,2179000,3,True,1788708316.033951,
bind,nsec3,nonexistent.test-nsec3.example,cold,1651800,3,True,1788708316.0355115,
bind,nsec3,nonexistent.test-nsec3.example,cold,1672500,3,True,1788708316.037598,
bind,nsec3,nonexistent.test-nsec3.example,cold,1750000,3,True,1788708316.0392475,
bind,nsec3,nonexistent.test-nsec3.example,cold,1639700,3,True,1788708316.0408099,
bind,nsec3,nonexistent.test-nsec3.example,cold,1546900,3,True,1788708316.0424242,
bind,nsec3,nonexistent.test-nsec3.example,cold,1713300,3,True,1788708316.0445116,
bind,nsec3,nonexistent.test-nsec3.example,cold,1683400,3,True,1788708316.0460782,
bind,nsec3,nonexistent.test-nsec3.example,cold,1563300,3,True,1788708316.0476518,
bind,nsec3,nonexistent.test-nsec3.example,cold,1833800,3,True,1788708316.0497522,
bind,nsec3,nonexistent.test-nsec3.example,cold,1723900,3,True,1788708316.051358,
bind,nsec3,nonexistent.test-nsec3.example,cold,1647100,3,True,1788708316.052944,
bind,nsec3,nonexistent.test-nsec3.example,cold,2181300,3,True,1788708316.0553422,
bind,nsec3,nonexistent.test-nsec3.example,cold,2449200,3,True,1788708316.0576615,
bind,nsec3,nonexistent.test-nsec3.example,cold,2303600,3,True,1788708316.0603018,
bind,nsec3,nonexistent.test-nsec3.example,cold,1927300,3,True,1788708316.062528,
bind,nsec3,nonexistent.test-nsec3.example,cold,2079000,3,True,1788708316.064202,
bind,nsec3,nonexistent.test-nsec3.example,cold,1847600,3,True,1788708316.0663924,
bind,nsec3,nonexistent.test-nsec3.example,cold,1559100,3,True,1788708316.0679793,
bind,nsec3,nonexistent.test-nsec3.example,cold,1721600,3,True,1788708316.0695844,
bind,nsec3,nonexistent.test-nsec3.example,cold,1711300,3,True,1788708316.0717168,
bind,nsec3,nonexistent.test-nsec3.example,cold,1707900,3,True,1788708316.0732775,
bind,nsec3,nonexistent.test-nsec3.example,cold,1659200,3,True,1788708316.074919,
bind,nsec3,nonexistent.test-nsec3.example,cold,1695200,3,True,1788708316.0770035,
bind,nsec3,nonexistent.test-nsec3.example,cold,1743000,3,True,1788708316.0785754,
bind,nsec3,nonexistent.test-nsec3.example,cold,1864700,3,True,1788708316.0807598,
bind,nsec3,nonexistent.test-nsec3.example,cold,1833100,3,True,1788708316.082324,
bind,nsec3,nonexistent.test-nsec3.example,cold,2255500,3,True,1788708316.084627,
bind,nsec3,nonexistent.test-nsec3.example,cold,1998000,3,True,1788708316.0867918,
bind,nsec3,nonexistent.test-nsec3.example,cold,1767400,3,True,1788708316.0889044,
bind,nsec3,nonexistent.test-nsec3.example,cold,1732300,3,True,1788708316.090469,
bind,nsec3,nonexistent.test-nsec3.example,cold,1713200,3,True,1788708316.0922868,
bind,nsec3,nonexistent.test-nsec3.example,cold,1681900,3,True,1788708316.0938652,
bind,nsec3,nonexistent.test-nsec3.example,cold,1754400,3,True,1788708316.095946,
bind,nsec3,nonexistent.test-nsec3.example,cold,1733500,3,True,1788708316.0975218,
bind,nsec3,nonexistent.test-nsec3.example,cold,1795300,3,True,1788708316.09962,
bind,nsec3,nonexistent.test-nsec3.example,cold,2112100,3,True,1788708316.101896,
bind,nsec3,nonexistent.test-nsec3.example,cold,2210600,3,True,1788708316.104218,
bind,nsec3,nonexistent.test-nsec3.example,cold,1976100,3,True,1788708316.1063292,
bind,nsec3,nonexistent.test-nsec3.example,cold,2139200,3,True,1788708316.1084287,
bind,nsec3,nonexistent.test-nsec3.example,cold,1776200,3,True,1788708316.1099794,
bind,nsec3,nonexistent.test-nsec3.example,cold,1723000,3,True,1788708316.1120756,
bind,nsec3,nonexistent.test-nsec3.example,cold,1752400,3,True,1788708316.1136389,
bind,nsec3,nonexistent.test-nsec3.example,cold,1926200,3,True,1788708316.1157393,
bind,nsec3,nonexistent.test-nsec3.example,cold,1945100,3,True,1788708316.1179702,
bind,nsec3,nonexistent.test-nsec3.example,cold,1737400,3,True,1788708316.119536,
bind,nsec3,nonexistent.test-nsec3.example,cold,1707800,3,True,1788708316.1216252,
bind,nsec3,nonexistent.test-nsec3.example,cold,1729900,3,True,1788708316.1232133,
bind,nsec3,nonexistent.test-nsec3.example,cold,1657100,3,True,1788708316.124792,
bind,nsec3,nonexistent.test-nsec3.example,cold,1715100,3,True,1788708316.126896,
bind,nsec3,nonexistent.test-nsec3.example,cold,1666500,3,True,1788708316.1284595,
bind,nsec3,nonexistent.test-nsec3.example,cold,2074700,3,True,1788708316.13065,
bind,nsec3,nonexistent.test-nsec3.example,cold,2378000,3,True,1788708316.133174,
bind,nsec3,nonexistent.test-nsec3.example,cold,2644000,3,True,1788708316.1359105,
bind,nsec3,nonexistent.test-nsec3.example,cold,1925100,3,True,1788708316.1376283,
bind,nsec3,nonexistent.test-nsec3.example,cold,1835500,3,True,1788708316.1397605,
bind,nsec3,nonexistent.test-nsec3.example,cold,1538300,3,True,1788708316.1413336,
bind,nsec3,nonexistent.test-nsec3.example,cold,1644000,3,True,1788708316.1429303,
bind,nsec3,nonexistent.test-nsec3.example,cold,1622700,3,True,1788708316.1444912,
bind,nsec3,nonexistent.test-nsec3.example,cold,1562500,3,True,1788708316.1465821,
bind,nsec3,nonexistent.test-nsec3.example,cold,1666200,3,True,1788708316.1482663,
bind,nsec3,nonexistent.test-nsec3.example,cold,1701200,3,True,1788708316.1498423,
bind,nsec3,nonexistent.test-nsec3.example,cold,1644500,3,True,1788708316.1514125,
bind,nsec3,nonexistent.test-nsec3.example,cold,1809200,3,True,1788708316.1535344,
bind,nsec3,nonexistent.test-nsec3.example,cold,1708000,3,True,1788708316.155126,
bind,nsec3,nonexistent.test-nsec3.example,cold,1732500,3,True,1788708316.1572182,
bind,nsec3,nonexistent.test-nsec3.example,cold,1826500,3,True,1788708316.1587853,
bind,nsec3,nonexistent.test-nsec3.example,cold,1759300,3,True,1788708316.1608593,
bind,nsec3,nonexistent.test-nsec3.example,cold,2108700,3,True,1788708316.1631634,
bind,nsec3,nonexistent.test-nsec3.example,cold,2132800,3,True,1788708316.1651344,
bind,nsec3,nonexistent.test-nsec3.example,cold,2071700,3,True,1788708316.1677241,
bind,nsec3,nonexistent.test-nsec3.example,cold,1908400,3,True,1788708316.1693075,
bind,nsec3,nonexistent.test-nsec3.example,cold,2084800,3,True,1788708316.1714828,
bind,nsec3,nonexistent.test-nsec3.example,cold,2055400,3,True,1788708316.173576,
bind,nsec3,nonexistent.test-nsec3.example,cold,1568200,3,True,1788708316.1751492,
bind,nsec3,nonexistent.test-nsec3.example,cold,1543200,3,True,1788708316.1772346,
bind,nsec3,nonexistent.test-nsec3.example,cold,1900700,3,True,1788708316.179051,
bind,nsec3,nonexistent.test-nsec3.example,cold,1685200,3,True,1788708316.180641,
bind,nsec3,nonexistent.test-nsec3.example,cold,1821100,3,True,1788708316.1827357,
bind,nsec3,nonexistent.test-nsec3.example,cold,1775200,3,True,1788708316.184494,
bind,nsec3,nonexistent.test-nsec3.example,cold,2049200,3,True,1788708316.1868012,
bind,nsec3,nonexistent.test-nsec3.example,cold,1748400,3,True,1788708316.1883686,
bind,nsec3,nonexistent.test-nsec3.example,cold,1628100,3,True,1788708316.1900089,
bind,nsec3,nonexistent.test-nsec3.example,cold,1752600,3,True,1788708316.1921105,
bind,nsec3,nonexistent.test-nsec3.example,cold,1751000,3,True,1788708316.193738,
bind,nsec3,nonexistent.test-nsec3.example,cold,1748700,3,True,1788708316.1953433,
bind,nsec3,nonexistent.test-nsec3.example,cold,1699600,3,True,1788708316.1974368,
bind,nsec3,nonexistent.test-nsec3.example,cold,1741800,3,True,1788708316.1990004,
bind,nsec3,nonexistent.test-nsec3.example,cold,1752100,3,True,1788708316.2010996,
bind,nsec3,nonexistent.test-nsec3.example,cold,1684700,3,True,1788708316.202673,
bind,nsec3,nonexistent.test-nsec3.example,cold,1952800,3,True,1788708316.2047532,
bind,nsec3,nonexistent.test-nsec3.example,cold,1831000,3,True,1788708316.2068439,
bind,nsec3,nonexistent.test-nsec3.example,cold,2258000,3,True,1788708316.2093318,
bind,nsec3,nonexistent.test-nsec3.example,cold,2693300,3,True,1788708316.21171,
bind,nsec3,nonexistent.test-nsec3.example,cold,2270000,3,True,1788708316.2143478,
bind,nsec3,nonexistent.test-nsec3.example,cold,2121700,3,True,1788708316.2165427,
bind,nsec3,nonexistent.test-nsec3.example,cold,2183700,3,True,1788708316.218815,
bind,nsec3,nonexistent.test-nsec3.example,cold,1737500,3,True,1788708316.2205882,
bind,nsec3,nonexistent.test-nsec3.example,cold,1524400,3,True,1788708316.2221642,
bind,nsec3,nonexistent.test-nsec3.example,cold,1802200,3,True,1788708316.2243018,
bind,nsec3,nonexistent.test-nsec3.example,cold,1686700,3,True,1788708316.2258956,
bind,nsec3,nonexistent.test-nsec3.example,cold,1857000,3,True,1788708316.227985,
bind,nsec3,nonexistent.test-nsec3.example,cold,1770600,3,True,1788708316.2295783,
bind,nsec3,nonexistent.test-nsec3.example,cold,1775500,3,True,1788708316.2317355,
bind,nsec3,nonexistent.test-nsec3.example,cold,1817600,3,True,1788708316.2333348,
bind,nsec3,nonexistent.test-nsec3.example,cold,1676800,3,True,1788708316.2350383,
bind,nsec3,nonexistent.test-nsec3.example,cold,1661700,3,True,1788708316.2369187,
bind,nsec3,nonexistent.test-nsec3.example,cold,1796500,3,True,1788708316.2384865,
bind,nsec3,nonexistent.test-nsec3.example,cold,2001800,3,True,1788708316.2407525,
bind,nsec3,nonexistent.test-nsec3.example,cold,1663200,3,True,1788708316.2425315,
bind,nsec3,nonexistent.test-nsec3.example,cold,1589600,3,True,1788708316.24411,
bind,nsec3,nonexistent.test-nsec3.example,cold,1696500,3,True,1788708316.2462018,
bind,nsec3,nonexistent.test-nsec3.example,cold,1603400,3,True,1788708316.247772,
bind,nsec3,nonexistent.test-nsec3.example,cold,1780800,3,True,1788708316.2493348,
bind,nsec3,nonexistent.test-nsec3.example,cold,1804400,3,True,1788708316.2514076,
bind,nsec3,nonexistent.test-nsec3.example,cold,1748600,3,True,1788708316.252979,
bind,nsec3,nonexistent.test-nsec3.example,cold,2122500,3,True,1788708316.2553968,
bind,nsec3,nonexistent.test-nsec3.example,cold,1685200,3,True,1788708316.2569733,
bind,nsec3,nonexistent.test-nsec3.example,cold,1599100,3,True,1788708316.2586038,
bind,nsec3,nonexistent.test-nsec3.example,cold,1574200,3,True,1788708316.2603028,
bind,nsec3,nonexistent.test-nsec3.example,cold,1567700,3,True,1788708316.2618666,
bind,nsec3,nonexistent.test-nsec3.example,cold,1681000,3,True,1788708316.2640047,
bind,nsec3,nonexistent.test-nsec3.example,cold,1558900,3,True,1788708316.2655504,
bind,nsec3,nonexistent.test-nsec3.example,cold,1743300,3,True,1788708316.2671554,
bind,nsec3,nonexistent.test-nsec3.example,cold,1748800,3,True,1788708316.2692552,
bind,nsec3,nonexistent.test-nsec3.example,cold,2344700,3,True,1788708316.2717223,
bind,nsec3,nonexistent.test-nsec3.example,cold,2413000,3,True,1788708316.273887,
bind,nsec3,nonexistent.test-nsec3.example,cold,2117500,3,True,1788708316.2764952,
bind,nsec3,nonexistent.test-nsec3.example,cold,1937100,3,True,1788708316.2781072,
bind,nsec3,nonexistent.test-nsec3.example,cold,2100900,3,True,1788708316.280718,
bind,nsec3,nonexistent.test-nsec3.example,cold,1731800,3,True,1788708316.2822897,
bind,nsec3,nonexistent.test-nsec3.example,cold,1604600,3,True,1788708316.2838614,
bind,nsec3,nonexistent.test-nsec3.example,cold,1786900,3,True,1788708316.286008,
bind,nsec3,nonexistent.test-nsec3.example,cold,1872500,3,True,1788708316.2875786,
bind,nsec3,nonexistent.test-nsec3.example,cold,1755000,3,True,1788708316.2896664,
bind,nsec3,nonexistent.test-nsec3.example,cold,1768600,3,True,1788708316.2912502,
bind,nsec3,nonexistent.test-nsec3.example,cold,1793600,3,True,1788708316.2933815,
bind,nsec3,nonexistent.test-nsec3.example,cold,1831900,3,True,1788708316.294953,
bind,nsec3,nonexistent.test-nsec3.example,cold,1758500,3,True,1788708316.297136,
bind,nsec3,nonexistent.test-nsec3.example,cold,1859200,3,True,1788708316.2987034,
bind,nsec3,nonexistent.test-nsec3.example,cold,1897600,3,True,1788708316.3008914,
bind,nsec3,nonexistent.test-nsec3.example,cold,1822200,3,True,1788708316.3030188,
bind,nsec3,nonexistent.test-nsec3.example,cold,1738600,3,True,1788708316.3045986,
bind,nsec3,nonexistent.test-nsec3.example,cold,1675200,3,True,1788708316.3061535,
bind,nsec3,nonexistent.test-nsec3.example,cold,1614400,3,True,1788708316.3082678,
bind,nsec3,nonexistent.test-nsec3.example,cold,1722700,3,True,1788708316.309839,
bind,nsec3,nonexistent.test-nsec3.example,cold,1636100,3,True,1788708316.3114123,
bind,nsec3,nonexistent.test-nsec3.example,cold,1610200,3,True,1788708316.3135135,
bind,nsec3,nonexistent.test-nsec3.example,cold,1584500,3,True,1788708316.3151126,
bind,nsec3,nonexistent.test-nsec3.example,cold,2361200,3,True,1788708316.3174942,
bind,nsec3,nonexistent.test-nsec3.example,cold,2253600,3,True,1788708316.3199575,
bind,nsec3,nonexistent.test-nsec3.example,cold,2659100,3,True,1788708316.322348,
bind,nsec3,nonexistent.test-nsec3.example,cold,1814000,3,True,1788708316.324463,
bind,nsec3,nonexistent.test-nsec3.example,cold,1995900,3,True,1788708316.3265994,
bind,nsec3,nonexistent.test-nsec3.example,cold,1722200,3,True,1788708316.328182,
bind,nsec3,nonexistent.test-nsec3.example,cold,1626900,3,True,1788708316.329759,
bind,nsec3,nonexistent.test-nsec3.example,cold,1808200,3,True,1788708316.331955,
bind,nsec3,nonexistent.test-nsec3.example,cold,1717200,3,True,1788708316.333524,
bind,nsec3,nonexistent.test-nsec3.example,cold,1654800,3,True,1788708316.3351393,
bind,nsec3,nonexistent.test-nsec3.example,cold,1776200,3,True,1788708316.3372386,
bind,nsec3,nonexistent.test-nsec3.example,cold,1749000,3,True,1788708316.338807,
bind,nsec3,nonexistent.test-nsec3.example,cold,1711300,3,True,1788708316.340896,
bind,nsec3,nonexistent.test-nsec3.example,cold,1661800,3,True,1788708316.3425584,
bind,nsec3,nonexistent.test-nsec3.example,cold,2039200,3,True,1788708316.3446693,
bind,nsec3,nonexistent.test-nsec3.example,cold,1946000,3,True,1788708316.3462436,
bind,nsec3,nonexistent.test-nsec3.example,cold,2067400,3,True,1788708316.3485792,
bind,nsec3,nonexistent.test-nsec3.example,cold,1843300,3,True,1788708316.3506815,
bind,nsec3,nonexistent.test-nsec3.example,cold,1684800,3,True,1788708316.3523762,
bind,nsec3,nonexistent.test-nsec3.example,cold,1733000,3,True,1788708316.3544834,
bind,nsec3,nonexistent.test-nsec3.example,cold,1711900,3,True,1788708316.3561146,
bind,nsec3,nonexistent.test-nsec3.example,cold,1587900,3,True,1788708316.3576853,
bind,nsec3,nonexistent.test-nsec3.example,cold,1711200,3,True,1788708316.359518,
bind,nsec3,nonexistent.test-nsec3.example,cold,1672600,3,True,1788708316.3611202,
bind,nsec3,nonexistent.test-nsec3.example,cold,1757700,3,True,1788708316.3629894,
bind,nsec3,nonexistent.test-nsec3.example,cold,1686000,3,True,1788708316.3650813,
bind,nsec3,nonexistent.test-nsec3.example,cold,1976200,3,True,1788708316.3666563,
bind,nsec3,nonexistent.test-nsec3.example,cold,1805100,3,True,1788708316.3687766,
bind,nsec3,nonexistent.test-nsec3.example,cold,1711400,3,True,1788708316.3703647,
bind,nsec3,nonexistent.test-nsec3.example,cold,1750600,3,True,1788708316.37248,
bind,nsec3,nonexistent.test-nsec3.example,cold,1698600,3,True,1788708316.3740544,
bind,nsec3,nonexistent.test-nsec3.example,cold,1663400,3,True,1788708316.3761623,
bind,nsec3,nonexistent.test-nsec3.example,cold,1669800,3,True,1788708316.3777614,
bind,nsec3,nonexistent.test-nsec3.example,cold,2361700,3,True,1788708316.3801348,
bind,nsec3,nonexistent.test-nsec3.example,cold,2436600,3,True,1788708316.38286,
bind,nsec3,nonexistent.test-nsec3.example,cold,2209000,3,True,1788708316.3849664,
bind,nsec3,nonexistent.test-nsec3.example,cold,2228200,3,True,1788708316.3870988,
bind,nsec3,nonexistent.test-nsec3.example,cold,2051200,3,True,1788708316.3891873,
bind,nsec3,nonexistent.test-nsec3.example,cold,2165600,3,True,1788708316.3914497,
bind,nsec3,nonexistent.test-nsec3.example,cold,2732100,3,True,1788708316.3942673,
bind,nsec3,nonexistent.test-nsec3.example,cold,2183000,3,True,1788708316.3969035,
bind,nsec3,nonexistent.test-nsec3.example,cold,1922400,3,True,1788708316.398488,
bind,nsec3,nonexistent.test-nsec3.example,cold,1728500,3,True,1788708316.4006743,
bind,nsec3,nonexistent.test-nsec3.example,cold,1767900,3,True,1788708316.4022448,
bind,nsec3,nonexistent.test-nsec3.example,cold,1713600,3,True,1788708316.4043481,
bind,nsec3,nonexistent.test-nsec3.example,cold,1731100,3,True,1788708316.4060695,
bind,nsec3,nonexistent.test-nsec3.example,cold,1731700,3,True,1788708316.4076755,
bind,nsec3,nonexistent.test-nsec3.example,cold,1712300,3,True,1788708316.4098313,
bind,nsec3,nonexistent.test-nsec3.example,cold,1835100,3,True,1788708316.411405,
bind,nsec3,nonexistent.test-nsec3.example,cold,1694700,3,True,1788708316.413515,
bind,nsec3,nonexistent.test-nsec3.example,cold,6254700,3,True,1788708316.4197814,
bind,nsec3,nonexistent.test-nsec3.example,cold,3266900,3,True,1788708316.4229774,
bind,nsec3,nonexistent.test-nsec3.example,cold,2588600,3,True,1788708316.4258275,
bind,nsec3,nonexistent.test-nsec3.example,cold,2418000,3,True,1788708316.42794,
bind,nsec3,nonexistent.test-nsec3.example,cold,1969600,3,True,1788708316.4300716,
bind,nsec3,nonexistent.test-nsec3.example,cold,2017700,3,True,1788708316.43222,
bind,nsec3,nonexistent.test-nsec3.example,cold,1983400,3,True,1788708316.4344072,
bind,nsec3,nonexistent.test-nsec3.example,cold,1801800,3,True,1788708316.436039,
bind,nsec3,nonexistent.test-nsec3.example,cold,3189300,3,True,1788708316.439281,
bind,nsec3,nonexistent.test-nsec3.example,cold,3810700,3,True,1788708316.4433475,
bind,nsec3,nonexistent.test-nsec3.example,cold,1777000,3,True,1788708316.4451795,
bind,nsec3,nonexistent.test-nsec3.example,cold,2316800,3,True,1788708316.447801,
bind,nsec3,nonexistent.test-nsec3.example,cold,1934100,3,True,1788708316.4494689,
bind,nsec3,nonexistent.test-nsec3.example,cold,1915000,3,True,1788708316.4515398,
bind,nsec3,nonexistent.test-nsec3.example,cold,1947900,3,True,1788708316.4536383,
bind,nsec3,nonexistent.test-nsec3.example,cold,2738100,3,True,1788708316.4566052,
bind,nsec3,nonexistent.test-nsec3.example,cold,2096100,3,True,1788708316.4587748,
bind,nsec3,nonexistent.test-nsec3.example,cold,2206300,3,True,1788708316.4609125,
bind,nsec3,nonexistent.test-nsec3.example,cold,1807000,3,True,1788708316.4630058,
bind,nsec3,nonexistent.test-nsec3.example,cold,1786800,3,True,1788708316.4646208,
bind,nsec3,nonexistent.test-nsec3.example,cold,1805200,3,True,1788708316.4667048,
bind,nsec3,nonexistent.test-nsec3.example,cold,2081600,3,True,1788708316.468951,
bind,nsec3,nonexistent.test-nsec3.example,cold,1722800,3,True,1788708316.4707243,
bind,nsec3,nonexistent.test-nsec3.example,cold,1765600,3,True,1788708316.4728363,
bind,nsec3,nonexistent.test-nsec3.example,cold,2183400,3,True,1788708316.4750705,
bind,nsec3,nonexistent.test-nsec3.example,cold,1864000,3,True,1788708316.4767506,
bind,nsec3,nonexistent.test-nsec3.example,cold,1736500,3,True,1788708316.478844,
bind,nsec3,nonexistent.test-nsec3.example,cold,1668800,3,True,1788708316.4804044,
bind,nsec3,nonexistent.test-nsec3.example,cold,2608600,3,True,1788708316.4831862,
bind,nsec3,nonexistent.test-nsec3.example,cold,2159400,3,True,1788708316.4853842,
bind,nsec3,nonexistent.test-nsec3.example,cold,2284700,3,True,1788708316.487967,
bind,nsec3,nonexistent.test-nsec3.example,cold,2179500,3,True,1788708316.489765,
bind,nsec3,nonexistent.test-nsec3.example,cold,1974100,3,True,1788708316.4918406,
bind,nsec3,nonexistent.test-nsec3.example,cold,2285500,3,True,1788708316.4941235,
bind,nsec3,nonexistent.test-nsec3.example,cold,1952700,3,True,1788708316.4964068,
bind,nsec3,nonexistent.test-nsec3.example,cold,1663500,3,True,1788708316.497963,
bind,nsec3,nonexistent.test-nsec3.example,cold,1801800,3,True,1788708316.500134,
bind,nsec3,nonexistent.test-nsec3.example,cold,2341300,3,True,1788708316.502325,
bind,nsec3,nonexistent.test-nsec3.example,cold,1852300,3,True,1788708316.5044572,
bind,nsec3,nonexistent.test-nsec3.example,cold,1762000,3,True,1788708316.5061448,
bind,nsec3,nonexistent.test-nsec3.example,cold,2425600,3,True,1788708316.508449,
bind,nsec3,nonexistent.test-nsec3.example,cold,1902900,3,True,1788708316.5106514,
bind,nsec3,nonexistent.test-nsec3.example,cold,1741400,3,True,1788708316.5122817,
bind,nsec3,nonexistent.test-nsec3.example,cold,1748400,3,True,1788708316.5143905,
bind,nsec3,nonexistent.test-nsec3.example,cold,2560200,3,True,1788708316.5167246,
bind,nsec3,nonexistent.test-nsec3.example,cold,1953500,3,True,1788708316.518811,
bind,nsec3,nonexistent.test-nsec3.example,cold,1736800,3,True,1788708316.520895,
bind,nsec3,nonexistent.test-nsec3.example,cold,2430600,3,True,1788708316.5231311,
bind,nsec3,nonexistent.test-nsec3.example,cold,1768900,3,True,1788708316.5252404,
bind,nsec3,nonexistent.test-nsec3.example,cold,1799300,3,True,1788708316.5269394,
bind,nsec3,nonexistent.test-nsec3.example,cold,2188900,3,True,1788708316.5290682,
bind,nsec3,nonexistent.test-nsec3.example,cold,2490900,3,True,1788708316.5319698,
bind,nsec3,nonexistent.test-nsec3.example,cold,2374000,3,True,1788708316.5341923,
bind,nsec3,nonexistent.test-nsec3.example,cold,2665700,3,True,1788708316.536766,
bind,nsec3,nonexistent.test-nsec3.example,cold,2208200,3,True,1788708316.5394683,
bind,nsec3,nonexistent.test-nsec3.example,cold,2097700,3,True,1788708316.5416028,
bind,nsec3,nonexistent.test-nsec3.example,cold,2293700,3,True,1788708316.544059,
bind,nsec3,nonexistent.test-nsec3.example,cold,1686500,3,True,1788708316.545625,
bind,nsec3,nonexistent.test-nsec3.example,cold,1680000,3,True,1788708316.5468748,
bind,nsec3,nonexistent.test-nsec3.example,cold,2260300,3,True,1788708316.5494325,
bind,nsec3,nonexistent.test-nsec3.example,cold,1797700,3,True,1788708316.5494325,
bind,nsec3,nonexistent.test-nsec3.example,cold,1634900,3,True,1788708316.5521078,
bind,nsec3,nonexistent.test-nsec3.example,cold,1751500,3,True,1788708316.5521078,
bind,nsec3,nonexistent.test-nsec3.example,cold,2315900,3,True,1788708316.5576186,
bind,nsec3,nonexistent.test-nsec3.example,cold,1758600,3,True,1788708316.5576186,
bind,nsec3,nonexistent.test-nsec3.example,cold,1642000,3,True,1788708316.560047,
bind,nsec3,nonexistent.test-nsec3.example,cold,2763700,3,True,1788708316.5639772,
bind,nsec3,nonexistent.test-nsec3.example,cold,2382700,3,True,1788708316.56462,
bind,nsec3,nonexistent.test-nsec3.example,cold,1799700,3,True,1788708316.5681782,
bind,nsec3,nonexistent.test-nsec3.example,cold,2202300,3,True,1788708316.5701814,
bind,nsec3,nonexistent.test-nsec3.example,cold,1722500,3,True,1788708316.5723913,
bind,nsec3,nonexistent.test-nsec3.example,cold,1739500,3,True,1788708316.5740795,
bind,nsec3,nonexistent.test-nsec3.example,cold,1760400,3,True,1788708316.5756881,
bind,nsec3,nonexistent.test-nsec3.example,cold,2960200,3,True,1788708316.5787437,
bind,nsec3,nonexistent.test-nsec3.example,cold,2138800,3,True,1788708316.5814145,
bind,nsec3,nonexistent.test-nsec3.example,cold,2687900,3,True,1788708316.5835817,
bind,nsec3,nonexistent.test-nsec3.example,cold,2161200,3,True,1788708316.586472,
bind,nsec3,nonexistent.test-nsec3.example,cold,1848800,3,True,1788708316.5880291,
bind,nsec3,nonexistent.test-nsec3.example,cold,1769100,3,True,1788708316.5901258,
bind,nsec3,nonexistent.test-nsec3.example,cold,1929500,3,True,1788708316.5918586,
bind,nsec3,nonexistent.test-nsec3.example,cold,3774900,3,True,1788708316.596035,
bind,nsec3,nonexistent.test-nsec3.example,cold,2861100,3,True,1788708316.59879,
bind,nsec3,nonexistent.test-nsec3.example,cold,2044200,3,True,1788708316.6009011,
bind,nsec3,nonexistent.test-nsec3.example,cold,2121100,3,True,1788708316.6030993,
bind,nsec3,nonexistent.test-nsec3.example,cold,2258000,3,True,1788708316.6054332,
bind,nsec3,nonexistent.test-nsec3.example,cold,1712800,3,True,1788708316.6070015,
bind,nsec3,nonexistent.test-nsec3.example,cold,1930500,3,True,1788708316.6093607,
bind,nsec3,nonexistent.test-nsec3.example,cold,2340000,3,True,1788708316.6112115,
bind,nsec3,nonexistent.test-nsec3.example,cold,2331200,3,True,1788708316.614318,
bind,nsec3,nonexistent.test-nsec3.example,cold,2411400,3,True,1788708316.6164672,
bind,nsec3,nonexistent.test-nsec3.example,cold,2354200,3,True,1788708316.6190727,
bind,nsec3,nonexistent.test-nsec3.example,cold,1821500,3,True,1788708316.6212037,
bind,nsec3,nonexistent.test-nsec3.example,cold,1865700,3,True,1788708316.6227722,
bind,nsec3,nonexistent.test-nsec3.example,cold,1790400,3,True,1788708316.624926,
bind,nsec3,nonexistent.test-nsec3.example,cold,1800000,3,True,1788708316.6266608,
bind,nsec3,nonexistent.test-nsec3.example,cold,1762500,3,True,1788708316.6287434,
bind,nsec3,nonexistent.test-nsec3.example,cold,1697200,3,True,1788708316.6303878,
bind,nsec3,nonexistent.test-nsec3.example,cold,1927200,3,True,1788708316.6325016,
bind,nsec3,nonexistent.test-nsec3.example,cold,1697400,3,True,1788708316.6340516,
bind,nsec3,nonexistent.test-nsec3.example,cold,1764500,3,True,1788708316.6356878,
bind,nsec3,nonexistent.test-nsec3.example,cold,1591200,3,True,1788708316.6378076,
bind,nsec3,nonexistent.test-nsec3.example,cold,2512700,3,True,1788708316.640419,
bind,nsec3,nonexistent.test-nsec3.example,cold,2327000,3,True,1788708316.642621,
bind,nsec3,nonexistent.test-nsec3.example,cold,2239400,3,True,1788708316.644803,
bind,nsec3,nonexistent.test-nsec3.example,cold,2190500,3,True,1788708316.6474538,
bind,nsec3,nonexistent.test-nsec3.example,cold,2116500,3,True,1788708316.6495976,
bind,nsec3,nonexistent.test-nsec3.example,cold,2494600,3,True,1788708316.6521997,
bind,nsec3,nonexistent.test-nsec3.example,cold,1965200,3,True,1788708316.6543448,
bind,nsec3,nonexistent.test-nsec3.example,cold,1736800,3,True,1788708316.6559625,
bind,nsec3,nonexistent.test-nsec3.example,cold,1653300,3,True,1788708316.6575344,
bind,nsec3,nonexistent.test-nsec3.example,cold,2375300,3,True,1788708316.660229,
bind,nsec3,nonexistent.test-nsec3.example,cold,1736300,3,True,1788708316.661911,
bind,nsec3,nonexistent.test-nsec3.example,cold,1747800,3,True,1788708316.663497,
bind,nsec3,nonexistent.test-nsec3.example,cold,2280900,3,True,1788708316.6663578,
bind,nsec3,nonexistent.test-nsec3.example,cold,1964700,3,True,1788708316.667968,
bind,nsec3,nonexistent.test-nsec3.example,cold,2355100,3,True,1788708316.670732,
bind,nsec3,nonexistent.test-nsec3.example,cold,3436800,3,True,1788708316.6738975,
bind,nsec3,nonexistent.test-nsec3.example,cold,2622200,3,True,1788708316.677049,
bind,nsec3,nonexistent.test-nsec3.example,cold,2628600,3,True,1788708316.6793478,
bind,nsec3,nonexistent.test-nsec3.example,cold,3222400,3,True,1788708316.6827261,
bind,nsec3,nonexistent.test-nsec3.example,cold,3619600,3,True,1788708316.6866753,
bind,nsec3,nonexistent.test-nsec3.example,cold,2188600,3,True,1788708316.688303,
bind,nsec3,nonexistent.test-nsec3.example,cold,1960200,3,True,1788708316.6908438,
bind,nsec3,nonexistent.test-nsec3.example,cold,2584700,3,True,1788708316.69344,
bind,nsec3,nonexistent.test-nsec3.example,cold,2152900,3,True,1788708316.69616,
bind,nsec3,nonexistent.test-nsec3.example,cold,1740900,3,True,1788708316.6976454,
bind,nsec3,nonexistent.test-nsec3.example,cold,5252200,3,True,1788708316.702697,
bind,nsec3,nonexistent.test-nsec3.example,cold,2414900,3,True,1788708316.7058945,
bind,nsec3,nonexistent.test-nsec3.example,cold,3413600,3,True,1788708316.709125,
bind,nsec3,nonexistent.test-nsec3.example,cold,2059200,3,True,1788708316.7116406,
bind,nsec3,nonexistent.test-nsec3.example,cold,2961900,3,True,1788708316.714452,
bind,nsec3,nonexistent.test-nsec3.example,cold,2479900,3,True,1788708316.7169216,
bind,nsec3,nonexistent.test-nsec3.example,cold,2757400,3,True,1788708316.7197597,
bind,nsec3,nonexistent.test-nsec3.example,cold,2397200,3,True,1788708316.722376,
bind,nsec3,nonexistent.test-nsec3.example,cold,2131100,3,True,1788708316.7246544,
bind,nsec3,nonexistent.test-nsec3.example,cold,2611300,3,True,1788708316.7273629,
bind,nsec3,nonexistent.test-nsec3.example,cold,1936900,3,True,1788708316.729555,
bind,nsec3,nonexistent.test-nsec3.example,cold,1947800,3,True,1788708316.7311249,
bind,nsec3,nonexistent.test-nsec3.example,cold,4019700,3,True,1788708316.7353332,
bind,nsec3,nonexistent.test-nsec3.example,cold,3043400,3,True,1788708316.7382932,
bind,nsec3,nonexistent.test-nsec3.example,cold,2308400,3,True,1788708316.7409866,
bind,nsec3,nonexistent.test-nsec3.example,cold,2317300,3,True,1788708316.7435155,
bind,nsec3,nonexistent.test-nsec3.example,cold,1900500,3,True,1788708316.745104,
bind,nsec3,nonexistent.test-nsec3.example,cold,2503000,3,True,1788708316.747786,
bind,nsec3,nonexistent.test-nsec3.example,cold,4837100,3,True,1788708316.7526896,
bind,nsec3,nonexistent.test-nsec3.example,cold,3581800,3,True,1788708316.7568138,
bind,nsec3,nonexistent.test-nsec3.example,cold,2135200,3,True,1788708316.758969,
bind,nsec3,nonexistent.test-nsec3.example,cold,2594200,3,True,1788708316.7616944,
bind,nsec3,nonexistent.test-nsec3.example,cold,2566900,3,True,1788708316.7641304,
bind,nsec3,nonexistent.test-nsec3.example,cold,2256300,3,True,1788708316.7662373,
bind,nsec3,nonexistent.test-nsec3.example,cold,3118200,3,True,1788708316.7696562,
bind,nsec3,nonexistent.test-nsec3.example,cold,9819100,3,True,1788708316.779659,
bind,nsec3,nonexistent.test-nsec3.example,cold,5733900,3,True,1788708316.7856169,
bind,nsec3,nonexistent.test-nsec3.example,cold,1838900,3,True,1788708316.7871795,
bind,nsec3,nonexistent.test-nsec3.example,cold,2519700,3,True,1788708316.7899172,
bind,nsec3,nonexistent.test-nsec3.example,cold,1934200,3,True,1788708316.7920063,
bind,nsec3,nonexistent.test-nsec3.example,cold,1763100,3,True,1788708316.7936459,
bind,nsec3,nonexistent.test-nsec3.example,cold,2479400,3,True,1788708316.7964535,
bind,nsec3,nonexistent.test-nsec3.example,cold,1770800,3,True,1788708316.7980752,
bind,nsec3,nonexistent.test-nsec3.example,cold,4713100,3,True,1788708316.8031714,
bind,nsec3,nonexistent.test-nsec3.example,cold,2445700,3,True,1788708316.805611,
bind,nsec3,nonexistent.test-nsec3.example,cold,2095200,3,True,1788708316.8078027,
bind,nsec3,nonexistent.test-nsec3.example,cold,2967300,3,True,1788708316.810654,
bind,nsec3,nonexistent.test-nsec3.example,cold,1987600,3,True,1788708316.812778,
bind,nsec3,nonexistent.test-nsec3.example,cold,1595300,3,True,1788708316.8144474,
bind,nsec3,nonexistent.test-nsec3.example,cold,3939800,3,True,1788708316.818344,
bind,nsec3,nonexistent.test-nsec3.example,cold,1745000,3,True,1788708316.8204458,
bind,nsec3,nonexistent.test-nsec3.example,cold,1641700,3,True,1788708316.8220124,
bind,nsec3,nonexistent.test-nsec3.example,cold,2765000,3,True,1788708316.8250992,
bind,nsec3,nonexistent.test-nsec3.example,cold,2007900,3,True,1788708316.827262,
bind,nsec3,nonexistent.test-nsec3.example,cold,1806500,3,True,1788708316.828843,
bind,nsec3,nonexistent.test-nsec3.example,cold,2357500,3,True,1788708316.8311393,
bind,nsec3,nonexistent.test-nsec3.example,cold,3075900,3,True,1788708316.834194,
bind,nsec3,nonexistent.test-nsec3.example,cold,2327800,3,True,1788708316.836882,
bind,nsec3,nonexistent.test-nsec3.example,cold,1973500,3,True,1788708316.8391073,
bind,nsec3,nonexistent.test-nsec3.example,cold,1819900,3,True,1788708316.8406765,
bind,nsec3,nonexistent.test-nsec3.example,cold,1774600,3,True,1788708316.8428001,
bind,nsec3,nonexistent.test-nsec3.example,cold,1880600,3,True,1788708316.8445246,
bind,nsec3,nonexistent.test-nsec3.example,cold,1881700,3,True,1788708316.846609,
bind,nsec3,nonexistent.test-nsec3.example,cold,2043700,3,True,1788708316.848497,
bind,nsec3,nonexistent.test-nsec3.example,cold,3659800,3,True,1788708316.8524964,
bind,nsec3,nonexistent.test-nsec3.example,cold,1926800,3,True,1788708316.854731,
bind,nsec3,nonexistent.test-nsec3.example,cold,2194400,3,True,1788708316.8563535,
bind,nsec3,nonexistent.test-nsec3.example,cold,2607000,3,True,1788708316.859552,
bind,nsec3,nonexistent.test-nsec3.example,cold,2086000,3,True,1788708316.8617926,
bind,nsec3,nonexistent.test-nsec3.example,cold,2197700,3,True,1788708316.8639352,
bind,nsec3,nonexistent.test-nsec3.example,cold,2952900,3,True,1788708316.8667297,
bind,nsec3,nonexistent.test-nsec3.example,cold,1840700,3,True,1788708316.8688576,
bind,nsec3,nonexistent.test-nsec3.example,cold,2482700,3,True,1788708316.8715827,
bind,nsec3,nonexistent.test-nsec3.example,cold,1936900,3,True,1788708316.8737307,
bind,nsec3,nonexistent.test-nsec3.example,cold,1818200,3,True,1788708316.8753421,
bind,nsec3,nonexistent.test-nsec3.example,cold,2240400,3,True,1788708316.8775532,
bind,nsec3,nonexistent.test-nsec3.example,cold,2114000,3,True,1788708316.879805,
bind,nsec3,nonexistent.test-nsec3.example,cold,1779000,3,True,1788708316.8819735,
bind,nsec3,nonexistent.test-nsec3.example,cold,3904700,3,True,1788708316.8857622,
bind,nsec3,nonexistent.test-nsec3.example,cold,1663400,3,True,1788708316.8873687,
bind,nsec3,nonexistent.test-nsec3.example,cold,1701500,3,True,1788708316.8894446,
bind,nsec3,nonexistent.test-nsec3.example,cold,2710300,3,True,1788708316.892304,
bind,nsec3,nonexistent.test-nsec3.example,cold,1801500,3,True,1788708316.8939,
bind,nsec3,nonexistent.test-nsec3.example,cold,1707900,3,True,1788708316.8954763,
bind,nsec3,nonexistent.test-nsec3.example,cold,2187800,3,True,1788708316.8980823,
bind,nsec3,nonexistent.test-nsec3.example,cold,4708000,3,True,1788708316.9026377,
bind,nsec3,nonexistent.test-nsec3.example,cold,2701300,3,True,1788708316.9058723,
bind,nsec3,nonexistent.test-nsec3.example,cold,2016800,3,True,1788708316.9076436,
bind,nsec3,nonexistent.test-nsec3.example,cold,2185500,3,True,1788708316.9102726,
bind,nsec3,nonexistent.test-nsec3.example,cold,2339000,3,True,1788708316.9124937,
bind,nsec3,nonexistent.test-nsec3.example,cold,1797200,3,True,1788708316.9141953,
bind,nsec3,nonexistent.test-nsec3.example,cold,2190400,3,True,1788708316.9163485,
bind,nsec3,nonexistent.test-nsec3.example,cold,2487200,3,True,1788708316.9191267,
bind,nsec3,nonexistent.test-nsec3.example,cold,1824500,3,True,1788708316.921208,
bind,nsec3,nonexistent.test-nsec3.example,cold,1904100,3,True,1788708316.9228122,
bind,nsec3,nonexistent.test-nsec3.example,cold,2398000,3,True,1788708316.925693,
bind,nsec3,nonexistent.test-nsec3.example,cold,2021300,3,True,1788708316.9277987,
bind,nsec3,nonexistent.test-nsec3.example,cold,1665400,3,True,1788708316.9294202,
bind,nsec3,nonexistent.test-nsec3.example,cold,1897800,3,True,1788708316.9310873,
bind,nsec3,nonexistent.test-nsec3.example,cold,14625200,3,True,1788708316.9458573,
bind,nsec3,nonexistent.test-nsec3.example,cold,1905200,3,True,1788708316.948064,
bind,nsec3,nonexistent.test-nsec3.example,cold,1924900,3,True,1788708316.9501734,
bind,nsec3,nonexistent.test-nsec3.example,cold,2202300,3,True,1788708316.9523735,
bind,nsec3,nonexistent.test-nsec3.example,cold,2026100,3,True,1788708316.9544203,
bind,nsec3,nonexistent.test-nsec3.example,cold,1704800,3,True,1788708316.955995,
bind,nsec3,nonexistent.test-nsec3.example,cold,1565500,3,True,1788708316.958096,
bind,nsec3,nonexistent.test-nsec3.example,cold,4182600,3,True,1788708316.9618778,
bind,nsec3,nonexistent.test-nsec3.example,cold,2434200,3,True,1788708316.964907,
bind,nsec3,nonexistent.test-nsec3.example,cold,3013200,3,True,1788708316.9676256,
bind,nsec3,nonexistent.test-nsec3.example,cold,1810500,3,True,1788708316.9697368,
bind,nsec3,nonexistent.test-nsec3.example,cold,1680800,3,True,1788708316.971309,
bind,nsec3,nonexistent.test-nsec3.example,cold,2058300,3,True,1788708316.9734342,
bind,nsec3,nonexistent.test-nsec3.example,cold,2594700,3,True,1788708316.9758976,
bind,nsec3,nonexistent.test-nsec3.example,cold,2229400,3,True,1788708316.9787414,
bind,nsec3,nonexistent.test-nsec3.example,cold,2632500,3,True,1788708316.9811635,
bind,nsec3,nonexistent.test-nsec3.example,cold,2206700,3,True,1788708316.9834998,
bind,nsec3,nonexistent.test-nsec3.example,cold,1596800,3,True,1788708316.9850826,
bind,nsec3,nonexistent.test-nsec3.example,cold,2351300,3,True,1788708316.9874997,
bind,nsec3,nonexistent.test-nsec3.example,cold,1825100,3,True,1788708316.9895847,
bind,nsec3,nonexistent.test-nsec3.example,cold,2119900,3,True,1788708316.9914696,
bind,nsec3,nonexistent.test-nsec3.example,cold,3432000,3,True,1788708316.9950626,
bind,nsec3,nonexistent.test-nsec3.example,cold,2663000,3,True,1788708316.9981418,
bind,nsec3,nonexistent.test-nsec3.example,cold,2890100,3,True,1788708317.0011756,
bind,nsec3,nonexistent.test-nsec3.example,cold,2012900,3,True,1788708317.003268,
bind,nsec3,nonexistent.test-nsec3.example,cold,4662000,3,True,1788708317.0077221,
bind,nsec3,nonexistent.test-nsec3.example,cold,2289800,3,True,1788708317.0100296,
bind,nsec3,nonexistent.test-nsec3.example,cold,2075000,3,True,1788708317.0126464,
bind,nsec3,nonexistent.test-nsec3.example,cold,3023200,3,True,1788708317.0153918,
bind,nsec3,nonexistent.test-nsec3.example,cold,2191100,3,True,1788708317.0175738,
bind,nsec3,nonexistent.test-nsec3.example,cold,1871200,3,True,1788708317.0196939,
bind,nsec3,nonexistent.test-nsec3.example,cold,2592200,3,True,1788708317.022439,
bind,nsec3,nonexistent.test-nsec3.example,cold,2038200,3,True,1788708317.0245953,
bind,nsec3,nonexistent.test-nsec3.example,cold,1999700,3,True,1788708317.0266874,
bind,nsec3,nonexistent.test-nsec3.example,cold,2054700,3,True,1788708317.0290089,
bind,nsec3,nonexistent.test-nsec3.example,cold,2510200,3,True,1788708317.0316865,
bind,nsec3,nonexistent.test-nsec3.example,cold,2697000,3,True,1788708317.034112,
bind,nsec3,nonexistent.test-nsec3.example,cold,2516500,3,True,1788708317.0371354,
bind,nsec3,nonexistent.test-nsec3.example,cold,2198700,3,True,1788708317.0392296,
bind,nsec3,nonexistent.test-nsec3.example,cold,3037600,3,True,1788708317.0423353,
bind,nsec3,nonexistent.test-nsec3.example,cold,2077600,3,True,1788708317.0446563,
bind,nsec3,nonexistent.test-nsec3.example,cold,2875800,3,True,1788708317.047297,
bind,nsec3,nonexistent.test-nsec3.example,cold,1961300,3,True,1788708317.0494494,
bind,nsec3,nonexistent.test-nsec3.example,cold,1904300,3,True,1788708317.0515509,
bind,nsec3,nonexistent.test-nsec3.example,cold,2364700,3,True,1788708317.0541427,
bind,nsec3,nonexistent.test-nsec3.example,cold,2272800,3,True,1788708317.0564294,
bind,nsec3,nonexistent.test-nsec3.example,cold,2040600,3,True,1788708317.0586212,
bind,nsec3,nonexistent.test-nsec3.example,cold,1966200,3,True,1788708317.0602696,
bind,nsec3,nonexistent.test-nsec3.example,cold,2712700,3,True,1788708317.0629976,
bind,nsec3,nonexistent.test-nsec3.example,cold,2177600,3,True,1788708317.0653067,
bind,nsec3,nonexistent.test-nsec3.example,cold,2021500,3,True,1788708317.0675354,
bind,nsec3,nonexistent.test-nsec3.example,cold,2840500,3,True,1788708317.0705419,
bind,nsec3,nonexistent.test-nsec3.example,cold,2373700,3,True,1788708317.073164,
bind,nsec3,nonexistent.test-nsec3.example,cold,2426900,3,True,1788708317.075414,
bind,nsec3,nonexistent.test-nsec3.example,cold,2677300,3,True,1788708317.078198,
bind,nsec3,nonexistent.test-nsec3.example,cold,2506000,3,True,1788708317.0808506,
bind,nsec3,nonexistent.test-nsec3.example,cold,3170200,3,True,1788708317.0843704,
bind,nsec3,nonexistent.test-nsec3.example,cold,3041200,3,True,1788708317.0874186,
bind,nsec3,nonexistent.test-nsec3.example,cold,2865000,3,True,1788708317.0900998,
bind,nsec3,nonexistent.test-nsec3.example,cold,2801200,3,True,1788708317.0932972,
bind,nsec3,nonexistent.test-nsec3.example,cold,2770100,3,True,1788708317.0960734,
bind,nsec3,nonexistent.test-nsec3.example,cold,1983300,3,True,1788708317.0981784,
bind,nsec3,nonexistent.test-nsec3.example,cold,2013300,3,True,1788708317.1002798,
bind,nsec3,nonexistent.test-nsec3.example,cold,1905000,3,True,1788708317.1024578,
bind,nsec3,nonexistent.test-nsec3.example,cold,1995800,3,True,1788708317.1041963,
bind,nsec3,nonexistent.test-nsec3.example,cold,1892700,3,True,1788708317.1063814,
bind,nsec3,nonexistent.test-nsec3.example,cold,2410100,3,True,1788708317.1088414,
bind,nsec3,nonexistent.test-nsec3.example,cold,2591500,3,True,1788708317.1113834,
bind,nsec3,nonexistent.test-nsec3.example,cold,2446100,3,True,1788708317.1140168,
bind,nsec3,nonexistent.test-nsec3.example,cold,2162700,3,True,1788708317.1164124,
bind,nsec3,nonexistent.test-nsec3.example,cold,2125000,3,True,1788708317.1186519,
bind,nsec3,nonexistent.test-nsec3.example,cold,2392900,3,True,1788708317.1208365,
bind,nsec3,nonexistent.test-nsec3.example,cold,2454800,3,True,1788708317.1234086,
bind,nsec3,nonexistent.test-nsec3.example,cold,1924700,3,True,1788708317.125508,
bind,nsec3,nonexistent.test-nsec3.example,cold,2146800,3,True,1788708317.1275856,
bind,nsec3,nonexistent.test-nsec3.example,cold,2099400,3,True,1788708317.1296847,
bind,nsec3,nonexistent.test-nsec3.example,cold,2313200,3,True,1788708317.132426,
bind,nsec3,nonexistent.test-nsec3.example,cold,1906100,3,True,1788708317.1342428,
bind,nsec3,nonexistent.test-nsec3.example,cold,1782000,3,True,1788708317.1363301,
bind,nsec3,nonexistent.test-nsec3.example,cold,2822500,3,True,1788708317.1392074,
bind,nsec3,nonexistent.test-nsec3.example,cold,2316700,3,True,1788708317.1413429,
bind,nsec3,nonexistent.test-nsec3.example,cold,1977000,3,True,1788708317.1434355,
bind,nsec3,nonexistent.test-nsec3.example,cold,2138600,3,True,1788708317.1456392,
bind,nsec3,nonexistent.test-nsec3.example,cold,1926200,3,True,1788708317.1477191,
bind,nsec3,nonexistent.test-nsec3.example,cold,2118800,3,True,1788708317.1503747,
bind,nsec3,nonexistent.test-nsec3.example,cold,2061400,3,True,1788708317.1519134,
bind,nsec3,nonexistent.test-nsec3.example,cold,2085000,3,True,1788708317.1548593,
bind,nsec3,nonexistent.test-nsec3.example,cold,1971700,3,True,1788708317.1569488,
bind,nsec3,nonexistent.test-nsec3.example,cold,2174800,3,True,1788708317.1592093,
bind,nsec3,nonexistent.test-nsec3.example,cold,2099200,3,True,1788708317.1612763,
bind,nsec3,nonexistent.test-nsec3.example,cold,2236900,3,True,1788708317.1638663,
bind,nsec3,nonexistent.test-nsec3.example,cold,1910500,3,True,1788708317.1654875,
bind,nsec3,nonexistent.test-nsec3.example,cold,2050600,3,True,1788708317.1675816,
bind,nsec3,nonexistent.test-nsec3.example,cold,5933000,3,True,1788708317.1738572,
bind,nsec3,nonexistent.test-nsec3.example,cold,2567200,3,True,1788708317.1766355,
bind,nsec3,nonexistent.test-nsec3.example,cold,3406200,3,True,1788708317.1799617,
bind,nsec3,nonexistent.test-nsec3.example,cold,2779500,3,True,1788708317.182564,
bind,nsec3,nonexistent.test-nsec3.example,cold,2974200,3,True,1788708317.1856434,
bind,nsec3,nonexistent.test-nsec3.example,cold,2050900,3,True,1788708317.1882482,
bind,nsec3,nonexistent.test-nsec3.example,cold,2090700,3,True,1788708317.1899395,
bind,nsec3,nonexistent.test-nsec3.example,cold,2523700,3,True,1788708317.1925883,
bind,nsec3,nonexistent.test-nsec3.example,cold,1951500,3,True,1788708317.1946614,
bind,nsec3,nonexistent.test-nsec3.example,cold,1975600,3,True,1788708317.1967432,
bind,nsec3,nonexistent.test-nsec3.example,cold,2900700,3,True,1788708317.1999583,
bind,nsec3,nonexistent.test-nsec3.example,cold,3536900,3,True,1788708317.203314,
bind,nsec3,nonexistent.test-nsec3.example,cold,3220300,3,True,1788708317.206582,
bind,nsec3,nonexistent.test-nsec3.example,cold,2397300,3,True,1788708317.208671,
bind,nsec3,nonexistent.test-nsec3.example,cold,2390100,3,True,1788708317.2120302,
bind,nsec3,nonexistent.test-nsec3.example,cold,2237500,3,True,1788708317.2142003,
bind,nsec3,nonexistent.test-nsec3.example,cold,3056900,3,True,1788708317.217369,
bind,nsec3,nonexistent.test-nsec3.example,cold,3162700,3,True,1788708317.2204335,
bind,nsec3,nonexistent.test-nsec3.example,cold,2087900,3,True,1788708317.222525,
bind,nsec3,nonexistent.test-nsec3.example,cold,1984000,3,True,1788708317.2246244,
bind,nsec3,nonexistent.test-nsec3.example,cold,2277800,3,True,1788708317.227094,
bind,nsec3,nonexistent.test-nsec3.example,cold,1904500,3,True,1788708317.2291882,
bind,nsec3,nonexistent.test-nsec3.example,cold,1873600,3,True,1788708317.2308846,
bind,nsec3,nonexistent.test-nsec3.example,cold,3315600,3,True,1788708317.2346299,
bind,nsec3,nonexistent.test-nsec3.example,cold,2006200,3,True,1788708317.2367206,
bind,nsec3,nonexistent.test-nsec3.example,cold,1976500,3,True,1788708317.2388456,
bind,nsec3,nonexistent.test-nsec3.example,cold,25005100,3,True,1788708317.2639065,
bind,nsec3,nonexistent.test-nsec3.example,cold,3109600,3,True,1788708317.266876,
bind,nsec3,nonexistent.test-nsec3.example,cold,2561800,3,True,1788708317.2697368,
bind,nsec3,nonexistent.test-nsec3.example,cold,2052900,3,True,1788708317.2719243,
bind,nsec3,nonexistent.test-nsec3.example,cold,2374100,3,True,1788708317.2742884,
bind,nsec3,nonexistent.test-nsec3.example,cold,1839400,3,True,1788708317.2758641,
bind,nsec3,nonexistent.test-nsec3.example,cold,1818100,3,True,1788708317.2780588,
bind,nsec3,nonexistent.test-nsec3.example,cold,1789900,3,True,1788708317.279717,
bind,nsec3,nonexistent.test-nsec3.example,cold,2473100,3,True,1788708317.2824335,
bind,nsec3,nonexistent.test-nsec3.example,cold,1766000,3,True,1788708317.2844334,
bind,nsec3,nonexistent.test-nsec3.example,cold,1818300,3,True,1788708317.2865376,
bind,nsec3,nonexistent.test-nsec3.example,cold,2500700,3,True,1788708317.2887347,
bind,nsec3,nonexistent.test-nsec3.example,cold,1655100,3,True,1788708317.2907953,
bind,nsec3,nonexistent.test-nsec3.example,cold,1666900,3,True,1788708317.2923687,
bind,nsec3,nonexistent.test-nsec3.example,cold,2783200,3,True,1788708317.2952836,
bind,nsec3,nonexistent.test-nsec3.example,cold,1729900,3,True,1788708317.2968636,
bind,nsec3,nonexistent.test-nsec3.example,cold,1874100,3,True,1788708317.2989376,
bind,nsec3,nonexistent.test-nsec3.example,cold,2383800,3,True,1788708317.3013396,
bind,nsec3,nonexistent.test-nsec3.example,cold,1815400,3,True,1788708317.303436,
bind,nsec3,nonexistent.test-nsec3.example,cold,1692400,3,True,1788708317.3050554,
bind,nsec3,nonexistent.test-nsec3.example,cold,1781400,3,True,1788708317.306644,
bind,nsec3,nonexistent.test-nsec3.example,cold,2248000,3,True,1788708317.309372,
bind,nsec3,nonexistent.test-nsec3.example,cold,2359200,3,True,1788708317.3115382,
bind,nsec3,nonexistent.test-nsec3.example,cold,2232400,3,True,1788708317.313962,
bind,nsec3,nonexistent.test-nsec3.example,cold,2229800,3,True,1788708317.3169556,
bind,nsec3,nonexistent.test-nsec3.example,cold,2375700,3,True,1788708317.3190863,
bind,nsec3,nonexistent.test-nsec3.example,cold,2170500,3,True,1788708317.3213055,
bind,nsec3,nonexistent.test-nsec3.example,cold,1877300,3,True,1788708317.323411,
bind,nsec3,nonexistent.test-nsec3.example,cold,17557300,3,True,1788708317.3412993,
bind,nsec3,nonexistent.test-nsec3.example,cold,2814200,3,True,1788708317.3443508,
bind,nsec3,nonexistent.test-nsec3.example,cold,1938500,3,True,1788708317.34594,
bind,nsec3,nonexistent.test-nsec3.example,cold,3141900,3,True,1788708317.349567,
bind,nsec3,nonexistent.test-nsec3.example,cold,1939700,3,True,1788708317.3513043,
bind,nsec3,nonexistent.test-nsec3.example,cold,1976600,3,True,1788708317.353601,
bind,nsec3,nonexistent.test-nsec3.example,cold,2498400,3,True,1788708317.35632,
bind,nsec3,nonexistent.test-nsec3.example,cold,1922200,3,True,1788708317.357907,
bind,nsec3,nonexistent.test-nsec3.example,cold,1608700,3,True,1788708317.3595102,
bind,nsec3,nonexistent.test-nsec3.example,cold,1753000,3,True,1788708317.361637,
bind,nsec3,nonexistent.test-nsec3.example,cold,2302600,3,True,1788708317.3639295,
bind,nsec3,nonexistent.test-nsec3.example,cold,1736500,3,True,1788708317.3660178,
bind,nsec3,nonexistent.test-nsec3.example,cold,1756400,3,True,1788708317.3676085,
bind,nsec3,nonexistent.test-nsec3.example,cold,2427600,3,True,1788708317.3700252,
bind,nsec3,nonexistent.test-nsec3.example,cold,2243400,3,True,1788708317.3719947,
bind,nsec3,nonexistent.test-nsec3.example,cold,2307700,3,True,1788708317.3748624,
bind,nsec3,nonexistent.test-nsec3.example,cold,2664200,3,True,1788708317.3760772,
bind,nsec3,nonexistent.test-nsec3.example,cold,2024100,3,True,1788708317.3790362,
bind,nsec3,nonexistent.test-nsec3.example,cold,2051800,3,True,1788708317.3790362,
bind,nsec3,nonexistent.test-nsec3.example,cold,2831000,3,True,1788708317.3832738,
bind,nsec3,nonexistent.test-nsec3.example,cold,1740900,3,True,1788708317.3864436,
bind,nsec3,nonexistent.test-nsec3.example,cold,1774400,3,True,1788708317.3864436,
bind,nsec3,nonexistent.test-nsec3.example,cold,2447400,3,True,1788708317.3898673,
bind,nsec3,nonexistent.test-nsec3.example,cold,1768000,3,True,1788708317.3917,
bind,nsec3,nonexistent.test-nsec3.example,cold,1717300,3,True,1788708317.3945642,
bind,nsec3,nonexistent.test-nsec3.example,cold,2362900,3,True,1788708317.396953,
bind,nsec3,nonexistent.test-nsec3.example,cold,1907700,3,True,1788708317.3991644,
bind,nsec3,nonexistent.test-nsec3.example,cold,1698200,3,True,1788708317.400782,
bind,nsec3,nonexistent.test-nsec3.example,cold,1763900,3,True,1788708317.4025023,
bind,nsec3,nonexistent.test-nsec3.example,cold,2004200,3,True,1788708317.4044206,
bind,nsec3,nonexistent.test-nsec3.example,cold,1765000,3,True,1788708317.4064956,
bind,nsec3,nonexistent.test-nsec3.example,cold,1699900,3,True,1788708317.408064,
bind,nsec3,nonexistent.test-nsec3.example,cold,2696900,3,True,1788708317.4109607,
bind,nsec3,nonexistent.test-nsec3.example,cold,1862900,3,True,1788708317.413086,
bind,nsec3,nonexistent.test-nsec3.example,cold,1957300,3,True,1788708317.41518,
bind,nsec3,nonexistent.test-nsec3.example,cold,2739100,3,True,1788708317.4178464,
