resolver,outcome,domain,cache_state,query_time_ns,response_rcode,ad_flag,timestamp,error
bind,unsigned,test.test-unsigned.example,cold,4238100,2,False,1788708455.9174705,
bind,unsigned,test.test-unsigned.example,cold,2931600,2,False,1788708455.920682,
bind,unsigned,test.test-unsigned.example,cold,2998200,2,False,1788708455.9238763,
bind,unsigned,test.test-unsigned.example,cold,3176200,2,False,1788708455.92711,
bind,unsigned,test.test-unsigned.example,cold,3116100,2,False,1788708455.92991,
bind,unsigned,test.test-unsigned.example,cold,2460700,2,False,1788708455.9325647,
bind,unsigned,test.test-unsigned.example,cold,2556200,2,False,1788708455.9352462,
bind,unsigned,test.test-unsigned.example,cold,2745400,2,False,1788708455.9379876,
bind,unsigned,test.test-unsigned.example,cold,2696200,2,False,1788708455.9411314,
bind,unsigned,test.test-unsigned.example,cold,2444400,2,False,1788708455.9435945,
bind,unsigned,test.test-unsigned.example,cold,2751400,2,False,1788708455.9462917,
bind,unsigned,test.test-unsigned.example,cold,2784100,2,False,1788708455.9493296,
bind,unsigned,test.test-unsigned.example,cold,2309100,2,False,1788708455.9519563,
bind,unsigned,test.test-unsigned.example,cold,2759100,2,False,1788708455.954603,
bind,unsigned,test.test-unsigned.example,cold,2380900,2,False,1788708455.9572256,
bind,unsigned,test.test-unsigned.example,cold,2358500,2,False,1788708455.959321,
bind,unsigned,test.test-unsigned.example,cold,3935000,2,False,1788708455.9634197,
bind,unsigned,test.test-unsigned.example,cold,3806100,2,False,1788708455.9676018,
bind,unsigned,test.test-unsigned.example,cold,2735100,2,False,1788708455.9702632,
bind,unsigned,test.test-unsigned.example,cold,2696100,2,False,1788708455.972972,
bind,unsigned,test.test-unsigned.example,cold,2691900,2,False,1788708455.9756525,
bind,unsigned,test.test-unsigned.example,cold,3266500,2,False,1788708455.9789736,
bind,unsigned,test.test-unsigned.example,cold,2973100,2,False,1788708455.9823773,
bind,unsigned,test.test-unsigned.example,cold,2265800,2,False,1788708455.9844708,
bind,unsigned,test.test-unsigned.example,cold,2220500,2,False,1788708455.9866176,
bind,unsigned,test.test-unsigned.example,cold,2381700,2,False,1788708455.9892461,
bind,unsigned,test.test-unsigned.example,cold,2277300,2,False,1788708455.9918866,
bind,unsigned,test.test-unsigned.example,cold,2519500,2,False,1788708455.99406,
bind,unsigned,test.test-unsigned.example,cold,3141100,2,False,1788708455.9973814,
bind,unsigned,test.test-unsigned.example,cold,2382500,2,False,1788708456.0001063,
bind,unsigned,test.test-unsigned.example,cold,365240900,2,False,1788708456.3652992,
bind,unsigned,test.test-unsigned.example,cold,6993300,2,False,1788708456.3725688,
bind,unsigned,test.test-unsigned.example,cold,7088300,2,False,1788708456.3797348,
bind,unsigned,test.test-unsigned.example,cold,6707100,2,False,1788708456.386864,
bind,unsigned,test.test-unsigned.example,cold,4417300,2,False,1788708456.3914275,
bind,unsigned,test.test-unsigned.example,cold,4696800,2,False,1788708456.3958764,
bind,unsigned,test.test-unsigned.example,cold,4006500,2,False,1788708456.4006674,
bind,unsigned,test.test-unsigned.example,cold,3124200,2,False,1788708456.4039006,
bind,unsigned,test.test-unsigned.example,cold,3235400,2,False,1788708456.4072604,
bind,unsigned,test.test-unsigned.example,cold,2874000,2,False,1788708456.409894,
bind,unsigned,test.test-unsigned.example,cold,3209900,2,False,1788708456.4133995,
bind,unsigned,test.test-unsigned.example,cold,2541500,2,False,1788708456.4160407,
bind,unsigned,test.test-unsigned.example,cold,2430400,2,False,1788708456.4182537,
bind,unsigned,test.test-unsigned.example,cold,2377800,2,False,1788708456.4208906,
bind,unsigned,test.test-unsigned.example,cold,2154400,2,False,1788708456.422981,
bind,unsigned,test.test-unsigned.example,cold,2467200,2,False,1788708456.4256136,
bind,unsigned,test.test-unsigned.example,cold,2561500,2,False,1788708456.4283454,
bind,unsigned,test.test-unsigned.example,cold,2869400,2,False,1788708456.4313948,
bind,unsigned,test.test-unsigned.example,cold,2490900,2,False,1788708456.4335501,
bind,unsigned,test.test-unsigned.example,cold,2423300,2,False,1788708456.4357085,
bind,unsigned,test.test-unsigned.example,cold,2365000,2,False,1788708456.4387898,
bind,unsigned,test.test-unsigned.example,cold,2505700,2,False,1788708456.441152,
bind,unsigned,test.test-unsigned.example,cold,2362500,2,False,1788708456.4438186,
bind,unsigned,test.test-unsigned.example,cold,5408600,2,False,1788708456.4490304,
bind,unsigned,test.test-unsigned.example,cold,2899500,2,False,1788708456.4521744,
bind,unsigned,test.test-unsigned.example,cold,2823200,2,False,1788708456.4553874,
bind,unsigned,test.test-unsigned.example,cold,2473400,2,False,1788708456.4574907,
bind,unsigned,test.test-unsigned.example,cold,2501700,2,False,1788708456.4602401,
bind,unsigned,test.test-unsigned.example,cold,3514500,2,False,1788708456.4641063,
bind,unsigned,test.test-unsigned.example,cold,2513400,2,False,1788708456.4662085,
bind,unsigned,test.test-unsigned.example,cold,2114300,2,False,1788708456.468825,
bind,unsigned,test.test-unsigned.example,cold,2277100,2,False,1788708456.4709587,
bind,unsigned,test.test-unsigned.example,cold,2454200,2,False,1788708456.4736295,
bind,unsigned,test.test-unsigned.example,cold,2453400,2,False,1788708456.47623,
bind,unsigned,test.test-unsigned.example,cold,5433500,2,False,1788708456.481765,
bind,unsigned,test.test-unsigned.example,cold,2844400,2,False,1788708456.484388,
bind,unsigned,test.test-unsigned.example,cold,2659500,2,False,1788708456.4870257,
bind,unsigned,test.test-unsigned.example,cold,2361900,2,False,1788708456.4890833,
bind,unsigned,test.test-unsigned.example,cold,2392600,2,False,1788708456.4906106,
bind,unsigned,test.test-unsigned.example,cold,2368700,2,False,1788708456.493896,
bind,unsigned,test.test-unsigned.example,cold,3134500,2,False,1788708456.4957936,
bind,unsigned,test.test-unsigned.example,cold,2365500,2,False,1788708456.498789,
bind,unsigned,test.test-unsigned.example,cold,2234200,2,False,1788708456.498789,
bind,unsigned,test.test-unsigned.example,cold,2330200,2,False,1788708456.498789,
bind,unsigned,test.test-unsigned.example,cold,2354500,2,False,1788708456.498789,
bind,unsigned,test.test-unsigned.example,cold,2459400,2,False,1788708456.509904,
bind,unsigned,test.test-unsigned.example,cold,3722000,2,False,1788708456.5136151,
bind,unsigned,test.test-unsigned.example,cold,3142900,2,False,1788708456.5167115,
bind,unsigned,test.test-unsigned.example,cold,2555700,2,False,1788708456.519365,
bind,unsigned,test.test-unsigned.example,cold,2708800,2,False,1788708456.522034,
bind,unsigned,test.test-unsigned.example,cold,2568000,2,False,1788708456.5248172,
bind,unsigned,test.test-unsigned.example,cold,2488400,2,False,1788708456.527515,
bind,unsigned,test.test-unsigned.example,cold,3065200,2,False,1788708456.5305483,
bind,unsigned,test.test-unsigned.example,cold,2179500,2,False,1788708456.533172,
bind,unsigned,test.test-unsigned.example,cold,2286700,2,False,1788708456.5352979,
bind,unsigned,test.test-unsigned.example,cold,2425500,2,False,1788708456.5379095,
bind,unsigned,test.test-unsigned.example,cold,2342500,2,False,1788708456.5400093,
bind,unsigned,test.test-unsigned.example,cold,2377300,2,False,1788708456.5426157,
bind,unsigned,test.test-unsigned.example,cold,2718000,2,False,1788708456.545391,
bind,unsigned,test.test-unsigned.example,cold,3047300,2,False,1788708456.5485375,
bind,unsigned,test.test-unsigned.example,cold,2784200,2,False,1788708456.5514305,
bind,unsigned,test.test-unsigned.example,cold,2402000,2,False,1788708456.554096,
bind,unsigned,test.test-unsigned.example,cold,2468900,2,False,1788708456.5567174,
bind,unsigned,test.test-unsigned.example,cold,2421400,2,False,1788708456.558828,
bind,unsigned,test.test-unsigned.example,cold,2697100,2,False,1788708456.5615768,
bind,unsigned,test.test-unsigned.example,cold,3535100,2,False,1788708456.565323,
bind,unsigned,test.test-unsigned.example,cold,2624300,2,False,1788708456.5676436,
bind,unsigned,test.test-unsigned.example,cold,2907300,2,False,1788708456.569254,
bind,unsigned,test.test-unsigned.example,cold,2635400,2,False,1788708456.5739093,
bind,unsigned,test.test-unsigned.example,cold,2421500,2,False,1788708456.576547,
bind,unsigned,test.test-unsigned.example,cold,2853900,2,False,1788708456.5792186,
bind,unsigned,test.test-unsigned.example,cold,2882900,2,False,1788708456.582269,
bind,unsigned,test.test-unsigned.example,cold,2301600,2,False,1788708456.584898,
bind,unsigned,test.test-unsigned.example,cold,2313900,2,False,1788708456.5869884,
bind,unsigned,test.test-unsigned.example,cold,6389200,2,False,1788708456.5931323,
bind,unsigned,test.test-unsigned.example,cold,6424500,2,False,1788708456.5999331,
bind,unsigned,test.test-unsigned.example,cold,2910700,2,False,1788708456.6027875,
bind,unsigned,test.test-unsigned.example,cold,2797100,2,False,1788708456.6060271,
bind,unsigned,test.test-unsigned.example,cold,2623600,2,False,1788708456.6086836,
bind,unsigned,test.test-unsigned.example,cold,2904600,2,False,1788708456.6116076,
bind,unsigned,test.test-unsigned.example,cold,3732400,2,False,1788708456.615307,
bind,unsigned,test.test-unsigned.example,cold,2725600,2,False,1788708456.618472,
bind,unsigned,test.test-unsigned.example,cold,2779400,2,False,1788708456.621086,
bind,unsigned,test.test-unsigned.example,cold,2676400,2,False,1788708456.6237998,
bind,unsigned,test.test-unsigned.example,cold,2254600,2,False,1788708456.626438,
bind,unsigned,test.test-unsigned.example,cold,2756300,2,False,1788708456.6291828,
bind,unsigned,test.test-unsigned.example,cold,3148000,2,False,1788708456.6326015,
bind,unsigned,test.test-unsigned.example,cold,2880900,2,False,1788708456.6353629,
bind,unsigned,test.test-unsigned.example,cold,2383500,2,False,1788708456.6379735,
bind,unsigned,test.test-unsigned.example,cold,2263300,2,False,1788708456.6400595,
bind,unsigned,test.test-unsigned.example,cold,2287900,2,False,1788708456.642672,
bind,unsigned,test.test-unsigned.example,cold,2480800,2,False,1788708456.6450067,
bind,unsigned,test.test-unsigned.example,cold,4163200,2,False,1788708456.6495893,
bind,unsigned,test.test-unsigned.example,cold,2811000,2,False,1788708456.652299,
bind,unsigned,test.test-unsigned.example,cold,2715900,2,False,1788708456.6555066,
bind,unsigned,test.test-unsigned.example,cold,3478600,2,False,1788708456.6588578,
bind,unsigned,test.test-unsigned.example,cold,2670300,2,False,1788708456.6615195,
bind,unsigned,test.test-unsigned.example,cold,3244800,2,False,1788708456.6648884,
bind,unsigned,test.test-unsigned.example,cold,2209400,2,False,1788708456.6675196,
bind,unsigned,test.test-unsigned.example,cold,2210000,2,False,1788708456.6696293,
bind,unsigned,test.test-unsigned.example,cold,2254100,2,False,1788708456.6718516,
bind,unsigned,test.test-unsigned.example,cold,2440600,2,False,1788708456.6745427,
bind,unsigned,test.test-unsigned.example,cold,2464200,2,False,1788708456.6766713,
bind,unsigned,test.test-unsigned.example,cold,3345500,2,False,1788708456.6804523,
bind,unsigned,test.test-unsigned.example,cold,2358800,2,False,1788708456.683071,
bind,unsigned,test.test-unsigned.example,cold,2384500,2,False,1788708456.6851516,
bind,unsigned,test.test-unsigned.example,cold,2308700,2,False,1788708456.6878142,
bind,unsigned,test.test-unsigned.example,cold,2378300,2,False,1788708456.6900132,
bind,unsigned,test.test-unsigned.example,cold,2329500,2,False,1788708456.692636,
bind,unsigned,test.test-unsigned.example,cold,2639600,2,False,1788708456.6952074,
bind,unsigned,test.test-unsigned.example,cold,2951900,2,False,1788708456.6985552,
bind,unsigned,test.test-unsigned.example,cold,2288400,2,False,1788708456.7006583,
bind,unsigned,test.test-unsigned.example,cold,2322600,2,False,1788708456.7032812,
bind,unsigned,test.test-unsigned.example,cold,2362800,2,False,1788708456.7053692,
bind,unsigned,test.test-unsigned.example,cold,2297900,2,False,1788708456.708029,
bind,unsigned,test.test-unsigned.example,cold,2350500,2,False,1788708456.7102902,
bind,unsigned,test.test-unsigned.example,cold,3949100,2,False,1788708456.7146542,
bind,unsigned,test.test-unsigned.example,cold,3566200,2,False,1788708456.7179775,
bind,unsigned,test.test-unsigned.example,cold,2954500,2,False,1788708456.7209263,
bind,unsigned,test.test-unsigned.example,cold,2490800,2,False,1788708456.7236192,
bind,unsigned,test.test-unsigned.example,cold,2197700,2,False,1788708456.7251709,
bind,unsigned,test.test-unsigned.example,cold,3882300,2,False,1788708456.7298877,
bind,unsigned,test.test-unsigned.example,cold,3173000,2,False,1788708456.7315016,
bind,unsigned,test.test-unsigned.example,cold,2591100,2,False,1788708456.735453,
bind,unsigned,test.test-unsigned.example,cold,2940200,2,False,1788708456.7387145,
bind,unsigned,test.test-unsigned.example,cold,2492300,2,False,1788708456.7397292,
bind,unsigned,test.test-unsigned.example,cold,2353600,2,False,1788708456.7431211,
bind,unsigned,test.test-unsigned.example,cold,3153800,2,False,1788708456.747136,
bind,unsigned,test.test-unsigned.example,cold,2295900,2,False,1788708456.7493103,
bind,unsigned,test.test-unsigned.example,cold,2210700,2,False,1788708456.7519495,
bind,unsigned,test.test-unsigned.example,cold,2394700,2,False,1788708456.7540429,
bind,unsigned,test.test-unsigned.example,cold,2278800,2,False,1788708456.7567775,
bind,unsigned,test.test-unsigned.example,cold,2292900,2,False,1788708456.7589335,
bind,unsigned,test.test-unsigned.example,cold,4416500,2,False,1788708456.763186,
bind,unsigned,test.test-unsigned.example,cold,3132600,2,False,1788708456.7667222,
bind,unsigned,test.test-unsigned.example,cold,2148900,2,False,1788708456.7690425,
bind,unsigned,test.test-unsigned.example,cold,2276600,2,False,1788708456.771118,
bind,unsigned,test.test-unsigned.example,cold,2319600,2,False,1788708456.7737403,
bind,unsigned,test.test-unsigned.example,cold,2298400,2,False,1788708456.776011,
bind,unsigned,test.test-unsigned.example,cold,3213900,2,False,1788708456.7789748,
bind,unsigned,test.test-unsigned.example,cold,3072700,2,False,1788708456.7823389,
bind,unsigned,test.test-unsigned.example,cold,2480400,2,False,1788708456.7850044,
bind,unsigned,test.test-unsigned.example,cold,2604600,2,False,1788708456.78776,
bind,unsigned,test.test-unsigned.example,cold,2417100,2,False,1788708456.790101,
bind,unsigned,test.test-unsigned.example,cold,2510400,2,False,1788708456.792793,
bind,unsigned,test.test-unsigned.example,cold,2815800,2,False,1788708456.795913,
bind,unsigned,test.test-unsigned.example,cold,2978100,2,False,1788708456.798773,
bind,unsigned,test.test-unsigned.example,cold,2525900,2,False,1788708456.8016076,
bind,unsigned,test.test-unsigned.example,cold,2336800,2,False,1788708456.8016076,
bind,unsigned,test.test-unsigned.example,cold,2328300,2,False,1788708456.804568,
bind,unsigned,test.test-unsigned.example,cold,2309100,2,False,1788708456.8088298,
bind,unsigned,test.test-unsigned.example,cold,2365000,2,False,1788708456.810894,
bind,unsigned,test.test-unsigned.example,cold,3125600,2,False,1788708456.8124619,
bind,unsigned,test.test-unsigned.example,cold,2707700,2,False,1788708456.815633,
bind,unsigned,test.test-unsigned.example,cold,2350600,2,False,1788708456.8197198,
bind,unsigned,test.test-unsigned.example,cold,2685600,2,False,1788708456.8220654,
bind,unsigned,test.test-unsigned.example,cold,2435200,2,False,1788708456.8246949,
bind,unsigned,test.test-unsigned.example,cold,2392800,2,False,1788708456.8273299,
bind,unsigned,test.test-unsigned.example,cold,3538400,2,False,1788708456.8307323,
bind,unsigned,test.test-unsigned.example,cold,3241600,2,False,1788708456.8337164,
bind,unsigned,test.test-unsigned.example,cold,2754500,2,False,1788708456.8368077,
bind,unsigned,test.test-unsigned.example,cold,2432500,2,False,1788708456.8395205,
bind,unsigned,test.test-unsigned.example,cold,2278300,2,False,1788708456.842138,
bind,unsigned,test.test-unsigned.example,cold,2355800,2,False,1788708456.8443432,
bind,unsigned,test.test-unsigned.example,cold,3111700,2,False,1788708456.8476534,
bind,unsigned,test.test-unsigned.example,cold,2311400,2,False,1788708456.849743,
bind,unsigned,test.test-unsigned.example,cold,2305900,2,False,1788708456.8524055,
bind,unsigned,test.test-unsigned.example,cold,2273900,2,False,1788708456.8545704,
bind,unsigned,test.test-unsigned.example,cold,2237800,2,False,1788708456.8566852,
bind,unsigned,test.test-unsigned.example,cold,2341700,2,False,1788708456.8593745,
bind,unsigned,test.test-unsigned.example,cold,2712000,2,False,1788708456.8622475,
bind,unsigned,test.test-unsigned.example,cold,2623600,2,False,1788708456.8651464,
bind,unsigned,test.test-unsigned.example,cold,2225000,2,False,1788708456.867195,
bind,unsigned,test.test-unsigned.example,cold,2231600,2,False,1788708456.8694575,
bind,unsigned,test.test-unsigned.example,cold,2406000,2,False,1788708456.8721397,
bind,unsigned,test.test-unsigned.example,cold,2348500,2,False,1788708456.8742108,
bind,unsigned,test.test-unsigned.example,cold,4013900,2,False,1788708456.8782315,
bind,unsigned,test.test-unsigned.example,cold,4032100,2,False,1788708456.8825629,
bind,unsigned,test.test-unsigned.example,cold,3589000,2,False,1788708456.8864272,
bind,unsigned,test.test-unsigned.example,cold,2738300,2,False,1788708456.8893363,
bind,unsigned,test.test-unsigned.example,cold,2801600,2,False,1788708456.8920739,
bind,unsigned,test.test-unsigned.example,cold,2638200,2,False,1788708456.8948183,
bind,unsigned,test.test-unsigned.example,cold,3008100,2,False,1788708456.897813,
bind,unsigned,test.test-unsigned.example,cold,2290100,2,False,1788708456.90043,
bind,unsigned,test.test-unsigned.example,cold,2063600,2,False,1788708456.902595,
bind,unsigned,test.test-unsigned.example,cold,2355300,2,False,1788708456.9047165,
bind,unsigned,test.test-unsigned.example,cold,2232600,2,False,1788708456.9073324,
bind,unsigned,test.test-unsigned.example,cold,2427100,2,False,1788708456.9095128,
bind,unsigned,test.test-unsigned.example,cold,3930100,2,False,1788708456.9135983,
bind,unsigned,test.test-unsigned.example,cold,2941500,2,False,1788708456.9167328,
bind,unsigned,test.test-unsigned.example,cold,2774100,2,False,1788708456.918275,
bind,unsigned,test.test-unsigned.example,cold,2739600,2,False,1788708456.9198704,
bind,unsigned,test.test-unsigned.example,cold,2292400,2,False,1788708456.9227881,
bind,unsigned,test.test-unsigned.example,cold,2372500,2,False,1788708456.9269083,
bind,unsigned,test.test-unsigned.example,cold,3213900,2,False,1788708456.930517,
bind,unsigned,test.test-unsigned.example,cold,2315900,2,False,1788708456.9331625,
bind,unsigned,test.test-unsigned.example,cold,2198400,2,False,1788708456.9352524,
bind,unsigned,test.test-unsigned.example,cold,2244400,2,False,1788708456.9373567,
bind,unsigned,test.test-unsigned.example,cold,2341000,2,False,1788708456.939982,
bind,unsigned,test.test-unsigned.example,cold,2489800,2,False,1788708456.9422262,
bind,unsigned,test.test-unsigned.example,cold,2966300,2,False,1788708456.945595,
bind,unsigned,test.test-unsigned.example,cold,3915600,2,False,1788708456.9495137,
bind,unsigned,test.test-unsigned.example,cold,2773700,2,False,1788708456.952666,
bind,unsigned,test.test-unsigned.example,cold,2796700,2,False,1788708456.9552794,
bind,unsigned,test.test-unsigned.example,cold,2621000,2,False,1788708456.9579244,
bind,unsigned,test.test-unsigned.example,cold,2672900,2,False,1788708456.9608684,
bind,unsigned,test.test-unsigned.example,cold,3476700,2,False,1788708456.9642353,
bind,unsigned,test.test-unsigned.example,cold,2654900,2,False,1788708456.9670498,
bind,unsigned,test.test-unsigned.example,cold,2352400,2,False,1788708456.969594,
bind,unsigned,test.test-unsigned.example,cold,2411800,2,False,1788708456.9721994,
bind,unsigned,test.test-unsigned.example,cold,2303100,2,False,1788708456.9743023,
bind,unsigned,test.test-unsigned.example,cold,2361000,2,False,1788708456.976932,
bind,unsigned,test.test-unsigned.example,cold,2995900,2,False,1788708456.9797232,
bind,unsigned,test.test-unsigned.example,cold,2591900,2,False,1788708456.9828656,
bind,unsigned,test.test-unsigned.example,cold,2390400,2,False,1788708456.985042,
bind,unsigned,test.test-unsigned.example,cold,2414800,2,False,1788708456.9876702,
bind,unsigned,test.test-unsigned.example,cold,2279300,2,False,1788708456.9897773,
bind,unsigned,test.test-unsigned.example,cold,2280100,2,False,1788708456.9924853,
bind,unsigned,test.test-unsigned.example,cold,2644000,2,False,1788708456.994831,
bind,unsigned,test.test-unsigned.example,cold,3780200,2,False,1788708456.9991488,
bind,unsigned,test.test-unsigned.example,cold,2595700,2,False,1788708457.001796,
bind,unsigned,test.test-unsigned.example,cold,2759100,2,False,1788708457.0044446,
bind,unsigned,test.test-unsigned.example,cold,429886300,2,False,1788708457.4346719,
bind,unsigned,test.test-unsigned.example,cold,3921900,2,False,1788708457.4384267,
bind,unsigned,test.test-unsigned.example,cold,3152100,2,False,1788708457.4417236,
bind,unsigned,test.test-unsigned.example,cold,3244200,2,False,1788708457.4449055,
bind,unsigned,test.test-unsigned.example,cold,3228600,2,False,1788708457.4487596,
bind,unsigned,test.test-unsigned.example,cold,2723500,2,False,1788708457.4514978,
bind,unsigned,test.test-unsigned.example,cold,2565500,2,False,1788708457.4541247,
bind,unsigned,test.test-unsigned.example,cold,2685400,2,False,1788708457.456833,
bind,unsigned,test.test-unsigned.example,cold,2885700,2,False,1788708457.4599802,
bind,unsigned,test.test-unsigned.example,cold,3426900,2,False,1788708457.4633925,
bind,unsigned,test.test-unsigned.example,cold,3076800,2,False,1788708457.4665558,
bind,unsigned,test.test-unsigned.example,cold,3043800,2,False,1788708457.4697397,
bind,unsigned,test.test-unsigned.example,cold,2866200,2,False,1788708457.473084,
bind,unsigned,test.test-unsigned.example,cold,2585700,2,False,1788708457.4757233,
bind,unsigned,test.test-unsigned.example,cold,3267600,2,False,1788708457.4788866,
bind,unsigned,test.test-unsigned.example,cold,3981800,2,False,1788708457.4832609,
bind,unsigned,test.test-unsigned.example,cold,3076300,2,False,1788708457.4859598,
bind,unsigned,test.test-unsigned.example,cold,2698400,2,False,1788708457.4890401,
bind,unsigned,test.test-unsigned.example,cold,2811600,2,False,1788708457.4895499,
bind,unsigned,test.test-unsigned.example,cold,2608200,2,False,1788708457.4922504,
bind,unsigned,test.test-unsigned.example,cold,3838700,2,False,1788708457.4975567,
bind,unsigned,test.test-unsigned.example,cold,2582100,2,False,1788708457.4975567,
bind,unsigned,test.test-unsigned.example,cold,2658400,2,False,1788708457.503248,
bind,unsigned,test.test-unsigned.example,cold,2730400,2,False,1788708457.503248,
bind,unsigned,test.test-unsigned.example,cold,2702100,2,False,1788708457.5093606,
bind,unsigned,test.test-unsigned.example,cold,2993700,2,False,1788708457.5125017,
bind,unsigned,test.test-unsigned.example,cold,2881600,2,False,1788708457.5158362,
bind,unsigned,test.test-unsigned.example,cold,2589300,2,False,1788708457.5185258,
bind,unsigned,test.test-unsigned.example,cold,2560000,2,False,1788708457.5211406,
bind,unsigned,test.test-unsigned.example,cold,2717100,2,False,1788708457.5238674,
bind,unsigned,test.test-unsigned.example,cold,2636700,2,False,1788708457.5265124,
bind,unsigned,test.test-unsigned.example,cold,3045000,2,False,1788708457.5298002,
bind,unsigned,test.test-unsigned.example,cold,3467400,2,False,1788708457.533269,
bind,unsigned,test.test-unsigned.example,cold,3065600,2,False,1788708457.5362823,
bind,unsigned,test.test-unsigned.example,cold,3140600,2,False,1788708457.5394228,
bind,unsigned,test.test-unsigned.example,cold,3059800,2,False,1788708457.5425525,
bind,unsigned,test.test-unsigned.example,cold,2904200,2,False,1788708457.5455642,
bind,unsigned,test.test-unsigned.example,cold,3470200,2,False,1788708457.549136,
bind,unsigned,test.test-unsigned.example,cold,2833500,2,False,1788708457.552292,
bind,unsigned,test.test-unsigned.example,cold,2513800,2,False,1788708457.554923,
bind,unsigned,test.test-unsigned.example,cold,2592700,2,False,1788708457.5575523,
bind,unsigned,test.test-unsigned.example,cold,2775800,2,False,1788708457.5602262,
bind,unsigned,test.test-unsigned.example,cold,3303600,2,False,1788708457.5636325,
bind,unsigned,test.test-unsigned.example,cold,3077000,2,False,1788708457.566869,
bind,unsigned,test.test-unsigned.example,cold,2894700,2,False,1788708457.5696802,
bind,unsigned,test.test-unsigned.example,cold,2498200,2,False,1788708457.572375,
bind,unsigned,test.test-unsigned.example,cold,2524900,2,False,1788708457.574994,
bind,unsigned,test.test-unsigned.example,cold,2837300,2,False,1788708457.5778487,
bind,unsigned,test.test-unsigned.example,cold,3649900,2,False,1788708457.581958,
bind,unsigned,test.test-unsigned.example,cold,3118700,2,False,1788708457.585137,
bind,unsigned,test.test-unsigned.example,cold,2926100,2,False,1788708457.587957,
bind,unsigned,test.test-unsigned.example,cold,2710900,2,False,1788708457.5906038,
bind,unsigned,test.test-unsigned.example,cold,2931800,2,False,1788708457.5937524,
bind,unsigned,test.test-unsigned.example,cold,3103200,2,False,1788708457.596924,
bind,unsigned,test.test-unsigned.example,cold,2996700,2,False,1788708457.600214,
bind,unsigned,test.test-unsigned.example,cold,2623000,2,False,1788708457.6025167,
bind,unsigned,test.test-unsigned.example,cold,2474200,2,False,1788708457.6051128,
bind,unsigned,test.test-unsigned.example,cold,2218700,2,False,1788708457.6077456,
bind,unsigned,test.test-unsigned.example,cold,2396700,2,False,1788708457.6103733,
bind,unsigned,test.test-unsigned.example,cold,3239000,2,False,1788708457.613693,
bind,unsigned,test.test-unsigned.example,cold,2534800,2,False,1788708457.616329,
bind,unsigned,test.test-unsigned.example,cold,2389800,2,False,1788708457.618421,
bind,unsigned,test.test-unsigned.example,cold,2199300,2,False,1788708457.6210349,
bind,unsigned,test.test-unsigned.example,cold,2336900,2,False,1788708457.623129,
bind,unsigned,test.test-unsigned.example,cold,2393600,2,False,1788708457.6257787,
bind,unsigned,test.test-unsigned.example,cold,2360300,2,False,1788708457.6281292,
bind,unsigned,test.test-unsigned.example,cold,4395900,2,False,1788708457.6324537,
bind,unsigned,test.test-unsigned.example,cold,2741900,2,False,1788708457.6355898,
bind,unsigned,test.test-unsigned.example,cold,2935100,2,False,1788708457.638262,
bind,unsigned,test.test-unsigned.example,cold,2624700,2,False,1788708457.641025,
bind,unsigned,test.test-unsigned.example,cold,2249500,2,False,1788708457.6436243,
bind,unsigned,test.test-unsigned.example,cold,2687500,2,False,1788708457.6458488,
bind,unsigned,test.test-unsigned.example,cold,2862000,2,False,1788708457.6491392,
bind,unsigned,test.test-unsigned.example,cold,2569500,2,False,1788708457.6518297,
bind,unsigned,test.test-unsigned.example,cold,2247300,2,False,1788708457.654478,
bind,unsigned,test.test-unsigned.example,cold,2162000,2,False,1788708457.6565742,
bind,unsigned,test.test-unsigned.example,cold,2284900,2,False,1788708457.658665,
bind,unsigned,test.test-unsigned.example,cold,2391800,2,False,1788708457.6612968,
bind,unsigned,test.test-unsigned.example,cold,3287300,2,False,1788708457.6645834,
bind,unsigned,test.test-unsigned.example,cold,2353700,2,False,1788708457.6672122,
bind,unsigned,test.test-unsigned.example,cold,2299400,2,False,1788708457.6692996,
bind,unsigned,test.test-unsigned.example,cold,2360100,2,False,1788708457.6719668,
bind,unsigned,test.test-unsigned.example,cold,2463000,2,False,1788708457.6742396,
bind,unsigned,test.test-unsigned.example,cold,2793500,2,False,1788708457.6771672,
bind,unsigned,test.test-unsigned.example,cold,4032400,2,False,1788708457.6812553,
bind,unsigned,test.test-unsigned.example,cold,2773900,2,False,1788708457.684406,
bind,unsigned,test.test-unsigned.example,cold,2712600,2,False,1788708457.6872187,
bind,unsigned,test.test-unsigned.example,cold,2779000,2,False,1788708457.6899364,
bind,unsigned,test.test-unsigned.example,cold,2304700,2,False,1788708457.692119,
bind,unsigned,test.test-unsigned.example,cold,2464300,2,False,1788708457.694929,
bind,unsigned,test.test-unsigned.example,cold,3068300,2,False,1788708457.6977973,
bind,unsigned,test.test-unsigned.example,cold,2285000,2,False,1788708457.7003927,
bind,unsigned,test.test-unsigned.example,cold,2561600,2,False,1788708457.7030697,
bind,unsigned,test.test-unsigned.example,cold,2372700,2,False,1788708457.7053413,
bind,unsigned,test.test-unsigned.example,cold,2362000,2,False,1788708457.707967,
bind,unsigned,test.test-unsigned.example,cold,2933900,2,False,1788708457.710762,
bind,unsigned,test.test-unsigned.example,cold,3111600,2,False,1788708457.714123,
bind,unsigned,test.test-unsigned.example,cold,2392700,2,False,1788708457.7167645,
bind,unsigned,test.test-unsigned.example,cold,2316900,2,False,1788708457.718848,
bind,unsigned,test.test-unsigned.example,cold,2479800,2,False,1788708457.7209375,
bind,unsigned,test.test-unsigned.example,cold,2291900,2,False,1788708457.7240825,
bind,unsigned,test.test-unsigned.example,cold,22151100,2,False,1788708457.7459147,
bind,unsigned,test.test-unsigned.example,cold,2595900,2,False,1788708457.7487936,
bind,unsigned,test.test-unsigned.example,cold,2321400,2,False,1788708457.7514248,
bind,unsigned,test.test-unsigned.example,cold,2232600,2,False,1788708457.7535195,
bind,unsigned,test.test-unsigned.example,cold,2328600,2,False,1788708457.7558131,
bind,unsigned,test.test-unsigned.example,cold,2472600,2,False,1788708457.758404,
bind,unsigned,test.test-unsigned.example,cold,5268500,2,False,1788708457.76394,
bind,unsigned,test.test-unsigned.example,cold,2815300,2,False,1788708457.7667785,
bind,unsigned,test.test-unsigned.example,cold,2439200,2,False,1788708457.7693722,
bind,unsigned,test.test-unsigned.example,cold,2229000,2,False,1788708457.7714908,
bind,unsigned,test.test-unsigned.example,cold,2367900,2,False,1788708457.7741165,
bind,unsigned,test.test-unsigned.example,cold,2363500,2,False,1788708457.776376,
bind,unsigned,test.test-unsigned.example,cold,2682700,2,False,1788708457.779442,
bind,unsigned,test.test-unsigned.example,cold,3725400,2,False,1788708457.7827475,
bind,unsigned,test.test-unsigned.example,cold,2885800,2,False,1788708457.7859523,
bind,unsigned,test.test-unsigned.example,cold,2879700,2,False,1788708457.7887251,
bind,unsigned,test.test-unsigned.example,cold,2818400,2,False,1788708457.7920012,
bind,unsigned,test.test-unsigned.example,cold,2275900,2,False,1788708457.7940795,
bind,unsigned,test.test-unsigned.example,cold,3005900,2,False,1788708457.7975442,
bind,unsigned,test.test-unsigned.example,cold,2195500,2,False,1788708457.7996385,
bind,unsigned,test.test-unsigned.example,cold,2454500,2,False,1788708457.802282,
bind,unsigned,test.test-unsigned.example,cold,2557000,2,False,1788708457.8048017,
bind,unsigned,test.test-unsigned.example,cold,2402800,2,False,1788708457.8074229,
bind,unsigned,test.test-unsigned.example,cold,2242900,2,False,1788708457.809535,
bind,unsigned,test.test-unsigned.example,cold,3887400,2,False,1788708457.8135207,
bind,unsigned,test.test-unsigned.example,cold,2913600,2,False,1788708457.8168774,
bind,unsigned,test.test-unsigned.example,cold,2753800,2,False,1788708457.819252,
bind,unsigned,test.test-unsigned.example,cold,2371400,2,False,1788708457.8219292,
bind,unsigned,test.test-unsigned.example,cold,2292100,2,False,1788708457.82406,
bind,unsigned,test.test-unsigned.example,cold,2340100,2,False,1788708457.8266938,
bind,unsigned,test.test-unsigned.example,cold,3012400,2,False,1788708457.8300536,
bind,unsigned,test.test-unsigned.example,cold,3098700,2,False,1788708457.8331246,
bind,unsigned,test.test-unsigned.example,cold,2659600,2,False,1788708457.8357701,
bind,unsigned,test.test-unsigned.example,cold,3086100,2,False,1788708457.8386664,
bind,unsigned,test.test-unsigned.example,cold,2789600,2,False,1788708457.8412762,
bind,unsigned,test.test-unsigned.example,cold,2369700,2,False,1788708457.8444107,
bind,unsigned,test.test-unsigned.example,cold,3353400,2,False,1788708457.847728,
bind,unsigned,test.test-unsigned.example,cold,2779700,2,False,1788708457.8506124,
bind,unsigned,test.test-unsigned.example,cold,2625100,2,False,1788708457.853478,
bind,unsigned,test.test-unsigned.example,cold,2553000,2,False,1788708457.8561547,
bind,unsigned,test.test-unsigned.example,cold,2244300,2,False,1788708457.8582757,
bind,unsigned,test.test-unsigned.example,cold,2315800,2,False,1788708457.8608787,
bind,unsigned,test.test-unsigned.example,cold,3085000,2,False,1788708457.863648,
bind,unsigned,test.test-unsigned.example,cold,2366000,2,False,1788708457.8662791,
bind,unsigned,test.test-unsigned.example,cold,2394600,2,False,1788708457.8689134,
bind,unsigned,test.test-unsigned.example,cold,2377700,2,False,1788708457.8710063,
bind,unsigned,test.test-unsigned.example,cold,2370000,2,False,1788708457.8736668,
bind,unsigned,test.test-unsigned.example,cold,2350300,2,False,1788708457.8758779,
bind,unsigned,test.test-unsigned.example,cold,2693300,2,False,1788708457.878869,
bind,unsigned,test.test-unsigned.example,cold,3752200,2,False,1788708457.8825555,
bind,unsigned,test.test-unsigned.example,cold,2709300,2,False,1788708457.8856947,
bind,unsigned,test.test-unsigned.example,cold,2681300,2,False,1788708457.8883286,
bind,unsigned,test.test-unsigned.example,cold,2806400,2,False,1788708457.8911364,
bind,unsigned,test.test-unsigned.example,cold,2366500,2,False,1788708457.8934255,
bind,unsigned,test.test-unsigned.example,cold,3242000,2,False,1788708457.8970935,
bind,unsigned,test.test-unsigned.example,cold,2570900,2,False,1788708457.8997645,
bind,unsigned,test.test-unsigned.example,cold,2618000,2,False,1788708457.9023976,
bind,unsigned,test.test-unsigned.example,cold,2264300,2,False,1788708457.9044852,
bind,unsigned,test.test-unsigned.example,cold,2401800,2,False,1788708457.907108,
bind,unsigned,test.test-unsigned.example,cold,2359100,2,False,1788708457.9097168,
bind,unsigned,test.test-unsigned.example,cold,3604500,2,False,1788708457.9134405,
bind,unsigned,test.test-unsigned.example,cold,2533300,2,False,1788708457.916164,
bind,unsigned,test.test-unsigned.example,cold,2170000,2,False,1788708457.916164,
bind,unsigned,test.test-unsigned.example,cold,2257200,2,False,1788708457.9188287,
bind,unsigned,test.test-unsigned.example,cold,2409200,2,False,1788708457.9188287,
bind,unsigned,test.test-unsigned.example,cold,2369100,2,False,1788708457.9254138,
bind,unsigned,test.test-unsigned.example,cold,2394700,2,False,1788708457.9277103,
bind,unsigned,test.test-unsigned.example,cold,4477400,2,False,1788708457.932699,
bind,unsigned,test.test-unsigned.example,cold,2652000,2,False,1788708457.935362,
bind,unsigned,test.test-unsigned.example,cold,2773300,2,False,1788708457.938094,
bind,unsigned,test.test-unsigned.example,cold,2478700,2,False,1788708457.9407694,
bind,unsigned,test.test-unsigned.example,cold,2294400,2,False,1788708457.9428682,
bind,unsigned,test.test-unsigned.example,cold,3156300,2,False,1788708457.9460282,
bind,unsigned,test.test-unsigned.example,cold,2822500,2,False,1788708457.949122,
bind,unsigned,test.test-unsigned.example,cold,2315300,2,False,1788708457.951309,
bind,unsigned,test.test-unsigned.example,cold,2227800,2,False,1788708457.9539437,
bind,unsigned,test.test-unsigned.example,cold,2342200,2,False,1788708457.956054,
bind,unsigned,test.test-unsigned.example,cold,2346400,2,False,1788708457.958662,
bind,unsigned,test.test-unsigned.example,cold,2227200,2,False,1788708457.9608114,
bind,unsigned,test.test-unsigned.example,cold,3058700,2,False,1788708457.9639075,
bind,unsigned,test.test-unsigned.example,cold,2315700,2,False,1788708457.9665098,
bind,unsigned,test.test-unsigned.example,cold,2279800,2,False,1788708457.969162,
bind,unsigned,test.test-unsigned.example,cold,2439700,2,False,1788708457.971246,
bind,unsigned,test.test-unsigned.example,cold,2276000,2,False,1788708457.973869,
bind,unsigned,test.test-unsigned.example,cold,2389600,2,False,1788708457.9759877,
bind,unsigned,test.test-unsigned.example,cold,3875100,2,False,1788708457.9803143,
bind,unsigned,test.test-unsigned.example,cold,4548500,2,False,1788708457.9849002,
bind,unsigned,test.test-unsigned.example,cold,2905200,2,False,1788708457.9877024,
bind,unsigned,test.test-unsigned.example,cold,2694300,2,False,1788708457.9904747,
bind,unsigned,test.test-unsigned.example,cold,2418000,2,False,1788708457.993227,
bind,unsigned,test.test-unsigned.example,cold,2806600,2,False,1788708457.9958193,
bind,unsigned,test.test-unsigned.example,cold,2501500,2,False,1788708457.9986572,
bind,unsigned,test.test-unsigned.example,cold,2290200,2,False,1788708458.0007367,
bind,unsigned,test.test-unsigned.example,cold,2458200,2,False,1788708458.003351,
bind,unsigned,test.test-unsigned.example,cold,436852900,2,False,1788708458.4406087,
bind,unsigned,test.test-unsigned.example,cold,4364300,2,False,1788708458.4451804,
bind,unsigned,test.test-unsigned.example,cold,4856600,2,False,1788708458.4501123,
bind,unsigned,test.test-unsigned.example,cold,3110600,2,False,1788708458.4530683,
bind,unsigned,test.test-unsigned.example,cold,2690700,2,False,1788708458.4557438,
bind,unsigned,test.test-unsigned.example,cold,2473300,2,False,1788708458.4586153,
bind,unsigned,test.test-unsigned.example,cold,2642700,2,False,1788708458.4613407,
bind,unsigned,test.test-unsigned.example,cold,4160500,2,False,1788708458.4654534,
bind,unsigned,test.test-unsigned.example,cold,2398400,2,False,1788708458.4680698,
bind,unsigned,test.test-unsigned.example,cold,2528300,2,False,1788708458.4708037,
bind,unsigned,test.test-unsigned.example,cold,2556200,2,False,1788708458.473482,
bind,unsigned,test.test-unsigned.example,cold,2586600,2,False,1788708458.476163,
bind,unsigned,test.test-unsigned.example,cold,2942700,2,False,1788708458.4788272,
bind,unsigned,test.test-unsigned.example,cold,4405800,2,False,1788708458.483337,
bind,unsigned,test.test-unsigned.example,cold,3069600,2,False,1788708458.4867377,
bind,unsigned,test.test-unsigned.example,cold,2846400,2,False,1788708458.489518,
bind,unsigned,test.test-unsigned.example,cold,2783800,2,False,1788708458.4924426,
bind,unsigned,test.test-unsigned.example,cold,2975400,2,False,1788708458.4955182,
bind,unsigned,test.test-unsigned.example,cold,2893700,2,False,1788708458.4986696,
bind,unsigned,test.test-unsigned.example,cold,2483200,2,False,1788708458.5008214,
bind,unsigned,test.test-unsigned.example,cold,2661500,2,False,1788708458.5040922,
bind,unsigned,test.test-unsigned.example,cold,2431300,2,False,1788708458.5062358,
bind,unsigned,test.test-unsigned.example,cold,2818500,2,False,1788708458.5089233,
bind,unsigned,test.test-unsigned.example,cold,2945700,2,False,1788708458.5121455,
bind,unsigned,test.test-unsigned.example,cold,2880800,2,False,1788708458.515266,
bind,unsigned,test.test-unsigned.example,cold,2273200,2,False,1788708458.5167882,
bind,unsigned,test.test-unsigned.example,cold,2454500,2,False,1788708458.5202,
bind,unsigned,test.test-unsigned.example,cold,2661400,2,False,1788708458.522811,
bind,unsigned,test.test-unsigned.example,cold,2751600,2,False,1788708458.525958,
bind,unsigned,test.test-unsigned.example,cold,3789000,2,False,1788708458.529424,
bind,unsigned,test.test-unsigned.example,cold,3650200,2,False,1788708458.5333695,
bind,unsigned,test.test-unsigned.example,cold,2628000,2,False,1788708458.5360885,
bind,unsigned,test.test-unsigned.example,cold,2732500,2,False,1788708458.539038,
bind,unsigned,test.test-unsigned.example,cold,2729900,2,False,1788708458.5418773,
bind,unsigned,test.test-unsigned.example,cold,2782700,2,False,1788708458.5447378,
bind,unsigned,test.test-unsigned.example,cold,3175300,2,False,1788708458.5479999,
bind,unsigned,test.test-unsigned.example,cold,2506900,2,False,1788708458.5501735,
bind,unsigned,test.test-unsigned.example,cold,2323800,2,False,1788708458.5528069,
bind,unsigned,test.test-unsigned.example,cold,2378300,2,False,1788708458.5554557,
bind,unsigned,test.test-unsigned.example,cold,2313900,2,False,1788708458.5575721,
bind,unsigned,test.test-unsigned.example,cold,2760000,2,False,1788708458.5604517,
bind,unsigned,test.test-unsigned.example,cold,5718800,2,False,1788708458.566287,
bind,unsigned,test.test-unsigned.example,cold,3018600,2,False,1788708458.5696132,
bind,unsigned,test.test-unsigned.example,cold,2481500,2,False,1788708458.5718136,
bind,unsigned,test.test-unsigned.example,cold,2268900,2,False,1788708458.5744507,
bind,unsigned,test.test-unsigned.example,cold,2369000,2,False,1788708458.5770638,
bind,unsigned,test.test-unsigned.example,cold,3446900,2,False,1788708458.5802364,
bind,unsigned,test.test-unsigned.example,cold,3271300,2,False,1788708458.5834892,
bind,unsigned,test.test-unsigned.example,cold,2782100,2,False,1788708458.5866969,
bind,unsigned,test.test-unsigned.example,cold,2698800,2,False,1788708458.5895052,
bind,unsigned,test.test-unsigned.example,cold,2783900,2,False,1788708458.5921297,
bind,unsigned,test.test-unsigned.example,cold,2486700,2,False,1788708458.5948825,
bind,unsigned,test.test-unsigned.example,cold,4139200,2,False,1788708458.5988665,
bind,unsigned,test.test-unsigned.example,cold,3492700,2,False,1788708458.602549,
bind,unsigned,test.test-unsigned.example,cold,2597800,2,False,1788708458.605254,
bind,unsigned,test.test-unsigned.example,cold,2390800,2,False,1788708458.6079242,
bind,unsigned,test.test-unsigned.example,cold,3171400,2,False,1788708458.6105385,
bind,unsigned,test.test-unsigned.example,cold,3161400,2,False,1788708458.6140728,
bind,unsigned,test.test-unsigned.example,cold,2394800,2,False,1788708458.6167111,
bind,unsigned,test.test-unsigned.example,cold,2355400,2,False,1788708458.6190028,
bind,unsigned,test.test-unsigned.example,cold,2500500,2,False,1788708458.6216278,
bind,unsigned,test.test-unsigned.example,cold,3184300,2,False,1788708458.6249595,
bind,unsigned,test.test-unsigned.example,cold,3451900,2,False,1788708458.6288414,
bind,unsigned,test.test-unsigned.example,cold,4144900,2,False,1788708458.632757,
bind,unsigned,test.test-unsigned.example,cold,2786500,2,False,1788708458.635648,
bind,unsigned,test.test-unsigned.example,cold,3189000,2,False,1788708458.6388648,
bind,unsigned,test.test-unsigned.example,cold,2470000,2,False,1788708458.641559,
bind,unsigned,test.test-unsigned.example,cold,2851600,2,False,1788708458.6446092,
bind,unsigned,test.test-unsigned.example,cold,3374400,2,False,1788708458.648048,
bind,unsigned,test.test-unsigned.example,cold,2278700,2,False,1788708458.6502225,
bind,unsigned,test.test-unsigned.example,cold,2299600,2,False,1788708458.6524138,
bind,unsigned,test.test-unsigned.example,cold,2360900,2,False,1788708458.655066,
bind,unsigned,test.test-unsigned.example,cold,2784000,2,False,1788708458.6582308,
bind,unsigned,test.test-unsigned.example,cold,2631400,2,False,1788708458.6609216,
bind,unsigned,test.test-unsigned.example,cold,3136500,2,False,1788708458.6642654,
bind,unsigned,test.test-unsigned.example,cold,2370300,2,False,1788708458.6665838,
bind,unsigned,test.test-unsigned.example,cold,2289500,2,False,1788708458.668752,
bind,unsigned,test.test-unsigned.example,cold,2828500,2,False,1788708458.672031,
bind,unsigned,test.test-unsigned.example,cold,2455600,2,False,1788708458.6747012,
bind,unsigned,test.test-unsigned.example,cold,2165100,2,False,1788708458.6768339,
bind,unsigned,test.test-unsigned.example,cold,3914100,2,False,1788708458.6804132,
bind,unsigned,test.test-unsigned.example,cold,3539800,2,False,1788708458.6844542,
bind,unsigned,test.test-unsigned.example,cold,3732900,2,False,1788708458.6878986,
bind,unsigned,test.test-unsigned.example,cold,2717300,2,False,1788708458.6910956,
bind,unsigned,test.test-unsigned.example,cold,3099700,2,False,1788708458.6939497,
bind,unsigned,test.test-unsigned.example,cold,3044800,2,False,1788708458.697394,
bind,unsigned,test.test-unsigned.example,cold,3012900,2,False,1788708458.70019,
bind,unsigned,test.test-unsigned.example,cold,2343100,2,False,1788708458.7027926,
bind,unsigned,test.test-unsigned.example,cold,2974200,2,False,1788708458.7060263,
bind,unsigned,test.test-unsigned.example,cold,2208400,2,False,1788708458.708103,
bind,unsigned,test.test-unsigned.example,cold,2320900,2,False,1788708458.7105746,
bind,unsigned,test.test-unsigned.example,cold,3606800,2,False,1788708458.7140791,
bind,unsigned,test.test-unsigned.example,cold,2522000,2,False,1788708458.7167587,
bind,unsigned,test.test-unsigned.example,cold,2785800,2,False,1788708458.7195978,
bind,unsigned,test.test-unsigned.example,cold,2667300,2,False,1788708458.7224047,
bind,unsigned,test.test-unsigned.example,cold,2167900,2,False,1788708458.7247114,
bind,unsigned,test.test-unsigned.example,cold,23892600,2,False,1788708458.7484546,
bind,unsigned,test.test-unsigned.example,cold,3146100,2,False,1788708458.751964,
bind,unsigned,test.test-unsigned.example,cold,3212800,2,False,1788708458.754903,
bind,unsigned,test.test-unsigned.example,cold,2569200,2,False,1788708458.7576673,
bind,unsigned,test.test-unsigned.example,cold,2774100,2,False,1788708458.760323,
bind,unsigned,test.test-unsigned.example,cold,7061500,2,False,1788708458.7678835,
bind,unsigned,test.test-unsigned.example,cold,3686300,2,False,1788708458.771814,
bind,unsigned,test.test-unsigned.example,cold,3627500,2,False,1788708458.7756188,
bind,unsigned,test.test-unsigned.example,cold,3153400,2,False,1788708458.7788,
bind,unsigned,test.test-unsigned.example,cold,3701500,2,False,1788708458.7822387,
bind,unsigned,test.test-unsigned.example,cold,2179400,2,False,1788708458.78497,
bind,unsigned,test.test-unsigned.example,cold,2958300,2,False,1788708458.7876341,
bind,unsigned,test.test-unsigned.example,cold,2695900,2,False,1788708458.790475,
bind,unsigned,test.test-unsigned.example,cold,2290200,2,False,1788708458.7931023,
bind,unsigned,test.test-unsigned.example,cold,3972900,2,False,1788708458.797212,
bind,unsigned,test.test-unsigned.example,cold,3274400,2,False,1788708458.800331,
bind,unsigned,test.test-unsigned.example,cold,3323800,2,False,1788708458.8034904,
bind,unsigned,test.test-unsigned.example,cold,2975500,2,False,1788708458.8050525,
bind,unsigned,test.test-unsigned.example,cold,3983800,2,False,1788708458.810969,
bind,unsigned,test.test-unsigned.example,cold,3517000,2,False,1788708458.8141065,
bind,unsigned,test.test-unsigned.example,cold,3110700,2,False,1788708458.8180375,
bind,unsigned,test.test-unsigned.example,cold,2400300,2,False,1788708458.8201866,
bind,unsigned,test.test-unsigned.example,cold,3488800,2,False,1788708458.8237367,
bind,unsigned,test.test-unsigned.example,cold,2442800,2,False,1788708458.826379,
bind,unsigned,test.test-unsigned.example,cold,3742700,2,False,1788708458.8304436,
bind,unsigned,test.test-unsigned.example,cold,2819000,2,False,1788708458.8329713,
bind,unsigned,test.test-unsigned.example,cold,3084100,2,False,1788708458.8363154,
bind,unsigned,test.test-unsigned.example,cold,2568300,2,False,1788708458.838954,
bind,unsigned,test.test-unsigned.example,cold,2245100,2,False,1788708458.841582,
bind,unsigned,test.test-unsigned.example,cold,3619700,2,False,1788708458.8449674,
bind,unsigned,test.test-unsigned.example,cold,3396400,2,False,1788708458.849083,
bind,unsigned,test.test-unsigned.example,cold,3035400,2,False,1788708458.8518443,
bind,unsigned,test.test-unsigned.example,cold,2602100,2,False,1788708458.8544722,
bind,unsigned,test.test-unsigned.example,cold,3711800,2,False,1788708458.8584058,
bind,unsigned,test.test-unsigned.example,cold,3639900,2,False,1788708458.8624218,
bind,unsigned,test.test-unsigned.example,cold,4173000,2,False,1788708458.8664672,
bind,unsigned,test.test-unsigned.example,cold,3221100,2,False,1788708458.869619,
bind,unsigned,test.test-unsigned.example,cold,2780700,2,False,1788708458.872457,
bind,unsigned,test.test-unsigned.example,cold,2495000,2,False,1788708458.8750713,
bind,unsigned,test.test-unsigned.example,cold,4503200,2,False,1788708458.8796637,
bind,unsigned,test.test-unsigned.example,cold,2499200,2,False,1788708458.8823187,
bind,unsigned,test.test-unsigned.example,cold,2945300,2,False,1788708458.8856697,
bind,unsigned,test.test-unsigned.example,cold,2394600,2,False,1788708458.887753,
bind,unsigned,test.test-unsigned.example,cold,3729600,2,False,1788708458.8916206,
bind,unsigned,test.test-unsigned.example,cold,2721900,2,False,1788708458.8947518,
bind,unsigned,test.test-unsigned.example,cold,6693300,2,False,1788708458.9002368,
bind,unsigned,test.test-unsigned.example,cold,3489300,2,False,1788708458.9022694,
bind,unsigned,test.test-unsigned.example,cold,2566300,2,False,1788708458.9074452,
bind,unsigned,test.test-unsigned.example,cold,2349300,2,False,1788708458.9074452,
bind,unsigned,test.test-unsigned.example,cold,3534300,2,False,1788708458.9134836,
bind,unsigned,test.test-unsigned.example,cold,2389900,2,False,1788708458.9134836,
bind,unsigned,test.test-unsigned.example,cold,2999200,2,False,1788708458.9193945,
bind,unsigned,test.test-unsigned.example,cold,2409600,2,False,1788708458.9222429,
bind,unsigned,test.test-unsigned.example,cold,3323700,2,False,1788708458.9255803,
bind,unsigned,test.test-unsigned.example,cold,2427300,2,False,1788708458.9277623,
bind,unsigned,test.test-unsigned.example,cold,3582300,2,False,1788708458.931654,
bind,unsigned,test.test-unsigned.example,cold,2458900,2,False,1788708458.9342976,
bind,unsigned,test.test-unsigned.example,cold,2204800,2,False,1788708458.9365544,
bind,unsigned,test.test-unsigned.example,cold,2882200,2,False,1788708458.939679,
bind,unsigned,test.test-unsigned.example,cold,2327400,2,False,1788708458.9417717,
bind,unsigned,test.test-unsigned.example,cold,4054600,2,False,1788708458.9461267,
bind,unsigned,test.test-unsigned.example,cold,3638500,2,False,1788708458.9495516,
bind,unsigned,test.test-unsigned.example,cold,3219400,2,False,1788708458.9529707,
bind,unsigned,test.test-unsigned.example,cold,2854900,2,False,1788708458.9560893,
bind,unsigned,test.test-unsigned.example,cold,3274000,2,False,1788708458.9596462,
bind,unsigned,test.test-unsigned.example,cold,2852800,2,False,1788708458.9619946,
bind,unsigned,test.test-unsigned.example,cold,2826200,2,False,1788708458.9650886,
bind,unsigned,test.test-unsigned.example,cold,2469800,2,False,1788708458.9678128,
bind,unsigned,test.test-unsigned.example,cold,2458200,2,False,1788708458.9705064,
bind,unsigned,test.test-unsigned.example,cold,3160900,2,False,1788708458.973454,
bind,unsigned,test.test-unsigned.example,cold,2422000,2,False,1788708458.9760678,
bind,unsigned,test.test-unsigned.example,cold,5003400,2,False,1788708458.9814248,
bind,unsigned,test.test-unsigned.example,cold,2968800,2,False,1788708458.9841335,
bind,unsigned,test.test-unsigned.example,cold,3137900,2,False,1788708458.9876351,
bind,unsigned,test.test-unsigned.example,cold,2322300,2,False,1788708458.9899976,
bind,unsigned,test.test-unsigned.example,cold,2918500,2,False,1788708458.9926398,
bind,unsigned,test.test-unsigned.example,cold,2940300,2,False,1788708458.9955702,
bind,unsigned,test.test-unsigned.example,cold,3466700,2,False,1788708458.9991817,
bind,unsigned,test.test-unsigned.example,cold,2563800,2,False,1788708459.0021102,
bind,unsigned,test.test-unsigned.example,cold,2351500,2,False,1788708459.004725,
bind,unsigned,test.test-unsigned.example,cold,777797200,2,False,1788708459.7825992,
bind,unsigned,test.test-unsigned.example,cold,7027500,2,False,1788708459.789439,
bind,unsigned,test.test-unsigned.example,cold,4769600,2,False,1788708459.7947755,
bind,unsigned,test.test-unsigned.example,cold,4356500,2,False,1788708459.7991128,
bind,unsigned,test.test-unsigned.example,cold,2643000,2,False,1788708459.8015501,
bind,unsigned,test.test-unsigned.example,cold,2401300,2,False,1788708459.804201,
bind,unsigned,test.test-unsigned.example,cold,2606200,2,False,1788708459.807162,
bind,unsigned,test.test-unsigned.example,cold,2641600,2,False,1788708459.8098996,
bind,unsigned,test.test-unsigned.example,cold,4018500,2,False,1788708459.8135502,
bind,unsigned,test.test-unsigned.example,cold,3184900,2,False,1788708459.8168268,
bind,unsigned,test.test-unsigned.example,cold,3348400,2,False,1788708459.8203332,
bind,unsigned,test.test-unsigned.example,cold,2576100,2,False,1788708459.823115,
bind,unsigned,test.test-unsigned.example,cold,3517700,2,False,1788708459.8265154,
bind,unsigned,test.test-unsigned.example,cold,3213200,2,False,1788708459.8300483,
bind,unsigned,test.test-unsigned.example,cold,2703700,2,False,1788708459.8329327,
bind,unsigned,test.test-unsigned.example,cold,2589400,2,False,1788708459.8356612,
bind,unsigned,test.test-unsigned.example,cold,2615100,2,False,1788708459.8383968,
bind,unsigned,test.test-unsigned.example,cold,3050700,2,False,1788708459.8413646,
bind,unsigned,test.test-unsigned.example,cold,2901100,2,False,1788708459.8442192,
bind,unsigned,test.test-unsigned.example,cold,4354600,2,False,1788708459.8486686,
bind,unsigned,test.test-unsigned.example,cold,2743300,2,False,1788708459.8512597,
bind,unsigned,test.test-unsigned.example,cold,3658400,2,False,1788708459.855313,
bind,unsigned,test.test-unsigned.example,cold,2646300,2,False,1788708459.8579948,
bind,unsigned,test.test-unsigned.example,cold,3132300,2,False,1788708459.8614886,
bind,unsigned,test.test-unsigned.example,cold,3043000,2,False,1788708459.8645794,
bind,unsigned,test.test-unsigned.example,cold,3071200,2,False,1788708459.8673718,
bind,unsigned,test.test-unsigned.example,cold,2292500,2,False,1788708459.8700836,
bind,unsigned,test.test-unsigned.example,cold,2468100,2,False,1788708459.872396,
bind,unsigned,test.test-unsigned.example,cold,3330500,2,False,1788708459.8758626,
bind,unsigned,test.test-unsigned.example,cold,3054000,2,False,1788708459.8789842,
bind,unsigned,test.test-unsigned.example,cold,3401100,2,False,1788708459.8823943,
bind,unsigned,test.test-unsigned.example,cold,2727600,2,False,1788708459.8853962,
bind,unsigned,test.test-unsigned.example,cold,3532200,2,False,1788708459.8891923,
bind,unsigned,test.test-unsigned.example,cold,2704000,2,False,1788708459.8918867,
bind,unsigned,test.test-unsigned.example,cold,3923800,2,False,1788708459.8957784,
bind,unsigned,test.test-unsigned.example,cold,3494600,2,False,1788708459.8992934,
bind,unsigned,test.test-unsigned.example,cold,3679200,2,False,1788708459.9031277,
bind,unsigned,test.test-unsigned.example,cold,2637900,2,False,1788708459.905827,
bind,unsigned,test.test-unsigned.example,cold,3265300,2,False,1788708459.9089966,
bind,unsigned,test.test-unsigned.example,cold,4120600,2,False,1788708459.913318,
bind,unsigned,test.test-unsigned.example,cold,4294400,2,False,1788708459.917577,
bind,unsigned,test.test-unsigned.example,cold,2784700,2,False,1788708459.92072,
bind,unsigned,test.test-unsigned.example,cold,3032200,2,False,1788708459.923644,
bind,unsigned,test.test-unsigned.example,cold,2277800,2,False,1788708459.926243,
bind,unsigned,test.test-unsigned.example,cold,5671700,2,False,1788708459.9319265,
bind,unsigned,test.test-unsigned.example,cold,3362600,2,False,1788708459.9350493,
bind,unsigned,test.test-unsigned.example,cold,2902700,2,False,1788708459.938281,
bind,unsigned,test.test-unsigned.example,cold,2457700,2,False,1788708459.940931,
bind,unsigned,test.test-unsigned.example,cold,3351200,2,False,1788708459.9438899,
bind,unsigned,test.test-unsigned.example,cold,3980200,2,False,1788708459.948621,
bind,unsigned,test.test-unsigned.example,cold,2288700,2,False,1788708459.9507203,
bind,unsigned,test.test-unsigned.example,cold,2320000,2,False,1788708459.9533408,
bind,unsigned,test.test-unsigned.example,cold,2784900,2,False,1788708459.9561687,
bind,unsigned,test.test-unsigned.example,cold,2661200,2,False,1788708459.9589581,
bind,unsigned,test.test-unsigned.example,cold,2428000,2,False,1788708459.9612439,
bind,unsigned,test.test-unsigned.example,cold,3522800,2,False,1788708459.9650435,
bind,unsigned,test.test-unsigned.example,cold,2326100,2,False,1788708459.9671314,
bind,unsigned,test.test-unsigned.example,cold,3023700,2,False,1788708459.9703367,
bind,unsigned,test.test-unsigned.example,cold,2357000,2,False,1788708459.9729981,
bind,unsigned,test.test-unsigned.example,cold,2207500,2,False,1788708459.9751215,
bind,unsigned,test.test-unsigned.example,cold,3463400,2,False,1788708459.9785619,
bind,unsigned,test.test-unsigned.example,cold,6458700,2,False,1788708459.985124,
bind,unsigned,test.test-unsigned.example,cold,2588900,2,False,1788708459.9877343,
bind,unsigned,test.test-unsigned.example,cold,3284500,2,False,1788708459.991159,
bind,unsigned,test.test-unsigned.example,cold,2373100,2,False,1788708459.9937663,
bind,unsigned,test.test-unsigned.example,cold,4523900,2,False,1788708459.9967122,
bind,unsigned,test.test-unsigned.example,cold,2298500,2,False,1788708460.000827,
bind,unsigned,test.test-unsigned.example,cold,2648700,2,False,1788708460.003242,
bind,unsigned,test.test-unsigned.example,cold,679687200,2,False,1788708460.683029,
bind,unsigned,test.test-unsigned.example,cold,4726200,2,False,1788708460.6883597,
bind,unsigned,test.test-unsigned.example,cold,3535400,2,False,1788708460.6916301,
bind,unsigned,test.test-unsigned.example,cold,3651800,2,False,1788708460.6954653,
bind,unsigned,test.test-unsigned.example,cold,4449600,2,False,1788708460.7001834,
bind,unsigned,test.test-unsigned.example,cold,2496300,2,False,1788708460.7028508,
bind,unsigned,test.test-unsigned.example,cold,2493300,2,False,1788708460.705465,
bind,unsigned,test.test-unsigned.example,cold,24791800,2,False,1788708460.7306135,
bind,unsigned,test.test-unsigned.example,cold,3030500,2,False,1788708460.7333684,
bind,unsigned,test.test-unsigned.example,cold,3365800,2,False,1788708460.7367895,
bind,unsigned,test.test-unsigned.example,cold,2269100,2,False,1788708460.7394967,
bind,unsigned,test.test-unsigned.example,cold,2847000,2,False,1788708460.7424178,
bind,unsigned,test.test-unsigned.example,cold,2395400,2,False,1788708460.7445383,
bind,unsigned,test.test-unsigned.example,cold,3991800,2,False,1788708460.7486029,
bind,unsigned,test.test-unsigned.example,cold,2372400,2,False,1788708460.7512372,
bind,unsigned,test.test-unsigned.example,cold,2983000,2,False,1788708460.7543712,
bind,unsigned,test.test-unsigned.example,cold,2602900,2,False,1788708460.7571876,
bind,unsigned,test.test-unsigned.example,cold,2287000,2,False,1788708460.7593477,
bind,unsigned,test.test-unsigned.example,cold,6119600,2,False,1788708460.7655535,
bind,unsigned,test.test-unsigned.example,cold,3876100,2,False,1788708460.7697976,
bind,unsigned,test.test-unsigned.example,cold,2571700,2,False,1788708460.7697976,
bind,unsigned,test.test-unsigned.example,cold,3513900,2,False,1788708460.7744114,
bind,unsigned,test.test-unsigned.example,cold,2693000,2,False,1788708460.7787194,
bind,unsigned,test.test-unsigned.example,cold,3379700,2,False,1788708460.7787194,
bind,unsigned,test.test-unsigned.example,cold,2365500,2,False,1788708460.784719,
bind,unsigned,test.test-unsigned.example,cold,3419700,2,False,1788708460.7882855,
bind,unsigned,test.test-unsigned.example,cold,2419300,2,False,1788708460.790544,
bind,unsigned,test.test-unsigned.example,cold,2316400,2,False,1788708460.793187,
bind,unsigned,test.test-unsigned.example,cold,4705200,2,False,1788708460.797469,
bind,unsigned,test.test-unsigned.example,cold,4439800,2,False,1788708460.8022196,
bind,unsigned,test.test-unsigned.example,cold,3118200,2,False,1788708460.8053956,
bind,unsigned,test.test-unsigned.example,cold,2753600,2,False,1788708460.8087232,
bind,unsigned,test.test-unsigned.example,cold,2632400,2,False,1788708460.8110363,
bind,unsigned,test.test-unsigned.example,cold,3475000,2,False,1788708460.8149352,
bind,unsigned,test.test-unsigned.example,cold,3342800,2,False,1788708460.818168,
bind,unsigned,test.test-unsigned.example,cold,2501500,2,False,1788708460.8207197,
bind,unsigned,test.test-unsigned.example,cold,2923800,2,False,1788708460.824171,
bind,unsigned,test.test-unsigned.example,cold,2730400,2,False,1788708460.8265944,
bind,unsigned,test.test-unsigned.example,cold,4515400,2,False,1788708460.8312008,
bind,unsigned,test.test-unsigned.example,cold,2762100,2,False,1788708460.8344793,
bind,unsigned,test.test-unsigned.example,cold,3529800,2,False,1788708460.8375413,
bind,unsigned,test.test-unsigned.example,cold,3293300,2,False,1788708460.8413496,
bind,unsigned,test.test-unsigned.example,cold,3199200,2,False,1788708460.8443666,
bind,unsigned,test.test-unsigned.example,cold,3180300,2,False,1788708460.8476892,
bind,unsigned,test.test-unsigned.example,cold,2921100,2,False,1788708460.8505607,
bind,unsigned,test.test-unsigned.example,cold,2235700,2,False,1788708460.8528388,
bind,unsigned,test.test-unsigned.example,cold,2278200,2,False,1788708460.854219,
bind,unsigned,test.test-unsigned.example,cold,2337000,2,False,1788708460.8570683,
bind,unsigned,test.test-unsigned.example,cold,2252000,2,False,1788708460.8570683,
bind,unsigned,test.test-unsigned.example,cold,2743700,2,False,1788708460.8626747,
bind,unsigned,test.test-unsigned.example,cold,2559100,2,False,1788708460.8626747,
bind,unsigned,test.test-unsigned.example,cold,2333100,2,False,1788708460.8626747,
bind,unsigned,test.test-unsigned.example,cold,2302600,2,False,1788708460.8697536,
bind,unsigned,test.test-unsigned.example,cold,2347400,2,False,1788708460.8728683,
bind,unsigned,test.test-unsigned.example,cold,2367300,2,False,1788708460.8751087,
bind,unsigned,test.test-unsigned.example,cold,2549500,2,False,1788708460.8778257,
bind,unsigned,test.test-unsigned.example,cold,4168500,2,False,1788708460.882119,
bind,unsigned,test.test-unsigned.example,cold,2560800,2,False,1788708460.8848426,
bind,unsigned,test.test-unsigned.example,cold,2673600,2,False,1788708460.887481,
bind,unsigned,test.test-unsigned.example,cold,2691100,2,False,1788708460.8896017,
bind,unsigned,test.test-unsigned.example,cold,2627300,2,False,1788708460.8929255,
bind,unsigned,test.test-unsigned.example,cold,2876500,2,False,1788708460.895661,
bind,unsigned,test.test-unsigned.example,cold,3120100,2,False,1788708460.898984,
bind,unsigned,test.test-unsigned.example,cold,2615000,2,False,1788708460.901871,
bind,unsigned,test.test-unsigned.example,cold,2439600,2,False,1788708460.9044967,
bind,unsigned,test.test-unsigned.example,cold,2387000,2,False,1788708460.9068508,
bind,unsigned,test.test-unsigned.example,cold,2412000,2,False,1788708460.9096155,
bind,unsigned,test.test-unsigned.example,cold,2983200,2,False,1788708460.9126928,
bind,unsigned,test.test-unsigned.example,cold,3196900,2,False,1788708460.9156477,
bind,unsigned,test.test-unsigned.example,cold,2650400,2,False,1788708460.9182944,
bind,unsigned,test.test-unsigned.example,cold,2798700,2,False,1788708460.9214902,
bind,unsigned,test.test-unsigned.example,cold,2322600,2,False,1788708460.9236856,
bind,unsigned,test.test-unsigned.example,cold,2348000,2,False,1788708460.9263444,
bind,unsigned,test.test-unsigned.example,cold,2706500,2,False,1788708460.9289746,
bind,unsigned,test.test-unsigned.example,cold,3466500,2,False,1788708460.9324915,
bind,unsigned,test.test-unsigned.example,cold,2739600,2,False,1788708460.9356713,
bind,unsigned,test.test-unsigned.example,cold,2712700,2,False,1788708460.9383795,
bind,unsigned,test.test-unsigned.example,cold,2844400,2,False,1788708460.9411564,
bind,unsigned,test.test-unsigned.example,cold,2291200,2,False,1788708460.9434876,
bind,unsigned,test.test-unsigned.example,cold,2754100,2,False,1788708460.9463897,
bind,unsigned,test.test-unsigned.example,cold,2419300,2,False,1788708460.9491012,
bind,unsigned,test.test-unsigned.example,cold,2291200,2,False,1788708460.9511864,
bind,unsigned,test.test-unsigned.example,cold,2250700,2,False,1788708460.9538097,
bind,unsigned,test.test-unsigned.example,cold,2302100,2,False,1788708460.955929,
bind,unsigned,test.test-unsigned.example,cold,2358300,2,False,1788708460.9585364,
bind,unsigned,test.test-unsigned.example,cold,2512900,2,False,1788708460.9606345,
bind,unsigned,test.test-unsigned.example,cold,4823200,2,False,1788708460.9661558,
bind,unsigned,test.test-unsigned.example,cold,2668100,2,False,1788708460.9684608,
bind,unsigned,test.test-unsigned.example,cold,2824800,2,False,1788708460.9716384,
bind,unsigned,test.test-unsigned.example,cold,2550200,2,False,1788708460.97398,
bind,unsigned,test.test-unsigned.example,cold,2293300,2,False,1788708460.976612,
bind,unsigned,test.test-unsigned.example,cold,2824000,2,False,1788708460.9792907,
bind,unsigned,test.test-unsigned.example,cold,3008500,2,False,1788708460.9824948,
bind,unsigned,test.test-unsigned.example,cold,2779900,2,False,1788708460.9853907,
bind,unsigned,test.test-unsigned.example,cold,2203400,2,False,1788708460.987476,
bind,unsigned,test.test-unsigned.example,cold,2359300,2,False,1788708460.9901135,
bind,unsigned,test.test-unsigned.example,cold,2445100,2,False,1788708460.9924834,
bind,unsigned,test.test-unsigned.example,cold,3338200,2,False,1788708460.9955802,
bind,unsigned,test.test-unsigned.example,cold,3419500,2,False,1788708460.9994605,
bind,unsigned,test.test-unsigned.example,cold,2900800,2,False,1788708461.0015268,
bind,unsigned,test.test-unsigned.example,cold,379903400,2,False,1788708461.382443,
bind,unsigned,test.test-unsigned.example,cold,6108300,2,False,1788708461.3888705,
bind,unsigned,test.test-unsigned.example,cold,4714300,2,False,1788708461.3942604,
bind,unsigned,test.test-unsigned.example,cold,6196300,2,False,1788708461.4005463,
bind,unsigned,test.test-unsigned.example,cold,3667200,2,False,1788708461.4039812,
bind,unsigned,test.test-unsigned.example,cold,2929700,2,False,1788708461.4072106,
bind,unsigned,test.test-unsigned.example,cold,2617900,2,False,1788708461.409618,
bind,unsigned,test.test-unsigned.example,cold,3079700,2,False,1788708461.4131467,
bind,unsigned,test.test-unsigned.example,cold,2739700,2,False,1788708461.4159124,
bind,unsigned,test.test-unsigned.example,cold,2361200,2,False,1788708461.4182057,
bind,unsigned,test.test-unsigned.example,cold,2626000,2,False,1788708461.4208653,
bind,unsigned,test.test-unsigned.example,cold,2504600,2,False,1788708461.4235475,
bind,unsigned,test.test-unsigned.example,cold,2637700,2,False,1788708461.42622,
bind,unsigned,test.test-unsigned.example,cold,3023000,2,False,1788708461.4290564,
bind,unsigned,test.test-unsigned.example,cold,2577600,2,False,1788708461.4320564,
bind,unsigned,test.test-unsigned.example,cold,2312000,2,False,1788708461.4343374,
bind,unsigned,test.test-unsigned.example,cold,2434600,2,False,1788708461.4370508,
bind,unsigned,test.test-unsigned.example,cold,2584200,2,False,1788708461.4397185,
bind,unsigned,test.test-unsigned.example,cold,2597800,2,False,1788708461.4423583,
bind,unsigned,test.test-unsigned.example,cold,2518000,2,False,1788708461.445163,
bind,unsigned,test.test-unsigned.example,cold,3089700,2,False,1788708461.4484491,
bind,unsigned,test.test-unsigned.example,cold,2424700,2,False,1788708461.45111,
bind,unsigned,test.test-unsigned.example,cold,2621100,2,False,1788708461.4537578,
bind,unsigned,test.test-unsigned.example,cold,2429500,2,False,1788708461.4564493,
bind,unsigned,test.test-unsigned.example,cold,2441400,2,False,1788708461.459095,
bind,unsigned,test.test-unsigned.example,cold,3054600,2,False,1788708461.4619524,
bind,unsigned,test.test-unsigned.example,cold,3773800,2,False,1788708461.465808,
bind,unsigned,test.test-unsigned.example,cold,2785300,2,False,1788708461.468939,
bind,unsigned,test.test-unsigned.example,cold,2994900,2,False,1788708461.4716828,
bind,unsigned,test.test-unsigned.example,cold,2932400,2,False,1788708461.4743237,
bind,unsigned,test.test-unsigned.example,cold,2405100,2,False,1788708461.4773033,
bind,unsigned,test.test-unsigned.example,cold,3566300,2,False,1788708461.4810705,
bind,unsigned,test.test-unsigned.example,cold,3139000,2,False,1788708461.484401,
bind,unsigned,test.test-unsigned.example,cold,2314300,2,False,1788708461.4865832,
bind,unsigned,test.test-unsigned.example,cold,2355400,2,False,1788708461.4892166,
bind,unsigned,test.test-unsigned.example,cold,2529000,2,False,1788708461.4916375,
bind,unsigned,test.test-unsigned.example,cold,2944200,2,False,1788708461.4946604,
bind,unsigned,test.test-unsigned.example,cold,3187000,2,False,1788708461.4978764,
bind,unsigned,test.test-unsigned.example,cold,2320600,2,False,1788708461.5005395,
bind,unsigned,test.test-unsigned.example,cold,2431600,2,False,1788708461.5031457,
bind,unsigned,test.test-unsigned.example,cold,2407600,2,False,1788708461.5052826,
bind,unsigned,test.test-unsigned.example,cold,2306200,2,False,1788708461.5078964,
bind,unsigned,test.test-unsigned.example,cold,2440200,2,False,1788708461.510282,
bind,unsigned,test.test-unsigned.example,cold,3851300,2,False,1788708461.513941,
bind,unsigned,test.test-unsigned.example,cold,3173600,2,False,1788708461.5177176,
bind,unsigned,test.test-unsigned.example,cold,2541900,2,False,1788708461.5199482,
bind,unsigned,test.test-unsigned.example,cold,3118600,2,False,1788708461.5231833,
bind,unsigned,test.test-unsigned.example,cold,2482100,2,False,1788708461.5258284,
bind,unsigned,test.test-unsigned.example,cold,5035000,2,False,1788708461.5309453,
bind,unsigned,test.test-unsigned.example,cold,2562100,2,False,1788708461.5337431,
bind,unsigned,test.test-unsigned.example,cold,2244400,2,False,1788708461.5358515,
bind,unsigned,test.test-unsigned.example,cold,2285900,2,False,1788708461.5384836,
bind,unsigned,test.test-unsigned.example,cold,2314000,2,False,1788708461.5407913,
bind,unsigned,test.test-unsigned.example,cold,2440400,2,False,1788708461.5435233,
bind,unsigned,test.test-unsigned.example,cold,2686600,2,False,1788708461.5459664,
bind,unsigned,test.test-unsigned.example,cold,3403100,2,False,1788708461.5496738,
bind,unsigned,test.test-unsigned.example,cold,3471700,2,False,1788708461.5534563,
bind,unsigned,test.test-unsigned.example,cold,3042300,2,False,1788708461.5562007,
bind,unsigned,test.test-unsigned.example,cold,2589700,2,False,1788708461.5589814,
bind,unsigned,test.test-unsigned.example,cold,5478900,2,False,1788708461.5644116,
bind,unsigned,test.test-unsigned.example,cold,2833900,2,False,1788708461.5676386,
bind,unsigned,test.test-unsigned.example,cold,2773300,2,False,1788708461.570342,
bind,unsigned,test.test-unsigned.example,cold,2421200,2,False,1788708461.5729733,
bind,unsigned,test.test-unsigned.example,cold,2587500,2,False,1788708461.5758026,
bind,unsigned,test.test-unsigned.example,cold,2429900,2,False,1788708461.5779433,
bind,unsigned,test.test-unsigned.example,cold,2686200,2,False,1788708461.5809608,
bind,unsigned,test.test-unsigned.example,cold,2378000,2,False,1788708461.58359,
bind,unsigned,test.test-unsigned.example,cold,2476900,2,False,1788708461.5856984,
bind,unsigned,test.test-unsigned.example,cold,2515900,2,False,1788708461.5883675,
bind,unsigned,test.test-unsigned.example,cold,2870000,2,False,1788708461.5917258,
bind,unsigned,test.test-unsigned.example,cold,2659300,2,False,1788708461.5940022,
bind,unsigned,test.test-unsigned.example,cold,2969900,2,False,1788708461.59701,
bind,unsigned,test.test-unsigned.example,cold,2805700,2,False,1788708461.5994654,
bind,unsigned,test.test-unsigned.example,cold,2361200,2,False,1788708461.6021903,
bind,unsigned,test.test-unsigned.example,cold,2326600,2,False,1788708461.6021903,
bind,unsigned,test.test-unsigned.example,cold,2264900,2,False,1788708461.6021903,
bind,unsigned,test.test-unsigned.example,cold,3393100,2,False,1788708461.6109347,
bind,unsigned,test.test-unsigned.example,cold,3218300,2,False,1788708461.6139472,
bind,unsigned,test.test-unsigned.example,cold,2798500,2,False,1788708461.6171384,
bind,unsigned,test.test-unsigned.example,cold,2749000,2,False,1788708461.620035,
bind,unsigned,test.test-unsigned.example,cold,2261400,2,False,1788708461.6221952,
bind,unsigned,test.test-unsigned.example,cold,2225600,2,False,1788708461.6242843,
bind,unsigned,test.test-unsigned.example,cold,2576000,2,False,1788708461.6270416,
bind,unsigned,test.test-unsigned.example,cold,2575900,2,False,1788708461.6296897,
bind,unsigned,test.test-unsigned.example,cold,2383900,2,False,1788708461.6323566,
bind,unsigned,test.test-unsigned.example,cold,2457400,2,False,1788708461.6349585,
bind,unsigned,test.test-unsigned.example,cold,2474100,2,False,1788708461.6375864,
bind,unsigned,test.test-unsigned.example,cold,2271300,2,False,1788708461.6397226,
bind,unsigned,test.test-unsigned.example,cold,2852300,2,False,1788708461.6425328,
bind,unsigned,test.test-unsigned.example,cold,2881300,2,False,1788708461.645173,
bind,unsigned,test.test-unsigned.example,cold,2506800,2,False,1788708461.6480548,
bind,unsigned,test.test-unsigned.example,cold,2279500,2,False,1788708461.6507185,
bind,unsigned,test.test-unsigned.example,cold,2272000,2,False,1788708461.652826,
bind,unsigned,test.test-unsigned.example,cold,2362900,2,False,1788708461.6554565,
bind,unsigned,test.test-unsigned.example,cold,2971500,2,False,1788708461.6583064,
bind,unsigned,test.test-unsigned.example,cold,3216100,2,False,1788708461.6618767,
bind,unsigned,test.test-unsigned.example,cold,2937800,2,False,1788708461.6646504,
bind,unsigned,test.test-unsigned.example,cold,3006000,2,False,1788708461.667959,
bind,unsigned,test.test-unsigned.example,cold,2513500,2,False,1788708461.6706495,
bind,unsigned,test.test-unsigned.example,cold,2484900,2,False,1788708461.671663,
bind,unsigned,test.test-unsigned.example,cold,2366200,2,False,1788708461.6746278,
bind,unsigned,test.test-unsigned.example,cold,2439800,2,False,1788708461.6746278,
bind,unsigned,test.test-unsigned.example,cold,2453400,2,False,1788708461.6798167,
bind,unsigned,test.test-unsigned.example,cold,2314000,2,False,1788708461.6798167,
bind,unsigned,test.test-unsigned.example,cold,2323000,2,False,1788708461.6798167,
bind,unsigned,test.test-unsigned.example,cold,2479500,2,False,1788708461.6874635,
bind,unsigned,test.test-unsigned.example,cold,2982100,2,False,1788708461.6908343,
bind,unsigned,test.test-unsigned.example,cold,2254500,2,False,1788708461.693007,
bind,unsigned,test.test-unsigned.example,cold,2651500,2,False,1788708461.6962273,
bind,unsigned,test.test-unsigned.example,cold,5706100,2,False,1788708461.701431,
bind,unsigned,test.test-unsigned.example,cold,5787200,2,False,1788708461.7074926,
bind,unsigned,test.test-unsigned.example,cold,2885900,2,False,1788708461.710656,
bind,unsigned,test.test-unsigned.example,cold,2544500,2,False,1788708461.7135038,
bind,unsigned,test.test-unsigned.example,cold,2340400,2,False,1788708461.7155795,
bind,unsigned,test.test-unsigned.example,cold,2560300,2,False,1788708461.718225,
bind,unsigned,test.test-unsigned.example,cold,3282400,2,False,1788708461.7216635,
bind,unsigned,test.test-unsigned.example,cold,3138400,2,False,1788708461.7251382,
bind,unsigned,test.test-unsigned.example,cold,2622900,2,False,1788708461.727811,
bind,unsigned,test.test-unsigned.example,cold,2865100,2,False,1788708461.7305343,
bind,unsigned,test.test-unsigned.example,cold,2633300,2,False,1788708461.7331522,
bind,unsigned,test.test-unsigned.example,cold,3394700,2,False,1788708461.73648,
bind,unsigned,test.test-unsigned.example,cold,3990700,2,False,1788708461.74096,
bind,unsigned,test.test-unsigned.example,cold,2559600,2,False,1788708461.7436502,
bind,unsigned,test.test-unsigned.example,cold,2552300,2,False,1788708461.7462597,
bind,unsigned,test.test-unsigned.example,cold,2293900,2,False,1788708461.748341,
bind,unsigned,test.test-unsigned.example,cold,2497400,2,False,1788708461.751247,
bind,unsigned,test.test-unsigned.example,cold,2458600,2,False,1788708461.7534468,
bind,unsigned,test.test-unsigned.example,cold,2370300,2,False,1788708461.7561438,
bind,unsigned,test.test-unsigned.example,cold,2278100,2,False,1788708461.7582524,
bind,unsigned,test.test-unsigned.example,cold,2384400,2,False,1788708461.7608533,
bind,unsigned,test.test-unsigned.example,cold,2437000,2,False,1788708461.7634726,
bind,unsigned,test.test-unsigned.example,cold,5609400,2,False,1788708461.7689042,
bind,unsigned,test.test-unsigned.example,cold,3307600,2,False,1788708461.7727816,
bind,unsigned,test.test-unsigned.example,cold,2677800,2,False,1788708461.775564,
bind,unsigned,test.test-unsigned.example,cold,2691000,2,False,1788708461.7782285,
bind,unsigned,test.test-unsigned.example,cold,2856200,2,False,1788708461.781099,
bind,unsigned,test.test-unsigned.example,cold,2168600,2,False,1788708461.7833443,
bind,unsigned,test.test-unsigned.example,cold,2408000,2,False,1788708461.7859764,
bind,unsigned,test.test-unsigned.example,cold,2331700,2,False,1788708461.7880843,
bind,unsigned,test.test-unsigned.example,cold,2407600,2,False,1788708461.7907164,
bind,unsigned,test.test-unsigned.example,cold,2333800,2,False,1788708461.793024,
bind,unsigned,test.test-unsigned.example,cold,2556600,2,False,1788708461.7956355,
bind,unsigned,test.test-unsigned.example,cold,3534300,2,False,1788708461.7989848,
bind,unsigned,test.test-unsigned.example,cold,2630900,2,False,1788708461.8018954,
bind,unsigned,test.test-unsigned.example,cold,2618700,2,False,1788708461.8046522,
bind,unsigned,test.test-unsigned.example,cold,2553000,2,False,1788708461.8074572,
bind,unsigned,test.test-unsigned.example,cold,2264600,2,False,1788708461.8095558,
bind,unsigned,test.test-unsigned.example,cold,3227600,2,False,1788708461.8127942,
bind,unsigned,test.test-unsigned.example,cold,2570200,2,False,1788708461.815451,
bind,unsigned,test.test-unsigned.example,cold,2544300,2,False,1788708461.8180954,
bind,unsigned,test.test-unsigned.example,cold,2815100,2,False,1788708461.8212292,
bind,unsigned,test.test-unsigned.example,cold,2388600,2,False,1788708461.8227863,
bind,unsigned,test.test-unsigned.example,cold,2721400,2,False,1788708461.824315,
bind,unsigned,test.test-unsigned.example,cold,3510300,2,False,1788708461.8302844,
bind,unsigned,test.test-unsigned.example,cold,5774000,2,False,1788708461.8352635,
bind,unsigned,test.test-unsigned.example,cold,2945800,2,False,1788708461.8352635,
bind,unsigned,test.test-unsigned.example,cold,2777500,2,False,1788708461.8352635,
bind,unsigned,test.test-unsigned.example,cold,3192700,2,False,1788708461.8449054,
bind,unsigned,test.test-unsigned.example,cold,2405500,2,False,1788708461.8475835,
bind,unsigned,test.test-unsigned.example,cold,2415200,2,False,1788708461.8502078,
bind,unsigned,test.test-unsigned.example,cold,2319300,2,False,1788708461.8522866,
bind,unsigned,test.test-unsigned.example,cold,3338300,2,False,1788708461.8559773,
bind,unsigned,test.test-unsigned.example,cold,3065200,2,False,1788708461.8586864,
bind,unsigned,test.test-unsigned.example,cold,3105300,2,False,1788708461.862086,
bind,unsigned,test.test-unsigned.example,cold,2651800,2,False,1788708461.8648376,
bind,unsigned,test.test-unsigned.example,cold,2681200,2,False,1788708461.8675268,
bind,unsigned,test.test-unsigned.example,cold,2797100,2,False,1788708461.8707473,
bind,unsigned,test.test-unsigned.example,cold,2800600,2,False,1788708461.8736203,
bind,unsigned,test.test-unsigned.example,cold,3563400,2,False,1788708461.8766766,
bind,unsigned,test.test-unsigned.example,cold,2863600,2,False,1788708461.8799927,
bind,unsigned,test.test-unsigned.example,cold,2824400,2,False,1788708461.8828132,
bind,unsigned,test.test-unsigned.example,cold,3153600,2,False,1788708461.8860083,
bind,unsigned,test.test-unsigned.example,cold,2539600,2,False,1788708461.8886662,
bind,unsigned,test.test-unsigned.example,cold,3341200,2,False,1788708461.8922884,
bind,unsigned,test.test-unsigned.example,cold,2225700,2,False,1788708461.8943648,
bind,unsigned,test.test-unsigned.example,cold,2489200,2,False,1788708461.896998,
bind,unsigned,test.test-unsigned.example,cold,2256300,2,False,1788708461.8996131,
bind,unsigned,test.test-unsigned.example,cold,2356600,2,False,1788708461.9017842,
bind,unsigned,test.test-unsigned.example,cold,2393100,2,False,1788708461.9043903,
bind,unsigned,test.test-unsigned.example,cold,2717500,2,False,1788708461.9072497,
bind,unsigned,test.test-unsigned.example,cold,2721100,2,False,1788708461.909931,
bind,unsigned,test.test-unsigned.example,cold,2169700,2,False,1788708461.912079,
bind,unsigned,test.test-unsigned.example,cold,2460900,2,False,1788708461.9147556,
bind,unsigned,test.test-unsigned.example,cold,2449000,2,False,1788708461.917026,
bind,unsigned,test.test-unsigned.example,cold,2362700,2,False,1788708461.9196596,
bind,unsigned,test.test-unsigned.example,cold,3161400,2,False,1788708461.922886,
bind,unsigned,test.test-unsigned.example,cold,3372700,2,False,1788708461.9265265,
bind,unsigned,test.test-unsigned.example,cold,2962100,2,False,1788708461.9293253,
bind,unsigned,test.test-unsigned.example,cold,2374300,2,False,1788708461.9319386,
bind,unsigned,test.test-unsigned.example,cold,2204800,2,False,1788708461.9340606,
bind,unsigned,test.test-unsigned.example,cold,2852300,2,False,1788708461.936883,
bind,unsigned,test.test-unsigned.example,cold,10585100,2,False,1788708461.947623,
bind,unsigned,test.test-unsigned.example,cold,7600400,2,False,1788708461.9555793,
bind,unsigned,test.test-unsigned.example,cold,2510200,2,False,1788708461.9581883,
bind,unsigned,test.test-unsigned.example,cold,2422700,2,False,1788708461.9608004,
bind,unsigned,test.test-unsigned.example,cold,2498000,2,False,1788708461.9634132,
bind,unsigned,test.test-unsigned.example,cold,2456200,2,False,1788708461.965495,
bind,unsigned,test.test-unsigned.example,cold,2225100,2,False,1788708461.9682822,
bind,unsigned,test.test-unsigned.example,cold,2195000,2,False,1788708461.9703739,
bind,unsigned,test.test-unsigned.example,cold,2258800,2,False,1788708461.9724622,
bind,unsigned,test.test-unsigned.example,cold,2376300,2,False,1788708461.9750812,
bind,unsigned,test.test-unsigned.example,cold,2416100,2,False,1788708461.9777117,
bind,unsigned,test.test-unsigned.example,cold,2563400,2,False,1788708461.9803095,
bind,unsigned,test.test-unsigned.example,cold,3691400,2,False,1788708461.9839227,
bind,unsigned,test.test-unsigned.example,cold,3036300,2,False,1788708461.987362,
bind,unsigned,test.test-unsigned.example,cold,2556700,2,False,1788708461.9899957,
bind,unsigned,test.test-unsigned.example,cold,2675100,2,False,1788708461.992613,
bind,unsigned,test.test-unsigned.example,cold,2715700,2,False,1788708461.9952886,
bind,unsigned,test.test-unsigned.example,cold,2776700,2,False,1788708461.9980516,
bind,unsigned,test.test-unsigned.example,cold,3484300,2,False,1788708462.001693,
bind,unsigned,test.test-unsigned.example,cold,3149400,2,False,1788708462.004999,
bind,unsigned,test.test-unsigned.example,cold,260551000,2,False,1788708462.2657337,
bind,unsigned,test.test-unsigned.example,cold,9754100,2,False,1788708462.275571,
bind,unsigned,test.test-unsigned.example,cold,11173000,2,False,1788708462.287041,
bind,unsigned,test.test-unsigned.example,cold,5425700,2,False,1788708462.2928247,
bind,unsigned,test.test-unsigned.example,cold,4721500,2,False,1788708462.2971892,
bind,unsigned,test.test-unsigned.example,cold,2898500,2,False,1788708462.3006034,
bind,unsigned,test.test-unsigned.example,cold,2713900,2,False,1788708462.3032622,
bind,unsigned,test.test-unsigned.example,cold,2491300,2,False,1788708462.306017,
bind,unsigned,test.test-unsigned.example,cold,2677800,2,False,1788708462.3086798,
bind,unsigned,test.test-unsigned.example,cold,2854700,2,False,1788708462.3113713,
bind,unsigned,test.test-unsigned.example,cold,3092500,2,False,1788708462.3147655,
bind,unsigned,test.test-unsigned.example,cold,2800800,2,False,1788708462.3177757,
bind,unsigned,test.test-unsigned.example,cold,2236300,2,False,1788708462.3200684,
bind,unsigned,test.test-unsigned.example,cold,2581800,2,False,1788708462.3227274,
bind,unsigned,test.test-unsigned.example,cold,2441200,2,False,1788708462.3249712,
bind,unsigned,test.test-unsigned.example,cold,2799900,2,False,1788708462.328032,
bind,unsigned,test.test-unsigned.example,cold,2703700,2,False,1788708462.3306987,
bind,unsigned,test.test-unsigned.example,cold,2436300,2,False,1788708462.3334053,
bind,unsigned,test.test-unsigned.example,cold,2502400,2,False,1788708462.3360326,
bind,unsigned,test.test-unsigned.example,cold,2390500,2,False,1788708462.3383474,
bind,unsigned,test.test-unsigned.example,cold,2541500,2,False,1788708462.3410134,
bind,unsigned,test.test-unsigned.example,cold,2774700,2,False,1788708462.3438754,
bind,unsigned,test.test-unsigned.example,cold,2769900,2,False,1788708462.3465633,
bind,unsigned,test.test-unsigned.example,cold,2474700,2,False,1788708462.3492606,
bind,unsigned,test.test-unsigned.example,cold,2673800,2,False,1788708462.3522947,
bind,unsigned,test.test-unsigned.example,cold,2525600,2,False,1788708462.3549268,
bind,unsigned,test.test-unsigned.example,cold,2470300,2,False,1788708462.3570168,
bind,unsigned,test.test-unsigned.example,cold,3024200,2,False,1788708462.3601618,
bind,unsigned,test.test-unsigned.example,cold,3495400,2,False,1788708462.364066,
bind,unsigned,test.test-unsigned.example,cold,2704100,2,False,1788708462.3668044,
bind,unsigned,test.test-unsigned.example,cold,2632200,2,False,1788708462.3696592,
bind,unsigned,test.test-unsigned.example,cold,2623100,2,False,1788708462.3720865,
bind,unsigned,test.test-unsigned.example,cold,2543900,2,False,1788708462.374915,
bind,unsigned,test.test-unsigned.example,cold,3720400,2,False,1788708462.378286,
bind,unsigned,test.test-unsigned.example,cold,3543000,2,False,1788708462.3821757,
bind,unsigned,test.test-unsigned.example,cold,2719700,2,False,1788708462.3848605,
bind,unsigned,test.test-unsigned.example,cold,3155700,2,False,1788708462.3880947,
bind,unsigned,test.test-unsigned.example,cold,2647500,2,False,1788708462.390896,
bind,unsigned,test.test-unsigned.example,cold,2387200,2,False,1788708462.3936503,
bind,unsigned,test.test-unsigned.example,cold,2634200,2,False,1788708462.3962595,
bind,unsigned,test.test-unsigned.example,cold,2439300,2,False,1788708462.3988757,
bind,unsigned,test.test-unsigned.example,cold,2354800,2,False,1788708462.4009695,
bind,unsigned,test.test-unsigned.example,cold,2452200,2,False,1788708462.4036062,
bind,unsigned,test.test-unsigned.example,cold,2642900,2,False,1788708462.405231,
bind,unsigned,test.test-unsigned.example,cold,3976200,2,False,1788708462.4103007,
bind,unsigned,test.test-unsigned.example,cold,3161400,2,False,1788708462.4134889,
bind,unsigned,test.test-unsigned.example,cold,2612000,2,False,1788708462.4162102,
bind,unsigned,test.test-unsigned.example,cold,2880700,2,False,1788708462.4193714,
bind,unsigned,test.test-unsigned.example,cold,2529700,2,False,1788708462.4220142,
bind,unsigned,test.test-unsigned.example,cold,2386800,2,False,1788708462.423608,
bind,unsigned,test.test-unsigned.example,cold,2368000,2,False,1788708462.425136,
bind,unsigned,test.test-unsigned.example,cold,2532300,2,False,1788708462.4281793,
bind,unsigned,test.test-unsigned.example,cold,2345200,2,False,1788708462.4281793,
bind,unsigned,test.test-unsigned.example,cold,2415200,2,False,1788708462.4342144,
bind,unsigned,test.test-unsigned.example,cold,2373000,2,False,1788708462.436647,
bind,unsigned,test.test-unsigned.example,cold,2308900,2,False,1788708462.439286,
bind,unsigned,test.test-unsigned.example,cold,2374600,2,False,1788708462.4419563,
bind,unsigned,test.test-unsigned.example,cold,2338700,2,False,1788708462.444044,
bind,unsigned,test.test-unsigned.example,cold,2490500,2,False,1788708462.4466734,
bind,unsigned,test.test-unsigned.example,cold,2404400,2,False,1788708462.4493144,
bind,unsigned,test.test-unsigned.example,cold,2463100,2,False,1788708462.4515712,
bind,unsigned,test.test-unsigned.example,cold,2361100,2,False,1788708462.4542582,
bind,unsigned,test.test-unsigned.example,cold,2327800,2,False,1788708462.4565992,
bind,unsigned,test.test-unsigned.example,cold,2321400,2,False,1788708462.4592264,
bind,unsigned,test.test-unsigned.example,cold,2392800,2,False,1788708462.4613256,
bind,unsigned,test.test-unsigned.example,cold,3059300,2,False,1788708462.4645593,
bind,unsigned,test.test-unsigned.example,cold,4574700,2,False,1788708462.4690063,
bind,unsigned,test.test-unsigned.example,cold,4004600,2,False,1788708462.473614,
bind,unsigned,test.test-unsigned.example,cold,2794800,2,False,1788708462.4762816,
bind,unsigned,test.test-unsigned.example,cold,2710300,2,False,1788708462.4792483,
bind,unsigned,test.test-unsigned.example,cold,2496000,2,False,1788708462.4818645,
bind,unsigned,test.test-unsigned.example,cold,2645000,2,False,1788708462.484105,
bind,unsigned,test.test-unsigned.example,cold,2410000,2,False,1788708462.486733,
bind,unsigned,test.test-unsigned.example,cold,2522600,2,False,1788708462.48944,
bind,unsigned,test.test-unsigned.example,cold,2417100,2,False,1788708462.492054,
bind,unsigned,test.test-unsigned.example,cold,2447300,2,False,1788708462.4946814,
bind,unsigned,test.test-unsigned.example,cold,2505600,2,False,1788708462.4972777,
bind,unsigned,test.test-unsigned.example,cold,2659400,2,False,1788708462.4995685,
bind,unsigned,test.test-unsigned.example,cold,2451000,2,False,1788708462.5021942,
bind,unsigned,test.test-unsigned.example,cold,2172000,2,False,1788708462.5048156,
bind,unsigned,test.test-unsigned.example,cold,2426000,2,False,1788708462.5069194,
bind,unsigned,test.test-unsigned.example,cold,2366100,2,False,1788708462.5095627,
bind,unsigned,test.test-unsigned.example,cold,2518600,2,False,1788708462.51224,
bind,unsigned,test.test-unsigned.example,cold,2796600,2,False,1788708462.5149367,
bind,unsigned,test.test-unsigned.example,cold,2412900,2,False,1788708462.5175235,
bind,unsigned,test.test-unsigned.example,cold,2337900,2,False,1788708462.519825,
bind,unsigned,test.test-unsigned.example,cold,2462400,2,False,1788708462.522452,
bind,unsigned,test.test-unsigned.example,cold,2230800,2,False,1788708462.5245724,
bind,unsigned,test.test-unsigned.example,cold,2446100,2,False,1788708462.5272145,
bind,unsigned,test.test-unsigned.example,cold,3226400,2,False,1788708462.5304818,
bind,unsigned,test.test-unsigned.example,cold,3429100,2,False,1788708462.5339272,
bind,unsigned,test.test-unsigned.example,cold,16411900,2,False,1788708462.5516913,
bind,unsigned,test.test-unsigned.example,cold,8396700,2,False,1788708462.5605516,
bind,unsigned,test.test-unsigned.example,cold,19890700,2,False,1788708462.5794423,
bind,unsigned,test.test-unsigned.example,cold,19015000,2,False,1788708462.5988274,
bind,unsigned,test.test-unsigned.example,cold,27280000,2,False,1788708462.6257703,
bind,unsigned,test.test-unsigned.example,cold,11675300,2,False,1788708462.6384315,
bind,unsigned,test.test-unsigned.example,cold,4491800,2,False,1788708462.6431444,
bind,unsigned,test.test-unsigned.example,cold,7498500,2,False,1788708462.6503325,
bind,unsigned,test.test-unsigned.example,cold,4374000,2,False,1788708462.6551752,
bind,unsigned,test.test-unsigned.example,cold,3244200,2,False,1788708462.6585696,
bind,unsigned,test.test-unsigned.example,cold,6179600,2,False,1788708462.6648512,
bind,unsigned,test.test-unsigned.example,cold,4043800,2,False,1788708462.668935,
bind,unsigned,test.test-unsigned.example,cold,4410800,2,False,1788708462.673869,
bind,unsigned,test.test-unsigned.example,cold,8751600,2,False,1788708462.682566,
bind,unsigned,test.test-unsigned.example,cold,5204700,2,False,1788708462.6870003,
bind,unsigned,test.test-unsigned.example,cold,8768100,2,False,1788708462.695594,
bind,unsigned,test.test-unsigned.example,cold,6170500,2,False,1788708462.703114,
bind,unsigned,test.test-unsigned.example,cold,4206600,2,False,1788708462.7075593,
bind,unsigned,test.test-unsigned.example,cold,3490600,2,False,1788708462.7110062,
bind,unsigned,test.test-unsigned.example,cold,6045900,2,False,1788708462.7173944,
bind,unsigned,test.test-unsigned.example,cold,4132200,2,False,1788708462.7211769,
bind,unsigned,test.test-unsigned.example,cold,5552100,2,False,1788708462.726848,
bind,unsigned,test.test-unsigned.example,cold,4285900,2,False,1788708462.7315686,
bind,unsigned,test.test-unsigned.example,cold,4877600,2,False,1788708462.736334,
bind,unsigned,test.test-unsigned.example,cold,4174800,2,False,1788708462.7406201,
bind,unsigned,test.test-unsigned.example,cold,6153800,2,False,1788708462.7466938,
bind,unsigned,test.test-unsigned.example,cold,4279900,2,False,1788708462.7514644,
bind,unsigned,test.test-unsigned.example,cold,6616800,2,False,1788708462.7581038,
bind,unsigned,test.test-unsigned.example,cold,9244300,2,False,1788708462.767177,
bind,unsigned,test.test-unsigned.example,cold,6809400,2,False,1788708462.7740712,
bind,unsigned,test.test-unsigned.example,cold,9278100,2,False,1788708462.7836454,
bind,unsigned,test.test-unsigned.example,cold,8071700,2,False,1788708462.7915752,
bind,unsigned,test.test-unsigned.example,cold,5446600,2,False,1788708462.7974174,
bind,unsigned,test.test-unsigned.example,cold,3171800,2,False,1788708462.8006701,
bind,unsigned,test.test-unsigned.example,cold,2594200,2,False,1788708462.8033173,
bind,unsigned,test.test-unsigned.example,cold,2415000,2,False,1788708462.8056679,
bind,unsigned,test.test-unsigned.example,cold,2779900,2,False,1788708462.8087928,
bind,unsigned,test.test-unsigned.example,cold,2647000,2,False,1788708462.8114152,
bind,unsigned,test.test-unsigned.example,cold,2985500,2,False,1788708462.8146765,
bind,unsigned,test.test-unsigned.example,cold,2547700,2,False,1788708462.8167837,
bind,unsigned,test.test-unsigned.example,cold,2681600,2,False,1788708462.8200662,
bind,unsigned,test.test-unsigned.example,cold,3269900,2,False,1788708462.8231902,
bind,unsigned,test.test-unsigned.example,cold,2444800,2,False,1788708462.825923,
bind,unsigned,test.test-unsigned.example,cold,2350200,2,False,1788708462.8280194,
bind,unsigned,test.test-unsigned.example,cold,4169600,2,False,1788708462.8318925,
bind,unsigned,test.test-unsigned.example,cold,7489800,2,False,1788708462.839757,
bind,unsigned,test.test-unsigned.example,cold,3257400,2,False,1788708462.8434806,
bind,unsigned,test.test-unsigned.example,cold,3410000,2,False,1788708462.8471112,
bind,unsigned,test.test-unsigned.example,cold,2600900,2,False,1788708462.8497925,
bind,unsigned,test.test-unsigned.example,cold,2328300,2,False,1788708462.8518996,
bind,unsigned,test.test-unsigned.example,cold,2217900,2,False,1788708462.8541596,
bind,unsigned,test.test-unsigned.example,cold,2365000,2,False,1788708462.8568318,
bind,unsigned,test.test-unsigned.example,cold,2331400,2,False,1788708462.8594456,
bind,unsigned,test.test-unsigned.example,cold,2737900,2,False,1788708462.8618915,
bind,unsigned,test.test-unsigned.example,cold,2872300,2,False,1788708462.8649876,
bind,unsigned,test.test-unsigned.example,cold,2194400,2,False,1788708462.8670957,
bind,unsigned,test.test-unsigned.example,cold,2330300,2,False,1788708462.8697274,
bind,unsigned,test.test-unsigned.example,cold,2300900,2,False,1788708462.871808,
bind,unsigned,test.test-unsigned.example,cold,2360400,2,False,1788708462.874486,
bind,unsigned,test.test-unsigned.example,cold,2720400,2,False,1788708462.8772361,
bind,unsigned,test.test-unsigned.example,cold,4724900,2,False,1788708462.8819275,
bind,unsigned,test.test-unsigned.example,cold,3072800,2,False,1788708462.885128,
bind,unsigned,test.test-unsigned.example,cold,2583400,2,False,1788708462.8878853,
bind,unsigned,test.test-unsigned.example,cold,2720600,2,False,1788708462.8905635,
bind,unsigned,test.test-unsigned.example,cold,2482800,2,False,1788708462.89283,
bind,unsigned,test.test-unsigned.example,cold,2574700,2,False,1788708462.8952456,
bind,unsigned,test.test-unsigned.example,cold,2428200,2,False,1788708462.8980043,
bind,unsigned,test.test-unsigned.example,cold,2217800,2,False,1788708462.8980043,
bind,unsigned,test.test-unsigned.example,cold,2354500,2,False,1788708462.90326,
bind,unsigned,test.test-unsigned.example,cold,2298300,2,False,1788708462.905291,
bind,unsigned,test.test-unsigned.example,cold,4711200,2,False,1788708462.910113,
bind,unsigned,test.test-unsigned.example,cold,3530300,2,False,1788708462.9140425,
bind,unsigned,test.test-unsigned.example,cold,3789800,2,False,1788708462.9174972,
bind,unsigned,test.test-unsigned.example,cold,2967300,2,False,1788708462.9208322,
bind,unsigned,test.test-unsigned.example,cold,2971600,2,False,1788708462.9241579,
bind,unsigned,test.test-unsigned.example,cold,2764400,2,False,1788708462.926817,
bind,unsigned,test.test-unsigned.example,cold,3526800,2,False,1788708462.9306507,
bind,unsigned,test.test-unsigned.example,cold,3641100,2,False,1788708462.9342613,
bind,unsigned,test.test-unsigned.example,cold,2983200,2,False,1788708462.937224,
bind,unsigned,test.test-unsigned.example,cold,2862900,2,False,1788708462.9399564,
bind,unsigned,test.test-unsigned.example,cold,2510400,2,False,1788708462.942659,
bind,unsigned,test.test-unsigned.example,cold,2761000,2,False,1788708462.945404,
bind,unsigned,test.test-unsigned.example,cold,3568500,2,False,1788708462.9494135,
bind,unsigned,test.test-unsigned.example,cold,2870800,2,False,1788708462.9523375,
bind,unsigned,test.test-unsigned.example,cold,2649700,2,False,1788708462.9551444,
bind,unsigned,test.test-unsigned.example,cold,2369200,2,False,1788708462.957316,
bind,unsigned,test.test-unsigned.example,cold,2577600,2,False,1788708462.9599144,
bind,unsigned,test.test-unsigned.example,cold,3318200,2,False,1788708462.9633868,
bind,unsigned,test.test-unsigned.example,cold,2680900,2,False,1788708462.9660006,
bind,unsigned,test.test-unsigned.example,cold,2241000,2,False,1788708462.968639,
bind,unsigned,test.test-unsigned.example,cold,2463900,2,False,1788708462.9712598,
bind,unsigned,test.test-unsigned.example,cold,2460700,2,False,1788708462.9734607,
bind,unsigned,test.test-unsigned.example,cold,2528800,2,False,1788708462.9762433,
bind,unsigned,test.test-unsigned.example,cold,3030300,2,False,1788708462.9791553,
bind,unsigned,test.test-unsigned.example,cold,3312400,2,False,1788708462.9826858,
bind,unsigned,test.test-unsigned.example,cold,2669700,2,False,1788708462.9853272,
bind,unsigned,test.test-unsigned.example,cold,2923700,2,False,1788708462.9884634,
bind,unsigned,test.test-unsigned.example,cold,2873100,2,False,1788708462.991609,
bind,unsigned,test.test-unsigned.example,cold,2476400,2,False,1788708462.9937162,
bind,unsigned,test.test-unsigned.example,cold,2887900,2,False,1788708462.9970143,
bind,unsigned,test.test-unsigned.example,cold,2316700,2,False,1788708462.999197,
bind,unsigned,test.test-unsigned.example,cold,2350900,2,False,1788708463.001811,
bind,unsigned,test.test-unsigned.example,cold,2279800,2,False,1788708463.0044057,
bind,unsigned,test.test-unsigned.example,cold,1370839800,2,False,1788708464.37529,
bind,unsigned,test.test-unsigned.example,cold,4906900,2,False,1788708464.380238,
bind,unsigned,test.test-unsigned.example,cold,4372800,2,False,1788708464.3846993,
bind,unsigned,test.test-unsigned.example,cold,3686600,2,False,1788708464.3881285,
bind,unsigned,test.test-unsigned.example,cold,3438500,2,False,1788708464.3920646,
bind,unsigned,test.test-unsigned.example,cold,3471300,2,False,1788708464.395505,
bind,unsigned,test.test-unsigned.example,cold,2692900,2,False,1788708464.398102,
bind,unsigned,test.test-unsigned.example,cold,2571400,2,False,1788708464.400934,
bind,unsigned,test.test-unsigned.example,cold,2620400,2,False,1788708464.4035723,
bind,unsigned,test.test-unsigned.example,cold,2626900,2,False,1788708464.4063885,
bind,unsigned,test.test-unsigned.example,cold,2524900,2,False,1788708464.4085603,
bind,unsigned,test.test-unsigned.example,cold,2411400,2,False,1788708464.4111662,
bind,unsigned,test.test-unsigned.example,cold,3711800,2,False,1788708464.4140596,
bind,unsigned,test.test-unsigned.example,cold,2725500,2,False,1788708464.4160652,
bind,unsigned,test.test-unsigned.example,cold,2515200,2,False,1788708464.4160652,
bind,unsigned,test.test-unsigned.example,cold,2604200,2,False,1788708464.4231174,
bind,unsigned,test.test-unsigned.example,cold,2635900,2,False,1788708464.4257398,
bind,unsigned,test.test-unsigned.example,cold,2699900,2,False,1788708464.4283926,
bind,unsigned,test.test-unsigned.example,cold,3611300,2,False,1788708464.4321296,
bind,unsigned,test.test-unsigned.example,cold,2878500,2,False,1788708464.4351993,
bind,unsigned,test.test-unsigned.example,cold,2894300,2,False,1788708464.438362,
bind,unsigned,test.test-unsigned.example,cold,2882000,2,False,1788708464.441322,
bind,unsigned,test.test-unsigned.example,cold,2411600,2,False,1788708464.44369,
bind,unsigned,test.test-unsigned.example,cold,2567200,2,False,1788708464.4464343,
bind,unsigned,test.test-unsigned.example,cold,2565200,2,False,1788708464.4487972,
bind,unsigned,test.test-unsigned.example,cold,2548800,2,False,1788708464.451418,
bind,unsigned,test.test-unsigned.example,cold,2722200,2,False,1788708464.4545453,
bind,unsigned,test.test-unsigned.example,cold,2551000,2,False,1788708464.4571824,
bind,unsigned,test.test-unsigned.example,cold,3214800,2,False,1788708464.4602911,
bind,unsigned,test.test-unsigned.example,cold,3054200,2,False,1788708464.463534,
bind,unsigned,test.test-unsigned.example,cold,2450000,2,False,1788708464.4662204,
bind,unsigned,test.test-unsigned.example,cold,2252100,2,False,1788708464.4683735,
bind,unsigned,test.test-unsigned.example,cold,2409900,2,False,1788708464.4705317,
bind,unsigned,test.test-unsigned.example,cold,2390400,2,False,1788708464.4731677,
bind,unsigned,test.test-unsigned.example,cold,3671200,2,False,1788708464.4770925,
bind,unsigned,test.test-unsigned.example,cold,3411500,2,False,1788708464.4806583,
bind,unsigned,test.test-unsigned.example,cold,3019200,2,False,1788708464.4838858,
bind,unsigned,test.test-unsigned.example,cold,2607500,2,False,1788708464.486109,
bind,unsigned,test.test-unsigned.example,cold,2497900,2,False,1788708464.4887528,
bind,unsigned,test.test-unsigned.example,cold,2330900,2,False,1788708464.4914625,
bind,unsigned,test.test-unsigned.example,cold,2425600,2,False,1788708464.4936066,
bind,unsigned,test.test-unsigned.example,cold,2462400,2,False,1788708464.4962199,
bind,unsigned,test.test-unsigned.example,cold,2370300,2,False,1788708464.4989164,
bind,unsigned,test.test-unsigned.example,cold,2370000,2,False,1788708464.5011694,
bind,unsigned,test.test-unsigned.example,cold,2410800,2,False,1788708464.5038035,
bind,unsigned,test.test-unsigned.example,cold,2605700,2,False,1788708464.506329,
bind,unsigned,test.test-unsigned.example,cold,2612500,2,False,1788708464.5090716,
bind,unsigned,test.test-unsigned.example,cold,3081300,2,False,1788708464.5123708,
bind,unsigned,test.test-unsigned.example,cold,2435800,2,False,1788708464.5150313,
bind,unsigned,test.test-unsigned.example,cold,2371300,2,False,1788708464.5171432,
bind,unsigned,test.test-unsigned.example,cold,2293800,2,False,1788708464.519865,
bind,unsigned,test.test-unsigned.example,cold,2468400,2,False,1788708464.5221891,
bind,unsigned,test.test-unsigned.example,cold,2262800,2,False,1788708464.5242736,
bind,unsigned,test.test-unsigned.example,cold,2381600,2,False,1788708464.5268934,
bind,unsigned,test.test-unsigned.example,cold,2620100,2,False,1788708464.5295584,
bind,unsigned,test.test-unsigned.example,cold,2173300,2,False,1788708464.532165,
bind,unsigned,test.test-unsigned.example,cold,2255300,2,False,1788708464.5343046,
bind,unsigned,test.test-unsigned.example,cold,2850100,2,False,1788708464.5369725,
bind,unsigned,test.test-unsigned.example,cold,3339000,2,False,1788708464.5408525,
bind,unsigned,test.test-unsigned.example,cold,2795700,2,False,1788708464.5435927,
bind,unsigned,test.test-unsigned.example,cold,2597500,2,False,1788708464.5463476,
bind,unsigned,test.test-unsigned.example,cold,2889100,2,False,1788708464.5489888,
bind,unsigned,test.test-unsigned.example,cold,2455600,2,False,1788708464.5517824,
bind,unsigned,test.test-unsigned.example,cold,2995000,2,False,1788708464.554576,
bind,unsigned,test.test-unsigned.example,cold,2470300,2,False,1788708464.5573957,
bind,unsigned,test.test-unsigned.example,cold,2547200,2,False,1788708464.5600278,
bind,unsigned,test.test-unsigned.example,cold,2725500,2,False,1788708464.5626996,
bind,unsigned,test.test-unsigned.example,cold,2510600,2,False,1788708464.565326,
bind,unsigned,test.test-unsigned.example,cold,2753700,2,False,1788708464.568272,
bind,unsigned,test.test-unsigned.example,cold,2637200,2,False,1788708464.5710206,
bind,unsigned,test.test-unsigned.example,cold,2310800,2,False,1788708464.5732083,
bind,unsigned,test.test-unsigned.example,cold,2288700,2,False,1788708464.575797,
bind,unsigned,test.test-unsigned.example,cold,2455900,2,False,1788708464.578403,
bind,unsigned,test.test-unsigned.example,cold,2701500,2,False,1788708464.5810368,
bind,unsigned,test.test-unsigned.example,cold,2287400,2,False,1788708464.5834382,
bind,unsigned,test.test-unsigned.example,cold,2383100,2,False,1788708464.5851233,
bind,unsigned,test.test-unsigned.example,cold,2282900,2,False,1788708464.588237,
bind,unsigned,test.test-unsigned.example,cold,2309400,2,False,1788708464.5903432,
bind,unsigned,test.test-unsigned.example,cold,2558400,2,False,1788708464.5929453,
bind,unsigned,test.test-unsigned.example,cold,2451200,2,False,1788708464.595577,
bind,unsigned,test.test-unsigned.example,cold,19466700,2,False,1788708464.615199,
bind,unsigned,test.test-unsigned.example,cold,2516400,2,False,1788708464.61783,
bind,unsigned,test.test-unsigned.example,cold,2408000,2,False,1788708464.620508,
bind,unsigned,test.test-unsigned.example,cold,2398700,2,False,1788708464.6225936,
bind,unsigned,test.test-unsigned.example,cold,2450700,2,False,1788708464.625239,
bind,unsigned,test.test-unsigned.example,cold,2470900,2,False,1788708464.627864,
bind,unsigned,test.test-unsigned.example,cold,2489400,2,False,1788708464.6304674,
bind,unsigned,test.test-unsigned.example,cold,2504000,2,False,1788708464.633089,
bind,unsigned,test.test-unsigned.example,cold,2475200,2,False,1788708464.6353624,
bind,unsigned,test.test-unsigned.example,cold,2466400,2,False,1788708464.6381245,
bind,unsigned,test.test-unsigned.example,cold,2359300,2,False,1788708464.6402502,
bind,unsigned,test.test-unsigned.example,cold,2468800,2,False,1788708464.6429293,
bind,unsigned,test.test-unsigned.example,cold,2801300,2,False,1788708464.6459484,
bind,unsigned,test.test-unsigned.example,cold,2966200,2,False,1788708464.6488357,
bind,unsigned,test.test-unsigned.example,cold,2704600,2,False,1788708464.651501,
bind,unsigned,test.test-unsigned.example,cold,3012600,2,False,1788708464.6549954,
bind,unsigned,test.test-unsigned.example,cold,3430000,2,False,1788708464.6583004,
bind,unsigned,test.test-unsigned.example,cold,3133100,2,False,1788708464.6614907,
bind,unsigned,test.test-unsigned.example,cold,2544000,2,False,1788708464.6644175,
bind,unsigned,test.test-unsigned.example,cold,2362200,2,False,1788708464.6671438,
bind,unsigned,test.test-unsigned.example,cold,2255900,2,False,1788708464.668164,
bind,unsigned,test.test-unsigned.example,cold,2441700,2,False,1788708464.6696932,
bind,unsigned,test.test-unsigned.example,cold,2536200,2,False,1788708464.674499,
bind,unsigned,test.test-unsigned.example,cold,2735300,2,False,1788708464.6773257,
bind,unsigned,test.test-unsigned.example,cold,2916400,2,False,1788708464.6802065,
bind,unsigned,test.test-unsigned.example,cold,2404400,2,False,1788708464.6828516,
bind,unsigned,test.test-unsigned.example,cold,2324500,2,False,1788708464.6849608,
bind,unsigned,test.test-unsigned.example,cold,2379900,2,False,1788708464.687593,
bind,unsigned,test.test-unsigned.example,cold,2353400,2,False,1788708464.6901941,
bind,unsigned,test.test-unsigned.example,cold,2778300,2,False,1788708464.692898,
bind,unsigned,test.test-unsigned.example,cold,3029100,2,False,1788708464.6959708,
bind,unsigned,test.test-unsigned.example,cold,2486700,2,False,1788708464.6985705,
bind,unsigned,test.test-unsigned.example,cold,2239200,2,False,1788708464.700724,
bind,unsigned,test.test-unsigned.example,cold,2396600,2,False,1788708464.703339,
bind,unsigned,test.test-unsigned.example,cold,2547500,2,False,1788708464.7059999,
bind,unsigned,test.test-unsigned.example,cold,3523700,2,False,1788708464.709471,
bind,unsigned,test.test-unsigned.example,cold,3087900,2,False,1788708464.7126029,
bind,unsigned,test.test-unsigned.example,cold,2719700,2,False,1788708464.7157938,
bind,unsigned,test.test-unsigned.example,cold,2825000,2,False,1788708464.7184947,
bind,unsigned,test.test-unsigned.example,cold,2448900,2,False,1788708464.7211168,
bind,unsigned,test.test-unsigned.example,cold,2583600,2,False,1788708464.7234428,
bind,unsigned,test.test-unsigned.example,cold,2651600,2,False,1788708464.7265851,
bind,unsigned,test.test-unsigned.example,cold,2587200,2,False,1788708464.7292352,
bind,unsigned,test.test-unsigned.example,cold,2310600,2,False,1788708464.7313209,
bind,unsigned,test.test-unsigned.example,cold,2395300,2,False,1788708464.7339325,
bind,unsigned,test.test-unsigned.example,cold,2424300,2,False,1788708464.736264,
bind,unsigned,test.test-unsigned.example,cold,2567900,2,False,1788708464.7390707,
bind,unsigned,test.test-unsigned.example,cold,3088000,2,False,1788708464.7422194,
bind,unsigned,test.test-unsigned.example,cold,2459200,2,False,1788708464.7448316,
bind,unsigned,test.test-unsigned.example,cold,2489100,2,False,1788708464.7474792,
bind,unsigned,test.test-unsigned.example,cold,2439000,2,False,1788708464.7495825,
bind,unsigned,test.test-unsigned.example,cold,8166200,2,False,1788708464.7579045,
bind,unsigned,test.test-unsigned.example,cold,3404300,2,False,1788708464.7613983,
bind,unsigned,test.test-unsigned.example,cold,3149300,2,False,1788708464.7645798,
bind,unsigned,test.test-unsigned.example,cold,3514800,2,False,1788708464.7679799,
bind,unsigned,test.test-unsigned.example,cold,3257400,2,False,1788708464.771959,
bind,unsigned,test.test-unsigned.example,cold,2229100,2,False,1788708464.774047,
bind,unsigned,test.test-unsigned.example,cold,2281500,2,False,1788708464.7766874,
bind,unsigned,test.test-unsigned.example,cold,2543500,2,False,1788708464.778783,
bind,unsigned,test.test-unsigned.example,cold,2449800,2,False,1788708464.781454,
bind,unsigned,test.test-unsigned.example,cold,2602400,2,False,1788708464.7841172,
bind,unsigned,test.test-unsigned.example,cold,2720200,2,False,1788708464.7869847,
bind,unsigned,test.test-unsigned.example,cold,3167600,2,False,1788708464.7903998,
bind,unsigned,test.test-unsigned.example,cold,2639900,2,False,1788708464.793118,
bind,unsigned,test.test-unsigned.example,cold,2735400,2,False,1788708464.7958758,
bind,unsigned,test.test-unsigned.example,cold,3038900,2,False,1788708464.798788,
bind,unsigned,test.test-unsigned.example,cold,15116400,2,False,1788708464.8141377,
bind,unsigned,test.test-unsigned.example,cold,15759000,2,False,1788708464.8300729,
bind,unsigned,test.test-unsigned.example,cold,4289200,2,False,1788708464.8344479,
bind,unsigned,test.test-unsigned.example,cold,4244700,2,False,1788708464.838933,
bind,unsigned,test.test-unsigned.example,cold,3650100,2,False,1788708464.842622,
bind,unsigned,test.test-unsigned.example,cold,6863300,2,False,1788708464.849563,
bind,unsigned,test.test-unsigned.example,cold,3176700,2,False,1788708464.8527606,
bind,unsigned,test.test-unsigned.example,cold,3873700,2,False,1788708464.8565753,
bind,unsigned,test.test-unsigned.example,cold,2969300,2,False,1788708464.8597133,
bind,unsigned,test.test-unsigned.example,cold,3473800,2,False,1788708464.8634188,
bind,unsigned,test.test-unsigned.example,cold,2803300,2,False,1788708464.8660204,
bind,unsigned,test.test-unsigned.example,cold,2909000,2,False,1788708464.8692417,
bind,unsigned,test.test-unsigned.example,cold,2990200,2,False,1788708464.8724647,
bind,unsigned,test.test-unsigned.example,cold,3178500,2,False,1788708464.875612,
bind,unsigned,test.test-unsigned.example,cold,10140500,2,False,1788708464.885882,
bind,unsigned,test.test-unsigned.example,cold,3576000,2,False,1788708464.8895252,
bind,unsigned,test.test-unsigned.example,cold,4579500,2,False,1788708464.8939402,
bind,unsigned,test.test-unsigned.example,cold,3117600,2,False,1788708464.8971531,
bind,unsigned,test.test-unsigned.example,cold,3019100,2,False,1788708464.9002986,
bind,unsigned,test.test-unsigned.example,cold,2653600,2,False,1788708464.9034834,
bind,unsigned,test.test-unsigned.example,cold,3155800,2,False,1788708464.9066458,
bind,unsigned,test.test-unsigned.example,cold,2840200,2,False,1788708464.909345,
bind,unsigned,test.test-unsigned.example,cold,2783600,2,False,1788708464.9120116,
bind,unsigned,test.test-unsigned.example,cold,3166200,2,False,1788708464.9145582,
bind,unsigned,test.test-unsigned.example,cold,2934700,2,False,1788708464.9187071,
bind,unsigned,test.test-unsigned.example,cold,2820400,2,False,1788708464.9187071,
bind,unsigned,test.test-unsigned.example,cold,2662800,2,False,1788708464.9240315,
bind,unsigned,test.test-unsigned.example,cold,2700900,2,False,1788708464.9271948,
bind,unsigned,test.test-unsigned.example,cold,2721700,2,False,1788708464.9298432,
bind,unsigned,test.test-unsigned.example,cold,2658800,2,False,1788708464.9322636,
bind,unsigned,test.test-unsigned.example,cold,2977900,2,False,1788708464.9355617,
bind,unsigned,test.test-unsigned.example,cold,2999900,2,False,1788708464.9388077,
bind,unsigned,test.test-unsigned.example,cold,3500100,2,False,1788708464.9421492,
bind,unsigned,test.test-unsigned.example,cold,2984500,2,False,1788708464.9453075,
bind,unsigned,test.test-unsigned.example,cold,3166800,2,False,1788708464.9485207,
bind,unsigned,test.test-unsigned.example,cold,3331400,2,False,1788708464.9523003,
bind,unsigned,test.test-unsigned.example,cold,3310900,2,False,1788708464.9555416,
bind,unsigned,test.test-unsigned.example,cold,3014300,2,False,1788708464.9584153,
bind,unsigned,test.test-unsigned.example,cold,3010800,2,False,1788708464.9598873,
bind,unsigned,test.test-unsigned.example,cold,3177400,2,False,1788708464.9625525,
bind,unsigned,test.test-unsigned.example,cold,2866400,2,False,1788708464.9677389,
bind,unsigned,test.test-unsigned.example,cold,3607200,2,False,1788708464.9718187,
bind,unsigned,test.test-unsigned.example,cold,2945300,2,False,1788708464.9748132,
bind,unsigned,test.test-unsigned.example,cold,3257300,2,False,1788708464.9777985,
bind,unsigned,test.test-unsigned.example,cold,3133800,2,False,1788708464.9777985,
bind,unsigned,test.test-unsigned.example,cold,2749700,2,False,1788708464.9777985,
bind,unsigned,test.test-unsigned.example,cold,4032000,2,False,1788708464.988199,
bind,unsigned,test.test-unsigned.example,cold,4270300,2,False,1788708464.9927917,
bind,unsigned,test.test-unsigned.example,cold,3462500,2,False,1788708464.9957113,
bind,unsigned,test.test-unsigned.example,cold,3121300,2,False,1788708464.9993033,
bind,unsigned,test.test-unsigned.example,cold,3295300,2,False,1788708465.0025318,
bind,unsigned,test.test-unsigned.example,cold,785283800,2,False,1788708465.7879243,
bind,unsigned,test.test-unsigned.example,cold,2501300,2,False,1788708465.790571,
bind,unsigned,test.test-unsigned.example,cold,2690600,2,False,1788708465.7935588,
bind,unsigned,test.test-unsigned.example,cold,2697500,2,False,1788708465.7964802,
bind,unsigned,test.test-unsigned.example,cold,3421900,2,False,1788708465.7999,
bind,unsigned,test.test-unsigned.example,cold,3033700,2,False,1788708465.8027685,
bind,unsigned,test.test-unsigned.example,cold,2924100,2,False,1788708465.8059053,
bind,unsigned,test.test-unsigned.example,cold,3053900,2,False,1788708465.809089,
bind,unsigned,test.test-unsigned.example,cold,2688100,2,False,1788708465.8119175,
bind,unsigned,test.test-unsigned.example,cold,2731800,2,False,1788708465.8148477,
bind,unsigned,test.test-unsigned.example,cold,2370900,2,False,1788708465.816968,
bind,unsigned,test.test-unsigned.example,cold,2323700,2,False,1788708465.819606,
bind,unsigned,test.test-unsigned.example,cold,2633400,2,False,1788708465.8222847,
bind,unsigned,test.test-unsigned.example,cold,2549000,2,False,1788708465.8246162,
bind,unsigned,test.test-unsigned.example,cold,2679500,2,False,1788708465.8273025,
bind,unsigned,test.test-unsigned.example,cold,2876500,2,False,1788708465.830586,
bind,unsigned,test.test-unsigned.example,cold,2564000,2,False,1788708465.832827,
bind,unsigned,test.test-unsigned.example,cold,2474900,2,False,1788708465.8354828,
bind,unsigned,test.test-unsigned.example,cold,2632900,2,False,1788708465.838129,
bind,unsigned,test.test-unsigned.example,cold,2701500,2,False,1788708465.841416,
bind,unsigned,test.test-unsigned.example,cold,3033100,2,False,1788708465.8438642,
bind,unsigned,test.test-unsigned.example,cold,3298400,2,False,1788708465.8476913,
bind,unsigned,test.test-unsigned.example,cold,2870700,2,False,1788708465.8504145,
bind,unsigned,test.test-unsigned.example,cold,3030400,2,False,1788708465.8535922,
bind,unsigned,test.test-unsigned.example,cold,2545100,2,False,1788708465.8562694,
bind,unsigned,test.test-unsigned.example,cold,2923100,2,False,1788708465.8591979,
bind,unsigned,test.test-unsigned.example,cold,2551600,2,False,1788708465.8618171,
bind,unsigned,test.test-unsigned.example,cold,2706000,2,False,1788708465.8650079,
bind,unsigned,test.test-unsigned.example,cold,2451900,2,False,1788708465.8671088,
bind,unsigned,test.test-unsigned.example,cold,2603400,2,False,1788708465.8698359,
bind,unsigned,test.test-unsigned.example,cold,2549100,2,False,1788708465.8723693,
bind,unsigned,test.test-unsigned.example,cold,3055900,2,False,1788708465.8754086,
bind,unsigned,test.test-unsigned.example,cold,3035300,2,False,1788708465.8787222,
bind,unsigned,test.test-unsigned.example,cold,2902000,2,False,1788708465.8819153,
bind,unsigned,test.test-unsigned.example,cold,2344300,2,False,1788708465.884024,
bind,unsigned,test.test-unsigned.example,cold,2490900,2,False,1788708465.8866456,
bind,unsigned,test.test-unsigned.example,cold,2697000,2,False,1788708465.8893602,
bind,unsigned,test.test-unsigned.example,cold,3297100,2,False,1788708465.8928945,
bind,unsigned,test.test-unsigned.example,cold,4606400,2,False,1788708465.8975325,
bind,unsigned,test.test-unsigned.example,cold,2856800,2,False,1788708465.9007616,
bind,unsigned,test.test-unsigned.example,cold,2990700,2,False,1788708465.903689,
bind,unsigned,test.test-unsigned.example,cold,3023600,2,False,1788708465.9067202,
bind,unsigned,test.test-unsigned.example,cold,2323300,2,False,1788708465.9093754,
bind,unsigned,test.test-unsigned.example,cold,2606000,2,False,1788708465.9119992,
bind,unsigned,test.test-unsigned.example,cold,2444900,2,False,1788708465.9145834,
bind,unsigned,test.test-unsigned.example,cold,2268200,2,False,1788708465.916697,
bind,unsigned,test.test-unsigned.example,cold,2417700,2,False,1788708465.9193335,
bind,unsigned,test.test-unsigned.example,cold,2688800,2,False,1788708465.9217937,
bind,unsigned,test.test-unsigned.example,cold,2313900,2,False,1788708465.9244251,
bind,unsigned,test.test-unsigned.example,cold,2306400,2,False,1788708465.926542,
bind,unsigned,test.test-unsigned.example,cold,2496500,2,False,1788708465.9286063,
bind,unsigned,test.test-unsigned.example,cold,2463500,2,False,1788708465.9301379,
bind,unsigned,test.test-unsigned.example,cold,2543600,2,False,1788708465.9330492,
bind,unsigned,test.test-unsigned.example,cold,2467300,2,False,1788708465.936382,
bind,unsigned,test.test-unsigned.example,cold,2357500,2,False,1788708465.9395075,
bind,unsigned,test.test-unsigned.example,cold,2638600,2,False,1788708465.9421775,
bind,unsigned,test.test-unsigned.example,cold,2487000,2,False,1788708465.9448032,
bind,unsigned,test.test-unsigned.example,cold,2645200,2,False,1788708465.947178,
bind,unsigned,test.test-unsigned.example,cold,2952400,2,False,1788708465.9506593,
bind,unsigned,test.test-unsigned.example,cold,3805100,2,False,1788708465.9542625,
bind,unsigned,test.test-unsigned.example,cold,3654200,2,False,1788708465.9584062,
bind,unsigned,test.test-unsigned.example,cold,2762800,2,False,1788708465.9610271,
bind,unsigned,test.test-unsigned.example,cold,3133300,2,False,1788708465.963982,
bind,unsigned,test.test-unsigned.example,cold,2248700,2,False,1788708465.966614,
bind,unsigned,test.test-unsigned.example,cold,2697200,2,False,1788708465.9693773,
bind,unsigned,test.test-unsigned.example,cold,2570300,2,False,1788708465.9720817,
bind,unsigned,test.test-unsigned.example,cold,2506800,2,False,1788708465.9747987,
bind,unsigned,test.test-unsigned.example,cold,2668300,2,False,1788708465.9774218,
bind,unsigned,test.test-unsigned.example,cold,2661100,2,False,1788708465.979823,
bind,unsigned,test.test-unsigned.example,cold,2741200,2,False,1788708465.9827356,
bind,unsigned,test.test-unsigned.example,cold,5199600,2,False,1788708465.987918,
bind,unsigned,test.test-unsigned.example,cold,3140700,2,False,1788708465.9909937,
bind,unsigned,test.test-unsigned.example,cold,3122700,2,False,1788708465.994354,
bind,unsigned,test.test-unsigned.example,cold,3269100,2,False,1788708465.9978416,
bind,unsigned,test.test-unsigned.example,cold,2872800,2,False,1788708466.0010033,
bind,unsigned,test.test-unsigned.example,cold,2777800,2,False,1788708466.003599,
bind,unsigned,test.test-unsigned.example,cold,603903300,2,False,1788708466.6078262,
bind,unsigned,test.test-unsigned.example,cold,5770700,2,False,1788708466.6139402,
bind,unsigned,test.test-unsigned.example,cold,3894600,2,False,1788708466.617773,
bind,unsigned,test.test-unsigned.example,cold,3310100,2,False,1788708466.620732,
bind,unsigned,test.test-unsigned.example,cold,2576100,2,False,1788708466.623945,
bind,unsigned,test.test-unsigned.example,cold,3407500,2,False,1788708466.6272407,
bind,unsigned,test.test-unsigned.example,cold,3140800,2,False,1788708466.630539,
bind,unsigned,test.test-unsigned.example,cold,7453000,2,False,1788708466.6381814,
bind,unsigned,test.test-unsigned.example,cold,5615700,2,False,1788708466.6436737,
bind,unsigned,test.test-unsigned.example,cold,5254500,2,False,1788708466.649501,
bind,unsigned,test.test-unsigned.example,cold,5421900,2,False,1788708466.6549,
bind,unsigned,test.test-unsigned.example,cold,3174300,2,False,1788708466.657647,
bind,unsigned,test.test-unsigned.example,cold,3004800,2,False,1788708466.660995,
bind,unsigned,test.test-unsigned.example,cold,3384200,2,False,1788708466.6646423,
bind,unsigned,test.test-unsigned.example,cold,3101600,2,False,1788708466.6677856,
bind,unsigned,test.test-unsigned.example,cold,4085500,2,False,1788708466.6720161,
bind,unsigned,test.test-unsigned.example,cold,2499200,2,False,1788708466.6746168,
bind,unsigned,test.test-unsigned.example,cold,2365000,2,False,1788708466.6772275,
bind,unsigned,test.test-unsigned.example,cold,3683600,2,False,1788708466.6808617,
bind,unsigned,test.test-unsigned.example,cold,5406100,2,False,1788708466.6868117,
bind,unsigned,test.test-unsigned.example,cold,4737600,2,False,1788708466.69154,
bind,unsigned,test.test-unsigned.example,cold,5187100,2,False,1788708466.697539,
bind,unsigned,test.test-unsigned.example,cold,6529200,2,False,1788708466.7038083,
bind,unsigned,test.test-unsigned.example,cold,5345000,2,False,1788708466.7093506,
bind,unsigned,test.test-unsigned.example,cold,6008800,2,False,1788708466.7156496,
bind,unsigned,test.test-unsigned.example,cold,5156800,2,False,1788708466.720928,
bind,unsigned,test.test-unsigned.example,cold,6023000,2,False,1788708466.726956,
bind,unsigned,test.test-unsigned.example,cold,3561800,2,False,1788708466.7308123,
bind,unsigned,test.test-unsigned.example,cold,2989800,2,False,1788708466.7335937,
bind,unsigned,test.test-unsigned.example,cold,2730300,2,False,1788708466.7367945,
bind,unsigned,test.test-unsigned.example,cold,2329500,2,False,1788708466.738899,
bind,unsigned,test.test-unsigned.example,cold,2668300,2,False,1788708466.7415037,
bind,unsigned,test.test-unsigned.example,cold,3057700,2,False,1788708466.7446356,
bind,unsigned,test.test-unsigned.example,cold,2782300,2,False,1788708466.7477689,
bind,unsigned,test.test-unsigned.example,cold,2375500,2,False,1788708466.7500818,
bind,unsigned,test.test-unsigned.example,cold,2827600,2,False,1788708466.7526822,
bind,unsigned,test.test-unsigned.example,cold,21669000,2,False,1788708466.7748404,
bind,unsigned,test.test-unsigned.example,cold,2456800,2,False,1788708466.777471,
bind,unsigned,test.test-unsigned.example,cold,2670400,2,False,1788708466.7803538,
bind,unsigned,test.test-unsigned.example,cold,2610100,2,False,1788708466.7829776,
bind,unsigned,test.test-unsigned.example,cold,2512100,2,False,1788708466.7852454,
bind,unsigned,test.test-unsigned.example,cold,2797300,2,False,1788708466.7878847,
bind,unsigned,test.test-unsigned.example,cold,5193500,2,False,1788708466.793736,
bind,unsigned,test.test-unsigned.example,cold,3260400,2,False,1788708466.7969553,
bind,unsigned,test.test-unsigned.example,cold,2747000,2,False,1788708466.799846,
bind,unsigned,test.test-unsigned.example,cold,2939400,2,False,1788708466.8025646,
bind,unsigned,test.test-unsigned.example,cold,3000700,2,False,1788708466.8059828,
bind,unsigned,test.test-unsigned.example,cold,2586000,2,False,1788708466.8086271,
bind,unsigned,test.test-unsigned.example,cold,2543200,2,False,1788708466.8112333,
bind,unsigned,test.test-unsigned.example,cold,2524100,2,False,1788708466.813906,
bind,unsigned,test.test-unsigned.example,cold,2538600,2,False,1788708466.8162556,
bind,unsigned,test.test-unsigned.example,cold,2691100,2,False,1788708466.8193173,
bind,unsigned,test.test-unsigned.example,cold,3831000,2,False,1788708466.822975,
bind,unsigned,test.test-unsigned.example,cold,2678000,2,False,1788708466.826052,
bind,unsigned,test.test-unsigned.example,cold,2437900,2,False,1788708466.826052,
bind,unsigned,test.test-unsigned.example,cold,2450900,2,False,1788708466.8288496,
bind,unsigned,test.test-unsigned.example,cold,2442900,2,False,1788708466.8288496,
bind,unsigned,test.test-unsigned.example,cold,2942500,2,False,1788708466.8364604,
bind,unsigned,test.test-unsigned.example,cold,3432000,2,False,1788708466.8389907,
bind,unsigned,test.test-unsigned.example,cold,3238000,2,False,1788708466.8421116,
bind,unsigned,test.test-unsigned.example,cold,2861800,2,False,1788708466.846521,
bind,unsigned,test.test-unsigned.example,cold,2390700,2,False,1788708466.8486073,
bind,unsigned,test.test-unsigned.example,cold,2798200,2,False,1788708466.8517952,
bind,unsigned,test.test-unsigned.example,cold,2451800,2,False,1788708466.854115,
bind,unsigned,test.test-unsigned.example,cold,3137600,2,False,1788708466.8573809,
bind,unsigned,test.test-unsigned.example,cold,2523500,2,False,1788708466.8600607,
bind,unsigned,test.test-unsigned.example,cold,2490000,2,False,1788708466.862452,
bind,unsigned,test.test-unsigned.example,cold,2537400,2,False,1788708466.8650713,
bind,unsigned,test.test-unsigned.example,cold,2383100,2,False,1788708466.867763,
bind,unsigned,test.test-unsigned.example,cold,2297500,2,False,1788708466.8700325,
bind,unsigned,test.test-unsigned.example,cold,2437500,2,False,1788708466.872714,
bind,unsigned,test.test-unsigned.example,cold,2432300,2,False,1788708466.8753097,
bind,unsigned,test.test-unsigned.example,cold,2451500,2,False,1788708466.8774052,
bind,unsigned,test.test-unsigned.example,cold,2439300,2,False,1788708466.8801582,
bind,unsigned,test.test-unsigned.example,cold,3933500,2,False,1788708466.8841245,
bind,unsigned,test.test-unsigned.example,cold,2814900,2,False,1788708466.8869255,
bind,unsigned,test.test-unsigned.example,cold,2983900,2,False,1788708466.8901527,
bind,unsigned,test.test-unsigned.example,cold,2750300,2,False,1788708466.8928375,
bind,unsigned,test.test-unsigned.example,cold,2636400,2,False,1788708466.8956504,
bind,unsigned,test.test-unsigned.example,cold,2735500,2,False,1788708466.8984299,
bind,unsigned,test.test-unsigned.example,cold,2290700,2,False,1788708466.9005954,
bind,unsigned,test.test-unsigned.example,cold,2248500,2,False,1788708466.9032233,
bind,unsigned,test.test-unsigned.example,cold,2481600,2,False,1788708466.9058352,
bind,unsigned,test.test-unsigned.example,cold,2459400,2,False,1788708466.908469,
bind,unsigned,test.test-unsigned.example,cold,2401200,2,False,1788708466.9105482,
bind,unsigned,test.test-unsigned.example,cold,3125500,2,False,1788708466.9135826,
bind,unsigned,test.test-unsigned.example,cold,2809300,2,False,1788708466.9168377,
bind,unsigned,test.test-unsigned.example,cold,3118700,2,False,1788708466.919955,
bind,unsigned,test.test-unsigned.example,cold,3103300,2,False,1788708466.9232256,
bind,unsigned,test.test-unsigned.example,cold,2523800,2,False,1788708466.9258537,
bind,unsigned,test.test-unsigned.example,cold,3398600,2,False,1788708466.9290478,
bind,unsigned,test.test-unsigned.example,cold,3628100,2,False,1788708466.9327977,
bind,unsigned,test.test-unsigned.example,cold,2743100,2,False,1788708466.9360511,
bind,unsigned,test.test-unsigned.example,cold,2987400,2,False,1788708466.93882,
bind,unsigned,test.test-unsigned.example,cold,2528800,2,False,1788708466.941515,
bind,unsigned,test.test-unsigned.example,cold,2396500,2,False,1788708466.9439282,
bind,unsigned,test.test-unsigned.example,cold,2368700,2,False,1788708466.9461424,
bind,unsigned,test.test-unsigned.example,cold,2400600,2,False,1788708466.948759,
bind,unsigned,test.test-unsigned.example,cold,2407200,2,False,1788708466.9508924,
bind,unsigned,test.test-unsigned.example,cold,9660600,2,False,1788708466.9609349,
bind,unsigned,test.test-unsigned.example,cold,6198700,2,False,1788708466.967425,
bind,unsigned,test.test-unsigned.example,cold,2446600,2,False,1788708466.9700184,
bind,unsigned,test.test-unsigned.example,cold,2319600,2,False,1788708466.9720948,
bind,unsigned,test.test-unsigned.example,cold,4788000,2,False,1788708466.9770122,
bind,unsigned,test.test-unsigned.example,cold,3091800,2,False,1788708466.980187,
bind,unsigned,test.test-unsigned.example,cold,2729400,2,False,1788708466.9833193,
bind,unsigned,test.test-unsigned.example,cold,2729100,2,False,1788708466.985963,
bind,unsigned,test.test-unsigned.example,cold,2335000,2,False,1788708466.988321,
bind,unsigned,test.test-unsigned.example,cold,2563300,2,False,1788708466.9910455,
bind,unsigned,test.test-unsigned.example,cold,2347500,2,False,1788708466.9936373,
bind,unsigned,test.test-unsigned.example,cold,2380500,2,False,1788708466.995744,
bind,unsigned,test.test-unsigned.example,cold,2445100,2,False,1788708466.998389,
bind,unsigned,test.test-unsigned.example,cold,2404300,2,False,1788708467.001052,
bind,unsigned,test.test-unsigned.example,cold,2403700,2,False,1788708467.0031514,
bind,unsigned,test.test-unsigned.example,cold,3883675700,2,False,1788708470.8867614,
bind,unsigned,test.test-unsigned.example,cold,7116900,2,False,1788708470.8943074,
bind,unsigned,test.test-unsigned.example,cold,4947800,2,False,1788708470.8996313,
bind,unsigned,test.test-unsigned.example,cold,4003600,2,False,1788708470.903679,
bind,unsigned,test.test-unsigned.example,cold,3881800,2,False,1788708470.9075322,
bind,unsigned,test.test-unsigned.example,cold,23839300,2,False,1788708470.9315958,
bind,unsigned,test.test-unsigned.example,cold,2744300,2,False,1788708470.9347515,
bind,unsigned,test.test-unsigned.example,cold,3076300,2,False,1788708470.9378886,
bind,unsigned,test.test-unsigned.example,cold,3953900,2,False,1788708470.9416163,
bind,unsigned,test.test-unsigned.example,cold,8542600,2,False,1788708470.9501643,
bind,unsigned,test.test-unsigned.example,cold,3605600,2,False,1788708470.954046,
bind,unsigned,test.test-unsigned.example,cold,2957900,2,False,1788708470.9569693,
bind,unsigned,test.test-unsigned.example,cold,3142100,2,False,1788708470.9602103,
bind,unsigned,test.test-unsigned.example,cold,3946500,2,False,1788708470.9642262,
bind,unsigned,test.test-unsigned.example,cold,2937800,2,False,1788708470.967371,
bind,unsigned,test.test-unsigned.example,cold,2657800,2,False,1788708470.9700632,
bind,unsigned,test.test-unsigned.example,cold,2715400,2,False,1788708470.9727516,
bind,unsigned,test.test-unsigned.example,cold,2921500,2,False,1788708470.975834,
bind,unsigned,test.test-unsigned.example,cold,4491700,2,False,1788708470.980768,
bind,unsigned,test.test-unsigned.example,cold,2892000,2,False,1788708470.9835136,
bind,unsigned,test.test-unsigned.example,cold,3061400,2,False,1788708470.9866457,
bind,unsigned,test.test-unsigned.example,cold,2990400,2,False,1788708470.989906,
bind,unsigned,test.test-unsigned.example,cold,1598604100,2,False,1788708472.588435,
bind,unsigned,test.test-unsigned.example,cold,17269200,2,False,1788708472.605967,
bind,unsigned,test.test-unsigned.example,cold,11698800,2,False,1788708472.617721,
bind,unsigned,test.test-unsigned.example,cold,7152900,2,False,1788708472.6249826,
bind,unsigned,test.test-unsigned.example,cold,5750400,2,False,1788708472.630478,
bind,unsigned,test.test-unsigned.example,cold,3833700,2,False,1788708472.6347544,
bind,unsigned,test.test-unsigned.example,cold,3779900,2,False,1788708472.6383283,
bind,unsigned,test.test-unsigned.example,cold,4233900,2,False,1788708472.6426692,
bind,unsigned,test.test-unsigned.example,cold,18208800,2,False,1788708472.6609936,
bind,unsigned,test.test-unsigned.example,cold,6223300,2,False,1788708472.6674588,
bind,unsigned,test.test-unsigned.example,cold,5053600,2,False,1788708472.6727085,
bind,unsigned,test.test-unsigned.example,cold,6031400,2,False,1788708472.6788568,
bind,unsigned,test.test-unsigned.example,cold,5564500,2,False,1788708472.6843455,
bind,unsigned,test.test-unsigned.example,cold,5155000,2,False,1788708472.6896393,
bind,unsigned,test.test-unsigned.example,cold,6160400,2,False,1788708472.6962025,
bind,unsigned,test.test-unsigned.example,cold,3880900,2,False,1788708472.7001424,
bind,unsigned,test.test-unsigned.example,cold,4961200,2,False,1788708472.7048647,
bind,unsigned,test.test-unsigned.example,cold,6782200,2,False,1788708472.7118533,
bind,unsigned,test.test-unsigned.example,cold,4193400,2,False,1788708472.7160718,
bind,unsigned,test.test-unsigned.example,cold,4103600,2,False,1788708472.7202306,
bind,unsigned,test.test-unsigned.example,cold,5429300,2,False,1788708472.726117,
bind,unsigned,test.test-unsigned.example,cold,3279000,2,False,1788708472.728936,
bind,unsigned,test.test-unsigned.example,cold,4369800,2,False,1788708472.7335763,
bind,unsigned,test.test-unsigned.example,cold,4200200,2,False,1788708472.7383366,
bind,unsigned,test.test-unsigned.example,cold,3730500,2,False,1788708472.7415993,
bind,unsigned,test.test-unsigned.example,cold,3506100,2,False,1788708472.745757,
bind,unsigned,test.test-unsigned.example,cold,3648100,2,False,1788708472.7494388,
bind,unsigned,test.test-unsigned.example,cold,16674500,2,False,1788708472.7667723,
bind,unsigned,test.test-unsigned.example,cold,6512700,2,False,1788708472.773141,
bind,unsigned,test.test-unsigned.example,cold,5882600,2,False,1788708472.7789438,
bind,unsigned,test.test-unsigned.example,cold,9092500,2,False,1788708472.788193,
bind,unsigned,test.test-unsigned.example,cold,2688700,2,False,1788708472.7913644,
bind,unsigned,test.test-unsigned.example,cold,3513600,2,False,1788708472.7945485,
bind,unsigned,test.test-unsigned.example,cold,3926600,2,False,1788708472.7985663,
bind,unsigned,test.test-unsigned.example,cold,3429800,2,False,1788708472.8023326,
bind,unsigned,test.test-unsigned.example,cold,2332600,2,False,1788708472.804613,
bind,unsigned,test.test-unsigned.example,cold,2761600,2,False,1788708472.8072562,
bind,unsigned,test.test-unsigned.example,cold,3008600,2,False,1788708472.8105574,
bind,unsigned,test.test-unsigned.example,cold,2856100,2,False,1788708472.8132195,
bind,unsigned,test.test-unsigned.example,cold,3057900,2,False,1788708472.8161178,
bind,unsigned,test.test-unsigned.example,cold,4396900,2,False,1788708472.8214493,
bind,unsigned,test.test-unsigned.example,cold,3069200,2,False,1788708472.824587,
bind,unsigned,test.test-unsigned.example,cold,2672800,2,False,1788708472.8269114,
bind,unsigned,test.test-unsigned.example,cold,2806200,2,False,1788708472.8302977,
bind,unsigned,test.test-unsigned.example,cold,2355100,2,False,1788708472.8324234,
bind,unsigned,test.test-unsigned.example,cold,2319200,2,False,1788708472.8350835,
bind,unsigned,test.test-unsigned.example,cold,2268000,2,False,1788708472.8371956,
bind,unsigned,test.test-unsigned.example,cold,2306700,2,False,1788708472.8398232,
bind,unsigned,test.test-unsigned.example,cold,2374900,2,False,1788708472.8420377,
bind,unsigned,test.test-unsigned.example,cold,2760400,2,False,1788708472.84522,
bind,unsigned,test.test-unsigned.example,cold,2517800,2,False,1788708472.847535,
bind,unsigned,test.test-unsigned.example,cold,2423500,2,False,1788708472.8501728,
bind,unsigned,test.test-unsigned.example,cold,2362500,2,False,1788708472.8522832,
bind,unsigned,test.test-unsigned.example,cold,2470300,2,False,1788708472.8549209,
bind,unsigned,test.test-unsigned.example,cold,2508000,2,False,1788708472.8575697,
bind,unsigned,test.test-unsigned.example,cold,2299800,2,False,1788708472.8601923,
bind,unsigned,test.test-unsigned.example,cold,3201400,2,False,1788708472.863597,
bind,unsigned,test.test-unsigned.example,cold,3649900,2,False,1788708472.8672907,
bind,unsigned,test.test-unsigned.example,cold,2708800,2,False,1788708472.8698812,
bind,unsigned,test.test-unsigned.example,cold,2736000,2,False,1788708472.8726487,
bind,unsigned,test.test-unsigned.example,cold,2777500,2,False,1788708472.8758194,
bind,unsigned,test.test-unsigned.example,cold,2630700,2,False,1788708472.8782685,
bind,unsigned,test.test-unsigned.example,cold,2448900,2,False,1788708472.8809743,
bind,unsigned,test.test-unsigned.example,cold,2296200,2,False,1788708472.8830438,
bind,unsigned,test.test-unsigned.example,cold,2317800,2,False,1788708472.8856952,
bind,unsigned,test.test-unsigned.example,cold,2309800,2,False,1788708472.8879952,
bind,unsigned,test.test-unsigned.example,cold,2472900,2,False,1788708472.8906221,
bind,unsigned,test.test-unsigned.example,cold,2567900,2,False,1788708472.892705,
bind,unsigned,test.test-unsigned.example,cold,2402800,2,False,1788708472.8953488,
bind,unsigned,test.test-unsigned.example,cold,2306400,2,False,1788708472.8953488,
bind,unsigned,test.test-unsigned.example,cold,2442900,2,False,1788708472.9004245,
bind,unsigned,test.test-unsigned.example,cold,2558400,2,False,1788708472.900929,
bind,unsigned,test.test-unsigned.example,cold,2441700,2,False,1788708472.9057546,
bind,unsigned,test.test-unsigned.example,cold,2615300,2,False,1788708472.9077673,
bind,unsigned,test.test-unsigned.example,cold,3457800,2,False,1788708472.9087625,
bind,unsigned,test.test-unsigned.example,cold,2864000,2,False,1788708472.914814,
bind,unsigned,test.test-unsigned.example,cold,2866400,2,False,1788708472.9180121,
bind,unsigned,test.test-unsigned.example,cold,2709800,2,False,1788708472.9206524,
bind,unsigned,test.test-unsigned.example,cold,2458200,2,False,1788708472.9232583,
bind,unsigned,test.test-unsigned.example,cold,2416500,2,False,1788708472.925566,
bind,unsigned,test.test-unsigned.example,cold,2557100,2,False,1788708472.9282043,
bind,unsigned,test.test-unsigned.example,cold,2392000,2,False,1788708472.9308383,
bind,unsigned,test.test-unsigned.example,cold,2456400,2,False,1788708472.9334643,
bind,unsigned,test.test-unsigned.example,cold,2362200,2,False,1788708472.9355574,
bind,unsigned,test.test-unsigned.example,cold,2443300,2,False,1788708472.9382172,
bind,unsigned,test.test-unsigned.example,cold,2483100,2,False,1788708472.94098,
bind,unsigned,test.test-unsigned.example,cold,2287900,2,False,1788708472.9431639,
bind,unsigned,test.test-unsigned.example,cold,2395000,2,False,1788708472.9457726,
bind,unsigned,test.test-unsigned.example,cold,2515100,2,False,1788708472.9483836,
bind,unsigned,test.test-unsigned.example,cold,2590300,2,False,1788708472.9511354,
bind,unsigned,test.test-unsigned.example,cold,2445200,2,False,1788708472.9532812,
bind,unsigned,test.test-unsigned.example,cold,3678500,2,False,1788708472.9571085,
bind,unsigned,test.test-unsigned.example,cold,3370100,2,False,1788708472.960771,
bind,unsigned,test.test-unsigned.example,cold,3009900,2,False,1788708472.9635396,
bind,unsigned,test.test-unsigned.example,cold,2790700,2,False,1788708472.9667468,
bind,unsigned,test.test-unsigned.example,cold,2301200,2,False,1788708472.9690027,
bind,unsigned,test.test-unsigned.example,cold,2254800,2,False,1788708472.97143,
bind,unsigned,test.test-unsigned.example,cold,2421000,2,False,1788708472.9740434,
bind,unsigned,test.test-unsigned.example,cold,2383700,2,False,1788708472.976319,
bind,unsigned,test.test-unsigned.example,cold,2491200,2,False,1788708472.9789162,
bind,unsigned,test.test-unsigned.example,cold,2473900,2,False,1788708472.9812434,
bind,unsigned,test.test-unsigned.example,cold,2512300,2,False,1788708472.9838345,
bind,unsigned,test.test-unsigned.example,cold,2694800,2,False,1788708472.9865294,
bind,unsigned,test.test-unsigned.example,cold,2369700,2,False,1788708472.9891798,
bind,unsigned,test.test-unsigned.example,cold,2328600,2,False,1788708472.9915872,
bind,unsigned,test.test-unsigned.example,cold,2273800,2,False,1788708472.9940417,
bind,unsigned,test.test-unsigned.example,cold,2277200,2,False,1788708472.996353,
bind,unsigned,test.test-unsigned.example,cold,2446600,2,False,1788708472.9989893,
bind,unsigned,test.test-unsigned.example,cold,3149100,2,False,1788708473.0020204,
bind,unsigned,test.test-unsigned.example,cold,3614151200,2,False,1788708476.6160052,
bind,unsigned,test.test-unsigned.example,cold,3348400,2,False,1788708476.6195576,
bind,unsigned,test.test-unsigned.example,cold,3542200,2,False,1788708476.6230078,
bind,unsigned,test.test-unsigned.example,cold,2941500,2,False,1788708476.6263027,
bind,unsigned,test.test-unsigned.example,cold,3386200,2,False,1788708476.629608,
bind,unsigned,test.test-unsigned.example,cold,2760000,2,False,1788708476.6328373,
bind,unsigned,test.test-unsigned.example,cold,3048400,2,False,1788708476.6355903,
bind,unsigned,test.test-unsigned.example,cold,2759700,2,False,1788708476.6387355,
bind,unsigned,test.test-unsigned.example,cold,2783100,2,False,1788708476.6414428,
bind,unsigned,test.test-unsigned.example,cold,2710800,2,False,1788708476.6443086,
bind,unsigned,test.test-unsigned.example,cold,2529100,2,False,1788708476.6470423,
bind,unsigned,test.test-unsigned.example,cold,2669400,2,False,1788708476.6498914,
bind,unsigned,test.test-unsigned.example,cold,2688300,2,False,1788708476.6525748,
bind,unsigned,test.test-unsigned.example,cold,2577000,2,False,1788708476.6551967,
bind,unsigned,test.test-unsigned.example,cold,2796000,2,False,1788708476.657909,
bind,unsigned,test.test-unsigned.example,cold,3868400,2,False,1788708476.6616817,
bind,unsigned,test.test-unsigned.example,cold,2948200,2,False,1788708476.664805,
bind,unsigned,test.test-unsigned.example,cold,2964000,2,False,1788708476.6680582,
bind,unsigned,test.test-unsigned.example,cold,3046600,2,False,1788708476.670831,
bind,unsigned,test.test-unsigned.example,cold,2861900,2,False,1788708476.6741073,
bind,unsigned,test.test-unsigned.example,cold,3020100,2,False,1788708476.6768878,
bind,unsigned,test.test-unsigned.example,cold,2632800,2,False,1788708476.679719,
bind,unsigned,test.test-unsigned.example,cold,2322300,2,False,1788708476.6823523,
bind,unsigned,test.test-unsigned.example,cold,3575900,2,False,1788708476.6857102,
bind,unsigned,test.test-unsigned.example,cold,2882800,2,False,1788708476.6889946,
bind,unsigned,test.test-unsigned.example,cold,2977000,2,False,1788708476.6916635,
bind,unsigned,test.test-unsigned.example,cold,3150300,2,False,1788708476.6949015,
bind,unsigned,test.test-unsigned.example,cold,2726900,2,False,1788708476.6980987,
bind,unsigned,test.test-unsigned.example,cold,2800900,2,False,1788708476.7005372,
bind,unsigned,test.test-unsigned.example,cold,2960200,2,False,1788708476.703809,
bind,unsigned,test.test-unsigned.example,cold,4019700,2,False,1788708476.7077808,
bind,unsigned,test.test-unsigned.example,cold,3332100,2,False,1788708476.710449,
bind,unsigned,test.test-unsigned.example,cold,2712500,2,False,1788708476.712351,
bind,unsigned,test.test-unsigned.example,cold,2942700,2,False,1788708476.715315,
bind,unsigned,test.test-unsigned.example,cold,2742600,2,False,1788708476.719539,
bind,unsigned,test.test-unsigned.example,cold,2711000,2,False,1788708476.7226915,
bind,unsigned,test.test-unsigned.example,cold,2701700,2,False,1788708476.7254338,
bind,unsigned,test.test-unsigned.example,cold,2928900,2,False,1788708476.728631,
bind,unsigned,test.test-unsigned.example,cold,2566000,2,False,1788708476.7312577,
bind,unsigned,test.test-unsigned.example,cold,2676300,2,False,1788708476.7339456,
bind,unsigned,test.test-unsigned.example,cold,2697400,2,False,1788708476.7369456,
bind,unsigned,test.test-unsigned.example,cold,2528300,2,False,1788708476.739589,
bind,unsigned,test.test-unsigned.example,cold,2511700,2,False,1788708476.7416947,
bind,unsigned,test.test-unsigned.example,cold,2671400,2,False,1788708476.7445605,
bind,unsigned,test.test-unsigned.example,cold,2752700,2,False,1788708476.7477114,
bind,unsigned,test.test-unsigned.example,cold,2920100,2,False,1788708476.7503977,
bind,unsigned,test.test-unsigned.example,cold,4030000,2,False,1788708476.754435,
bind,unsigned,test.test-unsigned.example,cold,2954000,2,False,1788708476.7577362,
bind,unsigned,test.test-unsigned.example,cold,2948800,2,False,1788708476.760527,
bind,unsigned,test.test-unsigned.example,cold,3001300,2,False,1788708476.7637556,
bind,unsigned,test.test-unsigned.example,cold,5111700,2,False,1788708476.7688956,
bind,unsigned,test.test-unsigned.example,cold,2938200,2,False,1788708476.7720046,
bind,unsigned,test.test-unsigned.example,cold,2774000,2,False,1788708476.7746928,
bind,unsigned,test.test-unsigned.example,cold,2513600,2,False,1788708476.7772975,
bind,unsigned,test.test-unsigned.example,cold,2458500,2,False,1788708476.779907,
bind,unsigned,test.test-unsigned.example,cold,2608600,2,False,1788708476.7827811,
bind,unsigned,test.test-unsigned.example,cold,2443700,2,False,1788708476.7854145,
bind,unsigned,test.test-unsigned.example,cold,2391700,2,False,1788708476.787494,
bind,unsigned,test.test-unsigned.example,cold,2301000,2,False,1788708476.7901387,
bind,unsigned,test.test-unsigned.example,cold,2437200,2,False,1788708476.7927449,
bind,unsigned,test.test-unsigned.example,cold,2437100,2,False,1788708476.7954164,
bind,unsigned,test.test-unsigned.example,cold,2778000,2,False,1788708476.797703,
bind,unsigned,test.test-unsigned.example,cold,3774800,2,False,1788708476.8017066,
bind,unsigned,test.test-unsigned.example,cold,2942200,2,False,1788708476.8046997,
bind,unsigned,test.test-unsigned.example,cold,3009600,2,False,1788708476.8079076,
bind,unsigned,test.test-unsigned.example,cold,2656800,2,False,1788708476.8105888,
bind,unsigned,test.test-unsigned.example,cold,2894500,2,False,1788708476.8138857,
bind,unsigned,test.test-unsigned.example,cold,2317700,2,False,1788708476.8160105,
bind,unsigned,test.test-unsigned.example,cold,2331200,2,False,1788708476.8186412,
bind,unsigned,test.test-unsigned.example,cold,2354600,2,False,1788708476.8209882,
bind,unsigned,test.test-unsigned.example,cold,2503300,2,False,1788708476.8236096,
bind,unsigned,test.test-unsigned.example,cold,2356700,2,False,1788708476.8261814,
bind,unsigned,test.test-unsigned.example,cold,2778100,2,False,1788708476.8289459,
bind,unsigned,test.test-unsigned.example,cold,2516400,2,False,1788708476.8315766,
bind,unsigned,test.test-unsigned.example,cold,2389200,2,False,1788708476.8337038,
bind,unsigned,test.test-unsigned.example,cold,2432000,2,False,1788708476.8363564,
bind,unsigned,test.test-unsigned.example,cold,2404000,2,False,1788708476.8390055,
bind,unsigned,test.test-unsigned.example,cold,2387900,2,False,1788708476.8413095,
bind,unsigned,test.test-unsigned.example,cold,3403800,2,False,1788708476.8447454,
bind,unsigned,test.test-unsigned.example,cold,3421900,2,False,1788708476.8486419,
bind,unsigned,test.test-unsigned.example,cold,2911800,2,False,1788708476.8512888,
bind,unsigned,test.test-unsigned.example,cold,2652300,2,False,1788708476.8540595,
bind,unsigned,test.test-unsigned.example,cold,2825700,2,False,1788708476.857222,
bind,unsigned,test.test-unsigned.example,cold,3067000,2,False,1788708476.8600042,
bind,unsigned,test.test-unsigned.example,cold,2949700,2,False,1788708476.8629022,
bind,unsigned,test.test-unsigned.example,cold,2883200,2,False,1788708476.8661506,
bind,unsigned,test.test-unsigned.example,cold,2548700,2,False,1788708476.8689508,
bind,unsigned,test.test-unsigned.example,cold,2549600,2,False,1788708476.8715734,
bind,unsigned,test.test-unsigned.example,cold,2647300,2,False,1788708476.8742156,
bind,unsigned,test.test-unsigned.example,cold,2331100,2,False,1788708476.8763447,
bind,unsigned,test.test-unsigned.example,cold,2594600,2,False,1788708476.8794997,
bind,unsigned,test.test-unsigned.example,cold,2550800,2,False,1788708476.8821268,
bind,unsigned,test.test-unsigned.example,cold,2629100,2,False,1788708476.8847678,
bind,unsigned,test.test-unsigned.example,cold,2539200,2,False,1788708476.887424,
bind,unsigned,test.test-unsigned.example,cold,2716300,2,False,1788708476.8898852,
bind,unsigned,test.test-unsigned.example,cold,3585900,2,False,1788708476.8934908,
bind,unsigned,test.test-unsigned.example,cold,2965900,2,False,1788708476.896802,
bind,unsigned,test.test-unsigned.example,cold,2950000,2,False,1788708476.8998787,
bind,unsigned,test.test-unsigned.example,cold,2764000,2,False,1788708476.9025216,
bind,unsigned,test.test-unsigned.example,cold,2601200,2,False,1788708476.9049037,
bind,unsigned,test.test-unsigned.example,cold,2280700,2,False,1788708476.9071114,
bind,unsigned,test.test-unsigned.example,cold,2496300,2,False,1788708476.9102523,
bind,unsigned,test.test-unsigned.example,cold,2671600,2,False,1788708476.9128594,
bind,unsigned,test.test-unsigned.example,cold,2591000,2,False,1788708476.9155402,
bind,unsigned,test.test-unsigned.example,cold,2469700,2,False,1788708476.9181614,
bind,unsigned,test.test-unsigned.example,cold,2567600,2,False,1788708476.9207911,
bind,unsigned,test.test-unsigned.example,cold,2413600,2,False,1788708476.9235203,
bind,unsigned,test.test-unsigned.example,cold,2307300,2,False,1788708476.9256623,
bind,unsigned,test.test-unsigned.example,cold,2370500,2,False,1788708476.9282985,
bind,unsigned,test.test-unsigned.example,cold,2336700,2,False,1788708476.9304178,
bind,unsigned,test.test-unsigned.example,cold,2309600,2,False,1788708476.9330516,
bind,unsigned,test.test-unsigned.example,cold,2428500,2,False,1788708476.9356594,
bind,unsigned,test.test-unsigned.example,cold,4142000,2,False,1788708476.939493,
bind,unsigned,test.test-unsigned.example,cold,2941600,2,False,1788708476.9421387,
bind,unsigned,test.test-unsigned.example,cold,2852600,2,False,1788708476.9436882,
bind,unsigned,test.test-unsigned.example,cold,2640700,2,False,1788708476.9465446,
bind,unsigned,test.test-unsigned.example,cold,2436200,2,False,1788708476.9510145,
bind,unsigned,test.test-unsigned.example,cold,2828500,2,False,1788708476.952053,
bind,unsigned,test.test-unsigned.example,cold,2775400,2,False,1788708476.9551744,
bind,unsigned,test.test-unsigned.example,cold,2296900,2,False,1788708476.9551744,
bind,unsigned,test.test-unsigned.example,cold,2365600,2,False,1788708476.9551744,
bind,unsigned,test.test-unsigned.example,cold,2452500,2,False,1788708476.964025,
bind,unsigned,test.test-unsigned.example,cold,2488200,2,False,1788708476.9666576,
bind,unsigned,test.test-unsigned.example,cold,2379500,2,False,1788708476.9689314,
bind,unsigned,test.test-unsigned.example,cold,2338500,2,False,1788708476.9715652,
bind,unsigned,test.test-unsigned.example,cold,2440500,2,False,1788708476.9741812,
bind,unsigned,test.test-unsigned.example,cold,2404900,2,False,1788708476.9763877,
bind,unsigned,test.test-unsigned.example,cold,2517000,2,False,1788708476.9790187,
bind,unsigned,test.test-unsigned.example,cold,2376800,2,False,1788708476.9813707,
bind,unsigned,test.test-unsigned.example,cold,3334100,2,False,1788708476.9847007,
bind,unsigned,test.test-unsigned.example,cold,3479300,2,False,1788708476.988206,
bind,unsigned,test.test-unsigned.example,cold,3026500,2,False,1788708476.9913683,
bind,unsigned,test.test-unsigned.example,cold,2894200,2,False,1788708476.9946601,
bind,unsigned,test.test-unsigned.example,cold,2698800,2,False,1788708476.9973776,
bind,unsigned,test.test-unsigned.example,cold,2306800,2,False,1788708476.9997423,
bind,unsigned,test.test-unsigned.example,cold,2414600,2,False,1788708477.002373,
bind,unsigned,test.test-unsigned.example,cold,1750178500,2,False,1788708478.752197,
bind,unsigned,test.test-unsigned.example,cold,5041000,2,False,1788708478.7578936,
bind,unsigned,test.test-unsigned.example,cold,23547800,2,False,1788708478.7815754,
bind,unsigned,test.test-unsigned.example,cold,3858000,2,False,1788708478.785083,
bind,unsigned,test.test-unsigned.example,cold,3065300,2,False,1788708478.7883744,
bind,unsigned,test.test-unsigned.example,cold,2949200,2,False,1788708478.791531,
bind,unsigned,test.test-unsigned.example,cold,2808500,2,False,1788708478.7943134,
bind,unsigned,test.test-unsigned.example,cold,2987100,2,False,1788708478.7976289,
bind,unsigned,test.test-unsigned.example,cold,2448500,2,False,1788708478.7998576,
bind,unsigned,test.test-unsigned.example,cold,2451800,2,False,1788708478.802488,
bind,unsigned,test.test-unsigned.example,cold,2676200,2,False,1788708478.8051722,
bind,unsigned,test.test-unsigned.example,cold,3547600,2,False,1788708478.808697,
bind,unsigned,test.test-unsigned.example,cold,3983300,2,False,1788708478.812971,
bind,unsigned,test.test-unsigned.example,cold,3107100,2,False,1788708478.8161633,
bind,unsigned,test.test-unsigned.example,cold,3001300,2,False,1788708478.8190887,
bind,unsigned,test.test-unsigned.example,cold,2460300,2,False,1788708478.8218312,
bind,unsigned,test.test-unsigned.example,cold,2822700,2,False,1788708478.824815,
bind,unsigned,test.test-unsigned.example,cold,2896200,2,False,1788708478.8275528,
bind,unsigned,test.test-unsigned.example,cold,2798100,2,False,1788708478.8302262,
bind,unsigned,test.test-unsigned.example,cold,2823500,2,False,1788708478.833435,
bind,unsigned,test.test-unsigned.example,cold,2475300,2,False,1788708478.8357754,
bind,unsigned,test.test-unsigned.example,cold,2929100,2,False,1788708478.8390813,
bind,unsigned,test.test-unsigned.example,cold,2975900,2,False,1788708478.8418465,
bind,unsigned,test.test-unsigned.example,cold,2637100,2,False,1788708478.844498,
bind,unsigned,test.test-unsigned.example,cold,2339500,2,False,1788708478.8471603,
bind,unsigned,test.test-unsigned.example,cold,2572900,2,False,1788708478.849609,
bind,unsigned,test.test-unsigned.example,cold,2768700,2,False,1788708478.8527684,
bind,unsigned,test.test-unsigned.example,cold,2592300,2,False,1788708478.8549933,
bind,unsigned,test.test-unsigned.example,cold,2302800,2,False,1788708478.8577082,
bind,unsigned,test.test-unsigned.example,cold,2327600,2,False,1788708478.8598094,
bind,unsigned,test.test-unsigned.example,cold,2362000,2,False,1788708478.8624203,
bind,unsigned,test.test-unsigned.example,cold,2390800,2,False,1788708478.865043,
bind,unsigned,test.test-unsigned.example,cold,2335600,2,False,1788708478.8671126,
bind,unsigned,test.test-unsigned.example,cold,2828600,2,False,1788708478.8703253,
bind,unsigned,test.test-unsigned.example,cold,3232200,2,False,1788708478.8733077,
bind,unsigned,test.test-unsigned.example,cold,3189800,2,False,1788708478.876999,
bind,unsigned,test.test-unsigned.example,cold,2876000,2,False,1788708478.8795815,
bind,unsigned,test.test-unsigned.example,cold,2248000,2,False,1788708478.8822033,
bind,unsigned,test.test-unsigned.example,cold,2474700,2,False,1788708478.8842995,
bind,unsigned,test.test-unsigned.example,cold,4088700,2,False,1788708478.8886185,
bind,unsigned,test.test-unsigned.example,cold,3113200,2,False,1788708478.890207,
bind,unsigned,test.test-unsigned.example,cold,2758200,2,False,1788708478.8941686,
bind,unsigned,test.test-unsigned.example,cold,2885700,2,False,1788708478.8941686,
bind,unsigned,test.test-unsigned.example,cold,2519500,2,False,1788708478.8998308,
bind,unsigned,test.test-unsigned.example,cold,2436700,2,False,1788708478.903018,
bind,unsigned,test.test-unsigned.example,cold,2330700,2,False,1788708478.9053566,
bind,unsigned,test.test-unsigned.example,cold,2508100,2,False,1788708478.9079933,
bind,unsigned,test.test-unsigned.example,cold,2529200,2,False,1788708478.9102936,
bind,unsigned,test.test-unsigned.example,cold,2502900,2,False,1788708478.9129367,
bind,unsigned,test.test-unsigned.example,cold,2767900,2,False,1788708478.916048,
bind,unsigned,test.test-unsigned.example,cold,2715200,2,False,1788708478.9187813,
bind,unsigned,test.test-unsigned.example,cold,2412900,2,False,1788708478.9214706,
bind,unsigned,test.test-unsigned.example,cold,2505600,2,False,1788708478.9236104,
bind,unsigned,test.test-unsigned.example,cold,2400900,2,False,1788708478.926249,
bind,unsigned,test.test-unsigned.example,cold,2725700,2,False,1788708478.9288828,
bind,unsigned,test.test-unsigned.example,cold,2638700,2,False,1788708478.9316058,
bind,unsigned,test.test-unsigned.example,cold,2450300,2,False,1788708478.9342144,
bind,unsigned,test.test-unsigned.example,cold,2422000,2,False,1788708478.9342144,
bind,unsigned,test.test-unsigned.example,cold,2525600,2,False,1788708478.9393864,
bind,unsigned,test.test-unsigned.example,cold,2396900,2,False,1788708478.9393864,
bind,unsigned,test.test-unsigned.example,cold,2530900,2,False,1788708478.9393864,
bind,unsigned,test.test-unsigned.example,cold,2592000,2,False,1788708478.9469924,
bind,unsigned,test.test-unsigned.example,cold,3819200,2,False,1788708478.9510007,
bind,unsigned,test.test-unsigned.example,cold,2981900,2,False,1788708478.9542477,
bind,unsigned,test.test-unsigned.example,cold,2680600,2,False,1788708478.956885,
bind,unsigned,test.test-unsigned.example,cold,2817100,2,False,1788708478.9600902,
bind,unsigned,test.test-unsigned.example,cold,2705800,2,False,1788708478.962741,
bind,unsigned,test.test-unsigned.example,cold,3061800,2,False,1788708478.9659576,
bind,unsigned,test.test-unsigned.example,cold,3301000,2,False,1788708478.9690063,
bind,unsigned,test.test-unsigned.example,cold,2554700,2,False,1788708478.9716334,
bind,unsigned,test.test-unsigned.example,cold,2492600,2,False,1788708478.9743178,
bind,unsigned,test.test-unsigned.example,cold,2354000,2,False,1788708478.9769573,
bind,unsigned,test.test-unsigned.example,cold,2615200,2,False,1788708478.9797473,
bind,unsigned,test.test-unsigned.example,cold,2413700,2,False,1788708478.9818373,
bind,unsigned,test.test-unsigned.example,cold,2356000,2,False,1788708478.984486,
bind,unsigned,test.test-unsigned.example,cold,2380300,2,False,1788708478.9868364,
bind,unsigned,test.test-unsigned.example,cold,2479700,2,False,1788708478.989457,
bind,unsigned,test.test-unsigned.example,cold,2514200,2,False,1788708478.9921834,
bind,unsigned,test.test-unsigned.example,cold,5940700,2,False,1788708478.9979413,
bind,unsigned,test.test-unsigned.example,cold,3560000,2,False,1788708479.0015557,
bind,unsigned,test.test-unsigned.example,cold,1727252200,2,False,1788708480.7289891,
bind,unsigned,test.test-unsigned.example,cold,2864600,2,False,1788708480.7317297,
bind,unsigned,test.test-unsigned.example,cold,2707100,2,False,1788708480.7345939,
bind,unsigned,test.test-unsigned.example,cold,2776000,2,False,1788708480.7378433,
bind,unsigned,test.test-unsigned.example,cold,2819000,2,False,1788708480.740525,
bind,unsigned,test.test-unsigned.example,cold,2891900,2,False,1788708480.743499,
bind,unsigned,test.test-unsigned.example,cold,2879700,2,False,1788708480.7461715,
bind,unsigned,test.test-unsigned.example,cold,2681400,2,False,1788708480.7488518,
bind,unsigned,test.test-unsigned.example,cold,2716800,2,False,1788708480.7518094,
bind,unsigned,test.test-unsigned.example,cold,2785200,2,False,1788708480.7544906,
bind,unsigned,test.test-unsigned.example,cold,3018900,2,False,1788708480.7576845,
bind,unsigned,test.test-unsigned.example,cold,4475400,2,False,1788708480.7622936,
bind,unsigned,test.test-unsigned.example,cold,3479800,2,False,1788708480.766119,
bind,unsigned,test.test-unsigned.example,cold,3051500,2,False,1788708480.7692645,
bind,unsigned,test.test-unsigned.example,cold,2808200,2,False,1788708480.7722316,
bind,unsigned,test.test-unsigned.example,cold,2489600,2,False,1788708480.774503,
bind,unsigned,test.test-unsigned.example,cold,2596500,2,False,1788708480.7772255,
bind,unsigned,test.test-unsigned.example,cold,2829100,2,False,1788708480.7799037,
bind,unsigned,test.test-unsigned.example,cold,2830700,2,False,1788708480.7830892,
bind,unsigned,test.test-unsigned.example,cold,2867600,2,False,1788708480.7859876,
bind,unsigned,test.test-unsigned.example,cold,3152200,2,False,1788708480.789012,
bind,unsigned,test.test-unsigned.example,cold,3752100,2,False,1788708480.7930176,
bind,unsigned,test.test-unsigned.example,cold,2976100,2,False,1788708480.796053,
bind,unsigned,test.test-unsigned.example,cold,2782800,2,False,1788708480.7987378,
bind,unsigned,test.test-unsigned.example,cold,2566400,2,False,1788708480.8014414,
bind,unsigned,test.test-unsigned.example,cold,2972000,2,False,1788708480.8047588,
bind,unsigned,test.test-unsigned.example,cold,2775800,2,False,1788708480.8075352,
bind,unsigned,test.test-unsigned.example,cold,2728300,2,False,1788708480.810037,
bind,unsigned,test.test-unsigned.example,cold,2775600,2,False,1788708480.8133316,
bind,unsigned,test.test-unsigned.example,cold,2736300,2,False,1788708480.8156776,
bind,unsigned,test.test-unsigned.example,cold,2853400,2,False,1788708480.8188722,
bind,unsigned,test.test-unsigned.example,cold,4561500,2,False,1788708480.8232949,
bind,unsigned,test.test-unsigned.example,cold,3175600,2,False,1788708480.8266764,
bind,unsigned,test.test-unsigned.example,cold,2939500,2,False,1788708480.8298466,
bind,unsigned,test.test-unsigned.example,cold,3368000,2,False,1788708480.8331695,
bind,unsigned,test.test-unsigned.example,cold,2484300,2,False,1788708480.835521,
bind,unsigned,test.test-unsigned.example,cold,2769100,2,False,1788708480.8387356,
bind,unsigned,test.test-unsigned.example,cold,2613600,2,False,1788708480.8414774,
bind,unsigned,test.test-unsigned.example,cold,2785900,2,False,1788708480.844205,
bind,unsigned,test.test-unsigned.example,cold,2731500,2,False,1788708480.8469186,
bind,unsigned,test.test-unsigned.example,cold,2661400,2,False,1788708480.8496034,
bind,unsigned,test.test-unsigned.example,cold,2891400,2,False,1788708480.8528793,
bind,unsigned,test.test-unsigned.example,cold,2778400,2,False,1788708480.8555002,
bind,unsigned,test.test-unsigned.example,cold,2646900,2,False,1788708480.8582706,
bind,unsigned,test.test-unsigned.example,cold,2771400,2,False,1788708480.861417,
bind,unsigned,test.test-unsigned.example,cold,2683800,2,False,1788708480.8641229,
bind,unsigned,test.test-unsigned.example,cold,2668900,2,False,1788708480.8662844,
bind,unsigned,test.test-unsigned.example,cold,3657900,2,False,1788708480.870264,
bind,unsigned,test.test-unsigned.example,cold,3338400,2,False,1788708480.8739417,
bind,unsigned,test.test-unsigned.example,cold,3205300,2,False,1788708480.8771086,
bind,unsigned,test.test-unsigned.example,cold,3088800,2,False,1788708480.8802514,
bind,unsigned,test.test-unsigned.example,cold,2624300,2,False,1788708480.8829982,
bind,unsigned,test.test-unsigned.example,cold,2861500,2,False,1788708480.8856544,
bind,unsigned,test.test-unsigned.example,cold,2809400,2,False,1788708480.8883152,
bind,unsigned,test.test-unsigned.example,cold,2267100,2,False,1788708480.8911905,
bind,unsigned,test.test-unsigned.example,cold,2416900,2,False,1788708480.8911905,
bind,unsigned,test.test-unsigned.example,cold,2454300,2,False,1788708480.8963647,
bind,unsigned,test.test-unsigned.example,cold,2611100,2,False,1788708480.8974597,
bind,unsigned,test.test-unsigned.example,cold,2993700,2,False,1788708480.8974597,
bind,unsigned,test.test-unsigned.example,cold,2423400,2,False,1788708480.9044275,
bind,unsigned,test.test-unsigned.example,cold,2494900,2,False,1788708480.9069781,
bind,unsigned,test.test-unsigned.example,cold,2548800,2,False,1788708480.909701,
bind,unsigned,test.test-unsigned.example,cold,2853300,2,False,1788708480.912432,
bind,unsigned,test.test-unsigned.example,cold,2502000,2,False,1788708480.9151895,
bind,unsigned,test.test-unsigned.example,cold,2411300,2,False,1788708480.9178715,
bind,unsigned,test.test-unsigned.example,cold,2426600,2,False,1788708480.9204795,
bind,unsigned,test.test-unsigned.example,cold,2356500,2,False,1788708480.922637,
bind,unsigned,test.test-unsigned.example,cold,2405600,2,False,1788708480.925263,
bind,unsigned,test.test-unsigned.example,cold,2640400,2,False,1788708480.9276464,
bind,unsigned,test.test-unsigned.example,cold,3120000,2,False,1788708480.9309719,
bind,unsigned,test.test-unsigned.example,cold,4266100,2,False,1788708480.935581,
bind,unsigned,test.test-unsigned.example,cold,2920300,2,False,1788708480.938174,
bind,unsigned,test.test-unsigned.example,cold,3293200,2,False,1788708480.9417186,
bind,unsigned,test.test-unsigned.example,cold,3916900,2,False,1788708480.9459524,
bind,unsigned,test.test-unsigned.example,cold,2792800,2,False,1788708480.9485228,
bind,unsigned,test.test-unsigned.example,cold,4225100,2,False,1788708480.9532008,
bind,unsigned,test.test-unsigned.example,cold,2895600,2,False,1788708480.9561527,
bind,unsigned,test.test-unsigned.example,cold,2456400,2,False,1788708480.9583848,
bind,unsigned,test.test-unsigned.example,cold,2948200,2,False,1788708480.961319,
bind,unsigned,test.test-unsigned.example,cold,3971200,2,False,1788708480.9657567,
bind,unsigned,test.test-unsigned.example,cold,2381400,2,False,1788708480.9679184,
bind,unsigned,test.test-unsigned.example,cold,2241300,2,False,1788708480.9705474,
bind,unsigned,test.test-unsigned.example,cold,2565000,2,False,1788708480.9732058,
bind,unsigned,test.test-unsigned.example,cold,2953500,2,False,1788708480.9759796,
bind,unsigned,test.test-unsigned.example,cold,3877600,2,False,1788708480.9802074,
bind,unsigned,test.test-unsigned.example,cold,3592900,2,False,1788708480.9839535,
bind,unsigned,test.test-unsigned.example,cold,2484100,2,False,1788708480.9866655,
bind,unsigned,test.test-unsigned.example,cold,2292900,2,False,1788708480.9887588,
bind,unsigned,test.test-unsigned.example,cold,3586300,2,False,1788708480.9923396,
bind,unsigned,test.test-unsigned.example,cold,4300000,2,False,1788708480.9969833,
bind,unsigned,test.test-unsigned.example,cold,2688500,2,False,1788708480.9996932,
bind,unsigned,test.test-unsigned.example,cold,2741300,2,False,1788708481.0023844,
bind,unsigned,test.test-unsigned.example,cold,950601800,2,False,1788708481.952953,
bind,unsigned,test.test-unsigned.example,cold,3265900,2,False,1788708481.95649,
bind,unsigned,test.test-unsigned.example,cold,3079500,2,False,1788708481.959843,
bind,unsigned,test.test-unsigned.example,cold,2928200,2,False,1788708481.9625413,
bind,unsigned,test.test-unsigned.example,cold,2842000,2,False,1788708481.965496,
bind,unsigned,test.test-unsigned.example,cold,2929900,2,False,1788708481.9686508,
bind,unsigned,test.test-unsigned.example,cold,2941200,2,False,1788708481.9716592,
bind,unsigned,test.test-unsigned.example,cold,3099400,2,False,1788708481.9751267,
bind,unsigned,test.test-unsigned.example,cold,2815200,2,False,1788708481.9777396,
bind,unsigned,test.test-unsigned.example,cold,2842800,2,False,1788708481.9804418,
bind,unsigned,test.test-unsigned.example,cold,2844400,2,False,1788708481.9837515,
bind,unsigned,test.test-unsigned.example,cold,2884400,2,False,1788708481.986421,
bind,unsigned,test.test-unsigned.example,cold,2740200,2,False,1788708481.9892066,
bind,unsigned,test.test-unsigned.example,cold,5487900,2,False,1788708481.9950662,
bind,unsigned,test.test-unsigned.example,cold,3522300,2,False,1788708481.9983296,
bind,unsigned,test.test-unsigned.example,cold,3076300,2,False,1788708482.001627,
bind,unsigned,test.test-unsigned.example,cold,596763500,2,False,1788708482.598424,
bind,unsigned,test.test-unsigned.example,cold,9004500,2,False,1788708482.6076345,
bind,unsigned,test.test-unsigned.example,cold,5722500,2,False,1788708482.6132803,
bind,unsigned,test.test-unsigned.example,cold,4868200,2,False,1788708482.6174548,
bind,unsigned,test.test-unsigned.example,cold,4661500,2,False,1788708482.623107,
bind,unsigned,test.test-unsigned.example,cold,6440700,2,False,1788708482.6295238,
bind,unsigned,test.test-unsigned.example,cold,4378700,2,False,1788708482.6343853,
bind,unsigned,test.test-unsigned.example,cold,4155900,2,False,1788708482.6385956,
bind,unsigned,test.test-unsigned.example,cold,11342100,2,False,1788708482.6489854,
bind,unsigned,test.test-unsigned.example,cold,8523700,2,False,1788708482.6584992,
bind,unsigned,test.test-unsigned.example,cold,6632700,2,False,1788708482.6649501,
bind,unsigned,test.test-unsigned.example,cold,5943500,2,False,1788708482.6711102,
bind,unsigned,test.test-unsigned.example,cold,7154100,2,False,1788708482.6788383,
bind,unsigned,test.test-unsigned.example,cold,5012800,2,False,1788708482.6835876,
bind,unsigned,test.test-unsigned.example,cold,5557800,2,False,1788708482.6896567,
bind,unsigned,test.test-unsigned.example,cold,11064900,2,False,1788708482.7010334,
bind,unsigned,test.test-unsigned.example,cold,5988800,2,False,1788708482.7060928,
bind,unsigned,test.test-unsigned.example,cold,3773100,2,False,1788708482.710611,
bind,unsigned,test.test-unsigned.example,cold,3550300,2,False,1788708482.71463,
bind,unsigned,test.test-unsigned.example,cold,3523300,2,False,1788708482.718178,
bind,unsigned,test.test-unsigned.example,cold,6373800,2,False,1788708482.724593,
bind,unsigned,test.test-unsigned.example,cold,4257800,2,False,1788708482.7287567,
bind,unsigned,test.test-unsigned.example,cold,3651100,2,False,1788708482.7324202,
bind,unsigned,test.test-unsigned.example,cold,10231300,2,False,1788708482.7429566,
bind,unsigned,test.test-unsigned.example,cold,8467700,2,False,1788708482.7515368,
bind,unsigned,test.test-unsigned.example,cold,3055800,2,False,1788708482.7546513,
bind,unsigned,test.test-unsigned.example,cold,3451100,2,False,1788708482.7583566,
bind,unsigned,test.test-unsigned.example,cold,4270300,2,False,1788708482.7627356,
bind,unsigned,test.test-unsigned.example,cold,4304100,2,False,1788708482.7665637,
bind,unsigned,test.test-unsigned.example,cold,2909100,2,False,1788708482.7698274,
bind,unsigned,test.test-unsigned.example,cold,2721000,2,False,1788708482.7724476,
bind,unsigned,test.test-unsigned.example,cold,3329900,2,False,1788708482.77589,
bind,unsigned,test.test-unsigned.example,cold,2774900,2,False,1788708482.7790267,
bind,unsigned,test.test-unsigned.example,cold,4676900,2,False,1788708482.7839506,
bind,unsigned,test.test-unsigned.example,cold,3319500,2,False,1788708482.7871892,
bind,unsigned,test.test-unsigned.example,cold,2794600,2,False,1788708482.789807,
bind,unsigned,test.test-unsigned.example,cold,2942800,2,False,1788708482.792959,
bind,unsigned,test.test-unsigned.example,cold,3204600,2,False,1788708482.7961316,
bind,unsigned,test.test-unsigned.example,cold,2538900,2,False,1788708482.7989697,
bind,unsigned,test.test-unsigned.example,cold,2316800,2,False,1788708482.8011107,
bind,unsigned,test.test-unsigned.example,cold,2357500,2,False,1788708482.8038702,
bind,unsigned,test.test-unsigned.example,cold,3072100,2,False,1788708482.807073,
bind,unsigned,test.test-unsigned.example,cold,2511200,2,False,1788708482.8097303,
bind,unsigned,test.test-unsigned.example,cold,2638100,2,False,1788708482.81204,
bind,unsigned,test.test-unsigned.example,cold,2335200,2,False,1788708482.8146732,
bind,unsigned,test.test-unsigned.example,cold,2346000,2,False,1788708482.8173368,
bind,unsigned,test.test-unsigned.example,cold,2398800,2,False,1788708482.8194158,
bind,unsigned,test.test-unsigned.example,cold,2398600,2,False,1788708482.8220608,
bind,unsigned,test.test-unsigned.example,cold,2351000,2,False,1788708482.8246796,
bind,unsigned,test.test-unsigned.example,cold,2998800,2,False,1788708482.827404,
bind,unsigned,test.test-unsigned.example,cold,6356000,2,False,1788708482.8340116,
bind,unsigned,test.test-unsigned.example,cold,4033300,2,False,1788708482.8382487,
bind,unsigned,test.test-unsigned.example,cold,3275000,2,False,1788708482.8415937,
bind,unsigned,test.test-unsigned.example,cold,3255500,2,False,1788708482.8448799,
bind,unsigned,test.test-unsigned.example,cold,2321100,2,False,1788708482.8472898,
bind,unsigned,test.test-unsigned.example,cold,2323400,2,False,1788708482.8494167,
bind,unsigned,test.test-unsigned.example,cold,2348900,2,False,1788708482.8520515,
bind,unsigned,test.test-unsigned.example,cold,2357600,2,False,1788708482.854731,
bind,unsigned,test.test-unsigned.example,cold,2518100,2,False,1788708482.8569536,
bind,unsigned,test.test-unsigned.example,cold,2498200,2,False,1788708482.8596978,
bind,unsigned,test.test-unsigned.example,cold,2524600,2,False,1788708482.862356,
bind,unsigned,test.test-unsigned.example,cold,2461300,2,False,1788708482.8649335,
bind,unsigned,test.test-unsigned.example,cold,2347100,2,False,1788708482.8670537,
bind,unsigned,test.test-unsigned.example,cold,2480100,2,False,1788708482.869682,
bind,unsigned,test.test-unsigned.example,cold,2473600,2,False,1788708482.872345,
bind,unsigned,test.test-unsigned.example,cold,2640500,2,False,1788708482.8749566,
bind,unsigned,test.test-unsigned.example,cold,2427400,2,False,1788708482.877573,
bind,unsigned,test.test-unsigned.example,cold,2432300,2,False,1788708482.8798246,
bind,unsigned,test.test-unsigned.example,cold,2244200,2,False,1788708482.8823087,
bind,unsigned,test.test-unsigned.example,cold,2450900,2,False,1788708482.8849428,
bind,unsigned,test.test-unsigned.example,cold,2526900,2,False,1788708482.8876379,
bind,unsigned,test.test-unsigned.example,cold,4293500,2,False,1788708482.8918076,
bind,unsigned,test.test-unsigned.example,cold,2971600,2,False,1788708482.8948798,
bind,unsigned,test.test-unsigned.example,cold,2965000,2,False,1788708482.8980415,
bind,unsigned,test.test-unsigned.example,cold,3132500,2,False,1788708482.9012108,
bind,unsigned,test.test-unsigned.example,cold,2740000,2,False,1788708482.903976,
bind,unsigned,test.test-unsigned.example,cold,2537800,2,False,1788708482.906951,
bind,unsigned,test.test-unsigned.example,cold,2340700,2,False,1788708482.9090407,
bind,unsigned,test.test-unsigned.example,cold,2657400,2,False,1788708482.9116695,
bind,unsigned,test.test-unsigned.example,cold,2495700,2,False,1788708482.9143746,
bind,unsigned,test.test-unsigned.example,cold,2205400,2,False,1788708482.9164753,
bind,unsigned,test.test-unsigned.example,cold,2545100,2,False,1788708482.9192984,
bind,unsigned,test.test-unsigned.example,cold,2870600,2,False,1788708482.9224513,
bind,unsigned,test.test-unsigned.example,cold,3062600,2,False,1788708482.9250996,
bind,unsigned,test.test-unsigned.example,cold,2764000,2,False,1788708482.926635,
bind,unsigned,test.test-unsigned.example,cold,2272700,2,False,1788708482.9295945,
bind,unsigned,test.test-unsigned.example,cold,2280400,2,False,1788708482.9295945,
bind,unsigned,test.test-unsigned.example,cold,3705600,2,False,1788708482.9367363,
bind,unsigned,test.test-unsigned.example,cold,3456200,2,False,1788708482.940621,
bind,unsigned,test.test-unsigned.example,cold,2897700,2,False,1788708482.9433365,
bind,unsigned,test.test-unsigned.example,cold,3075500,2,False,1788708482.9464948,
bind,unsigned,test.test-unsigned.example,cold,2643500,2,False,1788708482.949121,
bind,unsigned,test.test-unsigned.example,cold,2384000,2,False,1788708482.9518282,
bind,unsigned,test.test-unsigned.example,cold,2302500,2,False,1788708482.9539077,
bind,unsigned,test.test-unsigned.example,cold,2469400,2,False,1788708482.9565215,
bind,unsigned,test.test-unsigned.example,cold,2478600,2,False,1788708482.9591222,
bind,unsigned,test.test-unsigned.example,cold,2751500,2,False,1788708482.9617558,
bind,unsigned,test.test-unsigned.example,cold,2699100,2,False,1788708482.9644365,
bind,unsigned,test.test-unsigned.example,cold,2462800,2,False,1788708482.9672759,
bind,unsigned,test.test-unsigned.example,cold,2427100,2,False,1788708482.9698987,
bind,unsigned,test.test-unsigned.example,cold,2459600,2,False,1788708482.9725685,
bind,unsigned,test.test-unsigned.example,cold,2396300,2,False,1788708482.9746673,
bind,unsigned,test.test-unsigned.example,cold,2361900,2,False,1788708482.9772775,
bind,unsigned,test.test-unsigned.example,cold,2484700,2,False,1788708482.9799004,
bind,unsigned,test.test-unsigned.example,cold,4287400,2,False,1788708482.9840305,
bind,unsigned,test.test-unsigned.example,cold,11420100,2,False,1788708482.9959776,
bind,unsigned,test.test-unsigned.example,cold,5168200,2,False,1788708483.0012507,
bind,unsigned,test.test-unsigned.example,cold,2583400,2,False,1788708483.0038428,
bind,unsigned,test.test-unsigned.example,cold,247938400,2,False,1788708483.251722,
bind,unsigned,test.test-unsigned.example,cold,6380000,2,False,1788708483.2580998,
bind,unsigned,test.test-unsigned.example,cold,4205200,2,False,1788708483.2625077,
bind,unsigned,test.test-unsigned.example,cold,3705300,2,False,1788708483.2665808,
bind,unsigned,test.test-unsigned.example,cold,3430100,2,False,1788708483.2700138,
bind,unsigned,test.test-unsigned.example,cold,2925800,2,False,1788708483.2727158,
bind,unsigned,test.test-unsigned.example,cold,2693400,2,False,1788708483.275987,
bind,unsigned,test.test-unsigned.example,cold,2372500,2,False,1788708483.2781396,
bind,unsigned,test.test-unsigned.example,cold,3534000,2,False,1788708483.281907,
bind,unsigned,test.test-unsigned.example,cold,2622600,2,False,1788708483.2846053,
bind,unsigned,test.test-unsigned.example,cold,2463700,2,False,1788708483.2867966,
bind,unsigned,test.test-unsigned.example,cold,2518600,2,False,1788708483.2895486,
bind,unsigned,test.test-unsigned.example,cold,2762200,2,False,1788708483.2924044,
bind,unsigned,test.test-unsigned.example,cold,3428900,2,False,1788708483.2959864,
bind,unsigned,test.test-unsigned.example,cold,4980500,2,False,1788708483.301282,
bind,unsigned,test.test-unsigned.example,cold,3094700,2,False,1788708483.3041794,
bind,unsigned,test.test-unsigned.example,cold,2838000,2,False,1788708483.3070328,
bind,unsigned,test.test-unsigned.example,cold,3602600,2,False,1788708483.3110952,
bind,unsigned,test.test-unsigned.example,cold,2979600,2,False,1788708483.3137767,
bind,unsigned,test.test-unsigned.example,cold,2372700,2,False,1788708483.3164315,
bind,unsigned,test.test-unsigned.example,cold,2615200,2,False,1788708483.3191025,
bind,unsigned,test.test-unsigned.example,cold,2592900,2,False,1788708483.3217442,
bind,unsigned,test.test-unsigned.example,cold,2455500,2,False,1788708483.3245058,
bind,unsigned,test.test-unsigned.example,cold,3142500,2,False,1788708483.3276753,
bind,unsigned,test.test-unsigned.example,cold,3270000,2,False,1788708483.3310921,
bind,unsigned,test.test-unsigned.example,cold,2903600,2,False,1788708483.3338184,
bind,unsigned,test.test-unsigned.example,cold,2462600,2,False,1788708483.3364656,
bind,unsigned,test.test-unsigned.example,cold,2519600,2,False,1788708483.3391244,
bind,unsigned,test.test-unsigned.example,cold,2972500,2,False,1788708483.3419833,
bind,unsigned,test.test-unsigned.example,cold,3091400,2,False,1788708483.345126,
bind,unsigned,test.test-unsigned.example,cold,2615100,2,False,1788708483.347779,
bind,unsigned,test.test-unsigned.example,cold,2526000,2,False,1788708483.3504245,
bind,unsigned,test.test-unsigned.example,cold,2682900,2,False,1788708483.3530724,
bind,unsigned,test.test-unsigned.example,cold,2886600,2,False,1788708483.3563983,
bind,unsigned,test.test-unsigned.example,cold,3056000,2,False,1788708483.3591979,
bind,unsigned,test.test-unsigned.example,cold,2517300,2,False,1788708483.3618348,
bind,unsigned,test.test-unsigned.example,cold,2490700,2,False,1788708483.3645034,
bind,unsigned,test.test-unsigned.example,cold,2523300,2,False,1788708483.3671253,
bind,unsigned,test.test-unsigned.example,cold,2546400,2,False,1788708483.369779,
bind,unsigned,test.test-unsigned.example,cold,2715200,2,False,1788708483.3725412,
bind,unsigned,test.test-unsigned.example,cold,2468800,2,False,1788708483.3751519,
bind,unsigned,test.test-unsigned.example,cold,2392400,2,False,1788708483.377817,
bind,unsigned,test.test-unsigned.example,cold,2490700,2,False,1788708483.3799267,
bind,unsigned,test.test-unsigned.example,cold,2398600,2,False,1788708483.3825767,
bind,unsigned,test.test-unsigned.example,cold,2494500,2,False,1788708483.385243,
bind,unsigned,test.test-unsigned.example,cold,3761300,2,False,1788708483.3889134,
bind,unsigned,test.test-unsigned.example,cold,3563600,2,False,1788708483.3925729,
bind,unsigned,test.test-unsigned.example,cold,2883900,2,False,1788708483.3957806,
bind,unsigned,test.test-unsigned.example,cold,2635500,2,False,1788708483.398475,
bind,unsigned,test.test-unsigned.example,cold,3258800,2,False,1788708483.4014468,
bind,unsigned,test.test-unsigned.example,cold,2736800,2,False,1788708483.4046154,
bind,unsigned,test.test-unsigned.example,cold,2427200,2,False,1788708483.40728,
bind,unsigned,test.test-unsigned.example,cold,2453600,2,False,1788708483.4093654,
bind,unsigned,test.test-unsigned.example,cold,2495900,2,False,1788708483.4119859,
bind,unsigned,test.test-unsigned.example,cold,2466400,2,False,1788708483.4146004,
bind,unsigned,test.test-unsigned.example,cold,2647700,2,False,1788708483.4172277,
bind,unsigned,test.test-unsigned.example,cold,2566900,2,False,1788708483.4199667,
bind,unsigned,test.test-unsigned.example,cold,2220100,2,False,1788708483.4220786,
bind,unsigned,test.test-unsigned.example,cold,2452300,2,False,1788708483.4247,
bind,unsigned,test.test-unsigned.example,cold,2353300,2,False,1788708483.427341,
bind,unsigned,test.test-unsigned.example,cold,2444500,2,False,1788708483.4300108,
bind,unsigned,test.test-unsigned.example,cold,2652200,2,False,1788708483.432639,
bind,unsigned,test.test-unsigned.example,cold,5739200,2,False,1788708483.4381957,
bind,unsigned,test.test-unsigned.example,cold,3204700,2,False,1788708483.4415922,
bind,unsigned,test.test-unsigned.example,cold,2589500,2,False,1788708483.4442148,
bind,unsigned,test.test-unsigned.example,cold,2851200,2,False,1788708483.4474485,
bind,unsigned,test.test-unsigned.example,cold,3236900,2,False,1788708483.4507787,
bind,unsigned,test.test-unsigned.example,cold,2387500,2,False,1788708483.4534428,
bind,unsigned,test.test-unsigned.example,cold,2405900,2,False,1788708483.4555738,
bind,unsigned,test.test-unsigned.example,cold,2475900,2,False,1788708483.4582386,
bind,unsigned,test.test-unsigned.example,cold,2594000,2,False,1788708483.4607072,
bind,unsigned,test.test-unsigned.example,cold,2678800,2,False,1788708483.4633856,
bind,unsigned,test.test-unsigned.example,cold,2551200,2,False,1788708483.4664407,
bind,unsigned,test.test-unsigned.example,cold,2391900,2,False,1788708483.4688492,
bind,unsigned,test.test-unsigned.example,cold,2177000,2,False,1788708483.4709558,
bind,unsigned,test.test-unsigned.example,cold,2424300,2,False,1788708483.473578,
bind,unsigned,test.test-unsigned.example,cold,2419300,2,False,1788708483.4762187,
bind,unsigned,test.test-unsigned.example,cold,2588300,2,False,1788708483.4783823,
bind,unsigned,test.test-unsigned.example,cold,4110700,2,False,1788708483.48261,
bind,unsigned,test.test-unsigned.example,cold,3956400,2,False,1788708483.486661,
bind,unsigned,test.test-unsigned.example,cold,3131700,2,False,1788708483.4899666,
bind,unsigned,test.test-unsigned.example,cold,2912700,2,False,1788708483.493291,
bind,unsigned,test.test-unsigned.example,cold,2989500,2,False,1788708483.4964366,
bind,unsigned,test.test-unsigned.example,cold,2447700,2,False,1788708483.498581,
bind,unsigned,test.test-unsigned.example,cold,2495100,2,False,1788708483.5012531,
bind,unsigned,test.test-unsigned.example,cold,2391200,2,False,1788708483.5039103,
bind,unsigned,test.test-unsigned.example,cold,2626100,2,False,1788708483.5065129,
bind,unsigned,test.test-unsigned.example,cold,2509000,2,False,1788708483.5091212,
bind,unsigned,test.test-unsigned.example,cold,2511400,2,False,1788708483.5118446,
bind,unsigned,test.test-unsigned.example,cold,2402000,2,False,1788708483.5139484,
bind,unsigned,test.test-unsigned.example,cold,2463100,2,False,1788708483.5166004,
bind,unsigned,test.test-unsigned.example,cold,2390500,2,False,1788708483.519222,
bind,unsigned,test.test-unsigned.example,cold,2431800,2,False,1788708483.52133,
bind,unsigned,test.test-unsigned.example,cold,2553100,2,False,1788708483.5239599,
bind,unsigned,test.test-unsigned.example,cold,5145900,2,False,1788708483.529509,
bind,unsigned,test.test-unsigned.example,cold,4780600,2,False,1788708483.534125,
bind,unsigned,test.test-unsigned.example,cold,3712100,2,False,1788708483.537795,
bind,unsigned,test.test-unsigned.example,cold,3277900,2,False,1788708483.5413043,
bind,unsigned,test.test-unsigned.example,cold,3658500,2,False,1788708483.54502,
bind,unsigned,test.test-unsigned.example,cold,3168100,2,False,1788708483.5482914,
bind,unsigned,test.test-unsigned.example,cold,2719300,2,False,1788708483.5510821,
bind,unsigned,test.test-unsigned.example,cold,2739100,2,False,1788708483.554398,
bind,unsigned,test.test-unsigned.example,cold,2584300,2,False,1788708483.5569003,
bind,unsigned,test.test-unsigned.example,cold,2613600,2,False,1788708483.5595567,
bind,unsigned,test.test-unsigned.example,cold,2566000,2,False,1788708483.561985,
bind,unsigned,test.test-unsigned.example,cold,2466300,2,False,1788708483.5645986,
bind,unsigned,test.test-unsigned.example,cold,2582300,2,False,1788708483.567228,
bind,unsigned,test.test-unsigned.example,cold,2656600,2,False,1788708483.570394,
bind,unsigned,test.test-unsigned.example,cold,2958800,2,False,1788708483.573399,
bind,unsigned,test.test-unsigned.example,cold,2841200,2,False,1788708483.5761898,
bind,unsigned,test.test-unsigned.example,cold,2550700,2,False,1788708483.578811,
bind,unsigned,test.test-unsigned.example,cold,2423800,2,False,1788708483.5811067,
bind,unsigned,test.test-unsigned.example,cold,2277700,2,False,1788708483.5837348,
bind,unsigned,test.test-unsigned.example,cold,2389000,2,False,1788708483.5863714,
bind,unsigned,test.test-unsigned.example,cold,3515400,2,False,1788708483.5895164,
bind,unsigned,test.test-unsigned.example,cold,11699100,2,False,1788708483.601314,
bind,unsigned,test.test-unsigned.example,cold,3962700,2,False,1788708483.605287,
bind,unsigned,test.test-unsigned.example,cold,2792700,2,False,1788708483.608609,
bind,unsigned,test.test-unsigned.example,cold,2327600,2,False,1788708483.6107016,
bind,unsigned,test.test-unsigned.example,cold,2334800,2,False,1788708483.613329,
bind,unsigned,test.test-unsigned.example,cold,2455700,2,False,1788708483.6160069,
bind,unsigned,test.test-unsigned.example,cold,2522300,2,False,1788708483.6180918,
bind,unsigned,test.test-unsigned.example,cold,2499900,2,False,1788708483.6209772,
bind,unsigned,test.test-unsigned.example,cold,2381200,2,False,1788708483.6235843,
bind,unsigned,test.test-unsigned.example,cold,2399200,2,False,1788708483.6256952,
bind,unsigned,test.test-unsigned.example,cold,2462000,2,False,1788708483.6283886,
bind,unsigned,test.test-unsigned.example,cold,2488000,2,False,1788708483.631018,
bind,unsigned,test.test-unsigned.example,cold,2572200,2,False,1788708483.633649,
bind,unsigned,test.test-unsigned.example,cold,5042200,2,False,1788708483.638956,
bind,unsigned,test.test-unsigned.example,cold,2874700,2,False,1788708483.6416497,
bind,unsigned,test.test-unsigned.example,cold,2860800,2,False,1788708483.644803,
bind,unsigned,test.test-unsigned.example,cold,2723100,2,False,1788708483.647272,
bind,unsigned,test.test-unsigned.example,cold,2646600,2,False,1788708483.6501102,
bind,unsigned,test.test-unsigned.example,cold,2455100,2,False,1788708483.6527772,
bind,unsigned,test.test-unsigned.example,cold,2422900,2,False,1788708483.6551955,
bind,unsigned,test.test-unsigned.example,cold,2403200,2,False,1788708483.6578891,
bind,unsigned,test.test-unsigned.example,cold,2667800,2,False,1788708483.6605375,
bind,unsigned,test.test-unsigned.example,cold,2599000,2,False,1788708483.6630921,
bind,unsigned,test.test-unsigned.example,cold,2911100,2,False,1788708483.6659725,
bind,unsigned,test.test-unsigned.example,cold,3372600,2,False,1788708483.6696281,
bind,unsigned,test.test-unsigned.example,cold,2941400,2,False,1788708483.6727936,
bind,unsigned,test.test-unsigned.example,cold,2546400,2,False,1788708483.675418,
bind,unsigned,test.test-unsigned.example,cold,2614900,2,False,1788708483.6780882,
bind,unsigned,test.test-unsigned.example,cold,3568700,2,False,1788708483.6814559,
bind,unsigned,test.test-unsigned.example,cold,3402200,2,False,1788708483.6852942,
bind,unsigned,test.test-unsigned.example,cold,2755300,2,False,1788708483.6879566,
bind,unsigned,test.test-unsigned.example,cold,2549500,2,False,1788708483.6905906,
bind,unsigned,test.test-unsigned.example,cold,2809800,2,False,1788708483.6933072,
bind,unsigned,test.test-unsigned.example,cold,2540500,2,False,1788708483.6959867,
bind,unsigned,test.test-unsigned.example,cold,2443100,2,False,1788708483.6986337,
bind,unsigned,test.test-unsigned.example,cold,2422200,2,False,1788708483.7008517,
bind,unsigned,test.test-unsigned.example,cold,2636400,2,False,1788708483.7035735,
bind,unsigned,test.test-unsigned.example,cold,2457900,2,False,1788708483.7062047,
bind,unsigned,test.test-unsigned.example,cold,2553100,2,False,1788708483.7088075,
bind,unsigned,test.test-unsigned.example,cold,2729500,2,False,1788708483.7117772,
bind,unsigned,test.test-unsigned.example,cold,2344600,2,False,1788708483.713995,
bind,unsigned,test.test-unsigned.example,cold,2414200,2,False,1788708483.7166064,
bind,unsigned,test.test-unsigned.example,cold,2372200,2,False,1788708483.719289,
bind,unsigned,test.test-unsigned.example,cold,2476900,2,False,1788708483.7216127,
bind,unsigned,test.test-unsigned.example,cold,2421500,2,False,1788708483.7242367,
bind,unsigned,test.test-unsigned.example,cold,3475400,2,False,1788708483.7264965,
bind,unsigned,test.test-unsigned.example,cold,3633400,2,False,1788708483.7316136,
bind,unsigned,test.test-unsigned.example,cold,3005300,2,False,1788708483.7348037,
bind,unsigned,test.test-unsigned.example,cold,3039300,2,False,1788708483.737545,
bind,unsigned,test.test-unsigned.example,cold,2628700,2,False,1788708483.7401845,
bind,unsigned,test.test-unsigned.example,cold,2380100,2,False,1788708483.7428172,
bind,unsigned,test.test-unsigned.example,cold,2477700,2,False,1788708483.7454956,
bind,unsigned,test.test-unsigned.example,cold,2474900,2,False,1788708483.7481353,
bind,unsigned,test.test-unsigned.example,cold,2446400,2,False,1788708483.7502522,
bind,unsigned,test.test-unsigned.example,cold,2579400,2,False,1788708483.7532172,
bind,unsigned,test.test-unsigned.example,cold,3614000,2,False,1788708483.7569418,
bind,unsigned,test.test-unsigned.example,cold,4248200,2,False,1788708483.7613766,
bind,unsigned,test.test-unsigned.example,cold,2837200,2,False,1788708483.7639873,
bind,unsigned,test.test-unsigned.example,cold,2271400,2,False,1788708483.7666025,
bind,unsigned,test.test-unsigned.example,cold,3839300,2,False,1788708483.7703378,
bind,unsigned,test.test-unsigned.example,cold,5372500,2,False,1788708483.7757404,
bind,unsigned,test.test-unsigned.example,cold,3201800,2,False,1788708483.7793112,
bind,unsigned,test.test-unsigned.example,cold,2982700,2,False,1788708483.7825413,
bind,unsigned,test.test-unsigned.example,cold,2999700,2,False,1788708483.7853274,
bind,unsigned,test.test-unsigned.example,cold,2374300,2,False,1788708483.7880201,
bind,unsigned,test.test-unsigned.example,cold,2358500,2,False,1788708483.7901337,
bind,unsigned,test.test-unsigned.example,cold,2640200,2,False,1788708483.7927742,
bind,unsigned,test.test-unsigned.example,cold,2479700,2,False,1788708483.7953932,
bind,unsigned,test.test-unsigned.example,cold,2449300,2,False,1788708483.7980275,
bind,unsigned,test.test-unsigned.example,cold,2532400,2,False,1788708483.800697,
bind,unsigned,test.test-unsigned.example,cold,3437100,2,False,1788708483.8039994,
bind,unsigned,test.test-unsigned.example,cold,2369200,2,False,1788708483.806624,
bind,unsigned,test.test-unsigned.example,cold,2362000,2,False,1788708483.8089676,
bind,unsigned,test.test-unsigned.example,cold,2439400,2,False,1788708483.811633,
bind,unsigned,test.test-unsigned.example,cold,2474400,2,False,1788708483.814329,
bind,unsigned,test.test-unsigned.example,cold,2341100,2,False,1788708483.8164647,
bind,unsigned,test.test-unsigned.example,cold,3279300,2,False,1788708483.8197446,
bind,unsigned,test.test-unsigned.example,cold,3561700,2,False,1788708483.823673,
bind,unsigned,test.test-unsigned.example,cold,2728100,2,False,1788708483.8263724,
bind,unsigned,test.test-unsigned.example,cold,2873700,2,False,1788708483.829533,
bind,unsigned,test.test-unsigned.example,cold,2918300,2,False,1788708483.8321745,
bind,unsigned,test.test-unsigned.example,cold,2421500,2,False,1788708483.8349135,
bind,unsigned,test.test-unsigned.example,cold,2411000,2,False,1788708483.8375516,
bind,unsigned,test.test-unsigned.example,cold,2358500,2,False,1788708483.8396692,
bind,unsigned,test.test-unsigned.example,cold,2445700,2,False,1788708483.8422904,
bind,unsigned,test.test-unsigned.example,cold,2493600,2,False,1788708483.8449388,
bind,unsigned,test.test-unsigned.example,cold,2609500,2,False,1788708483.8476274,
bind,unsigned,test.test-unsigned.example,cold,2940300,2,False,1788708483.8509336,
bind,unsigned,test.test-unsigned.example,cold,2859700,2,False,1788708483.8535974,
bind,unsigned,test.test-unsigned.example,cold,2680400,2,False,1788708483.856278,
bind,unsigned,test.test-unsigned.example,cold,2383300,2,False,1788708483.858879,
bind,unsigned,test.test-unsigned.example,cold,2478800,2,False,1788708483.858879,
bind,unsigned,test.test-unsigned.example,cold,2469500,2,False,1788708483.8641167,
bind,unsigned,test.test-unsigned.example,cold,5100300,2,False,1788708483.8673897,
bind,unsigned,test.test-unsigned.example,cold,2815100,2,False,1788708483.8673897,
bind,unsigned,test.test-unsigned.example,cold,2811100,2,False,1788708483.8744066,
bind,unsigned,test.test-unsigned.example,cold,2972200,2,False,1788708483.8744066,
bind,unsigned,test.test-unsigned.example,cold,2329800,2,False,1788708483.8800266,
bind,unsigned,test.test-unsigned.example,cold,2501800,2,False,1788708483.8800266,
bind,unsigned,test.test-unsigned.example,cold,2760600,2,False,1788708483.8800266,
bind,unsigned,test.test-unsigned.example,cold,2390500,2,False,1788708483.8800266,
bind,unsigned,test.test-unsigned.example,cold,2411700,2,False,1788708483.8904908,
bind,unsigned,test.test-unsigned.example,cold,2471400,2,False,1788708483.8933005,
bind,unsigned,test.test-unsigned.example,cold,2657400,2,False,1788708483.8960092,
bind,unsigned,test.test-unsigned.example,cold,2421700,2,False,1788708483.898645,
bind,unsigned,test.test-unsigned.example,cold,2461500,2,False,1788708483.9012825,
bind,unsigned,test.test-unsigned.example,cold,2392500,2,False,1788708483.9033742,
bind,unsigned,test.test-unsigned.example,cold,2472500,2,False,1788708483.9060225,
bind,unsigned,test.test-unsigned.example,cold,2648600,2,False,1788708483.9086523,
bind,unsigned,test.test-unsigned.example,cold,3162100,2,False,1788708483.9116132,
bind,unsigned,test.test-unsigned.example,cold,4211600,2,False,1788708483.9163637,
bind,unsigned,test.test-unsigned.example,cold,3145200,2,False,1788708483.9193354,
bind,unsigned,test.test-unsigned.example,cold,2853100,2,False,1788708483.9225366,
bind,unsigned,test.test-unsigned.example,cold,3047100,2,False,1788708483.925614,
bind,unsigned,test.test-unsigned.example,cold,2377200,2,False,1788708483.9279556,
bind,unsigned,test.test-unsigned.example,cold,2365900,2,False,1788708483.9305646,
bind,unsigned,test.test-unsigned.example,cold,2324900,2,False,1788708483.9327066,
bind,unsigned,test.test-unsigned.example,cold,2340400,2,False,1788708483.9353411,
bind,unsigned,test.test-unsigned.example,cold,2467700,2,False,1788708483.9379728,
bind,unsigned,test.test-unsigned.example,cold,2424500,2,False,1788708483.9405913,
bind,unsigned,test.test-unsigned.example,cold,3026400,2,False,1788708483.9432862,
bind,unsigned,test.test-unsigned.example,cold,2711400,2,False,1788708483.9465885,
bind,unsigned,test.test-unsigned.example,cold,2923800,2,False,1788708483.9491315,
bind,unsigned,test.test-unsigned.example,cold,2476400,2,False,1788708483.951777,
bind,unsigned,test.test-unsigned.example,cold,2490600,2,False,1788708483.9544494,
bind,unsigned,test.test-unsigned.example,cold,2509900,2,False,1788708483.9559941,
bind,unsigned,test.test-unsigned.example,cold,4496600,2,False,1788708483.9601803,
bind,unsigned,test.test-unsigned.example,cold,3214600,2,False,1788708483.964222,
bind,unsigned,test.test-unsigned.example,cold,2788800,2,False,1788708483.9667737,
bind,unsigned,test.test-unsigned.example,cold,2841200,2,False,1788708483.9667737,
bind,unsigned,test.test-unsigned.example,cold,2260100,2,False,1788708483.9667737,
bind,unsigned,test.test-unsigned.example,cold,2517100,2,False,1788708483.9734848,
bind,unsigned,test.test-unsigned.example,cold,2455800,2,False,1788708483.9782126,
bind,unsigned,test.test-unsigned.example,cold,2495600,2,False,1788708483.9808314,
bind,unsigned,test.test-unsigned.example,cold,2359800,2,False,1788708483.9829695,
bind,unsigned,test.test-unsigned.example,cold,2571100,2,False,1788708483.9861188,
bind,unsigned,test.test-unsigned.example,cold,2406800,2,False,1788708483.988218,
bind,unsigned,test.test-unsigned.example,cold,2765200,2,False,1788708483.9912012,
bind,unsigned,test.test-unsigned.example,cold,2413700,2,False,1788708483.9938464,
bind,unsigned,test.test-unsigned.example,cold,2425200,2,False,1788708483.9961302,
bind,unsigned,test.test-unsigned.example,cold,2415000,2,False,1788708483.9986784,
bind,unsigned,test.test-unsigned.example,cold,2487400,2,False,1788708484.0011125,
bind,unsigned,test.test-unsigned.example,cold,2277100,2,False,1788708484.0037346,
bind,unsigned,test.test-unsigned.example,cold,300236600,2,False,1788708484.3039856,
bind,unsigned,test.test-unsigned.example,cold,6010300,2,False,1788708484.3098788,
bind,unsigned,test.test-unsigned.example,cold,4974100,2,False,1788708484.314977,
bind,unsigned,test.test-unsigned.example,cold,3139800,2,False,1788708484.318359,
bind,unsigned,test.test-unsigned.example,cold,2683500,2,False,1788708484.3210607,
bind,unsigned,test.test-unsigned.example,cold,3729600,2,False,1788708484.325019,
bind,unsigned,test.test-unsigned.example,cold,4076900,2,False,1788708484.329207,
bind,unsigned,test.test-unsigned.example,cold,2901300,2,False,1788708484.3321142,
bind,unsigned,test.test-unsigned.example,cold,2795100,2,False,1788708484.3353214,
bind,unsigned,test.test-unsigned.example,cold,3134100,2,False,1788708484.3381355,
bind,unsigned,test.test-unsigned.example,cold,2416000,2,False,1788708484.340831,
bind,unsigned,test.test-unsigned.example,cold,2626700,2,False,1788708484.343442,
bind,unsigned,test.test-unsigned.example,cold,3315000,2,False,1788708484.3468416,
bind,unsigned,test.test-unsigned.example,cold,2503800,2,False,1788708484.3494656,
bind,unsigned,test.test-unsigned.example,cold,2453100,2,False,1788708484.351921,
bind,unsigned,test.test-unsigned.example,cold,3018100,2,False,1788708484.3552861,
bind,unsigned,test.test-unsigned.example,cold,2877400,2,False,1788708484.3580203,
bind,unsigned,test.test-unsigned.example,cold,2838700,2,False,1788708484.3605628,
bind,unsigned,test.test-unsigned.example,cold,2852200,2,False,1788708484.3637748,
bind,unsigned,test.test-unsigned.example,cold,2516400,2,False,1788708484.3664892,
bind,unsigned,test.test-unsigned.example,cold,2754700,2,False,1788708484.368888,
bind,unsigned,test.test-unsigned.example,cold,5499400,2,False,1788708484.3747106,
bind,unsigned,test.test-unsigned.example,cold,3253700,2,False,1788708484.378025,
bind,unsigned,test.test-unsigned.example,cold,3208700,2,False,1788708484.3816688,
bind,unsigned,test.test-unsigned.example,cold,3066700,2,False,1788708484.3844624,
bind,unsigned,test.test-unsigned.example,cold,2636800,2,False,1788708484.3876514,
bind,unsigned,test.test-unsigned.example,cold,2657300,2,False,1788708484.3903797,
bind,unsigned,test.test-unsigned.example,cold,2634900,2,False,1788708484.3930244,
bind,unsigned,test.test-unsigned.example,cold,3246700,2,False,1788708484.396402,
bind,unsigned,test.test-unsigned.example,cold,3098200,2,False,1788708484.399159,
bind,unsigned,test.test-unsigned.example,cold,2590100,2,False,1788708484.4020908,
bind,unsigned,test.test-unsigned.example,cold,2283500,2,False,1788708484.4047081,
bind,unsigned,test.test-unsigned.example,cold,2371900,2,False,1788708484.4068122,
bind,unsigned,test.test-unsigned.example,cold,2633900,2,False,1788708484.4096344,
bind,unsigned,test.test-unsigned.example,cold,3259400,2,False,1788708484.4127204,
bind,unsigned,test.test-unsigned.example,cold,2718900,2,False,1788708484.4156375,
bind,unsigned,test.test-unsigned.example,cold,5712400,2,False,1788708484.421383,
bind,unsigned,test.test-unsigned.example,cold,3040200,2,False,1788708484.4247491,
bind,unsigned,test.test-unsigned.example,cold,2804900,2,False,1788708484.4274821,
bind,unsigned,test.test-unsigned.example,cold,3193200,2,False,1788708484.4310985,
bind,unsigned,test.test-unsigned.example,cold,2325200,2,False,1788708484.4331799,
bind,unsigned,test.test-unsigned.example,cold,2424500,2,False,1788708484.4358048,
bind,unsigned,test.test-unsigned.example,cold,2488000,2,False,1788708484.4384308,
bind,unsigned,test.test-unsigned.example,cold,2565300,2,False,1788708484.4410484,
bind,unsigned,test.test-unsigned.example,cold,2434500,2,False,1788708484.4437041,
bind,unsigned,test.test-unsigned.example,cold,3088300,2,False,1788708484.4465163,
bind,unsigned,test.test-unsigned.example,cold,2317200,2,False,1788708484.4491637,
bind,unsigned,test.test-unsigned.example,cold,2411600,2,False,1788708484.4512682,
bind,unsigned,test.test-unsigned.example,cold,2405000,2,False,1788708484.4538755,
bind,unsigned,test.test-unsigned.example,cold,2409700,2,False,1788708484.456554,
bind,unsigned,test.test-unsigned.example,cold,2403900,2,False,1788708484.459169,
bind,unsigned,test.test-unsigned.example,cold,3220600,2,False,1788708484.4620688,
bind,unsigned,test.test-unsigned.example,cold,4806400,2,False,1788708484.4669068,
bind,unsigned,test.test-unsigned.example,cold,3370900,2,False,1788708484.4706304,
bind,unsigned,test.test-unsigned.example,cold,2695000,2,False,1788708484.4733388,
bind,unsigned,test.test-unsigned.example,cold,3109500,2,False,1788708484.4766567,
bind,unsigned,test.test-unsigned.example,cold,2902900,2,False,1788708484.4792247,
bind,unsigned,test.test-unsigned.example,cold,2367500,2,False,1788708484.4819095,
bind,unsigned,test.test-unsigned.example,cold,2363300,2,False,1788708484.4819095,
bind,unsigned,test.test-unsigned.example,cold,2315800,2,False,1788708484.4819095,
bind,unsigned,test.test-unsigned.example,cold,2295800,2,False,1788708484.487316,
bind,unsigned,test.test-unsigned.example,cold,2489700,2,False,1788708484.487316,
bind,unsigned,test.test-unsigned.example,cold,2550700,2,False,1788708484.4920993,
bind,unsigned,test.test-unsigned.example,cold,2326900,2,False,1788708484.4920993,
bind,unsigned,test.test-unsigned.example,cold,2294400,2,False,1788708484.4988737,
bind,unsigned,test.test-unsigned.example,cold,2440800,2,False,1788708484.501606,
bind,unsigned,test.test-unsigned.example,cold,2392700,2,False,1788708484.5042305,
bind,unsigned,test.test-unsigned.example,cold,2426300,2,False,1788708484.5065637,
bind,unsigned,test.test-unsigned.example,cold,3747100,2,False,1788708484.510473,
bind,unsigned,test.test-unsigned.example,cold,3566500,2,False,1788708484.5142465,
bind,unsigned,test.test-unsigned.example,cold,2818100,2,False,1788708484.5168664,
bind,unsigned,test.test-unsigned.example,cold,2797300,2,False,1788708484.5201032,
bind,unsigned,test.test-unsigned.example,cold,3291600,2,False,1788708484.5229914,
bind,unsigned,test.test-unsigned.example,cold,2318300,2,False,1788708484.5257604,
bind,unsigned,test.test-unsigned.example,cold,2674300,2,False,1788708484.52863,
bind,unsigned,test.test-unsigned.example,cold,2483900,2,False,1788708484.530842,
bind,unsigned,test.test-unsigned.example,cold,2474800,2,False,1788708484.5328803,
bind,unsigned,test.test-unsigned.example,cold,2431200,2,False,1788708484.5355656,
bind,unsigned,test.test-unsigned.example,cold,2414500,2,False,1788708484.5355656,
bind,unsigned,test.test-unsigned.example,cold,2630000,2,False,1788708484.5407364,
bind,unsigned,test.test-unsigned.example,cold,2377400,2,False,1788708484.5407364,
bind,unsigned,test.test-unsigned.example,cold,2336300,2,False,1788708484.5407364,
bind,unsigned,test.test-unsigned.example,cold,2430300,2,False,1788708484.5407364,
bind,unsigned,test.test-unsigned.example,cold,2314000,2,False,1788708484.5509884,
bind,unsigned,test.test-unsigned.example,cold,2320600,2,False,1788708484.553396,
bind,unsigned,test.test-unsigned.example,cold,2782900,2,False,1788708484.5563548,
bind,unsigned,test.test-unsigned.example,cold,3133000,2,False,1788708484.5596645,
bind,unsigned,test.test-unsigned.example,cold,2880000,2,False,1788708484.5624652,
bind,unsigned,test.test-unsigned.example,cold,2555700,2,False,1788708484.5651553,
bind,unsigned,test.test-unsigned.example,cold,2560500,2,False,1788708484.5674758,
bind,unsigned,test.test-unsigned.example,cold,2798900,2,False,1788708484.5702126,
bind,unsigned,test.test-unsigned.example,cold,3640700,2,False,1788708484.5741973,
bind,unsigned,test.test-unsigned.example,cold,3098600,2,False,1788708484.577394,
bind,unsigned,test.test-unsigned.example,cold,2838900,2,False,1788708484.5804098,
bind,unsigned,test.test-unsigned.example,cold,3032700,2,False,1788708484.5836244,
bind,unsigned,test.test-unsigned.example,cold,2516600,2,False,1788708484.5863438,
bind,unsigned,test.test-unsigned.example,cold,2201100,2,False,1788708484.588442,
bind,unsigned,test.test-unsigned.example,cold,2455600,2,False,1788708484.5907254,
bind,unsigned,test.test-unsigned.example,cold,2712700,2,False,1788708484.5938675,
bind,unsigned,test.test-unsigned.example,cold,2572500,2,False,1788708484.5962694,
bind,unsigned,test.test-unsigned.example,cold,2451000,2,False,1788708484.5988786,
bind,unsigned,test.test-unsigned.example,cold,3310300,2,False,1788708484.6021848,
bind,unsigned,test.test-unsigned.example,cold,3650100,2,False,1788708484.606253,
bind,unsigned,test.test-unsigned.example,cold,2616500,2,False,1788708484.6090276,
bind,unsigned,test.test-unsigned.example,cold,2677700,2,False,1788708484.6116576,
bind,unsigned,test.test-unsigned.example,cold,2927100,2,False,1788708484.6144097,
bind,unsigned,test.test-unsigned.example,cold,3542500,2,False,1788708484.6180637,
bind,unsigned,test.test-unsigned.example,cold,3526600,2,False,1788708484.6219187,
bind,unsigned,test.test-unsigned.example,cold,2654500,2,False,1788708484.6246014,
bind,unsigned,test.test-unsigned.example,cold,2494800,2,False,1788708484.62724,
bind,unsigned,test.test-unsigned.example,cold,2478400,2,False,1788708484.629589,
bind,unsigned,test.test-unsigned.example,cold,3238900,2,False,1788708484.633027,
bind,unsigned,test.test-unsigned.example,cold,2721800,2,False,1788708484.6358624,
bind,unsigned,test.test-unsigned.example,cold,2412700,2,False,1788708484.6382148,
bind,unsigned,test.test-unsigned.example,cold,2427900,2,False,1788708484.640855,
bind,unsigned,test.test-unsigned.example,cold,2448400,2,False,1788708484.643557,
bind,unsigned,test.test-unsigned.example,cold,2847800,2,False,1788708484.646254,
bind,unsigned,test.test-unsigned.example,cold,2957700,2,False,1788708484.649218,
bind,unsigned,test.test-unsigned.example,cold,2968700,2,False,1788708484.6524165,
bind,unsigned,test.test-unsigned.example,cold,2359900,2,False,1788708484.655037,
bind,unsigned,test.test-unsigned.example,cold,2268500,2,False,1788708484.6571333,
bind,unsigned,test.test-unsigned.example,cold,2334000,2,False,1788708484.659306,
bind,unsigned,test.test-unsigned.example,cold,2956300,2,False,1788708484.662576,
bind,unsigned,test.test-unsigned.example,cold,2512700,2,False,1788708484.6639175,
bind,unsigned,test.test-unsigned.example,cold,2474300,2,False,1788708484.6667867,
bind,unsigned,test.test-unsigned.example,cold,2814600,2,False,1788708484.6667867,
bind,unsigned,test.test-unsigned.example,cold,2780900,2,False,1788708484.6737216,
bind,unsigned,test.test-unsigned.example,cold,2460600,2,False,1788708484.6758246,
bind,unsigned,test.test-unsigned.example,cold,3591600,2,False,1788708484.679537,
bind,unsigned,test.test-unsigned.example,cold,3657700,2,False,1788708484.6835659,
bind,unsigned,test.test-unsigned.example,cold,2772300,2,False,1788708484.686538,
bind,unsigned,test.test-unsigned.example,cold,2715200,2,False,1788708484.6891527,
bind,unsigned,test.test-unsigned.example,cold,2898700,2,False,1788708484.6921034,
bind,unsigned,test.test-unsigned.example,cold,2364600,2,False,1788708484.6945617,
bind,unsigned,test.test-unsigned.example,cold,2403900,2,False,1788708484.6972625,
bind,unsigned,test.test-unsigned.example,cold,2522800,2,False,1788708484.699358,
bind,unsigned,test.test-unsigned.example,cold,2508900,2,False,1788708484.701983,
bind,unsigned,test.test-unsigned.example,cold,2370400,2,False,1788708484.704617,
bind,unsigned,test.test-unsigned.example,cold,2517700,2,False,1788708484.7072992,
bind,unsigned,test.test-unsigned.example,cold,2876500,2,False,1788708484.7103508,
bind,unsigned,test.test-unsigned.example,cold,2861200,2,False,1788708484.7131803,
bind,unsigned,test.test-unsigned.example,cold,2349500,2,False,1788708484.7158196,
bind,unsigned,test.test-unsigned.example,cold,2460700,2,False,1788708484.7180831,
bind,unsigned,test.test-unsigned.example,cold,2357100,2,False,1788708484.7207203,
bind,unsigned,test.test-unsigned.example,cold,2322000,2,False,1788708484.7222958,
bind,unsigned,test.test-unsigned.example,cold,2445500,2,False,1788708484.7258492,
bind,unsigned,test.test-unsigned.example,cold,2461600,2,False,1788708484.7279468,
bind,unsigned,test.test-unsigned.example,cold,2504900,2,False,1788708484.7305803,
bind,unsigned,test.test-unsigned.example,cold,2527100,2,False,1788708484.7331812,
bind,unsigned,test.test-unsigned.example,cold,2723400,2,False,1788708484.7363267,
bind,unsigned,test.test-unsigned.example,cold,2437100,2,False,1788708484.73841,
bind,unsigned,test.test-unsigned.example,cold,5403500,2,False,1788708484.744373,
bind,unsigned,test.test-unsigned.example,cold,3289700,2,False,1788708484.7472374,
bind,unsigned,test.test-unsigned.example,cold,2687500,2,False,1788708484.7499552,
bind,unsigned,test.test-unsigned.example,cold,2734900,2,False,1788708484.7532644,
bind,unsigned,test.test-unsigned.example,cold,2974500,2,False,1788708484.7563465,
bind,unsigned,test.test-unsigned.example,cold,2378200,2,False,1788708484.7584887,
bind,unsigned,test.test-unsigned.example,cold,2796600,2,False,1788708484.7612462,
bind,unsigned,test.test-unsigned.example,cold,5422500,2,False,1788708484.7670503,
bind,unsigned,test.test-unsigned.example,cold,8436000,2,False,1788708484.7753727,
bind,unsigned,test.test-unsigned.example,cold,5204800,2,False,1788708484.780657,
bind,unsigned,test.test-unsigned.example,cold,7857800,2,False,1788708484.788874,
bind,unsigned,test.test-unsigned.example,cold,5283600,2,False,1788708484.7938554,
bind,unsigned,test.test-unsigned.example,cold,5922400,2,False,1788708484.7999985,
bind,unsigned,test.test-unsigned.example,cold,3758600,2,False,1788708484.803991,
bind,unsigned,test.test-unsigned.example,cold,2643900,2,False,1788708484.8066497,
bind,unsigned,test.test-unsigned.example,cold,2947500,2,False,1788708484.8098054,
bind,unsigned,test.test-unsigned.example,cold,2911100,2,False,1788708484.8129826,
bind,unsigned,test.test-unsigned.example,cold,4127900,2,False,1788708484.816912,
bind,unsigned,test.test-unsigned.example,cold,3126900,2,False,1788708484.8200104,
bind,unsigned,test.test-unsigned.example,cold,3061200,2,False,1788708484.8236477,
bind,unsigned,test.test-unsigned.example,cold,2813100,2,False,1788708484.8262725,
bind,unsigned,test.test-unsigned.example,cold,2950800,2,False,1788708484.8294964,
bind,unsigned,test.test-unsigned.example,cold,3023400,2,False,1788708484.8324616,
bind,unsigned,test.test-unsigned.example,cold,3145000,2,False,1788708484.8356798,
bind,unsigned,test.test-unsigned.example,cold,3506200,2,False,1788708484.8394926,
bind,unsigned,test.test-unsigned.example,cold,2636000,2,False,1788708484.8421397,
bind,unsigned,test.test-unsigned.example,cold,3054900,2,False,1788708484.844987,
bind,unsigned,test.test-unsigned.example,cold,3483500,2,False,1788708484.8485503,
bind,unsigned,test.test-unsigned.example,cold,3754200,2,False,1788708484.852658,
bind,unsigned,test.test-unsigned.example,cold,3393900,2,False,1788708484.855941,
bind,unsigned,test.test-unsigned.example,cold,3632300,2,False,1788708484.8596787,
bind,unsigned,test.test-unsigned.example,cold,2756600,2,False,1788708484.8628511,
bind,unsigned,test.test-unsigned.example,cold,3082200,2,False,1788708484.865653,
bind,unsigned,test.test-unsigned.example,cold,2768800,2,False,1788708484.8688433,
bind,unsigned,test.test-unsigned.example,cold,2772400,2,False,1788708484.8716457,
bind,unsigned,test.test-unsigned.example,cold,2679700,2,False,1788708484.8740377,
bind,unsigned,test.test-unsigned.example,cold,2747100,2,False,1788708484.877182,
bind,unsigned,test.test-unsigned.example,cold,2752200,2,False,1788708484.8798213,
bind,unsigned,test.test-unsigned.example,cold,2927200,2,False,1788708484.8830235,
bind,unsigned,test.test-unsigned.example,cold,2827300,2,False,1788708484.885984,
bind,unsigned,test.test-unsigned.example,cold,2843600,2,False,1788708484.8886416,
bind,unsigned,test.test-unsigned.example,cold,2887200,2,False,1788708484.8918085,
bind,unsigned,test.test-unsigned.example,cold,4726700,2,False,1788708484.8964174,
bind,unsigned,test.test-unsigned.example,cold,3429900,2,False,1788708484.900137,
bind,unsigned,test.test-unsigned.example,cold,3048400,2,False,1788708484.9034028,
bind,unsigned,test.test-unsigned.example,cold,3993800,2,False,1788708484.907158,
bind,unsigned,test.test-unsigned.example,cold,5117800,2,False,1788708484.912423,
bind,unsigned,test.test-unsigned.example,cold,3693900,2,False,1788708484.9166486,
bind,unsigned,test.test-unsigned.example,cold,3520500,2,False,1788708484.9201844,
bind,unsigned,test.test-unsigned.example,cold,6560100,2,False,1788708484.9266443,
bind,unsigned,test.test-unsigned.example,cold,6954100,2,False,1788708484.933679,
bind,unsigned,test.test-unsigned.example,cold,3291300,2,False,1788708484.9373744,
bind,unsigned,test.test-unsigned.example,cold,3269600,2,False,1788708484.9408827,
bind,unsigned,test.test-unsigned.example,cold,3178000,2,False,1788708484.9440484,
bind,unsigned,test.test-unsigned.example,cold,3059100,2,False,1788708484.9467025,
bind,unsigned,test.test-unsigned.example,cold,2974000,2,False,1788708484.9501216,
bind,unsigned,test.test-unsigned.example,cold,3142200,2,False,1788708484.953287,
bind,unsigned,test.test-unsigned.example,cold,4818200,2,False,1788708484.9580858,
bind,unsigned,test.test-unsigned.example,cold,3810600,2,False,1788708484.9624166,
bind,unsigned,test.test-unsigned.example,cold,6209800,2,False,1788708484.967971,
bind,unsigned,test.test-unsigned.example,cold,2744000,2,False,1788708484.9714248,
bind,unsigned,test.test-unsigned.example,cold,2598500,2,False,1788708484.9741113,
bind,unsigned,test.test-unsigned.example,cold,2766700,2,False,1788708484.9769967,
bind,unsigned,test.test-unsigned.example,cold,2972900,2,False,1788708484.9798968,
bind,unsigned,test.test-unsigned.example,cold,2809800,2,False,1788708484.9828956,
bind,unsigned,test.test-unsigned.example,cold,3000400,2,False,1788708484.9855123,
bind,unsigned,test.test-unsigned.example,cold,2820700,2,False,1788708484.988954,
bind,unsigned,test.test-unsigned.example,cold,2830600,2,False,1788708484.9915733,
bind,unsigned,test.test-unsigned.example,cold,2766500,2,False,1788708484.994759,
bind,unsigned,test.test-unsigned.example,cold,2960200,2,False,1788708484.9973836,
bind,unsigned,test.test-unsigned.example,cold,2724400,2,False,1788708485.0005324,
bind,unsigned,test.test-unsigned.example,cold,2800400,2,False,1788708485.0033014,
bind,unsigned,test.test-unsigned.example,cold,207014700,2,False,1788708485.2105577,
bind,unsigned,test.test-unsigned.example,cold,2902200,2,False,1788708485.2132516,
bind,unsigned,test.test-unsigned.example,cold,2616300,2,False,1788708485.2158756,
bind,unsigned,test.test-unsigned.example,cold,2974200,2,False,1788708485.2190466,
bind,unsigned,test.test-unsigned.example,cold,19574800,2,False,1788708485.2390003,
bind,unsigned,test.test-unsigned.example,cold,2801100,2,False,1788708485.2416487,
bind,unsigned,test.test-unsigned.example,cold,2726400,2,False,1788708485.244329,
bind,unsigned,test.test-unsigned.example,cold,2617400,2,False,1788708485.2469985,
bind,unsigned,test.test-unsigned.example,cold,2587700,2,False,1788708485.2499013,
bind,unsigned,test.test-unsigned.example,cold,2756000,2,False,1788708485.2527235,
bind,unsigned,test.test-unsigned.example,cold,2928000,2,False,1788708485.25601,
bind,unsigned,test.test-unsigned.example,cold,3166700,2,False,1788708485.2588243,
bind,unsigned,test.test-unsigned.example,cold,2605500,2,False,1788708485.261489,
bind,unsigned,test.test-unsigned.example,cold,2470300,2,False,1788708485.2641437,
bind,unsigned,test.test-unsigned.example,cold,2856300,2,False,1788708485.2667985,
bind,unsigned,test.test-unsigned.example,cold,4214200,2,False,1788708485.271442,
bind,unsigned,test.test-unsigned.example,cold,3021300,2,False,1788708485.2745967,
bind,unsigned,test.test-unsigned.example,cold,2765200,2,False,1788708485.2772455,
bind,unsigned,test.test-unsigned.example,cold,3221400,2,False,1788708485.2804859,
bind,unsigned,test.test-unsigned.example,cold,3351600,2,False,1788708485.2831395,
bind,unsigned,test.test-unsigned.example,cold,3819800,2,False,1788708485.2866561,
bind,unsigned,test.test-unsigned.example,cold,2672600,2,False,1788708485.2909296,
bind,unsigned,test.test-unsigned.example,cold,2513800,2,False,1788708485.2935524,
bind,unsigned,test.test-unsigned.example,cold,2781300,2,False,1788708485.2962298,
bind,unsigned,test.test-unsigned.example,cold,2915900,2,False,1788708485.2992325,
bind,unsigned,test.test-unsigned.example,cold,3181900,2,False,1788708485.302358,
bind,unsigned,test.test-unsigned.example,cold,2842900,2,False,1788708485.3057885,
bind,unsigned,test.test-unsigned.example,cold,2672000,2,False,1788708485.308491,
bind,unsigned,test.test-unsigned.example,cold,2720800,2,False,1788708485.3111455,
bind,unsigned,test.test-unsigned.example,cold,2620100,2,False,1788708485.3138065,
bind,unsigned,test.test-unsigned.example,cold,4911200,2,False,1788708485.3189118,
bind,unsigned,test.test-unsigned.example,cold,3197100,2,False,1788708485.3222349,
bind,unsigned,test.test-unsigned.example,cold,2776800,2,False,1788708485.3248763,
bind,unsigned,test.test-unsigned.example,cold,3086800,2,False,1788708485.3280911,
bind,unsigned,test.test-unsigned.example,cold,3715700,2,False,1788708485.3318803,
bind,unsigned,test.test-unsigned.example,cold,2398800,2,False,1788708485.3344746,
bind,unsigned,test.test-unsigned.example,cold,2335700,2,False,1788708485.3367627,
bind,unsigned,test.test-unsigned.example,cold,2546500,2,False,1788708485.3395295,
bind,unsigned,test.test-unsigned.example,cold,2376800,2,False,1788708485.3416736,
bind,unsigned,test.test-unsigned.example,cold,2656100,2,False,1788708485.3442988,
bind,unsigned,test.test-unsigned.example,cold,2644900,2,False,1788708485.3475676,
bind,unsigned,test.test-unsigned.example,cold,2468500,2,False,1788708485.3496523,
bind,unsigned,test.test-unsigned.example,cold,2413700,2,False,1788708485.3524475,
bind,unsigned,test.test-unsigned.example,cold,2564400,2,False,1788708485.3550866,
bind,unsigned,test.test-unsigned.example,cold,2387400,2,False,1788708485.3572736,
bind,unsigned,test.test-unsigned.example,cold,2560800,2,False,1788708485.3598444,
bind,unsigned,test.test-unsigned.example,cold,2520100,2,False,1788708485.3625736,
bind,unsigned,test.test-unsigned.example,cold,2441300,2,False,1788708485.3652158,
bind,unsigned,test.test-unsigned.example,cold,2391500,2,False,1788708485.3673937,
bind,unsigned,test.test-unsigned.example,cold,2485600,2,False,1788708485.3700247,
bind,unsigned,test.test-unsigned.example,cold,2555600,2,False,1788708485.372659,
bind,unsigned,test.test-unsigned.example,cold,3166500,2,False,1788708485.376076,
bind,unsigned,test.test-unsigned.example,cold,7439800,2,False,1788708485.3838503,
bind,unsigned,test.test-unsigned.example,cold,2943700,2,False,1788708485.386865,
bind,unsigned,test.test-unsigned.example,cold,2859900,2,False,1788708485.389605,
bind,unsigned,test.test-unsigned.example,cold,3040400,2,False,1788708485.3926315,
bind,unsigned,test.test-unsigned.example,cold,2529700,2,False,1788708485.3952343,
bind,unsigned,test.test-unsigned.example,cold,2317800,2,False,1788708485.3978846,
bind,unsigned,test.test-unsigned.example,cold,2518400,2,False,1788708485.400519,
bind,unsigned,test.test-unsigned.example,cold,2461800,2,False,1788708485.4026084,
bind,unsigned,test.test-unsigned.example,cold,2491400,2,False,1788708485.4053144,
bind,unsigned,test.test-unsigned.example,cold,3145600,2,False,1788708485.4085617,
bind,unsigned,test.test-unsigned.example,cold,2641600,2,False,1788708485.4112568,
bind,unsigned,test.test-unsigned.example,cold,2671300,2,False,1788708485.4139223,
bind,unsigned,test.test-unsigned.example,cold,2391000,2,False,1788708485.4165926,
bind,unsigned,test.test-unsigned.example,cold,2444200,2,False,1788708485.4192374,
bind,unsigned,test.test-unsigned.example,cold,2665700,2,False,1788708485.4218867,
bind,unsigned,test.test-unsigned.example,cold,2763200,2,False,1788708485.4244678,
bind,unsigned,test.test-unsigned.example,cold,2627400,2,False,1788708485.42715,
bind,unsigned,test.test-unsigned.example,cold,2550700,2,False,1788708485.429949,
bind,unsigned,test.test-unsigned.example,cold,2483800,2,False,1788708485.4325886,
bind,unsigned,test.test-unsigned.example,cold,2447400,2,False,1788708485.4351902,
bind,unsigned,test.test-unsigned.example,cold,3831100,2,False,1788708485.4388297,
bind,unsigned,test.test-unsigned.example,cold,3658200,2,False,1788708485.442608,
bind,unsigned,test.test-unsigned.example,cold,2850000,2,False,1788708485.4457984,
bind,unsigned,test.test-unsigned.example,cold,2738100,2,False,1788708485.448501,
bind,unsigned,test.test-unsigned.example,cold,2351400,2,False,1788708485.4511256,
bind,unsigned,test.test-unsigned.example,cold,2389600,2,False,1788708485.4535482,
bind,unsigned,test.test-unsigned.example,cold,2405900,2,False,1788708485.4556851,
bind,unsigned,test.test-unsigned.example,cold,2523700,2,False,1788708485.4583611,
bind,unsigned,test.test-unsigned.example,cold,2494600,2,False,1788708485.4604614,
bind,unsigned,test.test-unsigned.example,cold,2541900,2,False,1788708485.4636846,
bind,unsigned,test.test-unsigned.example,cold,2424000,2,False,1788708485.4663026,
bind,unsigned,test.test-unsigned.example,cold,2970600,2,False,1788708485.469262,
bind,unsigned,test.test-unsigned.example,cold,2817300,2,False,1788708485.4722443,
bind,unsigned,test.test-unsigned.example,cold,2602800,2,False,1788708485.4745834,
bind,unsigned,test.test-unsigned.example,cold,2485100,2,False,1788708485.4772096,
bind,unsigned,test.test-unsigned.example,cold,2436100,2,False,1788708485.4798615,
bind,unsigned,test.test-unsigned.example,cold,2447400,2,False,1788708485.482481,
bind,unsigned,test.test-unsigned.example,cold,4416300,2,False,1788708485.4868367,
bind,unsigned,test.test-unsigned.example,cold,2909000,2,False,1788708485.4899578,
bind,unsigned,test.test-unsigned.example,cold,2921200,2,False,1788708485.4930015,
bind,unsigned,test.test-unsigned.example,cold,3079000,2,False,1788708485.4957294,
bind,unsigned,test.test-unsigned.example,cold,2292400,2,False,1788708485.4972618,
bind,unsigned,test.test-unsigned.example,cold,2460400,2,False,1788708485.500985,
bind,unsigned,test.test-unsigned.example,cold,2421500,2,False,1788708485.503649,
bind,unsigned,test.test-unsigned.example,cold,2499000,2,False,1788708485.506295,
bind,unsigned,test.test-unsigned.example,cold,2550300,2,False,1788708485.5084894,
bind,unsigned,test.test-unsigned.example,cold,2610200,2,False,1788708485.5110958,
bind,unsigned,test.test-unsigned.example,cold,2478500,2,False,1788708485.5138247,
bind,unsigned,test.test-unsigned.example,cold,3471200,2,False,1788708485.5175905,
bind,unsigned,test.test-unsigned.example,cold,2504500,2,False,1788708485.5202456,
bind,unsigned,test.test-unsigned.example,cold,2251000,2,False,1788708485.5224862,
bind,unsigned,test.test-unsigned.example,cold,2287400,2,False,1788708485.524606,
bind,unsigned,test.test-unsigned.example,cold,2545400,2,False,1788708485.5272353,
bind,unsigned,test.test-unsigned.example,cold,2616200,2,False,1788708485.529854,
bind,unsigned,test.test-unsigned.example,cold,2654900,2,False,1788708485.53259,
bind,unsigned,test.test-unsigned.example,cold,2586000,2,False,1788708485.5351949,
bind,unsigned,test.test-unsigned.example,cold,2392300,2,False,1788708485.537802,
bind,unsigned,test.test-unsigned.example,cold,2513400,2,False,1788708485.5404432,
bind,unsigned,test.test-unsigned.example,cold,2521300,2,False,1788708485.5431128,
bind,unsigned,test.test-unsigned.example,cold,3538400,2,False,1788708485.546431,
bind,unsigned,test.test-unsigned.example,cold,6734200,2,False,1788708485.5533376,
bind,unsigned,test.test-unsigned.example,cold,4914000,2,False,1788708485.5588078,
bind,unsigned,test.test-unsigned.example,cold,3318500,2,False,1788708485.561515,
bind,unsigned,test.test-unsigned.example,cold,4304500,2,False,1788708485.5666494,
bind,unsigned,test.test-unsigned.example,cold,3453300,2,False,1788708485.5698237,
bind,unsigned,test.test-unsigned.example,cold,3275400,2,False,1788708485.5732079,
bind,unsigned,test.test-unsigned.example,cold,2940300,2,False,1788708485.5763857,
bind,unsigned,test.test-unsigned.example,cold,3421100,2,False,1788708485.5798435,
bind,unsigned,test.test-unsigned.example,cold,2369700,2,False,1788708485.5824332,
bind,unsigned,test.test-unsigned.example,cold,2466100,2,False,1788708485.5847528,
bind,unsigned,test.test-unsigned.example,cold,2529100,2,False,1788708485.5873735,
bind,unsigned,test.test-unsigned.example,cold,2433500,2,False,1788708485.5899572,
bind,unsigned,test.test-unsigned.example,cold,2733400,2,False,1788708485.5926015,
bind,unsigned,test.test-unsigned.example,cold,3867400,2,False,1788708485.5966542,
bind,unsigned,test.test-unsigned.example,cold,3016400,2,False,1788708485.5998123,
bind,unsigned,test.test-unsigned.example,cold,2852800,2,False,1788708485.6024976,
bind,unsigned,test.test-unsigned.example,cold,2951800,2,False,1788708485.605721,
bind,unsigned,test.test-unsigned.example,cold,2529800,2,False,1788708485.6084807,
bind,unsigned,test.test-unsigned.example,cold,2492200,2,False,1788708485.6107886,
bind,unsigned,test.test-unsigned.example,cold,2512300,2,False,1788708485.6134079,
bind,unsigned,test.test-unsigned.example,cold,2502700,2,False,1788708485.6160443,
bind,unsigned,test.test-unsigned.example,cold,2576900,2,False,1788708485.6186883,
bind,unsigned,test.test-unsigned.example,cold,2611700,2,False,1788708485.6213207,
bind,unsigned,test.test-unsigned.example,cold,2760700,2,False,1788708485.6238925,
bind,unsigned,test.test-unsigned.example,cold,3757000,2,False,1788708485.627979,
bind,unsigned,test.test-unsigned.example,cold,2829700,2,False,1788708485.627979,
bind,unsigned,test.test-unsigned.example,cold,2810500,2,False,1788708485.633429,
bind,unsigned,test.test-unsigned.example,cold,2963700,2,False,1788708485.633429,
bind,unsigned,test.test-unsigned.example,cold,11697600,2,False,1788708485.6489894,
bind,unsigned,test.test-unsigned.example,cold,2814000,2,False,1788708485.6518157,
bind,unsigned,test.test-unsigned.example,cold,2760700,2,False,1788708485.6544592,
bind,unsigned,test.test-unsigned.example,cold,4220600,2,False,1788708485.6586528,
bind,unsigned,test.test-unsigned.example,cold,4728200,2,False,1788708485.6638732,
bind,unsigned,test.test-unsigned.example,cold,2920300,2,False,1788708485.666511,
bind,unsigned,test.test-unsigned.example,cold,2781400,2,False,1788708485.669779,
bind,unsigned,test.test-unsigned.example,cold,3829500,2,False,1788708485.673442,
bind,unsigned,test.test-unsigned.example,cold,2379100,2,False,1788708485.676069,
bind,unsigned,test.test-unsigned.example,cold,2618400,2,False,1788708485.6786857,
bind,unsigned,test.test-unsigned.example,cold,2542700,2,False,1788708485.681349,
bind,unsigned,test.test-unsigned.example,cold,2509900,2,False,1788708485.683978,
bind,unsigned,test.test-unsigned.example,cold,2499500,2,False,1788708485.6866198,
bind,unsigned,test.test-unsigned.example,cold,2476400,2,False,1788708485.6887324,
bind,unsigned,test.test-unsigned.example,cold,2410200,2,False,1788708485.6913648,
bind,unsigned,test.test-unsigned.example,cold,2381600,2,False,1788708485.693999,
bind,unsigned,test.test-unsigned.example,cold,2479600,2,False,1788708485.6966417,
bind,unsigned,test.test-unsigned.example,cold,2426600,2,False,1788708485.6987357,
bind,unsigned,test.test-unsigned.example,cold,2578900,2,False,1788708485.7014873,
bind,unsigned,test.test-unsigned.example,cold,2452000,2,False,1788708485.7041628,
bind,unsigned,test.test-unsigned.example,cold,2466800,2,False,1788708485.7065942,
bind,unsigned,test.test-unsigned.example,cold,2415300,2,False,1788708485.7092533,
bind,unsigned,test.test-unsigned.example,cold,2378700,2,False,1788708485.711394,
bind,unsigned,test.test-unsigned.example,cold,2288000,2,False,1788708485.7140126,
bind,unsigned,test.test-unsigned.example,cold,2905000,2,False,1788708485.7168155,
bind,unsigned,test.test-unsigned.example,cold,3754200,2,False,1788708485.7209823,
bind,unsigned,test.test-unsigned.example,cold,2929900,2,False,1788708485.7238848,
bind,unsigned,test.test-unsigned.example,cold,2773500,2,False,1788708485.7265744,
bind,unsigned,test.test-unsigned.example,cold,2896500,2,False,1788708485.72953,
bind,unsigned,test.test-unsigned.example,cold,2937700,2,False,1788708485.732772,
bind,unsigned,test.test-unsigned.example,cold,2316400,2,False,1788708485.734934,
bind,unsigned,test.test-unsigned.example,cold,2402400,2,False,1788708485.7375898,
bind,unsigned,test.test-unsigned.example,cold,2466700,2,False,1788708485.7402112,
bind,unsigned,test.test-unsigned.example,cold,2522700,2,False,1788708485.7426214,
bind,unsigned,test.test-unsigned.example,cold,2464800,2,False,1788708485.74527,
bind,unsigned,test.test-unsigned.example,cold,2780500,2,False,1788708485.7480614,
bind,unsigned,test.test-unsigned.example,cold,2878900,2,False,1788708485.7508526,
bind,unsigned,test.test-unsigned.example,cold,3047700,2,False,1788708485.754345,
bind,unsigned,test.test-unsigned.example,cold,2394200,2,False,1788708485.7565444,
bind,unsigned,test.test-unsigned.example,cold,2804100,2,False,1788708485.7596915,
bind,unsigned,test.test-unsigned.example,cold,2819500,2,False,1788708485.762298,
bind,unsigned,test.test-unsigned.example,cold,4908600,2,False,1788708485.7675266,
bind,unsigned,test.test-unsigned.example,cold,2866900,2,False,1788708485.7702525,
bind,unsigned,test.test-unsigned.example,cold,2861000,2,False,1788708485.773392,
bind,unsigned,test.test-unsigned.example,cold,2809700,2,False,1788708485.7760496,
bind,unsigned,test.test-unsigned.example,cold,2556700,2,False,1788708485.7787008,
bind,unsigned,test.test-unsigned.example,cold,2370100,2,False,1788708485.7813325,
bind,unsigned,test.test-unsigned.example,cold,2571800,2,False,1788708485.783785,
bind,unsigned,test.test-unsigned.example,cold,2474300,2,False,1788708485.786592,
bind,unsigned,test.test-unsigned.example,cold,2402400,2,False,1788708485.7892172,
bind,unsigned,test.test-unsigned.example,cold,2553400,2,False,1788708485.791861,
bind,unsigned,test.test-unsigned.example,cold,2804600,2,False,1788708485.7947016,
bind,unsigned,test.test-unsigned.example,cold,2434900,2,False,1788708485.7968209,
bind,unsigned,test.test-unsigned.example,cold,2496200,2,False,1788708485.7994428,
bind,unsigned,test.test-unsigned.example,cold,2476500,2,False,1788708485.8020887,
bind,unsigned,test.test-unsigned.example,cold,2391400,2,False,1788708485.804773,
bind,unsigned,test.test-unsigned.example,cold,2457500,2,False,1788708485.8069098,
bind,unsigned,test.test-unsigned.example,cold,3801500,2,False,1788708485.8098712,
bind,unsigned,test.test-unsigned.example,cold,3469300,2,False,1788708485.8146563,
bind,unsigned,test.test-unsigned.example,cold,2703600,2,False,1788708485.816579,
bind,unsigned,test.test-unsigned.example,cold,2939200,2,False,1788708485.8181067,
bind,unsigned,test.test-unsigned.example,cold,3021200,2,False,1788708485.8210094,
bind,unsigned,test.test-unsigned.example,cold,2508700,2,False,1788708485.8262038,
bind,unsigned,test.test-unsigned.example,cold,2319700,2,False,1788708485.8283546,
bind,unsigned,test.test-unsigned.example,cold,2439200,2,False,1788708485.831019,
bind,unsigned,test.test-unsigned.example,cold,2479300,2,False,1788708485.8336713,
bind,unsigned,test.test-unsigned.example,cold,2422600,2,False,1788708485.8359685,
bind,unsigned,test.test-unsigned.example,cold,2436300,2,False,1788708485.8385992,
bind,unsigned,test.test-unsigned.example,cold,3253400,2,False,1788708485.841938,
bind,unsigned,test.test-unsigned.example,cold,2997400,2,False,1788708485.8450196,
bind,unsigned,test.test-unsigned.example,cold,2890800,2,False,1788708485.847906,
bind,unsigned,test.test-unsigned.example,cold,2476900,2,False,1788708485.8505201,
bind,unsigned,test.test-unsigned.example,cold,2416900,2,False,1788708485.8531594,
bind,unsigned,test.test-unsigned.example,cold,2686200,2,False,1788708485.8555129,
bind,unsigned,test.test-unsigned.example,cold,3641800,2,False,1788708485.859263,
bind,unsigned,test.test-unsigned.example,cold,3275000,2,False,1788708485.862656,
bind,unsigned,test.test-unsigned.example,cold,2985500,2,False,1788708485.8658607,
bind,unsigned,test.test-unsigned.example,cold,3108500,2,False,1788708485.869028,
bind,unsigned,test.test-unsigned.example,cold,2605700,2,False,1788708485.8715503,
bind,unsigned,test.test-unsigned.example,cold,2511500,2,False,1788708485.874177,
bind,unsigned,test.test-unsigned.example,cold,2472700,2,False,1788708485.8767903,
bind,unsigned,test.test-unsigned.example,cold,2572700,2,False,1788708485.879394,
bind,unsigned,test.test-unsigned.example,cold,2413400,2,False,1788708485.8820434,
bind,unsigned,test.test-unsigned.example,cold,2500300,2,False,1788708485.8846636,
bind,unsigned,test.test-unsigned.example,cold,2625500,2,False,1788708485.8875177,
bind,unsigned,test.test-unsigned.example,cold,2315000,2,False,1788708485.8897152,
bind,unsigned,test.test-unsigned.example,cold,2480500,2,False,1788708485.8924522,
bind,unsigned,test.test-unsigned.example,cold,3214000,2,False,1788708485.8955996,
bind,unsigned,test.test-unsigned.example,cold,4410700,2,False,1788708485.9000118,
bind,unsigned,test.test-unsigned.example,cold,3688600,2,False,1788708485.9036696,
bind,unsigned,test.test-unsigned.example,cold,3770600,2,False,1788708485.907837,
bind,unsigned,test.test-unsigned.example,cold,2870100,2,False,1788708485.9105203,
bind,unsigned,test.test-unsigned.example,cold,2748000,2,False,1788708485.9136715,
bind,unsigned,test.test-unsigned.example,cold,3812100,2,False,1788708485.9174314,
bind,unsigned,test.test-unsigned.example,cold,2481800,2,False,1788708485.9201007,
bind,unsigned,test.test-unsigned.example,cold,2534700,2,False,1788708485.9227355,
bind,unsigned,test.test-unsigned.example,cold,2567600,2,False,1788708485.9253645,
bind,unsigned,test.test-unsigned.example,cold,2587000,2,False,1788708485.9280019,
bind,unsigned,test.test-unsigned.example,cold,2486600,2,False,1788708485.930638,
bind,unsigned,test.test-unsigned.example,cold,2887500,2,False,1788708485.9333756,
bind,unsigned,test.test-unsigned.example,cold,2875800,2,False,1788708485.936619,
bind,unsigned,test.test-unsigned.example,cold,2713800,2,False,1788708485.939403,
bind,unsigned,test.test-unsigned.example,cold,2589900,2,False,1788708485.941875,
bind,unsigned,test.test-unsigned.example,cold,2609600,2,False,1788708485.9445577,
bind,unsigned,test.test-unsigned.example,cold,2633000,2,False,1788708485.9471755,
bind,unsigned,test.test-unsigned.example,cold,5174700,2,False,1788708485.9524717,
bind,unsigned,test.test-unsigned.example,cold,3010700,2,False,1788708485.9556265,
bind,unsigned,test.test-unsigned.example,cold,2967300,2,False,1788708485.9587946,
bind,unsigned,test.test-unsigned.example,cold,2914400,2,False,1788708485.9614515,
bind,unsigned,test.test-unsigned.example,cold,2480900,2,False,1788708485.9642162,
bind,unsigned,test.test-unsigned.example,cold,2378900,2,False,1788708485.9668324,
bind,unsigned,test.test-unsigned.example,cold,2553900,2,False,1788708485.969483,
bind,unsigned,test.test-unsigned.example,cold,2380300,2,False,1788708485.9716096,
bind,unsigned,test.test-unsigned.example,cold,2456000,2,False,1788708485.9742305,
bind,unsigned,test.test-unsigned.example,cold,2496700,2,False,1788708485.9769032,
bind,unsigned,test.test-unsigned.example,cold,2755500,2,False,1788708485.979944,
bind,unsigned,test.test-unsigned.example,cold,2259200,2,False,1788708485.9820452,
bind,unsigned,test.test-unsigned.example,cold,2317700,2,False,1788708485.9844553,
bind,unsigned,test.test-unsigned.example,cold,2340800,2,False,1788708485.9870715,
bind,unsigned,test.test-unsigned.example,cold,2292900,2,False,1788708485.98919,
bind,unsigned,test.test-unsigned.example,cold,2426500,2,False,1788708485.9918356,
bind,unsigned,test.test-unsigned.example,cold,3822600,2,False,1788708485.995418,
bind,unsigned,test.test-unsigned.example,cold,3234300,2,False,1788708485.999093,
bind,unsigned,test.test-unsigned.example,cold,2776500,2,False,1788708486.001833,
bind,unsigned,test.test-unsigned.example,cold,284251500,2,False,1788708486.28634,
bind,unsigned,test.test-unsigned.example,cold,4799500,2,False,1788708486.2909842,
bind,unsigned,test.test-unsigned.example,cold,3930700,2,False,1788708486.2951946,
bind,unsigned,test.test-unsigned.example,cold,3690900,2,False,1788708486.2991753,
bind,unsigned,test.test-unsigned.example,cold,2877700,2,False,1788708486.3019958,
bind,unsigned,test.test-unsigned.example,cold,2619800,2,False,1788708486.3044472,
bind,unsigned,test.test-unsigned.example,cold,2617800,2,False,1788708486.3071384,
bind,unsigned,test.test-unsigned.example,cold,3305300,2,False,1788708486.3105378,
bind,unsigned,test.test-unsigned.example,cold,2939300,2,False,1788708486.3136842,
bind,unsigned,test.test-unsigned.example,cold,2968700,2,False,1788708486.3169558,
bind,unsigned,test.test-unsigned.example,cold,3118200,2,False,1788708486.3200238,
bind,unsigned,test.test-unsigned.example,cold,2604800,2,False,1788708486.3226695,
bind,unsigned,test.test-unsigned.example,cold,4965800,2,False,1788708486.3275278,
bind,unsigned,test.test-unsigned.example,cold,2958400,2,False,1788708486.3304024,
bind,unsigned,test.test-unsigned.example,cold,2897700,2,False,1788708486.33357,
bind,unsigned,test.test-unsigned.example,cold,3056900,2,False,1788708486.3369448,
bind,unsigned,test.test-unsigned.example,cold,2933900,2,False,1788708486.339872,
bind,unsigned,test.test-unsigned.example,cold,2644900,2,False,1788708486.342535,
bind,unsigned,test.test-unsigned.example,cold,2731900,2,False,1788708486.3452067,
bind,unsigned,test.test-unsigned.example,cold,2626100,2,False,1788708486.3480983,
bind,unsigned,test.test-unsigned.example,cold,2705300,2,False,1788708486.3507566,
bind,unsigned,test.test-unsigned.example,cold,2740800,2,False,1788708486.3534539,
bind,unsigned,test.test-unsigned.example,cold,4011000,2,False,1788708486.3576634,
bind,unsigned,test.test-unsigned.example,cold,2479300,2,False,1788708486.3603027,
bind,unsigned,test.test-unsigned.example,cold,2693000,2,False,1788708486.3630173,
bind,unsigned,test.test-unsigned.example,cold,2774700,2,False,1788708486.3656476,
bind,unsigned,test.test-unsigned.example,cold,3750000,2,False,1788708486.3695903,
bind,unsigned,test.test-unsigned.example,cold,3288300,2,False,1788708486.3729205,
bind,unsigned,test.test-unsigned.example,cold,3917100,2,False,1788708486.376874,
bind,unsigned,test.test-unsigned.example,cold,3105300,2,False,1788708486.3800125,
bind,unsigned,test.test-unsigned.example,cold,3474300,2,False,1788708486.3836362,
bind,unsigned,test.test-unsigned.example,cold,3040900,2,False,1788708486.3872364,
bind,unsigned,test.test-unsigned.example,cold,3489300,2,False,1788708486.390589,
bind,unsigned,test.test-unsigned.example,cold,2769500,2,False,1788708486.3932722,
bind,unsigned,test.test-unsigned.example,cold,2823700,2,False,1788708486.3964975,
bind,unsigned,test.test-unsigned.example,cold,2905900,2,False,1788708486.399207,
bind,unsigned,test.test-unsigned.example,cold,2448100,2,False,1788708486.4018774,
bind,unsigned,test.test-unsigned.example,cold,2456000,2,False,1788708486.4045038,
bind,unsigned,test.test-unsigned.example,cold,2451500,2,False,1788708486.4068499,
bind,unsigned,test.test-unsigned.example,cold,2453800,2,False,1788708486.409458,
bind,unsigned,test.test-unsigned.example,cold,2537900,2,False,1788708486.412088,
bind,unsigned,test.test-unsigned.example,cold,2418500,2,False,1788708486.414493,
bind,unsigned,test.test-unsigned.example,cold,2918500,2,False,1788708486.4174862,
bind,unsigned,test.test-unsigned.example,cold,2368100,2,False,1788708486.4200993,
bind,unsigned,test.test-unsigned.example,cold,2264600,2,False,1788708486.4223132,
bind,unsigned,test.test-unsigned.example,cold,2410300,2,False,1788708486.4249432,
bind,unsigned,test.test-unsigned.example,cold,2639700,2,False,1788708486.427593,
bind,unsigned,test.test-unsigned.example,cold,2529300,2,False,1788708486.4301915,
bind,unsigned,test.test-unsigned.example,cold,4291100,2,False,1788708486.4343014,
bind,unsigned,test.test-unsigned.example,cold,3838200,2,False,1788708486.438236,
bind,unsigned,test.test-unsigned.example,cold,2732900,2,False,1788708486.4410567,
bind,unsigned,test.test-unsigned.example,cold,2741000,2,False,1788708486.4438922,
bind,unsigned,test.test-unsigned.example,cold,2817300,2,False,1788708486.447118,
bind,unsigned,test.test-unsigned.example,cold,2371900,2,False,1788708486.4494236,
bind,unsigned,test.test-unsigned.example,cold,2532600,2,False,1788708486.4520233,
bind,unsigned,test.test-unsigned.example,cold,2715100,2,False,1788708486.454653,
bind,unsigned,test.test-unsigned.example,cold,2458500,2,False,1788708486.45727,
bind,unsigned,test.test-unsigned.example,cold,2367900,2,False,1788708486.459901,
bind,unsigned,test.test-unsigned.example,cold,3797500,2,False,1788708486.463531,
bind,unsigned,test.test-unsigned.example,cold,3528300,2,False,1788708486.4675243,
bind,unsigned,test.test-unsigned.example,cold,2736500,2,False,1788708486.47036,
bind,unsigned,test.test-unsigned.example,cold,2829800,2,False,1788708486.472991,
bind,unsigned,test.test-unsigned.example,cold,3416800,2,False,1788708486.4759967,
bind,unsigned,test.test-unsigned.example,cold,2852300,2,False,1788708486.4776237,
bind,unsigned,test.test-unsigned.example,cold,3023800,2,False,1788708486.4808252,
bind,unsigned,test.test-unsigned.example,cold,2777200,2,False,1788708486.4808252,
bind,unsigned,test.test-unsigned.example,cold,2383100,2,False,1788708486.487979,
bind,unsigned,test.test-unsigned.example,cold,2476600,2,False,1788708486.4906044,
bind,unsigned,test.test-unsigned.example,cold,2609400,2,False,1788708486.4928868,
bind,unsigned,test.test-unsigned.example,cold,4378900,2,False,1788708486.4975436,
bind,unsigned,test.test-unsigned.example,cold,2876500,2,False,1788708486.5007286,
bind,unsigned,test.test-unsigned.example,cold,2770400,2,False,1788708486.5036657,
bind,unsigned,test.test-unsigned.example,cold,3022200,2,False,1788708486.5063624,
bind,unsigned,test.test-unsigned.example,cold,2574400,2,False,1788708486.5092452,
bind,unsigned,test.test-unsigned.example,cold,2333800,2,False,1788708486.5118623,
bind,unsigned,test.test-unsigned.example,cold,2399500,2,False,1788708486.5139496,
bind,unsigned,test.test-unsigned.example,cold,2360100,2,False,1788708486.516559,
bind,unsigned,test.test-unsigned.example,cold,2519000,2,False,1788708486.5191848,
bind,unsigned,test.test-unsigned.example,cold,2533200,2,False,1788708486.5218112,
bind,unsigned,test.test-unsigned.example,cold,2739000,2,False,1788708486.524677,
bind,unsigned,test.test-unsigned.example,cold,2991400,2,False,1788708486.527904,
bind,unsigned,test.test-unsigned.example,cold,2219100,2,False,1788708486.5301416,
bind,unsigned,test.test-unsigned.example,cold,2481600,2,False,1788708486.5327675,
bind,unsigned,test.test-unsigned.example,cold,2488700,2,False,1788708486.5348334,
bind,unsigned,test.test-unsigned.example,cold,2477900,2,False,1788708486.537443,
bind,unsigned,test.test-unsigned.example,cold,3005400,2,False,1788708486.5408988,
bind,unsigned,test.test-unsigned.example,cold,3694300,2,False,1788708486.5444052,
bind,unsigned,test.test-unsigned.example,cold,2898400,2,False,1788708486.5475388,
bind,unsigned,test.test-unsigned.example,cold,3173300,2,False,1788708486.5508633,
bind,unsigned,test.test-unsigned.example,cold,3093800,2,False,1788708486.5540025,
bind,unsigned,test.test-unsigned.example,cold,2516700,2,False,1788708486.5563798,
bind,unsigned,test.test-unsigned.example,cold,2427500,2,False,1788708486.5590124,
bind,unsigned,test.test-unsigned.example,cold,2674800,2,False,1788708486.5616355,
bind,unsigned,test.test-unsigned.example,cold,2549600,2,False,1788708486.5642655,
bind,unsigned,test.test-unsigned.example,cold,2367500,2,False,1788708486.5668983,
bind,unsigned,test.test-unsigned.example,cold,2282600,2,False,1788708486.5692368,
bind,unsigned,test.test-unsigned.example,cold,3068700,2,False,1788708486.5722117,
bind,unsigned,test.test-unsigned.example,cold,2972700,2,False,1788708486.5756032,
bind,unsigned,test.test-unsigned.example,cold,29121300,2,False,1788708486.6044452,
bind,unsigned,test.test-unsigned.example,cold,3743200,2,False,1788708486.608732,
bind,unsigned,test.test-unsigned.example,cold,3130400,2,False,1788708486.6119144,
bind,unsigned,test.test-unsigned.example,cold,2820700,2,False,1788708486.614698,
bind,unsigned,test.test-unsigned.example,cold,2869900,2,False,1788708486.6174846,
bind,unsigned,test.test-unsigned.example,cold,2440400,2,False,1788708486.6201386,
bind,unsigned,test.test-unsigned.example,cold,2418500,2,False,1788708486.6227474,
bind,unsigned,test.test-unsigned.example,cold,2555200,2,False,1788708486.6253762,
bind,unsigned,test.test-unsigned.example,cold,2679800,2,False,1788708486.6280117,
bind,unsigned,test.test-unsigned.example,cold,2554000,2,False,1788708486.6304007,
bind,unsigned,test.test-unsigned.example,cold,2746000,2,False,1788708486.633665,
bind,unsigned,test.test-unsigned.example,cold,3225100,2,False,1788708486.6357555,
bind,unsigned,test.test-unsigned.example,cold,5229400,2,False,1788708486.6420498,
bind,unsigned,test.test-unsigned.example,cold,12310300,2,False,1788708486.6544547,
bind,unsigned,test.test-unsigned.example,cold,2637000,2,False,1788708486.6571596,
bind,unsigned,test.test-unsigned.example,cold,2432600,2,False,1788708486.6598027,
bind,unsigned,test.test-unsigned.example,cold,2828600,2,False,1788708486.6625316,
bind,unsigned,test.test-unsigned.example,cold,3006300,2,False,1788708486.6655827,
bind,unsigned,test.test-unsigned.example,cold,2863700,2,False,1788708486.6687129,
bind,unsigned,test.test-unsigned.example,cold,2738900,2,False,1788708486.6717103,
bind,unsigned,test.test-unsigned.example,cold,2335500,2,False,1788708486.6738093,
bind,unsigned,test.test-unsigned.example,cold,2471900,2,False,1788708486.6764717,
bind,unsigned,test.test-unsigned.example,cold,3080100,2,False,1788708486.679755,
bind,unsigned,test.test-unsigned.example,cold,3685600,2,False,1788708486.6835275,
bind,unsigned,test.test-unsigned.example,cold,2793900,2,False,1788708486.6861944,
bind,unsigned,test.test-unsigned.example,cold,2473200,2,False,1788708486.688544,
bind,unsigned,test.test-unsigned.example,cold,2593700,2,False,1788708486.6916893,
bind,unsigned,test.test-unsigned.example,cold,2608300,2,False,1788708486.6937723,
bind,unsigned,test.test-unsigned.example,cold,2532800,2,False,1788708486.696631,
bind,unsigned,test.test-unsigned.example,cold,2533800,2,False,1788708486.6992898,
bind,unsigned,test.test-unsigned.example,cold,2298000,2,False,1788708486.7019026,
bind,unsigned,test.test-unsigned.example,cold,2582900,2,False,1788708486.704521,
bind,unsigned,test.test-unsigned.example,cold,2526700,2,False,1788708486.7067342,
bind,unsigned,test.test-unsigned.example,cold,2820400,2,False,1788708486.7096999,
bind,unsigned,test.test-unsigned.example,cold,4090600,2,False,1788708486.713904,
bind,unsigned,test.test-unsigned.example,cold,2908700,2,False,1788708486.7170591,
bind,unsigned,test.test-unsigned.example,cold,2969200,2,False,1788708486.7202792,
bind,unsigned,test.test-unsigned.example,cold,2848200,2,False,1788708486.722921,
bind,unsigned,test.test-unsigned.example,cold,2596000,2,False,1788708486.725723,
bind,unsigned,test.test-unsigned.example,cold,2551200,2,False,1788708486.7282538,
bind,unsigned,test.test-unsigned.example,cold,2600000,2,False,1788708486.730885,
bind,unsigned,test.test-unsigned.example,cold,2646100,2,False,1788708486.733549,
bind,unsigned,test.test-unsigned.example,cold,2423600,2,False,1788708486.7361612,
bind,unsigned,test.test-unsigned.example,cold,2386800,2,False,1788708486.7387853,
bind,unsigned,test.test-unsigned.example,cold,2572100,2,False,1788708486.741179,
bind,unsigned,test.test-unsigned.example,cold,2535900,2,False,1788708486.7437768,
bind,unsigned,test.test-unsigned.example,cold,2422500,2,False,1788708486.7462883,
bind,unsigned,test.test-unsigned.example,cold,2498800,2,False,1788708486.748916,
bind,unsigned,test.test-unsigned.example,cold,2500900,2,False,1788708486.7515821,
bind,unsigned,test.test-unsigned.example,cold,2444800,2,False,1788708486.7539904,
bind,unsigned,test.test-unsigned.example,cold,4137000,2,False,1788708486.758132,
bind,unsigned,test.test-unsigned.example,cold,4724800,2,False,1788708486.7632284,
bind,unsigned,test.test-unsigned.example,cold,2818700,2,False,1788708486.766013,
bind,unsigned,test.test-unsigned.example,cold,2753600,2,False,1788708486.7686336,
bind,unsigned,test.test-unsigned.example,cold,3316000,2,False,1788708486.772513,
bind,unsigned,test.test-unsigned.example,cold,2392000,2,False,1788708486.7746258,
bind,unsigned,test.test-unsigned.example,cold,2571600,2,False,1788708486.7772572,
bind,unsigned,test.test-unsigned.example,cold,2531400,2,False,1788708486.7799573,
bind,unsigned,test.test-unsigned.example,cold,2441100,2,False,1788708486.7826543,
bind,unsigned,test.test-unsigned.example,cold,2618800,2,False,1788708486.7854111,
bind,unsigned,test.test-unsigned.example,cold,2826800,2,False,1788708486.7883627,
bind,unsigned,test.test-unsigned.example,cold,2472600,2,False,1788708486.7904875,
bind,unsigned,test.test-unsigned.example,cold,2514000,2,False,1788708486.7929962,
bind,unsigned,test.test-unsigned.example,cold,2456400,2,False,1788708486.796013,
bind,unsigned,test.test-unsigned.example,cold,2396800,2,False,1788708486.797266,
bind,unsigned,test.test-unsigned.example,cold,2513800,2,False,1788708486.797266,
bind,unsigned,test.test-unsigned.example,cold,2663300,2,False,1788708486.8024082,
bind,unsigned,test.test-unsigned.example,cold,2454300,2,False,1788708486.8024082,
bind,unsigned,test.test-unsigned.example,cold,2374800,2,False,1788708486.807144,
bind,unsigned,test.test-unsigned.example,cold,2628200,2,False,1788708486.807144,
bind,unsigned,test.test-unsigned.example,cold,2516100,2,False,1788708486.8137023,
bind,unsigned,test.test-unsigned.example,cold,2526400,2,False,1788708486.816338,
bind,unsigned,test.test-unsigned.example,cold,3773700,2,False,1788708486.8201442,
bind,unsigned,test.test-unsigned.example,cold,3205100,2,False,1788708486.8238013,
bind,unsigned,test.test-unsigned.example,cold,2637300,2,False,1788708486.8264022,
bind,unsigned,test.test-unsigned.example,cold,2848100,2,False,1788708486.8293903,
bind,unsigned,test.test-unsigned.example,cold,2844800,2,False,1788708486.8321135,
bind,unsigned,test.test-unsigned.example,cold,2401600,2,False,1788708486.8349605,
bind,unsigned,test.test-unsigned.example,cold,2526700,2,False,1788708486.837098,
bind,unsigned,test.test-unsigned.example,cold,2829900,2,False,1788708486.8402693,
bind,unsigned,test.test-unsigned.example,cold,2543600,2,False,1788708486.8426967,
bind,unsigned,test.test-unsigned.example,cold,2633500,2,False,1788708486.8453207,
bind,unsigned,test.test-unsigned.example,cold,2526500,2,False,1788708486.8479438,
bind,unsigned,test.test-unsigned.example,cold,5437200,2,False,1788708486.8535764,
bind,unsigned,test.test-unsigned.example,cold,3213500,2,False,1788708486.8567572,
bind,unsigned,test.test-unsigned.example,cold,2798200,2,False,1788708486.859877,
bind,unsigned,test.test-unsigned.example,cold,2957800,2,False,1788708486.8627262,
bind,unsigned,test.test-unsigned.example,cold,3128700,2,False,1788708486.8659484,
bind,unsigned,test.test-unsigned.example,cold,2338800,2,False,1788708486.8686242,
bind,unsigned,test.test-unsigned.example,cold,2439600,2,False,1788708486.871231,
bind,unsigned,test.test-unsigned.example,cold,2459700,2,False,1788708486.8735862,
bind,unsigned,test.test-unsigned.example,cold,2459800,2,False,1788708486.8759894,
bind,unsigned,test.test-unsigned.example,cold,2510100,2,False,1788708486.8786225,
bind,unsigned,test.test-unsigned.example,cold,4571700,2,False,1788708486.8831704,
bind,unsigned,test.test-unsigned.example,cold,3040800,2,False,1788708486.8862393,
bind,unsigned,test.test-unsigned.example,cold,3232600,2,False,1788708486.8895583,
bind,unsigned,test.test-unsigned.example,cold,3302900,2,False,1788708486.8929331,
bind,unsigned,test.test-unsigned.example,cold,3177400,2,False,1788708486.8967586,
bind,unsigned,test.test-unsigned.example,cold,2869300,2,False,1788708486.8993664,
bind,unsigned,test.test-unsigned.example,cold,2546400,2,False,1788708486.902004,
bind,unsigned,test.test-unsigned.example,cold,2595600,2,False,1788708486.9047222,
bind,unsigned,test.test-unsigned.example,cold,2465400,2,False,1788708486.9073312,
bind,unsigned,test.test-unsigned.example,cold,2680500,2,False,1788708486.9100971,
bind,unsigned,test.test-unsigned.example,cold,2555200,2,False,1788708486.912781,
bind,unsigned,test.test-unsigned.example,cold,2577800,2,False,1788708486.9153895,
bind,unsigned,test.test-unsigned.example,cold,2493900,2,False,1788708486.9180295,
bind,unsigned,test.test-unsigned.example,cold,2438600,2,False,1788708486.9203413,
bind,unsigned,test.test-unsigned.example,cold,2475600,2,False,1788708486.9230282,
bind,unsigned,test.test-unsigned.example,cold,2833100,2,False,1788708486.9257133,
bind,unsigned,test.test-unsigned.example,cold,4459500,2,False,1788708486.9305851,
bind,unsigned,test.test-unsigned.example,cold,2791100,2,False,1788708486.9332445,
bind,unsigned,test.test-unsigned.example,cold,2797400,2,False,1788708486.9364064,
bind,unsigned,test.test-unsigned.example,cold,2904500,2,False,1788708486.939176,
bind,unsigned,test.test-unsigned.example,cold,19302200,2,False,1788708486.9584444,
bind,unsigned,test.test-unsigned.example,cold,4021900,2,False,1788708486.962851,
bind,unsigned,test.test-unsigned.example,cold,2849200,2,False,1788708486.9656413,
bind,unsigned,test.test-unsigned.example,cold,2907400,2,False,1788708486.9683855,
bind,unsigned,test.test-unsigned.example,cold,2476100,2,False,1788708486.971095,
bind,unsigned,test.test-unsigned.example,cold,2523300,2,False,1788708486.9737995,
bind,unsigned,test.test-unsigned.example,cold,2458300,2,False,1788708486.976063,
bind,unsigned,test.test-unsigned.example,cold,2482100,2,False,1788708486.9786952,
bind,unsigned,test.test-unsigned.example,cold,2518600,2,False,1788708486.981316,
bind,unsigned,test.test-unsigned.example,cold,2468900,2,False,1788708486.983962,
bind,unsigned,test.test-unsigned.example,cold,2427900,2,False,1788708486.9865859,
bind,unsigned,test.test-unsigned.example,cold,3555700,2,False,1788708486.989978,
bind,unsigned,test.test-unsigned.example,cold,3838200,2,False,1788708486.9941156,
bind,unsigned,test.test-unsigned.example,cold,2833700,2,False,1788708486.996907,
bind,unsigned,test.test-unsigned.example,cold,3098200,2,False,1788708487.0000682,
bind,unsigned,test.test-unsigned.example,cold,2465300,2,False,1788708487.0027483,
bind,unsigned,test.test-unsigned.example,cold,517404700,2,False,1788708487.5201147,
bind,unsigned,test.test-unsigned.example,cold,2774100,2,False,1788708487.523236,
bind,unsigned,test.test-unsigned.example,cold,3451900,2,False,1788708487.5266824,
bind,unsigned,test.test-unsigned.example,cold,6003000,2,False,1788708487.5324779,
bind,unsigned,test.test-unsigned.example,cold,2860500,2,False,1788708487.5356336,
bind,unsigned,test.test-unsigned.example,cold,2859200,2,False,1788708487.5384214,
bind,unsigned,test.test-unsigned.example,cold,3190400,2,False,1788708487.5418315,
bind,unsigned,test.test-unsigned.example,cold,2923900,2,False,1788708487.5450065,
bind,unsigned,test.test-unsigned.example,cold,2616600,2,False,1788708487.547231,
bind,unsigned,test.test-unsigned.example,cold,2595100,2,False,1788708487.550364,
bind,unsigned,test.test-unsigned.example,cold,2729200,2,False,1788708487.552979,
bind,unsigned,test.test-unsigned.example,cold,2663000,2,False,1788708487.5554094,
bind,unsigned,test.test-unsigned.example,cold,3266900,2,False,1788708487.5589445,
bind,unsigned,test.test-unsigned.example,cold,3479400,2,False,1788708487.562451,
bind,unsigned,test.test-unsigned.example,cold,3437900,2,False,1788708487.565873,
bind,unsigned,test.test-unsigned.example,cold,2972600,2,False,1788708487.5688412,
bind,unsigned,test.test-unsigned.example,cold,3811600,2,False,1788708487.5728111,
bind,unsigned,test.test-unsigned.example,cold,5853500,2,False,1788708487.5789146,
bind,unsigned,test.test-unsigned.example,cold,3831900,2,False,1788708487.5829632,
bind,unsigned,test.test-unsigned.example,cold,2930500,2,False,1788708487.5861006,
bind,unsigned,test.test-unsigned.example,cold,3602100,2,False,1788708487.589157,
bind,unsigned,test.test-unsigned.example,cold,3360600,2,False,1788708487.5928292,
bind,unsigned,test.test-unsigned.example,cold,2899700,2,False,1788708487.5962298,
bind,unsigned,test.test-unsigned.example,cold,2834800,2,False,1788708487.5989203,
bind,unsigned,test.test-unsigned.example,cold,2742500,2,False,1788708487.60157,
bind,unsigned,test.test-unsigned.example,cold,3156200,2,False,1788708487.6052682,
bind,unsigned,test.test-unsigned.example,cold,3190400,2,False,1788708487.6080139,
bind,unsigned,test.test-unsigned.example,cold,2482400,2,False,1788708487.6107082,
bind,unsigned,test.test-unsigned.example,cold,2908900,2,False,1788708487.6139188,
bind,unsigned,test.test-unsigned.example,cold,2472300,2,False,1788708487.6165068,
bind,unsigned,test.test-unsigned.example,cold,2626700,2,False,1788708487.6188784,
bind,unsigned,test.test-unsigned.example,cold,2452100,2,False,1788708487.6214988,
bind,unsigned,test.test-unsigned.example,cold,2696700,2,False,1788708487.624629,
bind,unsigned,test.test-unsigned.example,cold,2629700,2,False,1788708487.6272388,
bind,unsigned,test.test-unsigned.example,cold,2572600,2,False,1788708487.6298492,
bind,unsigned,test.test-unsigned.example,cold,2549000,2,False,1788708487.6324599,
bind,unsigned,test.test-unsigned.example,cold,3708700,2,False,1788708487.6360648,
bind,unsigned,test.test-unsigned.example,cold,3464500,2,False,1788708487.6396663,
bind,unsigned,test.test-unsigned.example,cold,2677200,2,False,1788708487.6423311,
bind,unsigned,test.test-unsigned.example,cold,2863600,2,False,1788708487.6455016,
bind,unsigned,test.test-unsigned.example,cold,3008600,2,False,1788708487.6482546,
bind,unsigned,test.test-unsigned.example,cold,2942400,2,False,1788708487.6501985,
bind,unsigned,test.test-unsigned.example,cold,3114500,2,False,1788708487.6530151,
bind,unsigned,test.test-unsigned.example,cold,2858800,2,False,1788708487.6550236,
bind,unsigned,test.test-unsigned.example,cold,2609300,2,False,1788708487.6604207,
bind,unsigned,test.test-unsigned.example,cold,3035400,2,False,1788708487.6633687,
bind,unsigned,test.test-unsigned.example,cold,2412500,2,False,1788708487.6660311,
bind,unsigned,test.test-unsigned.example,cold,2425600,2,False,1788708487.6686728,
bind,unsigned,test.test-unsigned.example,cold,2328600,2,False,1788708487.6708035,
bind,unsigned,test.test-unsigned.example,cold,2307600,2,False,1788708487.673472,
bind,unsigned,test.test-unsigned.example,cold,2536400,2,False,1788708487.6760948,
bind,unsigned,test.test-unsigned.example,cold,2684100,2,False,1788708487.6787121,
bind,unsigned,test.test-unsigned.example,cold,4065400,2,False,1788708487.6829138,
bind,unsigned,test.test-unsigned.example,cold,4040600,2,False,1788708487.6868942,
bind,unsigned,test.test-unsigned.example,cold,3010000,2,False,1788708487.6900694,
bind,unsigned,test.test-unsigned.example,cold,3019000,2,False,1788708487.6928623,
bind,unsigned,test.test-unsigned.example,cold,2753600,2,False,1788708487.6961303,
bind,unsigned,test.test-unsigned.example,cold,2398100,2,False,1788708487.6983712,
bind,unsigned,test.test-unsigned.example,cold,2388400,2,False,1788708487.7009854,
bind,unsigned,test.test-unsigned.example,cold,2512900,2,False,1788708487.7036238,
bind,unsigned,test.test-unsigned.example,cold,2454800,2,False,1788708487.7062526,
bind,unsigned,test.test-unsigned.example,cold,2464000,2,False,1788708487.7083318,
bind,unsigned,test.test-unsigned.example,cold,2752000,2,False,1788708487.711509,
bind,unsigned,test.test-unsigned.example,cold,2432500,2,False,1788708487.7138271,
bind,unsigned,test.test-unsigned.example,cold,2344800,2,False,1788708487.7164319,
bind,unsigned,test.test-unsigned.example,cold,2448000,2,False,1788708487.7190359,
bind,unsigned,test.test-unsigned.example,cold,2534700,2,False,1788708487.721636,
bind,unsigned,test.test-unsigned.example,cold,2351100,2,False,1788708487.7237206,
bind,unsigned,test.test-unsigned.example,cold,2702500,2,False,1788708487.7263644,
bind,unsigned,test.test-unsigned.example,cold,5062700,2,False,1788708487.731763,
bind,unsigned,test.test-unsigned.example,cold,2858600,2,False,1788708487.734919,
bind,unsigned,test.test-unsigned.example,cold,2712200,2,False,1788708487.7376037,
bind,unsigned,test.test-unsigned.example,cold,2967800,2,False,1788708487.740299,
bind,unsigned,test.test-unsigned.example,cold,2707200,2,False,1788708487.7435148,
bind,unsigned,test.test-unsigned.example,cold,3125200,2,False,1788708487.7464402,
bind,unsigned,test.test-unsigned.example,cold,2585800,2,False,1788708487.7490578,
bind,unsigned,test.test-unsigned.example,cold,2356700,2,False,1788708487.751679,
bind,unsigned,test.test-unsigned.example,cold,2507100,2,False,1788708487.7542872,
bind,unsigned,test.test-unsigned.example,cold,2472400,2,False,1788708487.7569308,
bind,unsigned,test.test-unsigned.example,cold,2545800,2,False,1788708487.7596107,
bind,unsigned,test.test-unsigned.example,cold,2852300,2,False,1788708487.762312,
bind,unsigned,test.test-unsigned.example,cold,2778900,2,False,1788708487.7654436,
bind,unsigned,test.test-unsigned.example,cold,2519400,2,False,1788708487.767553,
bind,unsigned,test.test-unsigned.example,cold,2604600,2,False,1788708487.7703924,
bind,unsigned,test.test-unsigned.example,cold,2634000,2,False,1788708487.7730012,
bind,unsigned,test.test-unsigned.example,cold,5156500,2,False,1788708487.7785034,
bind,unsigned,test.test-unsigned.example,cold,2957700,2,False,1788708487.7817125,
bind,unsigned,test.test-unsigned.example,cold,2862600,2,False,1788708487.7843733,
bind,unsigned,test.test-unsigned.example,cold,2370600,2,False,1788708487.7870824,
bind,unsigned,test.test-unsigned.example,cold,2688400,2,False,1788708487.7894552,
bind,unsigned,test.test-unsigned.example,cold,2545200,2,False,1788708487.7920954,
bind,unsigned,test.test-unsigned.example,cold,2714000,2,False,1788708487.7952683,
bind,unsigned,test.test-unsigned.example,cold,2518600,2,False,1788708487.79792,
bind,unsigned,test.test-unsigned.example,cold,2429700,2,False,1788708487.7999897,
bind,unsigned,test.test-unsigned.example,cold,2493700,2,False,1788708487.8015165,
bind,unsigned,test.test-unsigned.example,cold,2564300,2,False,1788708487.8054185,
bind,unsigned,test.test-unsigned.example,cold,2840700,2,False,1788708487.8082602,
bind,unsigned,test.test-unsigned.example,cold,2593700,2,False,1788708487.8109891,
bind,unsigned,test.test-unsigned.example,cold,2484900,2,False,1788708487.813652,
bind,unsigned,test.test-unsigned.example,cold,2459700,2,False,1788708487.8162904,
bind,unsigned,test.test-unsigned.example,cold,2530700,2,False,1788708487.8189487,
bind,unsigned,test.test-unsigned.example,cold,3722200,2,False,1788708487.8223538,
bind,unsigned,test.test-unsigned.example,cold,3753200,2,False,1788708487.8264668,
bind,unsigned,test.test-unsigned.example,cold,2765100,2,False,1788708487.8290946,
bind,unsigned,test.test-unsigned.example,cold,2753700,2,False,1788708487.832228,
bind,unsigned,test.test-unsigned.example,cold,2676600,2,False,1788708487.8349326,
bind,unsigned,test.test-unsigned.example,cold,3023700,2,False,1788708487.8378665,
bind,unsigned,test.test-unsigned.example,cold,2839400,2,False,1788708487.8410165,
bind,unsigned,test.test-unsigned.example,cold,2626100,2,False,1788708487.8436775,
bind,unsigned,test.test-unsigned.example,cold,2483800,2,False,1788708487.8459916,
bind,unsigned,test.test-unsigned.example,cold,2556600,2,False,1788708487.8487575,
bind,unsigned,test.test-unsigned.example,cold,2718000,2,False,1788708487.851576,
bind,unsigned,test.test-unsigned.example,cold,2444800,2,False,1788708487.8541822,
bind,unsigned,test.test-unsigned.example,cold,2557000,2,False,1788708487.8567905,
bind,unsigned,test.test-unsigned.example,cold,2460100,2,False,1788708487.8591526,
bind,unsigned,test.test-unsigned.example,cold,2796000,2,False,1788708487.8623056,
bind,unsigned,test.test-unsigned.example,cold,2547400,2,False,1788708487.86496,
bind,unsigned,test.test-unsigned.example,cold,3256600,2,False,1788708487.868086,
bind,unsigned,test.test-unsigned.example,cold,4699200,2,False,1788708487.8727367,
bind,unsigned,test.test-unsigned.example,cold,2989300,2,False,1788708487.8757098,
bind,unsigned,test.test-unsigned.example,cold,2977600,2,False,1788708487.879292,
bind,unsigned,test.test-unsigned.example,cold,2825300,2,False,1788708487.8818147,
bind,unsigned,test.test-unsigned.example,cold,2318200,2,False,1788708487.8844464,
bind,unsigned,test.test-unsigned.example,cold,2399800,2,False,1788708487.8865664,
bind,unsigned,test.test-unsigned.example,cold,2553100,2,False,1788708487.8897192,
bind,unsigned,test.test-unsigned.example,cold,2345500,2,False,1788708487.8918262,
bind,unsigned,test.test-unsigned.example,cold,2555800,2,False,1788708487.8942938,
bind,unsigned,test.test-unsigned.example,cold,2654400,2,False,1788708487.8970642,
bind,unsigned,test.test-unsigned.example,cold,2522500,2,False,1788708487.899688,
bind,unsigned,test.test-unsigned.example,cold,2609000,2,False,1788708487.9023075,
bind,unsigned,test.test-unsigned.example,cold,2494300,2,False,1788708487.9049385,
bind,unsigned,test.test-unsigned.example,cold,2468300,2,False,1788708487.9075594,
bind,unsigned,test.test-unsigned.example,cold,2677300,2,False,1788708487.910261,
bind,unsigned,test.test-unsigned.example,cold,3599500,2,False,1788708487.9131043,
bind,unsigned,test.test-unsigned.example,cold,3703200,2,False,1788708487.9177558,
bind,unsigned,test.test-unsigned.example,cold,2852000,2,False,1788708487.9209583,
bind,unsigned,test.test-unsigned.example,cold,2935700,2,False,1788708487.9238758,
bind,unsigned,test.test-unsigned.example,cold,2721800,2,False,1788708487.9266334,
bind,unsigned,test.test-unsigned.example,cold,2818300,2,False,1788708487.9293451,
bind,unsigned,test.test-unsigned.example,cold,2980700,2,False,1788708487.9325347,
bind,unsigned,test.test-unsigned.example,cold,2909200,2,False,1788708487.9358082,
bind,unsigned,test.test-unsigned.example,cold,2296000,2,False,1788708487.938027,
bind,unsigned,test.test-unsigned.example,cold,2341600,2,False,1788708487.9406548,
bind,unsigned,test.test-unsigned.example,cold,2704200,2,False,1788708487.9431264,
bind,unsigned,test.test-unsigned.example,cold,2750000,2,False,1788708487.9462602,
bind,unsigned,test.test-unsigned.example,cold,2274700,2,False,1788708487.9483619,
bind,unsigned,test.test-unsigned.example,cold,2481900,2,False,1788708487.9509938,
bind,unsigned,test.test-unsigned.example,cold,2573800,2,False,1788708487.9536803,
bind,unsigned,test.test-unsigned.example,cold,2485900,2,False,1788708487.9562855,
bind,unsigned,test.test-unsigned.example,cold,2581100,2,False,1788708487.9588335,
bind,unsigned,test.test-unsigned.example,cold,5283100,2,False,1788708487.9625146,
bind,unsigned,test.test-unsigned.example,cold,3650800,2,False,1788708487.967639,
bind,unsigned,test.test-unsigned.example,cold,2791900,2,False,1788708487.9694643,
bind,unsigned,test.test-unsigned.example,cold,2601600,2,False,1788708487.9694643,
bind,unsigned,test.test-unsigned.example,cold,2766200,2,False,1788708487.9745262,
bind,unsigned,test.test-unsigned.example,cold,2598600,2,False,1788708487.979549,
bind,unsigned,test.test-unsigned.example,cold,2942900,2,False,1788708487.9826262,
bind,unsigned,test.test-unsigned.example,cold,2577200,2,False,1788708487.985278,
bind,unsigned,test.test-unsigned.example,cold,3219700,2,False,1788708487.9884193,
bind,unsigned,test.test-unsigned.example,cold,2916700,2,False,1788708487.9916742,
bind,unsigned,test.test-unsigned.example,cold,2639600,2,False,1788708487.9939053,
bind,unsigned,test.test-unsigned.example,cold,2677700,2,False,1788708487.996833,
bind,unsigned,test.test-unsigned.example,cold,2537700,2,False,1788708487.9994805,
bind,unsigned,test.test-unsigned.example,cold,3280600,2,False,1788708488.0027752,
bind,unsigned,test.test-unsigned.example,cold,542227400,2,False,1788708488.545296,
bind,unsigned,test.test-unsigned.example,cold,5490100,2,False,1788708488.5510266,
bind,unsigned,test.test-unsigned.example,cold,3716100,2,False,1788708488.555017,
bind,unsigned,test.test-unsigned.example,cold,3188300,2,False,1788708488.558315,
bind,unsigned,test.test-unsigned.example,cold,2663300,2,False,1788708488.5606527,
bind,unsigned,test.test-unsigned.example,cold,3396900,2,False,1788708488.564209,
bind,unsigned,test.test-unsigned.example,cold,3262000,2,False,1788708488.5674975,
bind,unsigned,test.test-unsigned.example,cold,2715200,2,False,1788708488.5701454,
bind,unsigned,test.test-unsigned.example,cold,2743100,2,False,1788708488.5733225,
bind,unsigned,test.test-unsigned.example,cold,2703500,2,False,1788708488.5761266,
bind,unsigned,test.test-unsigned.example,cold,3289300,2,False,1788708488.579284,
bind,unsigned,test.test-unsigned.example,cold,2636900,2,False,1788708488.5819345,
bind,unsigned,test.test-unsigned.example,cold,2435600,2,False,1788708488.5845752,
bind,unsigned,test.test-unsigned.example,cold,2831100,2,False,1788708488.5872397,
bind,unsigned,test.test-unsigned.example,cold,2725800,2,False,1788708488.5899496,
bind,unsigned,test.test-unsigned.example,cold,3011200,2,False,1788708488.5934238,
bind,unsigned,test.test-unsigned.example,cold,5405400,2,False,1788708488.5988102,
bind,unsigned,test.test-unsigned.example,cold,2964900,2,False,1788708488.6017284,
bind,unsigned,test.test-unsigned.example,cold,3085100,2,False,1788708488.6049376,
bind,unsigned,test.test-unsigned.example,cold,2751700,2,False,1788708488.6076016,
bind,unsigned,test.test-unsigned.example,cold,2558800,2,False,1788708488.6104183,
bind,unsigned,test.test-unsigned.example,cold,2524300,2,False,1788708488.6130767,
bind,unsigned,test.test-unsigned.example,cold,2872100,2,False,1788708488.616335,
bind,unsigned,test.test-unsigned.example,cold,2563900,2,False,1788708488.6184967,
bind,unsigned,test.test-unsigned.example,cold,2672300,2,False,1788708488.6212974,
bind,unsigned,test.test-unsigned.example,cold,2756800,2,False,1788708488.6245384,
bind,unsigned,test.test-unsigned.example,cold,2986700,2,False,1788708488.6271951,
bind,unsigned,test.test-unsigned.example,cold,2589300,2,False,1788708488.6298785,
bind,unsigned,test.test-unsigned.example,cold,2635300,2,False,1788708488.6326199,
bind,unsigned,test.test-unsigned.example,cold,2542200,2,False,1788708488.6352317,
bind,unsigned,test.test-unsigned.example,cold,2465300,2,False,1788708488.637861,
bind,unsigned,test.test-unsigned.example,cold,3640100,2,False,1788708488.6414533,
bind,unsigned,test.test-unsigned.example,cold,3645500,2,False,1788708488.6451695,
bind,unsigned,test.test-unsigned.example,cold,2929800,2,False,1788708488.6485064,
bind,unsigned,test.test-unsigned.example,cold,2998700,2,False,1788708488.6513195,
bind,unsigned,test.test-unsigned.example,cold,2505200,2,False,1788708488.6537416,
bind,unsigned,test.test-unsigned.example,cold,2572300,2,False,1788708488.6566873,
bind,unsigned,test.test-unsigned.example,cold,2762700,2,False,1788708488.6566873,
bind,unsigned,test.test-unsigned.example,cold,2766400,2,False,1788708488.6626809,
bind,unsigned,test.test-unsigned.example,cold,2615300,2,False,1788708488.6650832,
bind,unsigned,test.test-unsigned.example,cold,2380600,2,False,1788708488.6677158,
bind,unsigned,test.test-unsigned.example,cold,2486600,2,False,1788708488.670016,
bind,unsigned,test.test-unsigned.example,cold,2807000,2,False,1788708488.6729474,
bind,unsigned,test.test-unsigned.example,cold,2410300,2,False,1788708488.675558,
bind,unsigned,test.test-unsigned.example,cold,2710400,2,False,1788708488.6785772,
bind,unsigned,test.test-unsigned.example,cold,2709700,2,False,1788708488.681238,
bind,unsigned,test.test-unsigned.example,cold,2528200,2,False,1788708488.683899,
bind,unsigned,test.test-unsigned.example,cold,2737700,2,False,1788708488.6863635,
bind,unsigned,test.test-unsigned.example,cold,3963800,2,False,1788708488.6904821,
bind,unsigned,test.test-unsigned.example,cold,2982800,2,False,1788708488.6936297,
bind,unsigned,test.test-unsigned.example,cold,2741200,2,False,1788708488.6962564,
bind,unsigned,test.test-unsigned.example,cold,3281900,2,False,1788708488.7000964,
bind,unsigned,test.test-unsigned.example,cold,2707600,2,False,1788708488.7024367,
bind,unsigned,test.test-unsigned.example,cold,2436200,2,False,1788708488.7051568,
bind,unsigned,test.test-unsigned.example,cold,2405900,2,False,1788708488.7078295,
bind,unsigned,test.test-unsigned.example,cold,2551800,2,False,1788708488.7104478,
bind,unsigned,test.test-unsigned.example,cold,2529100,2,False,1788708488.713088,
bind,unsigned,test.test-unsigned.example,cold,2466900,2,False,1788708488.715179,
bind,unsigned,test.test-unsigned.example,cold,2595800,2,False,1788708488.7179759,
bind,unsigned,test.test-unsigned.example,cold,2542300,2,False,1788708488.72061,
bind,unsigned,test.test-unsigned.example,cold,2458300,2,False,1788708488.7232194,
bind,unsigned,test.test-unsigned.example,cold,2448000,2,False,1788708488.7258418,
bind,unsigned,test.test-unsigned.example,cold,2838700,2,False,1788708488.7284698,
bind,unsigned,test.test-unsigned.example,cold,2451600,2,False,1788708488.73118,
bind,unsigned,test.test-unsigned.example,cold,3349400,2,False,1788708488.734476,
bind,unsigned,test.test-unsigned.example,cold,3745900,2,False,1788708488.7387116,
bind,unsigned,test.test-unsigned.example,cold,2957700,2,False,1788708488.7414293,
bind,unsigned,test.test-unsigned.example,cold,2903300,2,False,1788708488.7447581,
bind,unsigned,test.test-unsigned.example,cold,2835200,2,False,1788708488.7474337,
bind,unsigned,test.test-unsigned.example,cold,3041800,2,False,1788708488.750621,
bind,unsigned,test.test-unsigned.example,cold,3102700,2,False,1788708488.7533884,
bind,unsigned,test.test-unsigned.example,cold,2509500,2,False,1788708488.7563283,
bind,unsigned,test.test-unsigned.example,cold,2352700,2,False,1788708488.7589643,
bind,unsigned,test.test-unsigned.example,cold,2830800,2,False,1788708488.761804,
bind,unsigned,test.test-unsigned.example,cold,2545200,2,False,1788708488.7641366,
bind,unsigned,test.test-unsigned.example,cold,2369200,2,False,1788708488.766753,
bind,unsigned,test.test-unsigned.example,cold,2427900,2,False,1788708488.7694066,
bind,unsigned,test.test-unsigned.example,cold,2394000,2,False,1788708488.7715108,
bind,unsigned,test.test-unsigned.example,cold,2562000,2,False,1788708488.7741337,
bind,unsigned,test.test-unsigned.example,cold,2570600,2,False,1788708488.7768714,
bind,unsigned,test.test-unsigned.example,cold,3721200,2,False,1788708488.7806292,
bind,unsigned,test.test-unsigned.example,cold,3569900,2,False,1788708488.7845116,
bind,unsigned,test.test-unsigned.example,cold,2932100,2,False,1788708488.7875705,
bind,unsigned,test.test-unsigned.example,cold,2872000,2,False,1788708488.7906344,
bind,unsigned,test.test-unsigned.example,cold,2630600,2,False,1788708488.793311,
bind,unsigned,test.test-unsigned.example,cold,2755600,2,False,1788708488.7961361,
bind,unsigned,test.test-unsigned.example,cold,2420600,2,False,1788708488.7982187,
bind,unsigned,test.test-unsigned.example,cold,2646600,2,False,1788708488.801394,
bind,unsigned,test.test-unsigned.example,cold,2591800,2,False,1788708488.8040304,
bind,unsigned,test.test-unsigned.example,cold,2385100,2,False,1788708488.8061757,
bind,unsigned,test.test-unsigned.example,cold,2501000,2,False,1788708488.8082566,
bind,unsigned,test.test-unsigned.example,cold,2698100,2,False,1788708488.8097832,
bind,unsigned,test.test-unsigned.example,cold,2493300,2,False,1788708488.8143032,
bind,unsigned,test.test-unsigned.example,cold,2426400,2,False,1788708488.8167176,
bind,unsigned,test.test-unsigned.example,cold,2423400,2,False,1788708488.8193483,
bind,unsigned,test.test-unsigned.example,cold,2484200,2,False,1788708488.822003,
bind,unsigned,test.test-unsigned.example,cold,2673100,2,False,1788708488.8247442,
bind,unsigned,test.test-unsigned.example,cold,5277200,2,False,1788708488.8297498,
bind,unsigned,test.test-unsigned.example,cold,3275500,2,False,1788708488.8330848,
bind,unsigned,test.test-unsigned.example,cold,2941000,2,False,1788708488.836253,
bind,unsigned,test.test-unsigned.example,cold,2923000,2,False,1788708488.8391502,
bind,unsigned,test.test-unsigned.example,cold,2571700,2,False,1788708488.8419037,
bind,unsigned,test.test-unsigned.example,cold,2919200,2,False,1788708488.8449051,
bind,unsigned,test.test-unsigned.example,cold,3033600,2,False,1788708488.8478107,
bind,unsigned,test.test-unsigned.example,cold,2367800,2,False,1788708488.8504555,
bind,unsigned,test.test-unsigned.example,cold,2431600,2,False,1788708488.8530664,
bind,unsigned,test.test-unsigned.example,cold,2629400,2,False,1788708488.8557045,
bind,unsigned,test.test-unsigned.example,cold,2931800,2,False,1788708488.8584402,
bind,unsigned,test.test-unsigned.example,cold,2697800,2,False,1788708488.8613563,
bind,unsigned,test.test-unsigned.example,cold,2513300,2,False,1788708488.8639781,
bind,unsigned,test.test-unsigned.example,cold,2387400,2,False,1788708488.866613,
bind,unsigned,test.test-unsigned.example,cold,2398500,2,False,1788708488.8687112,
bind,unsigned,test.test-unsigned.example,cold,2413700,2,False,1788708488.8713322,
bind,unsigned,test.test-unsigned.example,cold,4592800,2,False,1788708488.875963,
bind,unsigned,test.test-unsigned.example,cold,9732800,2,False,1788708488.885799,
bind,unsigned,test.test-unsigned.example,cold,7791200,2,False,1788708488.8940063,
bind,unsigned,test.test-unsigned.example,cold,2461600,2,False,1788708488.896339,
bind,unsigned,test.test-unsigned.example,cold,2767400,2,False,1788708488.8991053,
bind,unsigned,test.test-unsigned.example,cold,7652600,2,False,1788708488.9072397,
bind,unsigned,test.test-unsigned.example,cold,6260500,2,False,1788708488.913609,
bind,unsigned,test.test-unsigned.example,cold,6308200,2,False,1788708488.9199305,
bind,unsigned,test.test-unsigned.example,cold,4219100,2,False,1788708488.9240434,
bind,unsigned,test.test-unsigned.example,cold,4139000,2,False,1788708488.9281101,
bind,unsigned,test.test-unsigned.example,cold,3502900,2,False,1788708488.9318697,
bind,unsigned,test.test-unsigned.example,cold,4506200,2,False,1788708488.9367669,
bind,unsigned,test.test-unsigned.example,cold,3703600,2,False,1788708488.9401336,
bind,unsigned,test.test-unsigned.example,cold,3962100,2,False,1788708488.9447198,
bind,unsigned,test.test-unsigned.example,cold,4282700,2,False,1788708488.9490376,
bind,unsigned,test.test-unsigned.example,cold,18110100,2,False,1788708488.9670737,
bind,unsigned,test.test-unsigned.example,cold,6010100,2,False,1788708488.9734843,
bind,unsigned,test.test-unsigned.example,cold,4360200,2,False,1788708488.977622,
bind,unsigned,test.test-unsigned.example,cold,22104100,2,False,1788708489.0002494,
bind,unsigned,test.test-unsigned.example,cold,1173226000,2,False,1788708490.1736653,
bind,unsigned,test.test-unsigned.example,cold,4418500,2,False,1788708490.178077,
bind,unsigned,test.test-unsigned.example,cold,3121100,2,False,1788708490.181412,
bind,unsigned,test.test-unsigned.example,cold,2765400,2,False,1788708490.1840632,
bind,unsigned,test.test-unsigned.example,cold,2974300,2,False,1788708490.1873443,
bind,unsigned,test.test-unsigned.example,cold,2980500,2,False,1788708490.1900556,
bind,unsigned,test.test-unsigned.example,cold,2887700,2,False,1788708490.1929183,
bind,unsigned,test.test-unsigned.example,cold,2802500,2,False,1788708490.196284,
bind,unsigned,test.test-unsigned.example,cold,2748100,2,False,1788708490.1990445,
bind,unsigned,test.test-unsigned.example,cold,3475100,2,False,1788708490.2023647,
bind,unsigned,test.test-unsigned.example,cold,3165900,2,False,1788708490.2055511,
bind,unsigned,test.test-unsigned.example,cold,4084600,2,False,1788708490.2092652,
bind,unsigned,test.test-unsigned.example,cold,4276700,2,False,1788708490.2139173,
bind,unsigned,test.test-unsigned.example,cold,3043200,2,False,1788708490.2139173,
bind,unsigned,test.test-unsigned.example,cold,3167300,2,False,1788708490.2207828,
bind,unsigned,test.test-unsigned.example,cold,3098100,2,False,1788708490.2219672,
bind,unsigned,test.test-unsigned.example,cold,2556000,2,False,1788708490.2243767,
bind,unsigned,test.test-unsigned.example,cold,3176100,2,False,1788708490.229481,
bind,unsigned,test.test-unsigned.example,cold,2929000,2,False,1788708490.229481,
bind,unsigned,test.test-unsigned.example,cold,26485800,2,False,1788708490.2593334,
bind,unsigned,test.test-unsigned.example,cold,5435600,2,False,1788708490.264796,
bind,unsigned,test.test-unsigned.example,cold,3913700,2,False,1788708490.268268,
bind,unsigned,test.test-unsigned.example,cold,3688600,2,False,1788708490.2723918,
bind,unsigned,test.test-unsigned.example,cold,3470500,2,False,1788708490.276662,
bind,unsigned,test.test-unsigned.example,cold,3064700,2,False,1788708490.2795134,
bind,unsigned,test.test-unsigned.example,cold,2721200,2,False,1788708490.2821784,
bind,unsigned,test.test-unsigned.example,cold,2753300,2,False,1788708490.2850764,
bind,unsigned,test.test-unsigned.example,cold,2968200,2,False,1788708490.2882473,
bind,unsigned,test.test-unsigned.example,cold,3902400,2,False,1788708490.2920957,
bind,unsigned,test.test-unsigned.example,cold,3914800,2,False,1788708490.2963264,
bind,unsigned,test.test-unsigned.example,cold,3161400,2,False,1788708490.2994974,
bind,unsigned,test.test-unsigned.example,cold,2738600,2,False,1788708490.3021052,
bind,unsigned,test.test-unsigned.example,cold,2804300,2,False,1788708490.3048034,
bind,unsigned,test.test-unsigned.example,cold,3598700,2,False,1788708490.3086054,
bind,unsigned,test.test-unsigned.example,cold,3164100,2,False,1788708490.3121493,
bind,unsigned,test.test-unsigned.example,cold,2792700,2,False,1788708490.3153012,
bind,unsigned,test.test-unsigned.example,cold,2568800,2,False,1788708490.3175478,
bind,unsigned,test.test-unsigned.example,cold,2715700,2,False,1788708490.32025,
bind,unsigned,test.test-unsigned.example,cold,2712200,2,False,1788708490.3233967,
bind,unsigned,test.test-unsigned.example,cold,2671000,2,False,1788708490.3259118,
bind,unsigned,test.test-unsigned.example,cold,2875600,2,False,1788708490.329165,
bind,unsigned,test.test-unsigned.example,cold,2494100,2,False,1788708490.3317935,
bind,unsigned,test.test-unsigned.example,cold,2672600,2,False,1788708490.3343952,
bind,unsigned,test.test-unsigned.example,cold,2619200,2,False,1788708490.3368611,
bind,unsigned,test.test-unsigned.example,cold,2670500,2,False,1788708490.3394868,
bind,unsigned,test.test-unsigned.example,cold,4286900,2,False,1788708490.34393,
bind,unsigned,test.test-unsigned.example,cold,3790000,2,False,1788708490.347801,
bind,unsigned,test.test-unsigned.example,cold,3518400,2,False,1788708490.3518393,
bind,unsigned,test.test-unsigned.example,cold,2892300,2,False,1788708490.3544695,
bind,unsigned,test.test-unsigned.example,cold,3158700,2,False,1788708490.3581028,
bind,unsigned,test.test-unsigned.example,cold,2611900,2,False,1788708490.3607488,
bind,unsigned,test.test-unsigned.example,cold,2463200,2,False,1788708490.3629422,
bind,unsigned,test.test-unsigned.example,cold,2450600,2,False,1788708490.3655639,
bind,unsigned,test.test-unsigned.example,cold,2882900,2,False,1788708490.3687804,
bind,unsigned,test.test-unsigned.example,cold,3067500,2,False,1788708490.3719635,
bind,unsigned,test.test-unsigned.example,cold,3194700,2,False,1788708490.374848,
bind,unsigned,test.test-unsigned.example,cold,2629600,2,False,1788708490.3779974,
bind,unsigned,test.test-unsigned.example,cold,2404900,2,False,1788708490.3801384,
bind,unsigned,test.test-unsigned.example,cold,2303800,2,False,1788708490.3827894,
bind,unsigned,test.test-unsigned.example,cold,2474000,2,False,1788708490.3854277,
bind,unsigned,test.test-unsigned.example,cold,2685600,2,False,1788708490.3878772,
bind,unsigned,test.test-unsigned.example,cold,2945600,2,False,1788708490.391139,
bind,unsigned,test.test-unsigned.example,cold,2533400,2,False,1788708490.3938038,
bind,unsigned,test.test-unsigned.example,cold,2384900,2,False,1788708490.3960347,
bind,unsigned,test.test-unsigned.example,cold,2489000,2,False,1788708490.3986506,
bind,unsigned,test.test-unsigned.example,cold,2503300,2,False,1788708490.4012823,
bind,unsigned,test.test-unsigned.example,cold,2595700,2,False,1788708490.4037669,
bind,unsigned,test.test-unsigned.example,cold,2412700,2,False,1788708490.406372,
bind,unsigned,test.test-unsigned.example,cold,2530300,2,False,1788708490.4090724,
bind,unsigned,test.test-unsigned.example,cold,2522000,2,False,1788708490.4117436,
bind,unsigned,test.test-unsigned.example,cold,2452100,2,False,1788708490.4143798,
bind,unsigned,test.test-unsigned.example,cold,2574500,2,False,1788708490.4164631,
bind,unsigned,test.test-unsigned.example,cold,5572600,2,False,1788708490.422326,
bind,unsigned,test.test-unsigned.example,cold,3024900,2,False,1788708490.4255114,
bind,unsigned,test.test-unsigned.example,cold,2981800,2,False,1788708490.4286504,
bind,unsigned,test.test-unsigned.example,cold,2590900,2,False,1788708490.4312608,
bind,unsigned,test.test-unsigned.example,cold,2429800,2,False,1788708490.4340403,
bind,unsigned,test.test-unsigned.example,cold,2328600,2,False,1788708490.4361446,
bind,unsigned,test.test-unsigned.example,cold,2478700,2,False,1788708490.4387946,
bind,unsigned,test.test-unsigned.example,cold,2537100,2,False,1788708490.4413974,
bind,unsigned,test.test-unsigned.example,cold,2585500,2,False,1788708490.4440193,
bind,unsigned,test.test-unsigned.example,cold,2412900,2,False,1788708490.4466443,
bind,unsigned,test.test-unsigned.example,cold,3329400,2,False,1788708490.4500947,
bind,unsigned,test.test-unsigned.example,cold,2751700,2,False,1788708490.4530745,
bind,unsigned,test.test-unsigned.example,cold,2573600,2,False,1788708490.4557002,
bind,unsigned,test.test-unsigned.example,cold,2583900,2,False,1788708490.4582853,
bind,unsigned,test.test-unsigned.example,cold,2485800,2,False,1788708490.4606068,
bind,unsigned,test.test-unsigned.example,cold,2698300,2,False,1788708490.463331,
bind,unsigned,test.test-unsigned.example,cold,3060700,2,False,1788708490.466588,
bind,unsigned,test.test-unsigned.example,cold,3144200,2,False,1788708490.4696524,
bind,unsigned,test.test-unsigned.example,cold,2602600,2,False,1788708490.4724178,
bind,unsigned,test.test-unsigned.example,cold,2349600,2,False,1788708490.4750893,
bind,unsigned,test.test-unsigned.example,cold,2642900,2,False,1788708490.4778714,
bind,unsigned,test.test-unsigned.example,cold,6376900,2,False,1788708490.4839852,
bind,unsigned,test.test-unsigned.example,cold,3162200,2,False,1788708490.487309,
bind,unsigned,test.test-unsigned.example,cold,2765200,2,False,1788708490.4899318,
bind,unsigned,test.test-unsigned.example,cold,2972300,2,False,1788708490.4931462,
bind,unsigned,test.test-unsigned.example,cold,3907400,2,False,1788708490.4972389,
bind,unsigned,test.test-unsigned.example,cold,4244000,2,False,1788708490.5015364,
bind,unsigned,test.test-unsigned.example,cold,2631900,2,False,1788708490.5041802,
bind,unsigned,test.test-unsigned.example,cold,2653300,2,False,1788708490.507026,
bind,unsigned,test.test-unsigned.example,cold,2578900,2,False,1788708490.5098462,
bind,unsigned,test.test-unsigned.example,cold,4614100,2,False,1788708490.514606,
bind,unsigned,test.test-unsigned.example,cold,2594800,2,False,1788708490.517269,
bind,unsigned,test.test-unsigned.example,cold,2448900,2,False,1788708490.519372,
bind,unsigned,test.test-unsigned.example,cold,2488600,2,False,1788708490.5220034,
bind,unsigned,test.test-unsigned.example,cold,2489300,2,False,1788708490.5246317,
bind,unsigned,test.test-unsigned.example,cold,6422000,2,False,1788708490.531111,
bind,unsigned,test.test-unsigned.example,cold,3002300,2,False,1788708490.534425,
bind,unsigned,test.test-unsigned.example,cold,3191500,2,False,1788708490.5374243,
bind,unsigned,test.test-unsigned.example,cold,2795900,2,False,1788708490.54064,
bind,unsigned,test.test-unsigned.example,cold,2505700,2,False,1788708490.542837,
bind,unsigned,test.test-unsigned.example,cold,4223400,2,False,1788708490.5472798,
bind,unsigned,test.test-unsigned.example,cold,2523300,2,False,1788708490.549883,
bind,unsigned,test.test-unsigned.example,cold,2552200,2,False,1788708490.5524993,
bind,unsigned,test.test-unsigned.example,cold,2598200,2,False,1788708490.5551708,
bind,unsigned,test.test-unsigned.example,cold,2368500,2,False,1788708490.5577927,
bind,unsigned,test.test-unsigned.example,cold,5448200,2,False,1788708490.5630422,
bind,unsigned,test.test-unsigned.example,cold,3762500,2,False,1788708490.5671973,
bind,unsigned,test.test-unsigned.example,cold,2830800,2,False,1788708490.5699265,
bind,unsigned,test.test-unsigned.example,cold,2908300,2,False,1788708490.573097,
bind,unsigned,test.test-unsigned.example,cold,2660100,2,False,1788708490.575731,
bind,unsigned,test.test-unsigned.example,cold,4378500,2,False,1788708490.580026,
bind,unsigned,test.test-unsigned.example,cold,2742900,2,False,1788708490.5832756,
bind,unsigned,test.test-unsigned.example,cold,2640400,2,False,1788708490.5857904,
bind,unsigned,test.test-unsigned.example,cold,3018300,2,False,1788708490.5889893,
bind,unsigned,test.test-unsigned.example,cold,3733000,2,False,1788708490.5928495,
bind,unsigned,test.test-unsigned.example,cold,8305500,2,False,1788708490.601446,
bind,unsigned,test.test-unsigned.example,cold,3453500,2,False,1788708490.60511,
bind,unsigned,test.test-unsigned.example,cold,3914200,2,False,1788708490.6087716,
bind,unsigned,test.test-unsigned.example,cold,5069300,2,False,1788708490.6142795,
bind,unsigned,test.test-unsigned.example,cold,2814000,2,False,1788708490.616911,
bind,unsigned,test.test-unsigned.example,cold,2496800,2,False,1788708490.6195483,
bind,unsigned,test.test-unsigned.example,cold,2555100,2,False,1788708490.6221633,
bind,unsigned,test.test-unsigned.example,cold,2444300,2,False,1788708490.6247811,
bind,unsigned,test.test-unsigned.example,cold,3360200,2,False,1788708490.627811,
bind,unsigned,test.test-unsigned.example,cold,3383900,2,False,1788708490.6320236,
bind,unsigned,test.test-unsigned.example,cold,2538000,2,False,1788708490.6346316,
bind,unsigned,test.test-unsigned.example,cold,2456800,2,False,1788708490.636883,
bind,unsigned,test.test-unsigned.example,cold,2432500,2,False,1788708490.6395626,
bind,unsigned,test.test-unsigned.example,cold,4887900,2,False,1788708490.6444619,
bind,unsigned,test.test-unsigned.example,cold,5689700,2,False,1788708490.6504126,
bind,unsigned,test.test-unsigned.example,cold,3459900,2,False,1788708490.6538398,
bind,unsigned,test.test-unsigned.example,cold,2901900,2,False,1788708490.6569777,
bind,unsigned,test.test-unsigned.example,cold,3873800,2,False,1788708490.6610458,
bind,unsigned,test.test-unsigned.example,cold,3936600,2,False,1788708490.6649895,
bind,unsigned,test.test-unsigned.example,cold,2876200,2,False,1788708490.6676471,
bind,unsigned,test.test-unsigned.example,cold,2503500,2,False,1788708490.6702495,
bind,unsigned,test.test-unsigned.example,cold,2492400,2,False,1788708490.672851,
bind,unsigned,test.test-unsigned.example,cold,2829300,2,False,1788708490.6758132,
bind,unsigned,test.test-unsigned.example,cold,4185200,2,False,1788708490.6801293,
bind,unsigned,test.test-unsigned.example,cold,2718700,2,False,1788708490.6827364,
bind,unsigned,test.test-unsigned.example,cold,2521000,2,False,1788708490.685476,
bind,unsigned,test.test-unsigned.example,cold,2473900,2,False,1788708490.6881006,
bind,unsigned,test.test-unsigned.example,cold,2711900,2,False,1788708490.6907141,
bind,unsigned,test.test-unsigned.example,cold,2698400,2,False,1788708490.6934786,
bind,unsigned,test.test-unsigned.example,cold,3581000,2,False,1788708490.6972222,
bind,unsigned,test.test-unsigned.example,cold,2366900,2,False,1788708490.6998413,
bind,unsigned,test.test-unsigned.example,cold,2373300,2,False,1788708490.702464,
bind,unsigned,test.test-unsigned.example,cold,2459900,2,False,1788708490.70479,
bind,unsigned,test.test-unsigned.example,cold,2633100,2,False,1788708490.7074647,
bind,unsigned,test.test-unsigned.example,cold,4431500,2,False,1788708490.711936,
bind,unsigned,test.test-unsigned.example,cold,3327900,2,False,1788708490.7152617,
bind,unsigned,test.test-unsigned.example,cold,2958300,2,False,1788708490.7182667,
bind,unsigned,test.test-unsigned.example,cold,2995700,2,False,1788708490.72118,
bind,unsigned,test.test-unsigned.example,cold,2611100,2,False,1788708490.724478,
bind,unsigned,test.test-unsigned.example,cold,3013600,2,False,1788708490.7264605,
bind,unsigned,test.test-unsigned.example,cold,3213600,2,False,1788708490.7301695,
bind,unsigned,test.test-unsigned.example,cold,2714000,2,False,1788708490.7332537,
bind,unsigned,test.test-unsigned.example,cold,2396600,2,False,1788708490.7352524,
bind,unsigned,test.test-unsigned.example,cold,2528900,2,False,1788708490.7385879,
bind,unsigned,test.test-unsigned.example,cold,2605300,2,False,1788708490.7412877,
bind,unsigned,test.test-unsigned.example,cold,2732700,2,False,1788708490.7440753,
bind,unsigned,test.test-unsigned.example,cold,2631000,2,False,1788708490.7467463,
bind,unsigned,test.test-unsigned.example,cold,2619500,2,False,1788708490.7493813,
bind,unsigned,test.test-unsigned.example,cold,2520000,2,False,1788708490.7520425,
bind,unsigned,test.test-unsigned.example,cold,2487700,2,False,1788708490.7546577,
bind,unsigned,test.test-unsigned.example,cold,2694600,2,False,1788708490.757466,
bind,unsigned,test.test-unsigned.example,cold,4280900,2,False,1788708490.7617874,
bind,unsigned,test.test-unsigned.example,cold,3068700,2,False,1788708490.764994,
bind,unsigned,test.test-unsigned.example,cold,2939000,2,False,1788708490.7682338,
bind,unsigned,test.test-unsigned.example,cold,2796400,2,False,1788708490.7705061,
bind,unsigned,test.test-unsigned.example,cold,2569900,2,False,1788708490.7718863,
bind,unsigned,test.test-unsigned.example,cold,2566500,2,False,1788708490.7747898,
bind,unsigned,test.test-unsigned.example,cold,2674000,2,False,1788708490.7747898,
bind,unsigned,test.test-unsigned.example,cold,2652100,2,False,1788708490.7817676,
bind,unsigned,test.test-unsigned.example,cold,2583500,2,False,1788708490.7844706,
bind,unsigned,test.test-unsigned.example,cold,2500300,2,False,1788708490.787105,
bind,unsigned,test.test-unsigned.example,cold,2443500,2,False,1788708490.7895083,
bind,unsigned,test.test-unsigned.example,cold,2717300,2,False,1788708490.792183,
bind,unsigned,test.test-unsigned.example,cold,2806300,2,False,1788708490.7953258,
bind,unsigned,test.test-unsigned.example,cold,2377100,2,False,1788708490.7976832,
bind,unsigned,test.test-unsigned.example,cold,2472800,2,False,1788708490.8002205,
bind,unsigned,test.test-unsigned.example,cold,2416200,2,False,1788708490.8028424,
bind,unsigned,test.test-unsigned.example,cold,2360100,2,False,1788708490.8050299,
bind,unsigned,test.test-unsigned.example,cold,4526700,2,False,1788708490.8096504,
bind,unsigned,test.test-unsigned.example,cold,2942000,2,False,1788708490.8127785,
bind,unsigned,test.test-unsigned.example,cold,2863300,2,False,1788708490.815397,
bind,unsigned,test.test-unsigned.example,cold,3135100,2,False,1788708490.8183959,
bind,unsigned,test.test-unsigned.example,cold,2866800,2,False,1788708490.822066,
bind,unsigned,test.test-unsigned.example,cold,2660700,2,False,1788708490.8248584,
bind,unsigned,test.test-unsigned.example,cold,2946100,2,False,1788708490.8277428,
bind,unsigned,test.test-unsigned.example,cold,2368400,2,False,1788708490.829862,
bind,unsigned,test.test-unsigned.example,cold,2298500,2,False,1788708490.8324668,
bind,unsigned,test.test-unsigned.example,cold,2472200,2,False,1788708490.8350954,
bind,unsigned,test.test-unsigned.example,cold,2694300,2,False,1788708490.8378856,
bind,unsigned,test.test-unsigned.example,cold,2587900,2,False,1788708490.8405023,
bind,unsigned,test.test-unsigned.example,cold,2464400,2,False,1788708490.8431265,
bind,unsigned,test.test-unsigned.example,cold,2761400,2,False,1788708490.8458283,
bind,unsigned,test.test-unsigned.example,cold,2601600,2,False,1788708490.8484645,
bind,unsigned,test.test-unsigned.example,cold,2540800,2,False,1788708490.8510792,
bind,unsigned,test.test-unsigned.example,cold,2554000,2,False,1788708490.8539329,
bind,unsigned,test.test-unsigned.example,cold,2374200,2,False,1788708490.856038,
bind,unsigned,test.test-unsigned.example,cold,2438200,2,False,1788708490.858682,
bind,unsigned,test.test-unsigned.example,cold,2603200,2,False,1788708490.8613145,
bind,unsigned,test.test-unsigned.example,cold,2884400,2,False,1788708490.8644667,
bind,unsigned,test.test-unsigned.example,cold,2625900,2,False,1788708490.8670866,
bind,unsigned,test.test-unsigned.example,cold,6101800,2,False,1788708490.8731139,
bind,unsigned,test.test-unsigned.example,cold,3141800,2,False,1788708490.8763762,
bind,unsigned,test.test-unsigned.example,cold,3053500,2,False,1788708490.8798013,
bind,unsigned,test.test-unsigned.example,cold,2877100,2,False,1788708490.8824258,
bind,unsigned,test.test-unsigned.example,cold,2404400,2,False,1788708490.8851638,
bind,unsigned,test.test-unsigned.example,cold,2342100,2,False,1788708490.887514,
bind,unsigned,test.test-unsigned.example,cold,2463300,2,False,1788708490.889977,
bind,unsigned,test.test-unsigned.example,cold,2495900,2,False,1788708490.8925977,
bind,unsigned,test.test-unsigned.example,cold,2524100,2,False,1788708490.8951225,
bind,unsigned,test.test-unsigned.example,cold,2578000,2,False,1788708490.8977678,
bind,unsigned,test.test-unsigned.example,cold,2442100,2,False,1788708490.9005466,
bind,unsigned,test.test-unsigned.example,cold,2450700,2,False,1788708490.9031749,
bind,unsigned,test.test-unsigned.example,cold,2541600,2,False,1788708490.9052806,
bind,unsigned,test.test-unsigned.example,cold,2426500,2,False,1788708490.9079251,
bind,unsigned,test.test-unsigned.example,cold,2531800,2,False,1788708490.910617,
bind,unsigned,test.test-unsigned.example,cold,2603900,2,False,1788708490.9132526,
bind,unsigned,test.test-unsigned.example,cold,5415700,2,False,1788708490.9185092,
bind,unsigned,test.test-unsigned.example,cold,3809100,2,False,1788708490.9227178,
bind,unsigned,test.test-unsigned.example,cold,2844600,2,False,1788708490.9258845,
bind,unsigned,test.test-unsigned.example,cold,2757100,2,False,1788708490.9285636,
bind,unsigned,test.test-unsigned.example,cold,2261700,2,False,1788708490.931206,
bind,unsigned,test.test-unsigned.example,cold,2427500,2,False,1788708490.9334545,
bind,unsigned,test.test-unsigned.example,cold,2484500,2,False,1788708490.9360983,
bind,unsigned,test.test-unsigned.example,cold,2489200,2,False,1788708490.9388506,
bind,unsigned,test.test-unsigned.example,cold,2488800,2,False,1788708490.940948,
bind,unsigned,test.test-unsigned.example,cold,2509500,2,False,1788708490.9435604,
bind,unsigned,test.test-unsigned.example,cold,2957100,2,False,1788708490.9468079,
bind,unsigned,test.test-unsigned.example,cold,2756800,2,False,1788708490.9499562,
bind,unsigned,test.test-unsigned.example,cold,2313600,2,False,1788708490.952037,
bind,unsigned,test.test-unsigned.example,cold,2461600,2,False,1788708490.9546657,
bind,unsigned,test.test-unsigned.example,cold,2462700,2,False,1788708490.9573066,
bind,unsigned,test.test-unsigned.example,cold,2539700,2,False,1788708490.9594529,
bind,unsigned,test.test-unsigned.example,cold,2637000,2,False,1788708490.962286,
bind,unsigned,test.test-unsigned.example,cold,2563400,2,False,1788708490.964918,
bind,unsigned,test.test-unsigned.example,cold,2597100,2,False,1788708490.9675486,
bind,unsigned,test.test-unsigned.example,cold,2641100,2,False,1788708490.9706826,
bind,unsigned,test.test-unsigned.example,cold,2361400,2,False,1788708490.9723063,
bind,unsigned,test.test-unsigned.example,cold,2629200,2,False,1788708490.9748654,
bind,unsigned,test.test-unsigned.example,cold,4279600,2,False,1788708490.9797413,
bind,unsigned,test.test-unsigned.example,cold,2998800,2,False,1788708490.9797413,
bind,unsigned,test.test-unsigned.example,cold,2690200,2,False,1788708490.9836268,
bind,unsigned,test.test-unsigned.example,cold,2788100,2,False,1788708490.9836268,
bind,unsigned,test.test-unsigned.example,cold,2729600,2,False,1788708490.9913886,
bind,unsigned,test.test-unsigned.example,cold,2795200,2,False,1788708490.9942794,
bind,unsigned,test.test-unsigned.example,cold,2634000,2,False,1788708490.9970257,
bind,unsigned,test.test-unsigned.example,cold,2655000,2,False,1788708490.9997163,
bind,unsigned,test.test-unsigned.example,cold,2446800,2,False,1788708491.002344,
bind,unsigned,test.test-unsigned.example,cold,372200000,2,False,1788708491.3745902,
bind,unsigned,test.test-unsigned.example,cold,12723300,2,False,1788708491.387421,
bind,unsigned,test.test-unsigned.example,cold,4875600,2,False,1788708491.392404,
bind,unsigned,test.test-unsigned.example,cold,5557100,2,False,1788708491.3983824,
bind,unsigned,test.test-unsigned.example,cold,2624100,2,False,1788708491.4009776,
bind,unsigned,test.test-unsigned.example,cold,2904100,2,False,1788708491.4040284,
bind,unsigned,test.test-unsigned.example,cold,2508200,2,False,1788708491.4064085,
bind,unsigned,test.test-unsigned.example,cold,2575000,2,False,1788708491.4089472,
bind,unsigned,test.test-unsigned.example,cold,4236200,2,False,1788708491.4132519,
bind,unsigned,test.test-unsigned.example,cold,3687100,2,False,1788708491.4175873,
bind,unsigned,test.test-unsigned.example,cold,2775100,2,False,1788708491.4202163,
bind,unsigned,test.test-unsigned.example,cold,3544000,2,False,1788708491.4239745,
bind,unsigned,test.test-unsigned.example,cold,2950100,2,False,1788708491.4266508,
bind,unsigned,test.test-unsigned.example,cold,6118000,2,False,1788708491.4333324,
bind,unsigned,test.test-unsigned.example,cold,3028900,2,False,1788708491.4333324,
bind,unsigned,test.test-unsigned.example,cold,3162700,2,False,1788708491.43806,
bind,unsigned,test.test-unsigned.example,cold,4448400,2,False,1788708491.4437563,
bind,unsigned,test.test-unsigned.example,cold,3670000,2,False,1788708491.4480627,
bind,unsigned,test.test-unsigned.example,cold,3635500,2,False,1788708491.451814,
bind,unsigned,test.test-unsigned.example,cold,2644900,2,False,1788708491.4545064,
bind,unsigned,test.test-unsigned.example,cold,3694600,2,False,1788708491.4583979,
bind,unsigned,test.test-unsigned.example,cold,3116000,2,False,1788708491.461334,
bind,unsigned,test.test-unsigned.example,cold,3605000,2,False,1788708491.4653175,
bind,unsigned,test.test-unsigned.example,cold,2470600,2,False,1788708491.4680574,
bind,unsigned,test.test-unsigned.example,cold,2569900,2,False,1788708491.4705365,
bind,unsigned,test.test-unsigned.example,cold,2893500,2,False,1788708491.4737275,
bind,unsigned,test.test-unsigned.example,cold,2599200,2,False,1788708491.4760332,
bind,unsigned,test.test-unsigned.example,cold,6858900,2,False,1788708491.4832473,
bind,unsigned,test.test-unsigned.example,cold,3309300,2,False,1788708491.486295,
bind,unsigned,test.test-unsigned.example,cold,2706200,2,False,1788708491.4895184,
bind,unsigned,test.test-unsigned.example,cold,3148500,2,False,1788708491.492197,
bind,unsigned,test.test-unsigned.example,cold,5426100,2,False,1788708491.4980335,
bind,unsigned,test.test-unsigned.example,cold,3084000,2,False,1788708491.5013397,
bind,unsigned,test.test-unsigned.example,cold,3298500,2,False,1788708491.504435,
bind,unsigned,test.test-unsigned.example,cold,2827100,2,False,1788708491.5076418,
bind,unsigned,test.test-unsigned.example,cold,2695600,2,False,1788708491.5103333,
bind,unsigned,test.test-unsigned.example,cold,3906800,2,False,1788708491.514055,
bind,unsigned,test.test-unsigned.example,cold,2332700,2,False,1788708491.5167065,
bind,unsigned,test.test-unsigned.example,cold,3479700,2,False,1788708491.5201306,
bind,unsigned,test.test-unsigned.example,cold,2711100,2,False,1788708491.5228462,
bind,unsigned,test.test-unsigned.example,cold,4690600,2,False,1788708491.5275106,
bind,unsigned,test.test-unsigned.example,cold,4193500,2,False,1788708491.5322711,
bind,unsigned,test.test-unsigned.example,cold,3345000,2,False,1788708491.5355303,
bind,unsigned,test.test-unsigned.example,cold,3419100,2,False,1788708491.5390642,
bind,unsigned,test.test-unsigned.example,cold,2971700,2,False,1788708491.5419867,
bind,unsigned,test.test-unsigned.example,cold,4233000,2,False,1788708491.546606,
bind,unsigned,test.test-unsigned.example,cold,3148000,2,False,1788708491.5496526,
bind,unsigned,test.test-unsigned.example,cold,3357900,2,False,1788708491.5533178,
bind,unsigned,test.test-unsigned.example,cold,2633400,2,False,1788708491.5559475,
bind,unsigned,test.test-unsigned.example,cold,3421900,2,False,1788708491.5591805,
bind,unsigned,test.test-unsigned.example,cold,3889600,2,False,1788708491.563602,
bind,unsigned,test.test-unsigned.example,cold,3193300,2,False,1788708491.5667846,
bind,unsigned,test.test-unsigned.example,cold,2621900,2,False,1788708491.5694048,
bind,unsigned,test.test-unsigned.example,cold,2874400,2,False,1788708491.5725439,
bind,unsigned,test.test-unsigned.example,cold,2957500,2,False,1788708491.5752819,
bind,unsigned,test.test-unsigned.example,cold,4578900,2,False,1788708491.5797803,
bind,unsigned,test.test-unsigned.example,cold,3084300,2,False,1788708491.5831988,
bind,unsigned,test.test-unsigned.example,cold,3278400,2,False,1788708491.5864873,
bind,unsigned,test.test-unsigned.example,cold,2782000,2,False,1788708491.5892391,
bind,unsigned,test.test-unsigned.example,cold,2686500,2,False,1788708491.5918312,
bind,unsigned,test.test-unsigned.example,cold,4656100,2,False,1788708491.5967374,
bind,unsigned,test.test-unsigned.example,cold,3118700,2,False,1788708491.6000638,
bind,unsigned,test.test-unsigned.example,cold,2787800,2,False,1788708491.6027675,
bind,unsigned,test.test-unsigned.example,cold,2442500,2,False,1788708491.605381,
bind,unsigned,test.test-unsigned.example,cold,2776700,2,False,1788708491.6085708,
bind,unsigned,test.test-unsigned.example,cold,3524600,2,False,1788708491.6113787,
bind,unsigned,test.test-unsigned.example,cold,4669600,2,False,1788708491.6147828,
bind,unsigned,test.test-unsigned.example,cold,2664500,2,False,1788708491.6147828,
bind,unsigned,test.test-unsigned.example,cold,2766300,2,False,1788708491.6211517,
bind,unsigned,test.test-unsigned.example,cold,2511600,2,False,1788708491.6211517,
bind,unsigned,test.test-unsigned.example,cold,3587900,2,False,1788708491.6282048,
bind,unsigned,test.test-unsigned.example,cold,3536100,2,False,1788708491.6323373,
bind,unsigned,test.test-unsigned.example,cold,3305300,2,False,1788708491.6357646,
bind,unsigned,test.test-unsigned.example,cold,2645300,2,False,1788708491.638715,
bind,unsigned,test.test-unsigned.example,cold,3833700,2,False,1788708491.6424887,
bind,unsigned,test.test-unsigned.example,cold,3205800,2,False,1788708491.6459832,
bind,unsigned,test.test-unsigned.example,cold,3151200,2,False,1788708491.6487193,
bind,unsigned,test.test-unsigned.example,cold,2538600,2,False,1788708491.6514223,
bind,unsigned,test.test-unsigned.example,cold,4448800,2,False,1788708491.6559505,
bind,unsigned,test.test-unsigned.example,cold,2760300,2,False,1788708491.658842,
bind,unsigned,test.test-unsigned.example,cold,4143600,2,False,1788708491.662996,
bind,unsigned,test.test-unsigned.example,cold,2566000,2,False,1788708491.6656458,
bind,unsigned,test.test-unsigned.example,cold,3043700,2,False,1788708491.669084,
bind,unsigned,test.test-unsigned.example,cold,2701500,2,False,1788708491.6715403,
bind,unsigned,test.test-unsigned.example,cold,2944700,2,False,1788708491.6748216,
bind,unsigned,test.test-unsigned.example,cold,3143800,2,False,1788708491.6778114,
bind,unsigned,test.test-unsigned.example,cold,3015800,2,False,1788708491.6813645,
bind,unsigned,test.test-unsigned.example,cold,2821100,2,False,1788708491.6840572,
bind,unsigned,test.test-unsigned.example,cold,2454400,2,False,1788708491.6866865,
bind,unsigned,test.test-unsigned.example,cold,3355600,2,False,1788708491.6900158,
bind,unsigned,test.test-unsigned.example,cold,2840700,2,False,1788708491.6931589,
bind,unsigned,test.test-unsigned.example,cold,3971600,2,False,1788708491.6970532,
bind,unsigned,test.test-unsigned.example,cold,3169400,2,False,1788708491.7005332,
bind,unsigned,test.test-unsigned.example,cold,3276300,2,False,1788708491.703232,
bind,unsigned,test.test-unsigned.example,cold,2394600,2,False,1788708491.70611,
bind,unsigned,test.test-unsigned.example,cold,2911200,2,False,1788708491.708812,
bind,unsigned,test.test-unsigned.example,cold,3457800,2,False,1788708491.71245,
bind,unsigned,test.test-unsigned.example,cold,2392900,2,False,1788708491.7150722,
bind,unsigned,test.test-unsigned.example,cold,2877300,2,False,1788708491.7186549,
bind,unsigned,test.test-unsigned.example,cold,2640200,2,False,1788708491.7212942,
bind,unsigned,test.test-unsigned.example,cold,2920100,2,False,1788708491.7241316,
bind,unsigned,test.test-unsigned.example,cold,3046100,2,False,1788708491.7273326,
bind,unsigned,test.test-unsigned.example,cold,2954000,2,False,1788708491.7303858,
bind,unsigned,test.test-unsigned.example,cold,2472300,2,False,1788708491.7330966,
bind,unsigned,test.test-unsigned.example,cold,2452600,2,False,1788708491.735743,
bind,unsigned,test.test-unsigned.example,cold,3409700,2,False,1788708491.738916,
bind,unsigned,test.test-unsigned.example,cold,2648100,2,False,1788708491.741601,
bind,unsigned,test.test-unsigned.example,cold,3409100,2,False,1788708491.7449617,
bind,unsigned,test.test-unsigned.example,cold,2491900,2,False,1788708491.747671,
bind,unsigned,test.test-unsigned.example,cold,2454700,2,False,1788708491.7505028,
bind,unsigned,test.test-unsigned.example,cold,2798100,2,False,1788708491.7530696,
bind,unsigned,test.test-unsigned.example,cold,2618800,2,False,1788708491.7557018,
bind,unsigned,test.test-unsigned.example,cold,4015700,2,False,1788708491.7599013,
bind,unsigned,test.test-unsigned.example,cold,3325900,2,False,1788708491.763493,
bind,unsigned,test.test-unsigned.example,cold,2646900,2,False,1788708491.7661633,
bind,unsigned,test.test-unsigned.example,cold,2537700,2,False,1788708491.768775,
bind,unsigned,test.test-unsigned.example,cold,3614600,2,False,1788708491.7725897,
bind,unsigned,test.test-unsigned.example,cold,2497600,2,False,1788708491.7752025,
bind,unsigned,test.test-unsigned.example,cold,5467100,2,False,1788708491.7805262,
bind,unsigned,test.test-unsigned.example,cold,3273800,2,False,1788708491.7842205,
bind,unsigned,test.test-unsigned.example,cold,2739300,2,False,1788708491.7866902,
bind,unsigned,test.test-unsigned.example,cold,2573600,2,False,1788708491.7898247,
bind,unsigned,test.test-unsigned.example,cold,18054200,2,False,1788708491.8076947,
bind,unsigned,test.test-unsigned.example,cold,2913800,2,False,1788708491.8106747,
bind,unsigned,test.test-unsigned.example,cold,3223800,2,False,1788708491.813854,
bind,unsigned,test.test-unsigned.example,cold,2646300,2,False,1788708491.8169973,
bind,unsigned,test.test-unsigned.example,cold,18480700,2,False,1788708491.8351038,
bind,unsigned,test.test-unsigned.example,cold,3447700,2,False,1788708491.8391178,
bind,unsigned,test.test-unsigned.example,cold,2905100,2,False,1788708491.8419614,
bind,unsigned,test.test-unsigned.example,cold,2869700,2,False,1788708491.844958,
bind,unsigned,test.test-unsigned.example,cold,2852300,2,False,1788708491.847936,
bind,unsigned,test.test-unsigned.example,cold,3010000,2,False,1788708491.8509953,
bind,unsigned,test.test-unsigned.example,cold,3434000,2,False,1788708491.8545163,
bind,unsigned,test.test-unsigned.example,cold,2434400,2,False,1788708491.8568957,
bind,unsigned,test.test-unsigned.example,cold,3948800,2,False,1788708491.8608594,
bind,unsigned,test.test-unsigned.example,cold,2610900,2,False,1788708491.8638377,
bind,unsigned,test.test-unsigned.example,cold,3575000,2,False,1788708491.8674612,
bind,unsigned,test.test-unsigned.example,cold,3064200,2,False,1788708491.8703387,
bind,unsigned,test.test-unsigned.example,cold,3496300,2,False,1788708491.873893,
bind,unsigned,test.test-unsigned.example,cold,2702900,2,False,1788708491.8770044,
bind,unsigned,test.test-unsigned.example,cold,3857900,2,False,1788708491.8812582,
bind,unsigned,test.test-unsigned.example,cold,2550700,2,False,1788708491.8839128,
bind,unsigned,test.test-unsigned.example,cold,2779400,2,False,1788708491.8865569,
bind,unsigned,test.test-unsigned.example,cold,2700600,2,False,1788708491.8896558,
bind,unsigned,test.test-unsigned.example,cold,2627900,2,False,1788708491.8922696,
bind,unsigned,test.test-unsigned.example,cold,4217600,2,False,1788708491.8963947,
bind,unsigned,test.test-unsigned.example,cold,2470400,2,False,1788708491.898983,
bind,unsigned,test.test-unsigned.example,cold,3021100,2,False,1788708491.902111,
bind,unsigned,test.test-unsigned.example,cold,2923800,2,False,1788708491.9050095,
bind,unsigned,test.test-unsigned.example,cold,3606000,2,False,1788708491.9088273,
bind,unsigned,test.test-unsigned.example,cold,3301600,2,False,1788708491.9120646,
bind,unsigned,test.test-unsigned.example,cold,3078300,2,False,1788708491.915173,
bind,unsigned,test.test-unsigned.example,cold,2486400,2,False,1788708491.9177997,
bind,unsigned,test.test-unsigned.example,cold,2819500,2,False,1788708491.9205399,
bind,unsigned,test.test-unsigned.example,cold,2757800,2,False,1788708491.9236798,
bind,unsigned,test.test-unsigned.example,cold,2409900,2,False,1788708491.926121,
bind,unsigned,test.test-unsigned.example,cold,4059200,2,False,1788708491.9301236,
bind,unsigned,test.test-unsigned.example,cold,2685700,2,False,1788708491.9328084,
bind,unsigned,test.test-unsigned.example,cold,3315200,2,False,1788708491.9364429,
bind,unsigned,test.test-unsigned.example,cold,2652500,2,False,1788708491.939232,
bind,unsigned,test.test-unsigned.example,cold,3021600,2,False,1788708491.942098,
bind,unsigned,test.test-unsigned.example,cold,2788300,2,False,1788708491.944876,
bind,unsigned,test.test-unsigned.example,cold,3477800,2,False,1788708491.948874,
bind,unsigned,test.test-unsigned.example,cold,2526800,2,False,1788708491.9512727,
bind,unsigned,test.test-unsigned.example,cold,2470100,2,False,1788708491.9539256,
bind,unsigned,test.test-unsigned.example,cold,2748800,2,False,1788708491.956545,
bind,unsigned,test.test-unsigned.example,cold,3308800,2,False,1788708491.959856,
bind,unsigned,test.test-unsigned.example,cold,3468800,2,False,1788708491.963607,
bind,unsigned,test.test-unsigned.example,cold,2554600,2,False,1788708491.9662695,
bind,unsigned,test.test-unsigned.example,cold,3550100,2,False,1788708491.9701653,
bind,unsigned,test.test-unsigned.example,cold,3001400,2,False,1788708491.9727998,
bind,unsigned,test.test-unsigned.example,cold,3244100,2,False,1788708491.9765773,
bind,unsigned,test.test-unsigned.example,cold,3284500,2,False,1788708491.9797559,
bind,unsigned,test.test-unsigned.example,cold,3134200,2,False,1788708491.9830387,
bind,unsigned,test.test-unsigned.example,cold,2461100,2,False,1788708491.9850466,
bind,unsigned,test.test-unsigned.example,cold,2605800,2,False,1788708491.988127,
bind,unsigned,test.test-unsigned.example,cold,2880100,2,False,1788708491.990584,
bind,unsigned,test.test-unsigned.example,cold,2862000,2,False,1788708491.9938133,
bind,unsigned,test.test-unsigned.example,cold,3236400,2,False,1788708491.9976094,
bind,unsigned,test.test-unsigned.example,cold,2619600,2,False,1788708491.9996295,
bind,unsigned,test.test-unsigned.example,cold,581946800,2,False,1788708492.582019,
bind,unsigned,test.test-unsigned.example,cold,15055700,2,False,1788708492.5974646,
bind,unsigned,test.test-unsigned.example,cold,16212000,2,False,1788708492.6132846,
bind,unsigned,test.test-unsigned.example,cold,5667800,2,False,1788708492.6191177,
bind,unsigned,test.test-unsigned.example,cold,5214000,2,False,1788708492.6246057,
bind,unsigned,test.test-unsigned.example,cold,5517800,2,False,1788708492.6305819,
bind,unsigned,test.test-unsigned.example,cold,6035800,2,False,1788708492.6363845,
bind,unsigned,test.test-unsigned.example,cold,4087100,2,False,1788708492.6408787,
bind,unsigned,test.test-unsigned.example,cold,8535400,2,False,1788708492.6492302,
bind,unsigned,test.test-unsigned.example,cold,4041000,2,False,1788708492.6531863,
bind,unsigned,test.test-unsigned.example,cold,5496400,2,False,1788708492.658752,
bind,unsigned,test.test-unsigned.example,cold,10430500,2,False,1788708492.6698422,
bind,unsigned,test.test-unsigned.example,cold,3830400,2,False,1788708492.673768,
bind,unsigned,test.test-unsigned.example,cold,13181900,2,False,1788708492.686642,
bind,unsigned,test.test-unsigned.example,cold,6044300,2,False,1788708492.6933153,
bind,unsigned,test.test-unsigned.example,cold,5669600,2,False,1788708492.6986372,
bind,unsigned,test.test-unsigned.example,cold,3188200,2,False,1788708492.701814,
bind,unsigned,test.test-unsigned.example,cold,4627000,2,False,1788708492.7069435,
bind,unsigned,test.test-unsigned.example,cold,4794500,2,False,1788708492.7116742,
bind,unsigned,test.test-unsigned.example,cold,4262000,2,False,1788708492.7159069,
bind,unsigned,test.test-unsigned.example,cold,3951000,2,False,1788708492.720147,
bind,unsigned,test.test-unsigned.example,cold,3840500,2,False,1788708492.7240176,
bind,unsigned,test.test-unsigned.example,cold,3395500,2,False,1788708492.727434,
bind,unsigned,test.test-unsigned.example,cold,3141500,2,False,1788708492.7307298,
bind,unsigned,test.test-unsigned.example,cold,4130700,2,False,1788708492.7349184,
bind,unsigned,test.test-unsigned.example,cold,3524900,2,False,1788708492.7384002,
bind,unsigned,test.test-unsigned.example,cold,3891400,2,False,1788708492.7423706,
bind,unsigned,test.test-unsigned.example,cold,4731700,2,False,1788708492.7474291,
bind,unsigned,test.test-unsigned.example,cold,4964400,2,False,1788708492.7528117,
bind,unsigned,test.test-unsigned.example,cold,8344500,2,False,1788708492.7612543,
bind,unsigned,test.test-unsigned.example,cold,4919100,2,False,1788708492.7659724,
bind,unsigned,test.test-unsigned.example,cold,3722600,2,False,1788708492.7697487,
bind,unsigned,test.test-unsigned.example,cold,3467100,2,False,1788708492.7734911,
bind,unsigned,test.test-unsigned.example,cold,3597800,2,False,1788708492.7771423,
bind,unsigned,test.test-unsigned.example,cold,5351900,2,False,1788708492.782746,
bind,unsigned,test.test-unsigned.example,cold,5466500,2,False,1788708492.787992,
bind,unsigned,test.test-unsigned.example,cold,3595800,2,False,1788708492.7917306,
bind,unsigned,test.test-unsigned.example,cold,3217000,2,False,1788708492.7954004,
bind,unsigned,test.test-unsigned.example,cold,2650200,2,False,1788708492.7980602,
bind,unsigned,test.test-unsigned.example,cold,4482000,2,False,1788708492.8022861,
bind,unsigned,test.test-unsigned.example,cold,2723100,2,False,1788708492.8054318,
bind,unsigned,test.test-unsigned.example,cold,3013600,2,False,1788708492.8081033,
bind,unsigned,test.test-unsigned.example,cold,2970900,2,False,1788708492.8112452,
bind,unsigned,test.test-unsigned.example,cold,3113800,2,False,1788708492.8147142,
bind,unsigned,test.test-unsigned.example,cold,2706700,2,False,1788708492.8171997,
bind,unsigned,test.test-unsigned.example,cold,2387700,2,False,1788708492.819844,
bind,unsigned,test.test-unsigned.example,cold,3126100,2,False,1788708492.8228226,
bind,unsigned,test.test-unsigned.example,cold,3030200,2,False,1788708492.8260088,
bind,unsigned,test.test-unsigned.example,cold,3232400,2,False,1788708492.8296885,
bind,unsigned,test.test-unsigned.example,cold,2759100,2,False,1788708492.8322964,
bind,unsigned,test.test-unsigned.example,cold,3183100,2,False,1788708492.8354397,
bind,unsigned,test.test-unsigned.example,cold,2616600,2,False,1788708492.8380678,
bind,unsigned,test.test-unsigned.example,cold,2543900,2,False,1788708492.840702,
bind,unsigned,test.test-unsigned.example,cold,3856100,2,False,1788708492.845007,
bind,unsigned,test.test-unsigned.example,cold,3305200,2,False,1788708492.848041,
bind,unsigned,test.test-unsigned.example,cold,3818400,2,False,1788708492.8521776,
bind,unsigned,test.test-unsigned.example,cold,2540300,2,False,1788708492.8549554,
bind,unsigned,test.test-unsigned.example,cold,3045100,2,False,1788708492.8578136,
bind,unsigned,test.test-unsigned.example,cold,2923600,2,False,1788708492.861142,
bind,unsigned,test.test-unsigned.example,cold,3510000,2,False,1788708492.8642821,
bind,unsigned,test.test-unsigned.example,cold,2712100,2,False,1788708492.8672616,
bind,unsigned,test.test-unsigned.example,cold,4004500,2,False,1788708492.8715649,
bind,unsigned,test.test-unsigned.example,cold,2763700,2,False,1788708492.8742554,
bind,unsigned,test.test-unsigned.example,cold,3435500,2,False,1788708492.877624,
bind,unsigned,test.test-unsigned.example,cold,2841500,2,False,1788708492.8805377,
bind,unsigned,test.test-unsigned.example,cold,3094500,2,False,1788708492.8837435,
bind,unsigned,test.test-unsigned.example,cold,2580400,2,False,1788708492.8866844,
bind,unsigned,test.test-unsigned.example,cold,2611100,2,False,1788708492.889361,
bind,unsigned,test.test-unsigned.example,cold,2992500,2,False,1788708492.8925302,
bind,unsigned,test.test-unsigned.example,cold,3117100,2,False,1788708492.8954768,
bind,unsigned,test.test-unsigned.example,cold,2996800,2,False,1788708492.898578,
bind,unsigned,test.test-unsigned.example,cold,2616000,2,False,1788708492.9012272,
bind,unsigned,test.test-unsigned.example,cold,2624600,2,False,1788708492.9039059,
bind,unsigned,test.test-unsigned.example,cold,2759100,2,False,1788708492.9069893,
bind,unsigned,test.test-unsigned.example,cold,4123000,2,False,1788708492.9108953,
bind,unsigned,test.test-unsigned.example,cold,2629000,2,False,1788708492.9138346,
bind,unsigned,test.test-unsigned.example,cold,2296100,2,False,1788708492.9165337,
bind,unsigned,test.test-unsigned.example,cold,3129700,2,False,1788708492.9195185,
bind,unsigned,test.test-unsigned.example,cold,2698700,2,False,1788708492.9222083,
bind,unsigned,test.test-unsigned.example,cold,2629900,2,False,1788708492.924842,
bind,unsigned,test.test-unsigned.example,cold,3453900,2,False,1788708492.9284556,
bind,unsigned,test.test-unsigned.example,cold,3322200,2,False,1788708492.9317045,
bind,unsigned,test.test-unsigned.example,cold,2548900,2,False,1788708492.9345665,
bind,unsigned,test.test-unsigned.example,cold,2452400,2,False,1788708492.9372141,
bind,unsigned,test.test-unsigned.example,cold,2821300,2,False,1788708492.9401267,
bind,unsigned,test.test-unsigned.example,cold,2624400,2,False,1788708492.9427986,
bind,unsigned,test.test-unsigned.example,cold,4100000,2,False,1788708492.94678,
bind,unsigned,test.test-unsigned.example,cold,2359200,2,False,1788708492.949405,
bind,unsigned,test.test-unsigned.example,cold,3215700,2,False,1788708492.9525876,
bind,unsigned,test.test-unsigned.example,cold,2793700,2,False,1788708492.9557633,
bind,unsigned,test.test-unsigned.example,cold,3067800,2,False,1788708492.9586337,
bind,unsigned,test.test-unsigned.example,cold,3983800,2,False,1788708492.9629838,
bind,unsigned,test.test-unsigned.example,cold,3253100,2,False,1788708492.9661667,
bind,unsigned,test.test-unsigned.example,cold,2605100,2,False,1788708492.9681742,
bind,unsigned,test.test-unsigned.example,cold,2404000,2,False,1788708492.9713402,
bind,unsigned,test.test-unsigned.example,cold,3605400,2,False,1788708492.975142,
bind,unsigned,test.test-unsigned.example,cold,2813000,2,False,1788708492.9777741,
bind,unsigned,test.test-unsigned.example,cold,17523600,2,False,1788708492.995527,
bind,unsigned,test.test-unsigned.example,cold,2590000,2,False,1788708492.998142,
bind,unsigned,test.test-unsigned.example,cold,3108100,2,False,1788708493.0011568,
bind,unsigned,test.test-unsigned.example,cold,289825900,2,False,1788708493.2910578,
bind,unsigned,test.test-unsigned.example,cold,5732200,2,False,1788708493.2971907,
bind,unsigned,test.test-unsigned.example,cold,3904300,2,False,1788708493.3012557,
bind,unsigned,test.test-unsigned.example,cold,3669700,2,False,1788708493.305121,
bind,unsigned,test.test-unsigned.example,cold,3014500,2,False,1788708493.3078055,
bind,unsigned,test.test-unsigned.example,cold,5881800,2,False,1788708493.3143692,
bind,unsigned,test.test-unsigned.example,cold,2984800,2,False,1788708493.317072,
bind,unsigned,test.test-unsigned.example,cold,2799900,2,False,1788708493.320224,
bind,unsigned,test.test-unsigned.example,cold,2793300,2,False,1788708493.3229144,
bind,unsigned,test.test-unsigned.example,cold,2675800,2,False,1788708493.3255794,
bind,unsigned,test.test-unsigned.example,cold,3675500,2,False,1788708493.3293467,
bind,unsigned,test.test-unsigned.example,cold,2553900,2,False,1788708493.3320973,
bind,unsigned,test.test-unsigned.example,cold,2458200,2,False,1788708493.3347495,
bind,unsigned,test.test-unsigned.example,cold,2917200,2,False,1788708493.337462,
bind,unsigned,test.test-unsigned.example,cold,2560400,2,False,1788708493.3402433,
bind,unsigned,test.test-unsigned.example,cold,2908200,2,False,1788708493.3435729,
bind,unsigned,test.test-unsigned.example,cold,4145600,2,False,1788708493.3474932,
bind,unsigned,test.test-unsigned.example,cold,2434700,2,False,1788708493.3501263,
bind,unsigned,test.test-unsigned.example,cold,2620300,2,False,1788708493.352789,
bind,unsigned,test.test-unsigned.example,cold,2576500,2,False,1788708493.3554335,
bind,unsigned,test.test-unsigned.example,cold,2710300,2,False,1788708493.3581061,
bind,unsigned,test.test-unsigned.example,cold,3359100,2,False,1788708493.36174,
bind,unsigned,test.test-unsigned.example,cold,3765900,2,False,1788708493.3656962,
bind,unsigned,test.test-unsigned.example,cold,2548000,2,False,1788708493.3683364,
bind,unsigned,test.test-unsigned.example,cold,2382200,2,False,1788708493.3704429,
bind,unsigned,test.test-unsigned.example,cold,2483600,2,False,1788708493.373103,
bind,unsigned,test.test-unsigned.example,cold,2872900,2,False,1788708493.3758957,
bind,unsigned,test.test-unsigned.example,cold,4192900,2,False,1788708493.380529,
bind,unsigned,test.test-unsigned.example,cold,2443000,2,False,1788708493.383015,
bind,unsigned,test.test-unsigned.example,cold,2402100,2,False,1788708493.3854766,
bind,unsigned,test.test-unsigned.example,cold,2387100,2,False,1788708493.3881028,
bind,unsigned,test.test-unsigned.example,cold,2527700,2,False,1788708493.3907123,
bind,unsigned,test.test-unsigned.example,cold,2576100,2,False,1788708493.3933103,
bind,unsigned,test.test-unsigned.example,cold,4695400,2,False,1788708493.398311,
bind,unsigned,test.test-unsigned.example,cold,2493500,2,False,1788708493.4009297,
bind,unsigned,test.test-unsigned.example,cold,2660000,2,False,1788708493.4035351,
bind,unsigned,test.test-unsigned.example,cold,2890800,2,False,1788708493.4065523,
bind,unsigned,test.test-unsigned.example,cold,11017500,2,False,1788708493.4172583,
bind,unsigned,test.test-unsigned.example,cold,2911100,2,False,1788708493.4219275,
bind,unsigned,test.test-unsigned.example,cold,2534400,2,False,1788708493.424535,
bind,unsigned,test.test-unsigned.example,cold,3998600,2,False,1788708493.4285848,
bind,unsigned,test.test-unsigned.example,cold,2727900,2,False,1788708493.4306548,
bind,unsigned,test.test-unsigned.example,cold,3205300,2,False,1788708493.4328437,
bind,unsigned,test.test-unsigned.example,cold,3600500,2,False,1788708493.4385588,
bind,unsigned,test.test-unsigned.example,cold,3160000,2,False,1788708493.441431,
bind,unsigned,test.test-unsigned.example,cold,7498600,2,False,1788708493.4489455,
bind,unsigned,test.test-unsigned.example,cold,4292200,2,False,1788708493.453511,
bind,unsigned,test.test-unsigned.example,cold,3053600,2,False,1788708493.456745,
bind,unsigned,test.test-unsigned.example,cold,3220000,2,False,1788708493.4597204,
bind,unsigned,test.test-unsigned.example,cold,2885100,2,False,1788708493.4630325,
bind,unsigned,test.test-unsigned.example,cold,3251500,2,False,1788708493.466152,
bind,unsigned,test.test-unsigned.example,cold,2519400,2,False,1788708493.4688392,
bind,unsigned,test.test-unsigned.example,cold,2425600,2,False,1788708493.471497,
bind,unsigned,test.test-unsigned.example,cold,2542000,2,False,1788708493.4741514,
bind,unsigned,test.test-unsigned.example,cold,2422600,2,False,1788708493.4767797,
bind,unsigned,test.test-unsigned.example,cold,2721400,2,False,1788708493.479487,
bind,unsigned,test.test-unsigned.example,cold,2362100,2,False,1788708493.481641,
bind,unsigned,test.test-unsigned.example,cold,2552900,2,False,1788708493.4842632,
bind,unsigned,test.test-unsigned.example,cold,2640600,2,False,1788708493.4874084,
bind,unsigned,test.test-unsigned.example,cold,3706800,2,False,1788708493.4909472,
bind,unsigned,test.test-unsigned.example,cold,3111200,2,False,1788708493.4944236,
bind,unsigned,test.test-unsigned.example,cold,2653000,2,False,1788708493.4969478,
bind,unsigned,test.test-unsigned.example,cold,2289400,2,False,1788708493.49955,
bind,unsigned,test.test-unsigned.example,cold,2297900,2,False,1788708493.501655,
bind,unsigned,test.test-unsigned.example,cold,2505700,2,False,1788708493.504283,
bind,unsigned,test.test-unsigned.example,cold,2553600,2,False,1788708493.5069222,
bind,unsigned,test.test-unsigned.example,cold,2693000,2,False,1788708493.5097687,
bind,unsigned,test.test-unsigned.example,cold,2807500,2,False,1788708493.5124032,
bind,unsigned,test.test-unsigned.example,cold,2395700,2,False,1788708493.5150323,
bind,unsigned,test.test-unsigned.example,cold,2334300,2,False,1788708493.5175223,
bind,unsigned,test.test-unsigned.example,cold,2508400,2,False,1788708493.5201547,
bind,unsigned,test.test-unsigned.example,cold,2616200,2,False,1788708493.5228322,
bind,unsigned,test.test-unsigned.example,cold,3591300,2,False,1788708493.5265884,
bind,unsigned,test.test-unsigned.example,cold,4903500,2,False,1788708493.5316358,
bind,unsigned,test.test-unsigned.example,cold,4909800,2,False,1788708493.5362763,
bind,unsigned,test.test-unsigned.example,cold,3176900,2,False,1788708493.5397947,
bind,unsigned,test.test-unsigned.example,cold,2662200,2,False,1788708493.5422688,
bind,unsigned,test.test-unsigned.example,cold,3206900,2,False,1788708493.5460095,
bind,unsigned,test.test-unsigned.example,cold,2596600,2,False,1788708493.5486467,
bind,unsigned,test.test-unsigned.example,cold,2308800,2,False,1788708493.5507503,
bind,unsigned,test.test-unsigned.example,cold,2444400,2,False,1788708493.5533586,
bind,unsigned,test.test-unsigned.example,cold,4287700,2,False,1788708493.55752,
bind,unsigned,test.test-unsigned.example,cold,3769600,2,False,1788708493.5616658,
bind,unsigned,test.test-unsigned.example,cold,2874000,2,False,1788708493.5645373,
bind,unsigned,test.test-unsigned.example,cold,2739800,2,False,1788708493.5672855,
bind,unsigned,test.test-unsigned.example,cold,2609700,2,False,1788708493.5699465,
bind,unsigned,test.test-unsigned.example,cold,2663700,2,False,1788708493.572771,
bind,unsigned,test.test-unsigned.example,cold,2518900,2,False,1788708493.5754054,
bind,unsigned,test.test-unsigned.example,cold,2714100,2,False,1788708493.5778532,
bind,unsigned,test.test-unsigned.example,cold,2594700,2,False,1788708493.5810308,
bind,unsigned,test.test-unsigned.example,cold,2453800,2,False,1788708493.5831313,
bind,unsigned,test.test-unsigned.example,cold,2800900,2,False,1788708493.5863278,
bind,unsigned,test.test-unsigned.example,cold,3220000,2,False,1788708493.5893645,
bind,unsigned,test.test-unsigned.example,cold,2910400,2,False,1788708493.5924354,
bind,unsigned,test.test-unsigned.example,cold,3708300,2,False,1788708493.5962145,
bind,unsigned,test.test-unsigned.example,cold,3017000,2,False,1788708493.5995586,
bind,unsigned,test.test-unsigned.example,cold,4885100,2,False,1788708493.6043031,
bind,unsigned,test.test-unsigned.example,cold,4549800,2,False,1788708493.6086686,
bind,unsigned,test.test-unsigned.example,cold,3410800,2,False,1788708493.6125405,
bind,unsigned,test.test-unsigned.example,cold,3240700,2,False,1788708493.6157632,
bind,unsigned,test.test-unsigned.example,cold,3486500,2,False,1788708493.6194189,
bind,unsigned,test.test-unsigned.example,cold,2779300,2,False,1788708493.6225002,
bind,unsigned,test.test-unsigned.example,cold,2393700,2,False,1788708493.624597,
bind,unsigned,test.test-unsigned.example,cold,2756700,2,False,1788708493.6277535,
bind,unsigned,test.test-unsigned.example,cold,2534400,2,False,1788708493.6303535,
bind,unsigned,test.test-unsigned.example,cold,5315500,2,False,1788708493.6358502,
bind,unsigned,test.test-unsigned.example,cold,4284200,2,False,1788708493.6396227,
bind,unsigned,test.test-unsigned.example,cold,3224800,2,False,1788708493.6435194,
bind,unsigned,test.test-unsigned.example,cold,2930400,2,False,1788708493.6463,
bind,unsigned,test.test-unsigned.example,cold,3380300,2,False,1788708493.6500573,
bind,unsigned,test.test-unsigned.example,cold,2594000,2,False,1788708493.6523972,
bind,unsigned,test.test-unsigned.example,cold,2413300,2,False,1788708493.6550636,
bind,unsigned,test.test-unsigned.example,cold,2493800,2,False,1788708493.6577134,
bind,unsigned,test.test-unsigned.example,cold,2718100,2,False,1788708493.660226,
bind,unsigned,test.test-unsigned.example,cold,3164000,2,False,1788708493.6634262,
bind,unsigned,test.test-unsigned.example,cold,5494100,2,False,1788708493.66907,
bind,unsigned,test.test-unsigned.example,cold,3635400,2,False,1788708493.672878,
bind,unsigned,test.test-unsigned.example,cold,3060100,2,False,1788708493.6762457,
bind,unsigned,test.test-unsigned.example,cold,3297300,2,False,1788708493.679138,
bind,unsigned,test.test-unsigned.example,cold,3850500,2,False,1788708493.6832016,
bind,unsigned,test.test-unsigned.example,cold,3331800,2,False,1788708493.6866705,
bind,unsigned,test.test-unsigned.example,cold,3200000,2,False,1788708493.689879,
bind,unsigned,test.test-unsigned.example,cold,2961300,2,False,1788708493.6933098,
bind,unsigned,test.test-unsigned.example,cold,3069600,2,False,1788708493.6964471,
bind,unsigned,test.test-unsigned.example,cold,2563600,2,False,1788708493.6989214,
bind,unsigned,test.test-unsigned.example,cold,2471200,2,False,1788708493.7017217,
bind,unsigned,test.test-unsigned.example,cold,2422400,2,False,1788708493.7017217,
bind,unsigned,test.test-unsigned.example,cold,2435400,2,False,1788708493.7017217,
bind,unsigned,test.test-unsigned.example,cold,2452900,2,False,1788708493.7070541,
bind,unsigned,test.test-unsigned.example,cold,6229900,2,False,1788708493.7155252,
bind,unsigned,test.test-unsigned.example,cold,3005200,2,False,1788708493.718523,
bind,unsigned,test.test-unsigned.example,cold,2889300,2,False,1788708493.7213564,
bind,unsigned,test.test-unsigned.example,cold,3380100,2,False,1788708493.7245412,
bind,unsigned,test.test-unsigned.example,cold,2695800,2,False,1788708493.7279475,
bind,unsigned,test.test-unsigned.example,cold,2667000,2,False,1788708493.7305586,
bind,unsigned,test.test-unsigned.example,cold,2574800,2,False,1788708493.7331808,
bind,unsigned,test.test-unsigned.example,cold,2330500,2,False,1788708493.7353027,
bind,unsigned,test.test-unsigned.example,cold,2500700,2,False,1788708493.7379334,
bind,unsigned,test.test-unsigned.example,cold,2855600,2,False,1788708493.7407005,
bind,unsigned,test.test-unsigned.example,cold,4931200,2,False,1788708493.7457314,
bind,unsigned,test.test-unsigned.example,cold,2801100,2,False,1788708493.7489958,
bind,unsigned,test.test-unsigned.example,cold,2934000,2,False,1788708493.751622,
bind,unsigned,test.test-unsigned.example,cold,2708000,2,False,1788708493.7548084,
bind,unsigned,test.test-unsigned.example,cold,2529600,2,False,1788708493.7571685,
bind,unsigned,test.test-unsigned.example,cold,2334700,2,False,1788708493.7597904,
bind,unsigned,test.test-unsigned.example,cold,2443400,2,False,1788708493.7624116,
bind,unsigned,test.test-unsigned.example,cold,2382900,2,False,1788708493.7647467,
bind,unsigned,test.test-unsigned.example,cold,3592200,2,False,1788708493.7682233,
bind,unsigned,test.test-unsigned.example,cold,6786900,2,False,1788708493.7754562,
bind,unsigned,test.test-unsigned.example,cold,5119700,2,False,1788708493.7807791,
bind,unsigned,test.test-unsigned.example,cold,3175100,2,False,1788708493.7839801,
bind,unsigned,test.test-unsigned.example,cold,2802600,2,False,1788708493.7866695,
bind,unsigned,test.test-unsigned.example,cold,2412800,2,False,1788708493.7892969,
bind,unsigned,test.test-unsigned.example,cold,2461400,2,False,1788708493.7919426,
bind,unsigned,test.test-unsigned.example,cold,2645400,2,False,1788708493.7945514,
bind,unsigned,test.test-unsigned.example,cold,2607600,2,False,1788708493.7971723,
bind,unsigned,test.test-unsigned.example,cold,2448600,2,False,1788708493.7998638,
bind,unsigned,test.test-unsigned.example,cold,4764400,2,False,1788708493.8044438,
bind,unsigned,test.test-unsigned.example,cold,3371700,2,False,1788708493.808014,
bind,unsigned,test.test-unsigned.example,cold,3012200,2,False,1788708493.8112266,
bind,unsigned,test.test-unsigned.example,cold,2378800,2,False,1788708493.8138664,
bind,unsigned,test.test-unsigned.example,cold,2488800,2,False,1788708493.815999,
bind,unsigned,test.test-unsigned.example,cold,2608400,2,False,1788708493.8187294,
bind,unsigned,test.test-unsigned.example,cold,2223600,2,False,1788708493.82124,
bind,unsigned,test.test-unsigned.example,cold,2507600,2,False,1788708493.8238769,
bind,unsigned,test.test-unsigned.example,cold,2582600,2,False,1788708493.8264887,
bind,unsigned,test.test-unsigned.example,cold,2588200,2,False,1788708493.8291054,
bind,unsigned,test.test-unsigned.example,cold,2512900,2,False,1788708493.8317597,
bind,unsigned,test.test-unsigned.example,cold,3418600,2,False,1788708493.835112,
bind,unsigned,test.test-unsigned.example,cold,3771100,2,False,1788708493.8392,
bind,unsigned,test.test-unsigned.example,cold,2904700,2,False,1788708493.842041,
bind,unsigned,test.test-unsigned.example,cold,2796300,2,False,1788708493.844667,
bind,unsigned,test.test-unsigned.example,cold,2641500,2,False,1788708493.8478973,
bind,unsigned,test.test-unsigned.example,cold,2544200,2,False,1788708493.850607,
bind,unsigned,test.test-unsigned.example,cold,2381500,2,False,1788708493.8527014,
bind,unsigned,test.test-unsigned.example,cold,2531100,2,False,1788708493.855319,
bind,unsigned,test.test-unsigned.example,cold,2488500,2,False,1788708493.8579314,
bind,unsigned,test.test-unsigned.example,cold,2534500,2,False,1788708493.860541,
bind,unsigned,test.test-unsigned.example,cold,2659900,2,False,1788708493.8631527,
bind,unsigned,test.test-unsigned.example,cold,2578400,2,False,1788708493.8661785,
bind,unsigned,test.test-unsigned.example,cold,2317500,2,False,1788708493.868303,
bind,unsigned,test.test-unsigned.example,cold,2390100,2,False,1788708493.8709533,
bind,unsigned,test.test-unsigned.example,cold,2491200,2,False,1788708493.87359,
bind,unsigned,test.test-unsigned.example,cold,2497400,2,False,1788708493.8762047,
bind,unsigned,test.test-unsigned.example,cold,2939400,2,False,1788708493.8788712,
bind,unsigned,test.test-unsigned.example,cold,5783700,2,False,1788708493.8846943,
bind,unsigned,test.test-unsigned.example,cold,3075500,2,False,1788708493.887814,
bind,unsigned,test.test-unsigned.example,cold,2975900,2,False,1788708493.891028,
bind,unsigned,test.test-unsigned.example,cold,3073300,2,False,1788708493.8945274,
bind,unsigned,test.test-unsigned.example,cold,2888200,2,False,1788708493.897304,
bind,unsigned,test.test-unsigned.example,cold,3229500,2,False,1788708493.9004965,
bind,unsigned,test.test-unsigned.example,cold,2715600,2,False,1788708493.9036417,
bind,unsigned,test.test-unsigned.example,cold,2537200,2,False,1788708493.906019,
bind,unsigned,test.test-unsigned.example,cold,2372000,2,False,1788708493.9087105,
bind,unsigned,test.test-unsigned.example,cold,2833200,2,False,1788708493.9114013,
bind,unsigned,test.test-unsigned.example,cold,2477400,2,False,1788708493.9140575,
bind,unsigned,test.test-unsigned.example,cold,2527200,2,False,1788708493.9166787,
bind,unsigned,test.test-unsigned.example,cold,2581000,2,False,1788708493.9193757,
bind,unsigned,test.test-unsigned.example,cold,2517700,2,False,1788708493.9217424,
bind,unsigned,test.test-unsigned.example,cold,2802500,2,False,1788708493.9243624,
bind,unsigned,test.test-unsigned.example,cold,5010800,2,False,1788708493.9296498,
bind,unsigned,test.test-unsigned.example,cold,3080900,2,False,1788708493.932821,
bind,unsigned,test.test-unsigned.example,cold,2855000,2,False,1788708493.935576,
bind,unsigned,test.test-unsigned.example,cold,2910300,2,False,1788708493.9388301,
bind,unsigned,test.test-unsigned.example,cold,2814600,2,False,1788708493.9416523,
bind,unsigned,test.test-unsigned.example,cold,2463100,2,False,1788708493.9442685,
bind,unsigned,test.test-unsigned.example,cold,2621500,2,False,1788708493.9469087,
bind,unsigned,test.test-unsigned.example,cold,2337700,2,False,1788708493.949569,
bind,unsigned,test.test-unsigned.example,cold,2631700,2,False,1788708493.9522018,
bind,unsigned,test.test-unsigned.example,cold,2513000,2,False,1788708493.9548314,
bind,unsigned,test.test-unsigned.example,cold,2831600,2,False,1788708493.9576063,
bind,unsigned,test.test-unsigned.example,cold,2576100,2,False,1788708493.9602463,
bind,unsigned,test.test-unsigned.example,cold,2558300,2,False,1788708493.9628782,
bind,unsigned,test.test-unsigned.example,cold,2447000,2,False,1788708493.9655166,
bind,unsigned,test.test-unsigned.example,cold,2453400,2,False,1788708493.9681818,
bind,unsigned,test.test-unsigned.example,cold,2493800,2,False,1788708493.9708314,
bind,unsigned,test.test-unsigned.example,cold,4716300,2,False,1788708493.9752538,
bind,unsigned,test.test-unsigned.example,cold,2888900,2,False,1788708493.9784427,
bind,unsigned,test.test-unsigned.example,cold,2790000,2,False,1788708493.981157,
bind,unsigned,test.test-unsigned.example,cold,2984600,2,False,1788708493.9843562,
bind,unsigned,test.test-unsigned.example,cold,2770100,2,False,1788708493.987228,
bind,unsigned,test.test-unsigned.example,cold,2882900,2,False,1788708493.9898798,
bind,unsigned,test.test-unsigned.example,cold,2911000,2,False,1788708493.9932144,
bind,unsigned,test.test-unsigned.example,cold,2475700,2,False,1788708493.9953806,
bind,unsigned,test.test-unsigned.example,cold,2384500,2,False,1788708493.9981241,
bind,unsigned,test.test-unsigned.example,cold,2268400,2,False,1788708494.0002267,
bind,unsigned,test.test-unsigned.example,cold,471151300,2,False,1788708494.4715152,
bind,unsigned,test.test-unsigned.example,cold,8138700,2,False,1788708494.4803555,
bind,unsigned,test.test-unsigned.example,cold,4667200,2,False,1788708494.4853354,
bind,unsigned,test.test-unsigned.example,cold,4066400,2,False,1788708494.4892058,
bind,unsigned,test.test-unsigned.example,cold,3332600,2,False,1788708494.492542,
bind,unsigned,test.test-unsigned.example,cold,3284000,2,False,1788708494.4960132,
bind,unsigned,test.test-unsigned.example,cold,2692200,2,False,1788708494.4986866,
bind,unsigned,test.test-unsigned.example,cold,2606900,2,False,1788708494.5013235,
bind,unsigned,test.test-unsigned.example,cold,3846400,2,False,1788708494.5053637,
bind,unsigned,test.test-unsigned.example,cold,4147300,2,False,1788708494.509492,
bind,unsigned,test.test-unsigned.example,cold,4191300,2,False,1788708494.5140862,
bind,unsigned,test.test-unsigned.example,cold,2914100,2,False,1788708494.5169413,
bind,unsigned,test.test-unsigned.example,cold,3116600,2,False,1788708494.5199609,
bind,unsigned,test.test-unsigned.example,cold,2580600,2,False,1788708494.522638,
bind,unsigned,test.test-unsigned.example,cold,2659200,2,False,1788708494.525724,
bind,unsigned,test.test-unsigned.example,cold,3172100,2,False,1788708494.5286376,
bind,unsigned,test.test-unsigned.example,cold,2612200,2,False,1788708494.5291562,
bind,unsigned,test.test-unsigned.example,cold,2924100,2,False,1788708494.5344427,
bind,unsigned,test.test-unsigned.example,cold,2790300,2,False,1788708494.5344427,
bind,unsigned,test.test-unsigned.example,cold,2671000,2,False,1788708494.5344427,
bind,unsigned,test.test-unsigned.example,cold,2731000,2,False,1788708494.5344427,
bind,unsigned,test.test-unsigned.example,cold,3707100,2,False,1788708494.5470238,
bind,unsigned,test.test-unsigned.example,cold,2786300,2,False,1788708494.5496676,
bind,unsigned,test.test-unsigned.example,cold,5002100,2,False,1788708494.554877,
bind,unsigned,test.test-unsigned.example,cold,2869100,2,False,1788708494.5575585,
bind,unsigned,test.test-unsigned.example,cold,2943300,2,False,1788708494.5608242,
bind,unsigned,test.test-unsigned.example,cold,3109400,2,False,1788708494.5641348,
bind,unsigned,test.test-unsigned.example,cold,2922700,2,False,1788708494.5667396,
bind,unsigned,test.test-unsigned.example,cold,2646900,2,False,1788708494.5695102,
bind,unsigned,test.test-unsigned.example,cold,2760700,2,False,1788708494.572831,
bind,unsigned,test.test-unsigned.example,cold,2686900,2,False,1788708494.5754576,
bind,unsigned,test.test-unsigned.example,cold,3082700,2,False,1788708494.578633,
bind,unsigned,test.test-unsigned.example,cold,2970600,2,False,1788708494.581575,
bind,unsigned,test.test-unsigned.example,cold,2428000,2,False,1788708494.584223,
bind,unsigned,test.test-unsigned.example,cold,2310700,2,False,1788708494.5864985,
bind,unsigned,test.test-unsigned.example,cold,2450700,2,False,1788708494.5889363,
bind,unsigned,test.test-unsigned.example,cold,2553100,2,False,1788708494.5914247,
bind,unsigned,test.test-unsigned.example,cold,2883300,2,False,1788708494.5945706,
bind,unsigned,test.test-unsigned.example,cold,3409400,2,False,1788708494.5978904,
bind,unsigned,test.test-unsigned.example,cold,5730300,2,False,1788708494.6039898,
bind,unsigned,test.test-unsigned.example,cold,2805700,2,False,1788708494.606642,
bind,unsigned,test.test-unsigned.example,cold,2864000,2,False,1788708494.6098053,
bind,unsigned,test.test-unsigned.example,cold,3536600,2,False,1788708494.6132472,
bind,unsigned,test.test-unsigned.example,cold,2494200,2,False,1788708494.6157408,
bind,unsigned,test.test-unsigned.example,cold,2485700,2,False,1788708494.6183896,
bind,unsigned,test.test-unsigned.example,cold,2589300,2,False,1788708494.6208608,
bind,unsigned,test.test-unsigned.example,cold,2584500,2,False,1788708494.623493,
bind,unsigned,test.test-unsigned.example,cold,2608200,2,False,1788708494.6262536,
bind,unsigned,test.test-unsigned.example,cold,4330000,2,False,1788708494.6307335,
bind,unsigned,test.test-unsigned.example,cold,2445600,2,False,1788708494.6328566,
bind,unsigned,test.test-unsigned.example,cold,2421700,2,False,1788708494.635564,
bind,unsigned,test.test-unsigned.example,cold,2474700,2,False,1788708494.6386151,
bind,unsigned,test.test-unsigned.example,cold,2460900,2,False,1788708494.6386151,
bind,unsigned,test.test-unsigned.example,cold,4046600,2,False,1788708494.6437674,
bind,unsigned,test.test-unsigned.example,cold,4073900,2,False,1788708494.645932,
bind,unsigned,test.test-unsigned.example,cold,3034400,2,False,1788708494.645932,
bind,unsigned,test.test-unsigned.example,cold,3198700,2,False,1788708494.6555617,
bind,unsigned,test.test-unsigned.example,cold,2720800,2,False,1788708494.6582124,
bind,unsigned,test.test-unsigned.example,cold,2913500,2,False,1788708494.6614218,
bind,unsigned,test.test-unsigned.example,cold,2853800,2,False,1788708494.6641543,
bind,unsigned,test.test-unsigned.example,cold,2708500,2,False,1788708494.6668644,
bind,unsigned,test.test-unsigned.example,cold,2853700,2,False,1788708494.6702623,
bind,unsigned,test.test-unsigned.example,cold,2829900,2,False,1788708494.672789,
bind,unsigned,test.test-unsigned.example,cold,2694600,2,False,1788708494.675706,
bind,unsigned,test.test-unsigned.example,cold,2846400,2,False,1788708494.6788578,
bind,unsigned,test.test-unsigned.example,cold,2573300,2,False,1788708494.681204,
bind,unsigned,test.test-unsigned.example,cold,2621600,2,False,1788708494.6838531,
bind,unsigned,test.test-unsigned.example,cold,2536600,2,False,1788708494.686453,
bind,unsigned,test.test-unsigned.example,cold,2571100,2,False,1788708494.6893768,
bind,unsigned,test.test-unsigned.example,cold,5492900,2,False,1788708494.6947105,
bind,unsigned,test.test-unsigned.example,cold,3927800,2,False,1788708494.6987677,
bind,unsigned,test.test-unsigned.example,cold,3005100,2,False,1788708494.7019637,
bind,unsigned,test.test-unsigned.example,cold,3065200,2,False,1788708494.705069,
bind,unsigned,test.test-unsigned.example,cold,2428600,2,False,1788708494.7076805,
bind,unsigned,test.test-unsigned.example,cold,2347100,2,False,1788708494.710326,
bind,unsigned,test.test-unsigned.example,cold,2664400,2,False,1788708494.7130365,
bind,unsigned,test.test-unsigned.example,cold,2364300,2,False,1788708494.715356,
bind,unsigned,test.test-unsigned.example,cold,2460900,2,False,1788708494.7179828,
bind,unsigned,test.test-unsigned.example,cold,2650900,2,False,1788708494.720668,
bind,unsigned,test.test-unsigned.example,cold,2587200,2,False,1788708494.7232893,
bind,unsigned,test.test-unsigned.example,cold,2645500,2,False,1788708494.7258878,
bind,unsigned,test.test-unsigned.example,cold,3322800,2,False,1788708494.729201,
bind,unsigned,test.test-unsigned.example,cold,2508700,2,False,1788708494.7318163,
bind,unsigned,test.test-unsigned.example,cold,2483200,2,False,1788708494.7344642,
bind,unsigned,test.test-unsigned.example,cold,5841700,2,False,1788708494.740347,
bind,unsigned,test.test-unsigned.example,cold,3136600,2,False,1788708494.7435448,
bind,unsigned,test.test-unsigned.example,cold,3016700,2,False,1788708494.746662,
bind,unsigned,test.test-unsigned.example,cold,2626100,2,False,1788708494.7493443,
bind,unsigned,test.test-unsigned.example,cold,2437500,2,False,1788708494.7520542,
bind,unsigned,test.test-unsigned.example,cold,2395500,2,False,1788708494.7541559,
bind,unsigned,test.test-unsigned.example,cold,2366600,2,False,1788708494.7567837,
bind,unsigned,test.test-unsigned.example,cold,2570100,2,False,1788708494.7594435,
bind,unsigned,test.test-unsigned.example,cold,2635300,2,False,1788708494.7621248,
bind,unsigned,test.test-unsigned.example,cold,2335900,2,False,1788708494.7647502,
bind,unsigned,test.test-unsigned.example,cold,2414600,2,False,1788708494.7672338,
bind,unsigned,test.test-unsigned.example,cold,2525600,2,False,1788708494.7696102,
bind,unsigned,test.test-unsigned.example,cold,2930000,2,False,1788708494.7729723,
bind,unsigned,test.test-unsigned.example,cold,2944700,2,False,1788708494.7756505,
bind,unsigned,test.test-unsigned.example,cold,3017400,2,False,1788708494.7789884,
bind,unsigned,test.test-unsigned.example,cold,6599300,2,False,1788708494.7843196,
bind,unsigned,test.test-unsigned.example,cold,13965300,2,False,1788708494.7996917,
bind,unsigned,test.test-unsigned.example,cold,5901700,2,False,1788708494.8054538,
bind,unsigned,test.test-unsigned.example,cold,6099900,2,False,1788708494.8120444,
bind,unsigned,test.test-unsigned.example,cold,5783700,2,False,1788708494.817419,
bind,unsigned,test.test-unsigned.example,cold,4014600,2,False,1788708494.8217552,
bind,unsigned,test.test-unsigned.example,cold,3045700,2,False,1788708494.8251395,
bind,unsigned,test.test-unsigned.example,cold,2886100,2,False,1788708494.827794,
bind,unsigned,test.test-unsigned.example,cold,5135800,2,False,1788708494.8329384,
bind,unsigned,test.test-unsigned.example,cold,3420600,2,False,1788708494.836789,
bind,unsigned,test.test-unsigned.example,cold,2908600,2,False,1788708494.8394337,
bind,unsigned,test.test-unsigned.example,cold,3152000,2,False,1788708494.842606,
bind,unsigned,test.test-unsigned.example,cold,3430800,2,False,1788708494.8463943,
bind,unsigned,test.test-unsigned.example,cold,2999000,2,False,1788708494.8495634,
bind,unsigned,test.test-unsigned.example,cold,3003600,2,False,1788708494.8527434,
bind,unsigned,test.test-unsigned.example,cold,2963000,2,False,1788708494.85543,
bind,unsigned,test.test-unsigned.example,cold,3101300,2,False,1788708494.8587084,
bind,unsigned,test.test-unsigned.example,cold,3410800,2,False,1788708494.862191,
bind,unsigned,test.test-unsigned.example,cold,2898400,2,False,1788708494.8653471,
bind,unsigned,test.test-unsigned.example,cold,2926600,2,False,1788708494.8679972,
bind,unsigned,test.test-unsigned.example,cold,3217800,2,False,1788708494.871654,
bind,unsigned,test.test-unsigned.example,cold,3287600,2,False,1788708494.8748536,
bind,unsigned,test.test-unsigned.example,cold,4973900,2,False,1788708494.8798442,
bind,unsigned,test.test-unsigned.example,cold,3048900,2,False,1788708494.8830934,
bind,unsigned,test.test-unsigned.example,cold,3413400,2,False,1788708494.8863544,
bind,unsigned,test.test-unsigned.example,cold,3265500,2,False,1788708494.890186,
bind,unsigned,test.test-unsigned.example,cold,2809200,2,False,1788708494.8930626,
bind,unsigned,test.test-unsigned.example,cold,3114300,2,False,1788708494.8963416,
bind,unsigned,test.test-unsigned.example,cold,2956200,2,False,1788708494.8989577,
bind,unsigned,test.test-unsigned.example,cold,3041400,2,False,1788708494.9021547,
bind,unsigned,test.test-unsigned.example,cold,3062300,2,False,1788708494.905603,
bind,unsigned,test.test-unsigned.example,cold,2814000,2,False,1788708494.9083526,
bind,unsigned,test.test-unsigned.example,cold,3072800,2,False,1788708494.9115105,
bind,unsigned,test.test-unsigned.example,cold,2881900,2,False,1788708494.914646,
bind,unsigned,test.test-unsigned.example,cold,2888500,2,False,1788708494.9176528,
bind,unsigned,test.test-unsigned.example,cold,3832700,2,False,1788708494.9212384,
bind,unsigned,test.test-unsigned.example,cold,4044900,2,False,1788708494.9254403,
bind,unsigned,test.test-unsigned.example,cold,3449900,2,False,1788708494.929423,
bind,unsigned,test.test-unsigned.example,cold,3265700,2,False,1788708494.9325912,
bind,unsigned,test.test-unsigned.example,cold,3291300,2,False,1788708494.9357579,
bind,unsigned,test.test-unsigned.example,cold,2927600,2,False,1788708494.9386034,
bind,unsigned,test.test-unsigned.example,cold,2987000,2,False,1788708494.941262,
bind,unsigned,test.test-unsigned.example,cold,3129100,2,False,1788708494.941262,
bind,unsigned,test.test-unsigned.example,cold,3147300,2,False,1788708494.9483073,
bind,unsigned,test.test-unsigned.example,cold,3091500,2,False,1788708494.9514658,
bind,unsigned,test.test-unsigned.example,cold,3330200,2,False,1788708494.9551675,
bind,unsigned,test.test-unsigned.example,cold,2984500,2,False,1788708494.9583158,
bind,unsigned,test.test-unsigned.example,cold,2875300,2,False,1788708494.9609947,
bind,unsigned,test.test-unsigned.example,cold,3113800,2,False,1788708494.9641566,
bind,unsigned,test.test-unsigned.example,cold,3145500,2,False,1788708494.9673188,
bind,unsigned,test.test-unsigned.example,cold,7372500,2,False,1788708494.9751945,
bind,unsigned,test.test-unsigned.example,cold,3255400,2,False,1788708494.9784925,
bind,unsigned,test.test-unsigned.example,cold,2902500,2,False,1788708494.9811528,
bind,unsigned,test.test-unsigned.example,cold,4659100,2,False,1788708494.985845,
bind,unsigned,test.test-unsigned.example,cold,2983600,2,False,1788708494.9890268,
bind,unsigned,test.test-unsigned.example,cold,2901600,2,False,1788708494.9921575,
bind,unsigned,test.test-unsigned.example,cold,2831400,2,False,1788708494.9952245,
bind,unsigned,test.test-unsigned.example,cold,2744500,2,False,1788708494.9978452,
bind,unsigned,test.test-unsigned.example,cold,3512600,2,False,1788708495.0015676,
bind,unsigned,test.test-unsigned.example,cold,439778300,2,False,1788708495.4412231,
bind,unsigned,test.test-unsigned.example,cold,3603900,2,False,1788708495.444724,
bind,unsigned,test.test-unsigned.example,cold,6009100,2,False,1788708495.4507928,
bind,unsigned,test.test-unsigned.example,cold,3075400,2,False,1788708495.4540725,
bind,unsigned,test.test-unsigned.example,cold,2966500,2,False,1788708495.45727,
bind,unsigned,test.test-unsigned.example,cold,2881400,2,False,1788708495.4600518,
bind,unsigned,test.test-unsigned.example,cold,2640100,2,False,1788708495.4626884,
bind,unsigned,test.test-unsigned.example,cold,2500500,2,False,1788708495.4654114,
bind,unsigned,test.test-unsigned.example,cold,2689200,2,False,1788708495.4681194,
bind,unsigned,test.test-unsigned.example,cold,2724600,2,False,1788708495.470764,
bind,unsigned,test.test-unsigned.example,cold,2710500,2,False,1788708495.4739401,
bind,unsigned,test.test-unsigned.example,cold,4606800,2,False,1788708495.4783483,
bind,unsigned,test.test-unsigned.example,cold,3037300,2,False,1788708495.4815795,
bind,unsigned,test.test-unsigned.example,cold,3175000,2,False,1788708495.4847243,
bind,unsigned,test.test-unsigned.example,cold,3030400,2,False,1788708495.4877062,
bind,unsigned,test.test-unsigned.example,cold,3954300,2,False,1788708495.4920053,
bind,unsigned,test.test-unsigned.example,cold,2610700,2,False,1788708495.4947038,
bind,unsigned,test.test-unsigned.example,cold,3006400,2,False,1788708495.49787,
bind,unsigned,test.test-unsigned.example,cold,2917300,2,False,1788708495.5005443,
bind,unsigned,test.test-unsigned.example,cold,2623400,2,False,1788708495.5032809,
bind,unsigned,test.test-unsigned.example,cold,2811800,2,False,1788708495.506047,
bind,unsigned,test.test-unsigned.example,cold,2771300,2,False,1788708495.5088828,
bind,unsigned,test.test-unsigned.example,cold,2745000,2,False,1788708495.512103,
bind,unsigned,test.test-unsigned.example,cold,2915100,2,False,1788708495.5141962,
bind,unsigned,test.test-unsigned.example,cold,2764800,2,False,1788708495.5178628,
bind,unsigned,test.test-unsigned.example,cold,3025800,2,False,1788708495.5207973,
bind,unsigned,test.test-unsigned.example,cold,3060800,2,False,1788708495.52399,
bind,unsigned,test.test-unsigned.example,cold,3327900,2,False,1788708495.527227,
bind,unsigned,test.test-unsigned.example,cold,2694400,2,False,1788708495.5303996,
bind,unsigned,test.test-unsigned.example,cold,2691300,2,False,1788708495.533053,
bind,unsigned,test.test-unsigned.example,cold,2729000,2,False,1788708495.535648,
bind,unsigned,test.test-unsigned.example,cold,5511700,2,False,1788708495.5413597,
bind,unsigned,test.test-unsigned.example,cold,3051500,2,False,1788708495.5445254,
bind,unsigned,test.test-unsigned.example,cold,3160500,2,False,1788708495.5478005,
bind,unsigned,test.test-unsigned.example,cold,3126600,2,False,1788708495.550592,
bind,unsigned,test.test-unsigned.example,cold,2567500,2,False,1788708495.5535197,
bind,unsigned,test.test-unsigned.example,cold,2821300,2,False,1788708495.556723,
bind,unsigned,test.test-unsigned.example,cold,2827900,2,False,1788708495.5596197,
bind,unsigned,test.test-unsigned.example,cold,2942600,2,False,1788708495.562347,
bind,unsigned,test.test-unsigned.example,cold,2751300,2,False,1788708495.565067,
bind,unsigned,test.test-unsigned.example,cold,3449200,2,False,1788708495.5686257,
bind,unsigned,test.test-unsigned.example,cold,3291100,2,False,1788708495.5719802,
bind,unsigned,test.test-unsigned.example,cold,2690400,2,False,1788708495.5746152,
bind,unsigned,test.test-unsigned.example,cold,2584300,2,False,1788708495.5773358,
bind,unsigned,test.test-unsigned.example,cold,2652400,2,False,1788708495.5805137,
bind,unsigned,test.test-unsigned.example,cold,4080900,2,False,1788708495.584256,
bind,unsigned,test.test-unsigned.example,cold,4010800,2,False,1788708495.5884929,
bind,unsigned,test.test-unsigned.example,cold,26182700,2,False,1788708495.6146314,
bind,unsigned,test.test-unsigned.example,cold,3064000,2,False,1788708495.6178882,
bind,unsigned,test.test-unsigned.example,cold,3085200,2,False,1788708495.6213598,
bind,unsigned,test.test-unsigned.example,cold,2802900,2,False,1788708495.623969,
bind,unsigned,test.test-unsigned.example,cold,2650400,2,False,1788708495.6265907,
bind,unsigned,test.test-unsigned.example,cold,3974000,2,False,1788708495.6309893,
bind,unsigned,test.test-unsigned.example,cold,3711000,2,False,1788708495.6346984,
bind,unsigned,test.test-unsigned.example,cold,2951900,2,False,1788708495.6374462,
bind,unsigned,test.test-unsigned.example,cold,2952900,2,False,1788708495.640712,
bind,unsigned,test.test-unsigned.example,cold,3539600,2,False,1788708495.6440687,
bind,unsigned,test.test-unsigned.example,cold,2735400,2,False,1788708495.6467178,
bind,unsigned,test.test-unsigned.example,cold,2437800,2,False,1788708495.6482418,
bind,unsigned,test.test-unsigned.example,cold,2646600,2,False,1788708495.652322,
bind,unsigned,test.test-unsigned.example,cold,3427800,2,False,1788708495.6556208,
bind,unsigned,test.test-unsigned.example,cold,2986000,2,False,1788708495.6588347,
bind,unsigned,test.test-unsigned.example,cold,3350300,2,False,1788708495.6624475,
bind,unsigned,test.test-unsigned.example,cold,2587700,2,False,1788708495.6650445,
bind,unsigned,test.test-unsigned.example,cold,2361700,2,False,1788708495.667496,
bind,unsigned,test.test-unsigned.example,cold,2441900,2,False,1788708495.669861,
bind,unsigned,test.test-unsigned.example,cold,2554800,2,False,1788708495.6724787,
bind,unsigned,test.test-unsigned.example,cold,3738300,2,False,1788708495.6767,
bind,unsigned,test.test-unsigned.example,cold,3886700,2,False,1788708495.6804698,
bind,unsigned,test.test-unsigned.example,cold,3009800,2,False,1788708495.6836317,
bind,unsigned,test.test-unsigned.example,cold,2810200,2,False,1788708495.686333,
bind,unsigned,test.test-unsigned.example,cold,2739200,2,False,1788708495.6890028,
bind,unsigned,test.test-unsigned.example,cold,2767900,2,False,1788708495.6920707,
bind,unsigned,test.test-unsigned.example,cold,2634000,2,False,1788708495.6947324,
bind,unsigned,test.test-unsigned.example,cold,2568200,2,False,1788708495.6973608,
bind,unsigned,test.test-unsigned.example,cold,2649800,2,False,1788708495.7000005,
bind,unsigned,test.test-unsigned.example,cold,2547600,2,False,1788708495.7029114,
bind,unsigned,test.test-unsigned.example,cold,2624000,2,False,1788708495.705662,
bind,unsigned,test.test-unsigned.example,cold,2586500,2,False,1788708495.708274,
bind,unsigned,test.test-unsigned.example,cold,2566100,2,False,1788708495.7107043,
bind,unsigned,test.test-unsigned.example,cold,2453900,2,False,1788708495.7133167,
bind,unsigned,test.test-unsigned.example,cold,2585200,2,False,1788708495.7159703,
bind,unsigned,test.test-unsigned.example,cold,2573900,2,False,1788708495.7185965,
bind,unsigned,test.test-unsigned.example,cold,4987300,2,False,1788708495.7237668,
bind,unsigned,test.test-unsigned.example,cold,3999800,2,False,1788708495.727831,
bind,unsigned,test.test-unsigned.example,cold,2852400,2,False,1788708495.7309577,
bind,unsigned,test.test-unsigned.example,cold,2761800,2,False,1788708495.7336333,
bind,unsigned,test.test-unsigned.example,cold,3647400,2,False,1788708495.737487,
bind,unsigned,test.test-unsigned.example,cold,3053000,2,False,1788708495.74037,
bind,unsigned,test.test-unsigned.example,cold,2688300,2,False,1788708495.7430115,
bind,unsigned,test.test-unsigned.example,cold,2524000,2,False,1788708495.7456791,
bind,unsigned,test.test-unsigned.example,cold,2490600,2,False,1788708495.7483041,
bind,unsigned,test.test-unsigned.example,cold,2458200,2,False,1788708495.7509434,
bind,unsigned,test.test-unsigned.example,cold,2559800,2,False,1788708495.7534761,
bind,unsigned,test.test-unsigned.example,cold,2388200,2,False,1788708495.756121,
bind,unsigned,test.test-unsigned.example,cold,2368900,2,False,1788708495.758366,
bind,unsigned,test.test-unsigned.example,cold,2613700,2,False,1788708495.7613704,
bind,unsigned,test.test-unsigned.example,cold,2280000,2,False,1788708495.7613704,
bind,unsigned,test.test-unsigned.example,cold,2417100,2,False,1788708495.7653105,
bind,unsigned,test.test-unsigned.example,cold,4523500,2,False,1788708495.770784,
bind,unsigned,test.test-unsigned.example,cold,2990000,2,False,1788708495.770784,
bind,unsigned,test.test-unsigned.example,cold,3013500,2,False,1788708495.770784,
bind,unsigned,test.test-unsigned.example,cold,3303500,2,False,1788708495.7804406,
bind,unsigned,test.test-unsigned.example,cold,3146200,2,False,1788708495.7834866,
bind,unsigned,test.test-unsigned.example,cold,2602200,2,False,1788708495.7861328,
bind,unsigned,test.test-unsigned.example,cold,2466600,2,False,1788708495.7887404,
bind,unsigned,test.test-unsigned.example,cold,2463200,2,False,1788708495.7913694,
bind,unsigned,test.test-unsigned.example,cold,2898400,2,False,1788708495.7940097,
bind,unsigned,test.test-unsigned.example,cold,2728700,2,False,1788708495.7967768,
bind,unsigned,test.test-unsigned.example,cold,2584300,2,False,1788708495.799954,
bind,unsigned,test.test-unsigned.example,cold,2239600,2,False,1788708495.8022532,
bind,unsigned,test.test-unsigned.example,cold,2486100,2,False,1788708495.8048759,
bind,unsigned,test.test-unsigned.example,cold,2537600,2,False,1788708495.807484,
bind,unsigned,test.test-unsigned.example,cold,2513400,2,False,1788708495.8097563,
bind,unsigned,test.test-unsigned.example,cold,2668800,2,False,1788708495.8123858,
bind,unsigned,test.test-unsigned.example,cold,3664700,2,False,1788708495.816342,
bind,unsigned,test.test-unsigned.example,cold,3528100,2,False,1788708495.8199124,
bind,unsigned,test.test-unsigned.example,cold,3062800,2,False,1788708495.8231115,
bind,unsigned,test.test-unsigned.example,cold,2732100,2,False,1788708495.8257666,
bind,unsigned,test.test-unsigned.example,cold,3069700,2,False,1788708495.8290904,
bind,unsigned,test.test-unsigned.example,cold,2871600,2,False,1788708495.8320827,
bind,unsigned,test.test-unsigned.example,cold,2987200,2,False,1788708495.8335993,
bind,unsigned,test.test-unsigned.example,cold,2428400,2,False,1788708495.83627,
bind,unsigned,test.test-unsigned.example,cold,2591800,2,False,1788708495.83627,
bind,unsigned,test.test-unsigned.example,cold,2732000,2,False,1788708495.8431067,
bind,unsigned,test.test-unsigned.example,cold,2845900,2,False,1788708495.8460088,
bind,unsigned,test.test-unsigned.example,cold,2423700,2,False,1788708495.8486242,
bind,unsigned,test.test-unsigned.example,cold,2416600,2,False,1788708495.8510568,
bind,unsigned,test.test-unsigned.example,cold,2581400,2,False,1788708495.8537085,
bind,unsigned,test.test-unsigned.example,cold,2656500,2,False,1788708495.8563392,
bind,unsigned,test.test-unsigned.example,cold,2602900,2,False,1788708495.8589857,
bind,unsigned,test.test-unsigned.example,cold,5516700,2,False,1788708495.8646307,
bind,unsigned,test.test-unsigned.example,cold,2910000,2,False,1788708495.8679123,
bind,unsigned,test.test-unsigned.example,cold,2919400,2,False,1788708495.870659,
bind,unsigned,test.test-unsigned.example,cold,2742900,2,False,1788708495.873415,
bind,unsigned,test.test-unsigned.example,cold,2548700,2,False,1788708495.8761845,
bind,unsigned,test.test-unsigned.example,cold,2503200,2,False,1788708495.8788114,
bind,unsigned,test.test-unsigned.example,cold,2415600,2,False,1788708495.8814483,
bind,unsigned,test.test-unsigned.example,cold,2617500,2,False,1788708495.8840845,
bind,unsigned,test.test-unsigned.example,cold,3022000,2,False,1788708495.8872354,
bind,unsigned,test.test-unsigned.example,cold,2370700,2,False,1788708495.8896105,
bind,unsigned,test.test-unsigned.example,cold,2524100,2,False,1788708495.8919532,
bind,unsigned,test.test-unsigned.example,cold,2599300,2,False,1788708495.8946106,
bind,unsigned,test.test-unsigned.example,cold,2688900,2,False,1788708495.897778,
bind,unsigned,test.test-unsigned.example,cold,2593000,2,False,1788708495.9003773,
bind,unsigned,test.test-unsigned.example,cold,2587000,2,False,1788708495.9027607,
bind,unsigned,test.test-unsigned.example,cold,2512000,2,False,1788708495.9053638,
bind,unsigned,test.test-unsigned.example,cold,3372600,2,False,1788708495.908813,
bind,unsigned,test.test-unsigned.example,cold,3754300,2,False,1788708495.9128988,
bind,unsigned,test.test-unsigned.example,cold,3029300,2,False,1788708495.9156754,
bind,unsigned,test.test-unsigned.example,cold,2896500,2,False,1788708495.9188101,
bind,unsigned,test.test-unsigned.example,cold,3260700,2,False,1788708495.9221911,
bind,unsigned,test.test-unsigned.example,cold,3065900,2,False,1788708495.925322,
bind,unsigned,test.test-unsigned.example,cold,2570700,2,False,1788708495.9279912,
bind,unsigned,test.test-unsigned.example,cold,2484400,2,False,1788708495.9306586,
bind,unsigned,test.test-unsigned.example,cold,2489500,2,False,1788708495.9330077,
bind,unsigned,test.test-unsigned.example,cold,2500200,2,False,1788708495.9357414,
bind,unsigned,test.test-unsigned.example,cold,2558900,2,False,1788708495.9381962,
bind,unsigned,test.test-unsigned.example,cold,2456300,2,False,1788708495.9408512,
bind,unsigned,test.test-unsigned.example,cold,2406400,2,False,1788708495.9434805,
bind,unsigned,test.test-unsigned.example,cold,2589200,2,False,1788708495.946146,
bind,unsigned,test.test-unsigned.example,cold,2240900,2,False,1788708495.9485207,
bind,unsigned,test.test-unsigned.example,cold,2538200,2,False,1788708495.951133,
bind,unsigned,test.test-unsigned.example,cold,3584600,2,False,1788708495.9544365,
bind,unsigned,test.test-unsigned.example,cold,3972900,2,False,1788708495.95877,
bind,unsigned,test.test-unsigned.example,cold,2938900,2,False,1788708495.9616017,
bind,unsigned,test.test-unsigned.example,cold,2940300,2,False,1788708495.9648447,
bind,unsigned,test.test-unsigned.example,cold,2868300,2,False,1788708495.9675467,
bind,unsigned,test.test-unsigned.example,cold,2344800,2,False,1788708495.9702387,
bind,unsigned,test.test-unsigned.example,cold,2366400,2,False,1788708495.9724252,
bind,unsigned,test.test-unsigned.example,cold,2567600,2,False,1788708495.9750378,
bind,unsigned,test.test-unsigned.example,cold,2618900,2,False,1788708495.9776416,
bind,unsigned,test.test-unsigned.example,cold,2585200,2,False,1788708495.9797125,
bind,unsigned,test.test-unsigned.example,cold,2635400,2,False,1788708495.9834337,
bind,unsigned,test.test-unsigned.example,cold,2430800,2,False,1788708495.9857526,
bind,unsigned,test.test-unsigned.example,cold,2477700,2,False,1788708495.9882324,
bind,unsigned,test.test-unsigned.example,cold,2605400,2,False,1788708495.990913,
bind,unsigned,test.test-unsigned.example,cold,2454800,2,False,1788708495.9935658,
bind,unsigned,test.test-unsigned.example,cold,2685200,2,False,1788708495.9965289,
bind,unsigned,test.test-unsigned.example,cold,5669300,2,False,1788708496.0018508,
bind,unsigned,test.test-unsigned.example,cold,264711200,2,False,1788708496.2671032,
bind,unsigned,test.test-unsigned.example,cold,8707300,2,False,1788708496.2761078,
bind,unsigned,test.test-unsigned.example,cold,7984400,2,False,1788708496.2838402,
bind,unsigned,test.test-unsigned.example,cold,5278000,2,False,1788708496.2896373,
bind,unsigned,test.test-unsigned.example,cold,4801000,2,False,1788708496.2942748,
bind,unsigned,test.test-unsigned.example,cold,4906300,2,False,1788708496.2998452,
bind,unsigned,test.test-unsigned.example,cold,3177900,2,False,1788708496.30284,
bind,unsigned,test.test-unsigned.example,cold,3145200,2,False,1788708496.3058982,
bind,unsigned,test.test-unsigned.example,cold,2688000,2,False,1788708496.3090742,
bind,unsigned,test.test-unsigned.example,cold,2861400,2,False,1788708496.311482,
bind,unsigned,test.test-unsigned.example,cold,4152700,2,False,1788708496.3159478,
bind,unsigned,test.test-unsigned.example,cold,3134800,2,False,1788708496.3191822,
bind,unsigned,test.test-unsigned.example,cold,3096800,2,False,1788708496.3225431,
bind,unsigned,test.test-unsigned.example,cold,3194400,2,False,1788708496.325818,
bind,unsigned,test.test-unsigned.example,cold,2842700,2,False,1788708496.3288763,
bind,unsigned,test.test-unsigned.example,cold,2588700,2,False,1788708496.3315232,
bind,unsigned,test.test-unsigned.example,cold,2581300,2,False,1788708496.3338437,
bind,unsigned,test.test-unsigned.example,cold,2809900,2,False,1788708496.3371477,
bind,unsigned,test.test-unsigned.example,cold,2571500,2,False,1788708496.339787,
bind,unsigned,test.test-unsigned.example,cold,3065400,2,False,1788708496.3425684,
bind,unsigned,test.test-unsigned.example,cold,3109900,2,False,1788708496.345813,
bind,unsigned,test.test-unsigned.example,cold,3063200,2,False,1788708496.3490512,
bind,unsigned,test.test-unsigned.example,cold,3176400,2,False,1788708496.3522131,
bind,unsigned,test.test-unsigned.example,cold,3183600,2,False,1788708496.355576,
bind,unsigned,test.test-unsigned.example,cold,2837500,2,False,1788708496.3581717,
bind,unsigned,test.test-unsigned.example,cold,4628600,2,False,1788708496.3629847,
bind,unsigned,test.test-unsigned.example,cold,2875300,2,False,1788708496.3663037,
bind,unsigned,test.test-unsigned.example,cold,2739000,2,False,1788708496.3691275,
bind,unsigned,test.test-unsigned.example,cold,2747000,2,False,1788708496.3719378,
bind,unsigned,test.test-unsigned.example,cold,2622600,2,False,1788708496.3741846,
bind,unsigned,test.test-unsigned.example,cold,2550500,2,False,1788708496.3769507,
bind,unsigned,test.test-unsigned.example,cold,3236100,2,False,1788708496.3801749,
bind,unsigned,test.test-unsigned.example,cold,2705300,2,False,1788708496.383309,
bind,unsigned,test.test-unsigned.example,cold,2888600,2,False,1788708496.3859472,
bind,unsigned,test.test-unsigned.example,cold,3327400,2,False,1788708496.3896785,
bind,unsigned,test.test-unsigned.example,cold,16733900,2,False,1788708496.4063559,
bind,unsigned,test.test-unsigned.example,cold,2837800,2,False,1788708496.4092727,
bind,unsigned,test.test-unsigned.example,cold,2518700,2,False,1788708496.4119086,
bind,unsigned,test.test-unsigned.example,cold,2450500,2,False,1788708496.4145243,
bind,unsigned,test.test-unsigned.example,cold,2543200,2,False,1788708496.4171932,
bind,unsigned,test.test-unsigned.example,cold,2712400,2,False,1788708496.419897,
bind,unsigned,test.test-unsigned.example,cold,2536800,2,False,1788708496.4225514,
bind,unsigned,test.test-unsigned.example,cold,2361900,2,False,1788708496.4252386,
bind,unsigned,test.test-unsigned.example,cold,2569100,2,False,1788708496.427856,
bind,unsigned,test.test-unsigned.example,cold,2551300,2,False,1788708496.430219,
bind,unsigned,test.test-unsigned.example,cold,2589200,2,False,1788708496.4328375,
bind,unsigned,test.test-unsigned.example,cold,2745000,2,False,1788708496.435474,
bind,unsigned,test.test-unsigned.example,cold,3614300,2,False,1788708496.439543,
bind,unsigned,test.test-unsigned.example,cold,2984500,2,False,1788708496.442547,
bind,unsigned,test.test-unsigned.example,cold,2909800,2,False,1788708496.4456832,
bind,unsigned,test.test-unsigned.example,cold,2442600,2,False,1788708496.4478476,
bind,unsigned,test.test-unsigned.example,cold,2515800,2,False,1788708496.4505286,
bind,unsigned,test.test-unsigned.example,cold,4998200,2,False,1788708496.4556398,
bind,unsigned,test.test-unsigned.example,cold,2873400,2,False,1788708496.458768,
bind,unsigned,test.test-unsigned.example,cold,2835000,2,False,1788708496.4615717,
bind,unsigned,test.test-unsigned.example,cold,3437000,2,False,1788708496.4653578,
bind,unsigned,test.test-unsigned.example,cold,2569200,2,False,1788708496.4680178,
bind,unsigned,test.test-unsigned.example,cold,2397400,2,False,1788708496.4702623,
bind,unsigned,test.test-unsigned.example,cold,2531900,2,False,1788708496.4728894,
bind,unsigned,test.test-unsigned.example,cold,2403200,2,False,1788708496.4753792,
bind,unsigned,test.test-unsigned.example,cold,2555500,2,False,1788708496.4780333,
bind,unsigned,test.test-unsigned.example,cold,2673400,2,False,1788708496.4806747,
bind,unsigned,test.test-unsigned.example,cold,3216100,2,False,1788708496.4842188,
bind,unsigned,test.test-unsigned.example,cold,2552700,2,False,1788708496.4868264,
bind,unsigned,test.test-unsigned.example,cold,2587300,2,False,1788708496.4894335,
bind,unsigned,test.test-unsigned.example,cold,2532300,2,False,1788708496.4920378,
bind,unsigned,test.test-unsigned.example,cold,3481200,2,False,1788708496.4957032,
bind,unsigned,test.test-unsigned.example,cold,3859900,2,False,1788708496.4993107,
bind,unsigned,test.test-unsigned.example,cold,3646500,2,False,1788708496.503024,
bind,unsigned,test.test-unsigned.example,cold,3013900,2,False,1788708496.5062294,
bind,unsigned,test.test-unsigned.example,cold,2943400,2,False,1788708496.5095198,
bind,unsigned,test.test-unsigned.example,cold,4548900,2,False,1788708496.5140705,
bind,unsigned,test.test-unsigned.example,cold,2331500,2,False,1788708496.5163436,
bind,unsigned,test.test-unsigned.example,cold,2397000,2,False,1788708496.5189655,
bind,unsigned,test.test-unsigned.example,cold,2502200,2,False,1788708496.5215838,
bind,unsigned,test.test-unsigned.example,cold,2822700,2,False,1788708496.524467,
bind,unsigned,test.test-unsigned.example,cold,2631400,2,False,1788708496.5271442,
bind,unsigned,test.test-unsigned.example,cold,3246400,2,False,1788708496.5304363,
bind,unsigned,test.test-unsigned.example,cold,3284800,2,False,1788708496.5335805,
bind,unsigned,test.test-unsigned.example,cold,2711400,2,False,1788708496.5362568,
bind,unsigned,test.test-unsigned.example,cold,2423200,2,False,1788708496.5389004,
bind,unsigned,test.test-unsigned.example,cold,2393300,2,False,1788708496.5415862,
bind,unsigned,test.test-unsigned.example,cold,3459100,2,False,1788708496.5448344,
bind,unsigned,test.test-unsigned.example,cold,2530300,2,False,1788708496.5476665,
bind,unsigned,test.test-unsigned.example,cold,2352400,2,False,1788708496.5500789,
bind,unsigned,test.test-unsigned.example,cold,2325300,2,False,1788708496.5524933,
bind,unsigned,test.test-unsigned.example,cold,2544800,2,False,1788708496.5551136,
bind,unsigned,test.test-unsigned.example,cold,2566400,2,False,1788708496.5577805,
bind,unsigned,test.test-unsigned.example,cold,4610700,2,False,1788708496.5624783,
bind,unsigned,test.test-unsigned.example,cold,3393800,2,False,1788708496.5659683,
bind,unsigned,test.test-unsigned.example,cold,2955900,2,False,1788708496.5691326,
bind,unsigned,test.test-unsigned.example,cold,2862200,2,False,1788708496.5718336,
bind,unsigned,test.test-unsigned.example,cold,2740900,2,False,1788708496.574442,
bind,unsigned,test.test-unsigned.example,cold,2756800,2,False,1788708496.5777087,
bind,unsigned,test.test-unsigned.example,cold,2483900,2,False,1788708496.5803127,
bind,unsigned,test.test-unsigned.example,cold,2618600,2,False,1788708496.5829384,
bind,unsigned,test.test-unsigned.example,cold,2913700,2,False,1788708496.5856729,
bind,unsigned,test.test-unsigned.example,cold,16808900,2,False,1788708496.6024766,
bind,unsigned,test.test-unsigned.example,cold,3419300,2,False,1788708496.6061916,
bind,unsigned,test.test-unsigned.example,cold,2765900,2,False,1788708496.608819,
bind,unsigned,test.test-unsigned.example,cold,2468800,2,False,1788708496.6114266,
bind,unsigned,test.test-unsigned.example,cold,2667100,2,False,1788708496.6145546,
bind,unsigned,test.test-unsigned.example,cold,2595800,2,False,1788708496.616865,
bind,unsigned,test.test-unsigned.example,cold,2642000,2,False,1788708496.6194723,
bind,unsigned,test.test-unsigned.example,cold,2802300,2,False,1788708496.6227853,
bind,unsigned,test.test-unsigned.example,cold,3119300,2,False,1788708496.6257226,
bind,unsigned,test.test-unsigned.example,cold,2717300,2,False,1788708496.6283813,
bind,unsigned,test.test-unsigned.example,cold,2563400,2,False,1788708496.6310124,
bind,unsigned,test.test-unsigned.example,cold,2675200,2,False,1788708496.6342108,
bind,unsigned,test.test-unsigned.example,cold,5952300,2,False,1788708496.6401222,
bind,unsigned,test.test-unsigned.example,cold,3185400,2,False,1788708496.6432755,
bind,unsigned,test.test-unsigned.example,cold,3032200,2,False,1788708496.646626,
bind,unsigned,test.test-unsigned.example,cold,3055800,2,False,1788708496.6495965,
bind,unsigned,test.test-unsigned.example,cold,2555600,2,False,1788708496.6522713,
bind,unsigned,test.test-unsigned.example,cold,2557400,2,False,1788708496.6548858,
bind,unsigned,test.test-unsigned.example,cold,2512500,2,False,1788708496.6574886,
bind,unsigned,test.test-unsigned.example,cold,2752000,2,False,1788708496.6601598,
bind,unsigned,test.test-unsigned.example,cold,2733100,2,False,1788708496.6633313,
bind,unsigned,test.test-unsigned.example,cold,2359900,2,False,1788708496.6654365,
bind,unsigned,test.test-unsigned.example,cold,4112100,2,False,1788708496.6695924,
bind,unsigned,test.test-unsigned.example,cold,3453100,2,False,1788708496.6730337,
bind,unsigned,test.test-unsigned.example,cold,2963700,2,False,1788708496.6763525,
bind,unsigned,test.test-unsigned.example,cold,2862700,2,False,1788708496.679082,
bind,unsigned,test.test-unsigned.example,cold,3254400,2,False,1788708496.6828232,
bind,unsigned,test.test-unsigned.example,cold,2438200,2,False,1788708496.6850429,
bind,unsigned,test.test-unsigned.example,cold,2446000,2,False,1788708496.6877453,
bind,unsigned,test.test-unsigned.example,cold,2571700,2,False,1788708496.6903698,
bind,unsigned,test.test-unsigned.example,cold,2573800,2,False,1788708496.6930094,
bind,unsigned,test.test-unsigned.example,cold,2564000,2,False,1788708496.6954935,
bind,unsigned,test.test-unsigned.example,cold,4022600,2,False,1788708496.6995466,
bind,unsigned,test.test-unsigned.example,cold,4005300,2,False,1788708496.7033489,
bind,unsigned,test.test-unsigned.example,cold,3171400,2,False,1788708496.706093,
bind,unsigned,test.test-unsigned.example,cold,13944500,2,False,1788708496.7194726,
bind,unsigned,test.test-unsigned.example,cold,3943600,2,False,1788708496.721985,
bind,unsigned,test.test-unsigned.example,cold,3511400,2,False,1788708496.7271,
bind,unsigned,test.test-unsigned.example,cold,3265300,2,False,1788708496.7291124,
bind,unsigned,test.test-unsigned.example,cold,2639900,2,False,1788708496.7333963,
bind,unsigned,test.test-unsigned.example,cold,2362900,2,False,1788708496.7333963,
bind,unsigned,test.test-unsigned.example,cold,2549800,2,False,1788708496.7333963,
bind,unsigned,test.test-unsigned.example,cold,2520600,2,False,1788708496.7333963,
bind,unsigned,test.test-unsigned.example,cold,3580700,2,False,1788708496.7460437,
bind,unsigned,test.test-unsigned.example,cold,3569000,2,False,1788708496.749985,
bind,unsigned,test.test-unsigned.example,cold,2839500,2,False,1788708496.752653,
bind,unsigned,test.test-unsigned.example,cold,2843100,2,False,1788708496.755493,
bind,unsigned,test.test-unsigned.example,cold,3106900,2,False,1788708496.7588625,
bind,unsigned,test.test-unsigned.example,cold,2887300,2,False,1788708496.7618995,
bind,unsigned,test.test-unsigned.example,cold,2425300,2,False,1788708496.7642138,
bind,unsigned,test.test-unsigned.example,cold,2424200,2,False,1788708496.7668602,
bind,unsigned,test.test-unsigned.example,cold,2692500,2,False,1788708496.7697828,
bind,unsigned,test.test-unsigned.example,cold,2643400,2,False,1788708496.772398,
bind,unsigned,test.test-unsigned.example,cold,2613000,2,False,1788708496.7750278,
bind,unsigned,test.test-unsigned.example,cold,3088100,2,False,1788708496.7780113,
bind,unsigned,test.test-unsigned.example,cold,2561800,2,False,1788708496.7807155,
bind,unsigned,test.test-unsigned.example,cold,2572600,2,False,1788708496.7833848,
bind,unsigned,test.test-unsigned.example,cold,2626500,2,False,1788708496.7858818,
bind,unsigned,test.test-unsigned.example,cold,2518900,2,False,1788708496.788497,
bind,unsigned,test.test-unsigned.example,cold,2751200,2,False,1788708496.7913437,
bind,unsigned,test.test-unsigned.example,cold,2575100,2,False,1788708496.793992,
bind,unsigned,test.test-unsigned.example,cold,3023900,2,False,1788708496.7966132,
bind,unsigned,test.test-unsigned.example,cold,3155600,2,False,1788708496.800462,
bind,unsigned,test.test-unsigned.example,cold,2980600,2,False,1788708496.8036864,
bind,unsigned,test.test-unsigned.example,cold,2630000,2,False,1788708496.8064003,
bind,unsigned,test.test-unsigned.example,cold,4588200,2,False,1788708496.8111358,
bind,unsigned,test.test-unsigned.example,cold,2761000,2,False,1788708496.813842,
bind,unsigned,test.test-unsigned.example,cold,2774900,2,False,1788708496.8168263,
bind,unsigned,test.test-unsigned.example,cold,3289600,2,False,1788708496.8199558,
bind,unsigned,test.test-unsigned.example,cold,3390200,2,False,1788708496.8233533,
bind,unsigned,test.test-unsigned.example,cold,3738100,2,False,1788708496.8275032,
bind,unsigned,test.test-unsigned.example,cold,2802200,2,False,1788708496.8302817,
bind,unsigned,test.test-unsigned.example,cold,2666100,2,False,1788708496.8329165,
bind,unsigned,test.test-unsigned.example,cold,2598600,2,False,1788708496.8355749,
bind,unsigned,test.test-unsigned.example,cold,2838500,2,False,1788708496.8387446,
bind,unsigned,test.test-unsigned.example,cold,2743200,2,False,1788708496.8413873,
bind,unsigned,test.test-unsigned.example,cold,2572600,2,False,1788708496.8438118,
bind,unsigned,test.test-unsigned.example,cold,2505800,2,False,1788708496.8464303,
bind,unsigned,test.test-unsigned.example,cold,2573200,2,False,1788708496.8490722,
bind,unsigned,test.test-unsigned.example,cold,2480500,2,False,1788708496.8516939,
bind,unsigned,test.test-unsigned.example,cold,2520200,2,False,1788708496.8544207,
bind,unsigned,test.test-unsigned.example,cold,2604800,2,False,1788708496.8570943,
bind,unsigned,test.test-unsigned.example,cold,2697100,2,False,1788708496.8597162,
bind,unsigned,test.test-unsigned.example,cold,2447500,2,False,1788708496.8623848,
bind,unsigned,test.test-unsigned.example,cold,2551000,2,False,1788708496.864998,
bind,unsigned,test.test-unsigned.example,cold,3418800,2,False,1788708496.868486,
bind,unsigned,test.test-unsigned.example,cold,4062500,2,False,1788708496.8726213,
bind,unsigned,test.test-unsigned.example,cold,3028000,2,False,1788708496.8751755,
bind,unsigned,test.test-unsigned.example,cold,3063600,2,False,1788708496.8789551,
bind,unsigned,test.test-unsigned.example,cold,2780900,2,False,1788708496.8821452,
bind,unsigned,test.test-unsigned.example,cold,2642300,2,False,1788708496.8842814,
bind,unsigned,test.test-unsigned.example,cold,2960700,2,False,1788708496.887843,
bind,unsigned,test.test-unsigned.example,cold,2809700,2,False,1788708496.890467,
bind,unsigned,test.test-unsigned.example,cold,2415900,2,False,1788708496.893149,
bind,unsigned,test.test-unsigned.example,cold,3018400,2,False,1788708496.896215,
bind,unsigned,test.test-unsigned.example,cold,2946900,2,False,1788708496.899363,
bind,unsigned,test.test-unsigned.example,cold,3676600,2,False,1788708496.9027963,
bind,unsigned,test.test-unsigned.example,cold,2922000,2,False,1788708496.9057188,
bind,unsigned,test.test-unsigned.example,cold,2863900,2,False,1788708496.9089568,
bind,unsigned,test.test-unsigned.example,cold,3200900,2,False,1788708496.912378,
bind,unsigned,test.test-unsigned.example,cold,3066200,2,False,1788708496.9154437,
bind,unsigned,test.test-unsigned.example,cold,3022600,2,False,1788708496.9186292,
bind,unsigned,test.test-unsigned.example,cold,2852600,2,False,1788708496.921279,
bind,unsigned,test.test-unsigned.example,cold,2694500,2,False,1788708496.924437,
bind,unsigned,test.test-unsigned.example,cold,2470300,2,False,1788708496.9266949,
bind,unsigned,test.test-unsigned.example,cold,2519700,2,False,1788708496.929419,
bind,unsigned,test.test-unsigned.example,cold,4510300,2,False,1788708496.9339228,
bind,unsigned,test.test-unsigned.example,cold,3346000,2,False,1788708496.9371493,
bind,unsigned,test.test-unsigned.example,cold,3129000,2,False,1788708496.9408743,
bind,unsigned,test.test-unsigned.example,cold,2987800,2,False,1788708496.9435813,
bind,unsigned,test.test-unsigned.example,cold,3202000,2,False,1788708496.9470348,
bind,unsigned,test.test-unsigned.example,cold,2604600,2,False,1788708496.9496772,
bind,unsigned,test.test-unsigned.example,cold,2562100,2,False,1788708496.9523144,
bind,unsigned,test.test-unsigned.example,cold,2548600,2,False,1788708496.9549873,
bind,unsigned,test.test-unsigned.example,cold,2540000,2,False,1788708496.9576154,
bind,unsigned,test.test-unsigned.example,cold,2706300,2,False,1788708496.9600036,
bind,unsigned,test.test-unsigned.example,cold,2687600,2,False,1788708496.9628408,
bind,unsigned,test.test-unsigned.example,cold,2508900,2,False,1788708496.965459,
bind,unsigned,test.test-unsigned.example,cold,2605100,2,False,1788708496.9680767,
bind,unsigned,test.test-unsigned.example,cold,2505400,2,False,1788708496.9707136,
bind,unsigned,test.test-unsigned.example,cold,2479100,2,False,1788708496.973474,
bind,unsigned,test.test-unsigned.example,cold,3134400,2,False,1788708496.9763217,
bind,unsigned,test.test-unsigned.example,cold,5482900,2,False,1788708496.9820406,
bind,unsigned,test.test-unsigned.example,cold,3200100,2,False,1788708496.9856339,
bind,unsigned,test.test-unsigned.example,cold,2847700,2,False,1788708496.9883747,
bind,unsigned,test.test-unsigned.example,cold,3070900,2,False,1788708496.9918463,
bind,unsigned,test.test-unsigned.example,cold,2575300,2,False,1788708496.9941044,
bind,unsigned,test.test-unsigned.example,cold,2629900,2,False,1788708496.9969194,
bind,unsigned,test.test-unsigned.example,cold,2518700,2,False,1788708496.9995186,
bind,unsigned,test.test-unsigned.example,cold,2651300,2,False,1788708497.0021358,
bind,unsigned,test.test-unsigned.example,cold,241878300,2,False,1788708497.244294,
bind,unsigned,test.test-unsigned.example,cold,8515700,2,False,1788708497.2527132,
bind,unsigned,test.test-unsigned.example,cold,6832200,2,False,1788708497.26009,
bind,unsigned,test.test-unsigned.example,cold,5208500,2,False,1788708497.2655394,
bind,unsigned,test.test-unsigned.example,cold,3931100,2,False,1788708497.2695107,
bind,unsigned,test.test-unsigned.example,cold,2845700,2,False,1788708497.272129,
bind,unsigned,test.test-unsigned.example,cold,3020600,2,False,1788708497.27539,
bind,unsigned,test.test-unsigned.example,cold,2914100,2,False,1788708497.2782154,
bind,unsigned,test.test-unsigned.example,cold,2717100,2,False,1788708497.2814503,
bind,unsigned,test.test-unsigned.example,cold,2962800,2,False,1788708497.2841296,
bind,unsigned,test.test-unsigned.example,cold,2671500,2,False,1788708497.2868073,
bind,unsigned,test.test-unsigned.example,cold,2781300,2,False,1788708497.2894526,
bind,unsigned,test.test-unsigned.example,cold,4667400,2,False,1788708497.294492,
bind,unsigned,test.test-unsigned.example,cold,3566800,2,False,1788708497.29809,
bind,unsigned,test.test-unsigned.example,cold,3445800,2,False,1788708497.3018558,
bind,unsigned,test.test-unsigned.example,cold,3041800,2,False,1788708497.3051095,
bind,unsigned,test.test-unsigned.example,cold,2790400,2,False,1788708497.307795,
bind,unsigned,test.test-unsigned.example,cold,2504800,2,False,1788708497.310469,
bind,unsigned,test.test-unsigned.example,cold,2592800,2,False,1788708497.313093,
bind,unsigned,test.test-unsigned.example,cold,2804900,2,False,1788708497.3158216,
bind,unsigned,test.test-unsigned.example,cold,2951200,2,False,1788708497.3190672,
bind,unsigned,test.test-unsigned.example,cold,4364700,2,False,1788708497.3229742,
bind,unsigned,test.test-unsigned.example,cold,2858300,2,False,1788708497.3263648,
bind,unsigned,test.test-unsigned.example,cold,2653800,2,False,1788708497.3289986,
bind,unsigned,test.test-unsigned.example,cold,2710600,2,False,1788708497.3318906,
bind,unsigned,test.test-unsigned.example,cold,2875400,2,False,1788708497.335041,
bind,unsigned,test.test-unsigned.example,cold,5545900,2,False,1788708497.340244,
bind,unsigned,test.test-unsigned.example,cold,3010200,2,False,1788708497.3436313,
bind,unsigned,test.test-unsigned.example,cold,2989200,2,False,1788708497.3467917,
bind,unsigned,test.test-unsigned.example,cold,2725200,2,False,1788708497.349337,
bind,unsigned,test.test-unsigned.example,cold,2983400,2,False,1788708497.352492,
bind,unsigned,test.test-unsigned.example,cold,3196000,2,False,1788708497.3556411,
bind,unsigned,test.test-unsigned.example,cold,2750000,2,False,1788708497.358794,
bind,unsigned,test.test-unsigned.example,cold,2687200,2,False,1788708497.361379,
bind,unsigned,test.test-unsigned.example,cold,2623400,2,False,1788708497.364034,
bind,unsigned,test.test-unsigned.example,cold,2666200,2,False,1788708497.366859,
bind,unsigned,test.test-unsigned.example,cold,2621500,2,False,1788708497.369465,
bind,unsigned,test.test-unsigned.example,cold,2594000,2,False,1788708497.372064,
bind,unsigned,test.test-unsigned.example,cold,2633000,2,False,1788708497.3747056,
bind,unsigned,test.test-unsigned.example,cold,2586200,2,False,1788708497.3774607,
bind,unsigned,test.test-unsigned.example,cold,2697300,2,False,1788708497.3805966,
bind,unsigned,test.test-unsigned.example,cold,3681700,2,False,1788708497.3840353,
bind,unsigned,test.test-unsigned.example,cold,3837200,2,False,1788708497.388358,
bind,unsigned,test.test-unsigned.example,cold,2913300,2,False,1788708497.3910918,
bind,unsigned,test.test-unsigned.example,cold,2808700,2,False,1788708497.3939064,
bind,unsigned,test.test-unsigned.example,cold,3019700,2,False,1788708497.3972697,
bind,unsigned,test.test-unsigned.example,cold,2565100,2,False,1788708497.3994799,
bind,unsigned,test.test-unsigned.example,cold,2415600,2,False,1788708497.4021018,
bind,unsigned,test.test-unsigned.example,cold,2552400,2,False,1788708497.4047768,
bind,unsigned,test.test-unsigned.example,cold,2699500,2,False,1788708497.4074583,
bind,unsigned,test.test-unsigned.example,cold,2659000,2,False,1788708497.410274,
bind,unsigned,test.test-unsigned.example,cold,2780500,2,False,1788708497.4128885,
bind,unsigned,test.test-unsigned.example,cold,4102300,2,False,1788708497.41728,
bind,unsigned,test.test-unsigned.example,cold,3033900,2,False,1788708497.420553,
bind,unsigned,test.test-unsigned.example,cold,2811900,2,False,1788708497.4237602,
bind,unsigned,test.test-unsigned.example,cold,2592500,2,False,1788708497.426379,
bind,unsigned,test.test-unsigned.example,cold,2750800,2,False,1788708497.428869,
bind,unsigned,test.test-unsigned.example,cold,2725700,2,False,1788708497.4316308,
bind,unsigned,test.test-unsigned.example,cold,2667900,2,False,1788708497.4343798,
bind,unsigned,test.test-unsigned.example,cold,2521400,2,False,1788708497.4370108,
bind,unsigned,test.test-unsigned.example,cold,2503300,2,False,1788708497.4396284,
bind,unsigned,test.test-unsigned.example,cold,2531800,2,False,1788708497.4422457,
bind,unsigned,test.test-unsigned.example,cold,3337200,2,False,1788708497.445617,
bind,unsigned,test.test-unsigned.example,cold,3299500,2,False,1788708497.4490921,
bind,unsigned,test.test-unsigned.example,cold,2935500,2,False,1788708497.4521697,
bind,unsigned,test.test-unsigned.example,cold,2448600,2,False,1788708497.454777,
bind,unsigned,test.test-unsigned.example,cold,2272200,2,False,1788708497.4571009,
bind,unsigned,test.test-unsigned.example,cold,2976700,2,False,1788708497.460087,
bind,unsigned,test.test-unsigned.example,cold,2808100,2,False,1788708497.4627492,
bind,unsigned,test.test-unsigned.example,cold,2419100,2,False,1788708497.4653783,
bind,unsigned,test.test-unsigned.example,cold,2499100,2,False,1788708497.468026,
bind,unsigned,test.test-unsigned.example,cold,2630300,2,False,1788708497.470729,
bind,unsigned,test.test-unsigned.example,cold,2590800,2,False,1788708497.4732628,
bind,unsigned,test.test-unsigned.example,cold,3739000,2,False,1788708497.477043,
bind,unsigned,test.test-unsigned.example,cold,3690600,2,False,1788708497.4808052,
bind,unsigned,test.test-unsigned.example,cold,2883100,2,False,1788708497.483994,
bind,unsigned,test.test-unsigned.example,cold,3064200,2,False,1788708497.4870267,
bind,unsigned,test.test-unsigned.example,cold,2726600,2,False,1788708497.4896755,
bind,unsigned,test.test-unsigned.example,cold,2535600,2,False,1788708497.4924195,
bind,unsigned,test.test-unsigned.example,cold,2814000,2,False,1788708497.4956017,
bind,unsigned,test.test-unsigned.example,cold,2483000,2,False,1788708497.4982262,
bind,unsigned,test.test-unsigned.example,cold,2493300,2,False,1788708497.500309,
bind,unsigned,test.test-unsigned.example,cold,2593100,2,False,1788708497.5029404,
bind,unsigned,test.test-unsigned.example,cold,2979400,2,False,1788708497.5055518,
bind,unsigned,test.test-unsigned.example,cold,4305600,2,False,1788708497.5104809,
bind,unsigned,test.test-unsigned.example,cold,3006000,2,False,1788708497.513893,
bind,unsigned,test.test-unsigned.example,cold,3052900,2,False,1788708497.5170705,
bind,unsigned,test.test-unsigned.example,cold,3322200,2,False,1788708497.5200913,
bind,unsigned,test.test-unsigned.example,cold,2570900,2,False,1788708497.5229998,
bind,unsigned,test.test-unsigned.example,cold,2524600,2,False,1788708497.5256536,
bind,unsigned,test.test-unsigned.example,cold,2662500,2,False,1788708497.5281646,
bind,unsigned,test.test-unsigned.example,cold,2701200,2,False,1788708497.53098,
bind,unsigned,test.test-unsigned.example,cold,2513300,2,False,1788708497.5336921,
bind,unsigned,test.test-unsigned.example,cold,4032500,2,False,1788708497.5376158,
bind,unsigned,test.test-unsigned.example,cold,3483800,2,False,1788708497.540944,
bind,unsigned,test.test-unsigned.example,cold,3659700,2,False,1788708497.545377,
bind,unsigned,test.test-unsigned.example,cold,2961600,2,False,1788708497.548145,
bind,unsigned,test.test-unsigned.example,cold,2518900,2,False,1788708497.5508432,
bind,unsigned,test.test-unsigned.example,cold,2488100,2,False,1788708497.5535913,
bind,unsigned,test.test-unsigned.example,cold,2427400,2,False,1788708497.5556843,
bind,unsigned,test.test-unsigned.example,cold,2498600,2,False,1788708497.5583014,
bind,unsigned,test.test-unsigned.example,cold,2772000,2,False,1788708497.561453,
bind,unsigned,test.test-unsigned.example,cold,2400700,2,False,1788708497.5638273,
bind,unsigned,test.test-unsigned.example,cold,2336700,2,False,1788708497.5662923,
bind,unsigned,test.test-unsigned.example,cold,5693100,2,False,1788708497.5720892,
bind,unsigned,test.test-unsigned.example,cold,3003900,2,False,1788708497.5752485,
bind,unsigned,test.test-unsigned.example,cold,2680300,2,False,1788708497.5778677,
bind,unsigned,test.test-unsigned.example,cold,2991900,2,False,1788708497.5810611,
bind,unsigned,test.test-unsigned.example,cold,2659700,2,False,1788708497.5831974,
bind,unsigned,test.test-unsigned.example,cold,2475500,2,False,1788708497.5863,
bind,unsigned,test.test-unsigned.example,cold,2560300,2,False,1788708497.5889285,
bind,unsigned,test.test-unsigned.example,cold,2524500,2,False,1788708497.5915864,
bind,unsigned,test.test-unsigned.example,cold,2615800,2,False,1788708497.5942473,
bind,unsigned,test.test-unsigned.example,cold,2357000,2,False,1788708497.5966787,
bind,unsigned,test.test-unsigned.example,cold,2732200,2,False,1788708497.5995417,
bind,unsigned,test.test-unsigned.example,cold,2593200,2,False,1788708497.602149,
bind,unsigned,test.test-unsigned.example,cold,2588900,2,False,1788708497.6047707,
bind,unsigned,test.test-unsigned.example,cold,2532200,2,False,1788708497.6072512,
bind,unsigned,test.test-unsigned.example,cold,2635200,2,False,1788708497.6098778,
bind,unsigned,test.test-unsigned.example,cold,2431600,2,False,1788708497.6125243,
bind,unsigned,test.test-unsigned.example,cold,5231400,2,False,1788708497.6166906,
bind,unsigned,test.test-unsigned.example,cold,4113200,2,False,1788708497.6218514,
bind,unsigned,test.test-unsigned.example,cold,3242300,2,False,1788708497.6251192,
bind,unsigned,test.test-unsigned.example,cold,3594000,2,False,1788708497.62897,
bind,unsigned,test.test-unsigned.example,cold,4442400,2,False,1788708497.6335707,
bind,unsigned,test.test-unsigned.example,cold,3261400,2,False,1788708497.6371722,
bind,unsigned,test.test-unsigned.example,cold,2697800,2,False,1788708497.6398108,
bind,unsigned,test.test-unsigned.example,cold,2831000,2,False,1788708497.6426167,
bind,unsigned,test.test-unsigned.example,cold,3194700,2,False,1788708497.6456993,
bind,unsigned,test.test-unsigned.example,cold,2636300,2,False,1788708497.6488736,
bind,unsigned,test.test-unsigned.example,cold,2424100,2,False,1788708497.6511247,
bind,unsigned,test.test-unsigned.example,cold,2537700,2,False,1788708497.6537435,
bind,unsigned,test.test-unsigned.example,cold,2632800,2,False,1788708497.6564524,
bind,unsigned,test.test-unsigned.example,cold,2590900,2,False,1788708497.6589375,
bind,unsigned,test.test-unsigned.example,cold,3025800,2,False,1788708497.6624901,
bind,unsigned,test.test-unsigned.example,cold,2825300,2,False,1788708497.6651933,
bind,unsigned,test.test-unsigned.example,cold,2926400,2,False,1788708497.667924,
bind,unsigned,test.test-unsigned.example,cold,2663600,2,False,1788708497.6710708,
bind,unsigned,test.test-unsigned.example,cold,2648800,2,False,1788708497.673695,
bind,unsigned,test.test-unsigned.example,cold,3881700,2,False,1788708497.677417,
bind,unsigned,test.test-unsigned.example,cold,3625700,2,False,1788708497.6811025,
bind,unsigned,test.test-unsigned.example,cold,2959200,2,False,1788708497.6843717,
bind,unsigned,test.test-unsigned.example,cold,2895600,2,False,1788708497.6872478,
bind,unsigned,test.test-unsigned.example,cold,3330400,2,False,1788708497.6907835,
bind,unsigned,test.test-unsigned.example,cold,2572800,2,False,1788708497.6931787,
bind,unsigned,test.test-unsigned.example,cold,2667500,2,False,1788708497.6959007,
bind,unsigned,test.test-unsigned.example,cold,2607600,2,False,1788708497.6990252,
bind,unsigned,test.test-unsigned.example,cold,2597100,2,False,1788708497.701345,
bind,unsigned,test.test-unsigned.example,cold,2445800,2,False,1788708497.704049,
bind,unsigned,test.test-unsigned.example,cold,2620400,2,False,1788708497.7067816,
bind,unsigned,test.test-unsigned.example,cold,2531400,2,False,1788708497.7092,
bind,unsigned,test.test-unsigned.example,cold,2706500,2,False,1788708497.711877,
bind,unsigned,test.test-unsigned.example,cold,2596700,2,False,1788708497.7146163,
bind,unsigned,test.test-unsigned.example,cold,2482300,2,False,1788708497.7172556,
bind,unsigned,test.test-unsigned.example,cold,2462000,2,False,1788708497.719937,
bind,unsigned,test.test-unsigned.example,cold,4212000,2,False,1788708497.723972,
bind,unsigned,test.test-unsigned.example,cold,4469400,2,False,1788708497.7284553,
bind,unsigned,test.test-unsigned.example,cold,2889000,2,False,1788708497.7316291,
bind,unsigned,test.test-unsigned.example,cold,2918800,2,False,1788708497.7348437,
bind,unsigned,test.test-unsigned.example,cold,2757500,2,False,1788708497.737359,
bind,unsigned,test.test-unsigned.example,cold,2636200,2,False,1788708497.7400062,
bind,unsigned,test.test-unsigned.example,cold,2657400,2,False,1788708497.7431655,
bind,unsigned,test.test-unsigned.example,cold,2799300,2,False,1788708497.745913,
bind,unsigned,test.test-unsigned.example,cold,2402100,2,False,1788708497.7485237,
bind,unsigned,test.test-unsigned.example,cold,2495500,2,False,1788708497.7511325,
bind,unsigned,test.test-unsigned.example,cold,3545300,2,False,1788708497.7543726,
bind,unsigned,test.test-unsigned.example,cold,2536000,2,False,1788708497.7569962,
bind,unsigned,test.test-unsigned.example,cold,2616800,2,False,1788708497.759656,
bind,unsigned,test.test-unsigned.example,cold,2712900,2,False,1788708497.7627954,
bind,unsigned,test.test-unsigned.example,cold,2523100,2,False,1788708497.7654884,
bind,unsigned,test.test-unsigned.example,cold,3197300,2,False,1788708497.768558,
bind,unsigned,test.test-unsigned.example,cold,3713900,2,False,1788708497.772164,
bind,unsigned,test.test-unsigned.example,cold,3067100,2,False,1788708497.7753847,
bind,unsigned,test.test-unsigned.example,cold,2756300,2,False,1788708497.778547,
bind,unsigned,test.test-unsigned.example,cold,3133800,2,False,1788708497.7813869,
bind,unsigned,test.test-unsigned.example,cold,2774300,2,False,1788708497.784508,
bind,unsigned,test.test-unsigned.example,cold,2552000,2,False,1788708497.787219,
bind,unsigned,test.test-unsigned.example,cold,2543400,2,False,1788708497.7898483,
bind,unsigned,test.test-unsigned.example,cold,2576800,2,False,1788708497.7925205,
bind,unsigned,test.test-unsigned.example,cold,2797500,2,False,1788708497.795366,
bind,unsigned,test.test-unsigned.example,cold,2806800,2,False,1788708497.7979472,
bind,unsigned,test.test-unsigned.example,cold,2638400,2,False,1788708497.8005388,
bind,unsigned,test.test-unsigned.example,cold,2944200,2,False,1788708497.8038404,
bind,unsigned,test.test-unsigned.example,cold,2983100,2,False,1788708497.8070462,
bind,unsigned,test.test-unsigned.example,cold,3182600,2,False,1788708497.8103025,
bind,unsigned,test.test-unsigned.example,cold,2745200,2,False,1788708497.8129122,
bind,unsigned,test.test-unsigned.example,cold,4087600,2,False,1788708497.8169932,
bind,unsigned,test.test-unsigned.example,cold,3060200,2,False,1788708497.8203323,
bind,unsigned,test.test-unsigned.example,cold,3101000,2,False,1788708497.8234775,
bind,unsigned,test.test-unsigned.example,cold,2884400,2,False,1788708497.8266163,
bind,unsigned,test.test-unsigned.example,cold,2701700,2,False,1788708497.8292449,
bind,unsigned,test.test-unsigned.example,cold,2465800,2,False,1788708497.8318725,
bind,unsigned,test.test-unsigned.example,cold,2442400,2,False,1788708497.8342505,
bind,unsigned,test.test-unsigned.example,cold,2504200,2,False,1788708497.8368633,
bind,unsigned,test.test-unsigned.example,cold,2519300,2,False,1788708497.839463,
bind,unsigned,test.test-unsigned.example,cold,2777400,2,False,1788708497.8423464,
bind,unsigned,test.test-unsigned.example,cold,3383400,2,False,1788708497.8457649,
bind,unsigned,test.test-unsigned.example,cold,2268200,2,False,1788708497.8479428,
bind,unsigned,test.test-unsigned.example,cold,2703700,2,False,1788708497.8507814,
bind,unsigned,test.test-unsigned.example,cold,2452700,2,False,1788708497.8534029,
bind,unsigned,test.test-unsigned.example,cold,2562800,2,False,1788708497.8560362,
bind,unsigned,test.test-unsigned.example,cold,2757900,2,False,1788708497.85866,
bind,unsigned,test.test-unsigned.example,cold,5388400,2,False,1788708497.864578,
bind,unsigned,test.test-unsigned.example,cold,2935600,2,False,1788708497.867361,
bind,unsigned,test.test-unsigned.example,cold,2811100,2,False,1788708497.870052,
bind,unsigned,test.test-unsigned.example,cold,2944200,2,False,1788708497.873412,
bind,unsigned,test.test-unsigned.example,cold,2638100,2,False,1788708497.8760445,
bind,unsigned,test.test-unsigned.example,cold,2627000,2,False,1788708497.879193,
bind,unsigned,test.test-unsigned.example,cold,2587000,2,False,1788708497.8818123,
bind,unsigned,test.test-unsigned.example,cold,2531300,2,False,1788708497.884413,
bind,unsigned,test.test-unsigned.example,cold,2639100,2,False,1788708497.8870413,
bind,unsigned,test.test-unsigned.example,cold,2867900,2,False,1788708497.8898323,
bind,unsigned,test.test-unsigned.example,cold,2757700,2,False,1788708497.8929553,
bind,unsigned,test.test-unsigned.example,cold,2793100,2,False,1788708497.8957825,
bind,unsigned,test.test-unsigned.example,cold,2419900,2,False,1788708497.8978615,
bind,unsigned,test.test-unsigned.example,cold,2599500,2,False,1788708497.9010048,
bind,unsigned,test.test-unsigned.example,cold,2614600,2,False,1788708497.9036374,
bind,unsigned,test.test-unsigned.example,cold,4098200,2,False,1788708497.9074993,
bind,unsigned,test.test-unsigned.example,cold,3620500,2,False,1788708497.9112444,
bind,unsigned,test.test-unsigned.example,cold,2785300,2,False,1788708497.9138994,
bind,unsigned,test.test-unsigned.example,cold,2801300,2,False,1788708497.917201,
bind,unsigned,test.test-unsigned.example,cold,2785000,2,False,1788708497.9198232,
bind,unsigned,test.test-unsigned.example,cold,2529100,2,False,1788708497.9224865,
bind,unsigned,test.test-unsigned.example,cold,2555500,2,False,1788708497.9252026,
bind,unsigned,test.test-unsigned.example,cold,2762200,2,False,1788708497.9278107,
bind,unsigned,test.test-unsigned.example,cold,2645800,2,False,1788708497.930947,
bind,unsigned,test.test-unsigned.example,cold,2422200,2,False,1788708497.9332964,
bind,unsigned,test.test-unsigned.example,cold,2746100,2,False,1788708497.936061,
bind,unsigned,test.test-unsigned.example,cold,2498800,2,False,1788708497.9387717,
bind,unsigned,test.test-unsigned.example,cold,2342300,2,False,1788708497.9408584,
bind,unsigned,test.test-unsigned.example,cold,2481100,2,False,1788708497.9434955,
bind,unsigned,test.test-unsigned.example,cold,2597400,2,False,1788708497.9462464,
bind,unsigned,test.test-unsigned.example,cold,2578600,2,False,1788708497.9488502,
bind,unsigned,test.test-unsigned.example,cold,2822500,2,False,1788708497.9515338,
bind,unsigned,test.test-unsigned.example,cold,4822600,2,False,1788708497.9566712,
bind,unsigned,test.test-unsigned.example,cold,3106200,2,False,1788708497.9593987,
bind,unsigned,test.test-unsigned.example,cold,2806800,2,False,1788708497.9623268,
bind,unsigned,test.test-unsigned.example,cold,2805700,2,False,1788708497.9623268,
bind,unsigned,test.test-unsigned.example,cold,2607000,2,False,1788708497.967506,
bind,unsigned,test.test-unsigned.example,cold,2397600,2,False,1788708497.967506,
bind,unsigned,test.test-unsigned.example,cold,2368900,2,False,1788708497.967506,
bind,unsigned,test.test-unsigned.example,cold,2466500,2,False,1788708497.967506,
bind,unsigned,test.test-unsigned.example,cold,2706000,2,False,1788708497.9786196,
bind,unsigned,test.test-unsigned.example,cold,2687500,2,False,1788708497.9812167,
bind,unsigned,test.test-unsigned.example,cold,2869900,2,False,1788708497.9841428,
bind,unsigned,test.test-unsigned.example,cold,3073400,2,False,1788708497.9874375,
bind,unsigned,test.test-unsigned.example,cold,2679300,2,False,1788708497.9900563,
bind,unsigned,test.test-unsigned.example,cold,2362100,2,False,1788708497.9926894,
bind,unsigned,test.test-unsigned.example,cold,2747900,2,False,1788708497.9954429,
bind,unsigned,test.test-unsigned.example,cold,2705500,2,False,1788708497.9982283,
bind,unsigned,test.test-unsigned.example,cold,3744900,2,False,1788708498.0020764,
